date,TICKER,PERMNO,COMNAM,SHRCLS,NAMEENDT,RET,VOL_CHANGE,BA_SPREAD,ILLIQUIDITY,sprtrn,TURNOVER,PRC,SHROUT,MARKET_CAP,TRAN_COST,ASK,BID
2007-12-07,ATO,32986,ATMOS ENERGY CORP,,,-0.011683,-0.0567444097138735,0.0014776505356482,-1.1001396385406139e-09,-0.001778,4.371030640668524,27.07,89750.0,2429532.5,0.0199999999999995,27.11,27.07
2007-12-10,ATO,32986,ATMOS ENERGY CORP,,,0.004433,-0.2128473107315829,0.0003677822728943,5.279724144239254e-10,0.00751,3.44066852367688,27.19,89750.0,2440302.5,0.004999999999999,27.24,27.23
2007-12-11,ATO,32986,ATMOS ENERGY CORP,,,-0.005885,0.8536269430051813,0.0007399186089529,-3.8036521782743655e-10,-0.025271,6.377715877437326,27.03,89750.0,2425942.5,0.0099999999999997,26.99,26.97
2007-12-12,ATO,32986,ATMOS ENERGY CORP,,,-0.00333,-0.1187980433263452,0.0003711952487007,-2.45059511929762e-10,0.00605,5.620055710306406,26.94,89750.0,2417865.0,0.004999999999999,26.9,26.89
2007-12-13,ATO,32986,ATMOS ENERGY CORP,,,0.012621,-0.0993259318001585,0.0003665689149559,1.0183725017961311e-09,0.001224,5.061838440111421,27.28,89750.0,2448380.0,0.004999999999999,27.22,27.21
2007-12-14,ATO,32986,ATMOS ENERGY CORP,,,-0.014663,-0.0228923618754127,0.0003720238095237,-1.2288770261427391e-09,-0.013746,4.945961002785515,26.88,89750.0,2412480.0,0.004999999999999,26.88,26.87
2007-12-17,ATO,32986,ATMOS ENERGY CORP,,,-0.005208,-0.1908087407073665,0.0018698578908003,-5.422171433901981e-10,-0.015021,4.002228412256267,26.74,89750.0,2399915.0,0.0250000000000003,26.73,26.68
2007-12-18,ATO,32986,ATMOS ENERGY CORP,,,0.015333,0.2544543429844097,0.0007366482504603,1.2533319600875934e-09,0.00628,5.020612813370474,27.15,89750.0,2436712.5,0.0099999999999997,27.13,27.11
2007-12-19,ATO,32986,ATMOS ENERGY CORP,,,0.010313,1.515978695073236,0.0003645643456069,3.316355381710317e-10,-0.001361,12.631754874651811,27.43,89750.0,2461842.5,0.004999999999999,27.45,27.44
2007-12-20,ATO,32986,ATMOS ENERGY CORP,,,0.02078,-0.3989591602716767,0.0010714285714284,1.0891441989181935e-09,0.0049,7.592200557103064,28.0,89750.0,2513000.0,0.0149999999999987,27.97,27.94
2007-12-21,ATO,32986,ATMOS ENERGY CORP,,,0.023214,0.2986498385676548,0.0013961605584641,9.156534976886787e-10,0.01667,9.859610027855153,28.65,89750.0,2571337.5,0.0199999999999995,28.59,28.55
2007-12-24,ATO,32986,ATMOS ENERGY CORP,,,0.003839,-0.5800655441292801,0.0017385257301808,3.5921422379785345e-10,0.008077,4.140389972144847,28.76,89750.0,2581210.0,0.0250000000000003,28.82,28.77
2007-12-26,ATO,32986,ATMOS ENERGY CORP,,,-0.012865,-0.0610871905274488,0.0014089468122578,-1.2988034350599795e-09,0.000809,3.887465181058496,28.39,89750.0,2548002.5,0.0199999999999995,28.46,28.42
2007-12-27,ATO,32986,ATMOS ENERGY CORP,,,-0.00634,-0.1931785611923187,0.000708968450904,-7.983765503962604e-10,-0.014216,3.136490250696379,28.21,89750.0,2531847.5,0.0100000000000015,28.17,28.15
2007-12-28,ATO,32986,ATMOS ENERGY CORP,,,-0.003899,0.1346358792184725,0.001067615658363,-4.344221928571588e-10,0.001436,3.558774373259053,28.1,89750.0,2521975.0,0.0150000000000005,28.16,28.13
2007-12-31,ATO,32986,ATMOS ENERGY CORP,,,-0.002135,-0.1609267376330619,0.0010699001426532,-2.8410905529414273e-10,-0.006852,2.982815421600926,28.04,89848.0,2519337.92,0.0149999999999987,27.9,27.87
2008-01-02,ATO,32986,ATMOS ENERGY CORP,,,-0.00321,0.5279850746268657,0.0007155635062611,-2.804589566664701e-10,-0.014438,4.557697444573057,27.95,89848.0,2511251.6,0.0099999999999997,27.9,27.88
2008-01-03,ATO,32986,ATMOS ENERGY CORP,,,-0.005725,0.3225885225885225,0.0003598416696654,-3.803717796961065e-10,0.0,6.027958329623364,27.79,89848.0,2496875.92,0.0050000000000007,27.76,27.75
2008-01-04,ATO,32986,ATMOS ENERGY CORP,,,-0.004318,-0.2320901033973412,0.0010842067220815,-3.752187726175106e-10,-0.024552,4.628928857626213,27.67,89848.0,2486094.16,0.0149999999999987,27.7,27.67
2008-01-07,ATO,32986,ATMOS ENERGY CORP,,,0.009758,-0.0911276749218562,0.0010737294201861,9.239375381107663e-10,0.003223,4.207105333452052,27.94,89848.0,2510353.12,0.0150000000000005,27.93,27.9
2008-01-08,ATO,32986,ATMOS ENERGY CORP,,,0.002147,0.247089947089947,0.0010714285714284,1.6266137341657068e-10,-0.018352,5.246638767696554,28.0,89848.0,2515744.0,0.0149999999999987,27.99,27.96
2008-01-09,ATO,32986,ATMOS ENERGY CORP,,,0.006071,0.3101400084853627,0.0003549875754349,3.489523268240016e-10,0.013624,6.873831359629596,28.17,89848.0,2531018.16,0.0050000000000007,28.14,28.13
2008-01-10,ATO,32986,ATMOS ENERGY CORP,,,-0.005325,-0.0663860103626943,0.0003568879371877,-3.2959213762133634e-10,0.007948,6.417505119757813,28.02,89848.0,2517540.96,0.0050000000000007,28.05,28.04
2008-01-11,ATO,32986,ATMOS ENERGY CORP,,,-0.006067,0.1231356226153312,0.0010771992818671,-3.363891313098606e-10,-0.013595,7.207728608316267,27.85,89848.0,2502266.8000000003,0.0150000000000005,27.82,27.79
2008-01-14,ATO,32986,ATMOS ENERGY CORP,,,0.000718,0.3747683755404571,0.0010764262648009,2.8936839946348358e-11,0.010871,9.908957350191434,27.87,89848.0,2504063.76,0.0150000000000005,27.87,27.84
2008-01-15,ATO,32986,ATMOS ENERGY CORP,,,-0.011123,-0.2262158822868696,0.0003628447024674,-5.858501416089804e-10,-0.024925,7.667393820674918,27.56,89848.0,2476210.88,0.0050000000000007,27.59,27.58
2008-01-16,ATO,32986,ATMOS ENERGY CORP,,,0.001451,-0.1920452895921033,0.0007246376811594,9.445286339941779e-11,-0.005612,6.194906953966699,27.6,89848.0,2479804.8000000003,0.0099999999999997,27.59,27.57
2008-01-17,ATO,32986,ATMOS ENERGY CORP,,,-0.008696,0.4985627021200143,0.0007309941520467,-3.8105294006706807e-10,-0.029093,9.283456504318403,27.36,89848.0,2458241.28,0.0099999999999997,27.4,27.38
2008-01-18,ATO,32986,ATMOS ENERGY CORP,,,-0.016082,0.0794868720776884,0.00074294205052,-6.634825664406704e-10,-0.006045,10.021369423915948,26.92,89848.0,2418708.16,0.0099999999999997,26.93,26.91
2008-01-22,ATO,32986,ATMOS ENERGY CORP,,,-0.000371,0.4868947134606842,0.0104050538833147,-1.0297801311168248e-11,-0.011085,14.900721218057162,26.91,89848.0,2417809.68,0.1400000000000005,27.07,26.79
2008-01-23,ATO,32986,ATMOS ENERGY CORP,,,0.034931,-0.2269943232745742,0.0010771992818671,1.211957616352667e-09,0.021442,11.518342088861187,27.85,89848.0,2502266.8000000003,0.0150000000000005,27.89,27.86
2008-01-24,ATO,32986,ATMOS ENERGY CORP,,,-0.010413,0.0897671272586724,0.003265602322206,-3.3501524089310633e-10,0.010063,12.552310568960912,27.56,89848.0,2476210.88,0.0449999999999999,27.65,27.56
2008-01-25,ATO,32986,ATMOS ENERGY CORP,,,-0.003266,-0.3193828693030679,0.004368401892974,-1.548897058195847e-10,-0.015872,8.54331760306295,27.47,89848.0,2468124.56,0.0599999999999987,27.56,27.44
2008-01-28,ATO,32986,ATMOS ENERGY CORP,,,0.012013,0.1332725377800938,0.0007194244604316,4.967493989634133e-10,0.017556,9.6819072210845,27.8,89848.0,2497774.4,0.0099999999999997,27.8,27.78
2008-01-29,ATO,32986,ATMOS ENERGY CORP,,,0.018705,-0.1499022876192666,0.0003531073446328,8.931538717181788e-10,0.006152,8.230567180126435,28.32,89848.0,2544495.36,0.0050000000000007,28.28,28.27
2008-01-30,ATO,32986,ATMOS ENERGY CORP,,,-0.002472,0.1768762677484787,0.0003539823008848,-1.0054512786253138e-10,-0.004764,9.68635918440032,28.25,89848.0,2538206.0,0.004999999999999,28.27,28.26
2008-01-31,ATO,32986,ATMOS ENERGY CORP,,,0.017345,-0.1683327588187981,0.0034794711203897,8.33813575340693e-10,0.016772,8.05582761998041,28.74,89848.0,2582231.52,0.0500000000000007,28.75,28.65
2008-02-01,ATO,32986,ATMOS ENERGY CORP,,,0.007655,0.0088422216081791,0.0006906077348066,3.6199686455387227e-10,0.012238,8.127059033033568,28.96,89848.0,2601998.08,0.0099999999999997,28.94,28.92
2008-02-04,ATO,32986,ATMOS ENERGY CORP,,,-0.001726,-0.0493015612161051,0.0006918021445866,-8.600190878396389e-11,-0.010463,7.726382334609563,28.91,89848.0,2597505.68,0.0099999999999997,28.88,28.86
2008-02-05,ATO,32986,ATMOS ENERGY CORP,,,-0.020062,-0.0498415442235666,0.000705965407695,-1.0736111286520278e-09,-0.031995,7.341287507790936,28.33,89848.0,2545393.84,0.0099999999999997,28.29,28.27
2008-02-06,ATO,32986,ATMOS ENERGY CORP,,,-0.024709,0.1701030927835052,0.0003619254433587,-1.1586960067309315e-09,-0.007624,8.590063217879084,27.63,89848.0,2482500.24,0.0050000000000007,27.59,27.58
2008-02-07,ATO,32986,ATMOS ENERGY CORP,,,-0.006153,-0.2262244104690334,0.0003641660597231,-3.7520324271216627e-10,0.007886,6.64678123052266,27.46,89848.0,2467226.08,0.004999999999999,27.47,27.46
2008-02-08,ATO,32986,ATMOS ENERGY CORP,,,0.001821,-0.1555592766242465,0.0025445292620865,1.3125939169597298e-10,-0.004204,5.612812750422936,27.51,89848.0,2471718.48,0.0350000000000001,27.55,27.48
2008-02-11,ATO,32986,ATMOS ENERGY CORP,,,0.016358,0.4186000396589331,0.0003576537911302,8.177943409711466e-10,0.005889,7.962336390348144,27.96,89848.0,2512150.08,0.0050000000000007,27.91,27.9
2008-02-12,ATO,32986,ATMOS ENERGY CORP,,,-0.011803,-0.1723511322337154,0.0014477017734346,-7.214669832734943e-10,0.007266,6.590018698245927,27.63,89848.0,2482500.24,0.0199999999999995,27.61,27.57
2008-02-13,ATO,32986,ATMOS ENERGY CORP,,,-0.004343,-0.3563587231886506,0.0007270083605961,-4.142478758946557e-10,0.013604,4.241608049149675,27.51,89848.0,2471718.48,0.0099999999999997,27.53,27.51
2008-02-14,ATO,32986,ATMOS ENERGY CORP,,,-0.009815,0.4395171870900025,0.0029368575624081,-6.567913091286162e-10,-0.013421,6.105867687650254,27.24,89848.0,2447459.52,0.0399999999999991,27.34,27.26
2008-02-15,ATO,32986,ATMOS ENERGY CORP,,,-0.007342,0.1308786000729129,0.0007396449704141,-4.3765904035953134e-10,0.000838,6.904995102840353,27.04,89848.0,2429489.92,0.0099999999999997,27.06,27.04
2008-02-19,ATO,32986,ATMOS ENERGY CORP,,,0.007027,-0.006769825918762,0.0003672420124861,4.1879416126918647e-10,-0.000896,6.858249488024219,27.23,89848.0,2446561.04,0.004999999999999,27.18,27.17
2008-02-20,ATO,32986,ATMOS ENERGY CORP,,,0.015424,-0.1962025316455696,0.0010849909584085,1.12624675566966e-09,0.008341,5.512643575816935,27.65,89848.0,2484297.2,0.0149999999999987,27.63,27.6
2008-02-21,ATO,32986,ATMOS ENERGY CORP,,,-0.017179,0.6577831617201695,0.0003724394785846,-7.792154186587596e-10,-0.012867,9.13876769655418,26.85,89848.0,2412418.8000000003,0.004999999999999,26.83,26.82
2008-02-22,ATO,32986,ATMOS ENERGY CORP,,,-0.004842,-0.3680428693216416,0.0007485029940119,-3.492244649263816e-10,0.007881,5.77530941145045,26.72,89848.0,2400738.56,0.0099999999999997,26.75,26.73
2008-02-25,ATO,32986,ATMOS ENERGY CORP,,,0.013099,-0.2987088070919252,0.0011082379017362,1.3297433612570303e-09,0.013813,4.050173626569317,27.07,89848.0,2432185.36,0.0150000000000005,27.11,27.08
2008-02-26,ATO,32986,ATMOS ENERGY CORP,,,0.002216,0.1008518823852706,0.0003685956505712,2.0389614619721723e-10,0.006918,4.458641260796011,27.13,89848.0,2437576.24,0.004999999999999,27.08,27.07
2008-02-27,ATO,32986,ATMOS ENERGY CORP,,,-0.014375,-0.2880678981527709,0.0007479431563201,-1.8849373899196564e-09,-0.000919,3.174249844181284,26.74,89848.0,2402535.52,0.0099999999999997,26.78,26.76
2008-02-28,ATO,32986,ATMOS ENERGY CORP,,,-0.004862,0.4463534361851333,0.0007515971439309,-4.4294125015658266e-10,-0.008942,4.591087169441724,26.61,89848.0,2390855.28,0.0100000000000015,26.6,26.58
2008-02-29,ATO,32986,ATMOS ENERGY CORP,,,-0.022924,0.1796363636363636,0.0003846153846153,-1.8119447342628602e-09,-0.02709,5.409190955779364,26.0,89958.0,2338908.0,0.004999999999999,26.02,26.01
2008-03-03,ATO,32986,ATMOS ENERGY CORP,,,0.002692,0.132963419646527,0.0007671653241274,1.8730355999916783e-10,0.000534,6.128415482780853,26.07,89958.0,2345205.06,0.0100000000000015,26.1,26.08
2008-03-04,ATO,32986,ATMOS ENERGY CORP,,,0.010357,-0.0629421367676401,0.0015186028853454,7.611386993574891e-10,-0.003448,5.742679917294738,26.34,89958.0,2369493.72,0.0199999999999995,26.32,26.28
2008-03-05,ATO,32986,ATMOS ENERGY CORP,,,-0.003797,-0.0663956639566395,0.0007621951219512,-3.0002642318565004e-10,0.005238,5.361390871295494,26.24,89958.0,2360497.92,0.0099999999999997,26.28,26.26
2008-03-06,ATO,32986,ATMOS ENERGY CORP,,,-0.014101,-0.2154260833506116,0.0030923850019328,-1.4404638250612306e-09,-0.022014,4.206407434580582,25.87,89958.0,2327213.46,0.0400000000000009,25.82,25.74
2008-03-07,ATO,32986,ATMOS ENERGY CORP,,,-0.003479,0.6812896405919662,0.0007757951900698,-2.1211815987526792e-10,-0.00841,7.072189243869361,25.78,89958.0,2319117.24,0.0099999999999997,25.81,25.79
2008-03-10,ATO,32986,ATMOS ENERGY CORP,,,-0.006982,-0.0339515875510845,0.0007812499999999,-4.4375915229417505e-10,-0.015463,6.832077191578292,25.6,89958.0,2302924.8000000003,0.0099999999999997,25.63,25.61
2008-03-11,ATO,32986,ATMOS ENERGY CORP,,,0.016797,0.2572404816140579,0.0003841721091049,8.351156874122753e-10,0.03713,8.589564018764312,26.03,89958.0,2341606.74,0.0050000000000007,26.01,26.0
2008-03-12,ATO,32986,ATMOS ENERGY CORP,,,-0.01383,-0.5154652517147664,0.0015582391897155,-1.438998931207735e-09,-0.008996,4.161942239711865,25.67,89958.0,2309221.8600000003,0.0199999999999995,25.72,25.68
2008-03-13,ATO,32986,ATMOS ENERGY CORP,,,0.007012,0.9957264957264956,0.0007736943907156,3.6303165602905907e-10,0.005127,8.306098401476245,25.85,89958.0,2325414.3000000003,0.0099999999999997,25.88,25.86
2008-03-14,ATO,32986,ATMOS ENERGY CORP,,,0.001934,-0.0196734475374732,0.0050193050193049,1.0194104392056609e-10,-0.020783,8.142688810333711,25.9,89958.0,2329912.2,0.0649999999999995,25.88,25.75
2008-03-17,ATO,32986,ATMOS ENERGY CORP,,,-0.011197,0.1032081911262798,0.0003904724716906,-5.410370332287192e-10,-0.008959,8.983080993352454,25.61,89958.0,2303824.38,0.004999999999999,25.61,25.6
2008-03-18,ATO,32986,ATMOS ENERGY CORP,,,0.002733,-0.158272491028338,0.0007788161993769,1.564616783958539e-10,0.04241,7.561306387425243,25.68,89958.0,2310121.44,0.0099999999999997,25.7,25.68
2008-03-19,ATO,32986,ATMOS ENERGY CORP,,,-0.015576,-0.3321082034695678,0.0003955696202532,-1.3562386980108499e-09,-0.024287,5.050134507214477,25.28,89958.0,2274138.24,0.0050000000000007,25.34,25.33
2008-03-20,ATO,32986,ATMOS ENERGY CORP,,,-0.002373,0.2628219238388729,0.0003965107057891,-1.640090473832021e-10,0.023944,6.377420574045666,25.22,89958.0,2268740.76,0.0050000000000007,25.25,25.24
2008-03-24,ATO,32986,ATMOS ENERGY CORP,,,-0.004362,0.1795363430364303,0.0003982477100755,-2.567099913329481e-10,0.015321,7.522399341915116,25.11,89958.0,2258845.38,0.004999999999999,25.18,25.17
2008-03-25,ATO,32986,ATMOS ENERGY CORP,,,-0.000398,-0.0802423525934683,0.0007968127490039,-2.5476500168989853e-11,0.002304,6.918784321572289,25.1,89958.0,2257945.8000000003,0.0099999999999997,25.08,25.06
2008-03-26,ATO,32986,ATMOS ENERGY CORP,,,0.005578,0.0692480719794343,0.001188589540412,3.3207876065206023e-10,-0.008766,7.397896796282709,25.24,89958.0,2270539.92,0.0150000000000005,25.23,25.2
2008-03-27,ATO,32986,ATMOS ENERGY CORP,,,0.002377,-0.1864763335837715,0.000790513833992,1.7353633019940984e-10,-0.01146,6.01836412548078,25.3,89958.0,2275937.4,0.0099999999999997,25.29,25.27
2008-03-28,ATO,32986,ATMOS ENERGY CORP,,,-0.0083,-0.379756187661618,0.000797130330809,-9.851372462351734e-10,-0.00795,3.732853109228752,25.09,89958.0,2257046.22,0.0099999999999997,25.08,25.06
2008-03-31,ATO,32986,ATMOS ENERGY CORP,,,0.016341,0.5854675402025016,0.0007843137254901,1.203650506032616e-09,0.005687,5.918317437026168,25.5,89958.0,2293929.0,0.0099999999999997,25.48,25.46
2008-04-01,ATO,32986,ATMOS ENERGY CORP,,,0.030196,-0.1421863260706235,0.0007613247049866,2.516855790647876e-09,0.035896,5.076813624135708,26.27,89958.0,2363196.66,0.0099999999999997,26.25,26.23
2008-04-02,ATO,32986,ATMOS ENERGY CORP,,,0.019414,0.0928399386906064,0.0007468259895445,1.4525024805665883e-09,-0.001934,5.548144689744103,26.78,89958.0,2409075.24,0.0100000000000015,26.76,26.74
2008-04-03,ATO,32986,ATMOS ENERGY CORP,,,-0.002241,0.1112001602885193,0.0052395209580838,-1.5122567702676147e-10,0.001302,6.165099268547545,26.72,89958.0,2403677.76,0.0700000000000002,26.76,26.62
2008-04-04,ATO,32986,ATMOS ENERGY CORP,,,-0.010479,-0.2670393076090877,0.0011346444780635,-9.749847876693594e-10,0.000796,4.518775428533315,26.44,89958.0,2378489.52,0.0150000000000005,26.48,26.45
2008-04-07,ATO,32986,ATMOS ENERGY CORP,,,0.014372,-0.3744157441574416,0.0007457121551081,2.107230651438069e-09,0.001562,2.8268747637786524,26.82,89958.0,2412673.56,0.0099999999999997,26.79,26.77
2008-04-08,ATO,32986,ATMOS ENERGY CORP,,,-0.015287,1.1124655918206845,0.0003786444528588,-1.0775014428242647e-09,-0.0051,5.971675670868628,26.41,89958.0,2375790.78,0.0050000000000007,26.39,26.38
2008-04-09,ATO,32986,ATMOS ENERGY CORP,,,-0.006058,-0.1720029784065525,0.0011428571428571,-5.188420692017813e-10,-0.008092,4.944529669401276,26.25,89958.0,2361397.5,0.0150000000000005,26.3,26.27
2008-04-10,ATO,32986,ATMOS ENERGY CORP,,,-0.007619,-0.4170413669064748,0.0003838771593089,-1.1279444954783772e-09,0.004474,2.882456257364548,26.05,89958.0,2343405.9,0.004999999999999,26.06,26.05
2008-04-11,ATO,32986,ATMOS ENERGY CORP,,,-0.009213,0.680678750482067,0.0003874467260752,-8.190790930083735e-10,-0.020374,4.844482980946664,25.81,89958.0,2321815.98,0.0050000000000007,25.82,25.81
2008-04-14,ATO,32986,ATMOS ENERGY CORP,,,0.000775,-0.1450206516750802,0.0007742934572202,8.052568831799812e-11,-0.003384,4.141932902020943,25.83,89958.0,2323615.14,0.0099999999999997,25.87,25.85
2008-04-15,ATO,32986,ATMOS ENERGY CORP,,,0.018196,-0.1089640365002684,0.0007604562737642,2.083925053827477e-09,0.0046,3.6906111741034704,26.3,89958.0,2365895.4,0.0099999999999997,26.28,26.26
2008-04-16,ATO,32986,ATMOS ENERGY CORP,,,0.029278,0.3602409638554216,0.0022164758034725,2.394965255907412e-09,0.022691,5.020120500678094,27.07,89958.0,2435163.06,0.0300000000000011,27.12,27.06
2008-04-17,ATO,32986,ATMOS ENERGY CORP,,,0.001478,-0.4991142604074402,0.00073773515308,2.4101957476841407e-10,0.000623,2.514506769825919,27.11,89958.0,2438761.38,0.0099999999999997,27.12,27.1
2008-04-18,ATO,32986,ATMOS ENERGY CORP,,,0.009222,0.4403183023872679,0.0003654970760234,1.0345653883019395e-09,0.018139,3.62169012205696,27.36,89958.0,2461250.88,0.0050000000000007,27.35,27.34
2008-04-21,ATO,32986,ATMOS ENERGY CORP,,,-0.012792,-0.3830570902394107,0.0066641984450204,-2.3562306939939326e-09,-0.001554,2.234376042153005,27.01,89958.0,2429765.58,0.0900000000000016,27.17,26.99
2008-04-22,ATO,32986,ATMOS ENERGY CORP,,,-0.007405,0.4636815920398009,0.0044759418127564,-9.388270202657319e-10,-0.00881,3.2704150825940994,26.81,89958.0,2411773.98,0.0600000000000005,26.91,26.79
2008-04-23,ATO,32986,ATMOS ENERGY CORP,,,0.01865,1.2824609109449354,0.0021969974368364,1.0169769718788143e-09,0.0029,7.464594588585784,27.31,89958.0,2456752.98,0.0300000000000011,27.39,27.33
2008-04-24,ATO,32986,ATMOS ENERGY CORP,,,0.012083,0.479523454951601,0.0003617945007236,4.4001640183624815e-10,0.006442,11.044042775517465,27.64,89958.0,2486439.12,0.0050000000000007,27.66,27.65
2008-04-25,ATO,32986,ATMOS ENERGY CORP,,,0.008683,-0.7359838953195772,0.0010760401721664,1.1873499574178534e-09,0.006495,2.9158051535160854,27.88,89958.0,2508029.04,0.0150000000000005,27.91,27.88
2008-04-28,ATO,32986,ATMOS ENERGY CORP,,,0.006815,0.099123141441098,0.0007125044531528,8.421293527985693e-10,-0.001052,3.2048289201627425,28.07,89958.0,2525121.06,0.0099999999999997,28.04,28.02
2008-04-29,ATO,32986,ATMOS ENERGY CORP,,,-0.004631,0.1442941380506417,0.001073729420186,-5.024190102942194e-10,-0.003889,3.6672669467973935,27.94,89958.0,2513426.52,0.0149999999999987,27.99,27.96
2008-04-30,ATO,32986,ATMOS ENERGY CORP,,,-0.009306,0.167626553501061,0.0018063583815029,-8.727918534925181e-10,-0.003846,4.2819982658574,27.68,89958.0,2490037.44,0.0250000000000003,27.61,27.56
2008-05-01,ATO,32986,ATMOS ENERGY CORP,,,0.015173,0.1661474558670821,0.000355871886121,1.2020579091972124e-09,0.017141,4.993441383756864,28.1,89958.0,2527819.8000000003,0.0050000000000007,28.05,28.04
2008-05-02,ATO,32986,ATMOS ENERGY CORP,,,-0.004626,0.1845503116651825,0.0014301036825169,-3.1082783477370605e-10,0.003236,5.914982547411014,27.97,89958.0,2516125.26,0.0199999999999995,27.96,27.92
2008-05-05,ATO,32986,ATMOS ENERGY CORP,,,0.016804,0.0569441834241684,0.0003516174402249,1.050600900700834e-09,-0.004534,6.251806398541541,28.44,89958.0,2558405.52,0.004999999999999,28.43,28.42
2008-05-06,ATO,32986,ATMOS ENERGY CORP,,,-0.000352,-0.3445945945945946,0.0003517411185368,-3.3590036279147696e-11,0.007652,4.0974677071522265,28.43,89958.0,2557505.94,0.0050000000000007,28.46,28.45
2008-05-07,ATO,32986,ATMOS ENERGY CORP,,,-0.018642,0.4270211611502985,0.0010752688172042,-1.270289055153522e-09,-0.018114,5.847173125236221,27.9,89958.0,2509828.2,0.0149999999999987,27.97,27.94
2008-05-08,ATO,32986,ATMOS ENERGY CORP,,,-0.008961,0.2754752851711026,0.0003616636528028,-4.830627504496538e-10,0.003669,7.457924809355477,27.65,89958.0,2487338.7,0.004999999999999,27.65,27.64
2008-05-09,ATO,32986,ATMOS ENERGY CORP,,,0.007595,-0.3164406021761812,0.0003589375448671,5.944462828753449e-10,-0.006725,5.0979345916983485,27.86,89958.0,2506229.88,0.004999999999999,27.86,27.85
2008-05-12,ATO,32986,ATMOS ENERGY CORP,,,0.004307,-0.2341910161360663,0.0007147962830593,4.3830119463788806e-10,0.011021,3.90404410947331,27.98,89958.0,2517024.84,0.0099999999999997,28.03,28.01
2008-05-13,ATO,32986,ATMOS ENERGY CORP,,,0.005361,0.0367312072892938,0.0017774617845716,5.234261261789903e-10,-0.000385,4.047444362924921,28.13,89958.0,2530518.54,0.0250000000000003,28.09,28.04
2008-05-14,ATO,32986,ATMOS ENERGY CORP,,,0.014575,-0.2930513595166163,0.0003503854239662,1.984020028869363e-09,0.004006,2.861335289801908,28.54,89958.0,2567401.32,0.004999999999999,28.56,28.55
2008-05-15,ATO,32986,ATMOS ENERGY CORP,,,-0.007008,-0.2703962703962703,0.0003528581510233,-1.3167358479079906e-09,0.010585,2.08764089908624,28.34,89958.0,2549409.72,0.0050000000000007,28.32,28.31
2008-05-16,ATO,32986,ATMOS ENERGY CORP,,,-0.002117,0.3876464323748669,0.0010608203677511,-2.872546327102834e-10,0.00125,2.896907445696881,28.28,89958.0,2544012.24,0.0150000000000005,28.26,28.23
2008-05-19,ATO,32986,ATMOS ENERGY CORP,,,-0.002475,0.6788181120491175,0.000354484225452,-2.005367903985416e-10,0.000898,4.863380688765869,28.21,89958.0,2537715.18,0.0050000000000007,28.21,28.2
2008-05-20,ATO,32986,ATMOS ENERGY CORP,,,-0.005672,-0.0838857142857143,0.0003565062388591,-5.045168130761651e-10,-0.009274,4.455412525845395,28.05,89958.0,2523321.9,0.004999999999999,28.06,28.05
2008-05-21,ATO,32986,ATMOS ENERGY CORP,,,-0.001069,0.1477045908183631,0.0010706638115632,-8.293765322906001e-11,-0.016053,5.113497409902399,28.02,89958.0,2520623.16,0.0150000000000005,28.05,28.02
2008-05-22,ATO,32986,ATMOS ENERGY CORP,,,-0.005889,0.3973913043478261,0.0007264802034144,-3.3278172976880345e-10,0.002617,7.145556815402744,27.53,89958.0,2476543.74,0.0099999999999997,27.57,27.55
2008-05-23,ATO,32986,ATMOS ENERGY CORP,,,-0.007991,-0.4951773490976976,0.0003661662394727,-9.017055222269677e-10,-0.01321,3.607238933724627,27.31,89958.0,2456752.98,0.0050000000000007,27.3,27.29
2008-05-27,ATO,32986,ATMOS ENERGY CORP,,,0.008422,-0.0656394453004622,0.0007262164124909,1.0086072932055654e-09,0.006846,3.370461771048712,27.54,89958.0,2477443.32,0.0099999999999997,27.52,27.5
2008-05-28,ATO,32986,ATMOS ENERGY CORP,,,0.000726,-0.0059366754617413,0.0014513788098693,8.740054876950622e-11,0.003963,3.350452433357789,27.56,89958.0,2479242.48,0.0199999999999995,27.55,27.51
2008-05-29,ATO,32986,ATMOS ENERGY CORP,,,-0.005806,0.1738553417385533,0.0007299270072992,-5.989197575437482e-10,0.005335,3.932946486137976,27.4,89958.0,2464849.2,0.0099999999999997,27.44,27.42
2008-05-30,ATO,32986,ATMOS ENERGY CORP,,,-0.000365,0.4790842283776144,0.0007301935012778,-2.5465376262794867e-11,0.001516,5.802259699076384,27.39,90189.0,2470276.71,0.0099999999999997,27.39,27.37
2008-06-02,ATO,32986,ATMOS ENERGY CORP,,,-0.008397,-0.0026753296388305,0.0003681885125183,-5.923891434407134e-10,-0.010504,5.786736741731254,27.16,90189.0,2449533.24,0.004999999999999,27.18,27.17
2008-06-03,ATO,32986,ATMOS ENERGY CORP,,,-0.003682,-0.4757616401609503,0.0025868440502586,-4.973245505979781e-10,-0.005788,3.0336293783055583,27.06,90189.0,2440514.34,0.0350000000000001,27.11,27.04
2008-06-04,ATO,32986,ATMOS ENERGY CORP,,,0.005913,0.2993421052631579,0.0011021307861866,6.1105479031613e-10,-0.000327,3.941722382995709,27.22,90189.0,2454944.58,0.0150000000000005,27.21,27.18
2008-06-05,ATO,32986,ATMOS ENERGY CORP,,,0.00698,-0.2278481012658227,0.0007296607077708,9.276924845611636e-10,0.019496,3.0436084223131425,27.41,90189.0,2472080.49,0.0099999999999997,27.4,27.38
2008-06-06,ATO,32986,ATMOS ENERGY CORP,,,-0.012769,0.0211293260473588,0.0011086474501109,-1.683472385594676e-09,-0.030889,3.1079178170286843,27.06,90189.0,2440514.34,0.0150000000000005,27.1,27.07
2008-06-09,ATO,32986,ATMOS ENERGY CORP,,,0.003326,-0.1084552265429896,0.0003683241252302,4.902145020070642e-10,0.000794,2.7708478861058445,27.15,90189.0,2448631.35,0.0050000000000007,27.12,27.11
2008-06-10,ATO,32986,ATMOS ENERGY CORP,,,-0.003683,0.489795918367347,0.000739371534196,-3.6571385447805837e-10,-0.002438,4.127997871137279,27.05,90189.0,2439612.45,0.0100000000000015,27.1,27.08
2008-06-11,ATO,32986,ATMOS ENERGY CORP,,,-0.007394,-0.1702927746441042,0.001117318435754,-8.914915845437013e-10,-0.016894,3.425029659936356,26.85,90189.0,2421574.65,0.0149999999999987,26.9,26.87
2008-06-12,ATO,32986,ATMOS ENERGY CORP,,,-0.011173,1.3887989640660408,0.0011299435028249,-5.703057666830261e-10,0.00328,8.18170730355143,26.55,90189.0,2394517.95,0.0150000000000005,26.53,26.5
2008-06-13,ATO,32986,ATMOS ENERGY CORP,,,-0.00452,-0.652934001897276,0.0003783579265984,-6.677773636179232e-10,0.015046,2.839592411491424,26.43,90189.0,2383695.27,0.004999999999999,26.43,26.42
2008-06-16,ATO,32986,ATMOS ENERGY CORP,,,0.009081,-0.0390472471690745,0.0003749531308587,1.3835633406449954e-09,8.1e-05,2.728714144740489,26.67,90189.0,2405340.6300000004,0.0050000000000007,26.69,26.68
2008-06-17,ATO,32986,ATMOS ENERGY CORP,,,0.007874,0.0767980495733442,0.0007440476190476,1.1054020664869723e-09,-0.006771,2.938274068899755,26.88,90189.0,2424280.32,0.0099999999999997,26.88,26.86
2008-06-18,ATO,32986,ATMOS ENERGY CORP,,,0.016369,0.919245283018868,0.0021961932650072,1.178053727713489e-09,-0.009712,5.639268646952511,27.32,90189.0,2463963.48,0.0299999999999993,27.33,27.27
2008-06-19,ATO,32986,ATMOS ENERGY CORP,,,0.004392,-0.0965395202516712,0.0007288629737609,3.4833146689423475e-10,0.003752,5.094856357205424,27.44,90189.0,2474786.16,0.0099999999999997,27.44,27.42
2008-06-20,ATO,32986,ATMOS ENERGY CORP,,,-0.008746,0.0291621327529922,0.0018382352941176,-6.79941039642755e-10,-0.018543,5.243433234651676,27.2,90189.0,2453140.8,0.0250000000000003,27.19,27.14
2008-06-23,ATO,32986,ATMOS ENERGY CORP,,,0.017279,-0.5020088813702686,0.0010842067220815,2.651664253481853e-09,5.3e-05,2.611183181984499,27.67,90189.0,2495529.6300000004,0.0149999999999987,27.63,27.6
2008-06-24,ATO,32986,ATMOS ENERGY CORP,,,-0.014095,0.2343949044585986,0.0007331378299121,-1.7773611476797335e-09,-0.002815,3.2232312144496555,27.28,90189.0,2460355.92,0.0100000000000015,27.26,27.24
2008-06-25,ATO,32986,ATMOS ENERGY CORP,,,0.005865,0.0343997248022016,0.0003644314868805,7.108050118237232e-10,0.005843,3.33410948120059,27.44,90189.0,2474786.16,0.0050000000000007,27.42,27.41
2008-06-26,ATO,32986,ATMOS ENERGY CORP,,,-0.01312,0.0804788826072497,0.0003692762186115,-1.4911985189852756e-09,-0.029365,3.6024348867378504,27.08,90189.0,2442318.12,0.0050000000000007,27.14,27.13
2008-06-27,ATO,32986,ATMOS ENERGY CORP,,,-0.01034,0.7873191751308095,0.0003731343283582,-6.644065705568936e-10,-0.003717,6.438700950226746,26.8,90189.0,2417065.2,0.0050000000000007,26.82,26.81
2008-06-30,ATO,32986,ATMOS ENERGY CORP,,,0.028731,-0.137248148785948,0.0003627130939427,2.0800618567000928e-09,0.001267,5.5550011642218005,27.57,90189.0,2486510.73,0.0050000000000007,27.62,27.61
2008-07-01,ATO,32986,ATMOS ENERGY CORP,,,0.006529,0.3620758483033932,0.0007207207207207,3.4478206224982306e-10,0.003836,7.566332923083746,27.75,90189.0,2502744.75,0.0099999999999997,27.73,27.71
2008-07-02,ATO,32986,ATMOS ENERGY CORP,,,-0.000721,-0.4413833528722157,0.001081860800577,-6.820755834347774e-11,-0.018204,4.22667952854561,27.73,90189.0,2500940.97,0.0150000000000005,27.73,27.7
2008-07-03,ATO,32986,ATMOS ENERGY CORP,,,-0.018752,-0.5320041972717733,0.0003675119441382,-3.8629955025107825e-09,0.001094,1.9780682788366653,27.21,90189.0,2454042.69,0.0050000000000007,27.17,27.16
2008-07-07,ATO,32986,ATMOS ENERGY CORP,,,-0.020581,0.8010089686098654,0.0007504690431519,-2.4035797350001078e-09,-0.008385,3.562518710707514,26.65,90189.0,2403536.85,0.0099999999999997,26.68,26.66
2008-07-08,ATO,32986,ATMOS ENERGY CORP,,,-0.002627,0.4263927793339557,0.0003762227238525,-2.1565286833091247e-10,0.01708,5.081550965195312,26.58,90189.0,2397223.62,0.0050000000000007,26.6,26.59
2008-07-09,ATO,32986,ATMOS ENERGY CORP,,,0.005267,0.0366572114335588,0.0014970059880239,4.1489847079152576e-10,-0.022776,5.267826453336881,26.72,90189.0,2409850.08,0.0199999999999995,26.7,26.66
2008-07-10,ATO,32986,ATMOS ENERGY CORP,,,0.002246,-0.3310881919595875,0.0007468259895444,2.639035828377602e-10,0.00699,3.5237113173446875,26.78,90189.0,2415261.42,0.0099999999999997,26.82,26.8
2008-07-11,ATO,32986,ATMOS ENERGY CORP,,,-0.003734,0.1777847702957835,0.0007496251874062,-3.7391136117754636e-10,-0.01109,4.150173524487466,26.68,90189.0,2406242.52,0.0099999999999997,26.68,26.66
2008-07-14,ATO,32986,ATMOS ENERGY CORP,,,-0.015742,0.632380443494523,0.0007616146230007,-9.811241730996716e-10,-0.009028,6.774662098482077,26.26,90189.0,2368363.14,0.0099999999999997,26.29,26.27
2008-07-15,ATO,32986,ATMOS ENERGY CORP,,,-0.00952,-0.4988543371522095,0.0011534025374856,-1.1953398820882584e-09,-0.010901,3.3950925279136035,26.01,90189.0,2345815.89,0.0150000000000005,25.98,25.95
2008-07-16,ATO,32986,ATMOS ENERGY CORP,,,-0.007305,0.1691704768125408,0.0011618900077459,-7.902799354361307e-10,0.025064,3.9694419496834414,25.82,90189.0,2328679.98,0.0150000000000005,25.77,25.74
2008-07-17,ATO,32986,ATMOS ENERGY CORP,,,-0.012781,0.1340782122905028,0.0015692428403295,-1.2350057107297943e-09,0.012013,4.501657630087927,25.49,90189.0,2298917.61,0.0199999999999995,25.48,25.44
2008-07-18,ATO,32986,ATMOS ENERGY CORP,,,0.000785,-0.029064039408867,0.000392003136025,7.806252201412842e-11,0.000286,4.370821275321824,25.51,90189.0,2300721.39,0.004999999999999,25.54,25.53
2008-07-21,ATO,32986,ATMOS ENERGY CORP,,,0.0,-0.1615930999492643,0.000392003136025,0.0,-0.000539,3.664526716118373,25.51,90189.0,2300721.39,0.004999999999999,25.52,25.51
2008-07-22,ATO,32986,ATMOS ENERGY CORP,,,0.009408,0.5043872919818457,0.0011650485436892,7.348335142819205e-10,0.013492,5.512867422856446,25.75,90189.0,2322366.75,0.0149999999999987,25.79,25.76
2008-07-23,ATO,32986,ATMOS ENERGY CORP,,,0.010097,0.0229283990345936,0.0015378700499807,7.63265527657093e-10,0.004064,5.639268646952511,26.01,90189.0,2345815.89,0.0199999999999995,25.98,25.94
2008-07-24,ATO,32986,ATMOS ENERGY CORP,,,-0.002307,-0.2121510027526543,0.0007707129094412,-2.2186606963824864e-10,-0.023125,4.442892148709931,25.95,90189.0,2340404.55,0.0099999999999997,25.98,25.96
2008-07-25,ATO,32986,ATMOS ENERGY CORP,,,-0.006936,-0.4846518592463189,0.0003880481179666,-1.303390676133913e-09,0.004168,2.2896362084067903,25.77,90189.0,2324170.53,0.0050000000000007,25.76,25.75
2008-07-28,ATO,32986,ATMOS ENERGY CORP,,,0.004657,0.995641646489104,0.000386249517188,4.3648726074860415e-10,-0.018597,4.569293372805996,25.89,90189.0,2334993.21,0.004999999999999,25.86,25.85
2008-07-29,ATO,32986,ATMOS ENERGY CORP,,,-0.009656,0.4018442125697645,0.0003900156006239,-6.51893827181164e-10,0.023356,6.405437470201466,25.64,90189.0,2312445.96,0.004999999999999,25.65,25.64
2008-07-30,ATO,32986,ATMOS ENERGY CORP,,,0.027691,-0.4324043621256708,0.0007590132827324,3.20491564686554e-09,0.016672,3.63569836676313,26.35,90189.0,2376480.15,0.0099999999999997,26.31,26.29
2008-07-31,ATO,32986,ATMOS ENERGY CORP,,,0.004554,0.4376334248246416,0.0030222893842084,3.6496356214694737e-10,-0.013144,5.226801494639036,26.47,90189.0,2387302.83,0.0399999999999991,26.52,26.44
2008-08-01,ATO,32986,ATMOS ENERGY CORP,,,-0.000756,-0.077428935086975,0.0007561436672967,-6.572138566065424e-11,-0.005578,4.822095820998126,26.45,90189.0,2385499.05,0.0099999999999997,26.46,26.44
2008-08-04,ATO,32986,ATMOS ENERGY CORP,,,-0.008696,-0.4532076339388365,0.0007627765064835,-1.3946813499540344e-09,-0.008966,2.6366851833372142,26.22,90189.0,2364755.58,0.0099999999999997,26.19,26.17
2008-08-05,ATO,32986,ATMOS ENERGY CORP,,,0.030511,0.6652649285113541,0.0011102886750555,2.851516646853434e-09,0.028719,4.390779363336993,27.02,90189.0,2436906.78,0.0150000000000005,27.01,26.98
2008-08-06,ATO,32986,ATMOS ENERGY CORP,,,-0.00148,0.0148989898989899,0.0007412898443291,-1.3649029231240562e-10,0.003354,4.456197540720043,26.98,90189.0,2433299.22,0.0099999999999997,26.96,26.94
2008-08-07,ATO,32986,ATMOS ENERGY CORP,,,-0.015196,0.9313262005474,0.0003763643206624,-7.368245576894935e-10,-0.017934,8.606371065207508,26.57,90189.0,2396321.73,0.0050000000000007,26.51,26.5
2008-08-08,ATO,32986,ATMOS ENERGY CORP,,,0.004893,-0.3634372584385468,0.001123595505618,3.7089339600544856e-10,0.023893,5.478495160163656,26.7,90189.0,2408046.3,0.0150000000000005,26.67,26.64
2008-08-11,ATO,32986,ATMOS ENERGY CORP,,,0.014232,0.1789111515887471,0.0003692762186115,9.022384795329051e-10,0.006943,6.4586590382419145,27.08,90189.0,2442318.12,0.0050000000000007,27.09,27.08
2008-08-12,ATO,32986,ATMOS ENERGY CORP,,,-0.013294,0.2068669527896995,0.000374251497006,-7.077239546511529e-10,-0.012051,7.794742152590671,26.72,90189.0,2409850.08,0.0050000000000007,26.71,26.7
2008-08-13,ATO,32986,ATMOS ENERGY CORP,,,0.002994,-0.5395448079658606,0.0003731343283582,3.451233176102804e-10,-0.002916,3.5891294947277386,26.8,90189.0,2417065.2,0.0050000000000007,26.82,26.81
2008-08-14,ATO,32986,ATMOS ENERGY CORP,,,-0.003358,-0.2570281124497992,0.0011231748408836,-5.227472093814286e-10,0.005522,2.6666223153599664,26.71,90189.0,2408948.19,0.0150000000000005,26.71,26.68
2008-08-15,ATO,32986,ATMOS ENERGY CORP,,,-0.000749,-0.1717255717255716,0.0007493443237168,-1.408782375662259e-10,0.004076,2.208695073678608,26.69,90189.0,2407144.41,0.0100000000000015,26.67,26.65
2008-08-18,ATO,32986,ATMOS ENERGY CORP,,,0.018734,0.7806224899598393,0.0003677822728943,1.9424959403452383e-09,-0.015098,3.9328521216556345,27.19,90189.0,2452238.91,0.004999999999999,27.18,27.17
2008-08-19,ATO,32986,ATMOS ENERGY CORP,,,0.008459,0.1336340569495349,0.0010940919037199,7.672157351874938e-10,-0.009315,4.458415106055062,27.42,90189.0,2472982.3800000004,0.0150000000000005,27.42,27.39
2008-08-20,ATO,32986,ATMOS ENERGY CORP,,,0.004376,0.1051977120119374,0.0007262164124909,3.5755209507878885e-10,0.006197,4.927430174411514,27.54,90189.0,2483805.06,0.0099999999999997,27.56,27.54
2008-08-21,ATO,32986,ATMOS ENERGY CORP,,,-0.005991,-0.3233573357335734,0.0011090573012938,-7.365438745207576e-10,0.002495,3.33410948120059,27.05,90189.0,2439612.45,0.0149999999999987,27.08,27.05
2008-08-22,ATO,32986,ATMOS ENERGY CORP,,,-0.007394,0.047888260724975,0.0,-8.739503347050122e-10,0.011333,3.493774185321935,26.85,90189.0,2421574.65,0.0,26.87,26.87
2008-08-25,ATO,32986,ATMOS ENERGY CORP,,,-0.005959,-0.268168835290384,0.0003746721618582,-9.682009594596922e-10,-0.019625,2.556852831276541,26.69,90189.0,2407144.41,0.004999999999999,26.7,26.69
2008-08-26,ATO,32986,ATMOS ENERGY CORP,,,0.013114,0.0988725065047702,0.0003698224852071,1.9139116302312223e-09,0.003686,2.809655279468672,27.04,90189.0,2438710.56,0.0050000000000007,27.0,26.99
2008-08-27,ATO,32986,ATMOS ENERGY CORP,,,0.013683,-0.1361483820047355,0.0010944910616563,2.280481376068762e-09,0.007983,2.4271252591779486,27.41,90189.0,2472080.49,0.0150000000000005,27.41,27.38
2008-08-28,ATO,32986,ATMOS ENERGY CORP,,,0.007297,0.3111009593421654,0.0003621876131836,9.208651614637427e-10,0.01484,3.1822062557518103,27.61,90189.0,2490118.29,0.0050000000000007,27.62,27.61
2008-08-29,ATO,32986,ATMOS ENERGY CORP,,,-0.002535,-0.035191637630662,0.0007262164124909,-3.324230057176757e-10,-0.013724,3.055347133336276,27.54,90628.0,2495895.12,0.0099999999999997,27.52,27.5
2008-09-02,ATO,32986,ATMOS ENERGY CORP,,,-0.001452,0.5334055615745756,0.0010909090909091,-1.2435233160621758e-10,-0.004093,4.685086286798782,27.5,90628.0,2492270.0,0.0150000000000005,27.53,27.5
2008-09-03,ATO,32986,ATMOS ENERGY CORP,,,-0.008364,-0.1610927932171455,0.0014668133480014,-8.610630855337077e-10,-0.002035,3.9303526503950215,27.27,90628.0,2471425.56,0.0199999999999995,27.27,27.23
2008-09-04,ATO,32986,ATMOS ENERGY CORP,,,-0.019435,0.3287478944413251,0.0007479431563201,-1.5356301756899986e-09,-0.029922,5.222447808624266,26.74,90628.0,2423392.72,0.0099999999999997,26.78,26.76
2008-09-05,ATO,32986,ATMOS ENERGY CORP,,,-0.010471,0.6613141770547222,0.0026455026455026,-5.032804309706982e-10,0.004431,8.67612658339586,26.46,90628.0,2398016.88,0.0350000000000001,26.45,26.38
2008-09-08,ATO,32986,ATMOS ENERGY CORP,,,0.00189,-0.1832633854762813,0.0003772161448509,1.1101502861544523e-10,0.02051,7.086110252901973,26.51,90628.0,2402548.2800000003,0.004999999999999,26.52,26.51
2008-09-09,ATO,32986,ATMOS ENERGY CORP,,,-0.014711,-0.3027094363126752,0.0007656967840734,-1.2577227992971595e-09,-0.034138,4.941077812596548,26.12,90628.0,2367203.36,0.0099999999999997,26.15,26.13
2008-09-10,ATO,32986,ATMOS ENERGY CORP,,,0.009571,0.1694953104064314,0.0011376564277588,6.930500712927015e-10,0.006149,5.778567330184932,26.37,90628.0,2389860.36,0.0150000000000005,26.35,26.32
2008-09-11,ATO,32986,ATMOS ENERGY CORP,,,0.018582,0.5547068932594996,0.0003723008190618,8.496799090894626e-10,0.013806,8.983978461402657,26.86,90628.0,2434268.08,0.0050000000000007,26.85,26.84
2008-09-12,ATO,32986,ATMOS ENERGY CORP,,,0.021966,-0.3839351510685335,0.0003642987249543,1.595332095763502e-09,0.002122,5.534713333627576,27.45,90628.0,2487738.6,0.004999999999999,27.4,27.39
2008-09-15,ATO,32986,ATMOS ENERGY CORP,,,-0.035701,0.1844098883572567,0.0022667170381564,-2.270214469483862e-09,-0.047136,6.555369201571258,26.47,90628.0,2398923.16,0.0300000000000011,26.55,26.49
2008-09-16,ATO,32986,ATMOS ENERGY CORP,,,0.003778,0.2647702407002188,0.0011290929619872,1.89234016963342e-10,0.017515,8.291035882950082,26.57,90628.0,2407985.96,0.0150000000000005,26.48,26.45
2008-09-17,ATO,32986,ATMOS ENERGY CORP,,,-0.026722,-0.1676869842959808,0.0050270688321733,-1.652275876772199e-09,-0.047133,6.900737079048418,25.86,90628.0,2343640.08,0.0650000000000012,25.92,25.79
2008-09-18,ATO,32986,ATMOS ENERGY CORP,,,0.092421,1.165813879117365,0.0017699115044248,2.4153117925499074e-09,0.043342,14.945712141942888,28.25,90628.0,2560241.0,0.0250000000000003,28.41,28.36
2008-09-19,ATO,32986,ATMOS ENERGY CORP,,,-0.00531,-0.476781100036914,0.0003558718861209,-2.6664028718816016e-10,0.040257,7.819879066072295,28.1,90628.0,2546646.8000000003,0.004999999999999,28.11,28.1
2008-09-22,ATO,32986,ATMOS ENERGY CORP,,,-0.035943,0.1028643996049103,0.0055370985603543,-1.69754293376678e-09,-0.038237,8.62426623118683,27.09,90628.0,2455112.52,0.0749999999999992,27.24,27.09
2008-09-23,ATO,32986,ATMOS ENERGY CORP,,,-0.009228,-0.5884083930399181,0.0018628912071535,-1.0687447969917638e-09,-0.015633,3.549675596945756,26.84,90628.0,2432455.52,0.0250000000000003,26.84,26.79
2008-09-24,ATO,32986,ATMOS ENERGY CORP,,,0.01006,0.9714019272614236,0.0022132054592402,5.851163386932549e-10,-0.001978,6.997837312971709,27.11,90628.0,2456925.08,0.0300000000000011,27.19,27.13
2008-09-25,ATO,32986,ATMOS ENERGY CORP,,,0.003689,-0.4585304320403658,0.0003675119441381,3.9480243503953475e-10,0.019656,3.789115946506598,27.21,90628.0,2465987.88,0.004999999999999,27.22,27.21
2008-09-26,ATO,32986,ATMOS ENERGY CORP,,,0.009188,-0.1383226557949912,0.0010924981791697,1.1307731519895476e-09,0.003167,3.2649953656706536,27.46,90628.0,2488644.88,0.0150000000000005,27.46,27.43
2008-09-29,ATO,32986,ATMOS ENERGY CORP,,,-0.041879,0.3291652585332882,0.0030406689471684,-4.047170570762282e-09,-0.087897,4.339718409321622,26.31,90628.0,2384422.68,0.0400000000000009,26.17,26.09
2008-09-30,ATO,32986,ATMOS ENERGY CORP,,,0.011783,-0.0727180269514365,0.0015026296018031,1.2137019878013835e-09,0.054203,4.024142649070927,26.62,90628.0,2412517.36,0.0199999999999995,26.68,26.64
2008-10-01,ATO,32986,ATMOS ENERGY CORP,,,0.028174,-0.1557444474910885,0.000365363536719,3.343212823488829e-09,-0.004544,3.3974047755660504,27.37,90628.0,2480488.36,0.0050000000000007,27.28,27.27
2008-10-02,ATO,32986,ATMOS ENERGY CORP,,,0.018633,0.8639168561221175,0.0039454806312768,1.1645383358295316e-09,-0.040291,6.332480028247341,27.88,90628.0,2526708.64,0.0549999999999997,28.05,27.94
2008-10-03,ATO,32986,ATMOS ENERGY CORP,,,-0.009326,0.2129290817215543,0.0003620564808109,-4.8506518316958e-10,-0.013506,7.6808491856821295,27.62,90628.0,2503145.36,0.004999999999999,27.81,27.8
2008-10-06,ATO,32986,ATMOS ENERGY CORP,,,-0.005069,0.4212038500215487,0.0003639010189227,-1.8645651116142135e-10,-0.038518,10.91605243412632,27.48,90628.0,2490457.44,0.004999999999999,27.4,27.39
2008-10-07,ATO,32986,ATMOS ENERGY CORP,,,-0.022926,-0.0706560194076619,0.0003724394785847,-9.287086671778897e-10,-0.057395,10.144767621485634,26.85,90628.0,2433361.8000000003,0.0050000000000007,26.85,26.84
2008-10-08,ATO,32986,ATMOS ENERGY CORP,,,-0.04581,-0.3050902762671307,0.0042935206869632,-2.7986479982610627e-09,-0.011333,7.049697665180739,25.62,90628.0,2321889.36,0.0549999999999997,25.75,25.64
2008-10-09,ATO,32986,ATMOS ENERGY CORP,,,-0.128806,0.5830333385506339,0.0004480286738351,-5.705831655329956e-09,-0.076167,11.159906430683671,22.32,90628.0,2022816.96,0.0050000000000007,22.48,22.47
2008-10-10,ATO,32986,ATMOS ENERGY CORP,,,-0.051523,0.0743523828356733,0.0004723665564477,-2.2398069287557683e-09,-0.011759,11.98967206602816,21.17,90628.0,1918594.76,0.004999999999999,21.4,21.39
2008-10-13,ATO,32986,ATMOS ENERGY CORP,,,0.092112,-0.1962083563408798,0.0004325259515571,4.56157893861083e-09,0.1158,9.637198216886611,23.12,90628.0,2095319.36,0.0050000000000007,23.01,23.0
2008-10-14,ATO,32986,ATMOS ENERGY CORP,,,0.041522,0.1843370735058391,0.0008305647840531,1.6669910558514671e-09,-0.005322,11.413691132983184,24.08,90628.0,2182322.24,0.0099999999999997,24.12,24.1
2008-10-15,ATO,32986,ATMOS ENERGY CORP,,,-0.102575,-0.0144044856921886,0.0050902360018509,-4.655855882026535e-09,-0.09035,11.249282782363066,21.61,90628.0,1958471.08,0.0549999999999997,21.74,21.63
2008-10-16,ATO,32986,ATMOS ENERGY CORP,,,0.015733,0.394114762138303,0.0013667425968109,5.043026636559588e-10,0.042507,15.682791190360597,21.95,90628.0,1989284.6,0.0150000000000005,22.0,21.97
2008-10-17,ATO,32986,ATMOS ENERGY CORP,,,-0.017768,-0.2402729895166396,0.0023191094619666,-7.632142419007712e-10,-0.006213,11.914640067087436,21.56,90628.0,1953939.68,0.0250000000000003,21.53,21.48
2008-10-20,ATO,32986,ATMOS ENERGY CORP,,,0.059369,-0.2214298944248934,0.0004378283712783,3.091879692450437e-09,0.047685,9.27638257492166,22.84,90628.0,2069943.52,0.004999999999999,22.81,22.8
2008-10-21,ATO,32986,ATMOS ENERGY CORP,,,-0.014448,-0.1527298679671702,0.0013327410039981,-9.010923312165437e-10,-0.0308,7.859601889040914,22.51,90628.0,2040036.28,0.0149999999999987,22.58,22.55
2008-10-22,ATO,32986,ATMOS ENERGY CORP,,,-0.009329,0.0101081005194441,0.0004484304932734,-5.814326715425823e-10,-0.061013,7.939047534978153,22.3,90628.0,2021004.4,0.004999999999999,22.33,22.32
2008-10-23,ATO,32986,ATMOS ENERGY CORP,,,0.007175,0.0214037526059762,0.0022261798753339,4.346942605938474e-10,0.012634,8.108972944343911,22.46,90628.0,2035504.88,0.0250000000000003,22.48,22.43
2008-10-24,ATO,32986,ATMOS ENERGY CORP,,,-0.015583,-0.2853449448904612,0.0004522840343734,-1.3419539428110431e-09,-0.034511,5.795118506421856,22.11,90628.0,2003785.08,0.004999999999999,22.22,22.21
2008-10-27,ATO,32986,ATMOS ENERGY CORP,,,-0.028494,-0.0639756283320639,0.0004655493482308,-2.698405843875431e-09,-0.031764,5.424372158714746,21.48,90628.0,1946689.44,0.004999999999999,21.61,21.6
2008-10-28,ATO,32986,ATMOS ENERGY CORP,,,0.071695,-0.098454027664768,0.0004344048653345,7.027224011768137e-09,0.10789,4.890320872136647,23.02,90628.0,2086256.56,0.0050000000000007,23.03,23.02
2008-10-29,ATO,32986,ATMOS ENERGY CORP,,,0.007819,0.7574458483754514,0.0064655172413794,4.326946489523244e-10,-0.011079,8.594474113960365,23.2,90628.0,2102569.6,0.075000000000001,23.3,23.15
2008-10-30,ATO,32986,ATMOS ENERGY CORP,,,0.031034,-0.2097830273462575,0.0016722408026755,2.107892813575715e-09,0.025804,6.791499315884716,23.92,90628.0,2167821.76,0.0199999999999995,23.82,23.78
2008-10-31,ATO,32986,ATMOS ENERGY CORP,,,0.014632,0.1249390739236393,0.0008240626287597,8.707166655122171e-10,0.015365,7.640022950964382,24.27,90628.0,2199541.56,0.0099999999999997,24.19,24.17
2008-11-03,ATO,32986,ATMOS ENERGY CORP,,,-0.018129,0.4978336221837087,0.0020981955518254,-7.33549072587855e-10,-0.002529,11.443483250209647,23.83,90628.0,2159665.24,0.0250000000000003,23.87,23.82
2008-11-04,ATO,32986,ATMOS ENERGY CORP,,,-0.005455,-0.1217818918137113,0.00084388185654,-2.527105581590997e-10,0.040826,10.0498742110606,23.7,90628.0,2147883.6,0.0099999999999997,23.77,23.75
2008-11-05,ATO,32986,ATMOS ENERGY CORP,,,-0.005063,1.028985507246377,0.0046649703138252,-1.1618823641724403e-10,-0.052677,20.391049123891072,23.58,90628.0,2137008.24,0.0549999999999997,23.7,23.59
2008-11-06,ATO,32986,ATMOS ENERGY CORP,,,-0.017388,-0.6885281385281385,0.0012947777298229,-1.303775490280469e-09,-0.050264,6.351238027982522,23.17,90628.0,2099850.76,0.0149999999999987,23.13,23.1
2008-11-07,ATO,32986,ATMOS ENERGY CORP,,,0.018127,-0.2169909659485753,0.0008478168715557,1.7049452441414432e-09,0.028855,4.973076753321269,23.59,90628.0,2137914.52,0.0099999999999997,23.61,23.59
2008-11-10,ATO,32986,ATMOS ENERGY CORP,,,0.012717,0.0843132904370977,0.0012557555462537,1.0892465235459946e-09,-0.012653,5.392373217990025,23.89,90628.0,2165102.92,0.0150000000000005,23.85,23.82
2008-11-11,ATO,32986,ATMOS ENERGY CORP,,,-0.025534,0.4182525066502967,0.0017182130584192,-1.582486374032498e-09,-0.022041,7.64774683320828,23.28,90628.0,2109819.8400000003,0.0199999999999995,23.24,23.2
2008-11-12,ATO,32986,ATMOS ENERGY CORP,,,-0.003007,0.363151060453037,0.0017233950883241,-1.3712555648259587e-10,-0.051894,10.425034205764224,23.21,90628.0,2103475.88,0.0200000000000013,23.26,23.22
2008-11-13,ATO,32986,ATMOS ENERGY CORP,,,0.012495,1.3197502116850126,0.0,2.425980415474629e-10,0.069213,24.183475305645054,23.5,90628.0,2129758.0,0.0,23.49,23.49
2008-11-14,ATO,32986,ATMOS ENERGY CORP,,,-0.050213,-0.1019300086690696,0.0008960573476702,-1.1429590915654704e-09,-0.041699,21.718453458092423,22.32,90628.0,2022816.96,0.0099999999999997,22.3,22.28
2008-11-17,ATO,32986,ATMOS ENERGY CORP,,,0.067652,-0.1599349692628155,0.0004196391103651,1.7169292467141701e-09,-0.02581,18.24491327183652,23.83,90628.0,2159665.24,0.0050000000000007,23.87,23.86
2008-11-18,ATO,32986,ATMOS ENERGY CORP,,,-0.000839,-0.5549440580586634,0.0008399832003359,-4.788326573460378e-11,0.009838,8.120007061835194,23.81,90628.0,2157852.68,0.0099999999999997,23.77,23.75
2008-11-19,ATO,32986,ATMOS ENERGY CORP,,,-0.01386,0.1284141867101509,0.002129471890971,-7.108497208299279e-10,-0.061156,9.162731164761444,23.48,90628.0,2127945.44,0.0250000000000003,23.53,23.48
2008-11-20,ATO,32986,ATMOS ENERGY CORP,,,0.000426,1.2620423892100194,0.0021285653469561,9.654693758553243e-12,-0.067123,20.726486295626074,23.49,90628.0,2128851.72,0.0250000000000003,23.54,23.49
2008-11-21,ATO,32986,ATMOS ENERGY CORP,,,0.037037,-0.3405025553662691,0.0066583437369954,1.2441731765978135e-09,0.063248,13.66906474820144,24.03,90628.0,2177790.8400000003,0.08,24.05,23.89
2008-11-24,ATO,32986,ATMOS ENERGY CORP,,,0.033708,-0.3746367452373265,0.0048309178743961,1.7516520342298623e-09,0.064723,8.548130820496977,24.84,90628.0,2251199.52,0.0600000000000005,24.85,24.73
2008-11-25,ATO,32986,ATMOS ENERGY CORP,,,-0.033414,0.6695495030334322,0.0012494793835902,-1.075978148633626e-09,0.006551,14.271527563225494,24.01,90628.0,2175978.2800000003,0.0150000000000005,23.98,23.95
2008-11-26,ATO,32986,ATMOS ENERGY CORP,,,0.019992,-0.4610329364465749,0.0032666394446712,1.1710417403863955e-09,0.035328,7.691883303173412,24.49,90628.0,2219479.72,0.0399999999999991,24.56,24.48
2008-11-28,ATO,32986,ATMOS ENERGY CORP,,,0.017967,-0.453593458614259,0.0008022462896108,1.8920922926541388e-09,0.009643,4.17955976913117,24.93,91134.0,2271970.62,0.0099999999999997,24.93,24.91
2008-12-01,ATO,32986,ATMOS ENERGY CORP,,,-0.069394,0.4137568915725913,0.0004310344827585,-5.554541670668843e-09,-0.089295,5.90888142734874,23.2,91134.0,2114308.8,0.004999999999999,23.22,23.21
2008-12-02,ATO,32986,ATMOS ENERGY CORP,,,0.001724,0.410213556174559,0.0034423407917384,9.768559923882294e-11,0.039941,8.33278469067527,23.24,91134.0,2117954.16,0.0400000000000009,23.32,23.24
2008-12-03,ATO,32986,ATMOS ENERGY CORP,,,0.02883,-0.4466684224387675,0.000836470096194,2.8695184285191317e-09,0.025836,4.610792898369434,23.91,91134.0,2179013.94,0.0099999999999997,23.93,23.91
2008-12-04,ATO,32986,ATMOS ENERGY CORP,,,-0.031786,0.5147548786292242,0.0008639308855291,-2.1571804499159315e-09,-0.029308,6.9842210371540805,23.15,91134.0,2109752.1,0.0099999999999997,23.19,23.17
2008-12-05,ATO,32986,ATMOS ENERGY CORP,,,0.039309,0.0871956009426551,0.00166251039069,2.3609689648710593e-09,0.036499,7.593214387605065,24.06,91134.0,2192684.04,0.0200000000000013,24.1,24.06
2008-12-08,ATO,32986,ATMOS ENERGY CORP,,,-0.047382,0.3034682080924855,0.0013089005235602,-2.2918819145354708e-09,0.038387,9.897513551473654,22.92,91134.0,2088791.2800000005,0.0150000000000005,22.98,22.95
2008-12-09,ATO,32986,ATMOS ENERGY CORP,,,-0.018325,-0.1322616407982261,0.0031111111111111,-1.040557613957384e-09,-0.023118,8.58845216933307,22.5,91134.0,2050515.0,0.0350000000000001,22.55,22.48
2008-12-10,ATO,32986,ATMOS ENERGY CORP,,,-0.004889,-0.0199310080490608,0.0008932559178204,-2.846518173787125e-10,0.011894,8.417275660017118,22.39,91134.0,2040490.26,0.0099999999999997,22.41,22.39
2008-12-11,ATO,32986,ATMOS ENERGY CORP,,,0.009826,0.2530308955807587,0.0008845643520565,4.5212907424616465e-10,-0.028524,10.547106458621371,22.61,91134.0,2060539.74,0.0099999999999997,22.58,22.56
2008-12-12,ATO,32986,ATMOS ENERGY CORP,,,0.038036,-0.2052642530170619,0.0012782275244994,2.1215107615245316e-09,0.007028,8.382162529901025,23.47,91134.0,2138914.98,0.0150000000000005,23.44,23.41
2008-12-15,ATO,32986,ATMOS ENERGY CORP,,,-0.017895,-0.2412619452807959,0.0004338394793926,-1.339468164894931e-09,-0.012686,6.359865692277306,23.05,91134.0,2100638.7,0.0050000000000007,23.0,22.99
2008-12-16,ATO,32986,ATMOS ENERGY CORP,,,0.019523,0.2267080745341614,0.0012765957446808,1.168447197534189e-09,0.05136,7.801698597669366,23.5,91134.0,2141649.0,0.0150000000000005,23.46,23.43
2008-12-17,ATO,32986,ATMOS ENERGY CORP,,,-0.009362,-0.2061884669479606,0.0047250859106528,-7.125226192824663e-10,-0.009593,6.193078324225866,23.28,91134.0,2121599.52,0.0549999999999997,23.39,23.28
2008-12-18,ATO,32986,ATMOS ENERGY CORP,,,-0.000859,0.4546420978029766,0.0090283748925193,-4.498215899700782e-11,-0.021163,9.008712445410056,23.26,91134.0,2119776.8400000003,0.1050000000000004,23.32,23.11
2008-12-19,ATO,32986,ATMOS ENERGY CORP,,,-0.003869,-0.1724725943970767,0.001294777729823,-2.4578034720269686e-10,0.002937,7.45495643777295,23.17,91134.0,2111574.7800000003,0.0150000000000005,23.21,23.18
2008-12-22,ATO,32986,ATMOS ENERGY CORP,,,0.020285,-0.0914041801589637,0.0008460236886632,1.3900526911173404e-09,-0.018302,6.7735422564575245,23.64,91134.0,2154407.76,0.0099999999999997,23.64,23.62
2008-12-23,ATO,32986,ATMOS ENERGY CORP,,,-0.015228,-0.2287380528106268,0.0017182130584192,-1.3739208387738e-09,-0.009717,5.2241753900849295,23.28,91134.0,2121599.52,0.0199999999999995,23.34,23.3
2008-12-24,ATO,32986,ATMOS ENERGY CORP,,,0.006443,-0.7796681369460198,0.0017072129748185,2.6214426112383926e-09,0.005781,1.1510522966181669,23.43,91134.0,2135269.62,0.0199999999999995,23.41,23.37
2008-12-26,ATO,32986,ATMOS ENERGY CORP,,,0.005975,0.5605338417540515,0.0008485362749257,1.5485657430303526e-09,0.005356,1.7962560625013717,23.57,91134.0,2148028.38,0.0099999999999997,23.57,23.55
2008-12-29,ATO,32986,ATMOS ENERGY CORP,,,-0.010607,0.7532070861331703,0.0012864493996569,-1.5848279654078087e-09,-0.003873,3.149208857287072,23.32,91134.0,2125244.88,0.0150000000000005,23.32,23.29
2008-12-30,ATO,32986,ATMOS ENERGY CORP,,,0.017581,0.6121951219512196,0.000842815002107,1.6012027828013642e-09,0.024407,5.077139157723791,23.73,91134.0,2162609.82,0.0099999999999997,23.65,23.63
2008-12-31,ATO,32986,ATMOS ENERGY CORP,,,-0.001264,0.4575318781067645,0.0004219409282699,-7.908264136022142e-11,0.014158,7.36590320783774,23.7,91557.0,2169900.9,0.004999999999999,23.77,23.76
2009-01-02,ATO,32986,ATMOS ENERGY CORP,,,0.019409,-0.5886714116251484,0.0012417218543046,2.896008107449973e-09,0.031608,3.02980656858569,24.16,91557.0,2212017.12,0.0150000000000005,24.09,24.06
2009-01-05,ATO,32986,ATMOS ENERGY CORP,,,-0.008692,0.9531362653208364,0.0004175365344466,-6.69846356111346e-10,-0.004668,5.917625086011992,23.95,91557.0,2192790.15,0.004999999999999,23.93,23.92
2009-01-06,ATO,32986,ATMOS ENERGY CORP,,,0.003758,-0.0121816168327796,0.0012479201331115,2.9208295093628206e-10,0.007817,5.84553884465415,24.04,91557.0,2201030.28,0.0150000000000005,24.07,24.04
2009-01-07,ATO,32986,ATMOS ENERGY CORP,,,-0.009151,-0.1229446935724962,0.0020990764063812,-8.18434094367034e-10,-0.03001,5.126860862632022,23.82,91557.0,2180887.74,0.0250000000000003,23.82,23.77
2009-01-08,ATO,32986,ATMOS ENERGY CORP,,,-0.007137,0.1889646357051555,0.000845665961945,-5.407201191902608e-10,0.003397,6.095656257850301,23.65,91557.0,2165323.05,0.0099999999999997,23.64,23.62
2009-01-09,ATO,32986,ATMOS ENERGY CORP,,,0.012685,0.1422684106790896,0.0004175365344468,8.308158336403454e-10,-0.021303,6.962875585700711,23.95,91557.0,2192790.15,0.0050000000000007,23.94,23.93
2009-01-12,ATO,32986,ATMOS ENERGY CORP,,,0.007098,-0.3915294117647059,0.0008291873963515,7.58645545153839e-10,-0.022564,4.23670500344048,24.12,91557.0,2208354.8400000003,0.0099999999999997,24.06,24.04
2009-01-13,ATO,32986,ATMOS ENERGY CORP,,,-0.005804,0.4470224284609436,0.0008340283569641,-4.312043990575316e-10,0.001758,6.130607162751073,23.98,91557.0,2195536.86,0.0099999999999997,24.02,24.0
2009-01-14,ATO,32986,ATMOS ENERGY CORP,,,-0.008757,-0.4051309460181721,0.0004206983592764,-1.103340979989046e-09,-0.03346,3.6469084832399488,23.77,91557.0,2176309.89,0.0050000000000007,23.78,23.77
2009-01-15,ATO,32986,ATMOS ENERGY CORP,,,0.00589,0.8999700509134472,0.001672940192388,3.8830460802199087e-10,0.001329,6.929016896578088,23.91,91557.0,2189127.87,0.0199999999999995,23.8,23.76
2009-01-16,ATO,32986,ATMOS ENERGY CORP,,,0.021748,0.1784363177805801,0.0008186655751125,1.190766380922157e-09,0.007562,8.165405157442905,24.43,91557.0,2236737.51,0.0099999999999997,24.36,24.34
2009-01-20,ATO,32986,ATMOS ENERGY CORP,,,-0.035203,-0.4102461209202782,0.0021213406873144,-3.3875053851453034e-09,-0.052816,4.815579365859519,23.57,91557.0,2157998.49,0.0250000000000003,23.64,23.59
2009-01-21,ATO,32986,ATMOS ENERGY CORP,,,0.023759,0.4220911771376729,0.001243265644426,1.570374718017966e-09,0.043491,6.8481929289950525,24.13,91557.0,2209270.41,0.0150000000000005,24.07,24.04
2009-01-22,ATO,32986,ATMOS ENERGY CORP,,,-0.012433,-0.0650717703349282,0.0016785564414603,-8.900329340104257e-10,-0.015162,6.402568891510207,23.83,91557.0,2181803.31,0.0199999999999995,23.88,23.84
2009-01-23,ATO,32986,ATMOS ENERGY CORP,,,0.003777,-0.08546571136131,0.0020903010033445,2.9453709716963646e-10,0.005378,5.855368786657492,23.92,91557.0,2190043.44,0.0250000000000003,24.0,23.95
2009-01-26,ATO,32986,ATMOS ENERGY CORP,,,0.016722,-0.0858048871479201,0.0004111842105263,1.402942739934922e-09,0.005553,5.352949528708892,24.32,91557.0,2226666.24,0.0050000000000007,24.35,24.34
2009-01-27,ATO,32986,ATMOS ENERGY CORP,,,0.015214,-0.2328096306876147,0.0016200891049007,1.638832157045233e-09,0.010926,4.106731325840733,24.69,91557.0,2260542.33,0.0199999999999995,24.74,24.7
2009-01-28,ATO,32986,ATMOS ENERGY CORP,,,0.006075,0.4811170212765958,0.000402576489533,4.391546370826079e-10,0.033558,6.082549668512511,24.84,91557.0,2274275.88,0.0050000000000007,24.82,24.81
2009-01-29,ATO,32986,ATMOS ENERGY CORP,,,-0.002013,-0.069671395223559,0.0008067769261798,-1.5673054935342226e-10,-0.03312,5.658769946590648,24.79,91557.0,2269698.03,0.0099999999999997,24.83,24.81
2009-01-30,ATO,32986,ATMOS ENERGY CORP,,,-0.009681,0.364215402431963,0.0012219959266802,-5.57920324759076e-10,-0.022789,7.719781119958059,24.55,91557.0,2247724.35,0.0150000000000005,24.6,24.57
2009-02-02,ATO,32986,ATMOS ENERGY CORP,,,0.020367,-0.0939445387662705,0.0019960079840319,1.2696032045839612e-09,-0.000533,6.994549843267036,25.05,91557.0,2293502.85,0.0250000000000003,25.03,24.98
2009-02-03,ATO,32986,ATMOS ENERGY CORP,,,-0.006387,-0.1392879450343535,0.0004017677782241,-4.6554622632762674e-10,0.015834,6.0202933691580105,24.89,91557.0,2278853.73,0.004999999999999,24.9,24.89
2009-02-04,ATO,32986,ATMOS ENERGY CORP,,,-0.010446,0.2474600870827286,0.0020300446609825,-6.168076360856205e-10,-0.007489,7.510075690553426,24.63,91557.0,2255048.91,0.0250000000000003,24.7,24.65
2009-02-05,ATO,32986,ATMOS ENERGY CORP,,,0.031263,0.179173938336242,0.0732283464566928,1.518039925571711e-09,0.016366,8.855685529233154,25.4,91557.0,2325547.8,0.9299999999999996,26.46,24.6
2009-02-06,ATO,32986,ATMOS ENERGY CORP,,,0.021654,-0.3310310804144055,0.0015414258188825,1.538441864033966e-09,0.026896,5.924178380680887,25.95,91557.0,2375904.15,0.0200000000000013,25.94,25.9
2009-02-09,ATO,32986,ATMOS ENERGY CORP,,,-0.001927,-0.3102876106194691,0.001158301158301,-1.988814338453472e-10,0.001485,4.085979226055899,25.9,91557.0,2371326.3,0.0149999999999987,25.88,25.85
2009-02-10,ATO,32986,ATMOS ENERGY CORP,,,-0.00888,0.8909382518043303,0.0038955979742889,-4.890148432525698e-10,-0.049121,7.726334414626954,25.67,91557.0,2350268.19,0.0499999999999989,25.77,25.67
2009-02-11,ATO,32986,ATMOS ENERGY CORP,,,-0.016751,-0.3012439920836867,0.0003961965134707,-1.3426436975819107e-09,0.007955,5.398822591391156,25.24,91557.0,2310898.68,0.0050000000000007,25.25,25.24
2009-02-12,ATO,32986,ATMOS ENERGY CORP,,,0.006339,0.0321667003843819,0.0003937007874014,4.891550943431168e-10,0.001739,5.572484900116868,25.4,91557.0,2325547.8,0.004999999999999,25.4,25.39
2009-02-13,ATO,32986,ATMOS ENERGY CORP,,,-0.008268,-0.2091336730693845,0.0003969829297339,-8.134460627114965e-10,-0.009998,4.4070906648317445,25.19,91557.0,2306320.83,0.004999999999999,25.18,25.17
2009-02-17,ATO,32986,ATMOS ENERGY CORP,,,-0.033347,0.7221809169764559,0.0008213552361396,-1.970767956508005e-09,-0.045559,7.589807442358312,24.35,91557.0,2229412.95,0.0099999999999997,24.34,24.32
2009-02-18,ATO,32986,ATMOS ENERGY CORP,,,-0.017659,-0.2729889192689595,0.0008361204013377,-1.4613074195589943e-09,-0.00095,5.5178741112094105,23.92,91557.0,2190043.44,0.0099999999999997,23.94,23.92
2009-02-19,ATO,32986,ATMOS ENERGY CORP,,,0.001672,-0.1830958036421219,0.0012520868113523,1.6908885781285582e-10,-0.012024,4.507574516421464,23.96,91557.0,2193705.72,0.0150000000000005,24.0,23.97
2009-02-20,ATO,32986,ATMOS ENERGY CORP,,,-0.027129,0.4436636782166223,0.0012870012870013,-1.953399234366002e-09,-0.011413,6.507421606212524,23.31,91557.0,2134193.67,0.0150000000000005,23.34,23.31
2009-02-23,ATO,32986,ATMOS ENERGY CORP,,,-0.015444,-0.1945283652232292,0.0013262599469496,-1.422710191059919e-09,-0.034699,5.2415435193376805,22.62,91557.0,2071019.34,0.0150000000000005,22.66,22.63
2009-02-24,ATO,32986,ATMOS ENERGY CORP,,,-0.004863,0.5759533236090852,0.003553976010662,-2.8565029320125865e-10,0.040103,8.260427930141878,22.51,91557.0,2060948.07,0.0400000000000009,22.57,22.49
2009-02-25,ATO,32986,ATMOS ENERGY CORP,,,0.000444,0.2185640618802062,0.0004440497335702,2.139302101835405e-11,-0.010658,10.065860611422393,22.52,91557.0,2061863.64,0.0050000000000007,22.53,22.52
2009-02-26,ATO,32986,ATMOS ENERGY CORP,,,-0.014654,-0.4048394097222222,0.0009013068949977,-1.2039882624700984e-09,-0.01578,5.990803543147984,22.19,91557.0,2031649.83,0.0099999999999997,22.23,22.21
2009-02-27,ATO,32986,ATMOS ENERGY CORP,,,-0.016224,0.8743846855059252,0.0009161704076958,-7.228843835452371e-10,-0.023564,11.21951219512195,21.83,91635.0,2000392.05,0.0099999999999997,21.83,21.81
2009-03-02,ATO,32986,ATMOS ENERGY CORP,,,-0.03344,-0.4954770936679311,0.0009478672985781,-3.0553964203253303e-09,-0.04662,5.660500900311017,21.1,91635.0,1933498.5,0.0099999999999997,21.09,21.07
2009-03-03,ATO,32986,ATMOS ENERGY CORP,,,-0.040758,0.8476961634856373,0.0024703557312253,-2.1011427148013487e-09,-0.006407,10.45888579691166,20.24,91635.0,1854692.4,0.0250000000000003,20.23,20.18
2009-03-04,ATO,32986,ATMOS ENERGY CORP,,,0.037055,-0.2470784641068447,0.0004764173415913,2.4464585078524353e-09,0.023753,7.874720357941834,20.99,91635.0,1923418.65,0.0050000000000007,21.03,21.02
2009-03-05,ATO,32986,ATMOS ENERGY CORP,,,-0.037637,-0.1682372505543237,0.0034653465346534,-3.104328260216891e-09,-0.042532,6.54989905603754,20.2,91635.0,1851027.0,0.0350000000000001,20.25,20.18
2009-03-06,ATO,32986,ATMOS ENERGY CORP,,,0.026238,0.6572809063645451,0.0014471780028944,1.2724458443062268e-09,0.001216,10.855022644186173,20.73,91635.0,1899593.55,0.0150000000000005,20.73,20.7
2009-03-09,ATO,32986,ATMOS ENERGY CORP,,,-0.023637,-0.1328038604604403,0.0004940711462451,-1.3538557481792795e-09,-0.010024,9.413433731652752,20.24,91635.0,1854692.4,0.0050000000000007,20.26,20.25
2009-03-10,ATO,32986,ATMOS ENERGY CORP,,,0.045455,0.1188268026895431,0.0004725897920603,2.2258386693720486e-09,0.063663,10.532001964314944,21.16,91635.0,1938996.6,0.004999999999999,21.15,21.14
2009-03-11,ATO,32986,ATMOS ENERGY CORP,,,-0.013233,-0.4170552274375713,0.0009578544061304,-1.1264919442163026e-09,0.002446,6.139575489714629,20.88,91635.0,1913338.8,0.0100000000000015,20.92,20.9
2009-03-12,ATO,32986,ATMOS ENERGY CORP,,,0.011015,-0.0737646640597227,0.0028422548555188,1.001325312913024e-09,0.040729,5.686691766246522,21.11,91635.0,1934414.85,0.0300000000000011,21.12,21.06
2009-03-13,ATO,32986,ATMOS ENERGY CORP,,,0.020843,-0.2842064862790251,0.0013921113689095,2.593009585538961e-09,0.007739,4.070497080809735,21.55,91635.0,1974734.25,0.0150000000000005,21.53,21.5
2009-03-16,ATO,32986,ATMOS ENERGY CORP,,,0.006961,0.2021447721179625,0.0004608294930876,7.153956515125978e-10,-0.003516,4.89332678561685,21.7,91635.0,1988479.5,0.0050000000000007,21.71,21.7
2009-03-17,ATO,32986,ATMOS ENERGY CORP,,,0.038249,0.1202051739518286,0.0008877052818464,3.379836683788969e-09,0.03214,5.481529983085066,22.53,91635.0,2064536.55,0.0099999999999997,22.52,22.5
2009-03-18,ATO,32986,ATMOS ENERGY CORP,,,0.017754,-0.097750348397372,0.0017444395987788,1.708449946862337e-09,0.020858,4.9457085174878594,22.93,91635.0,2101190.55,0.0199999999999995,22.93,22.89
2009-03-19,ATO,32986,ATMOS ENERGY CORP,,,0.0157,-0.2288172992056487,0.0012881064834693,1.9287812866445412e-09,-0.012979,3.8140448518579135,23.29,91635.0,2134179.15,0.0150000000000005,23.28,23.25
2009-03-20,ATO,32986,ATMOS ENERGY CORP,,,-0.007729,0.0220314735336195,0.0008654262224145,-9.362932912992684e-10,-0.019769,3.89807388006766,23.11,91635.0,2117684.85,0.0099999999999997,23.15,23.13
2009-03-23,ATO,32986,ATMOS ENERGY CORP,,,0.02077,0.1206606942889136,0.0012717253073335,2.199494931577917e-09,0.070758,4.368418180826104,23.59,91635.0,2161669.65,0.0149999999999987,23.58,23.55
2009-03-24,ATO,32986,ATMOS ENERGY CORP,,,-0.021619,0.6337746689982513,0.0008665511265164,-1.4322606119387956e-09,-0.020415,7.137010967425111,23.08,91635.0,2114935.8,0.0099999999999997,23.04,23.02
2009-03-25,ATO,32986,ATMOS ENERGY CORP,,,0.013432,-0.1928134556574923,0.0004275331338179,1.0878244086837735e-09,0.009626,5.760899219730453,23.39,91635.0,2143342.65,0.0050000000000007,23.44,23.43
2009-03-26,ATO,32986,ATMOS ENERGY CORP,,,0.023087,0.0054934646713393,0.0016715419974927,1.8175814853105527e-09,0.02332,5.792546516069187,23.93,91635.0,2192825.55,0.0200000000000013,23.92,23.88
2009-03-27,ATO,32986,ATMOS ENERGY CORP,,,-0.012954,-0.4393368500376789,0.0033869602032176,-1.8428546065390182e-09,-0.020316,3.247667376002619,23.62,91635.0,2164418.7,0.0400000000000009,23.69,23.61
2009-03-30,ATO,32986,ATMOS ENERGY CORP,,,-0.008891,0.9015456989247312,0.0008543357539512,-6.71134404345382e-10,-0.034819,6.175587930375948,23.41,91635.0,2145175.35,0.0099999999999997,23.4,23.38
2009-03-31,ATO,32986,ATMOS ENERGY CORP,,,-0.012388,0.3458208163986569,0.0025951557093426,-7.035361722543687e-10,0.01313,8.286006484322302,23.12,91914.0,2125051.68,0.0300000000000011,23.17,23.11
2009-04-01,ATO,32986,ATMOS ENERGY CORP,,,-0.007353,0.1365546218487394,0.0004357298474946,-3.7013881338117504e-10,0.016557,9.417498966425136,22.95,91914.0,2109426.3,0.0050000000000007,22.87,22.86
2009-04-02,ATO,32986,ATMOS ENERGY CORP,,,0.0061,-0.2237754158964879,0.0008661758336942,3.93188910964047e-10,0.028727,7.310094218508606,23.09,91914.0,2122294.26,0.0099999999999997,23.04,23.02
2009-04-03,ATO,32986,ATMOS ENERGY CORP,,,0.003465,-0.4575085578211043,0.0004315925766075,4.102793629480437e-10,0.009732,3.9656635550623407,23.17,91914.0,2129647.3800000004,0.004999999999999,23.13,23.12
2009-04-06,ATO,32986,ATMOS ENERGY CORP,,,-0.0082,-0.1300411522633745,0.000870322019147,-1.1252981010731778e-09,-0.008332,3.449964096873164,22.98,91914.0,2112183.72,0.0099999999999997,23.03,23.01
2009-04-07,ATO,32986,ATMOS ENERGY CORP,,,-0.007398,0.1214128035320087,0.0008768084173607,-9.120681484301527e-10,-0.023855,3.8688339099593096,22.81,91914.0,2096558.34,0.0099999999999997,22.79,22.77
2009-04-08,ATO,32986,ATMOS ENERGY CORP,,,0.000877,0.1521372328458943,0.0004380201489269,9.376218467387064e-11,0.011783,4.457427595360881,22.83,91914.0,2098396.62,0.0050000000000007,22.82,22.81
2009-04-09,ATO,32986,ATMOS ENERGY CORP,,,0.010951,0.1383939467903343,0.0004332755632583,1.0173243338852702e-09,0.038053,5.074308592815023,23.08,91914.0,2121375.12,0.0050000000000007,23.05,23.04
2009-04-13,ATO,32986,ATMOS ENERGY CORP,,,-0.004766,-0.3156089193825042,0.000435350457118,-6.500251499449537e-10,0.002533,3.4728115412233174,22.97,91914.0,2111264.58,0.0050000000000007,23.0,22.99
2009-04-14,ATO,32986,ATMOS ENERGY CORP,,,-0.006095,0.4057017543859649,0.0008760402978536,-5.949928254310574e-10,-0.020065,4.881737276149444,22.83,91914.0,2098396.62,0.0099999999999997,22.79,22.77
2009-04-15,ATO,32986,ATMOS ENERGY CORP,,,0.0,-0.1259193224871851,0.0004380201489267,0.0,0.012549,4.267032225776269,22.83,91914.0,2098396.62,0.004999999999999,22.79,22.78
2009-04-16,ATO,32986,ATMOS ENERGY CORP,,,0.023215,0.3658847526772055,0.0008561643835616,1.8551293787925666e-09,0.015539,5.828274256370085,23.36,91914.0,2147111.04,0.0099999999999997,23.29,23.27
2009-04-17,ATO,32986,ATMOS ENERGY CORP,,,0.005565,0.226619376516707,0.0004257130693911,3.605377006790743e-10,0.004969,7.149074134517049,23.49,91914.0,2159059.86,0.004999999999999,23.45,23.44
2009-04-20,ATO,32986,ATMOS ENERGY CORP,,,-0.007237,0.0270887231775984,0.0004288164665522,-4.5982290242096726e-10,-0.04279,7.342733424723111,23.32,91914.0,2143434.48,0.004999999999999,23.27,23.26
2009-04-21,ATO,32986,ATMOS ENERGY CORP,,,0.006432,-0.1134982960438583,0.0021303792074989,4.580511135762376e-10,0.021252,6.5093456927127535,23.47,91914.0,2157221.58,0.0250000000000003,23.45,23.4
2009-04-22,ATO,32986,ATMOS ENERGY CORP,,,0.0,0.3255891693130537,0.0008521516829995,0.0,-0.007682,8.628718149574603,23.47,91914.0,2157221.58,0.0099999999999997,23.47,23.45
2009-04-23,ATO,32986,ATMOS ENERGY CORP,,,-0.001704,0.193166057243727,0.0004268032437047,-7.685435139730818e-11,0.009922,10.295493613595315,23.43,91914.0,2153545.02,0.0050000000000007,23.44,23.43
2009-04-24,ATO,32986,ATMOS ENERGY CORP,,,-0.005122,-0.1912712670400507,0.0004290004290004,-2.8712141609044783e-10,0.016797,8.32626150532019,23.31,91914.0,2142515.34,0.0050000000000007,23.3,23.29
2009-04-27,ATO,32986,ATMOS ENERGY CORP,,,0.021879,-0.2259244740624592,0.0008396305625524,1.5504960396763707e-09,-0.010067,6.445155253824227,23.82,91914.0,2189391.48,0.0099999999999997,23.87,23.85
2009-04-28,ATO,32986,ATMOS ENERGY CORP,,,0.016793,-0.0798446995273464,0.0008257638315441,1.2719732180445227e-09,-0.00274,5.930543769175534,24.22,91914.0,2226157.08,0.0099999999999997,24.19,24.17
2009-04-29,ATO,32986,ATMOS ENERGY CORP,,,0.025599,0.3250779673454411,0.005636070853462,1.426769424831172e-09,0.02161,7.858432882912288,24.84,91914.0,2283143.76,0.0699999999999985,24.81,24.67
2009-04-30,ATO,32986,ATMOS ENERGY CORP,,,-0.005234,0.1733351792883843,0.0012140833670577,-2.499316555823362e-10,-0.00095,9.220575755597624,24.71,91914.0,2271194.94,0.0149999999999987,24.7,24.67
2009-05-01,ATO,32986,ATMOS ENERGY CORP,,,0.037637,0.5700294985250738,0.0003900156006239,1.1031878220867598e-09,0.005396,14.476575929673391,25.64,91914.0,2356674.96,0.004999999999999,25.65,25.64
2009-05-04,ATO,32986,ATMOS ENERGY CORP,,,0.028471,-0.060574177062979,0.0003792188092528,8.63739097459234e-10,0.033868,13.599669256043692,26.37,91914.0,2423772.18,0.004999999999999,26.38,26.37
2009-05-05,ATO,32986,ATMOS ENERGY CORP,,,-0.020478,-0.63672,0.0007742934572202,-1.7458689073945194e-09,-0.003792,4.940487847335553,25.83,91914.0,2374138.62,0.0099999999999997,25.89,25.87
2009-05-06,ATO,32986,ATMOS ENERGY CORP,,,-0.004259,0.2521471041620788,0.0007776049766718,-2.9122578224106684e-10,0.017404,6.186217551189155,25.72,91914.0,2364028.08,0.0099999999999997,25.75,25.73
2009-05-07,ATO,32986,ATMOS ENERGY CORP,,,0.005832,-0.2725993668659866,0.0011596443757248,5.450552868493635e-10,-0.013202,4.499858563439737,25.87,91914.0,2377815.18,0.0150000000000005,25.87,25.84
2009-05-08,ATO,32986,ATMOS ENERGY CORP,,,-0.008504,0.7021276595744681,0.0003898635477583,-4.709374446216552e-10,0.024069,7.659333725003808,25.65,91914.0,2357594.1,0.0050000000000007,25.62,25.61
2009-05-11,ATO,32986,ATMOS ENERGY CORP,,,0.007407,-0.2338068181818181,0.0034829721362229,5.314212213777261e-10,-0.021512,5.868529277367975,25.84,91914.0,2375057.76,0.0449999999999999,25.89,25.8
2009-05-12,ATO,32986,ATMOS ENERGY CORP,,,-0.001548,0.1299592139414163,0.0003875968992248,-9.844134536505332e-11,-0.000979,6.631198729246905,25.8,91914.0,2371381.2,0.0050000000000007,25.75,25.74
2009-05-13,ATO,32986,ATMOS ENERGY CORP,,,-0.031395,0.367022149302707,0.0016006402561025,-1.507804273893907e-09,-0.026895,9.064995539308484,24.99,91914.0,2296930.86,0.0200000000000013,25.03,24.99
2009-05-14,ATO,32986,ATMOS ENERGY CORP,,,-0.018407,-0.192870859337494,0.000407664084794,-1.115817518037999e-09,0.010352,7.316622059751507,24.53,91914.0,2254650.42,0.004999999999999,24.58,24.57
2009-05-15,ATO,32986,ATMOS ENERGY CORP,,,-0.016307,-0.3164312267657992,0.0004144218814752,-1.4700843204738742e-09,-0.01141,5.001414365602629,24.13,91914.0,2217884.82,0.004999999999999,24.18,24.17
2009-05-18,ATO,32986,ATMOS ENERGY CORP,,,0.015748,0.1611920817924734,0.0012239902080782,1.203659160535633e-09,0.030389,5.807602759100899,24.51,91914.0,2252812.14,0.0149999999999987,24.54,24.51
2009-05-19,ATO,32986,ATMOS ENERGY CORP,,,0.005712,-0.243536905207943,0.0040567951318459,5.738586872982527e-10,-0.001737,4.393237156472354,24.65,91914.0,2265680.1,0.0500000000000007,24.66,24.56
2009-05-20,ATO,32986,ATMOS ENERGY CORP,,,-0.001217,0.6646854878652799,0.0012185215272136,-7.353668048294203e-11,-0.005131,7.313358139130056,24.62,91914.0,2262922.68,0.0150000000000005,24.66,24.63
2009-05-21,ATO,32986,ATMOS ENERGY CORP,,,-0.009342,-0.4360309431716751,0.0004156275976725,-1.024213404762954e-09,-0.016758,4.124507691972931,24.06,91914.0,2211450.84,0.0050000000000007,24.07,24.06
2009-05-22,ATO,32986,ATMOS ENERGY CORP,,,-0.006234,-0.232656291216038,0.000836470096194,-8.962795771182153e-10,-0.001497,3.164915029266488,23.91,91914.0,2197663.74,0.0099999999999997,23.89,23.87
2009-05-26,ATO,32986,ATMOS ENERGY CORP,,,0.023003,0.4066689584049501,0.0004088307440718,2.2982242438629428e-09,0.026302,4.451987727658463,24.46,91914.0,2248216.44,0.004999999999999,24.45,24.44
2009-05-27,ATO,32986,ATMOS ENERGY CORP,,,-0.033115,1.1011730205278591,0.0004228329809725,-1.6285315381373415e-09,-0.018971,9.354396501077094,23.65,91914.0,2173766.1,0.0050000000000007,23.64,23.63
2009-05-28,ATO,32986,ATMOS ENERGY CORP,,,0.006765,-0.3114677832053966,0.0012599748005038,4.799397255298136e-10,0.015419,6.440803359662293,23.81,91914.0,2188472.34,0.0149999999999987,23.81,23.78
2009-05-29,ATO,32986,ATMOS ENERGY CORP,,,0.00798,0.1525337837837836,0.0004166666666667,4.873222922468122e-10,0.013575,7.41557891075873,24.0,92009.0,2208216.0,0.0050000000000007,24.01,24.0
2009-06-01,ATO,32986,ATMOS ENERGY CORP,,,0.01625,-0.0605305584053935,0.0008200082000819,1.0394019696827231e-09,0.025818,6.966709778391245,24.39,92009.0,2244099.51,0.0099999999999997,24.41,24.39
2009-06-02,ATO,32986,ATMOS ENERGY CORP,,,0.01517,0.0313572542901716,0.0008077544426494,9.267610720762305e-10,0.001983,7.185166668478083,24.76,92009.0,2278142.8400000003,0.0099999999999997,24.75,24.73
2009-06-03,ATO,32986,ATMOS ENERGY CORP,,,-0.004847,-0.4542429284525791,0.0012175324675325,-5.452124787629221e-10,-0.013739,3.921355519568738,24.64,92009.0,2267101.76,0.0150000000000005,24.64,24.61
2009-06-04,ATO,32986,ATMOS ENERGY CORP,,,-0.006088,0.1031042128603103,0.0008166598611678,-6.24601160149461e-10,0.011484,4.325663793759306,24.49,92009.0,2253300.41,0.0099999999999997,24.48,24.46
2009-06-05,ATO,32986,ATMOS ENERGY CORP,,,0.0049,0.2135678391959798,0.0004063388866313,4.1222785600292086e-10,-0.002515,5.249486463280766,24.61,92009.0,2264341.49,0.004999999999999,24.63,24.62
2009-06-08,ATO,32986,ATMOS ENERGY CORP,,,0.008533,0.158592132505176,0.000402900886382,6.143590535198678e-10,-0.001011,6.0820137160495165,24.82,92009.0,2283663.38,0.0050000000000007,24.73,24.72
2009-06-09,ATO,32986,ATMOS ENERGY CORP,,,-0.005641,-0.3250536097212294,0.0012155591572123,-6.051512846028316e-10,0.003503,4.105033203273593,24.68,92009.0,2270782.12,0.0150000000000005,24.68,24.65
2009-06-10,ATO,32986,ATMOS ENERGY CORP,,,-0.002431,-0.013238019592269,0.0004061738424046,-2.649338907661548e-10,-0.00348,4.050690693301743,24.62,92009.0,2265261.58,0.0050000000000007,24.64,24.63
2009-06-11,ATO,32986,ATMOS ENERGY CORP,,,0.013404,-0.0858599409712905,0.0004008016032064,1.576854913231217e-09,0.006112,3.7028986294818975,24.95,92009.0,2295624.55,0.0050000000000007,24.96,24.95
2009-06-12,ATO,32986,ATMOS ENERGY CORP,,,0.015631,0.2398004109186968,0.0003946329913181,1.4603476058931861e-09,0.001397,4.590855242421937,25.34,92009.0,2331508.06,0.0050000000000007,25.32,25.31
2009-06-15,ATO,32986,ATMOS ENERGY CORP,,,-0.019732,-0.3347537878787878,0.001207729468599,-2.8269178973186404e-09,-0.023769,3.0540490604180026,24.84,92009.0,2285503.56,0.0150000000000005,24.89,24.86
2009-06-16,ATO,32986,ATMOS ENERGY CORP,,,-0.004831,-0.0491103202846975,0.0004045307443366,-7.313952192701976e-10,-0.01272,2.904063732895695,24.72,92009.0,2274462.48,0.0050000000000007,24.76,24.75
2009-06-17,ATO,32986,ATMOS ENERGY CORP,,,0.002832,-0.1586826347305389,0.0008067769261798,5.081833307254244e-10,-0.001382,2.443239248334402,24.79,92009.0,2280903.11,0.0099999999999997,24.78,24.76
2009-06-18,ATO,32986,ATMOS ENERGY CORP,,,0.020976,0.1556939501779359,0.0011853022520743,3.190005137222232e-09,0.008411,2.823636818137356,25.31,92009.0,2328747.79,0.0150000000000005,25.28,25.25
2009-06-19,ATO,32986,ATMOS ENERGY CORP,,,-0.006322,0.4603541185527329,0.0011928429423458,-6.625507890977801e-10,0.003114,4.123509656664022,25.15,92009.0,2314026.35,0.0149999999999987,25.2,25.17
2009-06-22,ATO,32986,ATMOS ENERGY CORP,,,0.000398,-0.4625724828676858,0.0007949125596184,7.758097075236388e-11,-0.0306,2.2160875566520666,25.16,92009.0,2314946.44,0.0099999999999997,25.22,25.2
2009-06-23,ATO,32986,ATMOS ENERGY CORP,,,-0.011526,0.2712113781265326,0.0008041817450743,-1.7880013105183991e-09,0.002307,2.817115716940734,24.87,92009.0,2288263.83,0.0099999999999997,24.89,24.87
2009-06-24,ATO,32986,ATMOS ENERGY CORP,,,-0.003217,0.248070987654321,0.00040338846309,-4.011439523216034e-10,0.006524,3.5159603951787326,24.79,92009.0,2280903.11,0.0050000000000007,24.8,24.79
2009-06-25,ATO,32986,ATMOS ENERGY CORP,,,0.012908,-0.0278207109737248,0.0007964954201513,1.6345251006857582e-09,0.021444,3.4181438772294013,25.11,92009.0,2310345.99,0.0099999999999997,25.14,25.12
2009-06-26,ATO,32986,ATMOS ENERGY CORP,,,-0.000398,0.8864864864864865,0.0007968127490039,-2.672606388872288e-11,-0.001478,6.44828223325979,25.1,92009.0,2309425.9,0.0099999999999997,25.12,25.1
2009-06-29,ATO,32986,ATMOS ENERGY CORP,,,0.008366,-0.3170402831619754,0.0003951007506913,8.157484897049538e-10,0.009065,4.403917008118771,25.31,92009.0,2328747.79,0.004999999999999,25.31,25.3
2009-06-30,ATO,32986,ATMOS ENERGY CORP,,,-0.010668,0.0728035538005922,0.0003993610223641,-9.800743930484172e-10,-0.008531,4.724537816952689,25.04,92009.0,2303905.36,0.004999999999999,25.08,25.07
2009-07-01,ATO,32986,ATMOS ENERGY CORP,,,0.027955,-0.1311249137336093,0.0003885003885003,2.8754377443813503e-09,0.004362,4.105033203273593,25.74,92009.0,2368311.66,0.004999999999999,25.7,25.69
2009-07-02,ATO,32986,ATMOS ENERGY CORP,,,-0.028749,-0.2012178978024887,0.0016000000000001,-3.811600928074246e-09,-0.029145,3.279027051701464,25.0,92009.0,2300225.0,0.0200000000000013,25.17,25.13
2009-07-06,ATO,32986,ATMOS ENERGY CORP,,,0.014,-0.111368909512761,0.0003944773175543,2.059933773129194e-09,0.002566,2.913845384690628,25.35,92009.0,2332428.15,0.0050000000000007,25.32,25.31
2009-07-07,ATO,32986,ATMOS ENERGY CORP,,,-0.01854,0.0317045878403581,0.0004019292604502,-2.694059468093268e-09,-0.019684,3.006227651642774,24.88,92009.0,2289183.92,0.0050000000000007,24.91,24.9
2009-07-08,ATO,32986,ATMOS ENERGY CORP,,,-0.004019,0.1164135936370209,0.0008071025020177,-5.25217771309806e-10,-0.001669,3.356193415861492,24.78,92009.0,2279983.02,0.0099999999999997,24.77,24.75
2009-07-09,ATO,32986,ATMOS ENERGY CORP,,,0.001211,-0.1126943005181346,0.0008061265618701,1.7814220190234102e-10,0.003547,2.977969546457412,24.81,92009.0,2282743.29,0.0099999999999997,24.79,24.77
2009-07-10,ATO,32986,ATMOS ENERGY CORP,,,-0.006449,-0.3445255474452554,0.0008113590263691,-1.4566966484005476e-09,-0.004022,1.9519829581888728,24.65,92009.0,2268021.85,0.0099999999999997,24.66,24.64
2009-07-13,ATO,32986,ATMOS ENERGY CORP,,,0.011765,0.6564587973273943,0.0008019246190857,1.5856543098394126e-09,0.024934,3.233379343325109,24.94,92009.0,2294704.46,0.0099999999999997,24.91,24.89
2009-07-14,ATO,32986,ATMOS ENERGY CORP,,,0.001203,-0.1455462184873949,0.0004004805766919,1.8952719660130315e-10,0.005316,2.7627732069688835,24.97,92009.0,2297464.73,0.004999999999999,24.95,24.94
2009-07-15,ATO,32986,ATMOS ENERGY CORP,,,0.015218,0.1959087332808811,0.0007889546351084,1.974722308730406e-09,0.02963,3.3040246062885155,25.35,92009.0,2332428.15,0.0099999999999997,25.31,25.29
2009-07-16,ATO,32986,ATMOS ENERGY CORP,,,0.020118,2.6773026315789474,0.0003866976024747,6.959104004463125e-10,0.008642,12.149898379506352,25.86,92009.0,2379352.74,0.004999999999999,25.83,25.82
2009-07-17,ATO,32986,ATMOS ENERGY CORP,,,-0.002707,-0.7184005725020127,0.0007754943776657,-3.3342809408215015e-10,-0.000383,3.4214044278277127,25.79,92009.0,2372912.11,0.0099999999999997,25.82,25.8
2009-07-20,ATO,32986,ATMOS ENERGY CORP,,,0.008918,0.1820203303684879,0.0011529592621061,9.210866881180643e-10,0.011432,4.04416959210512,26.02,92009.0,2394074.18,0.0150000000000005,26.05,26.02
2009-07-21,ATO,32986,ATMOS ENERGY CORP,,,0.010377,0.1693093254501478,0.0003803727653099,9.071772433054263e-10,0.003627,4.728885217750437,26.29,92009.0,2418916.61,0.004999999999999,26.31,26.3
2009-07-22,ATO,32986,ATMOS ENERGY CORP,,,-0.004184,-0.4552976327281085,0.0003819709702063,-6.743318731405106e-10,-0.000534,2.5758349726657177,26.18,92009.0,2408795.62,0.0050000000000007,26.19,26.18
2009-07-23,ATO,32986,ATMOS ENERGY CORP,,,0.014897,0.3206751054852321,0.0022581859239744,1.7912777268076011e-09,0.02329,3.4018411242378463,26.57,92009.0,2444679.13,0.0300000000000011,26.55,26.49
2009-07-24,ATO,32986,ATMOS ENERGY CORP,,,0.015807,0.1466453674121406,0.0003705075954056,1.63182322668654e-09,0.003042,3.9007053657794346,26.99,92009.0,2483322.91,0.004999999999999,26.99,26.98
2009-07-27,ATO,32986,ATMOS ENERGY CORP,,,-0.002223,-0.1643911953190303,0.000371333085778,-2.75249566416928e-10,0.002982,3.259463748111598,26.93,92009.0,2477802.37,0.0050000000000007,26.94,26.93
2009-07-28,ATO,32986,ATMOS ENERGY CORP,,,0.008541,0.5525175058352785,0.0007363770250369,6.75407664394273e-10,-0.002606,5.060374528578726,27.16,92009.0,2498964.44,0.0100000000000015,27.17,27.15
2009-07-29,ATO,32986,ATMOS ENERGY CORP,,,-0.0081,-0.2036082474226804,0.0011135857461024,-8.108634073561527e-10,-0.004563,4.030040539512439,26.94,92009.0,2478722.46,0.0150000000000005,26.98,26.95
2009-07-30,ATO,32986,ATMOS ENERGY CORP,,,0.008909,0.1655879180151025,0.0003679175864605,7.583937477505271e-10,0.011896,4.697366561966764,27.18,92009.0,2500804.62,0.004999999999999,27.15,27.14
2009-07-31,ATO,32986,ATMOS ENERGY CORP,,,-0.000736,-0.029153169828783,0.0003681885125184,-6.458216044174198e-11,0.00074,4.5604234368377,27.16,92009.0,2498964.44,0.0050000000000007,27.16,27.15
2009-08-03,ATO,32986,ATMOS ENERGY CORP,,,0.016569,0.282888465204957,0.0007243752263673,1.114821951112679e-09,0.015342,5.850514623569434,27.61,92009.0,2540368.49,0.0100000000000015,27.6,27.58
2009-08-04,ATO,32986,ATMOS ENERGY CORP,,,0.002897,-0.13561211220509,0.0007222824124232,2.248497903277645e-10,0.003012,5.057113977980415,27.69,92009.0,2547729.21,0.0099999999999997,27.74,27.72
2009-08-05,ATO,32986,ATMOS ENERGY CORP,,,-0.00325,-0.1366860090264345,0.0007246376811594,-2.9313822053374606e-10,-0.002914,4.365877251138476,27.6,92009.0,2539448.4,0.0099999999999997,27.63,27.61
2009-08-06,ATO,32986,ATMOS ENERGY CORP,,,-0.008696,0.6798605924819516,0.0007309941520468,-4.710080872998541e-10,-0.005625,7.334065145800954,27.36,92009.0,2517366.24,0.0100000000000015,27.42,27.4
2009-08-07,ATO,32986,ATMOS ENERGY CORP,,,0.012792,-0.2892708950800237,0.0010826416456153,9.625487858431287e-10,0.013439,5.212533556499908,27.71,92009.0,2549569.39,0.0150000000000005,27.75,27.72
2009-08-10,ATO,32986,ATMOS ENERGY CORP,,,0.004691,-0.177231025854879,0.0017959770114941,4.2701105731979417e-10,-0.003345,4.288710886978448,27.84,92009.0,2561530.56,0.0249999999999985,27.83,27.78
2009-08-11,ATO,32986,ATMOS ENERGY CORP,,,-0.000718,-0.0020273694880892,0.0003594536304817,-6.553776198218322e-11,-0.01266,4.280016085382952,27.82,92009.0,2559690.38,0.0050000000000007,27.8,27.79
2009-08-12,ATO,32986,ATMOS ENERGY CORP,,,0.002876,-0.1376333164042661,0.0007168458781363,3.035407458067893e-10,0.011525,3.690943277288092,27.9,92009.0,2567051.1,0.0100000000000015,27.85,27.83
2009-08-13,ATO,32986,ATMOS ENERGY CORP,,,0.003584,-0.1551825677267373,0.0007142857142856,4.4614848379226205e-10,0.00688,3.118173222184786,28.0,92009.0,2576252.0,0.0099999999999997,28.0,27.98
2009-08-14,ATO,32986,ATMOS ENERGY CORP,,,-0.008929,0.5015684907633322,0.0010810810810811,-7.469028917496882e-10,-0.008531,4.682150659174646,27.75,92009.0,2553249.75,0.0150000000000005,27.73,27.7
2009-08-17,ATO,32986,ATMOS ENERGY CORP,,,-0.005766,0.4036675951717734,0.0003624501631026,-3.4560734917305083e-10,-0.024261,6.572183155995609,27.59,92009.0,2538528.31,0.0050000000000007,27.57,27.56
2009-08-18,ATO,32986,ATMOS ENERGY CORP,,,0.00145,-0.2611212171324624,0.0007238508867173,1.1745566089303239e-10,0.010146,4.856046691084567,27.63,92009.0,2542208.67,0.0099999999999997,27.58,27.56
2009-08-19,ATO,32986,ATMOS ENERGY CORP,,,0.006877,0.0080572963294538,0.0007189072609633,5.488371706976975e-10,0.006861,4.8951732982643,27.82,92009.0,2559690.38,0.0099999999999997,27.81,27.79
2009-08-20,ATO,32986,ATMOS ENERGY CORP,,,0.001797,0.2040408525754884,0.0003588087549336,1.188971662577385e-10,0.010949,5.893988631546914,27.87,92009.0,2564290.83,0.0050000000000007,27.85,27.84
2009-08-21,ATO,32986,ATMOS ENERGY CORP,,,0.012917,0.5520929374884751,0.0003584229390681,5.500474164123384e-10,0.018623,9.148018128661327,27.9,92009.0,2567051.1,0.0050000000000007,27.85,27.84
2009-08-24,ATO,32986,ATMOS ENERGY CORP,,,0.009319,-0.2195556611619341,0.0003551136363635,5.037759137270098e-10,-0.000546,7.1395189601017295,28.16,92009.0,2590973.44,0.004999999999999,28.13,28.12
2009-08-25,ATO,32986,ATMOS ENERGY CORP,,,-0.009588,-0.1039732074897245,0.0014342058085334,-5.840624062274648e-10,0.002369,6.39720027388625,27.89,92009.0,2566131.01,0.0199999999999995,27.93,27.89
2009-08-26,ATO,32986,ATMOS ENERGY CORP,,,-0.001076,-0.0509683995922528,0.0007178750897343,-6.914013574598993e-11,0.000117,6.0711452140551465,27.86,92009.0,2563370.74,0.0099999999999997,27.91,27.89
2009-08-27,ATO,32986,ATMOS ENERGY CORP,,,0.001077,-0.5331185105621196,0.0003585514521334,1.4806745166704428e-10,0.002782,2.834505320131726,27.89,92009.0,2566131.01,0.0050000000000007,27.91,27.9
2009-08-28,ATO,32986,ATMOS ENERGY CORP,,,-0.012908,2.6782975460122698,0.0007264802034144,-4.887629764241534e-10,-0.001988,10.426153963199251,27.53,92009.0,2533007.77,0.0099999999999997,27.52,27.5
2009-08-31,ATO,32986,ATMOS ENERGY CORP,,,-0.010534,-0.2961534452204732,0.0007342143906021,-5.727350703941096e-10,-0.008076,7.317496098491417,27.24,92272.0,2513489.28,0.0100000000000015,27.26,27.24
2009-09-01,ATO,32986,ATMOS ENERGY CORP,,,-0.006608,0.1340343601895735,0.000369549150037,-3.1892135084813867e-10,-0.022124,8.298292006242415,27.06,92272.0,2496880.32,0.0050000000000007,27.01,27.0
2009-09-02,ATO,32986,ATMOS ENERGY CORP,,,0.000739,-0.2793522267206477,0.000738552437223,4.9455441383456745e-11,-0.003296,5.980145656320444,27.08,92272.0,2498725.76,0.0099999999999997,27.07,27.05
2009-09-03,ATO,32986,ATMOS ENERGY CORP,,,0.003323,-0.1034795215657846,0.000736105999264,2.4722864721588027e-10,0.008535,5.361323044910699,27.17,92272.0,2507030.24,0.0100000000000015,27.17,27.15
2009-09-04,ATO,32986,ATMOS ENERGY CORP,,,0.002208,0.4447139680614513,0.0007344840249725,1.1345604639283507e-10,0.013118,7.745578290272238,27.23,92272.0,2512566.56,0.0100000000000015,27.26,27.24
2009-09-08,ATO,32986,ATMOS ENERGY CORP,,,0.015791,-0.1890303623898138,0.0007230657989876,9.849837846631204e-10,0.008845,6.281428819143402,27.66,92272.0,2552243.52,0.0099999999999997,27.64,27.62
2009-09-09,ATO,32986,ATMOS ENERGY CORP,,,0.000362,-0.3982056590752243,0.0003614022406939,3.750791603531795e-11,0.007782,3.780128316282296,27.67,92272.0,2553166.24,0.0050000000000007,27.66,27.65
2009-09-10,ATO,32986,ATMOS ENERGY CORP,,,-0.000723,0.1519495412844036,0.0003616636528028,-6.507785489708607e-11,0.010422,4.354517079937576,27.65,92272.0,2551320.8,0.004999999999999,27.68,27.67
2009-09-11,ATO,32986,ATMOS ENERGY CORP,,,0.009765,0.0669487307117968,0.0003581661891116,8.158369108178721e-10,-0.00135,4.6460464713022365,27.92,92272.0,2576234.24,0.004999999999999,27.88,27.87
2009-09-14,ATO,32986,ATMOS ENERGY CORP,,,0.00394,-0.1775134126428738,0.0003567606136281,3.9864912583531655e-10,0.006339,3.821310906883995,28.03,92272.0,2586384.16,0.004999999999999,28.04,28.03
2009-09-15,ATO,32986,ATMOS ENERGY CORP,,,0.012843,0.1681792399319341,0.0007044734061289,1.0982704485207214e-09,0.003135,4.463976070747355,28.39,92272.0,2619602.08,0.0099999999999997,28.37,28.35
2009-09-16,ATO,32986,ATMOS ENERGY CORP,,,0.014442,-0.0305899490167516,0.0003472222222222,1.2558435595625679e-09,0.015324,4.327423270331194,28.8,92272.0,2657433.6,0.0050000000000007,28.82,28.81
2009-09-17,ATO,32986,ATMOS ENERGY CORP,,,-0.007986,-0.0230403205609817,0.000350017500875,-7.16544414762394e-10,-0.00306,4.227718050979712,28.57,92272.0,2636211.04,0.0050000000000007,28.59,28.58
2009-09-18,ATO,32986,ATMOS ENERGY CORP,,,-0.0021,0.1776467572417328,0.0014030164854436,-1.6033601542401926e-10,0.002637,4.978758453268597,28.51,92272.0,2630674.72,0.0199999999999995,28.56,28.52
2009-09-21,ATO,32986,ATMOS ENERGY CORP,,,-0.002806,-0.0955594253373965,0.0003517411185366,-2.3754165550280144e-10,-0.003407,4.502991156580545,28.43,92272.0,2623292.96,0.004999999999999,28.45,28.44
2009-09-22,ATO,32986,ATMOS ENERGY CORP,,,-0.008442,0.3552346570397111,0.0003547357218872,-5.31820096638553e-10,0.006575,6.102609675741286,28.19,92272.0,2601147.68,0.0050000000000007,28.21,28.2
2009-09-23,ATO,32986,ATMOS ENERGY CORP,,,0.001774,-0.1251997868939797,0.0003541076487252,1.275247602189458e-10,-0.010068,5.338564244841339,28.24,92272.0,2605761.28,0.0050000000000007,28.28,28.27
2009-09-24,ATO,32986,ATMOS ENERGY CORP,,,-0.001771,-0.319529029638652,0.0017736786094358,-1.874215284791828e-10,-0.009511,3.6327379920235834,28.19,92272.0,2601147.68,0.0249999999999985,28.24,28.19
2009-09-25,ATO,32986,ATMOS ENERGY CORP,,,-0.003193,-0.2458233890214797,0.0007117437722419,-4.4948533717735027e-10,-0.006091,2.73972602739726,28.1,92272.0,2592843.2,0.0099999999999997,28.13,28.11
2009-09-28,ATO,32986,ATMOS ENERGY CORP,,,0.007473,0.5625,0.0003532320734723,6.682793126729831e-10,0.01781,4.280821917808219,28.31,92272.0,2612220.32,0.0050000000000007,28.28,28.27
2009-09-29,ATO,32986,ATMOS ENERGY CORP,,,-0.001413,-0.1713924050632911,0.0003537318712416,-1.527110094911027e-10,-0.00223,3.547121553667418,28.27,92272.0,2608529.44,0.0050000000000007,28.26,28.25
2009-09-30,ATO,32986,ATMOS ENERGY CORP,,,-0.003184,0.4173541093797739,0.0003548616039745,-2.43560971557372e-10,-0.003328,5.027527310560084,28.18,92272.0,2600224.96,0.0050000000000007,28.19,28.18
2009-10-01,ATO,32986,ATMOS ENERGY CORP,,,-0.014194,-0.1278292735503341,0.0010799136069114,-1.262835206500336e-09,-0.02576,4.384862146696722,27.78,92272.0,2563316.16,0.0150000000000005,27.76,27.73
2009-10-02,ATO,32986,ATMOS ENERGY CORP,,,-0.0036,0.3769154720711813,0.0007225433526011,-2.334550412281602e-10,-0.004506,6.037584532685972,27.68,92272.0,2554088.96,0.0099999999999997,27.72,27.7
2009-10-05,ATO,32986,ATMOS ENERGY CORP,,,0.027818,0.1719619457907018,0.0003514938488576,1.497603903740537e-09,0.014875,7.075819316802497,28.45,92272.0,2625138.4,0.0050000000000007,28.51,28.5
2009-10-06,ATO,32986,ATMOS ENERGY CORP,,,0.00246,-0.1125746668708838,0.0003506311360448,1.488699680135324e-10,0.013705,6.279261314374891,28.52,92272.0,2631597.44,0.004999999999999,28.49,28.48
2009-10-07,ATO,32986,ATMOS ENERGY CORP,,,0.007714,-0.1273731446323783,0.0010438413361169,5.308670930119888e-10,0.002712,5.47945205479452,28.74,92272.0,2651897.28,0.0150000000000005,28.78,28.75
2009-10-08,ATO,32986,ATMOS ENERGY CORP,,,0.005915,0.0656645569620253,0.0006918021445866,3.797336381987773e-10,0.00747,5.839257846367262,28.91,92272.0,2667583.52,0.0099999999999997,28.88,28.86
2009-10-09,ATO,32986,ATMOS ENERGY CORP,,,-0.000346,-0.3387156644394952,0.0003460207612457,-3.3601791577604116e-11,0.005641,3.8614097451014393,28.9,92272.0,2666660.8,0.0050000000000007,28.89,28.88
2009-10-12,ATO,32986,ATMOS ENERGY CORP,,,0.010727,0.3578445130507999,0.000342348510784,7.590683082223508e-10,0.004386,5.243194035026877,29.21,92272.0,2695265.12,0.0050000000000007,29.19,29.18
2009-10-13,ATO,32986,ATMOS ENERGY CORP,,,-0.007189,33.54816039685821,0.0010344827586207,-1.483131621381192e-11,-0.002788,181.14270851395872,29.0,92272.0,2675888.0,0.0150000000000005,28.89,28.86
2009-10-14,ATO,32986,ATMOS ENERGY CORP,,,-0.006207,-0.9466029292107404,0.0006939625260235,-2.4131234728450713e-10,0.017546,9.672490029478064,28.82,92272.0,2659279.04,0.0099999999999997,28.84,28.82
2009-10-15,ATO,32986,ATMOS ENERGY CORP,,,0.006593,-0.4088515406162465,0.0006894174422612,4.307552309352426e-10,0.004157,5.717877579330675,29.01,92272.0,2676810.72,0.0099999999999997,29.03,29.01
2009-10-16,ATO,32986,ATMOS ENERGY CORP,,,-0.003792,-0.2594768764215315,0.0003460207612456,-3.358358655345786e-10,-0.008098,4.234220565285244,28.9,92272.0,2666660.8,0.004999999999999,28.88,28.87
2009-10-19,ATO,32986,ATMOS ENERGY CORP,,,0.013841,0.1443562835935501,0.0003412969283276,1.0565624658874823e-09,0.009405,4.845456910005202,29.3,92272.0,2703569.6,0.0050000000000007,29.3,29.29
2009-10-20,ATO,32986,ATMOS ENERGY CORP,,,0.001365,0.646835159919481,0.0003408316291751,6.318554581340905e-11,-0.006239,7.979668805271372,29.34,92272.0,2707260.48,0.004999999999999,29.36,29.35
2009-10-21,ATO,32986,ATMOS ENERGY CORP,,,-0.009884,-0.3954909683552899,0.0003442340791738,-7.644146570555419e-10,-0.008854,4.823781862320097,29.05,92272.0,2680501.6,0.0050000000000007,29.09,29.08
2009-10-22,ATO,32986,ATMOS ENERGY CORP,,,0.002065,0.1750168501460345,0.0003435245620062,1.3563637104068236e-10,0.010644,5.668024969654933,29.11,92272.0,2686037.92,0.0050000000000007,29.1,29.09
2009-10-23,ATO,32986,ATMOS ENERGY CORP,,,-0.014772,-0.1998087954110898,0.0003486750348675,-1.2307353918907436e-09,-0.012179,4.535503728108202,28.68,92272.0,2646360.96,0.0050000000000007,28.69,28.68
2009-10-26,ATO,32986,ATMOS ENERGY CORP,,,0.000349,0.3706093189964157,0.0003485535029627,2.1207317387375168e-11,-0.011717,6.216403676088087,28.69,92272.0,2647283.68,0.0050000000000007,28.71,28.7
2009-10-27,ATO,32986,ATMOS ENERGY CORP,,,0.005228,-0.0231868898186889,0.0006934812760055,3.235338310688028e-10,-0.003318,6.07226460898214,28.84,92272.0,2661124.48,0.0099999999999997,28.84,28.82
2009-10-28,ATO,32986,ATMOS ENERGY CORP,,,-0.008669,-0.1866857040870961,0.0003497726477788,-6.65389309544802e-10,-0.019541,4.9386596150511535,28.59,92272.0,2638056.48,0.004999999999999,28.61,28.6
2009-10-29,ATO,32986,ATMOS ENERGY CORP,,,0.010143,0.0917270133859995,0.0003462603878116,7.059535906680214e-10,0.02252,5.391668111669846,28.88,92272.0,2664815.36,0.0050000000000007,28.89,28.88
2009-10-30,ATO,32986,ATMOS ENERGY CORP,,,-0.035665,1.2536683417085426,0.0003590664272891,-1.1421783918358822e-09,-0.028065,12.15103173226981,27.85,92272.0,2569775.2,0.0050000000000007,27.87,27.86
2009-11-02,ATO,32986,ATMOS ENERGY CORP,,,-0.005027,-0.1518908312522298,0.0003608805485383,-1.9078205042619692e-10,0.006456,10.305401421883127,27.71,92272.0,2556857.12,0.004999999999999,27.7,27.69
2009-11-03,ATO,32986,ATMOS ENERGY CORP,,,0.015518,-0.1647912503943632,0.0003553660270077,6.94355327009232e-10,0.002426,8.607161435755158,28.14,92272.0,2596534.08,0.004999999999999,28.11,28.1
2009-11-04,ATO,32986,ATMOS ENERGY CORP,,,-0.000355,-0.1420297154369176,0.001066477070743,-1.852066138899117e-11,0.001043,7.384688746315242,28.13,92272.0,2595611.36,0.0150000000000005,28.12,28.09
2009-11-05,ATO,32986,ATMOS ENERGY CORP,,,0.030217,-0.3726152039917816,0.0003450655624567,2.4390283276629573e-09,0.019236,4.633041442691174,28.98,92272.0,2674042.56,0.004999999999999,28.95,28.94
2009-11-06,ATO,32986,ATMOS ENERGY CORP,,,-0.006211,-0.3361403508771929,0.0006944444444444,-7.599003601910578e-10,0.002503,3.0756892665163864,28.8,92272.0,2657433.6,0.0099999999999997,28.8,28.78
2009-11-09,ATO,32986,ATMOS ENERGY CORP,,,0.012847,-0.1687808315715292,0.0003428179636612,1.8669700632287693e-09,0.022239,2.556571874458124,29.17,92272.0,2691574.24,0.004999999999999,29.15,29.14
2009-11-10,ATO,32986,ATMOS ENERGY CORP,,,0.0024,1.3590504451038576,0.0003419972640218,1.4749208151887342e-10,-6.4e-05,6.031082018380441,29.24,92272.0,2698033.28,0.004999999999999,29.24,29.23
2009-11-11,ATO,32986,ATMOS ENERGY CORP,,,-0.019494,0.1929919137466307,0.000348796651552,-1.0241665801110886e-09,0.005032,7.1950320790705735,28.67,92272.0,2645438.24,0.004999999999999,28.68,28.67
2009-11-12,ATO,32986,ATMOS ENERGY CORP,,,-0.019184,-0.318722699201687,0.0003556187766713,-1.508333100080543e-09,-0.010259,4.901812033986475,28.12,92272.0,2594688.64,0.004999999999999,28.13,28.12
2009-11-13,ATO,32986,ATMOS ENERGY CORP,,,0.004623,-0.1653769621932346,0.0003539823008848,4.3349938463341734e-10,0.005739,4.091165250563551,28.25,92272.0,2606684.0,0.004999999999999,28.22,28.21
2009-11-16,ATO,32986,ATMOS ENERGY CORP,,,0.020177,0.7136423841059603,0.0006939625260235,1.0822446968293454e-09,0.014468,7.010794173747183,28.82,92272.0,2659279.04,0.0099999999999997,28.8,28.78
2009-11-17,ATO,32986,ATMOS ENERGY CORP,,,0.009715,-0.2113155047147936,0.0006872852233676,6.54348877402703e-10,0.000919,5.529304664470262,29.1,92272.0,2685115.2,0.0099999999999997,29.08,29.06
2009-11-18,ATO,32986,ATMOS ENERGY CORP,,,-0.009278,-0.2763622108976872,0.0006937218175511,-8.716618395503358e-10,-0.000468,4.001213802670366,28.83,92272.0,2660201.76,0.0099999999999997,28.86,28.84
2009-11-19,ATO,32986,ATMOS ENERGY CORP,,,-0.031217,0.980498374864572,0.0007160759040458,-1.5285654743297755e-09,-0.013426,7.924397433674354,27.93,92272.0,2577156.96,0.0099999999999997,27.93,27.91
2009-11-20,ATO,32986,ATMOS ENERGY CORP,,,0.005371,-0.2423413566739606,0.0003561253561252,3.4526160428687505e-10,-0.003215,6.003988208774059,28.08,92272.0,2590997.76,0.004999999999999,28.06,28.05
2009-11-23,ATO,32986,ATMOS ENERGY CORP,,,0.008725,0.3527075812274367,0.0003572704537335,4.15957393758284e-10,0.013616,8.121640367608808,27.99,92272.0,2582693.28,0.0050000000000007,28.0,27.99
2009-11-24,ATO,32986,ATMOS ENERGY CORP,,,0.008574,-0.410728582866293,0.0007084661707403,6.877704877635572e-10,-0.000533,4.785850528871164,28.23,92272.0,2604838.56,0.0099999999999997,28.22,28.2
2009-11-25,ATO,32986,ATMOS ENERGY CORP,,,0.001417,0.6145833333333333,0.0003537318712416,7.029986837999237e-11,0.004504,7.7271544997399,28.27,92272.0,2608529.44,0.0050000000000007,28.28,28.27
2009-11-27,ATO,32986,ATMOS ENERGY CORP,,,-0.014857,-0.7761570827489481,0.000718132854578,-3.3425124750835802e-09,-0.017233,1.7296688052713716,27.85,92272.0,2569775.2,0.0099999999999997,27.88,27.86
2009-11-30,ATO,32986,ATMOS ENERGY CORP,,,-0.016517,3.885338345864661,0.0007301935012779,-7.734132397464447e-10,0.003793,8.420086393088553,27.39,92600.0,2536314.0,0.0100000000000015,27.42,27.4
2009-12-01,ATO,32986,ATMOS ENERGY CORP,,,0.005111,-0.1594202898550725,0.0003632401017072,2.832652059544774e-10,0.012075,7.077753779697624,27.53,92600.0,2549278.0,0.0050000000000007,27.55,27.54
2009-12-02,ATO,32986,ATMOS ENERGY CORP,,,0.003996,0.220476045163259,0.0003617945007235,1.8073894547961767e-10,0.000343,8.638228941684666,27.64,92600.0,2559464.0,0.004999999999999,27.65,27.64
2009-12-03,ATO,32986,ATMOS ENERGY CORP,,,0.013748,0.0771346418302287,0.0007137758743754,5.694632498208933e-10,-0.008402,9.304535637149028,28.02,92600.0,2594652.0,0.0099999999999997,28.04,28.02
2009-12-04,ATO,32986,ATMOS ENERGY CORP,,,0.007852,-0.2930594243268338,0.0010623229461756,4.56485512689274e-10,0.005509,6.577753779697624,28.24,92600.0,2615024.0,0.0150000000000005,28.23,28.2
2009-12-07,ATO,32986,ATMOS ENERGY CORP,,,0.018768,-0.0495813495320965,0.0006951685783803,1.126871988170726e-09,-0.002468,6.251619870410368,28.77,92600.0,2664102.0,0.0100000000000015,28.76,28.74
2009-12-08,ATO,32986,ATMOS ENERGY CORP,,,-0.010775,-0.3009155294524097,0.0003513703443428,-9.355116037299608e-10,-0.010252,4.370410367170626,28.46,92600.0,2635396.0,0.004999999999999,28.47,28.46
2009-12-09,ATO,32986,ATMOS ENERGY CORP,,,-0.007027,0.5922905856189771,0.0007077140835102,-3.8587110993378416e-10,0.003672,6.958963282937365,28.26,92600.0,2616876.0,0.0099999999999997,28.28,28.26
2009-12-10,ATO,32986,ATMOS ENERGY CORP,,,0.013447,-0.2895716945996276,0.0006983240223463,1.0255966719628242e-09,0.00584,4.943844492440605,28.64,92600.0,2652064.0,0.0099999999999997,28.62,28.6
2009-12-11,ATO,32986,ATMOS ENERGY CORP,,,0.012221,0.0242463958060288,0.0003449465332873,8.990385121144354e-10,0.003683,5.063714902807775,28.99,92600.0,2684474.0,0.0050000000000007,28.98,28.97
2009-12-14,ATO,32986,ATMOS ENERGY CORP,,,0.011038,0.0098101940712305,0.0003411804844763,7.953432286482082e-10,0.006959,5.113390928725702,29.31,92600.0,2714106.0,0.0050000000000007,29.3,29.29
2009-12-15,ATO,32986,ATMOS ENERGY CORP,,,0.002047,0.6386483632523758,0.0003404834865509,8.982725827680075e-11,-0.005547,8.379049676025918,29.37,92600.0,2719662.0,0.0050000000000007,29.34,29.33
2009-12-16,ATO,32986,ATMOS ENERGY CORP,,,0.0,-0.5106328135068952,0.0010214504596527,0.0,0.001128,4.100431965442764,29.37,92600.0,2719662.0,0.0150000000000005,29.35,29.32
2009-12-17,ATO,32986,ATMOS ENERGY CORP,,,-0.002724,0.3750329207268896,0.0006828269033799,-1.7812875740347648e-10,-0.011811,5.638228941684665,29.29,92600.0,2712254.0,0.0099999999999997,29.33,29.31
2009-12-18,ATO,32986,ATMOS ENERGY CORP,,,0.002048,0.4426355104386132,0.0006814310051107,9.264277074261684e-11,0.00583,8.13390928725702,29.35,92600.0,2717810.0,0.0099999999999997,29.33,29.31
2009-12-21,ATO,32986,ATMOS ENERGY CORP,,,0.005792,-0.6460435475305364,0.0003387533875338,7.359563468102799e-10,0.010504,2.879049676025918,29.52,92600.0,2733552.0,0.004999999999999,29.54,29.53
2009-12-22,ATO,32986,ATMOS ENERGY CORP,,,0.005759,0.4891222805701425,0.001010441226002,4.885920252347304e-10,0.003564,4.287257019438445,29.69,92600.0,2749294.0,0.0150000000000005,29.67,29.64
2009-12-23,ATO,32986,ATMOS ENERGY CORP,,,0.004379,-0.419647355163728,0.0006706908115359,6.373600398688427e-10,0.002299,2.488120950323974,29.82,92600.0,2761332.0,0.0100000000000015,29.85,29.83
2009-12-24,ATO,32986,ATMOS ENERGY CORP,,,0.007042,-0.4900173611111111,0.000999000999001,1.9957347616922083e-09,0.005256,1.2688984881209504,30.03,92600.0,2780778.0,0.0150000000000005,30.07,30.04
2009-12-28,ATO,32986,ATMOS ENERGY CORP,,,0.000999,1.26468085106383,0.0003326679973385,1.248911421801268e-10,0.001154,2.873650107991361,30.06,92600.0,2783556.0,0.004999999999999,30.06,30.05
2009-12-29,ATO,32986,ATMOS ENERGY CORP,,,0.0,0.2743329575347613,0.0003326679973387,0.0,-0.001401,3.661987041036717,30.06,92600.0,2783556.0,0.0050000000000007,30.07,30.06
2009-12-30,ATO,32986,ATMOS ENERGY CORP,,,-0.005988,-0.1188439988204069,0.001004016064257,-6.706881071810671e-10,0.000195,3.226781857451404,29.88,92600.0,2766888.0,0.0150000000000005,29.92,29.89
2009-12-31,ATO,32986,ATMOS ENERGY CORP,,,-0.016064,0.3647925033467203,0.0006802721088435,-1.3398591413024255e-09,-0.01005,4.388154779839022,29.4,92932.0,2732200.8,0.0099999999999997,29.44,29.42
2010-01-04,ATO,32986,ATMOS ENERGY CORP,,,0.004082,0.0853359489946052,0.0006775067750677,3.1242461091578826e-10,0.016043,4.762622132311798,29.52,92932.0,2743352.64,0.0099999999999997,29.5,29.48
2010-01-05,ATO,32986,ATMOS ENERGY CORP,,,-0.010501,0.1920469950293719,0.000342348510784,-6.813877391475652e-10,0.003116,5.677269401282659,29.21,92932.0,2714543.72,0.0050000000000007,29.19,29.18
2010-01-06,ATO,32986,ATMOS ENERGY CORP,,,0.000342,-0.4833206974981046,0.0003422313483915,4.2935847817277085e-11,0.000546,2.933327594370077,29.22,92932.0,2715473.04,0.0050000000000007,29.21,29.2
2010-01-07,ATO,32986,ATMOS ENERGY CORP,,,-0.009582,0.0509904622157006,0.0006910850034554,-1.1556678015898574e-09,0.004001,3.082899324237077,28.94,92932.0,2689452.08,0.0099999999999997,28.96,28.94
2010-01-08,ATO,32986,ATMOS ENERGY CORP,,,-0.016586,0.831762652705061,0.0003513703443428,-1.1104856195259071e-09,0.002882,5.647139844187148,28.46,92932.0,2644844.72,0.004999999999999,28.47,28.46
2010-01-11,ATO,32986,ATMOS ENERGY CORP,,,0.005973,-0.5255335365853658,0.0006985679357317,8.378606988204302e-10,0.001747,2.679378470279344,28.63,92932.0,2660643.16,0.0099999999999997,28.62,28.6
2010-01-12,ATO,32986,ATMOS ENERGY CORP,,,-0.000349,0.2650602409638554,0.0006988120195667,-3.8711967433141437e-11,-0.009381,3.3895751732449533,28.62,92932.0,2659713.8400000003,0.0099999999999997,28.65,28.63
2010-01-13,ATO,32986,ATMOS ENERGY CORP,,,0.008735,-0.1473015873015872,0.0003463803255974,1.1264453254259924e-09,0.008326,2.890285369947919,28.87,92932.0,2682946.8400000003,0.004999999999999,28.86,28.85
2010-01-14,ATO,32986,ATMOS ENERGY CORP,,,0.000693,0.1250930752047654,0.0006922810661128,7.93763697578093e-11,0.002427,3.251840055094047,28.89,92932.0,2684805.48,0.0099999999999997,28.91,28.89
2010-01-15,ATO,32986,ATMOS ENERGY CORP,,,-0.007961,0.1459298477829251,0.0010467550593161,-8.021192633762279e-10,-0.010823,3.7263805793483407,28.66,92932.0,2663431.12,0.0150000000000005,28.66,28.63
2010-01-19,ATO,32986,ATMOS ENERGY CORP,,,0.015352,-0.3006064106266243,0.0003436426116839,2.178200402382513e-09,0.0125,2.606206688761675,29.1,92932.0,2704321.2,0.0050000000000007,29.1,29.09
2010-01-20,ATO,32986,ATMOS ENERGY CORP,,,-0.008591,-0.0156895127993393,0.0003466204506066,-1.2490840147488163e-09,-0.010598,2.565316575560625,28.85,92932.0,2681088.2,0.0050000000000007,28.84,28.83
2010-01-21,ATO,32986,ATMOS ENERGY CORP,,,-0.010399,0.8863255033557047,0.0007005253940455,-8.099581468400612e-10,-0.018945,4.839022080661128,28.55,92932.0,2653208.6,0.0099999999999997,28.53,28.51
2010-01-22,ATO,32986,ATMOS ENERGY CORP,,,-0.014711,-0.2301534356237491,0.0007109847138286,-1.5105858066339266e-09,-0.022141,3.725304523737787,28.13,92932.0,2614177.16,0.0099999999999997,28.13,28.11
2010-01-25,ATO,32986,ATMOS ENERGY CORP,,,0.010665,-0.0433275563258231,0.0007034822370734,1.132644634418633e-09,0.004598,3.5638961821546937,28.43,92932.0,2642056.76,0.0099999999999997,28.45,28.43
2010-01-26,ATO,32986,ATMOS ENERGY CORP,,,-0.005628,-0.3158212560386473,0.0007074637424833,-8.785538267200876e-10,-0.004203,2.4383420135152583,28.27,92932.0,2627187.64,0.0100000000000015,28.26,28.24
2010-01-27,ATO,32986,ATMOS ENERGY CORP,,,-0.008136,0.0692850838481906,0.0007132667617688,-1.1975110139809704e-09,0.00488,2.6072827443722293,28.04,92932.0,2605813.28,0.0099999999999997,28.07,28.05
2010-01-28,ATO,32986,ATMOS ENERGY CORP,,,-0.000713,0.0817168799009493,0.0003568879371876,-9.708550141733939e-11,-0.011818,2.820341755261912,28.02,92932.0,2603954.64,0.004999999999999,28.04,28.03
2010-01-29,ATO,32986,ATMOS ENERGY CORP,,,-0.014276,0.7314002289202595,0.000362056480811,-1.138985967399279e-09,-0.009829,4.883140360693841,27.62,92932.0,2566781.8400000003,0.0050000000000007,27.62,27.61
2010-02-01,ATO,32986,ATMOS ENERGY CORP,,,-0.000724,0.4667254297047156,0.0007246376811594,-3.9410883500557415e-11,0.014266,7.162226143847114,27.6,92932.0,2564923.2,0.0099999999999997,27.58,27.56
2010-02-02,ATO,32986,ATMOS ENERGY CORP,,,0.002536,0.0863882211538462,0.0003614022406939,1.2674817900701298e-10,0.012973,7.780958119915637,27.67,92932.0,2571428.44,0.0050000000000007,27.69,27.68
2010-02-03,ATO,32986,ATMOS ENERGY CORP,,,-0.002168,-0.2739593417231365,0.0007243752263672,-1.4956623721563957e-10,-0.005474,5.649291955408256,27.61,92932.0,2565852.52,0.0099999999999997,27.64,27.62
2010-02-04,ATO,32986,ATMOS ENERGY CORP,,,-0.009055,-0.0634285714285713,0.0007309941520467,-6.730884733357357e-10,-0.031141,5.290965437093789,27.36,92932.0,2542619.52,0.0099999999999997,27.38,27.36
2010-02-05,ATO,32986,ATMOS ENERGY CORP,,,-0.003655,-0.2202562538133008,0.0007336757153339,-3.4971110322706325e-10,0.002897,4.125597210863857,27.26,92932.0,2533326.3200000003,0.0100000000000015,27.26,27.24
2010-02-08,ATO,32986,ATMOS ENERGY CORP,,,-0.020543,0.167188315075639,0.0007490636704119,-1.7193312828238443e-09,-0.008863,4.815348857228941,26.7,92932.0,2481284.4,0.0099999999999997,26.73,26.71
2010-02-09,ATO,32986,ATMOS ENERGY CORP,,,0.002247,0.7193296089385475,0.0007473841554558,1.0913518308483344e-10,0.01304,8.279171867602118,26.76,92932.0,2486860.3200000003,0.0099999999999997,26.75,26.73
2010-02-10,ATO,32986,ATMOS ENERGY CORP,,,-0.008969,-0.5755133870548479,0.0003770739064857,-1.0355100634629471e-09,-0.002233,3.514397624069212,26.52,92932.0,2464556.64,0.0050000000000007,26.51,26.5
2010-02-11,ATO,32986,ATMOS ENERGY CORP,,,0.016214,-0.2669932639314145,0.0003710575139145,2.513085434675123e-09,0.00968,2.5760771316661644,26.95,92932.0,2504517.4,0.004999999999999,26.95,26.94
2010-02-12,ATO,32986,ATMOS ENERGY CORP,,,0.001484,0.568922305764411,0.0007410151908113,1.4638798497925117e-10,-0.002745,4.0416648732406495,26.99,92932.0,2508234.68,0.0099999999999997,26.98,26.96
2010-02-16,ATO,32986,ATMOS ENERGY CORP,,,0.008522,0.1733226837060701,0.0007347538574577,7.104121140520715e-10,0.018001,4.742177075711273,27.22,92932.0,2529609.04,0.0099999999999997,27.21,27.19
2010-02-17,ATO,32986,ATMOS ENERGY CORP,,,0.006613,-0.1327433628318584,0.0003649635036495,6.314766220918462e-10,0.004238,4.11268454353721,27.4,92932.0,2546336.8,0.004999999999999,27.4,27.39
2010-02-18,ATO,32986,ATMOS ENERGY CORP,,,-0.00073,0.2004186289900575,0.0010956902848795,-5.811202469936181e-11,0.006585,4.936943141221539,27.38,92932.0,2544478.16,0.0150000000000005,27.42,27.39
2010-02-19,ATO,32986,ATMOS ENERGY CORP,,,0.014609,-0.1148648648648649,0.0003599712023038,1.294956733429314e-09,0.002187,4.369861834459605,27.78,92932.0,2581650.96,0.0050000000000007,27.76,27.75
2010-02-22,ATO,32986,ATMOS ENERGY CORP,,,0.007919,-0.0807682836739719,0.0003571428571427,7.576250430523133e-10,-0.001046,4.016915594197908,28.0,92932.0,2602096.0,0.004999999999999,27.99,27.98
2010-02-23,ATO,32986,ATMOS ENERGY CORP,,,-0.006607,0.1834985266541655,0.0007278020378456,-5.442041720288115e-10,-0.012103,4.754013687427366,27.48,92932.0,2553771.36,0.0099999999999997,27.45,27.43
2010-02-24,ATO,32986,ATMOS ENERGY CORP,,,-0.002183,-0.0950656405613399,0.0003646973012398,-1.991331187110696e-10,0.00972,4.302070330994706,27.42,92932.0,2548195.44,0.004999999999999,27.4,27.39
2010-02-25,ATO,32986,ATMOS ENERGY CORP,,,-0.003282,-0.1833416708354177,0.0003658982802781,-3.6780341680633005e-10,-0.002081,3.513321568458658,27.33,92932.0,2539831.56,0.0050000000000007,27.34,27.33
2010-02-26,ATO,32986,ATMOS ENERGY CORP,,,0.004757,0.4940275650842267,0.0007283321194464,3.5513283027950447e-10,0.001405,5.248999268282184,27.46,92932.0,2551912.72,0.0099999999999997,27.43,27.41
2010-03-01,ATO,32986,ATMOS ENERGY CORP,,,0.017116,-0.09020090200902,0.0003580379520229,1.3808421781938267e-09,0.010159,4.775534799638446,27.93,92932.0,2595590.76,0.0050000000000007,27.92,27.91
2010-03-02,ATO,32986,ATMOS ENERGY CORP,,,0.004296,-0.3652546191978368,0.0007130124777183,5.436815059066516e-10,0.00233,3.031248654930487,28.05,92932.0,2606742.6,0.0099999999999997,28.04,28.02
2010-03-03,ATO,32986,ATMOS ENERGY CORP,,,0.008913,0.3365282215122471,0.0003533568904594,8.3651260681655e-10,0.000429,4.0513493737356345,28.3,92932.0,2629975.6,0.0050000000000007,28.3,28.29
2010-03-04,ATO,32986,ATMOS ENERGY CORP,,,-0.001767,-0.1463479415670651,0.0007079646017698,-1.94613169154859e-10,0.003736,3.4584427323204063,28.25,92932.0,2625329.0,0.0099999999999997,28.27,28.25
2010-03-05,ATO,32986,ATMOS ENERGY CORP,,,0.012389,0.0177349097697572,0.0010489510489509,1.324310052527723e-09,0.014008,3.519777902121981,28.6,92932.0,2657855.2,0.0149999999999987,28.63,28.6
2010-03-08,ATO,32986,ATMOS ENERGY CORP,,,0.00035,-0.3154998471415469,0.0003495281370149,5.4638163445851e-11,-0.000176,2.409288512030302,28.61,92932.0,2658784.52,0.004999999999999,28.58,28.57
2010-03-09,ATO,32986,ATMOS ENERGY CORP,,,-0.005592,0.7052255471192497,0.0007029876977152,-5.148123632299503e-10,0.001713,4.1083803210949945,28.45,92932.0,2643915.4,0.0099999999999997,28.47,28.45
2010-03-10,ATO,32986,ATMOS ENERGY CORP,,,0.006678,0.0175484546883184,0.0006983240223463,6.001811867733654e-10,0.004525,4.180476047002109,28.64,92932.0,2661572.48,0.0099999999999997,28.62,28.6
2010-03-11,ATO,32986,ATMOS ENERGY CORP,,,0.002793,-0.4239382239382239,0.0003481894150417,4.345366560373991e-10,0.004042,2.408212456419748,28.72,92932.0,2669007.04,0.004999999999999,28.7,28.69
2010-03-12,ATO,32986,ATMOS ENERGY CORP,,,0.002786,0.6675603217158177,0.0006944444444444,2.592071573180898e-10,-0.000217,4.015839538587354,28.8,92932.0,2676441.6,0.0099999999999997,28.78,28.76
2010-03-15,ATO,32986,ATMOS ENERGY CORP,,,0.0,-0.4965166130760986,0.0003472222222222,0.0,0.000452,2.0219084922308785,28.8,92932.0,2676441.6,0.0050000000000007,28.78,28.77
2010-03-16,ATO,32986,ATMOS ENERGY CORP,,,0.003819,-0.0995210218201171,0.0003459010722933,7.807306117542582e-10,0.007779,1.8206860930572888,28.91,92932.0,2686664.12,0.0050000000000007,28.92,28.91
2010-03-17,ATO,32986,ATMOS ENERGY CORP,,,0.005534,0.2446808510638298,0.0003439972480219,9.03931989816636e-10,0.005822,2.266173115826626,29.07,92932.0,2701533.24,0.004999999999999,29.06,29.05
2010-03-18,ATO,32986,ATMOS ENERGY CORP,,,-0.00172,-0.3561253561253561,0.0003445899379737,-4.3709048179568964e-10,-0.000326,1.4591314079111608,29.02,92932.0,2696886.64,0.004999999999999,29.02,29.01
2010-03-19,ATO,32986,ATMOS ENERGY CORP,,,-0.002412,2.135693215339233,0.0010362694300518,-1.9594558366925167e-10,-0.005087,4.57538845607541,28.95,92932.0,2690381.4,0.0150000000000005,28.92,28.89
2010-03-22,ATO,32986,ATMOS ENERGY CORP,,,0.0,-0.4696613358419567,0.0003454231433505,0.0,0.005095,2.426505401799165,28.95,92932.0,2690381.4,0.004999999999999,28.93,28.92
2010-03-23,ATO,32986,ATMOS ENERGY CORP,,,0.001382,0.0669623059866961,0.0006898930665746,1.9813637115673504e-10,0.007171,2.588989798992812,28.99,92932.0,2694098.68,0.0099999999999997,29.02,29.0
2010-03-24,ATO,32986,ATMOS ENERGY CORP,,,-0.005519,0.2356608478802992,0.0003468609087756,-6.439035841010533e-10,-0.005493,3.199113330176904,28.83,92932.0,2679229.56,0.0050000000000007,28.85,28.84
2010-03-25,ATO,32986,ATMOS ENERGY CORP,,,-0.015609,-0.1792801883619239,0.0003523608174771,-2.254098360655737e-09,-0.001704,2.6255756897516465,28.38,92932.0,2637410.16,0.0050000000000007,28.41,28.4
2010-03-26,ATO,32986,ATMOS ENERGY CORP,,,-0.002467,-0.0827868852459016,0.0007064641469445,-3.89376016647048e-10,0.000738,2.408212456419748,28.31,92932.0,2630904.92,0.0099999999999997,28.3,28.28
2010-03-29,ATO,32986,ATMOS ENERGY CORP,,,0.01095,0.7913315460232351,0.0003494060097834,9.543516605457426e-10,0.005683,4.313906942710799,28.62,92932.0,2659713.8400000003,0.0050000000000007,28.62,28.61
2010-03-30,ATO,32986,ATMOS ENERGY CORP,,,0.008735,0.1511598902469444,0.0003463803255975,6.556082652425167e-10,4.3e-05,4.965996642706495,28.87,92932.0,2682946.8400000003,0.0050000000000007,28.89,28.88
2010-03-31,ATO,32986,ATMOS ENERGY CORP,,,-0.010391,-0.2045503791982665,0.000350017500875,-9.90746895012961e-10,-0.003273,3.950200146343563,28.57,92932.0,2655067.24,0.0050000000000007,28.59,28.58
2010-04-01,ATO,32986,ATMOS ENERGY CORP,,,0.013301,-0.4309452465268319,0.0006908462867011,2.199364877791474e-09,0.007414,2.2478801704472087,28.95,92932.0,2690381.4,0.0099999999999997,28.98,28.96
2010-04-05,ATO,32986,ATMOS ENERGY CORP,,,0.015199,-0.0392532312111058,0.0003402517863218,2.5767249129577604e-09,0.007928,2.1596436103817847,29.39,92932.0,2731271.48,0.004999999999999,29.38,29.37
2010-04-06,ATO,32986,ATMOS ENERGY CORP,,,0.008506,0.7812655705032387,0.0003373819163293,8.027330294536771e-10,0.001684,3.846898807730384,29.64,92932.0,2754504.48,0.0050000000000007,29.62,29.61
2010-04-07,ATO,32986,ATMOS ENERGY CORP,,,-0.003374,0.1594405594405594,0.0006770480704129,-2.755561145444463e-10,-0.005877,4.460250505746137,29.54,92932.0,2745211.28,0.0099999999999997,29.53,29.51
2010-04-08,ATO,32986,ATMOS ENERGY CORP,,,-0.01388,-0.4914354644149578,0.0003432887058016,-2.260363964196356e-09,0.003374,2.268325227047734,29.13,92932.0,2707109.16,0.0050000000000007,29.12,29.11
2010-04-09,ATO,32986,ATMOS ENERGY CORP,,,0.006866,0.4397533206831119,0.0003409478349811,7.713172438158972e-10,0.006684,3.2658287780312487,29.33,92932.0,2725695.56,0.004999999999999,29.33,29.32
2010-04-12,ATO,32986,ATMOS ENERGY CORP,,,-0.00375,-0.2303130148270181,0.0,-5.49386796433293e-10,0.001767,2.5136659062540354,29.22,92932.0,2715473.04,0.0,29.22,29.22
2010-04-13,ATO,32986,ATMOS ENERGY CORP,,,-0.00616,0.5761986301369864,0.0003443526170798,-5.761032377001957e-10,0.000685,3.9620367580596567,29.04,92932.0,2698745.28,0.004999999999999,29.06,29.05
2010-04-14,ATO,32986,ATMOS ENERGY CORP,,,-0.001033,-0.3669201520912547,0.0003447087211306,-1.5276023549032856e-10,0.01115,2.508285628201265,29.01,92932.0,2695957.3200000003,0.0050000000000007,29.03,29.02
2010-04-15,ATO,32986,ATMOS ENERGY CORP,,,0.005515,0.4701844701844702,0.0003428179636613,5.516898364727301e-10,0.000843,3.6876425773683983,29.17,92932.0,2710826.44,0.0050000000000007,29.19,29.18
2010-04-16,ATO,32986,ATMOS ENERGY CORP,,,0.001714,-0.1514444120221768,0.0003422313483915,2.0171407535868387e-10,-0.016127,3.1291697154908964,29.22,92932.0,2715473.04,0.0050000000000007,29.19,29.18
2010-04-19,ATO,32986,ATMOS ENERGY CORP,,,-0.001369,0.077372764786795,0.0003427004797807,-1.4974687418440458e-10,0.004521,3.371282227865536,29.18,92932.0,2711755.76,0.0050000000000007,29.16,29.15
2010-04-20,ATO,32986,ATMOS ENERGY CORP,,,0.007197,0.2231088413661028,0.0003402517863218,6.390376059912729e-10,0.008058,4.123445099642749,29.39,92932.0,2731271.48,0.004999999999999,29.36,29.35
2010-04-21,ATO,32986,ATMOS ENERGY CORP,,,0.00034,-0.1667536534446764,0.0003401360544218,3.621868415389959e-11,-0.001019,3.435845564498773,29.4,92932.0,2732200.8,0.0050000000000007,29.42,29.41
2010-04-22,ATO,32986,ATMOS ENERGY CORP,,,0.004422,-0.6179141872846852,0.0003386386725364,1.2274264016032595e-09,0.002264,1.3127878448758232,29.53,92932.0,2744281.96,0.0050000000000007,29.51,29.5
2010-04-23,ATO,32986,ATMOS ENERGY CORP,,,0.015239,1.0770491803278688,0.0003335557038024,2.005941345795908e-09,0.007124,2.726724917143718,29.98,92932.0,2786101.36,0.004999999999999,29.99,29.98
2010-04-26,ATO,32986,ATMOS ENERGY CORP,,,-0.002335,0.0197316495659036,0.0003343363423603,-3.021189471406997e-10,-0.004296,2.7805276976714155,29.91,92932.0,2779596.12,0.004999999999999,29.88,29.87
2010-04-27,ATO,32986,ATMOS ENERGY CORP,,,-0.015045,0.1273219814241486,0.0003394433129667,-1.753149551522321e-09,-0.023382,3.1345499935436663,29.46,92932.0,2737776.72,0.0050000000000007,29.48,29.47
2010-04-28,ATO,32986,ATMOS ENERGY CORP,,,0.010183,-0.0628218331616889,0.0003360215053762,1.2533725235338136e-09,0.006463,2.937631816812293,29.76,92932.0,2765656.3200000003,0.004999999999999,29.74,29.73
2010-04-29,ATO,32986,ATMOS ENERGY CORP,,,0.001008,0.5010989010989011,0.0003356831151392,8.256919962431014e-11,0.012943,4.409675892050101,29.79,92932.0,2768444.28,0.004999999999999,29.81,29.8
2010-04-30,ATO,32986,ATMOS ENERGY CORP,,,-0.007049,-0.3462664714494875,0.000338066260987,-8.895218640158434e-10,-0.016648,2.882752980674041,29.58,92932.0,2748928.56,0.004999999999999,29.58,29.57
2010-05-03,ATO,32986,ATMOS ENERGY CORP,,,0.00879,0.0865994774169465,0.0003351206434316,1.0119238941133888e-09,0.013121,3.1323978823225582,29.84,92932.0,2773090.88,0.0050000000000007,29.84,29.83
2010-05-04,ATO,32986,ATMOS ENERGY CORP,,,-0.018432,0.2816901408450705,0.0006828269033799,-1.68666114756098e-09,-0.023838,4.0147634829768,29.29,92932.0,2721978.28,0.0099999999999997,29.28,29.26
2010-05-05,ATO,32986,ATMOS ENERGY CORP,,,-0.017071,0.3604931653712142,0.0013893713094824,-1.1681421209700086e-09,-0.006561,5.462058279171868,28.79,92932.0,2675512.28,0.0199999999999995,28.8,28.76
2010-05-06,ATO,32986,ATMOS ENERGY CORP,,,-0.035429,0.7056737588652482,0.0003601008282319,-1.47355188766784e-09,-0.032378,9.316489476176129,27.77,92932.0,2580721.64,0.0050000000000007,27.76,27.75
2010-05-07,ATO,32986,ATMOS ENERGY CORP,,,-0.015844,-0.2437052437052437,0.0007317965605561,-8.853531387791603e-10,-0.015308,7.046012137907287,27.33,92932.0,2539831.56,0.0099999999999997,27.36,27.34
2010-05-10,ATO,32986,ATMOS ENERGY CORP,,,0.029272,-0.2145693341478314,0.0003554923569142,2.023327293718872e-09,0.043974,5.534154005078983,28.13,92932.0,2614177.16,0.004999999999999,28.13,28.12
2010-05-11,ATO,32986,ATMOS ENERGY CORP,,,0.014931,-0.3943223799338907,0.0003502626970226,1.6788996241563194e-09,-0.003397,3.351913226875565,28.55,92932.0,2653208.6,0.004999999999999,28.52,28.51
2010-05-12,ATO,32986,ATMOS ENERGY CORP,,,0.010858,-0.2587479935794542,0.0003465003465004,1.6294069996971683e-09,0.01374,2.4846124047690785,28.86,92932.0,2682017.52,0.0050000000000007,28.87,28.86
2010-05-13,ATO,32986,ATMOS ENERGY CORP,,,-0.003465,-0.0909484625378952,0.0003477051460362,-5.739868180158642e-10,-0.012145,2.2586407265527484,28.76,92932.0,2672724.3200000003,0.0050000000000007,28.76,28.75
2010-05-14,ATO,32986,ATMOS ENERGY CORP,,,-0.022601,0.210100047641734,0.0007114905727498,-3.165432762740303e-09,-0.0188,2.733181250807042,28.11,92932.0,2612318.52,0.0099999999999997,28.14,28.12
2010-05-17,ATO,32986,ATMOS ENERGY CORP,,,0.013163,0.970472440944882,0.0003511235955055,9.234445329950947e-10,0.001109,5.385658330822537,28.48,92932.0,2646703.36,0.004999999999999,28.45,28.44
2010-05-18,ATO,32986,ATMOS ENERGY CORP,,,0.0,0.2631368631368631,0.0003511235955056,0.0,-0.014196,6.802823569922094,28.48,92932.0,2646703.36,0.0050000000000007,28.53,28.52
2010-05-19,ATO,32986,ATMOS ENERGY CORP,,,-0.003862,-0.2288832647896235,0.0007049700387733,-2.7924043997360876e-10,-0.00513,5.245771101450523,28.37,92932.0,2636480.8400000003,0.0099999999999997,28.34,28.32
2010-05-20,ATO,32986,ATMOS ENERGY CORP,,,-0.042298,0.3784615384615384,0.0011041589988958,-2.316652645600014e-09,-0.038976,7.231093702922567,27.17,92932.0,2524962.44,0.0150000000000005,27.21,27.18
2010-05-21,ATO,32986,ATMOS ENERGY CORP,,,-0.001288,-0.274702380952381,0.0003731343283581,-9.860422957024479e-11,0.015024,5.244695045839969,26.8,92932.0,2490577.6,0.004999999999999,26.83,26.82
2010-05-24,ATO,32986,ATMOS ENERGY CORP,,,-0.001866,0.155313910545753,0.0003738317757008,-1.2388032204900444e-10,-0.012908,6.059269143029312,26.75,92932.0,2485931.0,0.004999999999999,26.77,26.76
2010-05-25,ATO,32986,ATMOS ENERGY CORP,,,-0.01271,-0.0454626176522819,0.0003786444528588,-8.953620457367276e-10,0.000354,5.783798906727499,26.41,92932.0,2454334.12,0.0050000000000007,26.44,26.43
2010-05-26,ATO,32986,ATMOS ENERGY CORP,,,0.005301,0.0122790697674417,0.000376647834275,3.6695647298135004e-10,-0.005661,5.85481857702406,26.55,92932.0,2467344.6,0.0050000000000007,26.59,26.58
2010-05-27,ATO,32986,ATMOS ENERGY CORP,,,0.021846,-0.2743980885866568,0.0003685956505712,2.039599944878705e-09,0.032876,4.248267550467008,27.13,92932.0,2521245.16,0.004999999999999,27.15,27.14
2010-05-28,ATO,32986,ATMOS ENERGY CORP,,,-0.000369,-0.3639817629179331,0.0014749262536872,-5.41863587824193e-11,-0.012375,2.69573899320429,27.12,93147.0,2526146.64,0.0199999999999995,27.18,27.14
2010-06-01,ATO,32986,ATMOS ENERGY CORP,,,-0.024336,0.2552767821585027,0.0003779289493575,-2.9179184364100964e-09,-0.017165,3.3838985689286827,26.46,93147.0,2464669.62,0.0050000000000007,26.44,26.43
2010-06-02,ATO,32986,ATMOS ENERGY CORP,,,0.024188,0.1551395939086295,0.0014760147601475,2.451376340184715e-09,0.025843,3.908875218740271,27.1,93147.0,2524283.7,0.0199999999999995,27.14,27.1
2010-06-03,ATO,32986,ATMOS ENERGY CORP,,,0.011439,-0.2850865146937654,0.0003648303538853,1.6032633185153994e-09,0.004051,2.794507606256777,27.41,93147.0,2553159.27,0.004999999999999,27.43,27.42
2010-06-04,ATO,32986,ATMOS ENERGY CORP,,,-0.0332,0.1817134076066078,0.0003773584905659,-4.072919989204308e-09,-0.034411,3.30230710597228,26.5,93147.0,2468395.5,0.004999999999999,26.49,26.48
2010-06-07,ATO,32986,ATMOS ENERGY CORP,,,0.008302,0.4840702210663199,0.0007485029940119,6.80621232890189e-10,-0.013532,4.900855636789161,26.72,93147.0,2488887.84,0.0099999999999997,26.74,26.72
2010-06-08,ATO,32986,ATMOS ENERGY CORP,,,0.017964,0.2293537787513691,0.000735294117647,1.176837449163557e-09,0.010976,6.024885396201703,27.2,93147.0,2533598.4,0.0099999999999997,27.18,27.16
2010-06-09,ATO,32986,ATMOS ENERGY CORP,,,-0.009926,-0.1225944404846757,0.0003713330857778,-7.485483772201179e-10,-0.005942,5.286267942070062,26.93,93147.0,2508448.71,0.004999999999999,26.95,26.94
2010-06-10,ATO,32986,ATMOS ENERGY CORP,,,0.036019,0.2619821283509342,0.0007168458781361,2.077572552670407e-09,0.029507,6.671175668566889,27.9,93147.0,2598801.3,0.0099999999999997,27.93,27.91
2010-06-11,ATO,32986,ATMOS ENERGY CORP,,,-0.000717,-0.6742838751206952,0.0003586800573888,-1.2706205590305148e-10,0.00438,2.1729094871547123,27.88,93147.0,2596938.36,0.0050000000000007,27.91,27.9
2010-06-14,ATO,32986,ATMOS ENERGY CORP,,,-0.000717,0.576086956521739,0.0003589375448672,-8.067655789021237e-11,-0.001805,3.424694300406884,27.86,93147.0,2595075.42,0.0050000000000007,27.85,27.84
2010-06-15,ATO,32986,ATMOS ENERGY CORP,,,0.01005,0.3467084639498432,0.0007107320540157,8.31338121840915e-10,0.023494,4.612064800798738,28.14,93147.0,2621156.58,0.0100000000000015,28.17,28.15
2010-06-16,ATO,32986,ATMOS ENERGY CORP,,,0.008529,-0.592877094972067,0.0007047216349541,1.7182878286233025e-09,-0.000556,1.877677219878257,28.38,93147.0,2643511.86,0.0099999999999997,28.4,28.38
2010-06-17,ATO,32986,ATMOS ENERGY CORP,,,0.003876,-0.057175528873642,0.0003510003510004,8.250317528668043e-10,0.001283,1.7703200317777277,28.49,93147.0,2653758.03,0.0050000000000007,28.53,28.52
2010-06-18,ATO,32986,ATMOS ENERGY CORP,,,0.006318,0.4566403881140084,0.0006975933031043,9.174426496696305e-10,0.001317,2.578719658174713,28.67,93147.0,2670524.49,0.0100000000000015,28.67,28.65
2010-06-21,ATO,32986,ATMOS ENERGY CORP,,,-0.00279,0.023730224812656,0.0010493179433368,-3.9685469186793526e-10,-0.003857,2.6399132553920146,28.59,93147.0,2663072.73,0.0150000000000005,28.59,28.56
2010-06-22,ATO,32986,ATMOS ENERGY CORP,,,-0.017139,0.1053273688491256,0.0003558718861209,-2.2440354143589987e-09,-0.016071,2.917968372572385,28.1,93147.0,2617430.7,0.004999999999999,28.08,28.07
2010-06-23,ATO,32986,ATMOS ENERGY CORP,,,-0.013879,-0.2041942604856512,0.0003608805485384,-2.315608475804402e-09,-0.002985,2.322135978614448,27.71,93147.0,2581103.37,0.0050000000000007,27.75,27.74
2010-06-24,ATO,32986,ATMOS ENERGY CORP,,,-0.003248,-0.0883032824780397,0.0003620564808109,-5.963283213357753e-10,-0.016803,2.117083749342437,27.62,93147.0,2572720.14,0.004999999999999,27.61,27.6
2010-06-25,ATO,32986,ATMOS ENERGY CORP,,,0.010138,0.774340770791075,0.0003584229390681,1.038494357322778e-09,0.002859,3.756428011637519,27.9,93147.0,2598801.3,0.0050000000000007,27.89,27.88
2010-06-28,ATO,32986,ATMOS ENERGY CORP,,,0.003584,-0.3389539868533867,0.0003571428571427,5.533938607868568e-10,-0.002034,2.483171760765242,28.0,93147.0,2608116.0,0.004999999999999,28.02,28.01
2010-06-29,ATO,32986,ATMOS ENERGY CORP,,,-0.028214,1.4280155642023344,0.0003675119441381,-1.8463287022640198e-09,-0.031017,6.029179683725724,27.21,93147.0,2534529.87,0.004999999999999,27.18,27.17
2010-06-30,ATO,32986,ATMOS ENERGY CORP,,,-0.006248,0.1152065527065526,0.0003698224852071,-3.689367535644203e-10,-0.010113,6.723780690736148,27.04,93147.0,2518694.88,0.0050000000000007,27.05,27.04
2010-07-01,ATO,32986,ATMOS ENERGY CORP,,,-0.006657,0.0544467507584225,0.0011169024571854,-3.75288696622413e-10,-0.00324,7.089868702158953,26.86,93147.0,2501928.42,0.0150000000000005,26.86,26.83
2010-07-02,ATO,32986,ATMOS ENERGY CORP,,,-0.001489,-0.3544821320411871,0.0003728560775541,-1.3023286405770619e-10,-0.004662,4.576636928725563,26.82,93147.0,2498202.54,0.0050000000000007,26.78,26.77
2010-07-06,ATO,32986,ATMOS ENERGY CORP,,,0.005593,0.0004691531785128,0.0003707823507601,4.862334555219836e-10,0.005359,4.578784072487573,26.97,93147.0,2512174.59,0.0050000000000007,26.92,26.91
2010-07-07,ATO,32986,ATMOS ENERGY CORP,,,0.031887,-0.0147713950762016,0.0003593244699963,2.726744258632894e-09,0.031331,4.51114904398424,27.83,93147.0,2592281.01,0.004999999999999,27.86,27.85
2010-07-08,ATO,32986,ATMOS ENERGY CORP,,,0.020841,0.6130414088529272,0.0003519887363603,1.0822952573750156e-09,0.009413,7.276670209453874,28.41,93147.0,2646306.27,0.004999999999999,28.43,28.42
2010-07-09,ATO,32986,ATMOS ENERGY CORP,,,-0.000704,-0.65491295367365,0.0007044734061289,-1.0601737450080347e-10,0.007204,2.51108462967138,28.39,93147.0,2644443.33,0.0099999999999997,28.43,28.41
2010-07-12,ATO,32986,ATMOS ENERGY CORP,,,0.002113,0.1988029072253099,0.0003514938488575,2.6487393104001565e-10,0.000733,3.0102955543388408,28.45,93147.0,2650032.15,0.004999999999999,28.49,28.48
2010-07-13,ATO,32986,ATMOS ENERGY CORP,,,0.014411,-0.0813124108416547,0.0006930006930006,1.9384380797424274e-09,0.015379,2.765521165469634,28.86,93147.0,2688222.42,0.0099999999999997,28.9,28.88
2010-07-14,ATO,32986,ATMOS ENERGY CORP,,,-0.004851,0.4340062111801241,0.0003481894150418,-4.5724603475032165e-10,-0.000155,3.9657745284335513,28.72,93147.0,2675181.84,0.0050000000000007,28.71,28.7
2010-07-15,ATO,32986,ATMOS ENERGY CORP,,,0.001045,-0.0387114239306984,0.0003478260869564,1.0235940886216985e-10,0.001196,3.8122537494497934,28.75,93147.0,2677976.25,0.004999999999999,28.74,28.73
2010-07-16,ATO,32986,ATMOS ENERGY CORP,,,-0.025391,-0.2706279921148972,0.0003568879371876,-3.4987419355727704e-09,-0.02882,2.780551171803708,28.02,93147.0,2609978.94,0.004999999999999,27.99,27.98
2010-07-19,ATO,32986,ATMOS ENERGY CORP,,,0.015703,0.4795366795366795,0.0003513703443429,1.4398665232821364e-09,0.005982,4.113927448012282,28.46,93147.0,2650963.62,0.0050000000000007,28.5,28.49
2010-07-20,ATO,32986,ATMOS ENERGY CORP,,,0.008784,-0.1268267223382045,0.0003483106931382,9.143936427156739e-10,0.011417,3.5921715138437094,28.71,93147.0,2674250.37,0.004999999999999,28.72,28.71
2010-07-21,ATO,32986,ATMOS ENERGY CORP,,,-0.009753,0.1096832038254631,0.0003517411185368,-9.23924354723671e-10,-0.01282,3.986172394172652,28.43,93147.0,2648169.21,0.0050000000000007,28.44,28.43
2010-07-22,ATO,32986,ATMOS ENERGY CORP,,,0.015828,0.0829517910045785,0.0003462603878116,1.362996622303543e-09,0.022513,4.316832533522282,28.88,93147.0,2690085.36,0.0050000000000007,28.92,28.91
2010-07-23,ATO,32986,ATMOS ENERGY CORP,,,0.003463,-0.2621238497886098,0.0006901311249137,4.0275094128349503e-10,0.00822,3.185287770942704,28.98,93147.0,2699400.06,0.0099999999999997,29.0,28.98
2010-07-26,ATO,32986,ATMOS ENERGY CORP,,,0.017598,-0.1193124368048533,0.0003390979993218,2.283753001173022e-09,0.0112,2.80524332506683,29.49,93147.0,2746905.03,0.0050000000000007,29.5,29.49
2010-07-27,ATO,32986,ATMOS ENERGY CORP,,,0.010851,0.4339839265212399,0.0003354579000335,9.714581460539112e-10,-0.001049,4.022673838126832,29.81,93147.0,2776712.07,0.0050000000000007,29.8,29.79
2010-07-28,ATO,32986,ATMOS ENERGY CORP,,,-0.013083,-0.1868161195623164,0.0006798096532971,-1.4594600745135635e-09,-0.006922,3.271173521423127,29.42,93147.0,2740384.74,0.0100000000000015,29.42,29.4
2010-07-29,ATO,32986,ATMOS ENERGY CORP,,,-0.007138,0.1614702986544141,0.000342348510784,-6.90501178292183e-10,-0.004159,3.799370886877731,29.21,93147.0,2720823.87,0.0050000000000007,29.23,29.22
2010-07-30,ATO,32986,ATMOS ENERGY CORP,,,-0.007189,0.141282848262221,0.0006896551724137,-6.13757246160282e-10,6.4e-05,4.336156827380377,29.0,93147.0,2701263.0,0.0099999999999997,28.97,28.95
2010-08-02,ATO,32986,ATMOS ENERGY CORP,,,0.010345,-0.301312205991582,0.0003412969283275,1.2511398736886915e-09,0.022023,3.029619848196936,29.3,93147.0,2729207.1,0.004999999999999,29.31,29.3
2010-08-03,ATO,32986,ATMOS ENERGY CORP,,,0.001707,-0.2579730687455704,0.0003407155025552,2.7774659162464673e-10,-0.004796,2.248059518825083,29.35,93147.0,2733864.45,0.004999999999999,29.36,29.35
2010-08-04,ATO,32986,ATMOS ENERGY CORP,,,0.006133,1.0998089780324736,0.0003386386725363,4.723381802742241e-10,0.006051,4.720495560780272,29.53,93147.0,2750630.91,0.004999999999999,29.52,29.51
2010-08-05,ATO,32986,ATMOS ENERGY CORP,,,0.00237,-0.3650216056402092,0.0003378378378378,2.8677495547123056e-10,-0.001269,2.9974126917667774,29.6,93147.0,2757151.2,0.0050000000000007,29.57,29.56
2010-08-06,ATO,32986,ATMOS ENERGY CORP,,,-0.001689,-0.0429799426934097,0.0003384094754652,-2.1391227696890484e-10,-0.003704,2.868584066046142,29.55,93147.0,2752493.85,0.004999999999999,29.56,29.55
2010-08-09,ATO,32986,ATMOS ENERGY CORP,,,-0.00643,1.1482035928143717,0.0003405994550408,-3.8154259510676067e-10,0.005483,6.16230259697038,29.36,93147.0,2734795.92,0.004999999999999,29.36,29.35
2010-08-10,ATO,32986,ATMOS ENERGY CORP,,,-0.006812,-0.0320557491289198,0.0003429355281207,-4.2046019034526615e-10,-0.005967,5.964765370865407,29.16,93147.0,2716166.52,0.0050000000000007,29.12,29.11
2010-08-11,ATO,32986,ATMOS ENERGY CORP,,,-0.008916,-0.1969042476601872,0.0003460207612457,-6.914211356491341e-10,-0.028179,4.790277733045616,28.9,93147.0,2691948.3,0.0050000000000007,28.91,28.9
2010-08-12,ATO,32986,ATMOS ENERGY CORP,,,-0.009343,0.0017929179740026,0.0003492839678659,-7.300581905527672e-10,-0.005379,4.798866308093658,28.63,93147.0,2666798.61,0.0050000000000007,28.62,28.61
2010-08-13,ATO,32986,ATMOS ENERGY CORP,,,0.001746,-0.2946308724832215,0.0003486750348674,1.9308170341854142e-10,-0.004024,3.384972140809688,28.68,93147.0,2671455.96,0.004999999999999,28.72,28.71
2010-08-16,ATO,32986,ATMOS ENERGY CORP,,,0.002441,-0.2629241991753885,0.0003478260869565,3.6533712489710397e-10,0.00012,2.4949810514563,28.75,93147.0,2677976.25,0.0050000000000007,28.75,28.74
2010-08-17,ATO,32986,ATMOS ENERGY CORP,,,0.008696,0.3326161790017212,0.0006896551724137,9.682339973055124e-10,0.012192,3.324852115473392,29.0,93147.0,2701263.0,0.0099999999999997,29.03,29.01
2010-08-18,ATO,32986,ATMOS ENERGY CORP,,,0.00069,0.2063287051985793,0.0003445899379737,6.364214593199403e-11,0.001483,4.010864547435774,29.02,93147.0,2703125.94,0.004999999999999,29.04,29.03
2010-08-19,ATO,32986,ATMOS ENERGY CORP,,,-0.015507,-0.0588865096359743,0.0003500175008749,-1.5437205307364344e-09,-0.016935,3.774678733614609,28.57,93147.0,2661209.79,0.004999999999999,28.58,28.57
2010-08-20,ATO,32986,ATMOS ENERGY CORP,,,0.00455,-0.0403868031854379,0.0003484320557491,4.69877253603597e-10,-0.003663,3.6222315265118574,28.7,93147.0,2673318.9,0.0050000000000007,28.71,28.7
2010-08-23,ATO,32986,ATMOS ENERGY CORP,,,0.004007,0.1381149970361588,0.0003511235955056,3.663938143726592e-10,-0.00404,4.122516023060324,28.48,93147.0,2652826.56,0.0050000000000007,28.51,28.5
2010-08-24,ATO,32986,ATMOS ENERGY CORP,,,-0.005618,0.1335937499999999,0.0003531073446326,-4.557218153335384e-10,-0.014512,4.673258398016039,28.32,93147.0,2637923.04,0.004999999999999,28.36,28.35
2010-08-25,ATO,32986,ATMOS ENERGY CORP,,,0.008475,-0.2209970135538709,0.0003501400560224,8.750920008227413e-10,0.003289,3.640482248488948,28.56,93147.0,2660278.32,0.0050000000000007,28.53,28.52
2010-08-26,ATO,32986,ATMOS ENERGY CORP,,,-0.0007,-0.2736655853730463,0.0003503854239664,-9.958172828926272e-11,-0.007685,2.644207542916036,28.54,93147.0,2658415.38,0.0050000000000007,28.57,28.56
2010-08-27,ATO,32986,ATMOS ENERGY CORP,,,0.011913,0.2821762078765732,0.0010387811634349,1.3062064597846739e-09,0.016587,3.390340000214714,28.88,93147.0,2690085.36,0.0150000000000005,28.92,28.89
2010-08-30,ATO,32986,ATMOS ENERGY CORP,,,-0.021814,0.7257758074730842,0.000353982300885,-1.4168385158723715e-09,-0.014719,5.850966751478845,28.25,93147.0,2631402.75,0.0050000000000007,28.23,28.22
2010-08-31,ATO,32986,ATMOS ENERGY CORP,,,0.00177,0.2280733944954127,0.0007067137809187,9.344713822098824e-11,0.000391,7.423881093672009,28.3,90155.0,2551386.5,0.0099999999999997,28.32,28.3
2010-09-01,ATO,32986,ATMOS ENERGY CORP,,,0.023322,-0.4676527715523682,0.0006906077348066,2.2602236305304822e-09,0.029505,3.952082524541068,28.96,90155.0,2610888.8000000003,0.0099999999999997,28.94,28.92
2010-09-02,ATO,32986,ATMOS ENERGY CORP,,,-0.001036,-0.2711198428290766,0.0010369858278603,-1.3789209570829486e-10,0.009081,2.8805945316399533,28.93,90155.0,2608184.15,0.0150000000000005,28.92,28.89
2010-09-03,ATO,32986,ATMOS ENERGY CORP,,,0.007259,0.0931844435887563,0.0003431708991078,8.774489456228244e-10,0.013219,3.1490211302756363,29.14,90155.0,2627116.7,0.0050000000000007,29.16,29.15
2010-09-07,ATO,32986,ATMOS ENERGY CORP,,,-0.017159,0.7079957731595632,0.0010474860335194,-1.2355683542422502e-09,-0.011471,5.378514780100938,28.64,90155.0,2582039.2,0.0149999999999987,28.63,28.6
2010-09-08,ATO,32986,ATMOS ENERGY CORP,,,-0.006285,-0.3635801196122912,0.0007027406886858,-7.156068095253925e-10,0.006439,3.4229937330153626,28.46,90155.0,2565811.3000000003,0.0099999999999997,28.48,28.46
2010-09-09,ATO,32986,ATMOS ENERGY CORP,,,0.01019,-0.3272845106934543,0.0003478260869565,1.7072966406969923e-09,0.004832,2.302700903998669,28.75,90155.0,2591956.25,0.0050000000000007,28.78,28.77
2010-09-10,ATO,32986,ATMOS ENERGY CORP,,,0.001391,0.7875722543352601,0.0003473428273705,1.3019506140461468e-10,0.004863,4.116244246020743,28.79,90155.0,2595562.45,0.004999999999999,28.81,28.8
2010-09-13,ATO,32986,ATMOS ENERGY CORP,,,0.008336,-0.1592562651576394,0.0003444712366516,9.203564835669555e-10,0.011131,3.460706560922855,29.03,90155.0,2617199.65,0.004999999999999,29.06,29.05
2010-09-14,ATO,32986,ATMOS ENERGY CORP,,,-0.004823,-0.1708333333333332,0.0003461405330564,-6.45317275195639e-10,-0.000713,2.8695025234318674,28.89,90155.0,2604577.95,0.0050000000000007,28.91,28.9
2010-09-15,ATO,32986,ATMOS ENERGY CORP,,,-0.0045,0.3073057595670661,0.0003477051460362,-4.626472966181922e-10,0.003541,3.75131717597471,28.76,90155.0,2592857.8000000003,0.0050000000000007,28.78,28.77
2010-09-16,ATO,32986,ATMOS ENERGY CORP,,,-0.006954,0.2350680070963926,0.0003501400560223,-5.829240961407307e-10,-0.000364,4.633131828517553,28.56,90155.0,2574826.8,0.004999999999999,28.56,28.55
2010-09-17,ATO,32986,ATMOS ENERGY CORP,,,-0.002451,0.5891788364855159,0.0003510003510004,-1.2960257009669482e-10,0.000827,7.362875048527536,28.49,90155.0,2568515.95,0.0050000000000007,28.51,28.5
2010-09-20,ATO,32986,ATMOS ENERGY CORP,,,0.009126,-0.5046700813498042,0.0003478260869565,9.654078070453822e-10,0.01521,3.647052298818701,28.75,90155.0,2591956.25,0.0050000000000007,28.76,28.75
2010-09-21,ATO,32986,ATMOS ENERGY CORP,,,-0.005217,0.3561435523114356,0.0003496503496502,-4.090885566552757e-10,-0.002564,4.94592645998558,28.6,90155.0,2578433.0,0.004999999999999,28.61,28.6
2010-09-22,ATO,32986,ATMOS ENERGY CORP,,,0.003497,-0.3162143978470508,0.0006968641114982,3.9962836961453055e-10,-0.004825,3.381953302645444,28.7,90155.0,2587448.5,0.0099999999999997,28.73,28.71
2010-09-23,ATO,32986,ATMOS ENERGY CORP,,,-0.004181,0.201377500819941,0.0003498950314906,-3.993751369538633e-10,-0.008331,4.063002606621929,28.58,90155.0,2576629.9,0.0050000000000007,28.6,28.59
2010-09-24,ATO,32986,ATMOS ENERGY CORP,,,0.012596,-0.2219492219492219,0.0003455425017276,1.5271766146534266e-09,0.021194,3.161222339304531,28.94,90155.0,2609085.7,0.004999999999999,28.95,28.94
2010-09-27,ATO,32986,ATMOS ENERGY CORP,,,0.003455,-0.0108771929824561,0.0006887052341597,4.2204267187336616e-10,-0.005667,3.126837113859464,29.04,90155.0,2618101.2,0.0099999999999997,29.08,29.06
2010-09-28,ATO,32986,ATMOS ENERGY CORP,,,0.000689,0.308974813763746,0.0003441156228493,6.425356751846941e-11,0.00485,4.092951028783761,29.06,90155.0,2619904.3,0.0050000000000007,29.09,29.08
2010-09-29,ATO,32986,ATMOS ENERGY CORP,,,-0.001721,-0.0991869918699187,0.0003447087211305,-1.7847283666240656e-10,-0.002588,3.686983528367811,29.01,90155.0,2615396.5500000003,0.004999999999999,29.04,29.03
2010-09-30,ATO,32986,ATMOS ENERGY CORP,,,0.008273,1.147713598074609,0.0003418803418802,3.961865903314286e-10,-0.003084,7.918584659752648,29.25,90155.0,2637033.75,0.004999999999999,29.29,29.28
2010-10-01,ATO,32986,ATMOS ENERGY CORP,,,0.005128,-0.2543773637764392,0.0006802721088435,3.2767568797197625e-10,0.004416,5.9042759691642175,29.4,90155.0,2650557.0,0.0099999999999997,29.36,29.34
2010-10-04,ATO,32986,ATMOS ENERGY CORP,,,0.0,0.0698854029682509,0.0003401360544218,0.0,-0.008035,6.316898674505019,29.4,90155.0,2650557.0,0.0050000000000007,29.39,29.38
2010-10-05,ATO,32986,ATMOS ENERGY CORP,,,0.00102,-0.1497805092186128,0.00067957866123,7.157891722992959e-11,0.020861,5.370750374355277,29.43,90155.0,2653261.65,0.0099999999999997,29.46,29.44
2010-10-06,ATO,32986,ATMOS ENERGY CORP,,,-0.002039,-0.5282940933498554,0.0003404834865508,-3.0396052061177305e-10,-0.000672,2.5334146747268598,29.37,90155.0,2647852.35,0.004999999999999,29.36,29.35
2010-10-07,ATO,32986,ATMOS ENERGY CORP,,,0.001021,0.2771453590192645,0.0006802721088436,1.190534492850963e-10,-0.001647,3.235538794298708,29.4,90155.0,2650557.0,0.0100000000000015,29.42,29.4
2010-10-08,ATO,32986,ATMOS ENERGY CORP,,,-0.002041,0.4429208090503942,0.0006816632583503,-1.652737835938602e-10,0.006122,4.668626254783429,29.34,90155.0,2645147.7,0.0099999999999997,29.38,29.36
2010-10-11,ATO,32986,ATMOS ENERGY CORP,,,-0.001704,0.2114516512235684,0.0006828269033799,-1.1409463064909867e-10,0.000146,5.655814985303089,29.29,90155.0,2640639.95,0.0099999999999997,29.29,29.27
2010-10-12,ATO,32986,ATMOS ENERGY CORP,,,-0.005804,0.0147087664247891,0.0006868131868131,-3.8522069349282335e-10,0.003819,5.739005046863735,29.12,90155.0,2625313.6,0.0099999999999997,29.15,29.13
2010-10-13,ATO,32986,ATMOS ENERGY CORP,,,0.003777,-0.3351372245844607,0.0003421142661649,3.75629530030472e-10,0.007121,3.815650823581609,29.23,90155.0,2635230.65,0.0050000000000007,29.26,29.25
2010-10-14,ATO,32986,ATMOS ENERGY CORP,,,-0.001711,0.1598837209302326,0.0006854009595613,-1.46957524036273e-10,-0.003641,4.425711275026344,29.18,90155.0,2630722.9,0.0099999999999997,29.21,29.19
2010-10-15,ATO,32986,ATMOS ENERGY CORP,,,0.0,-0.1606516290726817,0.0006854009595613,0.0,0.002028,3.7147135488880254,29.18,90155.0,2630722.9,0.0099999999999997,29.16,29.14
2010-10-18,ATO,32986,ATMOS ENERGY CORP,,,0.003084,-0.0633024783517467,0.0006832934745474,3.3587457371755315e-10,0.007244,3.4795629748766013,29.27,90155.0,2638836.85,0.0100000000000015,29.26,29.24
2010-10-19,ATO,32986,ATMOS ENERGY CORP,,,-0.003075,0.3971947720752311,0.0003427004797807,-2.4042983694400307e-10,-0.015877,4.861627197604126,29.18,90155.0,2630722.9,0.0050000000000007,29.21,29.2
2010-10-20,ATO,32986,ATMOS ENERGY CORP,,,0.004112,-0.2295231576545745,0.0003412969283276,4.1557979546439925e-10,0.010524,3.745771171870667,29.3,90155.0,2641541.5,0.0050000000000007,29.28,29.27
2010-10-21,ATO,32986,ATMOS ENERGY CORP,,,-0.005461,0.0038495706248149,0.0003431708991076,-5.528189616600157e-10,0.001774,3.760190782541179,29.14,90155.0,2627116.7,0.004999999999999,29.15,29.14
2010-10-22,ATO,32986,ATMOS ENERGY CORP,,,-0.001029,-0.5699115044247788,0.0003435245620062,-2.424463472595081e-10,0.002389,1.6172147967389496,29.11,90155.0,2624412.05,0.0050000000000007,29.09,29.08
2010-10-25,ATO,32986,ATMOS ENERGY CORP,,,-0.000344,0.5884773662551441,0.0003436426116839,-5.1041907780329866e-11,0.002147,2.5689091009927347,29.1,90155.0,2623510.5,0.0050000000000007,29.12,29.11
2010-10-26,ATO,32986,ATMOS ENERGY CORP,,,0.003436,1.0531088082901556,0.0003424657534245,2.4746841824755477e-10,1.7e-05,5.274249902944928,29.2,90155.0,2632526.0,0.004999999999999,29.22,29.21
2010-10-27,ATO,32986,ATMOS ENERGY CORP,,,0.003767,-0.1095688748685593,0.0006823609689525,3.035490989660313e-10,-0.002691,4.696356275303644,29.31,90155.0,2642443.05,0.0099999999999997,29.34,29.32
2010-10-28,ATO,32986,ATMOS ENERGY CORP,,,0.006141,-0.0245630609352858,0.0003390979993217,5.0421327211506e-10,0.001125,4.5809993899395485,29.49,90155.0,2658670.95,0.004999999999999,29.47,29.46
2010-10-29,ATO,32986,ATMOS ENERGY CORP,,,-0.001356,0.0648910411622276,0.000339558573854,-1.0469336656344023e-10,-0.000439,4.878265209916255,29.45,90155.0,2655064.75,0.0050000000000007,29.48,29.47
2010-11-01,ATO,32986,ATMOS ENERGY CORP,,,0.002716,-0.1066393815370623,0.0006772773450729,2.3409076981646024e-10,0.000947,4.358050024957018,29.53,90155.0,2662277.15,0.0100000000000015,29.51,29.49
2010-11-02,ATO,32986,ATMOS ENERGY CORP,,,0.008805,-0.1328582336472384,0.0003356831151392,8.675344375701823e-10,0.007759,3.7790471964949255,29.79,90155.0,2685717.45,0.004999999999999,29.77,29.76
2010-11-03,ATO,32986,ATMOS ENERGY CORP,,,0.000671,0.2016436747872028,0.0003354579000334,5.498100901868814e-11,0.003678,4.541068160390439,29.81,90155.0,2687520.55,0.004999999999999,29.79,29.78
2010-11-04,ATO,32986,ATMOS ENERGY CORP,,,0.019457,0.5036638983878847,0.0003290556103982,1.0400316782841042e-09,0.019283,6.828240252897787,30.39,90155.0,2739810.45,0.0050000000000007,30.41,30.4
2010-11-05,ATO,32986,ATMOS ENERGY CORP,,,0.000658,-0.3313840155945419,0.0003288391976322,5.2569531594288486e-11,0.003923,4.565470578448228,30.41,90155.0,2741613.55,0.004999999999999,30.4,30.39
2010-11-08,ATO,32986,ATMOS ENERGY CORP,,,-0.003288,0.0140913508260447,0.000329924117453,-2.598923091004833e-10,-0.002121,4.629804226055128,30.31,90155.0,2732598.05,0.0050000000000007,30.34,30.33
2010-11-09,ATO,32986,ATMOS ENERGY CORP,,,-0.005609,0.5455198850023957,0.0003317850033177,-2.8847962852423206e-10,-0.008052,7.155454495036326,30.14,90155.0,2717271.7,0.004999999999999,30.15,30.14
2010-11-10,ATO,32986,ATMOS ENERGY CORP,,,0.006636,-0.0700666563323515,0.0003295978905734,3.64596032979788e-10,0.004376,6.654095724030836,30.34,90155.0,2735302.7,0.004999999999999,30.33,30.32
2010-11-11,ATO,32986,ATMOS ENERGY CORP,,,-0.004285,-0.3467244540756793,0.0003310162197948,-3.6193021225327614e-10,-0.004242,4.346958016748933,30.21,90155.0,2723582.5500000003,0.0050000000000007,30.23,30.22
2010-11-12,ATO,32986,ATMOS ENERGY CORP,,,-0.001324,0.457004337841286,0.0003314550878356,-7.685578569077621e-11,-0.011808,6.3335366868171485,30.17,90155.0,2719976.35,0.0050000000000007,30.19,30.18
2010-11-15,ATO,32986,ATMOS ENERGY CORP,,,0.006298,-0.2978984238178633,0.0003293807641633,5.174457602147474e-10,-0.001217,4.446786090621707,30.36,90155.0,2737105.8,0.004999999999999,30.38,30.37
2010-11-16,ATO,32986,ATMOS ENERGY CORP,,,-0.01054,0.823896233474682,0.0003328894806924,-4.798488958558538e-10,-0.016205,8.110476401752537,30.04,90155.0,2708256.2,0.0050000000000007,30.07,30.06
2010-11-17,ATO,32986,ATMOS ENERGY CORP,,,0.003995,-0.3306892778993435,0.0003315649867374,2.7065838210378323e-10,0.000212,5.428428817037324,30.16,90155.0,2719074.8,0.0050000000000007,30.17,30.16
2010-11-18,ATO,32986,ATMOS ENERGY CORP,,,0.0126,-0.0533306089088679,0.0003274394237066,8.905108436657328e-10,0.015357,5.138927402806278,30.54,90155.0,2753333.7,0.0050000000000007,30.57,30.56
2010-11-19,ATO,32986,ATMOS ENERGY CORP,,,-0.001637,-0.3352039715087416,0.0003279763857001,-1.7431731928288174e-10,0.00254,3.416338528090511,30.49,90155.0,2748825.95,0.004999999999999,30.49,30.48
2010-11-22,ATO,32986,ATMOS ENERGY CORP,,,0.004592,0.547077922077922,0.0003264773098269,3.146240937514024e-10,-0.001575,5.285341911153014,30.63,90155.0,2761447.65,0.004999999999999,30.65,30.64
2010-11-23,ATO,32986,ATMOS ENERGY CORP,,,-0.010447,-0.2512067156348373,0.0006673340006673,-9.769672512572363e-10,-0.014284,3.957628528645112,29.97,90155.0,2701945.35,0.0099999999999997,30.0,29.98
2010-11-24,ATO,32986,ATMOS ENERGY CORP,,,0.012346,0.1076233183856503,0.0006591957811469,1.0296598069383691e-09,0.014923,4.383561643835616,30.34,90155.0,2735302.7,0.0099999999999997,30.37,30.35
2010-11-26,ATO,32986,ATMOS ENERGY CORP,,,-0.005603,-0.4726720647773279,0.0003314550878355,-8.91143405538799e-10,-0.007469,2.311574510565138,30.17,90155.0,2719976.35,0.004999999999999,30.2,30.19
2010-11-29,ATO,32986,ATMOS ENERGY CORP,,,0.001989,1.5537428023032631,0.0003307972213033,1.2362940119735914e-10,-0.001379,5.903166768343408,30.23,90155.0,2725385.65,0.0050000000000007,30.25,30.24
2010-11-30,ATO,32986,ATMOS ENERGY CORP,,,-0.005293,0.1845170988350244,0.0003325573661455,-2.79223689563607e-10,-0.00607,6.971754661476189,30.07,90422.0,2718989.54,0.004999999999999,30.06,30.05
2010-12-01,ATO,32986,ATMOS ENERGY CORP,,,0.01696,-0.3462880710659898,0.000327011118378,1.3458162018178355e-09,0.021617,4.557519187808277,30.58,90422.0,2765104.76,0.0050000000000007,30.59,30.58
2010-12-02,ATO,32986,ATMOS ENERGY CORP,,,0.026161,1.3317156030089785,0.0003186743148502,8.676073213442279e-10,0.012818,10.626838601225366,31.38,90422.0,2837442.36,0.0050000000000007,31.39,31.38
2010-12-03,ATO,32986,ATMOS ENERGY CORP,,,0.010835,-0.0029139348527422,0.0003152585119797,3.5652082009199314e-10,0.002603,10.595872685850788,31.72,90422.0,2868185.84,0.004999999999999,31.72,31.71
2010-12-06,ATO,32986,ATMOS ENERGY CORP,,,-0.004098,-0.1814006888633754,0.0003165558721114,-1.6540175492957168e-10,-0.001298,8.673774081528832,31.59,90422.0,2856430.98,0.0050000000000007,31.57,31.56
2010-12-07,ATO,32986,ATMOS ENERGY CORP,,,-0.012029,2.349611118194568,0.0003204101249598,-1.4670980903441903e-10,0.000515,29.053770100196854,31.21,90422.0,2822070.62,0.004999999999999,31.24,31.23
2010-12-08,ATO,32986,ATMOS ENERGY CORP,,,-0.009612,-0.7488866050017129,0.0003235198964736,-4.71376875080273e-10,0.003702,7.295790847360156,30.91,90422.0,2794944.02,0.0050000000000007,30.94,30.93
2010-12-09,ATO,32986,ATMOS ENERGY CORP,,,-0.003235,-0.1150522964984083,0.000324569944823,-1.798533353036586e-10,0.003843,6.456393355599301,30.81,90422.0,2785901.82,0.004999999999999,30.83,30.82
2010-12-10,ATO,32986,ATMOS ENERGY CORP,,,0.009413,-0.4066461116820828,0.0003215434083601,8.737552260086288e-10,0.006002,3.8309261020548098,31.1,90422.0,2812124.2,0.0050000000000007,31.12,31.11
2010-12-13,ATO,32986,ATMOS ENERGY CORP,,,0.002894,-0.4084872979214781,0.0006412311638345,4.5283625869624775e-10,4.8e-05,2.26604145008958,31.19,90422.0,2820262.18,0.0099999999999997,31.22,31.2
2010-12-14,ATO,32986,ATMOS ENERGY CORP,,,0.009618,0.522205954123963,0.0003175611305176,9.792571187298859e-10,0.000911,3.4493817876180577,31.49,90422.0,2847388.78,0.0050000000000007,31.48,31.47
2010-12-15,ATO,32986,ATMOS ENERGY CORP,,,-0.013973,0.5722988137223468,0.0006441223832529,-9.176511073808753e-10,-0.005122,5.42345889274734,31.05,90422.0,2807603.1,0.0100000000000015,31.1,31.08
2010-12-16,ATO,32986,ATMOS ENERGY CORP,,,0.008374,-0.4325040783034257,0.0003193867773873,9.610294192749632e-10,0.006185,3.0777908031231336,31.31,90422.0,2831112.82,0.004999999999999,31.33,31.32
2010-12-17,ATO,32986,ATMOS ENERGY CORP,,,0.000958,1.1250449155587496,0.0003190810465857,5.168746070835776e-11,0.000837,6.540443697330296,31.34,90422.0,2833825.48,0.004999999999999,31.31,31.3
2010-12-20,ATO,32986,ATMOS ENERGY CORP,,,-0.005424,-0.3319242475481907,0.0003208213025344,-4.404289407610895e-10,0.002548,4.369511844462631,31.17,90422.0,2818453.74,0.004999999999999,31.2,31.19
2010-12-21,ATO,32986,ATMOS ENERGY CORP,,,0.001604,-0.167046317388003,0.0003203074951953,1.5611462239240402e-10,0.00603,3.639600982061888,31.22,90422.0,2822974.84,0.004999999999999,31.24,31.23
2010-12-22,ATO,32986,ATMOS ENERGY CORP,,,0.004164,0.1127316924946824,0.0003189792663477,3.6270608003052167e-10,0.00338,4.049899360775033,31.35,90422.0,2834729.7,0.0050000000000007,31.37,31.36
2010-12-23,ATO,32986,ATMOS ENERGY CORP,,,-0.002552,-0.2550518842162752,0.0003197953309882,-2.991633741502213e-10,-0.001644,3.016964897923072,31.27,90422.0,2827495.94,0.0050000000000007,31.26,31.25
2010-12-27,ATO,32986,ATMOS ENERGY CORP,,,0.002239,-0.3376099706744868,0.0003190810465858,3.9536384244918627e-10,0.000613,1.9984074672093075,31.34,90422.0,2833825.48,0.0050000000000007,31.32,31.31
2010-12-28,ATO,32986,ATMOS ENERGY CORP,,,0.000638,0.4465965688987272,0.0006377551020408,7.782856830566962e-11,0.000771,2.89088938532658,31.36,90422.0,2835633.92,0.0099999999999997,31.34,31.32
2010-12-29,ATO,32986,ATMOS ENERGY CORP,,,0.003508,-0.516832440703902,0.0006355258976803,8.82590993294774e-10,0.001009,1.3967839685032404,31.47,90422.0,2845580.34,0.0099999999999997,31.45,31.43
2010-12-30,ATO,32986,ATMOS ENERGY CORP,,,-0.000953,0.0332541567695963,0.0003180661577608,-2.32273600265177e-10,-0.001508,1.443232841565106,31.44,90422.0,2842867.68,0.0050000000000007,31.46,31.45
2010-12-31,ATO,32986,ATMOS ENERGY CORP,,,-0.007634,0.8521072796934865,0.0003205128205127,-1.0123272121617178e-09,-0.000191,2.6666225355531283,31.2,90639.0,2827936.8,0.004999999999999,31.22,31.21
2011-01-03,ATO,32986,ATMOS ENERGY CORP,,,0.010256,-0.0889532478278858,0.0003172588832487,1.4776599030876407e-09,0.011315,2.4294178002846456,31.52,90639.0,2856941.28,0.0050000000000007,31.51,31.5
2011-01-04,ATO,32986,ATMOS ENERGY CORP,,,-0.000317,0.4722979109900092,0.000317359568391,-3.103114842071033e-11,-0.001313,3.576826752281027,31.51,90639.0,2856034.89,0.0050000000000007,31.51,31.5
2011-01-05,ATO,32986,ATMOS ENERGY CORP,,,0.003491,0.0456508328192473,0.0003162555344719,3.2567789700331557e-10,0.005007,3.74011187237282,31.62,90639.0,2866005.18,0.0050000000000007,31.66,31.65
2011-01-06,ATO,32986,ATMOS ENERGY CORP,,,0.002846,0.0218289085545722,0.0003153579312519,2.590960370505512e-10,-0.002123,3.821754432418716,31.71,90639.0,2874162.69,0.004999999999999,31.7,31.69
2011-01-07,ATO,32986,ATMOS ENERGY CORP,,,0.000946,0.1007505773672055,0.0003150598613737,7.816591367938193e-11,-0.001845,4.206798398040578,31.74,90639.0,2876881.86,0.0050000000000007,31.75,31.74
2011-01-10,ATO,32986,ATMOS ENERGY CORP,,,-0.004411,0.4109624967217413,0.000632911392405,-2.5945837842925037e-10,-0.001376,5.935634770904357,31.6,90639.0,2864192.4,0.0099999999999997,31.58,31.56
2011-01-11,ATO,32986,ATMOS ENERGY CORP,,,0.010759,-0.5053903345724907,0.0003130870381966,1.2658787838998194e-09,0.003725,2.935822328136895,31.94,90639.0,2895009.66,0.0050000000000007,31.92,31.91
2011-01-12,ATO,32986,ATMOS ENERGY CORP,,,0.007827,-0.0454716272078166,0.0006213109661384,9.572836480248918e-10,0.009008,2.802325709683469,32.19,90639.0,2917669.41,0.009999999999998,32.22,32.2
2011-01-13,ATO,32986,ATMOS ENERGY CORP,,,0.012426,0.6295275590551181,0.0003068425897513,9.211949795244287e-10,-0.001711,4.5664669733779055,32.59,90639.0,2953925.01,0.004999999999999,32.57,32.56
2011-01-14,ATO,32986,ATMOS ENERGY CORP,,,0.016876,-0.2780864943223,0.000301750150875,1.7042622309798435e-09,0.007385,3.29659418131268,33.14,90639.0,3003776.46,0.004999999999999,33.15,33.14
2011-01-18,ATO,32986,ATMOS ENERGY CORP,,,0.013277,0.7824631860776439,0.0002977963073257,7.423660481345291e-10,0.001376,5.876057767627621,33.58,90639.0,3043657.62,0.004999999999999,33.53,33.52
2011-01-19,ATO,32986,ATMOS ENERGY CORP,,,-0.003574,0.021028914757792,0.0002988643156006,-1.9642167413699215e-10,-0.010116,5.999624885534924,33.46,90639.0,3032780.94,0.004999999999999,33.48,33.47
2011-01-20,ATO,32986,ATMOS ENERGY CORP,,,-0.015242,-0.1798455314453843,0.0003034901365705,-1.0371741393741023e-09,-0.001295,4.920619159522943,32.95,90639.0,2986555.0500000003,0.004999999999999,32.97,32.96
2011-01-21,ATO,32986,ATMOS ENERGY CORP,,,0.001214,-0.5087443946188341,0.0003031221582297,1.6795540853077894e-10,0.002414,2.417281744061607,32.99,90639.0,2990180.6100000003,0.004999999999999,32.97,32.96
2011-01-24,ATO,32986,ATMOS ENERGY CORP,,,0.000303,0.3345504335919671,0.0003030303030302,3.1401566969282424e-11,0.005836,3.2259843996513644,33.0,90639.0,2991087.0,0.004999999999999,33.0,32.99
2011-01-25,ATO,32986,ATMOS ENERGY CORP,,,0.000909,0.0259917920656633,0.0006055101422949,9.173478655767484e-11,0.000263,3.3098335153741765,33.03,90639.0,2993806.17,0.0100000000000015,33.03,33.01
2011-01-26,ATO,32986,ATMOS ENERGY CORP,,,-0.000303,0.0776666666666667,0.0003028467595396,-2.8383101806532905e-11,0.004221,3.5668972517349045,33.02,90639.0,2992899.7800000003,0.004999999999999,33.05,33.04
2011-01-27,ATO,32986,ATMOS ENERGY CORP,,,-0.001514,0.1478502938447263,0.00030330603579,-1.2374167021994875e-10,0.002244,4.094264058517856,32.97,90639.0,2988367.83,0.004999999999999,32.96,32.95
2011-01-28,ATO,32986,ATMOS ENERGY CORP,,,-0.010616,-0.0870385340878469,0.0003065603923972,-9.60580025292137e-10,-0.017852,3.7379053166959033,32.62,90639.0,2956644.18,0.004999999999999,32.65,32.64
2011-01-31,ATO,32986,ATMOS ENERGY CORP,,,-0.000613,0.1948051948051947,0.0006134969325154,-4.645178108101555e-11,0.007663,4.466068690078222,32.6,90639.0,2954831.4,0.0100000000000015,32.64,32.62
2011-02-01,ATO,32986,ATMOS ENERGY CORP,,,0.017791,0.2611166007905139,0.0003013863773358,1.0503359528266855e-09,0.016694,5.632233365328391,33.18,90639.0,3007402.02,0.0050000000000025,33.17,33.16
2011-02-02,ATO,32986,ATMOS ENERGY CORP,,,-0.002411,-0.3676787463271302,0.0003021148036255,-2.2565018325303142e-10,-0.002723,3.561380862542614,33.1,90639.0,3000150.9,0.0050000000000025,33.09,33.08
2011-02-03,ATO,32986,ATMOS ENERGY CORP,,,0.000604,0.1781288723667906,0.0003019323671496,4.795349717550727e-11,0.002354,4.195765619655998,33.12,90639.0,3001963.68,0.004999999999999,33.14,33.13
2011-02-04,ATO,32986,ATMOS ENERGY CORP,,,-0.00151,-0.1680252432290296,0.0003023888720894,-1.4431327334233747e-10,0.002884,3.490771080881298,33.07,90639.0,2997431.73,0.004999999999999,33.05,33.04
2011-02-07,ATO,32986,ATMOS ENERGY CORP,,,0.005443,-0.206700379266751,0.0003007518796991,6.521882395231104e-10,0.00624,2.769227374529728,33.25,90639.0,3013746.75,0.004999999999999,33.23,33.22
2011-02-08,ATO,32986,ATMOS ENERGY CORP,,,0.007218,0.4183266932270917,0.0002985965959987,6.054129859324097e-10,0.004185,3.9276691049106898,33.49,90639.0,3035500.1100000003,0.004999999999999,33.48,33.47
2011-02-09,ATO,32986,ATMOS ENERGY CORP,,,-0.003285,0.0629213483146067,0.0005991611743557,-2.6007458479904026e-10,-0.002786,4.174803340725295,33.38,90639.0,3025529.8200000003,0.009999999999998,33.4,33.38
2011-02-10,ATO,32986,ATMOS ENERGY CORP,,,0.010186,-0.1931818181818182,0.0005931198102017,9.8943963097185e-10,0.00075,3.3683072408124537,33.72,90639.0,3056347.08,0.0100000000000015,33.71,33.69
2011-02-11,ATO,32986,ATMOS ENERGY CORP,,,-0.006524,0.1375696036685227,0.0002985074626865,-5.607436471543806e-10,0.005507,3.831683932964839,33.5,90639.0,3036406.5,0.004999999999999,33.5,33.49
2011-02-14,ATO,32986,ATMOS ENERGY CORP,,,0.0,0.0728476821192052,0.0002985074626865,0.0,0.002385,4.110813226094727,33.5,90639.0,3036406.5,0.004999999999999,33.5,33.49
2011-02-15,ATO,32986,ATMOS ENERGY CORP,,,0.002985,-0.1862587224906066,0.0002976190476191,2.930055597436864e-10,-0.003235,3.3451384062048346,33.6,90639.0,3045470.4,0.0050000000000025,33.63,33.62
2011-02-16,ATO,32986,ATMOS ENERGY CORP,,,0.00506,-0.0547493403693931,0.0002961208172933,5.228092587246637e-10,0.006257,3.1619942850207967,33.77,90639.0,3060879.0300000003,0.004999999999999,33.8,33.79
2011-02-17,ATO,32986,ATMOS ENERGY CORP,,,0.004738,-0.1332868108862526,0.0002947244326554,5.621595659909835e-10,0.003076,2.7405421507298184,33.93,90639.0,3075381.27,0.004999999999999,33.94,33.93
2011-02-18,ATO,32986,ATMOS ENERGY CORP,,,0.005895,0.0511272141706924,0.0002929973630236,6.615164515606681e-10,0.001925,2.880658436213992,34.13,90639.0,3093509.0700000003,0.004999999999999,34.11,34.1
2011-02-22,ATO,32986,ATMOS ENERGY CORP,,,-0.001758,0.6729222520107239,0.0002935133548575,-1.1813106177649762e-10,-0.020529,4.819117598384802,34.07,90639.0,3088070.73,0.004999999999999,34.12,34.11
2011-02-23,ATO,32986,ATMOS ENERGY CORP,,,-0.010567,0.6694139194139195,0.000299670362601,-4.342590128368395e-10,-0.006112,8.045101998036165,33.37,90639.0,3024623.43,0.004999999999999,33.4,33.39
2011-02-24,ATO,32986,ATMOS ENERGY CORP,,,-0.003296,-0.4492594624245749,0.0003006614552013,-2.4675800705775807e-10,-0.000994,4.430763799247565,33.26,90639.0,3014653.14,0.004999999999999,33.3,33.29
2011-02-25,ATO,32986,ATMOS ENERGY CORP,,,0.014131,-0.0388446215139441,0.000592943966795,1.0853486003603746e-09,0.01055,4.258652456448107,33.73,90639.0,3057253.47,0.009999999999998,33.72,33.7
2011-02-28,ATO,32986,ATMOS ENERGY CORP,,,0.002668,0.3572538860103627,0.0005913660555885,1.505787971282569e-10,0.005561,5.779434963430374,33.82,90649.0,3065749.18,0.0100000000000015,33.85,33.83
2011-03-01,ATO,32986,ATMOS ENERGY CORP,,,0.001183,-0.202328688681046,0.0002953337271115,8.360368489424876e-11,-0.01574,4.610089465962117,33.86,90649.0,3069375.14,0.004999999999999,33.85,33.84
2011-03-02,ATO,32986,ATMOS ENERGY CORP,,,0.012699,0.3905240488155062,0.0002916302128899,6.373106304406837e-10,0.001615,6.410440269611359,34.29,90649.0,3108354.21,0.004999999999999,34.33,34.32
2011-03-03,ATO,32986,ATMOS ENERGY CORP,,,0.016331,-0.2154534503527791,0.0002869440459109,1.02787523881845e-09,0.017219,5.029288795243191,34.85,90649.0,3159117.65,0.004999999999999,34.82,34.81
2011-03-04,ATO,32986,ATMOS ENERGY CORP,,,-0.002869,0.0311471813994297,0.0002877697841726,-1.756246566244133e-10,-0.007378,5.185936965658749,34.75,90649.0,3150052.75,0.004999999999999,34.73,34.72
2011-03-07,ATO,32986,ATMOS ENERGY CORP,,,0.002302,0.5086151882578176,0.0002871088142407,9.319296254679281e-11,-0.008341,7.823583271740449,34.83,90649.0,3157304.67,0.0050000000000025,34.77,34.76
2011-03-08,ATO,32986,ATMOS ENERGY CORP,,,0.004307,-0.3917089678510999,0.0002858776443681,2.85413772437154e-10,0.008923,4.759015543469867,34.98,90649.0,3170902.02,0.004999999999999,35.0,34.99
2011-03-09,ATO,32986,ATMOS ENERGY CORP,,,-0.005432,0.1022253129346313,0.0002874389192296,-3.2836345094753586e-10,-0.001362,5.24550739666185,34.79,90649.0,3153678.71,0.004999999999999,34.8,34.79
2011-03-10,ATO,32986,ATMOS ENERGY CORP,,,-0.025007,-0.021030494216614,0.0002948113207548,-1.583747948037209e-09,-0.018871,5.135191783693146,33.92,90649.0,3074814.08,0.0050000000000025,33.95,33.94
2011-03-11,ATO,32986,ATMOS ENERGY CORP,,,0.002653,-0.3207303974221267,0.0002940311673038,2.466997744645183e-10,0.00708,3.4881796820704034,34.01,90649.0,3082972.49,0.0050000000000025,33.99,33.98
2011-03-14,ATO,32986,ATMOS ENERGY CORP,,,-0.007939,0.4133459835547122,0.0002963841138116,-5.265145400647786e-10,-0.006049,4.930004743571358,33.74,90649.0,3058497.26,0.0050000000000025,33.77,33.76
2011-03-15,ATO,32986,ATMOS ENERGY CORP,,,-0.019858,-0.0447527411053927,0.0003023888720894,-1.4066147158476066e-09,-0.0112,4.709373517633951,33.07,90649.0,2997762.43,0.004999999999999,33.1,33.09
2011-03-16,ATO,32986,ATMOS ENERGY CORP,,,-0.003629,0.2297962052002811,0.0003034901365705,-2.0978394392658426e-10,-0.019495,5.791569680856932,32.95,90649.0,2986884.5500000003,0.004999999999999,32.94,32.93
2011-03-17,ATO,32986,ATMOS ENERGY CORP,,,0.001821,-0.394095238095238,0.0006058770069676,1.7342062711222467e-10,0.013398,3.509139648534457,33.01,90649.0,2992323.49,0.0100000000000015,33.03,33.01
2011-03-18,ATO,32986,ATMOS ENERGY CORP,,,0.006665,0.0078591637849732,0.000300932891965,6.256137632399679e-10,0.004302,3.536718551776633,33.23,90649.0,3012266.27,0.004999999999999,33.26,33.25
2011-03-21,ATO,32986,ATMOS ENERGY CORP,,,0.020163,0.0754834684965688,0.0002949852507374,1.7249964067921895e-09,0.014994,3.8036823351608953,33.9,90649.0,3073001.1,0.004999999999999,33.93,33.92
2011-03-22,ATO,32986,ATMOS ENERGY CORP,,,-0.006785,0.1873549883990719,0.0002970002970002,-4.922195933431888e-10,-0.003551,4.51632119493872,33.67,90649.0,3052151.83,0.004999999999999,33.66,33.65
2011-03-23,ATO,32986,ATMOS ENERGY CORP,,,-0.003861,-0.4726428920371275,0.000298151460942,-5.331925848530218e-10,0.002914,2.381714083994308,33.54,90649.0,3040367.46,0.004999999999999,33.51,33.5
2011-03-24,ATO,32986,ATMOS ENERGY CORP,,,0.000894,-0.1333950903195924,0.0002978850163836,1.4233522429022248e-10,0.009341,2.0640051186444417,33.57,90649.0,3043086.93,0.004999999999999,33.61,33.6
2011-03-25,ATO,32986,ATMOS ENERGY CORP,,,0.002979,0.2912880812399785,0.0002970002970004,3.662102172035946e-10,0.003161,2.6652252093238755,33.67,90649.0,3052151.83,0.0050000000000025,33.7,33.69
2011-03-28,ATO,32986,ATMOS ENERGY CORP,,,-0.004158,-0.0397350993377483,0.0002982403817476,-5.345187531495214e-10,-0.002748,2.5593222208739204,33.53,90649.0,3039460.97,0.004999999999999,33.55,33.54
2011-03-29,ATO,32986,ATMOS ENERGY CORP,,,-0.000895,0.6387931034482759,0.0002985074626865,-7.026937903852646e-11,0.00706,4.194199605070105,33.5,90649.0,3036741.5,0.004999999999999,33.48,33.47
2011-03-30,ATO,32986,ATMOS ENERGY CORP,,,0.010448,-0.3129931614939505,0.0002954209748891,1.1816838995568686e-09,0.006685,2.8814438107425344,33.85,90649.0,3068468.65,0.004999999999999,33.87,33.86
2011-03-31,ATO,32986,ATMOS ENERGY CORP,,,0.007386,-0.0179938744257274,0.0005865102639295,8.444375846752756e-10,-0.001829,2.829595472647244,34.1,90649.0,3091130.9,0.009999999999998,34.12,34.1
2011-04-01,ATO,32986,ATMOS ENERGY CORP,,,0.014076,-0.0007797270955165,0.0002891844997109,1.5882017237336867e-09,0.004963,2.82738916038787,34.58,90649.0,3134642.42,0.0050000000000025,34.56,34.55
2011-04-04,ATO,32986,ATMOS ENERGY CORP,,,-0.003759,0.0440889582520482,0.000290275761974,-4.0775283604626186e-10,0.000345,2.9520458030425045,34.45,90649.0,3122858.0500000003,0.0050000000000025,34.45,34.44
2011-04-05,ATO,32986,ATMOS ENERGY CORP,,,0.00029,-0.2126307922272048,0.0002901915264073,3.994093149414066e-11,-0.00018,2.324349965250582,34.46,90649.0,3123764.54,0.004999999999999,34.48,34.47
2011-04-06,ATO,32986,ATMOS ENERGY CORP,,,-0.002612,0.3863312766967253,0.0002909514111142,-2.6017291538194667e-10,0.002184,3.222319054815828,34.37,90649.0,3115606.13,0.004999999999999,34.39,34.38
2011-04-07,ATO,32986,ATMOS ENERGY CORP,,,-0.014838,-0.0859294762067784,0.0002953337271115,-1.641259117184441e-09,-0.00152,2.9454268662643823,33.86,90649.0,3069375.14,0.004999999999999,33.87,33.86
2011-04-08,ATO,32986,ATMOS ENERGY CORP,,,-0.001772,-0.3696629213483146,0.0005917159763314,-3.1150347892429344e-10,-0.004004,1.8566117662632795,33.8,90649.0,3063936.2,0.0100000000000015,33.78,33.76
2011-04-11,ATO,32986,ATMOS ENERGY CORP,,,-0.00858,0.0196078431372548,0.0008952551477171,-1.4920919128618323e-09,-0.002793,1.8930159185429516,33.51,90649.0,3037647.99,0.0150000000000005,33.54,33.51
2011-04-12,ATO,32986,ATMOS ENERGY CORP,,,-0.01701,0.3479020979020979,0.0003035822707953,-2.232570007016649e-09,-0.007777,2.551600127966111,32.94,90649.0,2985978.06,0.004999999999999,32.94,32.93
2011-04-13,ATO,32986,ATMOS ENERGY CORP,,,0.002125,-0.119325551232166,0.0006058770069674,3.160256847830436e-10,0.00019,2.2471290361724896,33.01,90649.0,2992323.49,0.009999999999998,33.04,33.02
2011-04-14,ATO,32986,ATMOS ENERGY CORP,,,0.005453,0.0225822287677956,0.000301295570955,7.887492791253954e-10,8.4e-05,2.297874218138093,33.19,90649.0,3008640.31,0.004999999999999,33.21,33.2
2011-04-15,ATO,32986,ATMOS ENERGY CORP,,,0.010545,-0.42822851656265,0.0002981514609423,2.63980449675488e-09,0.003925,1.3138589504572582,33.54,90649.0,3040367.46,0.0050000000000025,33.56,33.55
2011-04-18,ATO,32986,ATMOS ENERGY CORP,,,-0.017591,1.2426532325776658,0.0003034901365705,-1.9987626328763557e-09,-0.011018,2.9465300223940694,32.95,90649.0,2986884.5500000003,0.004999999999999,32.96,32.95
2011-04-19,ATO,32986,ATMOS ENERGY CORP,,,0.000607,-0.4537626357169599,0.0006066120715801,1.2618695251857308e-10,0.005731,1.6095047932133837,32.97,90649.0,2988697.53,0.009999999999998,32.97,32.95
2011-04-20,ATO,32986,ATMOS ENERGY CORP,,,0.015469,0.5908156271418781,0.0002986857825566,1.9906809006335077e-09,0.013515,2.5604253770036074,33.48,90649.0,3034928.52,0.004999999999999,33.51,33.5
2011-04-21,ATO,32986,ATMOS ENERGY CORP,,,-0.001792,-0.022834984920293,0.0008976660682226,-2.364223389557521e-10,0.005277,2.501958102130194,33.42,90649.0,3029489.58,0.0150000000000005,33.42,33.39
2011-04-25,ATO,32986,ATMOS ENERGY CORP,,,0.000898,-0.2768959435626102,0.0002989536621825,1.6369535892668342e-10,-0.001593,1.8091760526867369,33.45,90649.0,3032209.0500000003,0.0050000000000025,33.45,33.44
2011-04-26,ATO,32986,ATMOS ENERGY CORP,,,0.016442,1.5768292682926828,0.0002941176470589,1.144316694969516e-09,0.00898,4.661937804057408,34.0,90649.0,3082066.0,0.0050000000000025,34.02,34.01
2011-04-27,ATO,32986,ATMOS ENERGY CORP,,,0.012353,-0.2823000473260767,0.0002905287623474,1.183284471242442e-09,0.00625,3.345872541340776,34.42,90649.0,3120138.58,0.004999999999999,34.4,34.39
2011-04-28,ATO,32986,ATMOS ENERGY CORP,,,0.008135,-0.0095614902736564,0.0002881844380402,7.804195750526675e-10,0.003555,3.313881013579852,34.7,90649.0,3145520.3000000003,0.004999999999999,34.73,34.72
2011-04-29,ATO,32986,ATMOS ENERGY CORP,,,0.005475,-0.1960719041278296,0.0002866150759531,6.497795200176596e-10,0.002301,2.6641220531941885,34.89,90649.0,3162743.61,0.0050000000000025,34.88,34.87
2011-05-02,ATO,32986,ATMOS ENERGY CORP,,,-0.008025,-0.0819875776397515,0.000577867668304,-1.0458701033241463e-09,-0.001753,2.4456971395161555,34.61,90649.0,3137361.89,0.0100000000000015,34.6,34.58
2011-05-03,ATO,32986,ATMOS ENERGY CORP,,,0.000289,0.0063148398737031,0.0002888503755054,3.7417193420477845e-11,-0.003379,2.461141325331774,34.62,90649.0,3138268.38,0.004999999999999,34.6,34.59
2011-05-04,ATO,32986,ATMOS ENERGY CORP,,,-0.011554,0.2308381891528461,0.0005844535359437,-1.2295659421514443e-09,-0.006855,3.029266732120597,34.22,90649.0,3102008.78,0.009999999999998,34.19,34.17
2011-05-05,ATO,32986,ATMOS ENERGY CORP,,,-0.00789,-0.0258557902403495,0.0002945508100146,-8.687872489780187e-10,-0.00907,2.950942646912817,33.95,90649.0,3077533.5500000003,0.004999999999999,33.93,33.92
2011-05-06,ATO,32986,ATMOS ENERGY CORP,,,0.007364,-0.0041121495327103,0.0002923976608188,8.082644047556327e-10,0.00382,2.93880792948626,34.2,90649.0,3100195.8000000003,0.0050000000000025,34.17,34.16
2011-05-09,ATO,32986,ATMOS ENERGY CORP,,,0.011988,-0.0274024024024024,0.0002889338341519,1.3368347370953018e-09,0.004544,2.8582775320191067,34.61,90649.0,3137361.89,0.004999999999999,34.65,34.64
2011-05-10,ATO,32986,ATMOS ENERGY CORP,,,0.009535,-0.0501736781165572,0.0002862049227248,1.108884168297333e-09,0.008074,2.714867235159792,34.94,90649.0,3167276.06,0.0050000000000025,34.92,34.91
2011-05-11,ATO,32986,ATMOS ENERGY CORP,,,-0.015169,0.3149126371393742,0.000581226387678,-1.3622717976958576e-09,-0.011111,3.569813235667244,34.41,90649.0,3119232.09,0.0100000000000015,34.43,34.41
2011-05-12,ATO,32986,ATMOS ENERGY CORP,,,-0.001744,1.3000618046971568,0.0002911208151384,-6.821371780211803e-11,0.004895,8.210791073260598,34.35,90649.0,3113793.15,0.0050000000000025,34.34,34.33
2011-05-13,ATO,32986,ATMOS ENERGY CORP,,,-0.008734,-0.1182318957409647,0.0002936857562407,-3.9083519655757165e-10,-0.008067,7.240013679136008,34.05,90649.0,3086598.45,0.004999999999999,34.03,34.02
2011-05-16,ATO,32986,ATMOS ENERGY CORP,,,-0.011747,-0.4543653816852049,0.0002971768202079,-9.74849513259887e-10,-0.006204,3.950402100409271,33.65,90649.0,3050338.85,0.004999999999999,33.66,33.65
2011-05-17,ATO,32986,ATMOS ENERGY CORP,,,-0.008321,0.6308293772689193,0.0005993407252023,-4.269789532883691e-10,-0.000369,6.442431797372282,33.37,90649.0,3024957.13,0.0100000000000015,33.39,33.37
2011-05-18,ATO,32986,ATMOS ENERGY CORP,,,0.005694,-0.2919520547945206,0.0002979737783074,4.10317459173629e-10,0.008804,4.561550596255888,33.56,90649.0,3042180.4400000004,0.004999999999999,33.55,33.54
2011-05-19,ATO,32986,ATMOS ENERGY CORP,,,0.008343,0.0234582829504232,0.0002955082742316,5.82567469734143e-10,0.002178,4.66855674083553,33.84,90649.0,3067562.16,0.004999999999999,33.85,33.84
2011-05-20,ATO,32986,ATMOS ENERGY CORP,,,-0.000295,-0.1824196597353496,0.0002955956251846,-2.52025171761562e-11,-0.007688,3.81692020871714,33.83,90649.0,3066655.67,0.004999999999999,33.85,33.84
2011-05-23,ATO,32986,ATMOS ENERGY CORP,,,-0.012119,-0.1236994219653179,0.0006045949214027,-1.208292521846774e-09,-0.011926,3.344769385211089,33.08,90649.0,2998668.92,0.0100000000000015,33.1,33.08
2011-05-24,ATO,32986,ATMOS ENERGY CORP,,,-0.005441,-0.2895778364116095,0.0006079027355621,-7.677805905744032e-10,-0.000827,2.3761983033458725,32.9,90649.0,2982352.1,0.009999999999998,32.91,32.89
2011-05-25,ATO,32986,ATMOS ENERGY CORP,,,0.000912,0.6299907149489323,0.0009110233829335,7.888097647729496e-11,0.003183,3.8731811713311775,32.93,90649.0,2985071.57,0.0150000000000005,32.97,32.94
2011-05-26,ATO,32986,ATMOS ENERGY CORP,,,0.001822,-0.142694389062945,0.0003031221582297,1.8348457551316766e-10,0.003953,3.320499950357974,32.99,90649.0,2990510.51,0.004999999999999,33.01,33.0
2011-05-27,ATO,32986,ATMOS ENERGY CORP,,,0.003031,0.0627906976744185,0.0003022061045632,2.863353244549544e-10,0.004081,3.528996458868824,33.09,90649.0,2999575.41,0.004999999999999,33.11,33.1
2011-05-31,ATO,32986,ATMOS ENERGY CORP,,,0.007857,1.2519537355423571,0.0002998500749626,3.2702971112999857e-10,0.010593,7.975202036975534,33.35,90330.0,3012505.5,0.0050000000000025,33.38,33.37
2011-06-01,ATO,32986,ATMOS ENERGY CORP,,,-0.013493,-0.3453636868406441,0.0003039513677813,-8.696386355960823e-10,-0.022785,5.220856858186649,32.9,90330.0,2971857.0,0.0050000000000025,32.88,32.87
2011-06-02,ATO,32986,ATMOS ENERGY CORP,,,-0.012158,0.5139949109414759,0.0003076923076924,-5.239388062917475e-10,-0.001225,7.904350714048489,32.5,90330.0,2935725.0,0.0050000000000025,32.49,32.48
2011-06-03,ATO,32986,ATMOS ENERGY CORP,,,-0.018154,0.0595238095238095,0.0003133813851457,-7.52032474016582e-10,-0.009734,8.374847780360898,31.91,90330.0,2882430.3,0.0050000000000007,31.94,31.93
2011-06-06,ATO,32986,ATMOS ENERGY CORP,,,-0.004074,-0.2313284864507601,0.000629326620516,-2.204537104026121e-10,-0.01076,6.4375069190745045,31.78,90330.0,2870687.4,0.0099999999999997,31.77,31.75
2011-06-07,ATO,32986,ATMOS ENERGY CORP,,,-0.001259,1.0433361994840928,0.0003150598613737,-3.3383299568207304e-11,-0.000956,13.15399092217425,31.74,90330.0,2867074.2,0.0050000000000007,31.76,31.75
2011-06-08,ATO,32986,ATMOS ENERGY CORP,,,0.003781,-0.5399764349436122,0.000313873195229,2.1711572469105942e-10,-0.004187,6.051145798737961,31.86,90330.0,2877913.8,0.004999999999999,31.88,31.87
2011-06-09,ATO,32986,ATMOS ENERGY CORP,,,-0.004394,-0.0865349432857666,0.0003152585119797,-2.7743759295801006e-10,0.007378,5.527510240230267,31.72,90330.0,2865267.6,0.004999999999999,31.7,31.69
2011-06-10,ATO,32986,ATMOS ENERGY CORP,,,-0.004414,0.2685760064089726,0.0003166561114628,-2.2066941521905064e-10,-0.01398,7.012066865936013,31.58,90330.0,2852621.4,0.004999999999999,31.58,31.57
2011-06-13,ATO,32986,ATMOS ENERGY CORP,,,-0.004117,-0.438743290179981,0.0003179650238473,-3.6823122452310836e-10,0.000669,3.9355695782132174,31.45,90330.0,2840878.5,0.004999999999999,31.47,31.46
2011-06-14,ATO,32986,ATMOS ENERGY CORP,,,0.006677,-0.1178621659634318,0.0006317119393556,6.725032874805007e-10,0.012612,3.471714823425218,31.66,90330.0,2859847.8,0.0099999999999997,31.69,31.67
2011-06-15,ATO,32986,ATMOS ENERGY CORP,,,-0.010107,0.3386479591836735,0.0003190810465857,-7.682115621350671e-10,-0.017432,4.647403963245877,31.34,90330.0,2830942.2,0.004999999999999,31.36,31.35
2011-06-16,ATO,32986,ATMOS ENERGY CORP,,,0.005105,-0.0085755121486421,0.0003174603174603,3.893884960679771e-10,0.001754,4.607550094099413,31.5,90330.0,2845395.0,0.0050000000000007,31.48,31.47
2011-06-17,ATO,32986,ATMOS ENERGY CORP,,,0.013016,1.0658337337818358,0.0003133813851456,4.744094102182741e-10,0.003045,9.51843241448024,31.91,90330.0,2882430.3,0.004999999999999,31.93,31.92
2011-06-20,ATO,32986,ATMOS ENERGY CORP,,,0.008148,-0.4952314491742265,0.0003108486167235,5.835932094618309e-10,0.005395,4.804605335990258,32.17,90330.0,2905916.1,0.004999999999999,32.19,32.18
2011-06-21,ATO,32986,ATMOS ENERGY CORP,,,0.004352,-0.3329493087557603,0.0003095017022593,4.6526818937227816e-10,0.013423,3.204915310528064,32.31,90330.0,2918562.3000000003,0.004999999999999,32.3,32.29
2011-06-22,ATO,32986,ATMOS ENERGY CORP,,,-0.000619,0.0252158894645941,0.0003096934035306,-6.458902182795903e-11,-0.006468,3.285730100741725,32.29,90330.0,2916755.7,0.0050000000000025,32.31,32.3
2011-06-23,ATO,32986,ATMOS ENERGY CORP,,,-0.000929,1.0296495956873315,0.0003099814011158,-4.780423665947905e-11,-0.002828,6.668880770508137,32.26,90330.0,2914045.8,0.004999999999999,32.29,32.28
2011-06-24,ATO,32986,ATMOS ENERGY CORP,,,0.00124,0.0986055776892429,0.0003095975232197,5.800860211432e-11,-0.011726,7.326469611424776,32.3,90330.0,2917658.9999999995,0.004999999999999,32.28,32.27
2011-06-27,ATO,32986,ATMOS ENERGY CORP,,,0.001548,-0.6356905409489272,0.0003091190108191,1.9847209819496802e-10,0.009184,2.669102180892284,32.35,90330.0,2922175.5,0.004999999999999,32.37,32.36
2011-06-28,ATO,32986,ATMOS ENERGY CORP,,,0.008037,0.1277478224802986,0.0003066544004905,9.064293551832771e-10,0.012944,3.010074172478689,32.61,90330.0,2945661.3,0.004999999999999,32.6,32.59
2011-06-29,ATO,32986,ATMOS ENERGY CORP,,,0.015026,0.8499448326590657,0.0003021148036255,9.025004054224499e-10,0.008283,5.568471161297465,33.1,90330.0,2989923.0,0.0050000000000025,33.13,33.12
2011-06-30,ATO,32986,ATMOS ENERGY CORP,,,0.004532,0.0572564612326043,0.0003007518796991,2.5630077450112683e-10,0.010119,5.887302114469168,33.25,90330.0,3003472.5,0.004999999999999,33.26,33.25
2011-07-01,ATO,32986,ATMOS ENERGY CORP,,,0.018045,-0.4575028206092516,0.0002954209748891,1.8477890786398342e-09,0.01441,3.193844791320713,33.85,90330.0,3057670.5,0.004999999999999,33.83,33.82
2011-07-05,ATO,32986,ATMOS ENERGY CORP,,,-0.005908,0.0922010398613517,0.0002971768202079,-5.571947489016198e-10,-0.001336,3.4883206022362447,33.65,90330.0,3039604.5,0.004999999999999,33.68,33.67
2011-07-06,ATO,32986,ATMOS ENERGY CORP,,,0.010104,0.1415423675023801,0.0002942041776992,8.264217435290416e-10,0.001002,3.982065758884092,33.99,90330.0,3070316.7,0.004999999999999,33.98,33.97
2011-07-07,ATO,32986,ATMOS ENERGY CORP,,,0.000294,0.6205170975813177,0.0002941176470589,1.483454936271987e-11,0.010454,6.453005645964796,34.0,90330.0,3071220.0,0.0050000000000025,33.99,33.98
2011-07-08,ATO,32986,ATMOS ENERGY CORP,,,-0.001471,-0.4357522731171728,0.0002945508100146,-1.317373796082895e-10,-0.006961,3.6410937672976864,33.95,90330.0,3066703.5000000005,0.004999999999999,33.94,33.93
2011-07-11,ATO,32986,ATMOS ENERGY CORP,,,-0.008542,0.1596229857099422,0.0002970885323825,-6.653723764060295e-10,-0.01809,4.222296025683605,33.66,90330.0,3040507.8,0.004999999999999,33.65,33.64
2011-07-12,ATO,32986,ATMOS ENERGY CORP,,,0.001783,0.1077608809648662,0.0002965599051007,1.2515178953722614e-10,-0.004434,4.677294365105723,33.72,90330.0,3045927.6,0.004999999999999,33.75,33.74
2011-07-13,ATO,32986,ATMOS ENERGY CORP,,,0.00089,-0.1263905325443787,0.0002962962962964,7.144505654394571e-11,0.003106,4.0861286394331895,33.75,90330.0,3048637.5,0.0050000000000025,33.77,33.76
2011-07-14,ATO,32986,ATMOS ENERGY CORP,,,-0.004741,0.072879978325657,0.0002977076510865,-3.5642221560649657e-10,-0.006716,4.383925606110926,33.59,90330.0,3034184.7,0.004999999999999,33.57,33.56
2011-07-15,ATO,32986,ATMOS ENERGY CORP,,,0.008336,-0.1275252525252524,0.0002952465308532,7.123516877547888e-10,0.005554,3.82486438613971,33.87,90330.0,3059477.1,0.004999999999999,33.89,33.88
2011-07-18,ATO,32986,ATMOS ENERGY CORP,,,-0.01801,-0.0604920405209841,0.0003006614552013,-1.6681801627165716e-09,-0.00813,3.5934905347060777,33.26,90330.0,3004375.8,0.004999999999999,33.25,33.24
2011-07-19,ATO,32986,ATMOS ENERGY CORP,,,0.004811,-0.0449784349969193,0.0002992220227408,4.6437327464720755e-10,0.016309,3.4318609542787555,33.42,90330.0,3018828.6,0.004999999999999,33.44,33.43
2011-07-20,ATO,32986,ATMOS ENERGY CORP,,,0.013764,0.1564516129032258,0.0002951593860684,1.1332144462612322e-09,-0.000671,3.9687811358352714,33.88,90330.0,3060380.4000000004,0.004999999999999,33.87,33.86
2011-07-21,ATO,32986,ATMOS ENERGY CORP,,,0.011511,-0.4184100418410041,0.000583600817041,1.610990169055301e-09,0.013546,2.3082032547326468,34.27,90330.0,3095609.1,0.009999999999998,34.29,34.27
2011-07-22,ATO,32986,ATMOS ENERGY CORP,,,-0.002918,0.1011990407673861,0.0002926543751828,-3.7193617891277366e-10,0.000908,2.5417912100077493,34.17,90330.0,3086576.1,0.004999999999999,34.18,34.17
2011-07-25,ATO,32986,ATMOS ENERGY CORP,,,0.001463,0.4377177700348431,0.0002922267679718,1.295146202795993e-10,-0.005643,3.654378390346508,34.22,90330.0,3091092.6,0.004999999999999,34.25,34.24
2011-07-26,ATO,32986,ATMOS ENERGY CORP,,,-0.00789,-0.2038776128445925,0.0002945508100146,-8.843249204780062e-10,-0.004105,2.909332447691797,33.95,90330.0,3066703.5000000005,0.004999999999999,33.96,33.95
2011-07-27,ATO,32986,ATMOS ENERGY CORP,,,-0.004713,0.7313546423135464,0.0002959455460196,-3.0654755129451784e-10,-0.020309,5.037086239344625,33.79,90330.0,3052250.7,0.0050000000000025,33.81,33.8
2011-07-28,ATO,32986,ATMOS ENERGY CORP,,,-0.006215,-0.1285714285714285,0.0002977963073259,-4.667853846228952e-10,-0.003234,4.389460865714602,33.58,90330.0,3033281.4,0.0050000000000025,33.59,33.58
2011-07-29,ATO,32986,ATMOS ENERGY CORP,,,-0.004467,-0.1220680958385876,0.0002991325157043,-3.8386238082499557e-10,-0.006451,3.853647736078822,33.43,90330.0,3019731.9,0.004999999999999,33.43,33.42
2011-08-01,ATO,32986,ATMOS ENERGY CORP,,,0.014358,0.4613616776788278,0.0002948982601002,8.323470058029508e-10,-0.004132,5.631573120779365,33.91,90330.0,3063090.3,0.004999999999999,33.94,33.93
2011-08-02,ATO,32986,ATMOS ENERGY CORP,,,-0.007372,0.2130921957931983,0.0005941770647651,-3.549079015921077e-10,-0.025557,6.831617402856194,33.66,90330.0,3040507.8,0.009999999999998,33.69,33.67
2011-08-03,ATO,32986,ATMOS ENERGY CORP,,,0.001188,0.0568789499270783,0.0005934718100891,5.4051250412891495e-11,0.005016,7.220192627034208,33.7,90330.0,3044121.0000000005,0.0100000000000015,33.68,33.66
2011-08-04,ATO,32986,ATMOS ENERGY CORP,,,-0.050742,0.7919349892670959,0.0003125976867771,-1.3572201439586304e-09,-0.04782,12.938115797630909,31.99,90330.0,2889656.7,0.0050000000000007,32.0,31.99
2011-08-05,ATO,32986,ATMOS ENERGY CORP,,,-0.020631,-0.2787712843330195,0.000319182891797,-7.812388469170601e-10,-0.000575,9.33134063987601,31.33,90330.0,2830038.9,0.0050000000000007,31.34,31.33
2011-08-08,ATO,32986,ATMOS ENERGY CORP,,,-0.078519,0.2651560090164906,0.0003463803255975,-2.5503972979736103e-09,-0.066634,11.80560168271892,28.87,90330.0,2607827.1,0.0050000000000007,28.89,28.88
2011-08-09,ATO,32986,ATMOS ENERGY CORP,,,0.07274,-0.2155851462865716,0.0003228931223765,2.807799847180649e-09,0.047407,9.260489316948965,30.97,90330.0,2797520.1,0.0050000000000007,30.96,30.95
2011-08-10,ATO,32986,ATMOS ENERGY CORP,,,-0.032289,0.0149432157800357,0.0003336670003337,-1.2689957330711155e-09,-0.044152,9.39887080704085,29.97,90330.0,2707190.1,0.0050000000000007,29.98,29.97
2011-08-11,ATO,32986,ATMOS ENERGY CORP,,,0.041375,-0.2074204946996466,0.0003204101249598,1.9701246723462446e-09,0.04629,7.44935237462637,31.21,90330.0,2819199.3000000003,0.004999999999999,31.2,31.19
2011-08-12,ATO,32986,ATMOS ENERGY CORP,,,-0.000641,-0.3538415812156338,0.0003206155819173,-4.726646458348142e-11,0.005262,4.813461751356138,31.19,90330.0,2817392.7,0.0050000000000007,31.17,31.16
2011-08-15,ATO,32986,ATMOS ENERGY CORP,,,0.032382,0.0381784728610856,0.0003105590062111,2.2278515150931403e-09,0.021785,4.997232370198162,32.2,90330.0,2908626.0000000005,0.004999999999999,32.19,32.18
2011-08-16,ATO,32986,ATMOS ENERGY CORP,,,0.002484,-0.0487372618520159,0.0003097893432465,1.7920743563682704e-10,-0.009739,4.753680947636444,32.28,90330.0,2915852.4,0.004999999999999,32.28,32.27
2011-08-17,ATO,32986,ATMOS ENERGY CORP,,,0.006196,-0.2547741034000931,0.0003078817733989,5.961360837438425e-10,0.000947,3.542566146352264,32.48,90330.0,2933918.4,0.004999999999999,32.5,32.49
2011-08-18,ATO,32986,ATMOS ENERGY CORP,,,-0.016626,0.7315624999999999,0.0003130870381966,-9.394306257096156e-10,-0.044594,6.134174692793092,31.94,90330.0,2885140.2,0.0050000000000007,31.96,31.95
2011-08-19,ATO,32986,ATMOS ENERGY CORP,,,-0.005949,-0.4102147626782169,0.0006299212598425,-5.733478541620485e-10,-0.015009,3.617845676962249,31.75,90330.0,2867977.5,0.0099999999999997,31.75,31.73
2011-08-22,ATO,32986,ATMOS ENERGY CORP,,,-0.007874,0.6077111383108935,0.0003174603174603,-4.757675180210392e-10,0.000258,5.816450791542123,31.5,90330.0,2845395.0,0.0050000000000007,31.48,31.47
2011-08-23,ATO,32986,ATMOS ENERGY CORP,,,0.033016,0.0007613247049866,0.0003105590062111,1.950060127247684e-09,0.034285,5.820878999225064,32.2,90330.0,2908626.0000000005,0.004999999999999,32.18,32.17
2011-08-24,ATO,32986,ATMOS ENERGY CORP,,,0.030124,-0.2470521110688475,0.0003014772384684,2.293937946861572e-09,0.01312,4.382818554190192,33.17,90330.0,2996246.1,0.004999999999999,33.18,33.17
2011-08-25,ATO,32986,ATMOS ENERGY CORP,,,-0.022309,0.3071482697650922,0.0003083564600679,-1.3292993753919626e-09,-0.015566,5.728993689804052,32.43,90330.0,2929401.9,0.0050000000000025,32.45,32.44
2011-08-26,ATO,32986,ATMOS ENERGY CORP,,,-0.00555,0.3064734299516909,0.0009302325581395,-2.5453782466471517e-10,0.015122,7.484778036089892,32.25,90330.0,2913142.5,0.0150000000000005,32.27,32.24
2011-08-29,ATO,32986,ATMOS ENERGY CORP,,,0.024496,0.0918503180002958,0.0006053268765131,1.0043407726273514e-09,0.02828,8.172257278866379,33.04,90330.0,2984503.2,0.009999999999998,33.04,33.02
2011-08-30,ATO,32986,ATMOS ENERGY CORP,,,0.011199,-0.385261446762395,0.0002993115833582,7.386492776618186e-10,0.002347,5.023801616295804,33.41,90330.0,3017925.3,0.004999999999999,33.39,33.38
2011-08-31,ATO,32986,ATMOS ENERGY CORP,,,0.003891,0.6214191273688849,0.0005963029218841,1.5766612320276423e-10,0.004922,8.149748020158388,33.54,90285.0,3028158.9,0.009999999999998,33.51,33.49
2011-09-01,ATO,32986,ATMOS ENERGY CORP,,,0.018187,0.1649904865452569,0.0002928257686677,6.212811776433058e-10,-0.011871,9.494378911225564,34.15,90285.0,3083232.75,0.0050000000000025,34.17,34.16
2011-09-02,ATO,32986,ATMOS ENERGY CORP,,,-0.020205,-0.3819412039197387,0.0002988643156008,-1.1397798219540378e-09,-0.025282,5.868084399401894,33.46,90285.0,3020936.1,0.0050000000000025,33.45,33.44
2011-09-06,ATO,32986,ATMOS ENERGY CORP,,,-0.014644,-0.0660626651566629,0.00030330603579,-8.97658364614067e-10,-0.007436,5.48042310461317,32.97,90285.0,2976696.45,0.004999999999999,33.0,32.99
2011-09-07,ATO,32986,ATMOS ENERGY CORP,,,0.028511,-0.1008488278092158,0.0002948982601004,1.889827892496891e-09,0.028646,4.927728858614388,33.91,90285.0,3061564.35,0.0050000000000025,33.92,33.91
2011-09-08,ATO,32986,ATMOS ENERGY CORP,,,0.012091,2.901550910316925,0.0002913752913752,2.0296224496017096e-10,-0.010612,19.225785014121943,34.32,90285.0,3098581.2,0.004999999999999,34.35,34.34
2011-09-09,ATO,32986,ATMOS ENERGY CORP,,,-0.036422,-0.6189653185850905,0.0003023888720894,-1.6651961746664692e-09,-0.026705,7.325690867807499,33.07,90285.0,2985724.95,0.004999999999999,33.05,33.04
2011-09-12,ATO,32986,ATMOS ENERGY CORP,,,0.000302,-0.3512246749319625,0.0006045949214025,2.127565442363125e-11,0.006966,4.752727474109763,33.08,90285.0,2986627.8,0.009999999999998,33.08,33.06
2011-09-13,ATO,32986,ATMOS ENERGY CORP,,,-0.004837,0.1407597296667444,0.000303766707169,-3.00167428513982e-10,0.00912,5.421720108545163,32.92,90285.0,2972182.2,0.0050000000000025,32.92,32.91
2011-09-14,ATO,32986,ATMOS ENERGY CORP,,,0.015188,0.395505617977528,0.0005984440454816,6.6528825668107e-10,0.01348,7.566040870576508,33.42,90285.0,3017324.7,0.009999999999998,33.44,33.42
2011-09-15,ATO,32986,ATMOS ENERGY CORP,,,0.006882,-0.3328941589811155,0.0002971768202079,4.4879764684477055e-10,0.017187,5.047350058149195,33.65,90285.0,3038090.25,0.004999999999999,33.65,33.64
2011-09-16,ATO,32986,ATMOS ENERGY CORP,,,-0.004458,0.631336405529954,0.0002985074626865,-1.7900810716393819e-10,0.005707,8.23392590131251,33.5,90285.0,3024547.5,0.004999999999999,33.51,33.5
2011-09-19,ATO,32986,ATMOS ENERGY CORP,,,-0.000895,-0.5238095238095238,0.0002987750224082,-7.553775284047271e-11,-0.009803,3.9209170958631,33.47,90285.0,3021838.95,0.0050000000000025,33.49,33.48
2011-09-20,ATO,32986,ATMOS ENERGY CORP,,,0.005378,0.4694915254237288,0.0002971768202079,3.0723124549764545e-10,-0.001661,5.761754444259844,33.65,90285.0,3038090.25,0.004999999999999,33.68,33.67
2011-09-21,ATO,32986,ATMOS ENERGY CORP,,,-0.039525,-0.2216455209534794,0.0003094059405942,-3.020318548278636e-09,-0.02939,4.4846873788558455,32.32,90285.0,2918011.2,0.0050000000000025,32.34,32.33
2011-09-22,ATO,32986,ATMOS ENERGY CORP,,,-0.038366,0.4025685354408497,0.0012870012870012,-2.1736701609918726e-09,-0.031883,6.290081408871906,31.08,90285.0,2806057.8,0.0199999999999995,31.11,31.07
2011-09-23,ATO,32986,ATMOS ENERGY CORP,,,0.008044,-0.3041028350061631,0.0003191828917969,6.496728698418689e-10,0.006082,4.377249820014399,31.33,90285.0,2828629.05,0.004999999999999,31.29,31.28
2011-09-26,ATO,32986,ATMOS ENERGY CORP,,,0.003511,0.1700404858299595,0.0003180661577607,2.415074134727982e-10,0.023336,5.12155950600875,31.44,90285.0,2838560.4,0.004999999999999,31.45,31.44
2011-09-27,ATO,32986,ATMOS ENERGY CORP,,,0.01813,-0.0791522491349481,0.0006248047485161,1.330167929849306e-09,0.010688,4.716176552029684,32.01,90285.0,2890022.85,0.0100000000000015,32.03,32.01
2011-09-28,ATO,32986,ATMOS ENERGY CORP,,,-0.029991,-0.3405354626585251,0.0003220611916263,-3.439792449454285e-09,-0.020691,3.110151187904968,31.05,90285.0,2803349.25,0.004999999999999,31.02,31.01
2011-09-29,ATO,32986,ATMOS ENERGY CORP,,,0.061192,2.324786324786325,0.0006069802731412,1.9891997040516064e-09,0.008114,10.34058813756438,32.95,90285.0,2974890.7500000005,0.0100000000000015,32.95,32.93
2011-09-30,ATO,32986,ATMOS ENERGY CORP,,,-0.015175,-0.1715938303341901,0.0003081664098612,-6.046580384853383e-10,-0.024974,8.566207011131418,32.45,90285.0,2929748.2500000005,0.004999999999999,32.46,32.45
2011-10-03,ATO,32986,ATMOS ENERGY CORP,,,-0.045609,-0.291181794672873,0.0003228931223765,-2.68639774142092e-09,-0.028451,6.071883480090824,30.97,90285.0,2796126.45,0.0050000000000007,30.98,30.97
2011-10-04,ATO,32986,ATMOS ENERGY CORP,,,0.007749,0.6152863918278,0.0003204101249599,2.8039052041949657e-10,0.022488,9.807830758154733,31.21,90285.0,2817794.85,0.0050000000000007,31.23,31.22
2011-10-05,ATO,32986,ATMOS ENERGY CORP,,,0.025633,-0.412309429700734,0.0006248047485159,1.538779796186866e-09,0.017866,5.763969651658637,32.01,90285.0,2890022.85,0.009999999999998,32.04,32.02
2011-10-06,ATO,32986,ATMOS ENERGY CORP,,,0.014995,-0.3251345119139124,0.0003077870113882,1.3141418666756408e-09,0.018304,3.889904192280002,32.49,90285.0,2933359.6500000004,0.0050000000000025,32.49,32.48
2011-10-07,ATO,32986,ATMOS ENERGY CORP,,,-0.016928,0.1785307517084282,0.0003130870381965,-1.2804874082126987e-09,-0.008163,4.584371711801517,31.94,90285.0,2883702.9,0.004999999999999,31.97,31.96
2011-10-10,ATO,32986,ATMOS ENERGY CORP,,,0.021603,-0.1174196665861319,0.0006129328838493,1.8123718984115334e-09,0.034125,4.046076313894888,32.63,90285.0,2945999.5500000003,0.0100000000000015,32.63,32.61
2011-10-11,ATO,32986,ATMOS ENERGY CORP,,,-0.004597,-0.1303038598412264,0.000923645320197,-4.454933938669409e-10,0.000544,3.518856952982223,32.48,90285.0,2932456.8,0.0150000000000005,32.47,32.44
2011-10-12,ATO,32986,ATMOS ENERGY CORP,,,0.002771,0.2247403210576015,0.0006140620202641,2.1865405527520858e-10,0.009795,4.309685994351221,32.57,90285.0,2940582.45,0.0100000000000015,32.59,32.57
2011-10-13,ATO,32986,ATMOS ENERGY CORP,,,0.015659,-0.1056283731688512,0.0003022974607012,1.360251706069577e-09,-0.002974,3.854460873899319,33.08,90285.0,2986627.8,0.004999999999999,33.1,33.09
2011-10-14,ATO,32986,ATMOS ENERGY CORP,,,0.002418,-0.0749999999999999,0.0003015681544028,2.2652743005473759e-10,0.01738,3.56537630835687,33.16,90285.0,2993850.6,0.004999999999999,33.18,33.17
2011-10-17,ATO,32986,ATMOS ENERGY CORP,,,-0.009952,0.8036657347002174,0.0003045994517209,-5.221105310932246e-10,-0.01937,6.4307470786952425,32.83,90285.0,2964056.55,0.004999999999999,32.79,32.78
2011-10-18,ATO,32986,ATMOS ENERGY CORP,,,0.01523,-0.5497760936961764,0.0003000300030002,1.748070751987211e-09,0.020419,2.8952760702220743,33.33,90285.0,3009199.05,0.004999999999999,33.32,33.31
2011-10-19,ATO,32986,ATMOS ENERGY CORP,,,-0.0033,-0.0114766641162968,0.0006020469596627,-3.844340106206303e-10,-0.012649,2.862047959240184,33.22,90285.0,2999267.7,0.009999999999998,33.22,33.2
2011-10-20,ATO,32986,ATMOS ENERGY CORP,,,-0.001806,0.1052631578947369,0.0003015681544028,-1.9069750940183075e-10,0.004554,3.1633161654759925,33.16,90285.0,2993850.6,0.004999999999999,33.15,33.14
2011-10-21,ATO,32986,ATMOS ENERGY CORP,,,0.013872,-0.1099439775910364,0.0002974419988103,1.623176792877867e-09,0.018809,2.8155286038655367,33.62,90285.0,3035381.7,0.0050000000000025,33.59,33.58
2011-10-24,ATO,32986,ATMOS ENERGY CORP,,,0.011303,0.121164437450826,0.0002941176470589,1.1664602683178535e-09,0.012873,3.1566705432796147,34.0,90285.0,3069690.0,0.0050000000000025,33.99,33.98
2011-10-25,ATO,32986,ATMOS ENERGY CORP,,,-0.017647,0.0017543859649122,0.0005988023952096,-1.850624495317596e-09,-0.020045,3.1622085617765965,33.4,90285.0,3015519.0,0.0100000000000015,33.42,33.4
2011-10-26,ATO,32986,ATMOS ENERGY CORP,,,0.007784,-0.0539404553415061,0.0002970885323825,8.561781325681405e-10,0.010537,2.9916375920695577,33.66,90285.0,3038993.1,0.004999999999999,33.68,33.67
2011-10-27,ATO,32986,ATMOS ENERGY CORP,,,0.038919,0.6060718252499075,0.000285959393766,2.565526428303889e-09,0.034291,4.804784847981392,34.97,90285.0,3157266.45,0.004999999999999,34.97,34.96
2011-10-28,ATO,32986,ATMOS ENERGY CORP,,,-0.002288,-0.3628400184416782,0.0002866150759529,-2.372558950001638e-10,0.000389,3.061416625131528,34.89,90285.0,3150043.65,0.004999999999999,34.91,34.9
2011-10-31,ATO,32986,ATMOS ENERGY CORP,,,-0.016337,0.9026772793053546,0.0002913752913752,-9.051527163335491e-10,-0.024738,5.824887855125436,34.32,90285.0,3098581.2,0.004999999999999,34.33,34.32
2011-11-01,ATO,32986,ATMOS ENERGY CORP,,,-0.037587,-0.1717056474614945,0.0006055101422949,-2.612409288158607e-09,-0.027942,4.824721714570527,33.03,90285.0,2982113.5500000003,0.0100000000000015,33.06,33.04
2011-11-02,ATO,32986,ATMOS ENERGY CORP,,,0.023312,0.0172176308539944,0.0002958579881656,1.556542861683219e-09,0.016105,4.9077919920252535,33.8,90285.0,3051632.9999999995,0.004999999999999,33.82,33.81
2011-11-03,ATO,32986,ATMOS ENERGY CORP,,,0.031953,-0.1798691040397201,0.0005733944954127,2.5208687825985976e-09,0.018782,4.0250318436063575,34.88,90285.0,3149140.8000000003,0.009999999999998,34.86,34.84
2011-11-04,ATO,32986,ATMOS ENERGY CORP,,,0.006307,-0.2028068244358832,0.0005698005698006,6.202506375098712e-10,-0.00628,3.2087279171512435,35.1,90285.0,3169003.5,0.0100000000000015,35.13,35.11
2011-11-07,ATO,32986,ATMOS ENERGY CORP,,,0.000855,-0.0431480842250604,0.0005693139766582,8.780004510149685e-11,0.006296,3.070277454726699,35.13,90285.0,3171712.0500000003,0.0100000000000015,35.13,35.11
2011-11-08,ATO,32986,ATMOS ENERGY CORP,,,0.007686,0.5862193362193362,0.0008474576271186,4.937881375205745e-10,0.011736,4.870133466245777,35.4,90285.0,3196089.0,0.0150000000000005,35.45,35.42
2011-11-09,ATO,32986,ATMOS ENERGY CORP,,,-0.030509,-0.3218103252217421,0.0002913752913754,-2.9810760444563263e-09,-0.036695,3.302874231599933,34.32,90285.0,3098581.2,0.0050000000000025,34.31,34.3
2011-11-10,ATO,32986,ATMOS ENERGY CORP,,,0.00641,0.4124748490945673,0.0002895193977995,4.406028822164703e-10,0.008616,4.665226781857451,34.54,90285.0,3118443.9,0.004999999999999,34.5,34.49
2011-11-11,ATO,32986,ATMOS ENERGY CORP,,,0.023451,-0.2454890788224121,0.0005657708628004,2.08745948765514e-09,0.019489,3.51996455668162,35.35,90285.0,3191574.75,0.009999999999998,35.37,35.35
2011-11-14,ATO,32986,ATMOS ENERGY CORP,,,-0.012164,0.5758338577721838,0.0002863688430698,-6.955652170730724e-10,-0.00955,5.546879326576951,34.92,90285.0,3152752.2,0.004999999999999,34.94,34.93
2011-11-15,ATO,32986,ATMOS ENERGY CORP,,,0.002864,-0.4754392971246006,0.0002855511136494,3.1131267205623104e-10,0.004817,2.909674918314227,35.02,90285.0,3161780.7,0.0050000000000025,35.06,35.05
2011-11-16,ATO,32986,ATMOS ENERGY CORP,,,-0.000286,0.4944803958888466,0.0002856326763781,-2.0807678411655328e-11,-0.016616,4.348452123830094,35.01,90285.0,3160877.85,0.004999999999999,35.01,35.0
2011-11-17,ATO,32986,ATMOS ENERGY CORP,,,-0.003428,0.5096790626591952,0.0002866150759531,-1.6576961032003836e-10,-0.0168,6.564767126322202,34.89,90285.0,3150043.65,0.0050000000000025,34.88,34.87
2011-11-18,ATO,32986,ATMOS ENERGY CORP,,,0.00172,-0.2718069849839716,0.0005722460658081,1.140249343362224e-10,-0.000395,4.780417566594672,34.95,90285.0,3155460.7500000005,0.009999999999998,34.94,34.92
2011-11-21,ATO,32986,ATMOS ENERGY CORP,,,-0.024321,0.9441612604263208,0.0002932551319647,-8.499890435604967e-10,-0.018648,9.293902641634824,34.1,90285.0,3078718.5,0.004999999999999,34.1,34.09
2011-11-22,ATO,32986,ATMOS ENERGY CORP,,,-0.018915,-0.2917411512334644,0.0003020235578374,-9.612612479381672e-10,-0.004141,6.582488785512544,33.11,90285.0,2989336.35,0.004999999999999,33.15,33.14
2011-11-23,ATO,32986,ATMOS ENERGY CORP,,,-0.017215,-0.2941275450109372,0.0003073140749847,-1.2611231944840235e-09,-0.022095,4.646397518967714,32.54,90285.0,2937873.9,0.0050000000000025,32.52,32.51
2011-11-25,ATO,32986,ATMOS ENERGY CORP,,,-0.001844,-0.3487485101311084,0.000923645320197,-2.078089275797157e-10,-0.002686,3.0259733067508447,32.48,90285.0,2932456.8,0.0150000000000005,32.46,32.43
2011-11-28,ATO,32986,ATMOS ENERGY CORP,,,0.009236,0.7415812591508053,0.0003050640634532,5.921756389354585e-10,0.02924,5.269978401727862,32.78,90285.0,2959542.3000000003,0.004999999999999,32.8,32.79
2011-11-29,ATO,32986,ATMOS ENERGY CORP,,,0.015863,-0.0300546448087432,0.0003003003003002,1.0322131448892012e-09,0.002214,5.111591072714183,33.3,90285.0,3006490.4999999995,0.004999999999999,33.28,33.27
2011-11-30,ATO,32986,ATMOS ENERGY CORP,,,0.027327,0.4047670639219936,0.0002923121894182,1.2321479562291914e-09,0.043315,7.174317205966978,34.21,90364.0,3091352.44,0.004999999999999,34.19,34.18
2011-12-01,ATO,32986,ATMOS ENERGY CORP,,,-0.002046,-0.4226438377294462,0.0002929115407146,-1.6011141124827267e-10,-0.001909,4.142136248948696,34.14,90364.0,3085026.96,0.004999999999999,34.18,34.17
2011-12-02,ATO,32986,ATMOS ENERGY CORP,,,-0.047452,6.193694897141331,0.0003075030750306,-5.419162117046409e-10,-0.000241,29.79726439732637,32.52,90364.0,2938637.2800000003,0.004999999999999,32.53,32.52
2011-12-05,ATO,32986,ATMOS ENERGY CORP,,,0.02337,-0.4962118398573869,0.0003004807692307,5.176730981882106e-10,0.010287,15.01150900801204,33.28,90364.0,3007313.92,0.004999999999999,33.3,33.29
2011-12-06,ATO,32986,ATMOS ENERGY CORP,,,-0.001502,-0.4359749354957611,0.000300932891965,-5.907740213456646e-11,0.001106,8.466867336549953,33.23,90364.0,3002795.72,0.004999999999999,33.22,33.21
2011-12-07,ATO,32986,ATMOS ENERGY CORP,,,-0.011134,5.529081165860672,0.0009129640900791,-6.782868358183503e-11,0.002018,55.28086406090921,32.86,90364.0,2969361.04,0.0150000000000005,32.86,32.83
2011-12-08,ATO,32986,ATMOS ENERGY CORP,,,-0.01552,-0.8451375265244024,0.0006182380216384,-6.201560299784703e-10,-0.021142,8.560931344340666,32.35,90364.0,2923275.4,0.0100000000000015,32.35,32.33
2011-12-09,ATO,32986,ATMOS ENERGY CORP,,,0.016074,-0.186659772492244,0.0003042287800425,7.772049285449181e-10,0.016883,6.9629498472843165,32.87,90364.0,2970264.68,0.004999999999999,32.86,32.85
2011-12-12,ATO,32986,ATMOS ENERGY CORP,,,-0.016733,0.5190718372536554,0.0003094059405942,-5.416708102071977e-10,-0.014914,10.577221017219246,32.32,90364.0,2920564.48,0.0050000000000025,32.34,32.33
2011-12-13,ATO,32986,ATMOS ENERGY CORP,,,-0.006807,-0.0668549905838041,0.0003115264797507,-2.3775767997124686e-10,-0.008686,9.870081005710238,32.1,90364.0,2900684.4,0.004999999999999,32.12,32.11
2011-12-14,ATO,32986,ATMOS ENERGY CORP,,,-0.003427,-0.1491198564861531,0.0003125976867772,-1.4116119022073827e-10,-0.011348,8.398255942632021,31.99,90364.0,2890744.36,0.0050000000000025,32.02,32.01
2011-12-15,ATO,32986,ATMOS ENERGY CORP,,,0.013129,-0.4063776518645408,0.0003085467448317,8.992031549161496e-10,0.003243,4.985392412907795,32.41,90364.0,2928697.24,0.004999999999999,32.44,32.43
2011-12-16,ATO,32986,ATMOS ENERGY CORP,,,0.010491,0.9746947835738068,0.0003053435114503,3.6008979076280956e-10,0.003216,9.844628391837457,32.75,90364.0,2959421.0,0.004999999999999,32.71,32.7
2011-12-19,ATO,32986,ATMOS ENERGY CORP,,,-0.018626,-0.3349820143884892,0.0003111387678904,-9.795927469114374e-10,-0.011733,6.546854942233633,32.14,90364.0,2904298.96,0.004999999999999,32.16,32.15
2011-12-20,ATO,32986,ATMOS ENERGY CORP,,,0.018357,-0.2058823529411765,0.0003055300947144,1.1938305552726572e-09,0.029825,5.198973042362002,32.73,90364.0,2957613.72,0.0050000000000025,32.74,32.73
2011-12-21,ATO,32986,ATMOS ENERGY CORP,,,0.009166,-0.0466155810983397,0.0003027550711473,6.195697660498885e-10,0.00195,4.956619892877694,33.03,90364.0,2984722.92,0.004999999999999,33.05,33.04
2011-12-22,ATO,32986,ATMOS ENERGY CORP,,,0.003633,-0.4025452109845947,0.0003016591251884,4.095394625597737e-10,0.008266,2.961356292328804,33.15,90364.0,2995566.6,0.004999999999999,33.16,33.15
2011-12-23,ATO,32986,ATMOS ENERGY CORP,,,0.003017,-0.3893871449925261,0.0003007518796991,5.553050312439605e-10,0.009035,1.808242220353238,33.25,90364.0,3004603.0,0.004999999999999,33.26,33.25
2011-12-27,ATO,32986,ATMOS ENERGY CORP,,,0.008722,0.4449204406364748,0.000298151460942,1.101430344065018e-09,7.9e-05,2.612766145810278,33.54,90364.0,3030808.56,0.004999999999999,33.55,33.54
2011-12-28,ATO,32986,ATMOS ENERGY CORP,,,-0.002683,0.3879711986446421,0.0002989536621825,-2.4476431969340137e-10,-0.012478,3.6264441591784338,33.45,90364.0,3022675.8000000003,0.0050000000000025,33.49,33.48
2011-12-29,ATO,32986,ATMOS ENERGY CORP,,,0.006278,0.003051571559353,0.0002970885323825,5.674237317609605e-10,0.010707,3.637510513036165,33.66,90364.0,3041652.24,0.004999999999999,33.69,33.68
2011-12-30,ATO,32986,ATMOS ENERGY CORP,,,-0.00921,0.0815333130514146,0.0002998500749626,-7.768267764851751e-10,-0.004291,3.9340887964233535,33.35,90364.0,3013639.4,0.0050000000000025,33.34,33.33
2012-01-03,ATO,32986,ATMOS ENERGY CORP,,,-0.005997,0.0272855133614626,0.0003016591251884,-4.953586456066965e-10,0.015474,4.041432428843344,33.15,90364.0,2995566.6,0.004999999999999,33.16,33.15
2012-01-04,ATO,32986,ATMOS ENERGY CORP,,,-0.005128,0.4296276013143483,0.0003032140691327,-2.9781301408026007e-10,0.000188,5.777743349121332,32.98,90364.0,2980204.72,0.004999999999999,33.0,32.99
2012-01-05,ATO,32986,ATMOS ENERGY CORP,,,-0.003942,-0.1135797739896571,0.0003044140030442,-2.592912705272256e-10,0.002944,5.121508565357886,32.85,90364.0,2968457.4,0.0050000000000025,32.84,32.83
2012-01-06,ATO,32986,ATMOS ENERGY CORP,,,-0.006088,-0.1080380293863439,0.0003062787136295,-4.5170174626351835e-10,-0.002537,4.568190872471338,32.65,90364.0,2950384.6,0.0050000000000025,32.67,32.66
2012-01-09,ATO,32986,ATMOS ENERGY CORP,,,-0.00827,0.696705426356589,0.000308832612724,-3.646552980049519e-10,0.002262,7.750874241954761,32.38,90364.0,2925986.3200000003,0.0050000000000025,32.38,32.37
2012-01-10,ATO,32986,ATMOS ENERGY CORP,,,-0.003397,-0.2405768132495717,0.0003098853424232,-1.97909477009205e-10,0.008886,5.886193616927095,32.27,90364.0,2916046.2800000003,0.004999999999999,32.3,32.29
2012-01-11,ATO,32986,ATMOS ENERGY CORP,,,0.006818,-0.3874788494077834,0.000307787011388,6.441043105108035e-10,0.00031,3.605418086848745,32.49,90364.0,2935926.3600000003,0.004999999999999,32.48,32.47
2012-01-12,ATO,32986,ATMOS ENERGY CORP,,,-0.001539,-0.1761817065684469,0.0006165228113441,-1.7675644684397287e-10,0.002337,2.970209375414988,32.44,90364.0,2931408.16,0.0100000000000015,32.46,32.44
2012-01-13,ATO,32986,ATMOS ENERGY CORP,,,-0.004624,0.206408345752608,0.0006193868070608,-4.422551877470828e-10,-0.004948,3.583285379133283,32.29,90364.0,2917853.56,0.009999999999998,32.29,32.27
2012-01-17,ATO,32986,ATMOS ENERGY CORP,,,0.001548,-0.0586781964175416,0.0003092145949288,1.5704205805443148e-10,0.003553,3.373024655836395,32.34,90364.0,2922371.76,0.004999999999999,32.33,32.32
2012-01-18,ATO,32986,ATMOS ENERGY CORP,,,0.004638,-0.2811679790026247,0.0003077870113882,6.51536357288041e-10,0.011108,2.424638130228852,32.49,90364.0,2935926.3600000003,0.0050000000000025,32.49,32.48
2012-01-19,ATO,32986,ATMOS ENERGY CORP,,,-0.010465,0.1182108626198084,0.0006220839813375,-1.3285936458564763e-09,0.004939,2.711256695144084,32.15,90364.0,2905202.6,0.0100000000000015,32.18,32.16
2012-01-20,ATO,32986,ATMOS ENERGY CORP,,,0.012753,0.0448979591836735,0.0003071253071252,1.5299879069410321e-09,0.000669,2.8329865875791245,32.56,90364.0,2942251.8400000003,0.004999999999999,32.57,32.56
2012-01-23,ATO,32986,ATMOS ENERGY CORP,,,0.000307,-0.09296875,0.0009210930303961,4.059367791151213e-11,0.000471,2.5696073657651275,32.57,90364.0,2943155.48,0.0150000000000005,32.56,32.53
2012-01-24,ATO,32986,ATMOS ENERGY CORP,,,-0.010746,0.2420327304048235,0.0003103662321538,-1.1564478261880224e-09,-0.001026,3.1915364525696077,32.22,90364.0,2911528.08,0.004999999999999,32.23,32.22
2012-01-25,ATO,32986,ATMOS ENERGY CORP,,,0.011794,0.2392510402219139,0.0006134969325154,1.0122527730953961e-09,0.008672,3.9551148687530433,32.6,90364.0,2945866.4,0.0100000000000015,32.6,32.58
2012-01-26,ATO,32986,ATMOS ENERGY CORP,,,0.012577,-0.1986569669837716,0.0003029385034837,1.3303273597470884e-09,-0.005746,3.169403744854145,33.01,90364.0,2982915.64,0.004999999999999,33.0,32.99
2012-01-27,ATO,32986,ATMOS ENERGY CORP,,,-0.020297,0.3589385474860336,0.0006184291898576,-1.6125715912824995e-09,-0.001593,4.307024921428888,32.34,90364.0,2922371.76,0.009999999999998,32.36,32.34
2012-01-30,ATO,32986,ATMOS ENERGY CORP,,,-0.006803,-0.1405447070914697,0.0009339975093397,-6.331823673183706e-10,-0.002522,3.701695365411005,32.12,90364.0,2902491.68,0.014999999999997,32.16,32.13
2012-01-31,ATO,32986,ATMOS ENERGY CORP,,,0.009029,0.4813153961136023,0.0006170934896637,5.622338161628057e-10,-0.000457,5.483378336505688,32.41,90364.0,2928697.24,0.0100000000000015,32.38,32.36
2012-02-01,ATO,32986,ATMOS ENERGY CORP,,,0.006479,-0.3136226034308779,0.0003065603923974,5.840061106563133e-10,0.0089,3.763666947014298,32.62,90364.0,2947673.68,0.0050000000000025,32.59,32.58
2012-02-02,ATO,32986,ATMOS ENERGY CORP,,,0.0,-0.2187591884739782,0.0003065603923972,0.0,0.001095,2.940330219999115,32.62,90364.0,2947673.68,0.004999999999999,32.64,32.63
2012-02-03,ATO,32986,ATMOS ENERGY CORP,,,0.005518,0.2070003763643206,0.0006097560975608,5.245765741099881e-10,0.014605,3.548979682174317,32.8,90364.0,2963939.2,0.009999999999998,32.8,32.78
2012-02-06,ATO,32986,ATMOS ENERGY CORP,,,-0.006098,-0.2394761459307763,0.0003067484662576,-7.669340497085951e-10,-0.000424,2.69908370590058,32.6,90364.0,2945866.4,0.004999999999999,32.61,32.6
2012-02-07,ATO,32986,ATMOS ENERGY CORP,,,0.008282,0.0196801968019679,0.0003042287800425,1.0131173125503607e-09,0.002023,2.7522022044176886,32.87,90364.0,2970264.68,0.004999999999999,32.89,32.88
2012-02-08,ATO,32986,ATMOS ENERGY CORP,,,-0.014907,1.2621632488942502,0.0003088326127238,-8.183021254666248e-10,0.00216,6.225930680359435,32.38,90364.0,2925986.3200000003,0.004999999999999,32.41,32.4
2012-02-09,ATO,32986,ATMOS ENERGY CORP,,,-0.007103,-0.2385353714895129,0.0006220839813373,-5.15716914033628e-10,0.001474,4.740825992651941,32.15,90364.0,2905202.6,0.009999999999998,32.15,32.13
2012-02-10,ATO,32986,ATMOS ENERGY CORP,,,-0.018352,-0.2523342670401494,0.0003168567807351,-1.8154716328600363e-09,-0.006886,3.544553140631225,31.56,90364.0,2851887.84,0.0050000000000007,31.55,31.54
2012-02-13,ATO,32986,ATMOS ENERGY CORP,,,0.00602,0.0302841086481424,0.0003149606299211,5.7456454306848e-10,0.0068,3.6518967730512153,31.75,90364.0,2869057.0,0.004999999999999,31.74,31.73
2012-02-14,ATO,32986,ATMOS ENERGY CORP,,,-0.006614,-0.28,0.0003170577045022,-8.825840309670366e-10,-0.00094,2.629365676596875,31.54,90364.0,2850080.56,0.0050000000000007,31.57,31.56
2012-02-15,ATO,32986,ATMOS ENERGY CORP,,,-0.002854,0.1767676767676766,0.0003179650238473,-3.2456086482847406e-10,-0.005383,3.094152538621575,31.45,90364.0,2841947.8,0.004999999999999,31.43,31.42
2012-02-16,ATO,32986,ATMOS ENERGY CORP,,,0.006041,0.598354792560801,0.00031605562579,4.272302607738264e-10,0.011026,4.945553539019964,31.64,90364.0,2859116.96,0.004999999999999,31.61,31.6
2012-02-17,ATO,32986,ATMOS ENERGY CORP,,,0.005057,-0.3537704184381293,0.0003144654088049,5.506411261520236e-10,0.002349,3.1959629941127,31.8,90364.0,2873575.2,0.004999999999999,31.79,31.78
2012-02-21,ATO,32986,ATMOS ENERGY CORP,,,0.00912,0.4234764542936289,0.0003116235587409,6.913176491652376e-10,0.00072,4.549378070913195,32.09,90364.0,2899780.76,0.004999999999999,32.1,32.09
2012-02-22,ATO,32986,ATMOS ENERGY CORP,,,-0.003116,0.6565312576015567,0.000312597686777,-1.4303295036673997e-10,-0.00334,7.53618697711478,31.99,90364.0,2890744.36,0.004999999999999,31.97,31.96
2012-02-23,ATO,32986,ATMOS ENERGY CORP,,,0.01266,-0.4136563876651982,0.0003120124804991,9.89250689486633e-10,0.004272,4.41879509539197,32.05,90364.0,2896166.2,0.004999999999999,32.04,32.03
2012-02-24,ATO,32986,ATMOS ENERGY CORP,,,-0.011544,0.1803155522163786,0.0003156565656566,-7.731677050582205e-10,0.001672,5.215572573148599,31.68,90364.0,2862731.52,0.0050000000000007,31.69,31.68
2012-02-27,ATO,32986,ATMOS ENERGY CORP,,,-0.00947,0.3356673032039041,0.0003186743148502,-4.794036158271029e-10,0.001355,6.966269753441636,31.38,90364.0,2835622.32,0.0050000000000007,31.37,31.36
2012-02-28,ATO,32986,ATMOS ENERGY CORP,,,-0.015615,-0.0708498808578236,0.0006474587245062,-8.642561107168811e-10,0.003356,6.472710371386835,30.89,90364.0,2791343.96,0.0099999999999997,30.89,30.87
2012-02-29,ATO,32986,ATMOS ENERGY CORP,,,-0.00518,0.6763549324670883,0.0003254149040026,-1.7191730777496022e-10,-0.004737,10.867998980259149,30.73,90219.0,2772429.87,0.0050000000000007,30.75,30.74
2012-03-01,ATO,32986,ATMOS ENERGY CORP,,,0.010088,-0.1832738398776134,0.0003221649484536,4.0584415584415577e-10,0.006158,8.876179075361065,31.04,90219.0,2800397.76,0.0050000000000007,31.03,31.02
2012-03-02,ATO,32986,ATMOS ENERGY CORP,,,-0.002899,-0.4052197802197802,0.0003231017770597,-1.9665589999921987e-10,-0.003246,5.279375741251843,30.95,90219.0,2792278.05,0.004999999999999,30.97,30.96
2012-03-05,ATO,32986,ATMOS ENERGY CORP,,,0.009047,-0.2122611799286163,0.0006404098623118,7.720932868251031e-10,-0.00387,4.158769217127213,31.23,90219.0,2817539.37,0.0099999999999997,31.23,31.21
2012-03-06,ATO,32986,ATMOS ENERGY CORP,,,-0.01537,-0.1881663113006396,0.0003252032520325,-1.6409632251279831e-09,-0.01537,3.376228953989736,30.75,90219.0,2774234.25,0.0050000000000007,30.76,30.75
2012-03-07,ATO,32986,ATMOS ENERGY CORP,,,-0.000325,0.0269205515430073,0.0003253090435913,-3.379969282839157e-11,0.006901,3.4671188995666102,30.74,90219.0,2773332.06,0.004999999999999,30.77,30.76
2012-03-08,ATO,32986,ATMOS ENERGY CORP,,,0.005856,0.157928388746803,0.0003234152652004,5.2289337189791e-10,0.009818,4.014675400968754,30.92,90219.0,2789571.48,0.004999999999999,30.93,30.92
2012-03-09,ATO,32986,ATMOS ENERGY CORP,,,0.005498,-0.2506902263942573,0.0003216468317787,6.515896393217875e-10,0.003631,3.008235515800441,31.09,90219.0,2804908.71,0.0050000000000007,31.1,31.09
2012-03-12,ATO,32986,ATMOS ENERGY CORP,,,0.003538,0.6764922623434046,0.0003205128205127,2.4922513384051846e-10,0.00016,5.04328356554606,31.2,90219.0,2814832.8,0.004999999999999,31.2,31.19
2012-03-13,ATO,32986,ATMOS ENERGY CORP,,,0.008333,-0.3507692307692307,0.0003178639542275,8.9666903540234e-10,0.018132,3.274254868708365,31.46,90219.0,2838289.74,0.004999999999999,31.45,31.44
2012-03-14,ATO,32986,ATMOS ENERGY CORP,,,-0.011125,0.1025727826675693,0.0006428801028608,-1.0979492085241912e-09,-0.001196,3.6101043017546193,31.11,90219.0,2806713.09,0.0099999999999997,31.11,31.09
2012-03-15,ATO,32986,ATMOS ENERGY CORP,,,-0.009322,0.0939514891003991,0.0006489292667099,-8.489080303494182e-10,0.005967,3.9492789767122223,30.82,90219.0,2780549.58,0.0099999999999997,30.84,30.82
2012-03-16,ATO,32986,ATMOS ENERGY CORP,,,-0.003569,0.7128824024698288,0.0003256268316509,-1.904247357303232e-10,0.001119,6.764650461654418,30.71,90219.0,2770625.49,0.0050000000000007,30.71,30.7
2012-03-19,ATO,32986,ATMOS ENERGY CORP,,,0.002279,-0.4997542192364411,0.0006497725795971,2.42520751539778e-10,0.003974,3.383987851782884,30.78,90219.0,2776940.8200000003,0.0099999999999997,30.78,30.76
2012-03-20,ATO,32986,ATMOS ENERGY CORP,,,-0.004873,0.246315099901736,0.0006529546196539,-4.181140422567175e-10,-0.003001,4.217515157561046,30.63,90219.0,2763407.97,0.0099999999999997,30.65,30.63
2012-03-21,ATO,32986,ATMOS ENERGY CORP,,,-0.000979,-0.1999999999999999,0.0003267973856209,-1.0510336416651638e-10,-0.001871,3.3740121260488367,30.6,90219.0,2760701.4,0.0050000000000007,30.6,30.59
2012-03-22,ATO,32986,ATMOS ENERGY CORP,,,0.000327,0.2775952693823915,0.0006533812479581,2.7469229632595276e-11,-0.007207,4.31062193107882,30.61,90219.0,2761603.59,0.0099999999999997,30.59,30.57
2012-03-23,ATO,32986,ATMOS ENERGY CORP,,,0.006207,-0.0755978400617125,0.0003246753246753,5.605729458302475e-10,0.003109,3.984748223766613,30.8,90219.0,2778745.2,0.0050000000000007,30.8,30.79
2012-03-26,ATO,32986,ATMOS ENERGY CORP,,,0.006169,0.3532684283727398,0.0003226847370119,4.0917618553476947e-10,0.013886,5.392433966237711,30.99,90219.0,2795886.81,0.0050000000000007,31.01,31.0
2012-03-27,ATO,32986,ATMOS ENERGY CORP,,,0.003872,-0.1492291880781089,0.0003214400514304,3.007044887988743e-10,-0.002817,4.58772542369124,31.11,90219.0,2806713.09,0.0050000000000007,31.14,31.13
2012-03-28,ATO,32986,ATMOS ENERGY CORP,,,-0.007393,-0.1514858661512442,0.0,-6.816931143555182e-10,-0.004942,3.892749864219289,30.88,90219.0,2785962.72,0.0,30.88,30.88
2012-03-29,ATO,32986,ATMOS ENERGY CORP,,,0.010039,0.7989749430523918,0.0003206155819172,5.094428342620427e-10,-0.001608,7.0029594653011005,31.19,90219.0,2813930.6100000003,0.004999999999999,31.2,31.19
2012-03-30,ATO,32986,ATMOS ENERGY CORP,,,0.008657,-0.0329218106995884,0.0003178639542276,4.5036796264292165e-10,0.003698,6.772409359447567,31.46,90219.0,2838289.74,0.0050000000000007,31.44,31.43
2012-04-02,ATO,32986,ATMOS ENERGY CORP,,,0.001589,0.0777414075286415,0.0006347191367819,7.658076752821234e-11,0.007505,7.298905995411166,31.51,90219.0,2842800.69,0.0099999999999997,31.53,31.51
2012-04-03,ATO,32986,ATMOS ENERGY CORP,,,0.009203,0.0126044039483674,0.000314465408805,4.3401697019086734e-10,-0.003989,7.39090435495849,31.8,90219.0,2868964.2,0.0050000000000007,31.8,31.79
2012-04-04,ATO,32986,ATMOS ENERGY CORP,,,-0.002516,-0.2149070185962807,0.0003152585119797,-1.5151679391427618e-10,-0.010202,5.802547135304093,31.72,90219.0,2861746.68,0.004999999999999,31.72,31.71
2012-04-05,ATO,32986,ATMOS ENERGY CORP,,,-0.008827,-0.4043935052531041,0.0003180661577607,-9.004393760598803e-10,-0.000629,3.456034759862113,31.44,90219.0,2836485.3600000003,0.004999999999999,31.47,31.46
2012-04-09,ATO,32986,ATMOS ENERGY CORP,,,-0.008588,0.8579217447081462,0.0003208213025345,-4.756107968524401e-10,-0.011358,6.4210421308150165,31.17,90219.0,2812126.23,0.0050000000000007,31.17,31.16
2012-04-10,ATO,32986,ATMOS ENERGY CORP,,,-0.005133,-0.0830312446055584,0.0006449532408901,-3.1161003251963025e-10,-0.017081,5.887895011028719,31.01,90219.0,2797691.19,0.0100000000000015,31.01,30.99
2012-04-11,ATO,32986,ATMOS ENERGY CORP,,,-0.003225,-0.4646084337349397,0.0003235198964736,-3.6686064209826534e-10,0.007449,3.1523293319589,30.91,90219.0,2788669.29,0.0050000000000007,30.92,30.91
2012-04-12,ATO,32986,ATMOS ENERGY CORP,,,0.006794,0.2176511954992968,0.0003213367609253,6.304250516105996e-10,0.013779,3.838437579667254,31.12,90219.0,2807615.2800000003,0.004999999999999,31.11,31.1
2012-04-13,ATO,32986,ATMOS ENERGY CORP,,,-0.005463,-0.1695062084897487,0.0003231017770598,-6.137360946027622e-10,-0.012475,3.1877985790132897,30.95,90219.0,2792278.05,0.0050000000000007,30.96,30.95
2012-04-16,ATO,32986,ATMOS ENERGY CORP,,,0.016155,0.8991655076495133,0.0003179650238474,9.404476309510019e-10,-0.000504,6.054157106596172,31.45,90219.0,2837387.55,0.0050000000000007,31.44,31.43
2012-04-17,ATO,32986,ATMOS ENERGY CORP,,,0.007313,0.0016477480776273,0.0003156565656565,4.21933186738524e-10,0.015487,6.064132832330219,31.68,90219.0,2858137.92,0.004999999999999,31.68,31.67
2012-04-18,ATO,32986,ATMOS ENERGY CORP,,,-0.008523,-0.376713580698227,0.000318369945877,-7.957381374517892e-10,-0.004055,3.779691639233421,31.41,90219.0,2833778.79,0.004999999999999,31.4,31.39
2012-04-19,ATO,32986,ATMOS ENERGY CORP,,,0.003502,0.9612903225806452,0.0003172588832487,1.6612449299298082e-10,-0.005934,7.4130726343674835,31.52,90219.0,2843702.88,0.0050000000000007,31.51,31.5
2012-04-20,ATO,32986,ATMOS ENERGY CORP,,,0.015228,-0.0916566985645933,0.0003125,7.833333333333332e-10,0.001169,6.733614870481827,32.0,90219.0,2887008.0,0.0050000000000007,32.0,31.99
2012-04-23,ATO,32986,ATMOS ENERGY CORP,,,-0.00875,-0.0824691358024691,0.0003152585119798,-4.948891244749651e-10,-0.008408,6.178299471286536,31.72,90219.0,2861746.68,0.0050000000000007,31.73,31.72
2012-04-24,ATO,32986,ATMOS ENERGY CORP,,,0.008512,0.1202009329027629,0.0003125976867771,4.2614213802799926e-10,0.00368,6.920936831487824,31.99,90219.0,2886105.81,0.0050000000000007,32.0,31.99
2012-04-25,ATO,32986,ATMOS ENERGY CORP,,,0.00719,-0.2767456758488148,0.0003103662321538,4.941393288721966e-10,0.013645,5.0055974905507705,32.22,90219.0,2906856.18,0.004999999999999,32.23,32.22
2012-04-26,ATO,32986,ATMOS ENERGY CORP,,,0.002173,-0.3235163861824623,0.0006193868070611,2.2028273841957015e-10,0.00668,3.3862046797237837,32.29,90219.0,2913171.51,0.0100000000000015,32.31,32.29
2012-04-27,ATO,32986,ATMOS ENERGY CORP,,,0.003716,0.104418985270049,0.0003085467448317,3.398220817412937e-10,0.002414,3.739788736297232,32.41,90219.0,2923997.79,0.004999999999999,32.4,32.39
2012-04-30,ATO,32986,ATMOS ENERGY CORP,,,0.005245,0.3719620628334321,0.0003069367710251,3.477821049961137e-10,-0.003884,5.130848269211585,32.58,90219.0,2939335.02,0.004999999999999,32.6,32.59
2012-05-01,ATO,32986,ATMOS ENERGY CORP,,,0.00798,0.443292287751134,0.0003045066991473,3.6371253692502646e-10,0.005658,7.405313736574336,32.84,90219.0,2962791.9600000004,0.004999999999999,32.85,32.84
2012-05-02,ATO,32986,ATMOS ENERGY CORP,,,-0.009135,-0.2017662026642718,0.0003073140749845,-5.26404289327702e-10,-0.002497,5.911171704408162,32.54,90219.0,2935726.26,0.004999999999999,32.54,32.53
2012-05-03,ATO,32986,ATMOS ENERGY CORP,,,0.006146,0.6094130883180198,0.0003054367745878,2.1871308593915422e-10,-0.007659,9.513517108369632,32.74,90219.0,2953770.06,0.0050000000000025,32.74,32.73
2012-05-04,ATO,32986,ATMOS ENERGY CORP,,,-0.009469,-0.5670511476173832,0.0003083564600677,-7.857447040856732e-10,-0.016147,4.118866314191024,32.43,90219.0,2925802.17,0.004999999999999,32.43,32.42
2012-05-07,ATO,32986,ATMOS ENERGY CORP,,,-0.000925,-0.1151776103336921,0.0003086419753085,-8.682902285903096e-11,0.000351,3.64446513483856,32.4,90219.0,2923095.6,0.004999999999999,32.4,32.39
2012-05-08,ATO,32986,ATMOS ENERGY CORP,,,0.008951,0.3333333333333332,0.0003059039461608,6.245771491985094e-10,-0.004279,4.859286846451413,32.69,90219.0,2949259.11,0.004999999999999,32.69,32.68
2012-05-09,ATO,32986,ATMOS ENERGY CORP,,,-0.003059,-0.0262317518248175,0.0003068425897513,-2.1987151137261849e-10,-0.006702,4.731819239849699,32.59,90219.0,2940237.2100000004,0.004999999999999,32.58,32.57
2012-05-10,ATO,32986,ATMOS ENERGY CORP,,,0.007671,0.1754509252752401,0.0003045066991473,4.654983836507695e-10,0.002517,5.562021303716512,32.84,90219.0,2962791.9600000004,0.004999999999999,32.85,32.84
2012-05-11,ATO,32986,ATMOS ENERGY CORP,,,0.001523,0.151056197688322,0.0003040437823045,8.01694391360777e-11,-0.003387,6.402199093317372,32.89,90219.0,2967302.91,0.004999999999999,32.89,32.88
2012-05-14,ATO,32986,ATMOS ENERGY CORP,,,-0.007297,-0.2986495844875346,0.0003062787136293,-5.516948342023578e-10,-0.011113,4.490184994291668,32.65,90219.0,2945650.35,0.004999999999999,32.65,32.64
2012-05-15,ATO,32986,ATMOS ENERGY CORP,,,0.001225,-0.0261663786719328,0.0003059039461608,9.4989184802816e-11,-0.005746,4.372693113424002,32.69,90219.0,2949259.11,0.004999999999999,32.68,32.67
2012-05-16,ATO,32986,ATMOS ENERGY CORP,,,0.004894,-0.0410646387832699,0.000304414003044,3.9381499627227624e-10,-0.004404,4.193130050211153,32.85,90219.0,2963694.15,0.004999999999999,32.85,32.84
2012-05-17,ATO,32986,ATMOS ENERGY CORP,,,0.008219,0.8109965635738832,0.0003019323671499,3.622218837547606e-10,-0.015051,7.593744111550782,33.12,90219.0,2988053.28,0.0050000000000025,33.13,33.12
2012-05-18,ATO,32986,ATMOS ENERGY CORP,,,-0.013285,-0.3615530579477448,0.0003059975520195,-9.293958570142137e-10,-0.007388,4.848202706746916,32.68,90219.0,2948356.92,0.004999999999999,32.68,32.67
2012-05-21,ATO,32986,ATMOS ENERGY CORP,,,0.001836,-0.1390032007315957,0.0003054367745875,1.4890651039377175e-10,0.016036,4.174287012713508,32.74,90219.0,2953770.06,0.004999999999999,32.76,32.75
2012-05-22,ATO,32986,ATMOS ENERGY CORP,,,0.008552,0.048858204992034,0.0006056935190794,6.556824019198184e-10,0.000486,4.37823518327625,33.02,90219.0,2979031.3800000004,0.0100000000000015,33.02,33.0
2012-05-23,ATO,32986,ATMOS ENERGY CORP,,,-0.008934,-0.0936708860759494,0.0003088326127238,-7.707012743227247e-10,0.001694,3.968122014209867,32.38,90219.0,2921291.22,0.004999999999999,32.39,32.38
2012-05-24,ATO,32986,ATMOS ENERGY CORP,,,0.016368,0.3494413407821228,0.0003038590094195,1.0295103014242381e-09,0.00138,5.354747891242421,32.91,90219.0,2969107.29,0.004999999999999,32.91,32.9
2012-05-25,ATO,32986,ATMOS ENERGY CORP,,,-0.007293,-0.5309459739184434,0.000306091215182,-9.85138231387128e-10,-0.002166,2.511666057038983,32.67,90219.0,2947454.73,0.004999999999999,32.68,32.67
2012-05-29,ATO,32986,ATMOS ENERGY CORP,,,0.00704,0.648278905560459,0.000303951367781,5.729096731403833e-10,0.011079,4.139926179629568,32.9,90219.0,2968205.1,0.004999999999999,32.91,32.9
2012-05-30,ATO,32986,ATMOS ENERGY CORP,,,-0.01155,-0.2926372155287817,0.0003075030750306,-1.3443075384576708e-09,-0.014335,2.928429709928064,32.52,90219.0,2933921.8800000004,0.004999999999999,32.51,32.5
2012-05-31,ATO,32986,ATMOS ENERGY CORP,,,0.019065,1.4598788796366389,0.0003017501508752,8.851925875416701e-10,-0.002277,7.218704876152394,33.14,90030.0,2983594.2,0.0050000000000025,33.13,33.12
2012-06-01,ATO,32986,ATMOS ENERGY CORP,,,-0.003017,-0.1817202646561009,0.0003026634382565,-1.7170658014673544e-10,-0.024643,5.9069199155836944,33.04,90030.0,2974591.2,0.004999999999999,33.04,33.03
2012-06-04,ATO,32986,ATMOS ENERGY CORP,,,0.0,-0.1286197818728846,0.0006053268765131,0.0,0.00011,5.147173164500722,33.04,90030.0,2974591.2,0.009999999999998,33.04,33.02
2012-06-05,ATO,32986,ATMOS ENERGY CORP,,,0.005448,-0.3614587829089339,0.0003010234798313,5.542331592164966e-10,0.005727,3.286682217038765,33.22,90030.0,2990796.6,0.004999999999999,33.23,33.22
2012-06-06,ATO,32986,ATMOS ENERGY CORP,,,0.018964,0.1557958769854681,0.0002954209748893,1.6381179438009107e-09,0.023049,3.7987337554148617,33.85,90030.0,3047515.5,0.0050000000000025,33.84,33.83
2012-06-07,ATO,32986,ATMOS ENERGY CORP,,,-0.002363,0.4245614035087719,0.0002961208172933,-1.43623458798119e-10,-0.000106,5.411529490169944,33.77,90030.0,3040313.1,0.004999999999999,33.79,33.78
2012-06-08,ATO,32986,ATMOS ENERGY CORP,,,0.00533,-0.4507389162561576,0.0002945508100146,5.866800513372563e-10,0.008114,2.972342552482506,33.95,90030.0,3056518.5000000005,0.004999999999999,33.96,33.95
2012-06-11,ATO,32986,ATMOS ENERGY CORP,,,-0.003535,0.2735426008968609,0.0005911912503693,-3.0661107248476567e-10,-0.01262,3.785404865044985,33.83,90030.0,3045714.9,0.009999999999998,33.83,33.81
2012-06-12,ATO,32986,ATMOS ENERGY CORP,,,0.00266,-0.4289906103286385,0.0002948113207546,4.0297950318990094e-10,0.011651,2.16150172164834,33.92,90030.0,3053817.6,0.004999999999999,33.9,33.89
2012-06-13,ATO,32986,ATMOS ENERGY CORP,,,0.003833,0.226104830421377,0.0008810572687222,4.717927509099211e-10,-0.007023,2.650227701877152,34.05,90030.0,3065521.4999999995,0.014999999999997,34.05,34.02
2012-06-14,ATO,32986,ATMOS ENERGY CORP,,,0.006167,0.1827326068734283,0.0002918855808524,6.378661860794366e-10,0.010815,3.1345107186493397,34.26,90030.0,3084427.8,0.0050000000000025,34.27,34.26
2012-06-15,ATO,32986,ATMOS ENERGY CORP,,,0.002627,0.5248051027639971,0.0002911208151384,1.7773050926522607e-10,0.010338,4.779517938464956,34.35,90030.0,3092530.5,0.0050000000000025,34.34,34.33
2012-06-18,ATO,32986,ATMOS ENERGY CORP,,,0.005531,-0.1491982337903787,0.0002895193977995,4.3740283781204e-10,0.001445,4.0664223036765526,34.54,90030.0,3109636.2,0.004999999999999,34.53,34.52
2012-06-19,ATO,32986,ATMOS ENERGY CORP,,,-0.002606,-0.0040972411909314,0.0008708272859216,-2.0747631259021356e-10,0.009816,4.049761190714206,34.45,90030.0,3101533.5000000005,0.0150000000000005,34.44,34.41
2012-06-20,ATO,32986,ATMOS ENERGY CORP,,,-0.011321,-0.1832144816236972,0.0005871990604813,-1.116131726613683e-09,-0.001686,3.3077862934577364,34.06,90030.0,3066421.8000000003,0.009999999999998,34.08,34.06
2012-06-21,ATO,32986,ATMOS ENERGY CORP,,,-0.008808,-0.1548018804566823,0.0005924170616114,-1.036553333069723e-09,-0.022262,2.79573475508164,33.76,90030.0,3039412.8,0.0100000000000015,33.78,33.76
2012-06-22,ATO,32986,ATMOS ENERGY CORP,,,0.005924,0.2451330949543106,0.0002944640753827,5.566066313234608e-10,0.007175,3.4810618682661336,33.96,90030.0,3057418.8000000003,0.004999999999999,33.97,33.96
2012-06-25,ATO,32986,ATMOS ENERGY CORP,,,-0.007656,-0.3937460114869177,0.0002967359050444,-1.195689520537248e-09,-0.015955,2.1104076418971456,33.7,90030.0,3034011.0000000005,0.004999999999999,33.73,33.72
2012-06-26,ATO,32986,ATMOS ENERGY CORP,,,-0.001187,0.1021052631578947,0.0002970885323825,-1.6840691878615355e-10,0.004773,2.325891369543485,33.66,90030.0,3030409.8,0.004999999999999,33.68,33.67
2012-06-27,ATO,32986,ATMOS ENERGY CORP,,,0.017825,0.8094555873925502,0.0005837711617047,1.373148714355332e-09,0.008985,4.208597134288571,34.26,90030.0,3084427.8,0.0100000000000015,34.28,34.26
2012-06-28,ATO,32986,ATMOS ENERGY CORP,,,0.015178,1.0190023752969122,0.0002875215641172,5.704578170160147e-10,-0.00211,8.497167610796401,34.78,90030.0,3131243.4,0.004999999999999,34.78,34.77
2012-06-29,ATO,32986,ATMOS ENERGY CORP,,,0.008338,0.3407843137254902,0.0002851439977189,2.3179591040067804e-10,0.02492,11.392869043652116,35.07,90030.0,3157352.1,0.0050000000000025,35.09,35.08
2012-07-02,ATO,32986,ATMOS ENERGY CORP,,,0.023097,-0.1659354587111241,0.0002787068004458,7.524594938515095e-10,0.002459,9.502388092857936,35.88,90030.0,3230276.4000000004,0.004999999999999,35.89,35.88
2012-07-03,ATO,32986,ATMOS ENERGY CORP,,,-0.000279,-0.6334307422559906,0.0005575689991637,-2.4802575058459404e-11,0.006232,3.4832833499944464,35.87,90030.0,3229376.1,0.0100000000000015,35.88,35.86
2012-07-05,ATO,32986,ATMOS ENERGY CORP,,,-0.005576,0.1808035714285714,0.0002803476310624,-4.2214917386027486e-10,-0.004687,4.113073419971121,35.67,90030.0,3211370.1,0.004999999999999,35.66,35.65
2012-07-06,ATO,32986,ATMOS ENERGY CORP,,,0.000841,-0.1560896570348365,0.0002801120448178,7.538375350140056e-11,-0.009433,3.471065200488726,35.7,90030.0,3214071.0000000005,0.004999999999999,35.71,35.7
2012-07-09,ATO,32986,ATMOS ENERGY CORP,,,0.001401,0.21984,0.0002797202797204,1.0280380689614687e-10,-0.001639,4.234144174164167,35.75,90030.0,3218572.5,0.0050000000000025,35.74,35.73
2012-07-10,ATO,32986,ATMOS ENERGY CORP,,,0.01007,0.2817418677859391,0.0005538631957907,5.707534160470468e-10,-0.008126,5.427079862268132,36.11,90030.0,3250983.3,0.0100000000000015,36.13,36.11
2012-07-11,ATO,32986,ATMOS ENERGY CORP,,,0.0,-0.2754809660253786,0.0005538631957905,0.0,-1.5e-05,3.932022659113629,36.11,90030.0,3250983.3,0.009999999999998,36.15,36.13
2012-07-12,ATO,32986,ATMOS ENERGY CORP,,,0.010523,0.6062146892655367,0.000274047684297,5.07176183935639e-10,-0.004987,6.315672553593247,36.49,90030.0,3285194.7,0.004999999999999,36.5,36.49
2012-07-13,ATO,32986,ATMOS ENERGY CORP,,,0.010688,-0.1377066479071403,0.0005422993492406,5.910764271553605e-10,0.016497,5.445962456958791,36.88,90030.0,3320306.4000000004,0.009999999999998,36.87,36.85
2012-07-16,ATO,32986,ATMOS ENERGY CORP,,,-0.001356,0.3098103202121149,0.0013575889220745,-5.733075609881286e-11,-0.002314,7.133177829612351,36.83,90030.0,3315804.9,0.0250000000000021,36.88,36.83
2012-07-17,ATO,32986,ATMOS ENERGY CORP,,,0.000271,0.5256929305512301,0.0005428881650378,7.507792035379596e-12,0.00741,10.883038987004332,36.84,90030.0,3316705.2,0.009999999999998,36.83,36.81
2012-07-18,ATO,32986,ATMOS ENERGY CORP,,,0.0019,-0.4543784445805267,0.0002709292874559,9.628987021443148e-11,0.006681,5.938020659780073,36.91,90030.0,3323007.3,0.004999999999999,36.91,36.9
2012-07-19,ATO,32986,ATMOS ENERGY CORP,,,-0.00867,-0.015712682379349,0.0002732987154961,-4.5030404092562564e-10,0.002717,5.844718427190936,36.59,90030.0,3294197.7,0.0050000000000025,36.59,36.58
2012-07-20,ATO,32986,ATMOS ENERGY CORP,,,0.0,5.863549980995819,0.0002732987154959,0.0,-0.010062,40.11551704987227,36.59,90030.0,3294197.7,0.004999999999999,36.6,36.59
2012-07-23,ATO,32986,ATMOS ENERGY CORP,,,-0.007926,-0.8914608483774504,0.0002754820936638,-5.570079271377973e-10,-0.008909,4.354104187493058,36.3,90030.0,3268088.9999999995,0.004999999999999,36.29,36.28
2012-07-24,ATO,32986,ATMOS ENERGY CORP,,,-0.014601,0.2076530612244898,0.0005591277606932,-8.622543762022751e-10,-0.009041,5.258247250916361,35.77,90030.0,3220373.1,0.009999999999998,35.79,35.77
2012-07-25,ATO,32986,ATMOS ENERGY CORP,,,-0.00671,0.2399662019433883,0.0002814522938361,-3.217282609268938e-10,-0.000314,6.520048872598023,35.53,90030.0,3198765.9,0.004999999999999,35.53,35.52
2012-07-26,ATO,32986,ATMOS ENERGY CORP,,,0.00394,-0.1807495741056217,0.0002803476310626,2.29688015468147e-10,0.016541,5.3415528157280905,35.67,90030.0,3211370.1,0.0050000000000025,35.67,35.66
2012-07-27,ATO,32986,ATMOS ENERGY CORP,,,0.009812,0.8205448118111873,0.0002776235424763,3.1114131339559747e-10,0.019081,9.724536265689215,36.02,90030.0,3242880.6,0.004999999999999,36.03,36.02
2012-07-30,ATO,32986,ATMOS ENERGY CORP,,,-0.003331,-0.3633352370074243,0.0002785515320333,-1.6646127613981746e-10,-0.000483,6.191269576807731,35.9,90030.0,3232077.0,0.004999999999999,35.85,35.84
2012-07-31,ATO,32986,ATMOS ENERGY CORP,,,-0.001393,-0.158772874058127,0.0005578800557878,-8.286702044281207e-11,-0.004317,5.208263912029324,35.85,90030.0,3227575.5,0.009999999999998,35.86,35.84
2012-08-01,ATO,32986,ATMOS ENERGY CORP,,,0.008089,0.0993815312433354,0.0002767017155507,4.3418820118120236e-10,-0.00303,5.725869154726202,36.14,90030.0,3253684.2,0.0050000000000025,36.13,36.12
2012-08-02,ATO,32986,ATMOS ENERGY CORP,,,-0.009685,-0.374199806013579,0.0002794076557697,-8.388292455456303e-10,-0.007374,3.5832500277685218,35.79,90030.0,3222173.7,0.004999999999999,35.78,35.77
2012-08-03,ATO,32986,ATMOS ENERGY CORP,,,0.012294,-0.4504029758214507,0.0002760143527462,1.913886324119311e-09,0.01904,1.9693435521492837,36.23,90030.0,3261786.9,0.004999999999999,36.25,36.24
2012-08-06,ATO,32986,ATMOS ENERGY CORP,,,0.0,0.1274675690919346,0.0002760143527462,0.0,0.002329,2.220370987448628,36.23,90030.0,3261786.9,0.004999999999999,36.26,36.25
2012-08-07,ATO,32986,ATMOS ENERGY CORP,,,-0.000828,-0.0155077538769384,0.0005524861878453,-1.1622422854062791e-10,0.005107,2.1859380206597803,36.2,90030.0,3259086.0000000005,0.0100000000000015,36.2,36.18
2012-08-08,ATO,32986,ATMOS ENERGY CORP,,,0.005249,1.309959349593496,0.000274800769442,3.172963569735743e-10,0.000621,5.04942796845496,36.39,90030.0,3276191.7,0.004999999999999,36.36,36.35
2012-08-09,ATO,32986,ATMOS ENERGY CORP,,,0.006046,-0.0523537175538935,0.0002731494127287,3.8334757413140636e-10,0.000414,4.785071642785738,36.61,90030.0,3295998.3,0.004999999999999,36.62,36.61
2012-08-10,ATO,32986,ATMOS ENERGY CORP,,,0.009014,-0.0898328690807799,0.0002707092582567,6.223344182415925e-10,0.002188,4.355214928357214,36.94,90030.0,3325708.2,0.0050000000000025,36.95,36.94
2012-08-13,ATO,32986,ATMOS ENERGY CORP,,,-0.008392,0.0545779137975006,0.0002730002730002,-5.540552094361042e-10,-0.001252,4.592913473286682,36.63,90030.0,3297798.9000000004,0.004999999999999,36.64,36.63
2012-08-14,ATO,32986,ATMOS ENERGY CORP,,,0.004914,0.3177750906892382,0.00027166530834,2.4499235184132387e-10,-0.000128,6.052426968788182,36.81,90030.0,3314004.3000000003,0.004999999999999,36.8,36.79
2012-08-15,ATO,32986,ATMOS ENERGY CORP,,,0.000543,-0.071389245733162,0.0002715177844148,2.9137185165470237e-11,0.00114,5.6203487726313455,36.83,90030.0,3315804.9,0.004999999999999,36.82,36.81
2012-08-16,ATO,32986,ATMOS ENERGY CORP,,,0.000271,-0.3282608695652174,0.0005428881650378,2.164205541707834e-11,0.007101,3.7754081972675775,36.84,90030.0,3316705.2,0.009999999999998,36.83,36.81
2012-08-17,ATO,32986,ATMOS ENERGY CORP,,,-0.003529,-0.343924683730509,0.0005448106782893,-4.310845030679193e-10,0.001872,2.476952127068755,36.71,90030.0,3305001.3000000003,0.0100000000000015,36.7,36.68
2012-08-20,ATO,32986,ATMOS ENERGY CORP,,,-0.019068,1.534977578475336,0.0002777006387114,-9.367054270211022e-10,-2.1e-05,6.279018105076085,36.01,90030.0,3241980.3,0.004999999999999,36.01,36.0
2012-08-21,ATO,32986,ATMOS ENERGY CORP,,,-0.002222,-0.1747744560410401,0.0002783189535206,-1.3256692705746463e-10,-0.003498,5.18160613128957,35.93,90030.0,3234777.9,0.004999999999999,35.91,35.9
2012-08-22,ATO,32986,ATMOS ENERGY CORP,,,-0.00835,0.0261521972132905,0.000280662363177,-4.895614649109603e-10,0.000226,5.31711651671665,35.63,90030.0,3207768.9000000004,0.004999999999999,35.65,35.64
2012-08-23,ATO,32986,ATMOS ENERGY CORP,,,-0.003789,-0.3565907666597033,0.000284495021337,-3.4998429735271835e-10,-0.008072,3.4210818616016883,35.15,90030.0,3164554.5,0.004999999999999,35.16,35.15
2012-08-24,ATO,32986,ATMOS ENERGY CORP,,,0.002276,-0.1487012987012986,0.000283848992336,2.4639218404153763e-10,0.006455,2.912362545818061,35.23,90030.0,3171756.9,0.004999999999999,35.25,35.24
2012-08-27,ATO,32986,ATMOS ENERGY CORP,,,0.005677,0.0282227307398932,0.0002822466836016,5.943302755213396e-10,-0.000489,2.9945573697656336,35.43,90030.0,3189762.9,0.0050000000000025,35.42,35.41
2012-08-28,ATO,32986,ATMOS ENERGY CORP,,,-0.006209,0.8327151335311573,0.0002840102243682,-3.56895260696497e-10,-0.000808,5.488170609796734,35.21,90030.0,3169956.3000000003,0.0050000000000025,35.2,35.19
2012-08-29,ATO,32986,ATMOS ENERGY CORP,,,-0.000284,-0.3991094920056669,0.0002840909090908,-2.7174745093236167e-11,0.000844,3.2977896256803287,35.2,90030.0,3169056.0000000005,0.004999999999999,35.23,35.22
2012-08-30,ATO,32986,ATMOS ENERGY CORP,,,-0.005114,-0.3977770293027955,0.0002855511136492,-8.167272903818462e-10,-0.007806,1.9860046651116292,35.02,90030.0,3152850.6,0.004999999999999,35.05,35.04
2012-08-31,ATO,32986,ATMOS ENERGY CORP,,,-0.002284,0.3182326621923936,0.0002862049227246,-2.7734070577138235e-10,0.005073,2.613864460536968,34.94,90173.0,3150644.62,0.004999999999999,34.97,34.96
2012-09-04,ATO,32986,ATMOS ENERGY CORP,,,0.018317,0.8735680950360627,0.0005621135469365,1.1657873459279354e-09,-0.001166,4.897253058010713,35.58,90173.0,3208355.34,0.0100000000000015,35.57,35.55
2012-09-05,ATO,32986,ATMOS ENERGY CORP,,,-0.009275,-0.2470561594202898,0.0002836879432623,-7.913400522583052e-10,-0.001068,3.687356525789316,35.25,90173.0,3178598.25,0.004999999999999,35.25,35.24
2012-09-06,ATO,32986,ATMOS ENERGY CORP,,,0.012766,-0.153984962406015,0.000280112044818,1.271208803464507e-09,0.020436,3.119559069788074,35.7,90173.0,3219176.1,0.0050000000000025,35.7,35.69
2012-09-07,ATO,32986,ATMOS ENERGY CORP,,,-0.010924,-0.2424457874155705,0.0002832058906826,-1.4517790473092047e-09,0.00405,2.36323511472392,35.31,90173.0,3184008.6300000004,0.0050000000000025,35.31,35.3
2012-09-10,ATO,32986,ATMOS ENERGY CORP,,,0.01416,0.5903331769122477,0.0005585032113933,1.166775667354894e-09,-0.006148,3.758331207789472,35.81,90173.0,3229095.1300000004,0.009999999999998,35.8,35.78
2012-09-11,ATO,32986,ATMOS ENERGY CORP,,,-0.010053,-0.2484508704632635,0.0002820874471085,-1.1133981569622272e-09,0.003135,2.8245705477249285,35.45,90173.0,3196632.85,0.004999999999999,35.46,35.45
2012-09-12,ATO,32986,ATMOS ENERGY CORP,,,-0.00536,0.2579505300353357,0.0005672149744752,-4.744494792739932e-10,0.002093,3.5531700176327727,35.26,90173.0,3179499.98,0.009999999999998,35.26,35.24
2012-09-13,ATO,32986,ATMOS ENERGY CORP,,,0.017584,0.0905118601747816,0.000278706800446,1.4026274696740834e-09,0.01631,3.874774045445976,35.88,90173.0,3235407.24,0.0050000000000025,35.88,35.87
2012-09-14,ATO,32986,ATMOS ENERGY CORP,,,-0.014493,-0.0867200915855752,0.0002828054298641,-1.2844559996937088e-09,0.003959,3.538753285351491,35.36,90173.0,3188517.28,0.004999999999999,35.36,35.35
2012-09-17,ATO,32986,ATMOS ENERGY CORP,,,-0.003111,-0.0479473519272954,0.0005673758865249,-2.9050467132632047e-10,-0.003125,3.3690794361948697,35.25,90173.0,3178598.25,0.0100000000000015,35.28,35.26
2012-09-18,ATO,32986,ATMOS ENERGY CORP,,,0.003404,0.2277814351547069,0.0008481764206955,2.5801541877100066e-10,-0.00128,4.136493185321549,35.37,90173.0,3189419.01,0.0150000000000005,35.46,35.43
2012-09-19,ATO,32986,ATMOS ENERGY CORP,,,0.004806,-0.2474530831099195,0.0005627462014632,4.817524482065997e-10,0.001185,3.11290519335056,35.54,90173.0,3204748.42,0.0100000000000015,35.56,35.54
2012-09-20,ATO,32986,ATMOS ENERGY CORP,,,0.003376,-0.5343783398646241,0.0002804262478967,7.243450749040608e-10,-0.000541,1.4494360839719207,35.66,90173.0,3215569.18,0.004999999999999,35.64,35.63
2012-09-21,ATO,32986,ATMOS ENERGY CORP,,,0.001122,2.724560061208875,0.0002801120448178,6.456156825918534e-11,-7.5e-05,5.39851174963681,35.7,90173.0,3219176.1,0.004999999999999,35.71,35.7
2012-09-24,ATO,32986,ATMOS ENERGY CORP,,,0.016807,-0.2241166803615447,0.0002754820936638,1.2258479079188155e-09,-0.002233,4.188615217415412,36.3,90173.0,3273279.9,0.004999999999999,36.3,36.29
2012-09-25,ATO,32986,ATMOS ENERGY CORP,,,-0.006198,-0.2337834259994704,0.0002772002772002,-5.93672190078548e-10,-0.010502,3.2093864016945206,36.075,90173.0,3252990.975,0.004999999999999,36.08,36.07
2012-09-26,ATO,32986,ATMOS ENERGY CORP,,,-0.007346,-0.2581202487906012,0.0002792516056966,-9.55464506496599e-10,-0.005737,2.3809787852239586,35.81,90173.0,3229095.1300000004,0.004999999999999,35.82,35.81
2012-09-27,ATO,32986,ATMOS ENERGY CORP,,,-0.006981,0.4951094550535631,0.0005624296962878,-6.115765903093888e-10,0.009649,3.5598238940702878,35.56,90173.0,3206551.8800000004,0.009999999999998,35.58,35.56
2012-09-28,ATO,32986,ATMOS ENERGY CORP,,,0.006468,0.0065420560747664,0.0005588153115396,5.593341744100464e-10,-0.004478,3.583112461601588,35.79,90173.0,3227291.67,0.0100000000000015,35.81,35.79
2012-10-01,ATO,32986,ATMOS ENERGY CORP,,,-0.013412,0.8978644382544103,0.0002832058906824,-6.19432062269087e-10,0.002652,6.800261719139876,35.31,90173.0,3184008.6300000004,0.004999999999999,35.32,35.31
2012-10-02,ATO,32986,ATMOS ENERGY CORP,,,0.000566,-0.4323222439660795,0.0002830455703367,4.602234783414033e-11,0.000872,3.860357313164695,35.33,90173.0,3185812.09,0.004999999999999,35.32,35.31
2012-10-03,ATO,32986,ATMOS ENERGY CORP,,,0.00283,-0.1114622234989946,0.0002822466836016,2.582470464248799e-10,0.003624,3.4300733035387534,35.43,90173.0,3194829.39,0.0050000000000025,35.45,35.44
2012-10-04,ATO,32986,ATMOS ENERGY CORP,,,0.01383,-0.2389266084707404,0.0002783964365257,1.6356086309045115e-09,0.007174,2.6105375223182103,35.92,90173.0,3239014.16,0.0050000000000025,35.92,35.91
2012-10-05,ATO,32986,ATMOS ENERGY CORP,,,0.004454,0.2969413763806288,0.0002771618625276,4.043494712408935e-10,-0.000322,3.385714127288656,36.08,90173.0,3253441.84,0.004999999999999,36.07,36.06
2012-10-08,ATO,32986,ATMOS ENERGY CORP,,,0.003326,-0.3639043563707829,0.0005524861878453,4.731125285204634e-10,-0.003457,2.153638006942211,36.2,90173.0,3264262.6,0.0100000000000015,36.2,36.18
2012-10-09,ATO,32986,ATMOS ENERGY CORP,,,-0.008564,0.4871266735324409,0.0002786291446086,-8.26239610258801e-10,-0.009891,3.202732525257006,35.89,90173.0,3236308.97,0.0050000000000025,35.88,35.87
2012-10-10,ATO,32986,ATMOS ENERGY CORP,,,0.001115,-0.1793628808864266,0.0002783189535206,1.309390857281094e-10,-0.006188,2.628281192818249,35.93,90173.0,3239915.89,0.004999999999999,35.93,35.92
2012-10-11,ATO,32986,ATMOS ENERGY CORP,,,0.000557,-0.0535864978902953,0.000278164116829,6.907597551213262e-11,0.000195,2.4874408082241914,35.95,90173.0,3241719.35,0.0050000000000025,35.95,35.94
2012-10-12,ATO,32986,ATMOS ENERGY CORP,,,-0.00751,-0.0267498885421311,0.0002802690582961,-9.641871863502935e-10,-0.002966,2.4209020438490456,35.68,90173.0,3217372.64,0.0050000000000025,35.7,35.69
2012-10-15,ATO,32986,ATMOS ENERGY CORP,,,-0.000561,0.4035730645900137,0.0002804262478967,-5.1344361968050444e-11,0.008078,3.397912900757433,35.66,90173.0,3215569.18,0.004999999999999,35.65,35.64
2012-10-16,ATO,32986,ATMOS ENERGY CORP,,,0.019069,0.1178198433420365,0.0005503577325262,1.532083445480438e-09,0.01027,3.798254466414559,36.34,90173.0,3276886.8200000003,0.0100000000000015,36.34,36.32
2012-10-17,ATO,32986,ATMOS ENERGY CORP,,,0.014309,-0.0213138686131386,0.0002712967986977,1.1581103498109987e-09,0.004117,3.717298969758132,36.86,90173.0,3323776.78,0.004999999999999,36.86,36.85
2012-10-18,ATO,32986,ATMOS ENERGY CORP,,,-0.008953,-0.1485680190930787,0.0002737476047084,-8.587464278047763e-10,-0.002444,3.1650272254444234,36.53,90173.0,3294019.69,0.004999999999999,36.51,36.5
2012-10-19,ATO,32986,ATMOS ENERGY CORP,,,-0.015877,2.8700070077084794,0.000278164116829,-3.998561958255234e-10,-0.016571,12.248677542058044,35.95,90173.0,3241719.35,0.0050000000000025,35.95,35.94
2012-10-22,ATO,32986,ATMOS ENERGY CORP,,,-0.000278,-0.7842462652784066,0.0002782415136339,-3.245956390692652e-11,0.00044,2.642697925099531,35.94,90173.0,3240817.62,0.0050000000000025,35.95,35.94
2012-10-23,ATO,32986,ATMOS ENERGY CORP,,,-0.016416,0.4649601342845153,0.0002828854314004,-1.3302340996468184e-09,-0.014444,3.871447107227219,35.35,90173.0,3187615.5500000003,0.0050000000000025,35.34,35.33
2012-10-24,ATO,32986,ATMOS ENERGY CORP,,,-0.003112,-0.1647092523632197,0.000283768444949,-3.0284204412930185e-10,-0.003085,3.233783948632074,35.24,90173.0,3177696.52,0.0050000000000025,35.24,35.23
2012-10-25,ATO,32986,ATMOS ENERGY CORP,,,0.011635,0.6069958847736625,0.0002805049088358,6.964734558911118e-10,0.002996,5.196677497698868,35.65,90173.0,3214667.45,0.004999999999999,35.66,35.65
2012-10-26,ATO,32986,ATMOS ENERGY CORP,,,0.004208,-0.5915492957746479,0.0002793296089384,6.1411650700805e-10,-0.000729,2.122586583567143,35.8,90173.0,3228193.4,0.004999999999999,35.8,35.79
2012-10-31,ATO,32986,ATMOS ENERGY CORP,,,0.004749,0.4691745036572623,0.0002780094523213,4.69511695972343e-10,0.000156,3.1184500903818217,35.97,90173.0,3243522.81,0.004999999999999,35.97,35.96
2012-11-01,ATO,32986,ATMOS ENERGY CORP,,,0.001668,1.2251066856330013,0.0002775464890368,7.398873960581302e-11,0.010927,6.9388841449214285,36.03,90173.0,3248933.19,0.004999999999999,36.01,36.0
2012-11-02,ATO,32986,ATMOS ENERGY CORP,,,-0.021093,-0.5075914975227744,0.0002835270768357,-1.941069987568428e-09,-0.009379,3.416765550663724,35.27,90173.0,3180401.7100000004,0.004999999999999,35.29,35.28
2012-11-05,ATO,32986,ATMOS ENERGY CORP,,,0.000283,-0.124634858812074,0.000283446712018,2.974246180983826e-11,0.002164,2.9909174586627927,35.28,90173.0,3181303.44,0.004999999999999,35.29,35.28
2012-11-06,ATO,32986,ATMOS ENERGY CORP,,,0.00822,-0.032258064516129,0.0005622715771718,8.854161617532531e-10,0.007853,2.894436250318832,35.57,90173.0,3207453.61,0.0100000000000015,35.56,35.54
2012-11-07,ATO,32986,ATMOS ENERGY CORP,,,-0.026708,0.4452107279693487,0.0002888503755054,-2.0452321922058798e-09,-0.023705,4.18307032038415,34.62,90173.0,3121789.26,0.004999999999999,34.62,34.61
2012-11-08,ATO,32986,ATMOS ENERGY CORP,,,-0.004044,0.0509013785790031,0.0005800464037121,-2.958763441741333e-10,-0.012205,4.395994366384616,34.48,90173.0,3109165.04,0.009999999999998,34.51,34.49
2012-11-09,ATO,32986,ATMOS ENERGY CORP,,,0.012761,0.5698789101917254,0.0002863688430698,5.872332968688191e-10,0.001699,6.901178845108847,34.92,90173.0,3148841.16,0.004999999999999,34.93,34.92
2012-11-12,ATO,32986,ATMOS ENERGY CORP,,,-0.021191,-0.4436766832717339,0.0005851375073143,-1.7908216229774135e-09,0.00013,3.8392867044458985,34.18,90173.0,3082113.14,0.0100000000000015,34.21,34.19
2012-11-13,ATO,32986,ATMOS ENERGY CORP,,,0.001463,-0.108896591565569,0.0005842827928716,1.3854225704560298e-10,-0.003985,3.421201468288734,34.23,90173.0,3086621.79,0.009999999999998,34.23,34.21
2012-11-14,ATO,32986,ATMOS ENERGY CORP,,,-0.016944,0.4450567260940032,0.0002971768202079,-1.1295118980719503e-09,-0.013852,4.943830193073315,33.65,90173.0,3034321.45,0.004999999999999,33.65,33.64
2012-11-15,ATO,32986,ATMOS ENERGY CORP,,,-0.013373,-0.2519066846119335,0.0003012048192772,-1.2077997146005307e-09,-0.001594,3.69844631985184,33.2,90173.0,2993743.6,0.0050000000000025,33.2,33.19
2012-11-16,ATO,32986,ATMOS ENERGY CORP,,,0.012349,1.2473763118440782,0.0002975304968758,4.902206945858382e-10,0.00484,8.311800649861931,33.61,90173.0,3030714.53,0.004999999999999,33.61,33.6
2012-11-19,ATO,32986,ATMOS ENERGY CORP,,,0.011901,-0.0490993995997331,0.0002940311673036,4.909870804099537e-10,0.019862,7.903696228361039,34.01,90173.0,3066783.73,0.004999999999999,34.01,34.0
2012-11-20,ATO,32986,ATMOS ENERGY CORP,,,0.01382,-0.3293110705766802,0.0005800464037121,8.385189643623373e-10,0.000663,5.300921561886596,34.48,90173.0,3109165.04,0.009999999999998,34.47,34.45
2012-11-21,ATO,32986,ATMOS ENERGY CORP,,,0.00406,-0.100418410041841,0.0002918004085207,2.7551387409151674e-10,0.00232,4.768611446885432,34.27,90173.0,3090228.7100000004,0.0050000000000025,34.27,34.26
2012-11-23,ATO,32986,ATMOS ENERGY CORP,,,-0.002043,-0.7397674418604652,0.0005847953216373,-5.338413056770612e-10,0.013026,1.2409479555964646,34.2,90173.0,3083916.6,0.009999999999998,34.22,34.2
2012-11-26,ATO,32986,ATMOS ENERGY CORP,,,0.01345,2.586237712243074,0.0002885170225042,9.669957519768775e-10,-0.00203,4.450334357290985,34.66,90173.0,3125396.18,0.004999999999999,34.66,34.65
2012-11-27,ATO,32986,ATMOS ENERGY CORP,,,0.003462,0.0613007724894094,0.0005750431282345,2.337167539267722e-10,-0.005227,4.723143291229082,34.78,90173.0,3136216.94,0.009999999999998,34.79,34.77
2012-11-28,ATO,32986,ATMOS ENERGY CORP,,,-0.003738,0.282460671519136,0.0002886002886002,-1.9750785038225535e-10,0.007856,6.057245516950751,34.65,90173.0,3124494.45,0.004999999999999,34.58,34.57
2012-11-29,ATO,32986,ATMOS ENERGY CORP,,,0.004906,-0.6089344562431344,0.0002871912693855,6.596256402644311e-10,0.00427,2.368780011755182,34.82,90173.0,3139823.86,0.0050000000000025,34.84,34.83
2012-11-30,ATO,32986,ATMOS ENERGY CORP,,,0.005457,1.405430711610487,0.0002856326763781,3.03366585246344e-10,0.000162,5.693705673758865,35.01,90240.0,3159302.4,0.004999999999999,34.98,34.97
2012-12-03,ATO,32986,ATMOS ENERGY CORP,,,0.011997,0.0864149474503697,0.0002822466836014,6.066129457482637e-10,-0.004745,6.18572695035461,35.43,90240.0,3197203.2,0.004999999999999,35.43,35.42
2012-12-04,ATO,32986,ATMOS ENERGY CORP,,,0.001694,-0.2196345395915442,0.0005635390250775,1.0957703265395574e-10,-0.00171,4.827127659574468,35.49,90240.0,3202617.6,0.0100000000000015,35.5,35.48
2012-12-05,ATO,32986,ATMOS ENERGY CORP,,,0.005917,-0.237603305785124,0.0002801120448178,4.990734625678034e-10,0.001585,3.680186170212766,35.7,90240.0,3221568.0000000005,0.004999999999999,35.71,35.7
2012-12-06,ATO,32986,ATMOS ENERGY CORP,,,0.005042,-0.1538693164709424,0.0002787068004458,5.000852981666845e-10,0.003307,3.113918439716312,35.88,90240.0,3237811.2,0.004999999999999,35.89,35.88
2012-12-07,ATO,32986,ATMOS ENERGY CORP,,,-0.006132,-0.3558718861209964,0.0002804262478969,-9.50040747018341e-10,0.002921,2.0057624113475176,35.66,90240.0,3217958.4,0.0050000000000025,35.67,35.66
2012-12-10,ATO,32986,ATMOS ENERGY CORP,,,-0.00028,1.5353591160220996,0.000280504908836,-1.7115139349325187e-11,0.000338,5.085328014184397,35.65,90240.0,3217056.0,0.0050000000000025,35.67,35.66
2012-12-11,ATO,32986,ATMOS ENERGY CORP,,,0.006732,-0.454565264763565,0.0002786291446084,7.493932886554525e-10,0.006549,2.7737145390070923,35.89,90240.0,3238713.6,0.004999999999999,35.89,35.88
2012-12-12,ATO,32986,ATMOS ENERGY CORP,,,-0.007523,0.2820615261685977,0.0002807411566535,-6.581538552523441e-10,0.000448,3.556072695035461,35.62,90240.0,3214348.8,0.004999999999999,35.61,35.6
2012-12-13,ATO,32986,ATMOS ENERGY CORP,,,-0.007019,0.1810532876285446,0.0005654509471302,-5.236016092226692e-10,-0.006321,4.19991134751773,35.37,90240.0,3191788.8,0.009999999999998,35.4,35.38
2012-12-14,ATO,32986,ATMOS ENERGY CORP,,,0.0,0.2366754617414248,0.0002827254735651,0.0,-0.004135,5.193927304964539,35.37,90240.0,3191788.8,0.004999999999999,35.39,35.38
2012-12-17,ATO,32986,ATMOS ENERGY CORP,,,0.023749,0.2235971836995947,0.00027616680475,1.143624314910094e-09,0.011871,6.355274822695035,36.21,90240.0,3267590.4,0.004999999999999,36.21,36.2
2012-12-18,ATO,32986,ATMOS ENERGY CORP,,,-0.003314,-0.1644289450741063,0.0002770850651149,-1.9162351957242858e-10,0.011487,5.310283687943262,36.09,90240.0,3256761.6,0.004999999999999,36.08,36.07
2012-12-19,ATO,32986,ATMOS ENERGY CORP,,,-0.000554,-0.5047996661101837,0.0002772387025228,-6.472407972931781e-11,-0.007589,2.629654255319149,36.07,90240.0,3254956.8,0.004999999999999,36.1,36.09
2012-12-20,ATO,32986,ATMOS ENERGY CORP,,,0.004713,0.3421828908554571,0.0002759381898456,4.0831921153586247e-10,0.005488,3.52947695035461,36.24,90240.0,3270297.6,0.0050000000000025,36.24,36.23
2012-12-21,ATO,32986,ATMOS ENERGY CORP,,,-0.006071,0.9233908948194662,0.0002776235424763,-2.751310033258629e-10,-0.009379,6.788563829787234,36.02,90240.0,3250444.8000000003,0.004999999999999,36.04,36.03
2012-12-24,ATO,32986,ATMOS ENERGY CORP,,,-0.006663,-0.855860267711394,0.000279485746227,-2.108962091857437e-09,-0.00244,0.9785017730496454,35.78,90240.0,3228787.2,0.0050000000000025,35.77,35.76
2012-12-26,ATO,32986,ATMOS ENERGY CORP,,,-0.017887,2.2378255945639864,0.000284575981787,-1.7804164344968596e-09,-0.004787,3.168218085106383,35.14,90240.0,3171033.6,0.004999999999999,35.15,35.14
2012-12-27,ATO,32986,ATMOS ENERGY CORP,,,-0.005407,0.4554039874081848,0.0005722460658083,-3.718017877704235e-10,-0.001218,4.611037234042553,34.95,90240.0,3153888.0000000005,0.0100000000000015,34.95,34.93
2012-12-28,ATO,32986,ATMOS ENERGY CORP,,,-0.009156,-0.2754145638067772,0.0002887669650593,-8.769321167767858e-10,-0.01105,3.341090425531915,34.63,90240.0,3125011.2,0.0050000000000025,34.63,34.62
2012-12-31,ATO,32986,ATMOS ENERGY CORP,,,0.01415,0.0975124378109453,0.0005694760820046,1.2176014748208621e-09,0.016942,3.6578895005637726,35.12,90462.0,3177025.44,0.0100000000000015,35.14,35.12
2013-01-02,ATO,32986,ATMOS ENERGY CORP,,,0.018508,0.1106074342701721,0.00083869164104,1.4079369516886986e-09,0.025403,4.062479273064933,35.77,90462.0,3235825.74,0.0150000000000005,35.78,35.75
2013-01-03,ATO,32986,ATMOS ENERGY CORP,,,-0.005032,-0.1066666666666666,0.0002809778027535,-4.306671652318083e-10,-0.002086,3.629148150604674,35.59,90462.0,3219542.5800000005,0.004999999999999,35.61,35.6
2013-01-04,ATO,32986,ATMOS ENERGY CORP,,,0.009834,0.2452025586353945,0.0005564830272675,6.693314689518407e-10,0.004865,4.519024562799849,35.94,90462.0,3251204.28,0.009999999999998,35.94,35.92
2013-01-07,ATO,32986,ATMOS ENERGY CORP,,,-0.023094,0.0376712328767123,0.0002848191398463,-1.5505924600679135e-09,-0.003123,4.689261789480666,35.11,90462.0,3176120.82,0.0050000000000025,35.13,35.12
2013-01-08,ATO,32986,ATMOS ENERGY CORP,,,0.001994,-0.1499292786421499,0.0002842524161454,1.5718228446871915e-10,-0.003242,3.9862041520196327,35.18,90462.0,3182453.16,0.004999999999999,35.18,35.17
2013-01-09,ATO,32986,ATMOS ENERGY CORP,,,0.007106,0.033555185801442,0.0002822466836016,5.381392362951515e-10,0.002656,4.119961972983131,35.43,90462.0,3205068.66,0.0050000000000025,35.45,35.44
2013-01-10,ATO,32986,ATMOS ENERGY CORP,,,0.007621,0.3399517037832036,0.0005602240896359,4.2745973038795017e-10,0.007597,5.520550065220756,35.7,90462.0,3229493.4000000004,0.0100000000000015,35.7,35.68
2013-01-11,ATO,32986,ATMOS ENERGY CORP,,,-0.004762,-0.225270324389267,0.0002814522938361,-3.464140147965777e-10,-4.8e-05,4.276933961221286,35.53,90462.0,3214114.8600000003,0.004999999999999,35.53,35.52
2013-01-14,ATO,32986,ATMOS ENERGY CORP,,,0.006192,0.2039286637373998,0.0005594405594406,3.718394100532357e-10,-0.000931,5.149123388826247,35.75,90462.0,3234016.5,0.0100000000000015,35.77,35.75
2013-01-15,ATO,32986,ATMOS ENERGY CORP,,,0.008951,-0.3125805066552168,0.0002772387025228,7.750042555534756e-10,0.001129,3.539607791116712,36.07,90462.0,3262964.34,0.004999999999999,36.07,36.06
2013-01-16,ATO,32986,ATMOS ENERGY CORP,,,0.001386,0.2832604622111181,0.0002768549280178,9.338547827514192e-11,0.000197,4.542238730074507,36.12,90462.0,3267487.44,0.0050000000000025,36.13,36.12
2013-01-17,ATO,32986,ATMOS ENERGY CORP,,,0.007475,0.1438306157215867,0.000274800769442,4.3705015991066046e-10,0.005643,5.195551723375561,36.39,90462.0,3291912.18,0.004999999999999,36.39,36.38
2013-01-18,ATO,32986,ATMOS ENERGY CORP,,,0.016213,1.2412765957446807,0.0002704164413197,4.1620104073620636e-10,0.003403,11.644668479582586,36.98,90462.0,3345284.76,0.0050000000000025,36.99,36.98
2013-01-22,ATO,32986,ATMOS ENERGY CORP,,,0.012439,-0.5945509777862161,0.0002670940170939,7.778933455004633e-10,0.004428,4.72131944905043,37.44,90462.0,3386897.28,0.004999999999999,37.44,37.43
2013-01-23,ATO,32986,ATMOS ENERGY CORP,,,-0.006143,0.3519082182158746,0.0002687449610319,-2.859196909628433e-10,0.001507,6.382790563993721,37.21,90462.0,3366091.02,0.004999999999999,37.21,37.2
2013-01-24,ATO,32986,ATMOS ENERGY CORP,,,-0.005644,-0.0550744717700034,0.0002702702702702,-2.7958310216374725e-10,7e-06,6.031261745263205,37.0,90462.0,3347094.0,0.004999999999999,37.0,36.99
2013-01-25,ATO,32986,ATMOS ENERGY CORP,,,0.002703,0.0054985337243402,0.0005390835579513,1.3280558304254988e-10,0.005445,6.064424841369857,37.1,90462.0,3356140.2,0.009999999999998,37.11,37.09
2013-01-28,ATO,32986,ATMOS ENERGY CORP,,,0.00566,0.2455340867663142,0.0002680246582685,2.2201369322406759e-10,-0.00185,7.553447856558555,37.31,90462.0,3375137.22,0.004999999999999,37.32,37.31
2013-01-29,ATO,32986,ATMOS ENERGY CORP,,,0.006969,-0.3963120152202546,0.0002661698163427,4.4968180608319014e-10,0.005106,4.559925714664721,37.57,90462.0,3398657.34,0.004999999999999,37.57,37.56
2013-01-30,ATO,32986,ATMOS ENERGY CORP,,,-0.008517,0.632969696969697,0.0002684563758388,-3.3943630537709825e-10,-0.0039,7.446220512480378,37.25,90462.0,3369709.5,0.004999999999999,37.25,37.24
2013-01-31,ATO,32986,ATMOS ENERGY CORP,,,0.002953,-0.3981591448931116,0.0002676659528907,1.9497226415552775e-10,-0.002563,4.481439720545644,37.36,90462.0,3379660.32,0.004999999999999,37.36,37.35
2013-02-01,ATO,32986,ATMOS ENERGY CORP,,,0.00803,-0.0670942279230389,0.0002655337227827,5.637852443008543e-10,0.010053,4.180760982511994,37.66,90462.0,3406798.9199999995,0.004999999999999,37.66,37.65
2013-02-04,ATO,32986,ATMOS ENERGY CORP,,,-0.002921,0.3371232152300369,0.000266311584554,-1.5382561567767923e-10,-0.011539,5.590192567044726,37.55,90462.0,3396848.1,0.0050000000000025,37.56,37.55
2013-02-05,ATO,32986,ATMOS ENERGY CORP,,,-0.000799,0.2208819458176785,0.0002665245202558,-3.449191637260041e-11,0.010416,6.824965178749088,37.52,90462.0,3394134.24,0.004999999999999,37.53,37.52
2013-02-06,ATO,32986,ATMOS ENERGY CORP,,,0.001599,0.0328798185941043,0.0002660989888237,6.672295485797775e-11,0.000549,7.049368795737437,37.58,90462.0,3399561.96,0.004999999999999,37.6,37.59
2013-02-07,ATO,32986,ATMOS ENERGY CORP,,,0.003991,-0.2408656107887721,0.0002650410813675,2.1850422551913638e-10,-0.001805,5.351418275076828,37.73,90462.0,3413131.26,0.004999999999999,37.73,37.72
2013-02-08,ATO,32986,ATMOS ENERGY CORP,,,0.001855,-0.1043172898161537,0.0002645502645502,1.1317821511548451e-10,0.005658,4.7931728239481775,37.8,90462.0,3419463.6,0.004999999999999,37.8,37.79
2013-02-11,ATO,32986,ATMOS ENERGY CORP,,,0.001587,-0.2559963099630996,0.0002641310089804,1.2993673628393708e-10,-0.000606,3.566138268002034,37.86,90462.0,3424891.32,0.004999999999999,37.86,37.85
2013-02-12,ATO,32986,ATMOS ENERGY CORP,,,0.003962,0.3539987600743954,0.0002630886608786,2.3863490714319443e-10,0.001595,4.828546793128607,38.01,90462.0,3438460.62,0.004999999999999,38.01,38.0
2013-02-13,ATO,32986,ATMOS ENERGY CORP,,,0.002368,-0.399496336996337,0.0002624671916011,2.3695093774734503e-10,0.000592,2.8995600362583183,38.1,90462.0,3446602.2,0.0050000000000025,38.09,38.08
2013-02-14,ATO,32986,ATMOS ENERGY CORP,,,-0.006562,-0.1216164696911933,0.0002642007926023,-7.524677087920151e-10,0.000691,2.546925780990913,37.85,90462.0,3423986.7,0.004999999999999,37.87,37.86
2013-02-15,ATO,32986,ATMOS ENERGY CORP,,,0.001321,0.4739583333333332,0.000263852242744,1.0263510384714594e-10,-0.001045,3.754062479273065,37.9,90462.0,3428509.8,0.004999999999999,37.9,37.89
2013-02-19,ATO,32986,ATMOS ENERGY CORP,,,0.004485,0.8957597173144876,0.0002626740215392,1.8299052292693767e-10,0.007337,7.11680042448763,38.07,90462.0,3443888.34,0.004999999999999,38.07,38.06
2013-02-20,ATO,32986,ATMOS ENERGY CORP,,,-0.006829,-0.2236719478098788,0.0002644802962178,-3.613717372693589e-10,-0.012404,5.524971811368309,37.81,90462.0,3420368.22,0.004999999999999,37.82,37.81
2013-02-21,ATO,32986,ATMOS ENERGY CORP,,,-0.002909,-0.4425770308123249,0.0002652519893898,-2.7696268382457946e-10,-0.006303,3.07974619177113,37.7,90462.0,3410417.4000000004,0.004999999999999,37.69,37.68
2013-02-22,ATO,32986,ATMOS ENERGY CORP,,,0.007427,0.2426417803302225,0.0002632964718272,5.648477458871145e-10,0.008773,3.827021290707701,37.98,90462.0,3435746.76,0.004999999999999,37.97,37.96
2013-02-25,ATO,32986,ATMOS ENERGY CORP,,,-0.006582,0.3980358174465626,0.0002650410813677,-3.604339664383517e-10,-0.01831,5.350312838539939,37.73,90462.0,3413131.26,0.0050000000000025,37.74,37.73
2013-02-26,ATO,32986,ATMOS ENERGY CORP,,,0.00318,-0.3336776859504132,0.0002642007926023,2.6051426991490277e-10,0.006109,3.5650328314651456,37.85,90462.0,3423986.7,0.004999999999999,37.85,37.84
2013-02-27,ATO,32986,ATMOS ENERGY CORP,,,0.013738,0.1420155038759689,0.000521240552515,9.721426432868415e-10,0.012726,4.071322765360041,38.37,90462.0,3471026.94,0.0100000000000015,38.39,38.37
2013-02-28,ATO,32986,ATMOS ENERGY CORP,,,0.003909,0.4800434428455065,0.0002619858527638,1.8787427966506757e-10,-0.000864,6.025734562578762,38.17,90462.0,3452934.54,0.004999999999999,38.19,38.18
2013-03-01,ATO,32986,ATMOS ENERGY CORP,,,0.018077,0.462483947899468,0.0002573340195573,5.83520706414809e-10,0.002324,8.812540072074462,38.86,90462.0,3515353.32,0.004999999999999,38.85,38.84
2013-03-04,ATO,32986,ATMOS ENERGY CORP,,,0.015955,0.1502759658805821,0.0002532928064842,4.4070738576411564e-10,0.004611,10.136853043266786,39.48,90462.0,3571439.76,0.004999999999999,39.48,39.47
2013-03-05,ATO,32986,ATMOS ENERGY CORP,,,0.015957,-0.1535441657579062,0.0002493143854401,5.125366720518831e-10,0.009566,8.580398399327894,40.11,90462.0,3628430.82,0.0050000000000025,40.13,40.12
2013-03-06,ATO,32986,ATMOS ENERGY CORP,,,0.005236,-0.1442927080649317,0.0002480158730158,1.9551507243467495e-10,0.001085,7.342309478012868,40.32,90462.0,3647427.84,0.004999999999999,40.33,40.32
2013-03-07,ATO,32986,ATMOS ENERGY CORP,,,0.003968,-0.3354411321890996,0.0004940711462451,2.2207457049166238e-10,0.001816,4.879396873825474,40.48,90462.0,3661901.76,0.0100000000000015,40.5,40.48
2013-03-08,ATO,32986,ATMOS ENERGY CORP,,,0.00914,0.4254644313547802,0.0004895960832314,3.5560300387272683e-10,0.004481,6.955406690101921,40.85,90462.0,3695372.7,0.0100000000000015,40.85,40.83
2013-03-11,ATO,32986,ATMOS ENERGY CORP,,,0.014198,-0.0756516211061665,0.0004827419744145,5.892340571474862e-10,0.003249,6.429218898543034,41.43,90462.0,3747840.66,0.009999999999998,41.44,41.42
2013-03-12,ATO,32986,ATMOS ENERGY CORP,,,-0.009896,0.5758253094910593,0.0002437835202339,-2.6322768316813776e-10,-0.002403,10.131325860582344,41.02,90462.0,3710751.24,0.004999999999999,41.01,41.0
2013-03-13,ATO,32986,ATMOS ENERGY CORP,,,0.003169,-0.5032187670485543,0.000243013365735,1.6914328047761494e-10,0.001314,5.033052552452964,41.15,90462.0,3722511.3,0.004999999999999,41.15,41.14
2013-03-14,ATO,32986,ATMOS ENERGY CORP,,,-0.000972,0.0105424994509115,0.0002432498175627,-5.138857263005499e-11,0.005603,5.086113506223608,41.11,90462.0,3718892.82,0.0050000000000025,41.13,41.12
2013-03-15,ATO,32986,ATMOS ENERGY CORP,,,0.003892,0.3838296022603782,0.0002423067603587,1.4811652447239288e-10,-0.001618,7.038314430368553,41.27,90462.0,3733366.74,0.0050000000000025,41.27,41.26
2013-03-18,ATO,32986,ATMOS ENERGY CORP,,,-0.008481,-0.1173237003298256,0.0002443792766374,-3.687865916657101e-10,-0.00551,6.2125533373129045,40.92,90462.0,3701705.04,0.0050000000000025,40.92,40.91
2013-03-19,ATO,32986,ATMOS ENERGY CORP,,,0.007576,0.1309608540925266,0.0,2.890964393056985e-10,-0.002423,7.02615462846278,41.23,90462.0,3729748.26,0.0,41.16,41.16
2013-03-20,ATO,32986,ATMOS ENERGY CORP,,,0.009944,-0.4411579609817495,0.0002401536983669,6.723221780858667e-10,0.006697,3.926510579027658,41.64,90462.0,3766837.68,0.004999999999999,41.65,41.64
2013-03-21,ATO,32986,ATMOS ENERGY CORP,,,-0.002882,0.2882882882882882,0.0002408477842005,-1.5168778716466578e-10,-0.008282,5.058477592801397,41.52,90462.0,3755982.24,0.0050000000000025,41.52,41.51
2013-03-22,ATO,32986,ATMOS ENERGY CORP,,,0.005299,-0.3131555944055944,0.0002395783421178,4.0392161466198106e-10,0.007174,3.4743870354402957,41.74,90462.0,3775883.88,0.004999999999999,41.75,41.74
2013-03-25,ATO,32986,ATMOS ENERGY CORP,,,-0.001198,0.0502704422526247,0.0002398656752219,-8.705212932923574e-11,-0.00334,3.649046008268665,41.69,90462.0,3771360.78,0.0050000000000025,41.7,41.69
2013-03-26,ATO,32986,ATMOS ENERGY CORP,,,0.009834,1.1963041502574976,0.0002375296912113,3.221885494307478e-10,0.007785,8.014414892441025,42.1,90462.0,3808450.2,0.004999999999999,42.1,42.09
2013-03-27,ATO,32986,ATMOS ENERGY CORP,,,-0.000237,-0.4663448275862069,0.0002375861249702,-1.4553608585671102e-11,-0.000588,4.276933961221286,42.09,90462.0,3807545.580000001,0.004999999999999,42.1,42.09
2013-03-28,ATO,32986,ATMOS ENERGY CORP,,,0.014255,0.5983458257947789,0.0002342468962287,5.399724297766897e-10,0.004057,6.836019544117972,42.69,90462.0,3861822.78,0.0050000000000025,42.7,42.69
2013-04-01,ATO,32986,ATMOS ENERGY CORP,,,-0.009604,-0.1701164294954722,0.0002365184484389,-4.4261948145127564e-10,-0.004474,5.6731003073113575,42.28,90462.0,3824733.36,0.004999999999999,42.28,42.27
2013-04-02,ATO,32986,ATMOS ENERGY CORP,,,0.0,-0.0241621200311769,0.0002365184484389,0.0,0.005172,5.536026176737193,42.28,90462.0,3824733.36,0.004999999999999,42.28,42.27
2013-04-03,ATO,32986,ATMOS ENERGY CORP,,,-0.015374,-0.0798722044728434,0.0002402113860198,-8.014344289641551e-10,-0.010546,5.093851561981826,41.63,90462.0,3765933.06,0.0050000000000025,41.63,41.62
2013-04-04,ATO,32986,ATMOS ENERGY CORP,,,0.008888,-0.2717013888888888,0.0004761904761905,6.305692718088428e-10,0.004048,3.709845017797528,42.0,90462.0,3799404.0,0.0100000000000015,42.0,41.98
2013-04-05,ATO,32986,ATMOS ENERGY CORP,,,0.002857,-0.1296185935637663,0.0002374169040835,2.3221502737650176e-10,-0.004295,3.2289801242510667,42.12,90462.0,3810259.44,0.004999999999999,42.12,42.11
2013-04-08,ATO,32986,ATMOS ENERGY CORP,,,0.017094,-0.0071893187264635,0.000233426704015,1.3759296822177143e-09,0.006303,3.20576595697641,42.84,90462.0,3875392.080000001,0.0050000000000025,42.84,42.83
2013-04-09,ATO,32986,ATMOS ENERGY CORP,,,0.002334,1.0017241379310344,0.0002328830926874,9.363464915289528e-11,0.003544,6.417059096637262,42.94,90462.0,3884438.28,0.004999999999999,42.94,42.93
2013-04-10,ATO,32986,ATMOS ENERGY CORP,,,0.011411,-0.4427217915590008,0.0002302555836978,8.121936524194095e-10,0.012189,3.5760871968340298,43.43,90462.0,3928764.66,0.004999999999999,43.41,43.4
2013-04-11,ATO,32986,ATMOS ENERGY CORP,,,0.000461,-0.0945904173106646,0.0002301495972383,3.622361363155085e-11,0.003552,3.2378236165461742,43.45,90462.0,3930573.9,0.0050000000000025,43.45,43.44
2013-04-12,ATO,32986,ATMOS ENERGY CORP,,,-0.003913,0.0208262205530898,0.0002310536044361,-3.0237884754480427e-10,-0.002837,3.3052552452963675,43.28,90462.0,3915195.36,0.004999999999999,43.29,43.28
2013-04-15,ATO,32986,ATMOS ENERGY CORP,,,-0.023798,1.0247491638795987,0.0002366863905326,-9.304034889153438e-10,-0.022966,6.692312794322478,42.25,90462.0,3822019.5,0.0050000000000025,42.27,42.26
2013-04-16,ATO,32986,ATMOS ENERGY CORP,,,0.021302,-0.1919392137429798,0.0004634994206257,1.009143975691862e-09,0.014307,5.407795538458137,43.15,90462.0,3903435.3,0.0100000000000015,43.14,43.12
2013-04-17,ATO,32986,ATMOS ENERGY CORP,,,-0.004635,0.4648405560098119,0.0002328288707799,-1.5059472733256935e-10,-0.014328,7.921558223342398,42.95,90462.0,3885342.9,0.004999999999999,42.94,42.93
2013-04-18,ATO,32986,ATMOS ENERGY CORP,,,0.000233,-0.3005861010326541,0.0002327746741155,1.0821328625080068e-11,-0.006701,5.540447922884747,42.96,90462.0,3886247.52,0.0050000000000025,42.95,42.94
2013-04-19,ATO,32986,ATMOS ENERGY CORP,,,0.025372,1.9664804469273744,0.000227014755959,3.8739698602335434e-10,0.008848,16.43563043045699,44.05,90462.0,3984851.1,0.004999999999999,44.04,44.03
2013-04-22,ATO,32986,ATMOS ENERGY CORP,,,-0.001362,-0.6939736346516008,0.0002273243919073,-6.804743335773115e-11,0.004662,5.029736242842298,43.99,90462.0,3979423.38,0.0050000000000025,43.99,43.98
2013-04-23,ATO,32986,ATMOS ENERGY CORP,,,0.005456,0.0547252747252746,0.0002260908885371,2.5704352737214406e-10,0.010419,5.3049899405275145,44.23,90462.0,4001134.26,0.004999999999999,44.25,44.24
2013-04-24,ATO,32986,ATMOS ENERGY CORP,,,-0.001357,-0.1235674098770577,0.0002263980076976,-7.304376995852384e-11,6e-06,4.6494660741526825,44.17,90462.0,3995706.54,0.0050000000000025,44.17,44.16
2013-04-25,ATO,32986,ATMOS ENERGY CORP,,,-0.001358,-0.1597717546362339,0.0002267059623667,-8.711564711209063e-11,0.004035,3.9066127213636666,44.11,90462.0,3990278.82,0.004999999999999,44.1,44.09
2013-04-26,ATO,32986,ATMOS ENERGY CORP,,,-0.009295,0.8305036785512168,0.000228832951945,-3.287992407372885e-10,-0.001842,7.151068957131171,43.7,90462.0,3953189.4,0.004999999999999,43.69,43.68
2013-04-29,ATO,32986,ATMOS ENERGY CORP,,,0.009611,-0.3179780491575205,0.0002266545784224,4.93739155307909e-10,0.007186,4.8771860007516965,44.12,90462.0,3991183.44,0.004999999999999,44.11,44.1
2013-04-30,ATO,32986,ATMOS ENERGY CORP,,,0.005666,0.1978694469628286,0.0004507550146494,2.41625157332477e-10,0.002485,5.842232097455285,44.37,90462.0,4013798.94,0.009999999999998,44.37,44.35
2013-05-01,ATO,32986,ATMOS ENERGY CORP,,,-0.016903,-0.221759697256386,0.0002292526364052,-9.421486295062247e-10,-0.009308,4.54666047622206,43.62,90462.0,3945952.44,0.004999999999999,43.6,43.59
2013-05-02,ATO,32986,ATMOS ENERGY CORP,,,0.01536,0.3041575492341357,0.0002257846014901,6.46542035587088e-10,0.009408,5.92956158386947,44.29,90462.0,4006561.98,0.004999999999999,44.3,44.29
2013-05-03,ATO,32986,ATMOS ENERGY CORP,,,0.004516,-0.5178970917225951,0.0002247696111485,3.925210997474688e-10,0.010535,2.858658884393447,44.49,90462.0,4024654.38,0.004999999999999,44.5,44.49
2013-05-06,ATO,32986,ATMOS ENERGY CORP,,,-0.002023,0.7122969837587008,0.0002252252252251,-1.0289761306021468e-10,0.001908,4.894872985341912,44.4,90462.0,4016512.8,0.004999999999999,44.41,44.4
2013-05-07,ATO,32986,ATMOS ENERGY CORP,,,0.008108,-0.3570460704607046,0.0002234137622877,6.362623058058073e-10,0.00523,3.147177820521324,44.76,90462.0,4049079.12,0.004999999999999,44.76,44.75
2013-05-08,ATO,32986,ATMOS ENERGY CORP,,,-0.003128,0.2564102564102564,0.0002241147467502,-1.9598292642858582e-10,0.004139,3.9541464924498686,44.62,90462.0,4036414.44,0.004999999999999,44.61,44.6
2013-05-09,ATO,32986,ATMOS ENERGY CORP,,,-0.012102,-0.1140620631814369,0.0004537205081668,-8.663498879515083e-10,-0.003687,3.5031283853993944,44.08,90462.0,3987564.96,0.009999999999998,44.08,44.06
2013-05-10,ATO,32986,ATMOS ENERGY CORP,,,-0.000227,0.3354370463868728,0.0002269117313366,-1.217130505987424e-11,0.004322,4.678207424111782,44.07,90462.0,3986660.34,0.0050000000000025,44.09,44.08
2013-05-13,ATO,32986,ATMOS ENERGY CORP,,,-0.000681,-0.2956049149338374,0.0002270663033605,-5.1872577185023765e-11,4.3e-05,3.295306316464372,44.04,90462.0,3983946.48,0.004999999999999,44.05,44.04
2013-05-14,ATO,32986,ATMOS ENERGY CORP,,,0.008628,-0.2358269037235827,0.0002251238180999,8.52663872943991e-10,0.010142,2.5181844310318144,44.42,90462.0,4018322.04,0.004999999999999,44.43,44.42
2013-05-15,ATO,32986,ATMOS ENERGY CORP,,,0.002251,1.280070237050044,0.0004492362982928,9.734606348260709e-11,0.005114,5.741637372598439,44.52,90462.0,4027368.24,0.009999999999998,44.54,44.52
2013-05-16,ATO,32986,ATMOS ENERGY CORP,,,-0.000898,-0.4276087793608009,0.0002266032177658,-6.844590970521079e-11,-0.00501,3.2864628241692646,44.13,90462.0,3992088.06,0.0050000000000025,44.13,44.12
2013-05-17,ATO,32986,ATMOS ENERGY CORP,,,0.011104,-0.007063572149344,0.0002241147467502,8.430115677221317e-10,0.0103,3.2632486568946075,44.62,90462.0,4036414.44,0.004999999999999,44.62,44.61
2013-05-20,ATO,32986,ATMOS ENERGY CORP,,,0.005603,0.2408536585365854,0.0002228660574993,3.4090049690673715e-10,-0.000708,4.049214034622272,44.87,90462.0,4059029.94,0.004999999999999,44.87,44.86
2013-05-21,ATO,32986,ATMOS ENERGY CORP,,,-0.00312,0.1990171990171989,0.0002235636038454,-1.5881567486277714e-10,0.001722,4.855077270013928,44.73,90462.0,4046365.26,0.0050000000000025,44.74,44.73
2013-05-22,ATO,32986,ATMOS ENERGY CORP,,,-0.018779,-0.3661202185792349,0.0002278423331054,-1.536871829521557e-09,-0.008274,3.077535318697353,43.89,90462.0,3970377.18,0.004999999999999,43.9,43.89
2013-05-23,ATO,32986,ATMOS ENERGY CORP,,,-0.017544,1.2155172413793105,0.0004638218923932,-6.596377496877775e-10,-0.002924,6.818332559527757,43.12,90462.0,3900721.44,0.009999999999998,43.12,43.1
2013-05-24,ATO,32986,ATMOS ENERGY CORP,,,-0.009508,-0.1214332036316472,0.0002341372044017,-4.108094739716034e-10,-0.000551,5.990360593398333,42.71,90462.0,3863632.02,0.004999999999999,42.72,42.71
2013-05-28,ATO,32986,ATMOS ENERGY CORP,,,0.007258,-0.0228824506366488,0.0,3.1862554649900406e-10,0.006341,5.853286462824169,43.02,90462.0,3891675.24,0.0,43.01,43.01
2013-05-29,ATO,32986,ATMOS ENERGY CORP,,,-0.019758,0.0343720491029273,0.0002371354043158,-8.55453956266724e-10,-0.007048,6.054475912537861,42.17,90462.0,3814782.54,0.004999999999999,42.18,42.17
2013-05-30,ATO,32986,ATMOS ENERGY CORP,,,0.007351,-0.3401497169983567,0.0002354048964217,4.788216363024314e-10,0.00367,3.99504764431474,42.48,90462.0,3842825.76,0.004999999999999,42.48,42.47
2013-05-31,ATO,32986,ATMOS ENERGY CORP,,,-0.00612,0.0448256779192031,0.0002368545712931,-3.838850572866904e-10,-0.014307,4.1701178367513725,42.22,90549.0,3822978.78,0.004999999999999,42.21,42.2
2013-06-03,ATO,32986,ATMOS ENERGY CORP,,,0.003079,0.3546080508474576,0.0004722550177094,1.4213814267133383e-10,0.005936,5.648875194645993,42.35,90549.0,3834750.15,0.009999999999998,42.37,42.35
2013-06-04,ATO,32986,ATMOS ENERGY CORP,,,-0.015584,0.1538611925708699,0.0002398656752218,-6.3335592725478e-10,-0.005511,6.51801786877823,41.69,90549.0,3774987.81,0.004999999999999,41.69,41.68
2013-06-05,ATO,32986,ATMOS ENERGY CORP,,,-0.013193,0.4839037614368011,0.0002430724355857,-3.661628959446814e-10,-0.01378,9.672111232592298,41.14,90549.0,3725185.86,0.004999999999999,41.14,41.13
2013-06-06,ATO,32986,ATMOS ENERGY CORP,,,0.007778,-0.3805663393468829,0.0002411963338158,3.4581107546888785e-10,0.00849,5.99123126704878,41.46,90549.0,3754161.54,0.0050000000000025,41.45,41.44
2013-06-07,ATO,32986,ATMOS ENERGY CORP,,,-0.000965,-0.375852534562212,0.0004828585224529,-6.880662642750577e-11,0.012832,3.739411810180124,41.42,90549.0,3750539.58,0.0100000000000015,41.42,41.4
2013-06-10,ATO,32986,ATMOS ENERGY CORP,,,-0.002173,-0.1754282339043118,0.0002419549963706,-1.8831239509795014e-10,-0.000347,3.0834134004792983,41.33,90549.0,3742390.17,0.004999999999999,41.33,41.32
2013-06-11,ATO,32986,ATMOS ENERGY CORP,,,-0.00871,-0.1744269340974211,0.0002440810349035,-9.223192251671374e-10,-0.010153,2.5455830544787905,40.97,90549.0,3709792.53,0.004999999999999,40.97,40.96
2013-06-12,ATO,32986,ATMOS ENERGY CORP,,,-0.005614,0.8147505422993493,0.0002454590083457,-3.2943028277605394e-10,-0.00837,4.619598228583419,40.74,90549.0,3688966.26,0.0050000000000025,40.7,40.69
2013-06-13,ATO,32986,ATMOS ENERGY CORP,,,0.003191,0.2247191011235956,0.0002446782481036,1.5240450706598586e-10,0.014784,5.657710190062839,40.87,90549.0,3700737.63,0.004999999999999,40.87,40.86
2013-06-14,ATO,32986,ATMOS ENERGY CORP,,,-0.007096,-0.2020300605114191,0.000246426811237,-4.27750648859637e-10,-0.005885,4.514682658008371,40.58,90549.0,3674478.42,0.004999999999999,40.58,40.57
2013-06-17,ATO,32986,ATMOS ENERGY CORP,,,0.003943,-0.3028375733855186,0.0,3.3959469119534233e-10,0.007567,3.147467117251433,40.74,90549.0,3688966.26,0.0,40.73,40.73
2013-06-18,ATO,32986,ATMOS ENERGY CORP,,,0.008836,-0.1175438596491228,0.000243309002433,8.548224037768522e-10,0.007791,2.777501684171001,41.1,90549.0,3721563.9,0.004999999999999,41.11,41.1
2013-06-19,ATO,32986,ATMOS ENERGY CORP,,,-0.025061,-0.1419483101391649,0.0002495632642874,-2.8981950724323254e-09,-0.013851,2.383240013694243,40.07,90549.0,3628298.43,0.004999999999999,40.08,40.07
2013-06-20,ATO,32986,ATMOS ENERGY CORP,,,-0.029698,1.1348470806302131,0.0002572016460906,-1.6579931594522915e-09,-0.02501,5.087852985676264,38.88,90549.0,3520545.12,0.0050000000000025,38.88,38.87
2013-06-21,ATO,32986,ATMOS ENERGY CORP,,,-0.004887,0.3505535055350552,0.0005169294391314,-2.0300821030504068e-10,0.00267,6.871417685452076,38.69,90549.0,3503340.81,0.009999999999998,38.69,38.67
2013-06-24,ATO,32986,ATMOS ENERGY CORP,,,-0.002585,-0.2473481195756991,0.0002591344908008,-1.4304135355965738e-10,-0.012145,5.171785442136302,38.59,90549.0,3494285.91,0.0050000000000025,38.59,38.58
2013-06-25,ATO,32986,ATMOS ENERGY CORP,,,0.019176,0.1804398889600682,0.0002542588354944,8.819948316648287e-10,0.009497,6.104981833040674,39.33,90549.0,3561292.17,0.004999999999999,39.33,39.32
2013-06-26,ATO,32986,ATMOS ENERGY CORP,,,0.021103,-0.0388929088277858,0.0002490039840636,9.890327641063828e-10,0.00959,5.867541331212935,40.16,90549.0,3636447.84,0.004999999999999,40.16,40.15
2013-06-27,ATO,32986,ATMOS ENERGY CORP,,,0.012201,-0.3131940523244871,0.0002460024600245,8.225475513182098e-10,0.0062,4.02986228450894,40.65,90549.0,3680816.85,0.004999999999999,40.66,40.65
2013-06-28,ATO,32986,ATMOS ENERGY CORP,,,0.010086,0.7127980268566732,0.0002435460301998,3.930248416950803e-10,-0.00429,6.902340169411037,41.06,90549.0,3717941.94,0.0050000000000025,41.06,41.05
2013-07-01,ATO,32986,ATMOS ENERGY CORP,,,-0.007063,0.34704,0.0002452783909737,-2.0577280858149814e-10,0.005404,9.297728301803444,40.77,90549.0,3691682.73,0.004999999999999,40.78,40.77
2013-07-02,ATO,32986,ATMOS ENERGY CORP,,,-0.00417,-0.2240171041691412,0.0002463054187193,-1.5721622471439052e-10,-0.000545,7.214878132281969,40.6,90549.0,3676289.4,0.0050000000000025,40.59,40.58
2013-07-03,ATO,32986,ATMOS ENERGY CORP,,,-0.002709,-0.5101790907699373,0.0007409236848604,-2.0907940232156087e-10,0.000824,3.533998166738451,40.49,90549.0,3666329.01,0.0150000000000005,40.49,40.46
2013-07-05,ATO,32986,ATMOS ENERGY CORP,,,0.001976,-0.325625,0.0002464875523785,2.2569944555149358e-10,0.010202,2.383240013694243,40.57,90549.0,3673572.93,0.004999999999999,40.58,40.57
2013-07-08,ATO,32986,ATMOS ENERGY CORP,,,0.011585,0.1570898980537534,0.0002436647173488,1.13049889887358e-09,0.005252,2.757622944483097,41.04,90549.0,3716130.96,0.004999999999999,41.04,41.03
2013-07-09,ATO,32986,ATMOS ENERGY CORP,,,0.009503,0.1225470564677613,0.0002413709872072,8.183191193119263e-10,0.00723,3.095561519177462,41.43,90549.0,3751445.07,0.004999999999999,41.43,41.42
2013-07-10,ATO,32986,ATMOS ENERGY CORP,,,0.004827,0.0003567606136283,0.0002402113860198,4.135165336366187e-10,0.000182,3.096665893604568,41.63,90549.0,3769554.87,0.0050000000000025,41.63,41.62
2013-07-11,ATO,32986,ATMOS ENERGY CORP,,,0.007927,-0.1091298145506419,0.00023832221163,7.56277090309044e-10,0.013554,2.7587273189102035,41.96,90549.0,3799436.04,0.004999999999999,41.96,41.95
2013-07-12,ATO,32986,ATMOS ENERGY CORP,,,0.010486,0.0368294635708565,0.0002358490566037,9.548699643039267e-10,0.003087,2.8603297662039338,42.4,90549.0,3839277.6,0.004999999999999,42.39,42.38
2013-07-15,ATO,32986,ATMOS ENERGY CORP,,,0.024292,0.7640926640926642,0.0002302555836978,1.2241997459377327e-09,0.001375,5.045886757446245,43.43,90549.0,3932543.07,0.004999999999999,43.44,43.43
2013-07-16,ATO,32986,ATMOS ENERGY CORP,,,0.0,0.4191289122346247,0.0004605111673958,0.0,-0.003709,7.160763785353787,43.43,90549.0,3932543.07,0.0100000000000015,43.45,43.43
2013-07-17,ATO,32986,ATMOS ENERGY CORP,,,-0.002533,-0.5080197409006786,0.000230840258541,-1.8329729620206264e-10,0.002774,3.522954422467393,43.32,90549.0,3922582.68,0.004999999999999,43.33,43.32
2013-07-18,ATO,32986,ATMOS ENERGY CORP,,,0.014774,-0.3269592476489028,0.0002274795268425,1.5653388586736554e-09,0.005033,2.3710918949960798,43.96,90549.0,3980534.04,0.004999999999999,43.97,43.96
2013-07-19,ATO,32986,ATMOS ENERGY CORP,,,0.001137,2.186772240335352,0.0002272210861167,3.775948186419061e-11,0.00161,7.55612983025765,44.01,90549.0,3985061.49,0.004999999999999,44.0,43.99
2013-07-22,ATO,32986,ATMOS ENERGY CORP,,,-0.001363,-0.7461268634902075,0.0002275312855517,-1.7854066908868938e-10,0.002033,1.9182983798827156,43.95,90549.0,3979628.55,0.004999999999999,43.96,43.95
2013-07-23,ATO,32986,ATMOS ENERGY CORP,,,0.004323,1.061600460564191,0.0004531037607612,2.7349449284707197e-10,-0.001852,3.954764823465748,44.14,90549.0,3996832.86,0.0100000000000015,44.14,44.12
2013-07-24,ATO,32986,ATMOS ENERGY CORP,,,-0.00725,0.1655962021781625,0.0002282062984939,-3.9638132824157367e-10,-0.003811,4.609658858739467,43.82,90549.0,3967857.18,0.0050000000000025,43.84,43.83
2013-07-25,ATO,32986,ATMOS ENERGY CORP,,,0.012323,-0.3251078102539531,0.0002254283137961,9.861388395139264e-10,0.002556,3.1110227611569425,44.36,90549.0,4016753.64,0.004999999999999,44.36,44.35
2013-07-26,ATO,32986,ATMOS ENERGY CORP,,,-0.001803,-0.0919417820376287,0.0002258355916892,-1.5917966060035892e-10,0.000828,2.824989784536549,44.28,90549.0,4009509.72,0.004999999999999,44.29,44.28
2013-07-29,ATO,32986,ATMOS ENERGY CORP,,,0.006323,0.0824863174354963,0.0002244165170557,5.124541846669946e-10,-0.003736,3.0580127886558657,44.56,90549.0,4034863.44,0.0050000000000025,44.59,44.58
2013-07-30,ATO,32986,ATMOS ENERGY CORP,,,-0.002693,-0.1466233297219212,0.0002250225022503,-2.5644756604310447e-10,0.000374,2.609636771250925,44.44,90549.0,4023997.56,0.0050000000000025,44.45,44.44
2013-07-31,ATO,32986,ATMOS ENERGY CORP,,,-0.0045,1.261955141768938,0.0002260397830019,-1.9030477521199952e-10,-0.000136,5.902881312880319,44.24,90549.0,4005887.76,0.0050000000000025,44.27,44.26
2013-08-01,ATO,32986,ATMOS ENERGY CORP,,,0.021474,0.2349859681945743,0.0006638636866563,7.198812708810908e-10,0.012541,7.289975593325161,45.19,90549.0,4091909.31,0.0150000000000005,45.24,45.21
2013-08-02,ATO,32986,ATMOS ENERGY CORP,,,-0.009294,-0.6256627783669141,0.0002233638597274,-8.401229106869077e-10,0.00164,2.728909209378348,44.77,90549.0,4053878.73,0.004999999999999,44.79,44.78
2013-08-05,ATO,32986,ATMOS ENERGY CORP,,,-0.007371,0.5074868474301901,0.0002250225022501,-4.4527271519098215e-10,-0.00148,4.113794740968978,44.44,90549.0,4023997.56,0.004999999999999,44.43,44.42
2013-08-06,ATO,32986,ATMOS ENERGY CORP,,,-0.007651,0.0633557046979866,0.000453514739229,-4.3800066521601486e-10,-0.005723,4.374427105765939,44.1,90549.0,3993210.9,0.0100000000000015,44.1,44.08
2013-08-07,ATO,32986,ATMOS ENERGY CORP,,,0.003175,0.5498611461752083,0.0002260397830019,1.1690443248586762e-10,-0.003806,6.779754608002297,44.24,90549.0,4005887.76,0.0050000000000025,44.24,44.23
2013-08-08,ATO,32986,ATMOS ENERGY CORP,,,-0.002939,0.0306238801107672,0.0004534119247335,-1.0530880723819432e-10,0.003885,6.987377000298181,44.11,90549.0,3994116.39,0.009999999999998,44.11,44.09
2013-08-09,ATO,32986,ATMOS ENERGY CORP,,,0.00272,-0.4193140508929982,0.0002260908885371,1.6738356473085526e-10,-0.00357,4.057471645186584,44.23,90549.0,4004982.27,0.004999999999999,44.23,44.22
2013-08-12,ATO,32986,ATMOS ENERGY CORP,,,-0.005426,-0.3307022318998367,0.0002273243919072,-5.016112852739923e-10,-0.001153,2.7156567162530783,43.99,90549.0,3983250.51,0.004999999999999,43.98,43.97
2013-08-13,ATO,32986,ATMOS ENERGY CORP,,,-0.012048,0.2923952826352176,0.000230096640589,-8.723109898731412e-10,0.002776,3.5097019293421243,43.46,90549.0,3935259.54,0.004999999999999,43.47,43.46
2013-08-14,ATO,32986,ATMOS ENERGY CORP,,,-0.009204,0.1135934550031465,0.0002322340919646,-6.039792547168982e-10,-0.005177,3.9083810975273057,43.06,90549.0,3899039.94,0.004999999999999,43.05,43.04
2013-08-15,ATO,32986,ATMOS ENERGY CORP,,,-0.017418,-0.0104549307714043,0.0004727014890095,-1.1755446224401466e-09,-0.014282,3.867519243724392,42.31,90549.0,3831128.19,0.009999999999998,42.33,42.31
2013-08-16,ATO,32986,ATMOS ENERGY CORP,,,-0.016308,0.441747572815534,0.0002402691013935,-7.760563488861534e-10,-0.003305,5.5759864824570124,41.62,90549.0,3768649.38,0.004999999999999,41.62,41.61
2013-08-19,ATO,32986,ATMOS ENERGY CORP,,,-0.006728,-0.37294513765102,0.0002418964683115,-5.140490962729604e-10,-0.0059,3.496449436216855,41.34,90549.0,3743295.66,0.004999999999999,41.33,41.32
2013-08-20,ATO,32986,ATMOS ENERGY CORP,,,0.007741,-0.0233733417561592,0.0002400384061451,6.009499682950565e-10,0.003821,3.414725728611028,41.66,90549.0,3772271.34,0.0050000000000025,41.67,41.66
2013-08-21,ATO,32986,ATMOS ENERGY CORP,,,-0.004801,0.3447606727037515,0.0002411963338156,-2.7849533397049067e-10,-0.00578,4.591988867905775,41.46,90549.0,3754161.54,0.004999999999999,41.47,41.46
2013-08-22,ATO,32986,ATMOS ENERGY CORP,,,-0.000724,-0.454064454064454,0.0002434274586174,-7.763941851936051e-11,0.008619,2.5069299495300887,41.08,90549.0,3719752.92,0.0050000000000025,41.09,41.08
2013-08-23,ATO,32986,ATMOS ENERGY CORP,,,0.018257,0.5819383259911894,0.0004781257470713,1.2154193489674192e-09,0.003947,3.9658085677368056,41.83,90549.0,3787664.67,0.009999999999998,41.83,41.81
2013-08-26,ATO,32986,ATMOS ENERGY CORP,,,0.000956,-0.0297967140072403,0.0004776689754001,6.553552532756109e-11,-0.00404,3.8476405040364887,41.87,90549.0,3791286.63,0.0100000000000015,41.88,41.86
2013-08-27,ATO,32986,ATMOS ENERGY CORP,,,-0.008359,0.5697474167623422,0.0002408477842003,-3.6811969795776575e-10,-0.015874,6.039823741841434,41.52,90549.0,3759594.48,0.004999999999999,41.58,41.57
2013-08-28,ATO,32986,ATMOS ENERGY CORP,,,-0.003854,-0.6348509782409947,0.0002417794970985,-4.666090044157145e-10,0.002748,2.2054357309302146,41.36,90549.0,3745106.64,0.004999999999999,41.36,41.35
2013-08-29,ATO,32986,ATMOS ENERGY CORP,,,-0.005561,0.3785678517776665,0.0002431315341601,-4.911204000957689e-10,0.001963,3.040342797822173,41.13,90549.0,3724280.37,0.0050000000000025,41.13,41.12
2013-08-30,ATO,32986,ATMOS ENERGY CORP,,,-0.018964,0.144932800581184,0.0002478314745972,-1.4910774379006034e-09,-0.003174,3.4774933804060018,40.35,90640.0,3657324.0,0.004999999999999,40.36,40.35
2013-09-03,ATO,32986,ATMOS ENERGY CORP,,,-0.017596,1.9711294416243652,0.000252270433905,-4.739936524287192e-10,0.004164,10.332082965578111,39.64,90640.0,3592969.6,0.004999999999999,39.66,39.65
2013-09-04,ATO,32986,ATMOS ENERGY CORP,,,0.0,-0.4933262146289375,0.0005045408678101,0.0,0.008117,5.234995586937335,39.64,90640.0,3592969.6,0.009999999999998,39.66,39.64
2013-09-05,ATO,32986,ATMOS ENERGY CORP,,,-0.006054,-0.0337197049525817,0.0002538071065989,-3.3512502145043707e-10,0.00121,5.05847308031774,39.4,90640.0,3571216.0,0.004999999999999,39.39,39.38
2013-09-06,ATO,32986,ATMOS ENERGY CORP,,,0.002284,0.0353326063249728,0.0005064573309699,1.2183995617602418e-10,5.4e-05,5.23720211827008,39.49,90640.0,3579373.6,0.0100000000000015,39.49,39.47
2013-09-09,ATO,32986,ATMOS ENERGY CORP,,,0.004305,0.4508110385506636,0.0002521432173474,1.576123930130371e-10,0.009993,7.598190644307149,39.66,90640.0,3594782.4,0.004999999999999,39.66,39.65
2013-09-10,ATO,32986,ATMOS ENERGY CORP,,,0.011851,-0.4611587048061565,0.0002491901320708,7.957834155674199e-10,0.007346,4.094218887908208,40.13,90640.0,3637383.2,0.0050000000000025,40.13,40.12
2013-09-11,ATO,32986,ATMOS ENERGY CORP,,,-0.003239,-0.2471032066828348,0.0002500000000001,-2.8981746599856837e-10,0.003052,3.0825242718446604,40.0,90640.0,3625600.0,0.0050000000000025,39.99,39.98
2013-09-12,ATO,32986,ATMOS ENERGY CORP,,,0.01225,0.5103793843951325,0.0002469745616201,7.169285260300652e-10,-0.00338,4.655781112091792,40.49,90640.0,3670013.6,0.004999999999999,40.5,40.49
2013-09-13,ATO,32986,ATMOS ENERGY CORP,,,0.002964,-0.0755924170616113,0.0002462447672988,1.8709804928821628e-10,0.002715,4.303839364518976,40.61,90640.0,3680890.4,0.0050000000000025,40.63,40.62
2013-09-16,ATO,32986,ATMOS ENERGY CORP,,,-0.003694,0.4673160728018457,0.000247157686604,-1.5950392982448866e-10,0.005693,6.315092674315975,40.46,90640.0,3667294.4,0.004999999999999,40.47,40.46
2013-09-17,ATO,32986,ATMOS ENERGY CORP,,,0.011369,-0.2568134171907756,0.0002443792766374,6.53114244496928e-10,0.004218,4.693292144748456,40.92,90640.0,3708988.8,0.0050000000000025,40.92,40.91
2013-09-18,ATO,32986,ATMOS ENERGY CORP,,,0.020772,0.3768218147625763,0.0002394062724442,8.490604560720145e-10,0.012178,6.461827007943513,41.77,90640.0,3786032.8,0.004999999999999,41.78,41.77
2013-09-19,ATO,32986,ATMOS ENERGY CORP,,,0.002873,-0.3897899948779239,0.0002387204583432,1.9189811886408604e-10,-0.001843,3.943071491615181,41.89,90640.0,3796909.6,0.004999999999999,41.9,41.89
2013-09-20,ATO,32986,ATMOS ENERGY CORP,,,-0.00382,1.1208729714605483,0.0002396357536545,-1.2076630329287349e-10,-0.007217,8.362753751103266,41.73,90640.0,3782407.2,0.0050000000000025,41.74,41.73
2013-09-23,ATO,32986,ATMOS ENERGY CORP,,,0.021088,-0.4328496042216359,0.0002346866932644,1.15121493081219e-09,-0.00472,4.742939099735216,42.61,90640.0,3862170.4,0.004999999999999,42.62,42.61
2013-09-24,ATO,32986,ATMOS ENERGY CORP,,,-0.002112,-0.3405443126308444,0.0002351834430855,-1.7520544331456846e-10,-0.002597,3.127758164165931,42.52,90640.0,3854012.8,0.004999999999999,42.53,42.52
2013-09-25,ATO,32986,ATMOS ENERGY CORP,,,-0.004704,-0.1530864197530864,0.0002362948960301,-4.6294510242660384e-10,-0.002739,2.6489408649602826,42.32,90640.0,3835884.8,0.004999999999999,42.33,42.32
2013-09-26,ATO,32986,ATMOS ENERGY CORP,,,0.006144,-0.1636817992503123,0.0002348520432128,7.185911123004458e-10,0.003485,2.215357458075905,42.58,90640.0,3859451.2,0.0050000000000025,42.59,42.58
2013-09-27,ATO,32986,ATMOS ENERGY CORP,,,-0.006576,1.301792828685259,0.0002364066193854,-3.3635004956253007e-10,-0.004074,5.099293909973522,42.3,90640.0,3834072.0,0.0050000000000025,42.31,42.3
2013-09-30,ATO,32986,ATMOS ENERGY CORP,,,0.006856,-0.2739073993942016,0.000234796900681,4.796685193886549e-10,-0.006029,3.702559576345984,42.59,90640.0,3860357.6,0.0050000000000025,42.59,42.58
2013-10-01,ATO,32986,ATMOS ENERGY CORP,,,0.001174,0.943087008343266,0.0002345215759849,4.222179576849854e-11,0.007999,7.194395410414828,42.64,90640.0,3864889.6,0.004999999999999,42.64,42.63
2013-10-02,ATO,32986,ATMOS ENERGY CORP,,,-0.012195,-0.360527526452998,0.0002374169040836,-6.943163417983562e-10,-0.000667,4.600617828773169,42.12,90640.0,3817756.8,0.0050000000000025,42.13,42.12
2013-10-03,ATO,32986,ATMOS ENERGY CORP,,,-0.01567,-0.0237410071942446,0.0002411963338156,-9.284074062619567e-10,-0.008979,4.491394527802295,41.46,90640.0,3757934.4,0.004999999999999,41.46,41.45
2013-10-04,ATO,32986,ATMOS ENERGY CORP,,,0.003859,-0.3716531564726111,0.0002402691013935,3.62470079076525e-10,0.007053,2.822153574580759,41.62,90640.0,3772436.8,0.004999999999999,41.62,41.61
2013-10-07,ATO,32986,ATMOS ENERGY CORP,,,-0.012974,0.3846755277560594,0.0004868549172347,-8.916510017225481e-10,-0.008506,3.907766990291262,41.08,90640.0,3723491.2,0.0100000000000015,41.09,41.07
2013-10-08,ATO,32986,ATMOS ENERGY CORP,,,0.003895,0.6149068322981366,0.0002424830261882,1.6511737535015906e-10,-0.012332,6.310679611650485,41.24,90640.0,3737993.6,0.0050000000000025,41.24,41.23
2013-10-09,ATO,32986,ATMOS ENERGY CORP,,,-0.001697,0.7825174825174825,0.0002428953121206,-4.042696593452804e-11,0.000574,11.248896734333629,41.17,90640.0,3731648.8,0.0050000000000025,41.17,41.16
2013-10-10,ATO,32986,ATMOS ENERGY CORP,,,0.017974,-0.5158885837583367,0.0002386065378192,8.688642444815953e-10,0.02183,5.445719329214475,41.91,90640.0,3798722.4,0.0050000000000025,41.92,41.91
2013-10-11,ATO,32986,ATMOS ENERGY CORP,,,0.009783,-0.396677471636953,0.0004725897920603,7.762501571067474e-10,0.006286,3.285525154457193,42.32,90640.0,3835884.8,0.009999999999998,42.33,42.31
2013-10-14,ATO,32986,ATMOS ENERGY CORP,,,-0.002363,0.3999328408327736,0.0002368545712931,-1.3424978459244255e-10,0.004075,4.599514563106796,42.22,90640.0,3826820.8,0.004999999999999,42.23,42.22
2013-10-15,ATO,32986,ATMOS ENERGY CORP,,,-0.023922,0.1563924202446629,0.0002426595486531,-1.2040866465220483e-09,-0.007064,5.318843777581642,41.21,90640.0,3735274.4,0.004999999999999,41.22,41.21
2013-10-16,ATO,32986,ATMOS ENERGY CORP,,,0.013346,-0.4959551960174237,0.0002394636015326,1.3151774592813331e-09,0.013828,2.680935569285084,41.76,90640.0,3785126.4,0.0050000000000025,41.77,41.76
2013-10-17,ATO,32986,ATMOS ENERGY CORP,,,0.018199,0.3271604938271604,0.0002351834430855,1.327163869989134e-09,0.006744,3.5580317740511918,42.52,90640.0,3854012.8,0.004999999999999,42.55,42.54
2013-10-18,ATO,32986,ATMOS ENERGY CORP,,,0.009878,1.6344186046511626,0.0002328830926874,2.7076497052340367e-10,0.006549,9.37334510150044,42.94,90640.0,3892081.6,0.004999999999999,42.96,42.95
2013-10-21,ATO,32986,ATMOS ENERGY CORP,,,0.002562,-0.5255414312617702,0.000232288037166,1.476363064300452e-10,9.2e-05,4.447263901147396,43.05,90640.0,3902052.0,0.004999999999999,43.05,43.04
2013-10-22,ATO,32986,ATMOS ENERGY CORP,,,0.011382,-0.5271644753162987,0.0002296738631143,1.3715361542328675e-09,0.005738,2.1028243601059136,43.54,90640.0,3946465.6,0.004999999999999,43.55,43.54
2013-10-23,ATO,32986,ATMOS ENERGY CORP,,,0.005053,0.20199370409234,0.0002285191956123,5.040189853468424e-10,-0.004725,2.5275816416593115,43.76,90640.0,3966406.4,0.004999999999999,43.78,43.77
2013-10-24,ATO,32986,ATMOS ENERGY CORP,,,-0.001143,-0.1017023134002619,0.0002287805994051,-1.2706327751220106e-10,0.003258,2.270520741394528,43.71,90640.0,3961874.4,0.004999999999999,43.71,43.7
2013-10-25,ATO,32986,ATMOS ENERGY CORP,,,0.014184,0.3566569484936832,0.0002255808707421,1.1460025324522967e-09,0.004395,3.0803177405119158,44.33,90640.0,4018071.2,0.004999999999999,44.35,44.34
2013-10-28,ATO,32986,ATMOS ENERGY CORP,,,0.005865,0.3434813753581662,0.000224265530388,3.506577807852569e-10,0.00133,4.138349514563107,44.59,90640.0,4041637.6,0.0050000000000025,44.59,44.58
2013-10-29,ATO,32986,ATMOS ENERGY CORP,,,-0.002915,-0.0866435617168754,0.0002249212775528,-1.9137347462538722e-10,0.005584,3.7797881729920566,44.46,90640.0,4029854.4,0.004999999999999,44.47,44.46
2013-10-30,ATO,32986,ATMOS ENERGY CORP,,,0.000675,-0.3671920607122008,0.0002247696111486,6.998131343417279e-11,-0.004876,2.3918799646954985,44.49,90640.0,4032573.6,0.0050000000000025,44.49,44.48
2013-10-31,ATO,32986,ATMOS ENERGY CORP,,,-0.004945,0.3583948339483394,0.0002258866049242,-3.792900717659768e-10,-0.003839,3.249117387466902,44.27,90640.0,4012632.8,0.004999999999999,44.28,44.27
2013-11-01,ATO,32986,ATMOS ENERGY CORP,,,0.006777,-0.1354838709677419,0.0002243661655821,5.972229002948837e-10,0.002903,2.8089143865842896,44.57,90640.0,4039824.8,0.004999999999999,44.55,44.54
2013-11-04,ATO,32986,ATMOS ENERGY CORP,,,-0.002468,0.2018853102906519,0.0002249212775528,-1.81407095751781e-10,0.003571,3.3759929390997354,44.46,90640.0,4029854.4,0.004999999999999,44.48,44.47
2013-11-05,ATO,32986,ATMOS ENERGY CORP,,,-0.009897,0.2114379084967319,0.0002271694684235,-6.065001966514225e-10,-0.002806,4.089805825242719,44.02,90640.0,3989972.8,0.0050000000000025,44.02,44.01
2013-11-06,ATO,32986,ATMOS ENERGY CORP,,,0.014993,0.305368222282169,0.0006714413607878,6.934573480947751e-10,0.004266,5.338702559576346,44.68,90640.0,4049795.2,0.0150000000000005,44.71,44.68
2013-11-07,ATO,32986,ATMOS ENERGY CORP,,,0.002686,0.1533374664186815,0.0002232142857143,1.0742762433767629e-10,-0.013183,6.1573256840247135,44.8,90640.0,4060672.0,0.0050000000000025,44.81,44.8
2013-11-08,ATO,32986,ATMOS ENERGY CORP,,,0.015179,-0.0179179358537896,0.0004397537379066,6.089237354211728e-10,0.013428,6.046999117387467,45.48,90640.0,4122307.2,0.009999999999998,45.48,45.46
2013-11-11,ATO,32986,ATMOS ENERGY CORP,,,0.008795,-0.3758438241196862,0.0002179598953792,5.603499794973709e-10,0.000723,3.7742718446601935,45.88,90640.0,4158563.2,0.004999999999999,45.89,45.88
2013-11-12,ATO,32986,ATMOS ENERGY CORP,,,-0.002398,0.0257234726688102,0.0002184837229627,-1.493086257236845e-10,-0.00237,3.871359223300971,45.77,90640.0,4148592.8,0.0050000000000025,45.77,45.76
2013-11-13,ATO,32986,ATMOS ENERGY CORP,,,0.020974,0.0478768880022799,0.0002139952921036,1.2206519599076301e-09,0.008095,4.0567078552515445,46.73,90640.0,4235607.199999999,0.0050000000000025,46.74,46.73
2013-11-14,ATO,32986,ATMOS ENERGY CORP,,,0.007062,-0.1261898286646723,0.0002124946876327,4.670518157680979e-10,0.004837,3.544792586054722,47.06,90640.0,4265518.4,0.004999999999999,47.07,47.06
2013-11-15,ATO,32986,ATMOS ENERGY CORP,,,-0.005525,-0.1724245253657018,0.0002136752136753,-4.439847896034432e-10,0.004222,2.933583406884378,46.8,90640.0,4241952.0,0.0050000000000025,46.81,46.8
2013-11-18,ATO,32986,ATMOS ENERGY CORP,,,-0.007692,0.3362166227905228,0.0002153316106805,-4.661780887571081e-10,-0.003698,3.91990291262136,46.44,90640.0,4209321.6,0.0050000000000025,46.45,46.44
2013-11-19,ATO,32986,ATMOS ENERGY CORP,,,-0.014427,0.4804390655783845,0.0002184837229625,-5.992518386277561e-10,-0.002043,5.803177405119152,45.77,90640.0,4148592.8,0.004999999999999,45.79,45.78
2013-11-20,ATO,32986,ATMOS ENERGY CORP,,,-0.009395,-0.305893536121673,0.0002205558006175,-5.675490952621036e-10,-0.003636,4.0280229479258605,45.34,90640.0,4109617.6,0.004999999999999,45.32,45.31
2013-11-21,ATO,32986,ATMOS ENERGY CORP,,,-0.000441,0.6162695152013147,0.0002224694104561,-1.6625827827677254e-11,0.008129,6.510370697263901,44.95,90640.0,4074268.000000001,0.0050000000000025,44.95,44.94
2013-11-22,ATO,32986,ATMOS ENERGY CORP,,,0.002002,-0.0542280969327232,0.000222024866785,7.964411096644508e-11,0.004961,6.1573256840247135,45.04,90640.0,4082425.6,0.004999999999999,45.04,45.03
2013-11-25,ATO,32986,ATMOS ENERGY CORP,,,-0.005329,-0.434330765095861,0.0002232142857143,-3.76784583012806e-10,-0.001263,3.483009708737864,44.8,90640.0,4060672.0,0.0050000000000025,44.81,44.8
2013-11-26,ATO,32986,ATMOS ENERGY CORP,,,-0.002902,0.1216344630978778,0.0002238638907545,-1.8346597316275927e-10,0.00015,3.90666372462489,44.67,90640.0,4048888.8,0.0050000000000025,44.67,44.66
2013-11-27,ATO,32986,ATMOS ENERGY CORP,,,-0.004701,-0.4526969782547303,0.0002249212775528,-5.455907769741891e-10,0.002485,2.1381288614298324,44.46,90640.0,4029854.4,0.004999999999999,44.47,44.46
2013-11-29,ATO,32986,ATMOS ENERGY CORP,,,-0.000225,0.0072239422084623,0.0002249718785151,-2.593169706245736e-11,-0.000786,2.1471312917986625,44.45,90912.0,4041038.4,0.004999999999999,44.47,44.46
2013-12-02,ATO,32986,ATMOS ENERGY CORP,,,-0.005399,0.5747950819672132,0.0002261931689662,-3.9727290801855517e-10,-0.002719,3.381291798662443,44.21,90912.0,4019219.52,0.004999999999999,44.21,44.2
2013-12-03,ATO,32986,ATMOS ENERGY CORP,,,0.003845,0.5328562134027326,0.0002253267237493,1.838669891376452e-10,-0.003193,5.183034142907427,44.38,90912.0,4034674.56,0.004999999999999,44.39,44.38
2013-12-04,ATO,32986,ATMOS ENERGY CORP,,,-0.009914,0.7915959252971136,0.0002275830678197,-2.6726587708659595e-10,-0.001304,9.285902851108764,43.94,90912.0,3994673.28,0.004999999999999,43.94,43.93
2013-12-05,ATO,32986,ATMOS ENERGY CORP,,,0.001593,-0.5097133380715471,0.0002272210861167,8.745184590095412e-11,-0.00434,4.552754311862021,44.01,90912.0,4001037.12,0.004999999999999,44.01,44.0
2013-12-06,ATO,32986,ATMOS ENERGY CORP,,,0.025449,-0.1565595554481759,0.0002215820961665,1.615308726824566e-09,0.011238,3.839977120732137,45.13,90912.0,4102858.56,0.004999999999999,45.14,45.13
2013-12-09,ATO,32986,ATMOS ENERGY CORP,,,-0.005096,-0.0570037238613577,0.0002227171492206,-3.4476506452843765e-10,0.001817,3.62108412530799,44.9,90912.0,4081948.8,0.0050000000000025,44.92,44.91
2013-12-10,ATO,32986,ATMOS ENERGY CORP,,,-0.015145,-0.0698663426488457,0.0002261420171867,-1.118524118319394e-09,-0.00318,3.3680922210489266,44.22,90912.0,4020128.64,0.004999999999999,44.23,44.22
2013-12-11,ATO,32986,ATMOS ENERGY CORP,,,-0.00882,0.390920966688439,0.0002281542322611,-4.724865763188762e-10,-0.011317,4.684750087997184,43.83,90912.0,3984672.96,0.0050000000000025,43.84,43.83
2013-12-12,ATO,32986,ATMOS ENERGY CORP,,,0.004335,-0.5160835876966424,0.0002271694684235,4.778164219386848e-10,-0.003771,2.267027455121436,44.02,90912.0,4001946.24,0.0050000000000025,44.02,44.01
2013-12-13,ATO,32986,ATMOS ENERGY CORP,,,0.000681,0.2988840368753032,0.000227014755959,5.7750111620535115e-11,-0.000101,2.9446057726152763,44.05,90912.0,4004673.6,0.004999999999999,44.05,44.04
2013-12-16,ATO,32986,ATMOS ENERGY CORP,,,-0.005221,0.983190138214419,0.0002282062984939,-2.24423636171846e-10,0.00632,5.8397131291798665,43.82,90912.0,3983763.84,0.0050000000000025,43.81,43.8
2013-12-17,ATO,32986,ATMOS ENERGY CORP,,,0.011867,-0.3454511207383688,0.0002255299954893,7.701768220065355e-10,-0.003101,3.8223776839141146,44.34,90912.0,4031038.080000001,0.004999999999999,44.33,44.32
2013-12-18,ATO,32986,ATMOS ENERGY CORP,,,0.013081,0.0319424460431654,0.0002226179875333,8.120652244629978e-10,0.016648,3.944473776839141,44.92,90912.0,4083767.04,0.004999999999999,44.93,44.92
2013-12-19,ATO,32986,ATMOS ENERGY CORP,,,-0.014025,-0.1335750139431121,0.0002257846014901,-1.0191918364659643e-09,-0.00058,3.4175906370996127,44.29,90912.0,4026492.48,0.004999999999999,44.3,44.29
2013-12-20,ATO,32986,ATMOS ENERGY CORP,,,0.020772,1.3579015127132283,0.0,6.271578932494659e-10,0.004819,8.058342133051742,45.21,90912.0,4110131.52,0.0,45.22,45.22
2013-12-23,ATO,32986,ATMOS ENERGY CORP,,,-0.004203,-0.7305487305487306,0.0002221235006663,-4.729407666163907e-10,0.005318,2.1713305174234425,45.02,90912.0,4092858.24,0.004999999999999,45.03,45.02
2013-12-24,ATO,32986,ATMOS ENERGY CORP,,,0.00422,-0.6073961499493414,0.0002211900022118,1.204415237850604e-09,0.002916,0.852472720872932,45.21,90912.0,4110131.52,0.004999999999999,45.22,45.21
2013-12-26,ATO,32986,ATMOS ENERGY CORP,,,-0.004424,0.8903225806451613,0.0002221728504777,-6.709165122957128e-10,0.004745,1.6114484336501231,45.01,90912.0,4091949.12,0.0050000000000025,45.02,45.01
2013-12-27,ATO,32986,ATMOS ENERGY CORP,,,0.003555,0.567235494880546,0.000221385875581,3.4278170195598664e-10,-0.000337,2.525519183386132,45.17,90912.0,4106495.04,0.004999999999999,45.18,45.17
2013-12-30,ATO,32986,ATMOS ENERGY CORP,,,0.000664,-0.2199477351916376,0.0004424778761061,8.202269953503998e-11,-0.000179,1.9700369588173177,45.2,90912.0,4109222.4,0.009999999999998,45.22,45.2
2013-12-31,ATO,32986,ATMOS ENERGY CORP,,,0.004867,0.3115577889447236,0.0002201673271686,4.5617470469553447e-10,0.00396,2.582539001945974,45.42,90957.0,4131266.94,0.004999999999999,45.43,45.42
2014-01-02,ATO,32986,ATMOS ENERGY CORP,,,-0.016513,0.796509152830992,0.0002238638907545,-8.759868312861988e-10,-0.008862,4.639554954538958,44.67,90957.0,4063049.19,0.0050000000000025,44.67,44.66
2014-01-03,ATO,32986,ATMOS ENERGY CORP,,,0.001567,0.5338862559241706,0.0002235136343316,5.4108738606174086e-11,-0.000333,7.116549578372198,44.74,90957.0,4069416.18,0.004999999999999,44.73,44.72
2014-01-06,ATO,32986,ATMOS ENERGY CORP,,,-0.012293,-0.5385447242391472,0.0002262955419779,-9.313194166499428e-10,-0.002512,3.2839693481535237,44.19,90957.0,4019389.83,0.0050000000000025,44.2,44.19
2014-01-07,ATO,32986,ATMOS ENERGY CORP,,,0.022403,0.5416806160026784,0.0002213368747232,1.0767882745769242e-09,0.006082,5.062831887595237,45.18,90957.0,4109437.26,0.004999999999999,45.18,45.17
2014-01-08,ATO,32986,ATMOS ENERGY CORP,,,0.005312,0.2347448425624321,0.0002201673271686,2.0568569150894458e-10,-0.000212,6.2513055619688425,45.42,90957.0,4131266.94,0.004999999999999,45.41,45.4
2014-01-09,ATO,32986,ATMOS ENERGY CORP,,,0.005064,-0.4713330988392543,0.0002190580503834,3.690319251967041e-10,0.000348,3.3048583396550018,45.65,90957.0,4152187.05,0.0050000000000025,45.67,45.66
2014-01-10,ATO,32986,ATMOS ENERGY CORP,,,0.003505,0.2448436460412508,0.0002182929491376,2.044673401196656e-10,0.002307,4.114031905185967,45.81,90957.0,4166740.17,0.004999999999999,45.82,45.81
2014-01-13,ATO,32986,ATMOS ENERGY CORP,,,-0.012443,-0.3778727952966328,0.0002210433244915,-1.181461377426539e-09,-0.012576,2.5594511692338138,45.24,90957.0,4114894.68,0.004999999999999,45.25,45.24
2014-01-14,ATO,32986,ATMOS ENERGY CORP,,,0.0084,-0.1898625429553264,0.0002192021043401,9.762978136042914e-10,0.010818,2.073507261673098,45.62,90957.0,4149458.34,0.004999999999999,45.62,45.61
2014-01-15,ATO,32986,ATMOS ENERGY CORP,,,0.001754,0.1670201484623541,0.000218818380744,1.7437866416399148e-10,0.005166,2.4198247523555088,45.7,90957.0,4156734.9,0.0050000000000025,45.7,45.69
2014-01-16,ATO,32986,ATMOS ENERGY CORP,,,0.003063,0.2648796001817355,0.0004363001745199,2.400121110910513e-10,-0.001347,3.060786965269303,45.84,90957.0,4169468.88,0.009999999999998,45.87,45.85
2014-01-17,ATO,32986,ATMOS ENERGY CORP,,,0.008508,0.6483477011494252,0.00021630975557,4.01038004007269e-10,-0.003895,5.045241157909781,46.23,90957.0,4204942.109999999,0.0050000000000025,46.24,46.23
2014-01-21,ATO,32986,ATMOS ENERGY CORP,,,0.018386,-0.3811287862279363,0.0004248088360237,1.3750942357629207e-09,0.002774,3.122354519168398,47.08,90957.0,4282255.56,0.009999999999998,47.11,47.09
2014-01-22,ATO,32986,ATMOS ENERGY CORP,,,0.003823,-0.1591549295774648,0.0002115954295388,3.3874762442484675e-10,0.000575,2.625416405554273,47.26,90957.0,4298627.819999999,0.0050000000000025,47.27,47.26
2014-01-23,ATO,32986,ATMOS ENERGY CORP,,,0.005925,0.4681742043551089,0.0004206983592763,3.5548171402063075e-10,-0.00889,3.854568642325495,47.54,90957.0,4324095.78,0.009999999999998,47.54,47.52
2014-01-24,ATO,32986,ATMOS ENERGY CORP,,,-0.013673,-0.0790074158585282,0.0002132650885049,-9.030577748928539e-10,-0.020875,3.5500291346460418,46.89,90957.0,4264973.73,0.004999999999999,46.9,46.89
2014-01-27,ATO,32986,ATMOS ENERGY CORP,,,-0.006824,0.6364199442551874,0.0002147305132058,-2.7731283537419434e-10,-0.004876,5.809338478621767,46.57,90957.0,4235867.49,0.004999999999999,46.57,46.56
2014-01-28,ATO,32986,ATMOS ENERGY CORP,,,0.004295,-0.5130582891748675,0.0002138122728244,3.5690777760631803e-10,0.006141,2.828809217542356,46.77,90957.0,4254058.890000001,0.004999999999999,46.76,46.75
2014-01-29,ATO,32986,ATMOS ENERGY CORP,,,-0.003635,-0.0917217256121258,0.000214592274678,-3.337795971137936e-10,-0.010209,2.569345954681882,46.6,90957.0,4238596.2,0.004999999999999,46.6,46.59
2014-01-30,ATO,32986,ATMOS ENERGY CORP,,,0.020172,-0.1074026529738981,0.0002103491796381,2.0341148857438917e-09,0.011267,2.2933913827412957,47.54,90957.0,4324095.78,0.004999999999999,47.54,47.53
2014-01-31,ATO,32986,ATMOS ENERGY CORP,,,0.009886,0.6078619367209972,0.0002082899395958,6.13939875624699e-10,-0.006465,3.687456710313665,48.01,90957.0,4366845.569999999,0.004999999999999,48.01,48.0
2014-02-03,ATO,32986,ATMOS ENERGY CORP,,,-0.027078,2.267143709004174,0.0002140869192891,-5.290240555314663e-10,-0.022832,12.047450993326516,46.71,90957.0,4248601.47,0.004999999999999,46.68,46.67
2014-02-04,ATO,32986,ATMOS ENERGY CORP,,,0.001927,-0.3509764555575835,0.0002136752136753,5.789540730485613e-11,0.007641,7.819079345185087,46.8,90957.0,4256787.6,0.0050000000000025,46.81,46.8
2014-02-05,ATO,32986,ATMOS ENERGY CORP,,,-0.011111,-0.2836051743532058,0.0002160760587726,-4.712112049113514e-10,-0.002028,5.60154798421232,46.28,90957.0,4209489.96,0.004999999999999,46.3,46.29
2014-02-06,ATO,32986,ATMOS ENERGY CORP,,,0.017286,-0.3466143277723258,0.000212404418012,1.102920627742148e-09,0.01244,3.65997119518014,47.08,90957.0,4282255.56,0.0050000000000025,47.09,47.08
2014-02-07,ATO,32986,ATMOS ENERGY CORP,,,0.002336,0.249324121357765,0.0002119093028185,1.1902383538922042e-10,0.013302,4.572490297613158,47.19,90957.0,4292260.83,0.0050000000000025,47.2,47.19
2014-02-10,ATO,32986,ATMOS ENERGY CORP,,,0.004662,0.4412118297667708,0.0002109259649863,1.6405352832266988e-10,0.001569,6.589927108413866,47.41,90957.0,4312271.37,0.0050000000000025,47.42,47.41
2014-02-11,ATO,32986,ATMOS ENERGY CORP,,,-0.04092,2.892559225892559,0.0004398504508466,-3.857080500738784e-10,0.011062,25.65168156381587,45.47,90957.0,4135814.79,0.009999999999998,45.47,45.45
2014-02-12,ATO,32986,ATMOS ENERGY CORP,,,-0.008577,2.3130464597977025,0.0002218278615793,-2.4613422623113027e-11,-0.000269,84.98521279285816,45.08,90957.0,4100341.56,0.004999999999999,45.1,45.09
2014-02-13,ATO,32986,ATMOS ENERGY CORP,,,0.017303,-0.8681759379042691,0.0002180549498473,3.7026543642874346e-10,0.00581,11.20309596842464,45.86,90957.0,4171288.02,0.004999999999999,45.86,45.85
2014-02-14,ATO,32986,ATMOS ENERGY CORP,,,-0.007196,-0.4384690873405299,0.0002196354052272,-2.7621397693390665e-10,0.004809,6.290884703761118,45.53,90957.0,4141272.21,0.004999999999999,45.53,45.52
2014-02-18,ATO,32986,ATMOS ENERGY CORP,,,0.002855,-0.0307584760573226,0.0002190100744633,1.1274319556312284e-10,0.001158,6.097386677221104,45.66,90957.0,4153096.62,0.004999999999999,45.66,45.65
2014-02-19,ATO,32986,ATMOS ENERGY CORP,,,-0.015769,-0.065091958168049,0.0002225189141076,-6.767407437925377e-10,-0.006524,5.7004958386930085,44.94,90957.0,4087607.58,0.004999999999999,44.93,44.92
2014-02-20,ATO,32986,ATMOS ENERGY CORP,,,0.016244,0.09778206364513,0.0002207505518763,6.299845334996331e-10,0.006031,6.257902085600889,45.3,90957.0,4120352.1,0.004999999999999,45.3,45.29
2014-02-21,ATO,32986,ATMOS ENERGY CORP,,,0.00574,0.1547786366830639,0.0002194907813871,1.9167459077474868e-10,-0.001919,7.226491638906296,45.56,90957.0,4144000.92,0.004999999999999,45.57,45.56
2014-02-24,ATO,32986,ATMOS ENERGY CORP,,,0.002195,0.4305492164917084,0.0002190100744633,5.112486583507589e-11,0.006187,10.337851952021284,45.66,90957.0,4153096.62,0.004999999999999,45.66,45.65
2014-02-25,ATO,32986,ATMOS ENERGY CORP,,,0.003723,0.2991598426034245,0.0002181976871044,6.649885306893547e-11,-0.001348,13.430522114845475,45.83,90957.0,4168559.31,0.004999999999999,45.83,45.82
2014-02-26,ATO,32986,ATMOS ENERGY CORP,,,-0.008073,-0.5033562540929928,0.0002199736031675,-2.9270593347159967e-10,2.2e-05,6.6701848126037575,45.46,90957.0,4134905.22,0.004999999999999,45.47,45.46
2014-02-27,ATO,32986,ATMOS ENERGY CORP,,,0.005499,0.1020273611340036,0.0002187705097352,1.7993105489595377e-10,0.004948,7.350726167309828,45.71,90957.0,4157644.47,0.004999999999999,45.71,45.7
2014-02-28,ATO,32986,ATMOS ENERGY CORP,,,0.008532,0.1209991026024528,0.0002169197396962,2.4693251755689616e-10,0.002783,7.573843713052881,46.1,98959.0,4562009.9,0.004999999999999,46.11,46.1
2014-03-03,ATO,32986,ATMOS ENERGY CORP,,,-0.004121,-0.1309539693128752,0.0002178174689611,-1.3781005443898442e-10,-0.007379,6.582018815873241,45.91,98959.0,4543207.69,0.0050000000000025,45.92,45.91
2014-03-04,ATO,32986,ATMOS ENERGY CORP,,,0.012198,0.3132755047209641,0.0002151925973746,3.068638257539712e-10,0.015268,8.644004082498812,46.47,98959.0,4598624.73,0.004999999999999,46.47,46.46
2014-03-05,ATO,32986,ATMOS ENERGY CORP,,,-0.010329,-0.3426049974164193,0.0002174385736029,-3.99390939373533e-10,-5.3e-05,5.682525086146788,45.99,98959.0,4551124.41,0.004999999999999,45.98,45.97
2014-03-06,ATO,32986,ATMOS ENERGY CORP,,,-0.004566,-0.2632816264979896,0.0002184359982524,-2.4074759537442187e-10,0.001718,4.186420638850433,45.78,98959.0,4530343.0200000005,0.004999999999999,45.78,45.77
2014-03-07,ATO,32986,ATMOS ENERGY CORP,,,-0.006771,0.444127699838758,0.0002199252254234,-2.488995437482419e-10,0.000538,6.045726007740579,45.47,98959.0,4499665.73,0.0050000000000025,45.49,45.48
2014-03-10,ATO,32986,ATMOS ENERGY CORP,,,0.00044,-0.0259878752220953,0.0004396570674874,1.6598491387487395e-11,-0.000463,5.88861043462444,45.49,98959.0,4501644.91,0.0100000000000015,45.49,45.47
2014-03-11,ATO,32986,ATMOS ENERGY CORP,,,-0.009453,0.0037101166747608,0.0002219263204617,-3.5867577613744194e-10,-0.005082,5.910457866389111,45.06,98959.0,4459092.54,0.0050000000000025,45.06,45.05
2014-03-12,ATO,32986,ATMOS ENERGY CORP,,,0.00577,-0.0237103196653063,0.0002206531332746,2.2296196821396988e-10,0.000305,5.7703190210087,45.32,98959.0,4484821.88,0.0050000000000025,45.31,45.3
2014-03-13,ATO,32986,ATMOS ENERGY CORP,,,0.01368,0.6961026224771245,0.0002176752285589,3.0745945881042703e-10,-0.011701,9.78705322406249,45.94,98959.0,4546176.46,0.004999999999999,45.94,45.93
2014-03-14,ATO,32986,ATMOS ENERGY CORP,,,0.007836,-0.3647132678104773,0.0002159827213823,2.7506567754696513e-10,-0.002822,6.217585060479593,46.3,98959.0,4581801.699999999,0.0050000000000025,46.31,46.3
2014-03-17,ATO,32986,ATMOS ENERGY CORP,,,0.010367,-0.2440816140786561,0.0002137665669088,4.764758999335493e-10,0.009614,4.699986863246395,46.78,98959.0,4629302.0200000005,0.004999999999999,46.78,46.77
2014-03-18,ATO,32986,ATMOS ENERGY CORP,,,0.002779,-0.0117220590575051,0.0002131741632915,1.2888194158798268e-10,0.00722,4.644893339665923,46.91,98959.0,4642166.69,0.0050000000000025,46.92,46.91
2014-03-19,ATO,32986,ATMOS ENERGY CORP,,,-0.009166,-0.0672005464980181,0.0002151462994836,-4.599328259226209e-10,-0.006132,4.332753968815368,46.48,98959.0,4599614.319999999,0.004999999999999,46.48,46.47
2014-03-20,ATO,32986,ATMOS ENERGY CORP,,,-0.010542,-0.0247991323918697,0.000217438573603,-5.482090447328532e-10,0.006041,4.225305429521317,45.99,98959.0,4551124.41,0.0050000000000025,45.99,45.98
2014-03-21,ATO,32986,ATMOS ENERGY CORP,,,0.002827,1.5849038102800073,0.0002168256721595,5.671249022235143e-11,-0.002933,10.922008104366457,46.12,98959.0,4563989.08,0.004999999999999,46.12,46.11
2014-03-24,ATO,32986,ATMOS ENERGY CORP,,,-0.000217,-0.7214291596003446,0.0002168726957275,-1.5630438600306525e-11,-0.004865,3.042552976485211,46.11,98959.0,4562999.49,0.004999999999999,46.12,46.11
2014-03-25,ATO,32986,ATMOS ENERGY CORP,,,-0.004337,0.5355045700924648,0.0002178174689611,-2.0433255672105224e-10,0.004404,4.671854000141472,45.91,98959.0,4543207.69,0.0050000000000025,45.92,45.91
2014-03-26,ATO,32986,ATMOS ENERGY CORP,,,-0.002396,-0.2078897391861084,0.0002183406113536,-1.428535825901787e-10,-0.007,3.700623490536485,45.8,98959.0,4532322.199999999,0.004999999999999,45.8,45.79
2014-03-27,ATO,32986,ATMOS ENERGY CORP,,,0.003057,-0.2011741896725922,0.0002176752285589,2.2746896940049923e-10,-0.0019,2.956153558544448,45.94,98959.0,4546176.46,0.004999999999999,45.93,45.92
2014-03-28,ATO,32986,ATMOS ENERGY CORP,,,0.00283,0.0769780336229823,0.0002170609941393,1.9497507226132715e-10,0.00464,3.183712446568781,46.07,98959.0,4559041.13,0.004999999999999,46.07,46.06
2014-03-31,ATO,32986,ATMOS ENERGY CORP,,,0.023008,0.8245555566135652,0.0002121790791427,8.492493120538903e-10,0.007924,5.808860235046837,47.13,98959.0,4663937.67,0.004999999999999,47.12,47.11
2014-04-01,ATO,32986,ATMOS ENERGY CORP,,,-0.004031,0.2769140576752795,0.0002130379207498,-1.1699352313871834e-10,0.007039,7.417415293202235,46.94,98959.0,4645135.46,0.004999999999999,46.83,46.82
2014-04-02,ATO,32986,ATMOS ENERGY CORP,,,0.0098,-0.3137203345957876,0.0002109704641349,4.1042963346849616e-10,0.002853,5.090421285582918,47.4,98959.0,4690656.6,0.004999999999999,47.41,47.4
2014-04-03,ATO,32986,ATMOS ENERGY CORP,,,0.008228,0.2924526990945779,0.0002092487968193,2.6444391031145533e-10,-0.001126,6.579128730080134,47.79,98959.0,4729250.61,0.004999999999999,47.79,47.78
2014-04-04,ATO,32986,ATMOS ENERGY CORP,,,-0.002929,-0.1611454480665495,0.0002098635886673,-1.1255016061703342e-10,-0.012537,5.518932082983862,47.65,98959.0,4715396.35,0.004999999999999,47.65,47.64
2014-04-07,ATO,32986,ATMOS ENERGY CORP,,,0.0,0.695653925309623,0.0002098635886673,0.0,-0.01075,9.3581988500288,47.65,98959.0,4715396.35,0.004999999999999,47.65,47.64
2014-04-08,ATO,32986,ATMOS ENERGY CORP,,,0.007135,-0.3787726303831858,0.0002083767451553,2.5843128022225456e-10,0.003751,5.813569255954486,47.99,98959.0,4749042.41,0.0050000000000025,47.99,47.98
2014-04-09,ATO,32986,ATMOS ENERGY CORP,,,0.011044,1.451463136944751,0.0002061005770815,1.6139203221986808e-10,0.010918,14.251750725047748,48.52,98959.0,4801490.680000001,0.004999999999999,48.53,48.52
2014-04-10,ATO,32986,ATMOS ENERGY CORP,,,0.007832,0.2328971970568778,0.000204498977505,9.211141180571008e-11,-0.020885,17.570943522064695,48.9,98959.0,4839095.1,0.004999999999999,48.94,48.93
2014-04-11,ATO,32986,ATMOS ENERGY CORP,,,-0.007771,-0.214774186609984,0.0002061005770817,-1.17303553330255e-10,-0.009487,13.79715841914328,48.52,98959.0,4801490.680000001,0.0050000000000025,48.52,48.51
2014-04-14,ATO,32986,ATMOS ENERGY CORP,,,0.009687,-0.1838205943810867,0.0002041232904675,1.7743989801961402e-10,0.008217,11.260956557766349,48.99,98959.0,4848001.41,0.0050000000000025,48.99,48.98
2014-04-15,ATO,32986,ATMOS ENERGY CORP,,,0.022045,-0.1886639392734749,0.0001997203914519,4.86968816416937e-10,0.006757,9.13642013359068,50.07,98959.0,4954877.13,0.004999999999999,50.07,50.06
2014-04-16,ATO,32986,ATMOS ENERGY CORP,,,0.00699,-0.233743782704055,0.0001983339944467,2.0011007875075354e-10,0.010488,7.000838731191705,50.42,98959.0,4989512.78,0.0050000000000025,50.42,50.41
2014-04-17,ATO,32986,ATMOS ENERGY CORP,,,-0.010313,3.1992577901719983,0.0002004008016031,-7.104059071781106e-11,0.001364,29.398326579694626,49.9,98959.0,4938054.1,0.004999999999999,49.93,49.92
2014-04-21,ATO,32986,ATMOS ENERGY CORP,,,-0.00521,-0.7816830507326855,0.0002014504431909,-1.6524966527141986e-10,0.003775,6.418152972443133,49.64,98959.0,4912324.76,0.004999999999999,49.65,49.64
2014-04-22,ATO,32986,ATMOS ENERGY CORP,,,0.008058,-0.1381094383232515,0.0001998401278977,2.9416600000721937e-10,0.004092,5.531745470346305,50.04,98959.0,4951908.36,0.0050000000000025,50.02,50.01
2014-04-23,ATO,32986,ATMOS ENERGY CORP,,,0.006994,0.7284898504976105,0.0001984520738241,1.46688797681497e-10,-0.002213,9.56156590102972,50.39,98959.0,4986544.01,0.004999999999999,50.41,50.4
2014-04-24,ATO,32986,ATMOS ENERGY CORP,,,0.007938,-0.3476748646960536,0.0001968891514078,2.5321209591770656e-10,0.001717,6.237249770106812,50.79,98959.0,5026127.61,0.0050000000000025,50.81,50.8
2014-04-25,ATO,32986,ATMOS ENERGY CORP,,,0.009451,0.1419693081369728,0.0001950458357715,2.6152401808523116e-10,-0.008096,7.122747804646369,51.27,98959.0,5073627.930000001,0.0050000000000025,51.27,51.26
2014-04-28,ATO,32986,ATMOS ENERGY CORP,,,0.005851,0.4242275061714382,0.0001939111886756,1.1301881049057179e-10,0.003236,10.144413342899584,51.57,98959.0,5103315.63,0.0050000000000025,51.59,51.58
2014-04-29,ATO,32986,ATMOS ENERGY CORP,,,-0.009696,0.5089696886383943,0.0001958096729978,-1.2533258535218668e-10,0.004761,15.30761224345436,51.07,98959.0,5053836.13,0.004999999999999,51.07,51.06
2014-04-30,ATO,32986,ATMOS ENERGY CORP,,,-0.000587,-0.5950089317188905,0.0001959247648902,-1.8746458707722785e-11,0.002992,6.199446235309573,51.04,98959.0,5050867.36,0.004999999999999,51.05,51.04
2014-05-01,ATO,32986,ATMOS ENERGY CORP,,,0.004702,0.0991766790384862,0.0001950078003119,1.359749497011252e-10,-0.000143,6.814286724805222,51.28,98959.0,5074617.5200000005,0.004999999999999,51.28,51.27
2014-05-02,ATO,32986,ATMOS ENERGY CORP,,,-0.014041,0.1694721466333499,0.0001977848101266,-3.5214813280320737e-10,-0.001348,7.969118523833103,50.56,98959.0,5003367.04,0.0050000000000025,50.56,50.55
2014-05-05,ATO,32986,ATMOS ENERGY CORP,,,0.009691,-0.5634288424277468,0.0001958863858961,5.513815409004356e-10,0.001871,3.479087298780303,51.05,98959.0,5051856.949999999,0.004999999999999,51.05,51.04
2014-05-06,ATO,32986,ATMOS ENERGY CORP,,,0.002155,0.9459346417378524,0.000195465207193,6.28735329722928e-11,-0.008988,6.7700764963267615,51.16,98959.0,5062742.44,0.004999999999999,51.16,51.15
2014-05-07,ATO,32986,ATMOS ENERGY CORP,,,0.008405,0.090560630485402,0.0001938360147314,2.2298389665639735e-10,0.005616,7.383178892268515,51.59,98959.0,5105294.8100000005,0.004999999999999,51.6,51.59
2014-05-08,ATO,32986,ATMOS ENERGY CORP,,,-0.021516,1.0135307514590108,0.0001980982567353,-2.8972450748853556e-10,-0.001374,14.86625774310573,50.48,98959.0,4995450.319999999,0.004999999999999,50.48,50.47
2014-05-09,ATO,32986,ATMOS ENERGY CORP,,,-0.001387,-0.2678829487135914,0.0001983733386232,-2.5545963402995755e-11,0.001519,10.883840782546308,50.41,98959.0,4988523.19,0.004999999999999,50.41,50.4
2014-05-12,ATO,32986,ATMOS ENERGY CORP,,,-0.007737,-0.3755512722667573,0.0001999200319871,-2.2998242362968718e-10,0.009673,6.796400529512222,50.02,98959.0,4949929.180000001,0.004999999999999,50.03,50.02
2014-05-13,ATO,32986,ATMOS ENERGY CORP,,,0.001799,0.4414383739861574,0.000199560965875,3.703193605614456e-11,0.000422,9.796592528218758,50.11,98959.0,4958835.49,0.004999999999999,50.12,50.11
2014-05-14,ATO,32986,ATMOS ENERGY CORP,,,0.007384,-0.6221116682362673,0.0001980982567353,3.99280882585344e-10,-0.004701,3.702018007457634,50.48,98959.0,4995450.319999999,0.004999999999999,50.48,50.47
2014-05-15,ATO,32986,ATMOS ENERGY CORP,,,-0.006735,0.4039465207944359,0.0001994415636218,-2.6116133535923586e-10,-0.009362,5.197435301488495,50.14,98959.0,4961804.26,0.004999999999999,50.15,50.14
2014-05-16,ATO,32986,ATMOS ENERGY CORP,,,0.008775,-0.3963171719489125,0.0001977066034006,5.587468501291031e-10,0.003747,3.137602441415132,50.58,98959.0,5005346.22,0.0050000000000025,50.59,50.58
2014-05-19,ATO,32986,ATMOS ENERGY CORP,,,-0.009095,0.5029404755003317,0.0001995211492417,-3.888630232151336e-10,0.003845,4.71562970523146,50.12,98959.0,4959825.08,0.004999999999999,50.12,50.11
2014-05-20,ATO,32986,ATMOS ENERGY CORP,,,0.006185,0.028852211702889,0.0001982946658734,2.5544814158759376e-10,-0.006498,4.85168605179923,50.43,98959.0,4990502.37,0.004999999999999,50.44,50.43
2014-05-21,ATO,32986,ATMOS ENERGY CORP,,,-0.003371,-0.3655788785256958,0.0003979307600478,-2.20196619159245e-10,0.008116,3.078012106023707,50.26,98959.0,4973679.34,0.0100000000000015,50.28,50.26
2014-05-22,ATO,32986,ATMOS ENERGY CORP,,,0.010545,0.0900435657606608,0.0001983339944466,6.299038537695782e-10,0.002362,3.3551672915045625,50.42,98959.0,4989512.78,0.004999999999999,50.44,50.43
2014-05-23,ATO,32986,ATMOS ENERGY CORP,,,-0.001785,0.1284154157530781,0.0001986886548777,-9.466137360357351e-11,0.004248,3.78602249416425,50.33,98959.0,4980606.47,0.004999999999999,50.35,50.34
2014-05-27,ATO,32986,ATMOS ENERGY CORP,,,-0.004967,0.4523235671713896,0.0001996805111822,-1.8227536099739836e-10,0.005988,5.498529694115745,50.08,98959.0,4955866.72,0.0050000000000025,50.09,50.08
2014-05-28,ATO,32986,ATMOS ENERGY CORP,,,0.000799,0.5680289049104164,0.0001995211492417,1.868442684031058e-11,-0.001114,8.62185349488172,50.12,98959.0,4959825.08,0.004999999999999,50.12,50.11
2014-05-29,ATO,32986,ATMOS ENERGY CORP,,,-0.007183,-0.0738001195485285,0.000200964630225,-1.8266899408242178e-10,0.005367,7.98555967622955,49.76,98959.0,4924199.84,0.004999999999999,49.76,49.75
2014-05-30,ATO,32986,ATMOS ENERGY CORP,,,0.006833,-0.4225826739370042,0.0001996007984031,2.9889814935108963e-10,0.001844,4.554528576847065,50.1,100186.0,5019318.600000001,0.004999999999999,50.11,50.1
2014-06-02,ATO,32986,ATMOS ENERGY CORP,,,0.009381,0.1224304185842648,0.000197745699031,3.6219819835604605e-10,0.000728,5.112141416964446,50.57,100186.0,5066406.0200000005,0.004999999999999,50.58,50.57
2014-06-03,ATO,32986,ATMOS ENERGY CORP,,,0.01048,0.6596253160602541,0.0001956947162426,2.4127950595682027e-10,-0.000379,8.484239314874333,51.1,100186.0,5119504.600000001,0.004999999999999,51.1,51.09
2014-06-04,ATO,32986,ATMOS ENERGY CORP,,,0.004697,-0.4490142376135585,0.0001947798987145,1.9534593195565263e-10,0.001892,4.674695067175055,51.34,100186.0,5143549.24,0.0050000000000025,51.34,51.33
2014-06-05,ATO,32986,ATMOS ENERGY CORP,,,0.003116,0.0122197809706217,0.0001941747572815,1.2763067777829067e-10,0.006525,4.731818817000379,51.5,100186.0,5159579.0,0.004999999999999,51.51,51.5
2014-06-06,ATO,32986,ATMOS ENERGY CORP,,,-0.006408,-0.2574304626820964,0.0001954270080124,-3.557417299230015e-10,0.004628,3.5137045096121216,51.17,100186.0,5126517.62,0.004999999999999,51.18,51.17
2014-06-09,ATO,32986,ATMOS ENERGY CORP,,,0.0,0.4662636638411017,0.0001954270080124,0.0,0.000939,5.152017247918871,51.17,100186.0,5126517.62,0.004999999999999,51.18,51.17
2014-06-10,ATO,32986,ATMOS ENERGY CORP,,,-0.00684,-0.3226228301301922,0.0001967729240456,-3.8495196432629884e-10,-0.000246,3.489858862515721,50.82,100186.0,5091452.5200000005,0.004999999999999,50.83,50.82
2014-06-11,ATO,32986,ATMOS ENERGY CORP,,,-0.008264,-0.5198106596879604,0.0001984126984126,-9.76635161910132e-10,-0.003537,1.675793024973549,50.4,100186.0,5049374.399999999,0.004999999999999,50.41,50.4
2014-06-12,ATO,32986,ATMOS ENERGY CORP,,,0.003968,0.732969605279616,0.0001976284584979,2.6952731511261664e-10,-0.007089,2.904098377018745,50.6,100186.0,5069411.600000001,0.004999999999999,50.62,50.61
2014-06-13,ATO,32986,ATMOS ENERGY CORP,,,0.009289,0.0389276507991063,0.0001958096729978,6.017269159566066e-10,0.003135,3.0171481045255826,51.07,100186.0,5116499.0200000005,0.004999999999999,51.08,51.07
2014-06-16,ATO,32986,ATMOS ENERGY CORP,,,0.00842,0.5398708465111355,0.0001941747572815,3.5125045788751046e-10,0.000837,4.646018405765276,51.5,100186.0,5159579.0,0.004999999999999,51.51,51.5
2014-06-17,ATO,32986,ATMOS ENERGY CORP,,,0.003689,-0.0449506516050581,0.0001934610176049,1.6054188097544446e-10,0.002173,4.437176851057034,51.69,100186.0,5178614.34,0.004999999999999,51.76,51.75
2014-06-18,ATO,32986,ATMOS ENERGY CORP,,,0.011608,-0.2780360954958237,0.0001912411550966,6.916868140114985e-10,0.007719,3.203481524364681,52.29,100186.0,5238725.94,0.0050000000000025,52.31,52.3
2014-06-19,ATO,32986,ATMOS ENERGY CORP,,,0.009371,-0.0006512039483523,0.000189465706707,5.535670062675116e-10,0.001277,3.201395404547541,52.78,100186.0,5287817.08,0.004999999999999,52.79,52.78
2014-06-20,ATO,32986,ATMOS ENERGY CORP,,,-0.002084,0.5156905233292282,0.0001898614011772,-8.139121027145982e-11,0.00173,4.85232467610245,52.67,100186.0,5276796.62,0.0050000000000025,52.67,52.66
2014-06-23,ATO,32986,ATMOS ENERGY CORP,,,-0.004367,-0.3907823958365475,0.0001906941266208,-2.811843690120511e-10,-0.000132,2.9561216137983357,52.44,100186.0,5253753.84,0.004999999999999,52.44,52.43
2014-06-24,ATO,32986,ATMOS ENERGY CORP,,,0.003242,-0.0575698435315806,0.000190077931952,2.2078328964312154e-10,-0.006435,2.785938155031641,52.61,100186.0,5270785.46,0.004999999999999,52.6,52.59
2014-06-25,ATO,32986,ATMOS ENERGY CORP,,,0.007793,0.2463957121155664,0.0001886080724254,4.2250368180540636e-10,0.004897,3.4723813706505897,53.02,100186.0,5311861.720000001,0.004999999999999,53.03,53.02
2014-06-26,ATO,32986,ATMOS ENERGY CORP,,,-0.006978,0.0603189568936772,0.0001899335232669,-3.593036331034748e-10,-0.001179,3.681831792865271,52.65,100186.0,5274792.899999999,0.0050000000000025,52.67,52.66
2014-06-27,ATO,32986,ATMOS ENERGY CORP,,,0.00114,0.7754101738291204,0.0001897173211915,3.3024948565293854e-11,0.001911,6.536761623380512,52.71,100186.0,5280804.0600000005,0.0050000000000025,52.7,52.69
2014-06-30,ATO,32986,ATMOS ENERGY CORP,,,0.013091,0.0300125822272985,0.000374531835206,3.63428808865924e-10,-0.000372,6.732946719102469,53.4,100186.0,5349932.399999999,0.0100000000000015,53.39,53.37
2014-07-01,ATO,32986,ATMOS ENERGY CORP,,,-0.013483,0.4667606556696568,0.0001898253606682,-2.5868384118936265e-10,0.006678,9.875621344299605,52.68,100186.0,5277798.48,0.0050000000000025,52.67,52.66
2014-07-02,ATO,32986,ATMOS ENERGY CORP,,,-0.016515,-0.3582730526309405,0.0001930129318665,-5.020456888972814e-10,0.000659,6.337452338650111,51.81,100186.0,5190636.66,0.0050000000000025,51.81,51.8
2014-07-03,ATO,32986,ATMOS ENERGY CORP,,,-0.006948,-0.3862115780786361,0.0001943634596696,-3.4652453953700237e-10,0.00548,3.889854869941908,51.45,100186.0,5154569.7,0.0050000000000025,51.45,51.44
2014-07-07,ATO,32986,ATMOS ENERGY CORP,,,-0.005442,0.3652340592596013,0.0001954270080126,-1.998920723857547e-10,-0.003924,5.31056235402152,51.17,100186.0,5126517.62,0.0050000000000025,51.17,51.16
2014-07-08,ATO,32986,ATMOS ENERGY CORP,,,0.007035,0.1749047071294855,0.0001940617116242,2.1840056907234602e-10,-0.007049,6.239404707244526,51.53,100186.0,5162584.58,0.004999999999999,51.54,51.53
2014-07-09,ATO,32986,ATMOS ENERGY CORP,,,-0.00524,-0.1621705932321336,0.0001950838860709,-1.9518520358126646e-10,0.004644,5.227556744455313,51.26,100186.0,5135534.359999999,0.004999999999999,51.25,51.24
2014-07-10,ATO,32986,ATMOS ENERGY CORP,,,0.007608,-0.1784246784590474,0.0003872216844143,3.423316075299689e-10,-0.004131,4.294831613199449,51.65,100186.0,5174606.899999999,0.0100000000000015,51.7,51.68
2014-07-11,ATO,32986,ATMOS ENERGY CORP,,,-0.008713,-0.4038886125843052,0.0001953124999999,-6.634636846188634e-10,0.001471,2.5601980316611104,51.2,100186.0,5129523.2,0.004999999999999,51.21,51.2
2014-07-14,ATO,32986,ATMOS ENERGY CORP,,,-0.00332,0.1400372715363982,0.000195963158926,-2.2249121544200007e-10,0.004844,2.9187211786077896,51.03,100186.0,5112491.58,0.004999999999999,51.05,51.04
2014-07-15,ATO,32986,ATMOS ENERGY CORP,,,0.004115,-0.1704563719371441,0.0001951600312255,3.3107153307417804e-10,-0.001932,2.4212065558062004,51.24,100186.0,5133530.640000001,0.004999999999999,51.25,51.24
2014-07-16,ATO,32986,ATMOS ENERGY CORP,,,-0.004489,2.3720436490759407,0.0001960399921585,-1.0758759900228116e-10,0.004201,8.16441418960733,51.01,100186.0,5110487.859999999,0.0050000000000025,51.02,51.01
2014-07-17,ATO,32986,ATMOS ENERGY CORP,,,-0.009018,-0.6395655044256443,0.0001978239366963,-6.051048809710286e-10,-0.011834,2.94273651009123,50.55,100186.0,5064402.3,0.004999999999999,50.55,50.54
2014-07-18,ATO,32986,ATMOS ENERGY CORP,,,0.015826,1.828953839787532,0.0001947419668939,3.695272222463466e-10,0.010265,8.324865749705548,51.35,100186.0,5144551.100000001,0.0050000000000025,51.38,51.37
2014-07-21,ATO,32986,ATMOS ENERGY CORP,,,-0.005453,-0.5144844041317211,0.0001958096729978,-2.636830289297483e-10,-0.00232,4.041852154991715,51.07,100186.0,5116499.0200000005,0.004999999999999,51.07,51.06
2014-07-22,ATO,32986,ATMOS ENERGY CORP,,,0.002546,-0.2883510274437751,0.0001953124999999,1.7255802070284168e-10,0.005016,2.876379933324017,51.2,100186.0,5129523.2,0.004999999999999,51.19,51.18
2014-07-23,ATO,32986,ATMOS ENERGY CORP,,,-0.005078,-0.1984294156635077,0.0001963093835886,-4.3155752815589504e-10,0.001754,2.305621543928293,50.94,100186.0,5103474.84,0.0050000000000025,50.95,50.94
2014-07-24,ATO,32986,ATMOS ENERGY CORP,,,-0.000196,0.2302210908650119,0.0001963479285293,-1.3542666006880876e-11,0.000488,2.8364242508933386,50.93,100186.0,5102472.98,0.004999999999999,50.93,50.92
2014-07-25,ATO,32986,ATMOS ENERGY CORP,,,-0.014333,0.1554703170637295,0.0001992031872509,-8.695536113502437e-10,-0.004849,3.277404028506977,50.2,100186.0,5029337.2,0.004999999999999,50.19,50.18
2014-07-28,ATO,32986,ATMOS ENERGY CORP,,,0.010359,0.979911679610172,0.0003943217665614,3.141635168996596e-10,0.000288,6.488970514842393,50.72,100186.0,5081433.92,0.009999999999998,50.73,50.71
2014-07-29,ATO,32986,ATMOS ENERGY CORP,,,-0.003746,-0.2061131757380357,0.0001979022362952,-1.436405443737819e-10,-0.004528,5.151508194757751,50.53,100186.0,5062398.58,0.004999999999999,50.55,50.54
2014-07-30,ATO,32986,ATMOS ENERGY CORP,,,-0.024738,0.0990178431300365,0.000202922077922,-8.850090466255821e-10,6.1e-05,5.661599425069371,49.28,100186.0,4937166.08,0.004999999999999,49.29,49.28
2014-07-31,ATO,32986,ATMOS ENERGY CORP,,,-0.019481,0.0458240555135371,0.000206953642384,-6.796409179431675e-10,-0.019999,5.921036871419161,48.32,100186.0,4840987.5200000005,0.004999999999999,48.33,48.32
2014-08-01,ATO,32986,ATMOS ENERGY CORP,,,-0.003311,-0.097131682976374,0.0004152823920264,-1.2836407224983476e-10,-0.002859,5.345916595133053,48.16,100186.0,4824957.76,0.009999999999998,48.16,48.14
2014-08-04,ATO,32986,ATMOS ENERGY CORP,,,-0.007683,0.2970353967430068,0.0002092487968193,-2.3142632457290622e-10,0.007189,6.933843051923422,47.79,100186.0,4787888.94,0.004999999999999,47.79,47.78
2014-08-05,ATO,32986,ATMOS ENERGY CORP,,,-0.007951,-0.2192452862781678,0.0002109259649863,-3.092118567778436e-10,-0.009685,5.4136306469965865,47.41,100186.0,4749818.26,0.0050000000000025,47.42,47.41
2014-08-06,ATO,32986,ATMOS ENERGY CORP,,,-0.00232,0.1458211184246916,0.0002114164904863,-7.892495851345276e-11,1.6e-05,6.203052322679816,47.3,100186.0,4738797.8,0.0050000000000025,47.31,47.3
2014-08-07,ATO,32986,ATMOS ENERGY CORP,,,0.006131,-0.0197438608178496,0.0002101281781886,2.1147720337610982e-10,-0.005557,6.080580120974987,47.59,100186.0,4767851.74,0.004999999999999,47.6,47.59
2014-08-08,ATO,32986,ATMOS ENERGY CORP,,,0.018491,-0.2076038799124737,0.0002063131834123,7.90301826627719e-10,0.011531,4.81822809574192,48.47,100186.0,4856015.42,0.004999999999999,48.48,48.47
2014-08-11,ATO,32986,ATMOS ENERGY CORP,,,0.002682,-0.1247537387175561,0.0002057613168723,1.3061644122619558e-10,0.002759,4.217136126804144,48.6,100186.0,4869039.600000001,0.004999999999999,48.61,48.6
2014-08-12,ATO,32986,ATMOS ENERGY CORP,,,-0.00144,-0.4027143323755379,0.0002060581083865,-1.1758324724062169e-10,-0.001637,2.518834966961452,48.53,100186.0,4862026.58,0.004999999999999,48.54,48.53
2014-08-13,ATO,32986,ATMOS ENERGY CORP,,,0.012364,-0.0369523522698452,0.0002035416242621,1.0355181285936814e-09,0.006707,2.425758089952688,49.13,100186.0,4922138.180000001,0.004999999999999,49.14,49.13
2014-08-14,ATO,32986,ATMOS ENERGY CORP,,,0.008956,0.3191168059516021,0.0002017349203146,5.635823540192686e-10,0.004346,3.1998582636296486,49.57,100186.0,4966220.0200000005,0.004999999999999,49.6,49.59
2014-08-15,ATO,32986,ATMOS ENERGY CORP,,,0.004035,-0.3217626746438498,0.0002009242515572,3.7286913260964557e-10,-6.1e-05,2.170263310242948,49.77,100186.0,4986257.220000001,0.0050000000000025,49.77,49.76
2014-08-18,ATO,32986,ATMOS ENERGY CORP,,,-0.000201,-0.0316101733891367,0.000200964630225,-1.9184301958729065e-11,0.008532,2.101660910706087,49.76,100186.0,4985255.359999999,0.004999999999999,49.76,49.75
2014-08-19,ATO,32986,ATMOS ENERGY CORP,,,0.016077,0.1898868239954025,0.000395569620253,1.2691782087439732e-09,0.005001,2.5007386261553517,50.56,100186.0,5065404.16,0.009999999999998,50.55,50.53
2014-08-20,ATO,32986,ATMOS ENERGY CORP,,,0.00178,0.1978135140636787,0.0001974333662388,1.1710515260138552e-10,0.002478,2.995418521549917,50.65,100186.0,5074420.899999999,0.004999999999999,50.66,50.65
2014-08-21,ATO,32986,ATMOS ENERGY CORP,,,-0.001382,0.334859496366199,0.0001991635132443,-6.870964709646381e-11,0.00295,3.998462859082107,50.21,100186.0,5030339.0600000005,0.004999999999999,50.23,50.22
2014-08-22,ATO,32986,ATMOS ENERGY CORP,,,-0.003386,-0.1761401932150078,0.0003996802557954,-2.0502944370558758e-10,-0.001993,3.2941728385203524,50.04,100186.0,5013307.44,0.0100000000000015,50.06,50.04
2014-08-25,ATO,32986,ATMOS ENERGY CORP,,,0.000599,-0.2158531042632487,0.0001997203914519,4.622728464547915e-11,0.004788,2.5831154053460565,50.07,100186.0,5016313.0200000005,0.004999999999999,50.08,50.07
2014-08-26,ATO,32986,ATMOS ENERGY CORP,,,-0.007789,-0.1977418158211999,0.0002012882447664,-7.551532807783102e-10,0.001051,2.072325474617212,49.68,100186.0,4977240.48,0.004999999999999,49.69,49.68
2014-08-27,ATO,32986,ATMOS ENERGY CORP,,,0.006039,0.689675269003651,0.0002000800320127,3.4442964744869123e-10,5e-05,3.5015571037869564,49.98,100186.0,5007296.279999999,0.004999999999999,49.96,49.95
2014-08-28,ATO,32986,ATMOS ENERGY CORP,,,0.006403,-0.1658661315196105,0.0001988071570577,4.3502229056119167e-10,-0.00169,2.9207673726868024,50.3,100186.0,5039355.8,0.0050000000000025,50.31,50.3
2014-08-29,ATO,32986,ATMOS ENERGY CORP,,,0.005169,-0.3780500307566127,0.0001977848101265,5.61746027937198e-10,0.00332,1.8135662468112248,50.56,100352.0,5073797.12,0.004999999999999,50.57,50.56
2014-09-02,ATO,32986,ATMOS ENERGY CORP,,,-0.004549,2.146602928651886,0.0001986886548777,-1.5782929160088806e-10,-0.000544,5.7065728635204085,50.33,100352.0,5050716.16,0.004999999999999,50.33,50.32
2014-09-03,ATO,32986,ATMOS ENERGY CORP,,,0.008544,-0.5193254008444713,0.0001970055161545,6.114867546386552e-10,-0.000779,2.74300462372449,50.76,100352.0,5093867.52,0.0050000000000025,50.77,50.76
2014-09-04,ATO,32986,ATMOS ENERGY CORP,,,-0.004334,-0.3130317583719021,0.0001978630787494,-4.5348657756009085e-10,-0.001534,1.884357063137755,50.54,100352.0,5071790.08,0.004999999999999,50.55,50.54
2014-09-05,ATO,32986,ATMOS ENERGY CORP,,,0.015235,0.6701357489992015,0.0001948937828884,9.401549555930872e-10,0.005036,3.14713209502551,51.31,100352.0,5149061.12,0.0050000000000025,51.31,51.3
2014-09-08,ATO,32986,ATMOS ENERGY CORP,,,0.0,0.478289917389914,0.0001948937828882,0.0,-0.003073,4.6523736447704085,51.31,100352.0,5149061.12,0.004999999999999,51.3,51.29
2014-09-09,ATO,32986,ATMOS ENERGY CORP,,,-0.014032,-0.2525965194109772,0.0001976675232258,-7.948755920452293e-10,-0.006545,3.4772002551020407,50.59,100352.0,5076807.680000001,0.004999999999999,50.6,50.59
2014-09-10,ATO,32986,ATMOS ENERGY CORP,,,-0.008302,-0.2573650786372599,0.0001993223041659,-6.385685500330989e-10,0.003646,2.582290338010204,50.17,100352.0,5034659.84,0.0050000000000025,50.17,50.16
2014-09-11,ATO,32986,ATMOS ENERGY CORP,,,0.00578,0.1765198465682378,0.000198176773682,3.7570781776584286e-10,0.000882,3.038115832270408,50.46,100352.0,5063761.92,0.004999999999999,50.46,50.45
2014-09-12,ATO,32986,ATMOS ENERGY CORP,,,-0.016845,0.2702857836336143,0.0002015722636564,-8.767383229174546e-10,-0.005963,3.859275350765306,49.61,100352.0,4978462.72,0.004999999999999,49.61,49.6
2014-09-15,ATO,32986,ATMOS ENERGY CORP,,,0.004435,-0.068476526391349,0.0004013646397751,2.4670453665300643e-10,-0.00071,3.595005580357143,49.83,100352.0,5000540.16,0.009999999999998,49.83,49.81
2014-09-16,ATO,32986,ATMOS ENERGY CORP,,,0.00602,0.1894940210551992,0.0003989626969877,2.7984072806390926e-10,0.007484,4.276237643494898,50.13,100352.0,5030645.760000001,0.009999999999998,50.16,50.14
2014-09-17,ATO,32986,ATMOS ENERGY CORP,,,-0.005386,-0.3851708926686381,0.0002005615724028,-4.094225798723819e-10,0.001296,2.6291553730867347,49.86,100352.0,5003550.72,0.0050000000000025,49.88,49.87
2014-09-18,ATO,32986,ATMOS ENERGY CORP,,,-0.009426,0.3006431904063431,0.0002024701356549,-5.56144892859645e-10,0.004891,3.41959303252551,49.39,100352.0,4956385.28,0.004999999999999,49.39,49.38
2014-09-19,ATO,32986,ATMOS ENERGY CORP,,,-0.003037,0.5333820953890718,0.0002030869212022,-1.172130330086104e-10,-0.000477,5.243542729591836,49.24,100352.0,4941332.48,0.004999999999999,49.25,49.24
2014-09-22,ATO,32986,ATMOS ENERGY CORP,,,-0.006905,-0.3017540858988977,0.000204498977505,-3.8432229310913797e-10,-0.008013,3.6612822863520407,48.9,100352.0,4907212.8,0.004999999999999,48.9,48.89
2014-09-23,ATO,32986,ATMOS ENERGY CORP,,,-0.012474,0.3220564100191336,0.0002070822116379,-5.317889407164783e-10,-0.005776,4.840421715561225,48.29,100352.0,4845998.08,0.004999999999999,48.3,48.29
2014-09-24,ATO,32986,ATMOS ENERGY CORP,,,-0.01139,0.1520774231800159,0.0002094679514033,-4.263344334580843e-10,0.007832,5.576540577168367,47.74,100352.0,4790804.48,0.004999999999999,47.75,47.74
2014-09-25,ATO,32986,ATMOS ENERGY CORP,,,-0.010264,0.0327027234698016,0.0002116402116401,-3.7587947291400025e-10,-0.016169,5.758908641581633,47.25,100352.0,4741632.0,0.004999999999999,47.25,47.24
2014-09-26,ATO,32986,ATMOS ENERGY CORP,,,-0.005079,0.3249526749469649,0.0002127206977238,-1.410981676891933e-10,0.008576,7.630281409438775,47.01,100352.0,4717547.52,0.004999999999999,47.01,47.0
2014-09-29,ATO,32986,ATMOS ENERGY CORP,,,0.017656,-0.0798548805428658,0.0002090301003344,5.238153665089837e-10,-0.002547,7.020966198979592,47.84,100352.0,4800839.680000001,0.004999999999999,47.85,47.84
2014-09-30,ATO,32986,ATMOS ENERGY CORP,,,-0.002926,0.0216047280035425,0.0002096436058699,-8.522168837795487e-11,-0.002786,7.172652264030612,47.7,100352.0,4786790.4,0.004999999999999,47.72,47.71
2014-10-01,ATO,32986,ATMOS ENERGY CORP,,,-0.005241,0.1463829728115144,0.0002107481559537,-1.3385740683301963e-10,-0.013249,8.222606425382653,47.45,100352.0,4761702.4,0.0050000000000025,47.45,47.44
2014-10-02,ATO,32986,ATMOS ENERGY CORP,,,0.000632,-0.4826438669098533,0.0002106149957878,3.1180367566526606e-11,5e-06,4.254015864158164,47.48,100352.0,4764712.96,0.0050000000000025,47.49,47.48
2014-10-03,ATO,32986,ATMOS ENERGY CORP,,,0.004423,0.1687096947990038,0.0002096875655274,1.858907727531076e-10,0.011166,4.9717095822704085,47.69,100352.0,4785786.88,0.0050000000000025,47.7,47.69
2014-10-06,ATO,32986,ATMOS ENERGY CORP,,,0.001887,0.1244545729684658,0.0002092925910422,7.039666020754863e-11,-0.001565,5.590461575255102,47.78,100352.0,4794818.5600000005,0.004999999999999,47.79,47.78
2014-10-07,ATO,32986,ATMOS ENERGY CORP,,,-0.009,0.0581197617171764,0.0002111932418162,-3.201945986230849e-10,-0.015126,5.915377869897959,47.35,100352.0,4751667.2,0.004999999999999,47.35,47.34
2014-10-08,ATO,32986,ATMOS ENERGY CORP,,,0.02471,-0.110956504160911,0.0004122011541631,9.649846821979042e-10,0.017462,5.259028220663265,48.52,100352.0,4869079.04,0.009999999999998,48.54,48.52
2014-10-09,ATO,32986,ATMOS ENERGY CORP,,,-0.017106,0.0731950871049769,0.0002096875655274,-6.333021110999256e-10,-0.020661,5.643963249362245,47.69,100352.0,4785786.88,0.0050000000000025,47.7,47.69
2014-10-10,ATO,32986,ATMOS ENERGY CORP,,,0.006081,0.1011894777915298,0.000208420175073,2.0320879349980216e-10,-0.011451,6.215072943239796,47.98,100352.0,4814888.96,0.0050000000000025,47.99,47.98
2014-10-13,ATO,32986,ATMOS ENERGY CORP,,,-0.001251,0.2108017540624824,0.0002086811352253,-3.4569667024679824e-11,-0.016468,7.52522122130102,47.92,100352.0,4808867.84,0.004999999999999,47.93,47.92
2014-10-14,ATO,32986,ATMOS ENERGY CORP,,,0.017112,0.1766023854199909,0.0002051702913417,3.9513019454936157e-10,0.001579,8.854193239795919,48.74,100352.0,4891156.48,0.004999999999999,48.72,48.71
2014-10-15,ATO,32986,ATMOS ENERGY CORP,,,-0.005129,-0.0660783581081689,0.0002062280882657,-1.2746620239670074e-10,-0.0081,8.269122688137756,48.49,100352.0,4866068.48,0.0050000000000025,48.49,48.48
2014-10-16,ATO,32986,ATMOS ENERGY CORP,,,0.013611,0.2588636371852792,0.000203458799593,2.650954995971263e-10,0.000145,10.409697863520408,49.15,100352.0,4932300.8,0.004999999999999,49.16,49.15
2014-10-17,ATO,32986,ATMOS ENERGY CORP,,,0.021567,1.2152782697097742,0.0001991635132444,1.8561243694313503e-10,0.012884,23.06037747130102,50.21,100352.0,5038673.92,0.0050000000000025,50.24,50.23
2014-10-20,ATO,32986,ATMOS ENERGY CORP,,,0.012746,-0.6865330973940812,0.0001966568338249,3.4554039074857375e-10,0.009143,7.228665098852041,50.85,100352.0,5102899.2,0.004999999999999,50.86,50.85
2014-10-21,ATO,32986,ATMOS ENERGY CORP,,,0.00767,-0.0449290126562734,0.0001951600312255,2.1605606074608088e-10,0.019574,6.903888313137755,51.24,100352.0,5142036.48,0.004999999999999,51.25,51.24
2014-10-22,ATO,32986,ATMOS ENERGY CORP,,,0.003513,-0.0921712597373917,0.0001944768572539,1.0862314190120779e-10,-0.007299,6.267548230229592,51.42,100352.0,5160099.84,0.004999999999999,51.44,51.43
2014-10-23,ATO,32986,ATMOS ENERGY CORP,,,0.009724,-0.2589286140158133,0.0003852080123267,4.0181533258218707e-10,0.012303,4.64470065369898,51.92,100352.0,5210275.84,0.0100000000000015,51.92,51.9
2014-10-24,ATO,32986,ATMOS ENERGY CORP,,,-0.005778,0.5224788406045848,0.0001937233630375,-1.57733706994603e-10,0.007053,7.07145846619898,51.62,100352.0,5180170.239999999,0.004999999999999,51.62,51.61
2014-10-27,ATO,32986,ATMOS ENERGY CORP,,,0.0,-0.0155756128150387,0.0001937233630375,0.0,-0.001502,6.961316167091836,51.62,100352.0,5180170.239999999,0.004999999999999,51.61,51.6
2014-10-28,ATO,32986,ATMOS ENERGY CORP,,,0.014723,-0.3654689070144951,0.0001909125620465,6.341040379297217e-10,0.011939,4.417171556122449,52.38,100352.0,5256437.760000001,0.004999999999999,52.4,52.39
2014-10-29,ATO,32986,ATMOS ENERGY CORP,,,0.001336,-0.1009605840206464,0.000190657769304,6.391634521573035e-11,-0.001385,3.971211336096939,52.45,100352.0,5263462.4,0.004999999999999,52.46,52.45
2014-10-30,ATO,32986,ATMOS ENERGY CORP,,,0.016587,-0.2369096580087775,0.0001875468867216,1.0229460155513254e-09,0.00623,3.0303930165816326,53.32,100352.0,5350768.64,0.004999999999999,53.32,53.31
2014-10-31,ATO,32986,ATMOS ENERGY CORP,,,-0.006001,1.6533445574898225,0.0001886792452831,-1.4032308308403247e-10,0.011731,8.04067681760204,53.0,100352.0,5318656.0,0.0050000000000025,52.99,52.98
2014-11-03,ATO,32986,ATMOS ENERGY CORP,,,0.008868,-0.3476598033456521,0.0001870207593042,3.1508136707696826e-10,-0.000119,5.245256696428571,53.47,100352.0,5365821.44,0.004999999999999,53.47,53.46
2014-11-04,ATO,32986,ATMOS ENERGY CORP,,,-0.000187,0.0359802573085195,0.0001870557426112,-6.414582480146698e-12,-0.00283,5.433982382015306,53.46,100352.0,5364817.92,0.004999999999999,53.46,53.45
2014-11-05,ATO,32986,ATMOS ENERGY CORP,,,0.013842,-0.0413653859907465,0.0001845018450184,4.885423236829152e-10,0.005701,5.209203603316326,54.2,100352.0,5439078.4,0.004999999999999,54.21,54.2
2014-11-06,ATO,32986,ATMOS ENERGY CORP,,,0.000369,0.5085833872146364,0.0001844337882699,8.629788804165526e-12,0.003776,7.858518016581633,54.22,100352.0,5441085.44,0.004999999999999,54.22,54.21
2014-11-07,ATO,32986,ATMOS ENERGY CORP,,,0.003873,-0.3829661509121019,0.0003674444240309,1.4622899259680782e-10,0.00035,4.848971619897959,54.43,100352.0,5462159.36,0.0100000000000015,54.45,54.43
2014-11-10,ATO,32986,ATMOS ENERGY CORP,,,-0.002388,-0.2647882056045573,0.000184162062615,-1.229267367304796e-10,0.00312,3.565021125637755,54.3,100352.0,5449113.6,0.004999999999999,54.32,54.31
2014-11-11,ATO,32986,ATMOS ENERGY CORP,,,-0.001105,-0.1521479663570524,0.0001843657817108,-6.71636656360539e-11,0.000697,3.0226104113520407,54.24,100352.0,5443092.48,0.004999999999999,54.26,54.25
2014-11-12,ATO,32986,ATMOS ENERGY CORP,,,-0.006268,1.0059803840764858,0.0001855287569572,-1.911196469484693e-10,-0.000701,6.063297193877551,53.9,100352.0,5408972.8,0.004999999999999,53.9,53.89
2014-11-13,ATO,32986,ATMOS ENERGY CORP,,,0.011317,0.7934668279470931,0.0001834525775088,1.9025097773822156e-10,0.00053,10.87432238520408,54.51,100352.0,5470187.52,0.0050000000000025,54.52,54.51
2014-11-14,ATO,32986,ATMOS ENERGY CORP,,,-0.022381,-0.5126413503656324,0.0001876524676299,-7.89690388565231e-10,0.00024,5.299695073341836,53.29,100352.0,5347758.08,0.004999999999999,53.3,53.29
2014-11-17,ATO,32986,ATMOS ENERGY CORP,,,0.003378,0.5290926697189917,0.0001870207593042,7.768528081771554e-11,0.000735,8.103724888392858,53.47,100352.0,5365821.44,0.004999999999999,53.47,53.46
2014-11-18,ATO,32986,ATMOS ENERGY CORP,,,-0.000935,-0.2039029788803836,0.0001871958068138,-2.703528842349655e-11,0.005134,6.451351243622449,53.42,100352.0,5360803.84,0.004999999999999,53.43,53.42
2014-11-19,ATO,32986,ATMOS ENERGY CORP,,,-0.005241,0.1170949913964343,0.0001881821603312,-1.3637218061262949e-10,-0.001501,7.206772161989796,53.14,100352.0,5332705.28,0.0050000000000025,53.13,53.12
2014-11-20,ATO,32986,ATMOS ENERGY CORP,,,0.00621,0.3756343212382504,0.0001883948756593,1.175955421513756e-10,0.001967,9.91388313137755,53.08,100352.0,5326684.16,0.004999999999999,53.08,53.07
2014-11-21,ATO,32986,ATMOS ENERGY CORP,,,0.010739,-0.3611065879434463,0.0001863932898415,3.14916835599921e-10,0.005237,6.333914620535714,53.65,100352.0,5383884.8,0.004999999999999,53.65,53.64
2014-11-24,ATO,32986,ATMOS ENERGY CORP,,,-0.000746,-0.0092492224139857,0.0001865323633651,-2.2096849673409543e-11,0.002864,6.275330835459184,53.61,100352.0,5379870.72,0.0050000000000025,53.63,53.62
2014-11-25,ATO,32986,ATMOS ENERGY CORP,,,0.001492,-0.4220093308053139,0.0001862544235426,7.634699230064378e-11,-0.00115,3.627082669005102,53.69,100352.0,5387898.88,0.0050000000000025,53.7,53.69
2014-11-26,ATO,32986,ATMOS ENERGY CORP,,,0.000931,-0.1120210997705949,0.0001860811313732,5.360013530124981e-11,0.002806,3.2207728794642856,53.74,100352.0,5392916.48,0.004999999999999,53.75,53.74
2014-11-28,ATO,32986,ATMOS ENERGY CORP,,,-0.000744,-0.0995696309840939,0.0001862197392923,-4.7606075694696936e-11,-0.002542,2.8988973334794257,53.7,100393.0,5391104.100000001,0.004999999999999,53.71,53.7
2014-12-01,ATO,32986,ATMOS ENERGY CORP,,,0.003911,0.8271478100120606,0.0001854943424225,1.3642957787066872e-10,-0.006829,5.296713914316736,53.91,100393.0,5412186.63,0.004999999999999,53.94,53.93
2014-12-02,ATO,32986,ATMOS ENERGY CORP,,,0.004637,0.1023388678578212,0.0001846381093058,1.46060697687848e-10,0.006384,5.838773619674679,54.16,100393.0,5437284.88,0.0050000000000025,54.17,54.16
2014-12-03,ATO,32986,ATMOS ENERGY CORP,,,0.005539,0.0154579202008966,0.000183621006243,1.708703572518005e-10,0.003765,5.92902891635871,54.46,100393.0,5467402.78,0.004999999999999,54.47,54.46
2014-12-04,ATO,32986,ATMOS ENERGY CORP,,,0.00404,-0.1750524584490443,0.0001828822238478,1.5046639846065903e-10,-0.001162,4.891137828334645,54.68,100393.0,5489489.24,0.004999999999999,54.69,54.68
2014-12-05,ATO,32986,ATMOS ENERGY CORP,,,-0.005852,-0.1237139435805113,0.0001839587932302,-2.501875157996067e-10,0.001665,4.286035878995548,54.36,100393.0,5457363.48,0.004999999999999,54.36,54.35
2014-12-08,ATO,32986,ATMOS ENERGY CORP,,,-0.003679,-0.2037309894768155,0.0003692762186114,-1.9825862214838195e-10,-0.007257,3.412837548434652,54.16,100393.0,5437284.88,0.009999999999998,54.16,54.14
2014-12-09,ATO,32986,ATMOS ENERGY CORP,,,0.016617,0.4015760671287851,0.0001816200508535,6.284644138634793e-10,-0.000238,4.783351428884484,55.06,100393.0,5527638.58,0.004999999999999,55.07,55.06
2014-12-10,ATO,32986,ATMOS ENERGY CORP,,,-0.021431,-0.3283716668575533,0.0001855976243503,-1.2332471451770086e-09,-0.016351,3.2126343470162264,53.88,100393.0,5409174.84,0.004999999999999,53.89,53.88
2014-12-11,ATO,32986,ATMOS ENERGY CORP,,,0.012435,0.0129694970327973,0.0001833180568285,6.977340803784441e-10,0.004536,3.254300598647316,54.55,100393.0,5476438.149999999,0.004999999999999,54.57,54.56
2014-12-12,ATO,32986,ATMOS ENERGY CORP,,,-0.026031,0.6235028725869198,0.0001882175795218,-9.237126187584561e-10,-0.016214,5.2833663701652505,53.13,100393.0,5333880.09,0.004999999999999,53.14,53.13
2014-12-15,ATO,32986,ATMOS ENERGY CORP,,,-0.01054,-0.0300539391002859,0.0001902225603956,-3.89709408203029e-10,-0.006343,5.124580399031805,52.57,100393.0,5277660.01,0.004999999999999,52.58,52.57
2014-12-16,ATO,32986,ATMOS ENERGY CORP,,,0.006468,0.1936723475718795,0.0001890001890002,1.9906062950398582e-10,-0.008489,6.117069915233134,52.91,100393.0,5311793.63,0.0050000000000025,52.92,52.91
2014-12-17,ATO,32986,ATMOS ENERGY CORP,,,0.017199,-0.5086409460179022,0.0001858045336305,1.0590431696254315e-09,0.020352,3.0056776866913038,53.82,100393.0,5403151.26,0.004999999999999,53.83,53.82
2014-12-18,ATO,32986,ATMOS ENERGY CORP,,,0.015608,0.351470924510106,0.000182949140139,7.00204798688137e-10,0.024015,4.062086002012093,54.66,100393.0,5487481.38,0.004999999999999,54.73,54.72
2014-12-19,ATO,32986,ATMOS ENERGY CORP,,,-0.005123,0.8203013695271024,0.0001838911364473,-1.2690809076568912e-10,0.00457,7.394220712599484,54.38,100393.0,5459371.34,0.0050000000000025,54.38,54.37
2014-12-22,ATO,32986,ATMOS ENERGY CORP,,,0.00331,-0.6366336713689905,0.000366568914956,2.2491224943266936e-10,0.00381,2.686810833424641,54.56,100393.0,5477442.08,0.0100000000000015,54.59,54.57
2014-12-23,ATO,32986,ATMOS ENERGY CORP,,,0.002199,0.2812554451187639,0.0001828822238479,1.1636449159478375e-10,0.001746,3.4424910103294053,54.68,100393.0,5489489.24,0.0050000000000025,54.7,54.69
2014-12-24,ATO,32986,ATMOS ENERGY CORP,,,0.016459,-0.4483886088622172,0.0001799208348326,1.5533718463847583e-09,-0.000139,1.8989172551871147,55.58,100393.0,5579842.94,0.004999999999999,55.58,55.57
2014-12-26,ATO,32986,ATMOS ENERGY CORP,,,0.007737,0.6151659165538874,0.000357079093019,4.4862183719517346e-10,0.00331,3.067066428934288,56.01,100393.0,5623011.93,0.009999999999998,56.01,55.99
2014-12-29,ATO,32986,ATMOS ENERGY CORP,,,0.036958,0.8661013536335056,0.0001721763085399,1.1074395027835752e-09,0.000862,5.7234568147181575,58.08,100393.0,5830825.44,0.004999999999999,58.08,58.07
2014-12-30,ATO,32986,ATMOS ENERGY CORP,,,-0.021178,-0.4065315570097199,0.0001759014951626,-1.0924334801221828e-09,-0.004889,3.3966910043528933,56.85,100393.0,5707342.05,0.004999999999999,56.86,56.85
2014-12-31,ATO,32986,ATMOS ENERGY CORP,,,-0.019525,0.6680156244501532,0.0001794043774667,-6.15835174057572e-10,-0.010311,5.642689205678402,55.74,100803.0,5618759.22,0.004999999999999,55.73,55.72
2015-01-02,ATO,32986,ATMOS ENERGY CORP,,,0.00287,-0.2582805907172996,0.0001788908765652,1.216944738539423e-10,-0.00034,4.185292104401655,55.9,100803.0,5634887.7,0.004999999999999,55.9,55.89
2015-01-05,ATO,32986,ATMOS ENERGY CORP,,,-0.018068,-0.1159638768399345,0.0001821825469119,-8.825668445933735e-10,-0.018278,3.699949406267671,54.89,100803.0,5533076.67,0.004999999999999,54.82,54.81
2015-01-06,ATO,32986,ATMOS ENERGY CORP,,,-0.006194,0.5043569655142828,0.0001833180568285,-2.0237473916031282e-10,-0.008893,5.566044661369205,54.55,100803.0,5498803.649999999,0.004999999999999,54.58,54.57
2015-01-07,ATO,32986,ATMOS ENERGY CORP,,,0.014299,-0.0180528771605884,0.0001807337791432,4.690690192252148e-10,0.01163,5.465561540827158,55.33,100803.0,5577429.99,0.004999999999999,55.33,55.32
2015-01-08,ATO,32986,ATMOS ENERGY CORP,,,0.006687,0.3564947499296662,0.0001795332136444,1.6063854607601394e-10,0.017888,7.414005535549538,55.7,100803.0,5614727.100000001,0.004999999999999,55.69,55.68
2015-01-09,ATO,32986,ATMOS ENERGY CORP,,,-0.008079,-0.4206560746312991,0.0003619909502263,-3.3772445139763587e-10,-0.008404,4.2952590696705455,55.25,100803.0,5569365.75,0.0100000000000015,55.24,55.22
2015-01-12,ATO,32986,ATMOS ENERGY CORP,,,0.001629,-0.0431618453721346,0.0001807011203469,7.105270622664365e-11,-0.008094,4.109867761872167,55.34,100803.0,5578438.0200000005,0.004999999999999,55.35,55.34
2015-01-13,ATO,32986,ATMOS ENERGY CORP,,,0.004879,-0.1749342846867027,0.0003596475454054,2.566776630028973e-10,-0.002579,3.3909109847921197,55.61,100803.0,5605654.83,0.009999999999998,55.61,55.59
2015-01-14,ATO,32986,ATMOS ENERGY CORP,,,0.027513,0.6831025060412974,0.0001750087504374,8.369457318145305e-10,-0.005813,5.707250776266579,57.14,100803.0,5759883.42,0.004999999999999,57.16,57.15
2015-01-15,ATO,32986,ATMOS ENERGY CORP,,,0.002975,0.2942841052097311,0.0001744896178678,6.971504799231241e-11,-0.009248,7.386803964167733,57.31,100803.0,5777019.930000001,0.0050000000000025,57.31,57.3
2015-01-16,ATO,32986,ATMOS ENERGY CORP,,,0.020241,-0.3274309304711715,0.000171027877544,6.912449145410285e-10,0.013424,4.968135868972154,58.47,100803.0,5893951.41,0.004999999999999,58.48,58.47
2015-01-20,ATO,32986,ATMOS ENERGY CORP,,,-0.004276,-0.0838872770330848,0.0003435245620061,-1.6008463826074132e-10,0.00155,4.551372478993681,58.22,100803.0,5868750.66,0.009999999999998,58.22,58.2
2015-01-21,ATO,32986,ATMOS ENERGY CORP,,,0.006699,0.2946171685644039,0.000170619348234,1.92433667893489e-10,0.004732,5.892284951836751,58.61,100803.0,5908063.83,0.004999999999999,58.61,58.6
2015-01-22,ATO,32986,ATMOS ENERGY CORP,,,0.000512,0.0031988686106807,0.0001705320600272,1.4653176036983517e-11,0.01527,5.911133597214369,58.64,100803.0,5911087.92,0.004999999999999,58.64,58.63
2015-01-23,ATO,32986,ATMOS ENERGY CORP,,,0.000341,-0.3222132715738596,0.0001704739174905,1.43937855289385e-11,-0.005492,4.0064879021457696,58.66,100803.0,5913103.98,0.004999999999999,58.64,58.63
2015-01-26,ATO,32986,ATMOS ENERGY CORP,,,0.002557,0.0409764624900337,0.000170039108995,1.0341924091680626e-10,0.002568,4.17065960338482,58.81,100803.0,5928224.430000001,0.004999999999999,58.83,58.82
2015-01-27,ATO,32986,ATMOS ENERGY CORP,,,-0.005781,0.2841454277321218,0.0001710278775441,-1.8313757656084443e-10,-0.013388,5.355733460313681,58.47,100803.0,5893951.41,0.0050000000000025,58.45,58.44
2015-01-28,ATO,32986,ATMOS ENERGY CORP,,,-0.015906,0.0306201076547489,0.000173792144595,-4.968211737725384e-10,-0.013496,5.519726595438628,57.54,100803.0,5800204.62,0.004999999999999,57.54,57.53
2015-01-29,ATO,32986,ATMOS ENERGY CORP,,,0.019986,-0.392419191056874,0.0005111603339581,1.0073182487269343e-09,0.009535,3.353679950001488,58.69,100803.0,5916128.069999999,0.0150000000000005,58.69,58.66
2015-01-30,ATO,32986,ATMOS ENERGY CORP,,,-0.030329,1.765258340950302,0.0001757160428746,-5.700838299691296e-10,-0.012992,9.273791454619406,56.91,100803.0,5736698.73,0.004999999999999,56.91,56.9
2015-02-02,ATO,32986,ATMOS ENERGY CORP,,,0.010367,-0.3699618966524252,0.0001739130434783,3.0611714598542727e-10,0.012962,5.842841978909358,57.5,100803.0,5796172.5,0.0050000000000025,57.49,57.48
2015-02-03,ATO,32986,ATMOS ENERGY CORP,,,0.007304,0.2869760397707206,0.0001726519337016,1.6636583787251495e-10,0.014439,7.5195976310228865,57.92,100803.0,5838509.76,0.004999999999999,57.82,57.81
2015-02-04,ATO,32986,ATMOS ENERGY CORP,,,-0.020028,-0.0507376008907675,0.0001761804087385,-4.903891555865136e-10,-0.004156,7.138071287560886,56.76,100803.0,5721578.28,0.004999999999999,56.75,56.74
2015-02-05,ATO,32986,ATMOS ENERGY CORP,,,0.01198,-0.4198549348958152,0.0001740947075208,4.996333808695152e-10,0.010291,4.141116831840322,57.44,100803.0,5790124.319999999,0.004999999999999,57.44,57.43
2015-02-06,ATO,32986,ATMOS ENERGY CORP,,,-0.040912,0.7893550404013061,0.0001815211472137,-9.942382718366547e-10,-0.003418,7.409928275944169,55.09,100803.0,5553237.2700000005,0.0050000000000025,55.09,55.08
2015-02-09,ATO,32986,ATMOS ENERGY CORP,,,-0.010891,-0.5594616992193514,0.0003670398238208,-6.074070330114924e-10,-0.004247,3.2643572115909247,54.49,100803.0,5492755.47,0.009999999999998,54.47,54.45
2015-02-10,ATO,32986,ATMOS ENERGY CORP,,,0.008442,1.4235436413752025,0.0001819836214741,1.9264408219902543e-10,0.010676,7.911312163328472,54.95,100803.0,5539124.850000001,0.0050000000000025,54.95,54.94
2015-02-11,ATO,32986,ATMOS ENERGY CORP,,,-0.026752,0.0667060404973642,0.0001869857890799,-5.880281597295533e-10,-2.9e-05,8.43904447288275,53.48,100803.0,5390944.44,0.004999999999999,53.48,53.47
2015-02-12,ATO,32986,ATMOS ENERGY CORP,,,-0.005797,0.7179236400013635,0.0001880759826971,-7.460467643771333e-11,0.009645,14.497633998988125,53.17,100803.0,5359695.51,0.0050000000000025,53.17,53.16
2015-02-13,ATO,32986,ATMOS ENERGY CORP,,,-0.012225,-0.344969395889572,0.0001904036557502,-2.4315990781508537e-10,0.004075,9.496393956529072,52.52,100803.0,5294173.5600000005,0.0050000000000025,52.52,52.51
2015-02-17,ATO,32986,ATMOS ENERGY CORP,,,0.000381,0.6273466594934527,0.0003806623524933,4.655031778748581e-12,0.001598,15.453924982391396,52.54,100803.0,5296189.62,0.0100000000000015,52.56,52.54
2015-02-18,ATO,32986,ATMOS ENERGY CORP,,,0.018843,0.0936068897074211,0.0001868111339435,2.06623307909023e-10,-0.000314,16.900518833764867,53.53,100803.0,5395984.59,0.004999999999999,53.5,53.49
2015-02-19,ATO,32986,ATMOS ENERGY CORP,,,-0.005231,-0.5915581088069368,0.0001891789632993,-1.4221774497234814e-10,-0.001062,6.902879874606906,52.86,100803.0,5328446.58,0.0050000000000025,52.88,52.87
2015-02-20,ATO,32986,ATMOS ENERGY CORP,,,0.001324,0.1820758201344867,0.0001889287738522,3.0411439966005803e-11,0.006126,8.159727389065802,52.93,100803.0,5335502.79,0.004999999999999,52.91,52.9
2015-02-23,ATO,32986,ATMOS ENERGY CORP,,,0.003779,-0.521828515850582,0.0003764351590437,1.8084407970683617e-10,-0.000303,3.9017489558842495,53.13,100803.0,5355663.390000001,0.009999999999998,53.11,53.09
2015-02-24,ATO,32986,ATMOS ENERGY CORP,,,0.003764,0.0018433390625158,0.0001875117194824,1.791205589714588e-10,0.002759,3.9089412021467616,53.33,100803.0,5375823.99,0.004999999999999,53.33,53.32
2015-02-25,ATO,32986,ATMOS ENERGY CORP,,,-0.003375,0.8668715564432421,0.0001881467544684,-8.632239359919989e-11,-0.000766,7.297491146096842,53.15,100803.0,5357679.45,0.004999999999999,53.16,53.15
2015-02-26,ATO,32986,ATMOS ENERGY CORP,,,-0.012418,-0.3348300523783695,0.0001905124785674,-4.834988317816708e-10,-0.001476,4.854071803418549,52.49,100803.0,5291149.47,0.0050000000000025,52.52,52.51
2015-02-27,ATO,32986,ATMOS ENERGY CORP,,,0.010478,0.6308539663400128,0.0003770739064857,2.475598157958397e-10,-0.002956,7.91628225350436,53.04,100803.0,5346591.12,0.0100000000000015,53.06,53.04
2015-03-02,ATO,32986,ATMOS ENERGY CORP,,,-0.017345,0.0628495523098804,0.0001918649270914,-3.9237684909756185e-10,0.006125,8.41381704909576,52.12,100803.0,5253852.359999999,0.0050000000000025,52.13,52.12
2015-03-03,ATO,32986,ATMOS ENERGY CORP,,,0.022448,0.2643862201670011,0.0001876524676299,3.9281282401075577e-10,-0.004539,10.63831433588286,53.29,100803.0,5371791.87,0.004999999999999,53.28,53.27
2015-03-04,ATO,32986,ATMOS ENERGY CORP,,,-0.00319,-0.2628131603339879,0.0001882530120481,-7.596416480301249e-11,-0.004389,7.8424253246431155,53.12,100803.0,5354655.359999999,0.004999999999999,53.14,53.13
2015-03-05,ATO,32986,ATMOS ENERGY CORP,,,0.005836,-0.2701735522554204,0.0001871607711023,1.8931571332932467e-10,0.001196,5.7236094163864175,53.43,100803.0,5385904.29,0.004999999999999,53.44,53.43
2015-03-06,ATO,32986,ATMOS ENERGY CORP,,,-0.022834,0.6213669302911655,0.0001915341888528,-4.675236080109105e-10,-0.014174,9.280071029632056,52.21,100803.0,5262924.63,0.0050000000000025,52.2,52.19
2015-03-09,ATO,32986,ATMOS ENERGY CORP,,,-0.000575,-0.4457469541690229,0.000191644308164,-2.1253522731657926e-11,0.003944,5.143507633701378,52.18,100803.0,5259900.54,0.004999999999999,52.19,52.18
2015-03-10,ATO,32986,ATMOS ENERGY CORP,,,-0.003066,0.30551746351361,0.0001922337562476,-8.707355398916992e-11,-0.016961,6.714939039512713,52.02,100803.0,5243772.0600000005,0.0050000000000025,52.02,52.01
2015-03-11,ATO,32986,ATMOS ENERGY CORP,,,0.000577,0.417022955120951,0.0001921229586935,1.155746699634852e-11,-0.001918,9.515222761227344,52.05,100803.0,5246796.149999999,0.004999999999999,52.05,52.04
2015-03-12,ATO,32986,ATMOS ENERGY CORP,,,0.025937,-0.377933677591817,0.0001872659176029,8.140468078075754e-10,0.012601,5.91909962997133,53.4,100803.0,5382880.2,0.004999999999999,53.41,53.4
2015-03-13,ATO,32986,ATMOS ENERGY CORP,,,-0.005805,-0.0456053081890447,0.0001883593897155,-1.9201377066002515e-10,-0.006075,5.649157267144827,53.09,100803.0,5351631.2700000005,0.004999999999999,53.07,53.06
2015-03-16,ATO,32986,ATMOS ENERGY CORP,,,0.01488,0.5416804225817102,0.0001855976243503,3.1457475288941787e-10,0.013534,8.709195162842375,53.88,100803.0,5431265.640000001,0.004999999999999,53.87,53.86
2015-03-17,ATO,32986,ATMOS ENERGY CORP,,,0.006867,-0.3282967674473438,0.0001843317972349,2.1465370378565656e-10,-0.00332,5.84999454381318,54.25,100803.0,5468562.75,0.004999999999999,54.25,54.24
2015-03-18,ATO,32986,ATMOS ENERGY CORP,,,0.025991,0.4003700205359701,0.0001796622349981,5.654680404360292e-10,0.012158,8.192156979454976,55.66,100803.0,5610694.98,0.004999999999999,55.66,55.65
2015-03-19,ATO,32986,ATMOS ENERGY CORP,,,-0.008444,-0.1131262760446309,0.0001811922449718,-2.0890763837417331e-10,-0.004873,7.265408767596202,55.19,100803.0,5563317.569999999,0.004999999999999,55.18,55.17
2015-03-20,ATO,32986,ATMOS ENERGY CORP,,,0.011959,1.2982611367127497,0.0003581020590868,1.2721514115822748e-10,0.009013,16.697806612898425,55.85,100803.0,5629847.55,0.0100000000000015,55.84,55.82
2015-03-23,ATO,32986,ATMOS ENERGY CORP,,,-0.00752,-0.7521543926439633,0.0001804077214505,-3.2520622605780244e-10,-0.001746,4.138478021487456,55.43,100803.0,5587510.29,0.0050000000000025,55.42,55.41
2015-03-24,ATO,32986,ATMOS ENERGY CORP,,,-0.00433,0.363786073336833,0.0001811922449718,-1.3790091271512108e-10,-0.006139,5.643998690515163,55.19,100803.0,5563317.569999999,0.004999999999999,55.21,55.2
2015-03-25,ATO,32986,ATMOS ENERGY CORP,,,-0.009966,0.099238573326865,0.0001830161054172,-2.916472399053041e-10,-0.014559,6.204101068420583,54.64,100803.0,5507875.92,0.004999999999999,54.64,54.63
2015-03-26,ATO,32986,ATMOS ENERGY CORP,,,-0.013726,-0.083181428607977,0.0001855631842642,-4.44222025043294e-10,-0.002377,5.688035078321081,53.89,100803.0,5432273.67,0.004999999999999,53.91,53.9
2015-03-27,ATO,32986,ATMOS ENERGY CORP,,,0.013361,-0.1612498713747294,0.000183116645303,5.087430206781154e-10,0.002369,4.7708401535668585,54.61,100803.0,5504851.83,0.004999999999999,54.61,54.6
2015-03-30,ATO,32986,ATMOS ENERGY CORP,,,0.0141,-0.2424087416695257,0.0003611412062116,6.98816069680538e-10,0.012237,3.614346795234269,55.38,100803.0,5582470.140000001,0.0100000000000015,55.38,55.36
2015-03-31,ATO,32986,ATMOS ENERGY CORP,,,-0.001445,1.5384328245552883,0.0003616636528028,-2.825359807860673e-11,-0.008796,9.174776544348878,55.3,100803.0,5574405.899999999,0.009999999999998,55.29,55.27
2015-04-01,ATO,32986,ATMOS ENERGY CORP,,,0.009403,-0.5138104222869778,0.0001791472590469,3.746295289265751e-10,-0.003965,4.4606807337083225,55.82,100803.0,5626823.46,0.004999999999999,55.82,55.81
2015-04-02,ATO,32986,ATMOS ENERGY CORP,,,0.002329,0.1740820638274214,0.0003574620196603,7.884902844234773e-11,0.00353,5.237205241907483,55.95,100803.0,5639927.850000001,0.009999999999998,55.98,55.96
2015-04-06,ATO,32986,ATMOS ENERGY CORP,,,0.008222,0.1655383519659952,0.0001772735330614,2.3687637755303236e-10,0.006609,6.104163566560519,56.41,100803.0,5686297.23,0.004999999999999,56.44,56.43
2015-04-07,ATO,32986,ATMOS ENERGY CORP,,,-0.015423,-0.4787752024156615,0.0001800504141159,-8.658412931289804e-10,-0.002062,3.1816414194022005,55.54,100803.0,5598598.62,0.004999999999999,55.54,55.53
2015-04-08,ATO,32986,ATMOS ENERGY CORP,,,-0.002701,-0.0648948144637517,0.0001805380032496,-1.6259532879548812e-10,0.002683,2.9751693897999067,55.39,100803.0,5583478.17,0.004999999999999,55.4,55.39
2015-04-09,ATO,32986,ATMOS ENERGY CORP,,,-0.006499,0.2647529559261903,0.0001817190623296,-3.1135523100821224e-10,0.004457,3.762854280130552,55.03,100803.0,5547189.09,0.004999999999999,55.05,55.04
2015-04-10,ATO,32986,ATMOS ENERGY CORP,,,0.006178,-0.3582006132235893,0.0003612064294743,4.5833521360445927e-10,0.005203,2.4149975695167805,55.37,100803.0,5581462.109999999,0.009999999999998,55.37,55.35
2015-04-13,ATO,32986,ATMOS ENERGY CORP,,,-0.014809,0.252276751054679,0.0001833180568286,-8.905134945612153e-10,-0.004581,3.02424531015942,54.55,100803.0,5498803.649999999,0.0050000000000025,54.56,54.55
2015-04-14,ATO,32986,ATMOS ENERGY CORP,,,0.00605,0.3814198974587752,0.0001822157434401,2.6177314554019207e-10,0.00163,4.177752646250608,54.88,100803.0,5532068.640000001,0.004999999999999,54.9,54.89
2015-04-15,ATO,32986,ATMOS ENERGY CORP,,,-0.002004,0.0661149763730915,0.0001825817053132,-8.149571075488007e-11,0.005148,4.453964663750087,54.77,100803.0,5520980.3100000005,0.0050000000000025,54.74,54.73
2015-04-16,ATO,32986,ATMOS ENERGY CORP,,,-0.009129,-0.1508798970093969,0.0001842638658559,-4.4123914870697175e-10,-0.000778,3.78195093399998,54.27,100803.0,5470578.8100000005,0.0050000000000025,54.27,54.26
2015-04-17,ATO,32986,ATMOS ENERGY CORP,,,-0.004422,-0.3886688420699207,0.0001850823616508,-3.511703917121557e-10,-0.011311,2.312024443716953,54.03,100803.0,5446386.09,0.004999999999999,54.04,54.03
2015-04-20,ATO,32986,ATMOS ENERGY CORP,,,0.014992,0.5696669083794232,0.00018234865062,7.472892694853609e-10,0.009235,3.629108260666845,54.84,100803.0,5528036.5200000005,0.0050000000000025,54.84,54.83
2015-04-21,ATO,32986,ATMOS ENERGY CORP,,,-0.003647,0.6772008473997129,0.0001830161054172,-1.0878439936906263e-10,-0.001481,6.086743450095732,54.64,100803.0,5507875.92,0.004999999999999,54.62,54.61
2015-04-22,ATO,32986,ATMOS ENERGY CORP,,,-0.00183,-0.2000074972048464,0.0001833516685001,-6.835835209798114e-11,0.005088,4.869349126514092,54.54,100803.0,5497795.62,0.004999999999999,54.53,54.52
2015-04-23,ATO,32986,ATMOS ENERGY CORP,,,0.013751,-0.1592682007558394,0.0001808645324652,6.026787051919916e-10,0.002358,4.093816652282174,55.29,100803.0,5573397.87,0.0050000000000025,55.31,55.3
2015-04-24,ATO,32986,ATMOS ENERGY CORP,,,0.007054,-0.2738126682643959,0.0001795977011495,4.227520426822545e-10,0.002253,2.9728777913355757,55.68,100803.0,5612711.04,0.0050000000000025,55.7,55.69
2015-04-27,ATO,32986,ATMOS ENERGY CORP,,,-0.005747,0.6076282639526154,0.0001806358381502,-2.154809932310937e-10,-0.004141,4.779282362628097,55.36,100803.0,5580454.08,0.004999999999999,55.37,55.36
2015-04-28,ATO,32986,ATMOS ENERGY CORP,,,0.007406,-0.2916581909059584,0.0001793078716155,3.8913835612221534e-10,0.002769,3.38536551491523,55.77,100803.0,5621783.3100000005,0.004999999999999,55.75,55.74
2015-04-29,ATO,32986,ATMOS ENERGY CORP,,,-0.004124,-0.3508490718084717,0.0001800504141159,-3.351877015854518e-10,-0.00374,2.197613166274813,55.54,100803.0,5598598.62,0.004999999999999,55.55,55.54
2015-04-30,ATO,32986,ATMOS ENERGY CORP,,,-0.027728,1.7958162924442278,0.0003703703703704,-8.290704735018575e-10,-0.010129,6.1441226947610685,54.0,100803.0,5443362.0,0.0100000000000015,53.99,53.97
2015-05-01,ATO,32986,ATMOS ENERGY CORP,,,0.005741,-0.5621865645374314,0.0003682563063893,3.8983903388073857e-10,0.010923,2.689979464896878,54.31,100803.0,5474610.930000001,0.0100000000000015,54.31,54.29
2015-05-04,ATO,32986,ATMOS ENERGY CORP,,,-0.000737,0.133527316177284,0.0001842638658558,-4.418280192468318e-11,0.002941,3.049165203416565,54.27,100803.0,5470578.8100000005,0.004999999999999,54.26,54.25
2015-05-05,ATO,32986,ATMOS ENERGY CORP,,,-0.032615,1.69689457160054,0.0003809523809524,-7.494448817067948e-10,-0.011837,8.22327708500739,52.5,100803.0,5292157.5,0.0100000000000015,52.5,52.48
2015-05-06,ATO,32986,ATMOS ENERGY CORP,,,0.002476,-0.4369157384631531,0.0003800114003419,1.0079186936772559e-10,-0.004456,4.630397904824261,52.63,100803.0,5305261.890000001,0.009999999999998,52.65,52.63
2015-05-07,ATO,32986,ATMOS ENERGY CORP,,,0.01596,0.0019474759939839,0.0003740415186086,6.382428776236838e-10,0.003774,4.6394154935865,53.47,100803.0,5389936.41,0.0100000000000015,53.46,53.44
2015-05-08,ATO,32986,ATMOS ENERGY CORP,,,0.008229,-0.0777070009215958,0.0001854943424225,3.5389309798046357e-10,0.013458,4.278900429550708,53.91,100803.0,5434289.73,0.004999999999999,53.91,53.9
2015-05-11,ATO,32986,ATMOS ENERGY CORP,,,-0.005565,0.0378228996165312,0.00037306472673,-2.3189451392334664e-10,-0.00509,4.440740850966737,53.61,100803.0,5404048.83,0.009999999999998,53.61,53.59
2015-05-12,ATO,32986,ATMOS ENERGY CORP,,,-0.012498,0.0934255205075507,0.0001888930865129,-4.823235753696196e-10,-0.00295,4.855619376407448,52.94,100803.0,5336510.819999999,0.004999999999999,52.94,52.93
2015-05-13,ATO,32986,ATMOS ENERGY CORP,,,-0.008311,-0.0291279591223815,0.0003809523809524,-3.331301123407251e-10,-0.000305,4.714185093697608,52.5,100803.0,5292157.5,0.0100000000000015,52.5,52.48
2015-05-14,ATO,32986,ATMOS ENERGY CORP,,,0.017143,-0.19068231748891,0.0001872659176029,8.347308245559997e-10,0.010779,3.815273354959674,53.4,100803.0,5382880.2,0.004999999999999,53.4,53.39
2015-05-15,ATO,32986,ATMOS ENERGY CORP,,,0.00824,0.2053870215371653,0.0001857355126301,3.3013877274334415e-10,0.000768,4.59888098568495,53.84,100803.0,5427233.5200000005,0.0050000000000025,53.84,53.83
2015-05-18,ATO,32986,ATMOS ENERGY CORP,,,0.009844,-0.0385218548646298,0.0001839249586168,4.0620683532701004e-10,0.003048,4.421723559814688,54.37,100803.0,5480659.109999999,0.004999999999999,54.35,54.34
2015-05-19,ATO,32986,ATMOS ENERGY CORP,,,-0.001471,-0.2263670485929602,0.0001841959845275,-7.8576526491624e-11,-0.000643,3.4207910478854795,54.29,100803.0,5472594.87,0.004999999999999,54.3,54.29
2015-05-20,ATO,32986,ATMOS ENERGY CORP,,,-0.000184,-0.1765064119294949,0.0003684598378777,-1.1937620204374444e-11,-0.000931,2.8169994940626766,54.28,100803.0,5471586.84,0.0100000000000015,54.28,54.26
2015-05-21,ATO,32986,ATMOS ENERGY CORP,,,-0.005527,0.257784492291222,0.000186601977981,-2.8876147089726605e-10,0.002338,3.543178278424253,53.59,100803.0,5402032.7700000005,0.0050000000000025,53.59,53.58
2015-05-22,ATO,32986,ATMOS ENERGY CORP,,,-0.001679,-0.394990522534529,0.0001869158878504,-1.4523399172598748e-10,-0.002234,2.1436564387964645,53.5,100803.0,5392960.5,0.004999999999999,53.5,53.49
2015-05-26,ATO,32986,ATMOS ENERGY CORP,,,-0.005607,0.4936345083230364,0.0001879699248121,-3.2654718545678686e-10,-0.010282,3.201839230975269,53.2,100803.0,5362719.600000001,0.0050000000000025,53.2,53.19
2015-05-27,ATO,32986,ATMOS ENERGY CORP,,,0.003947,-0.0192375021300986,0.0001872308556449,2.3345743974994336e-10,0.009163,3.1402438419491485,53.41,100803.0,5383888.23,0.004999999999999,53.41,53.4
2015-05-28,ATO,32986,ATMOS ENERGY CORP,,,0.010859,0.2582689403751745,0.0001852194850899,5.049707227191763e-10,-0.001267,3.951271291529022,53.99,100803.0,5442353.97,0.0050000000000025,53.99,53.98
2015-05-29,ATO,32986,ATMOS ENERGY CORP,,,0.000556,0.2256464976148631,0.0001851166234728,2.1083595565293192e-11,-0.006318,4.832506756154783,54.02,101019.0,5457046.38,0.0050000000000025,54.06,54.05
2015-06-01,ATO,32986,ATMOS ENERGY CORP,,,0.001296,-0.1141967532134992,0.0001848770567572,5.540834997754635e-11,0.002059,4.280650174719607,54.09,101019.0,5464117.71,0.004999999999999,54.1,54.09
2015-06-02,ATO,32986,ATMOS ENERGY CORP,,,-0.016454,0.2679458035691573,0.0001879699248119,-5.640873587632077e-10,-0.001009,5.427632425583306,53.2,101019.0,5374210.800000001,0.004999999999999,53.22,53.21
2015-06-03,ATO,32986,ATMOS ENERGY CORP,,,-0.009962,-0.0928425260900174,0.0001898614011771,-3.802656026825433e-10,0.002119,4.923717320504063,52.67,101019.0,5320670.73,0.004999999999999,52.65,52.64
2015-06-04,ATO,32986,ATMOS ENERGY CORP,,,-0.006076,-0.3792424038328149,0.0001910219675262,-3.759091180437719e-10,-0.008623,3.056434928082836,52.35,101019.0,5288344.65,0.004999999999999,52.36,52.35
2015-06-05,ATO,32986,ATMOS ENERGY CORP,,,-0.017383,0.5888883850782813,0.0001944012441679,-6.888301705671416e-10,-0.001436,4.85633395697839,51.44,101019.0,5196417.359999999,0.004999999999999,51.43,51.42
2015-06-08,ATO,32986,ATMOS ENERGY CORP,,,-0.000778,-0.0661928077263331,0.0001945525291828,-3.3040579360868303e-11,-0.006474,4.5348795771092565,51.4,101019.0,5192376.6,0.004999999999999,51.4,51.39
2015-06-09,ATO,32986,ATMOS ENERGY CORP,,,-0.000584,-0.0426972620053306,0.0001946661475569,-2.5922993821272622e-11,0.000418,4.3412526356428,51.37,101019.0,5189346.029999999,0.004999999999999,51.35,51.34
2015-06-10,ATO,32986,ATMOS ENERGY CORP,,,0.003504,3.965939951978,0.0003879728419009,3.1211586099907307e-11,0.012042,21.55839990496837,51.55,101019.0,5207529.449999999,0.009999999999998,51.55,51.53
2015-06-11,ATO,32986,ATMOS ENERGY CORP,,,0.007759,-0.6765495397206733,0.0001924927815207,2.12027814906746e-10,0.001739,6.973074372147813,51.95,101019.0,5247937.050000001,0.0050000000000025,51.95,51.94
2015-06-12,ATO,32986,ATMOS ENERGY CORP,,,-0.009047,-0.4343545618834405,0.0001942501942501,-4.4105667675117134e-10,-0.006994,3.944287708252903,51.48,101019.0,5200458.12,0.004999999999999,51.48,51.47
2015-06-15,ATO,32986,ATMOS ENERGY CORP,,,-0.000777,0.5237872947034494,0.0001944012441679,-2.4878492418431524e-11,-0.004622,6.01025549649076,51.44,101019.0,5196417.359999999,0.004999999999999,51.43,51.42
2015-06-16,ATO,32986,ATMOS ENERGY CORP,,,0.00972,0.016341925389113,0.0001925298421254,3.0326932115865675e-10,0.00569,6.108474643383918,51.94,101019.0,5246926.859999999,0.004999999999999,51.93,51.92
2015-06-17,ATO,32986,ATMOS ENERGY CORP,,,0.003466,-0.4491242513029273,0.0001918649270912,1.9562964060204803e-10,0.00198,3.3650105425712,52.12,101019.0,5265110.279999999,0.004999999999999,52.11,52.1
2015-06-18,ATO,32986,ATMOS ENERGY CORP,,,0.014774,-0.0118642073368046,0.0003781433163168,8.316075099309676e-10,0.009903,3.325087359803601,52.89,101019.0,5342894.91,0.009999999999998,52.91,52.89
2015-06-19,ATO,32986,ATMOS ENERGY CORP,,,-0.003592,1.1335409366561775,0.0001897533206832,-9.510834129543544e-11,-0.005304,7.094210000098991,52.7,101019.0,5323701.300000001,0.0050000000000025,52.7,52.69
2015-06-22,ATO,32986,ATMOS ENERGY CORP,,,0.000949,-0.4801716318984163,0.0001895734597157,4.8292164030263505e-11,0.006095,3.687771607321395,52.75,101019.0,5328752.25,0.0050000000000025,52.74,52.73
2015-06-23,ATO,32986,ATMOS ENERGY CORP,,,-0.00436,1.1512555867233951,0.0001904036557502,-1.035863855155275e-10,0.000636,7.933339272810065,52.52,101019.0,5305517.88,0.0050000000000025,52.52,52.51
2015-06-24,ATO,32986,ATMOS ENERGY CORP,,,-0.010853,-0.1316940722569246,0.0001924927815206,-3.002150035127064e-10,-0.007353,6.888565517377919,51.95,101019.0,5247937.050000001,0.004999999999999,51.96,51.95
2015-06-25,ATO,32986,ATMOS ENERGY CORP,,,-0.00539,-0.4614097913996171,0.0001935359009095,-2.783299819374066e-10,-0.002974,3.710113938961977,51.67,101019.0,5219651.73,0.004999999999999,51.68,51.67
2015-06-26,ATO,32986,ATMOS ENERGY CORP,,,0.001548,0.2116880829900318,0.0001932367149758,6.586875478278485e-11,-0.00039,4.4955008463754345,51.75,101019.0,5227733.25,0.004999999999999,51.75,51.74
2015-06-29,ATO,32986,ATMOS ENERGY CORP,,,-0.006184,-0.2187342418817477,0.0001944390433598,-3.3890113054441353e-10,-0.020866,3.512180876864748,51.43,101019.0,5195407.17,0.004999999999999,51.44,51.43
2015-06-30,ATO,32986,ATMOS ENERGY CORP,,,-0.002917,0.5455598553539065,0.0001950078003119,-1.0373436310273183e-10,0.002658,5.428285768023837,51.28,101019.0,5180254.32,0.004999999999999,51.28,51.27
2015-07-01,ATO,32986,ATMOS ENERGY CORP,,,0.0039,-0.2953333576482603,0.0001942501942501,1.9605439740994886e-10,0.006936,3.825131905879092,51.48,101019.0,5200458.12,0.004999999999999,51.47,51.46
2015-07-02,ATO,32986,ATMOS ENERGY CORP,,,0.013403,-0.156131683621843,0.0001916810427449,7.878744528672491e-10,-0.000308,3.22790762133856,52.17,101019.0,5270161.23,0.0050000000000025,52.17,52.16
2015-07-06,ATO,32986,ATMOS ENERGY CORP,,,0.004984,0.0622730618253188,0.0003814609956132,2.744339554912989e-10,-0.003862,3.4289193122085946,52.43,101019.0,5296426.17,0.0100000000000015,52.42,52.4
2015-07-07,ATO,32986,ATMOS ENERGY CORP,,,0.026702,0.7811430023153361,0.0001857700167192,8.040078556475491e-10,0.006081,6.107395638444253,53.83,101019.0,5437852.77,0.004999999999999,53.83,53.82
2015-07-08,ATO,32986,ATMOS ENERGY CORP,,,0.0,0.0961451497091396,0.0003715400334386,0.0,-0.016653,6.694592106435423,53.83,101019.0,5437852.77,0.0100000000000015,53.85,53.83
2015-07-09,ATO,32986,ATMOS ENERGY CORP,,,-0.016534,-0.2551956952805121,0.0001888930865129,-6.200470307360374e-10,0.002262,4.986161019214207,52.94,101019.0,5347945.859999999,0.004999999999999,52.94,52.93
2015-07-10,ATO,32986,ATMOS ENERGY CORP,,,0.007367,-0.3857239570614873,0.0001875117194825,4.464636896235531e-10,0.012338,3.0628792603371644,53.33,101019.0,5387343.27,0.0050000000000025,53.34,53.33
2015-07-13,ATO,32986,ATMOS ENERGY CORP,,,0.00375,0.0466663865627696,0.0001868111339435,2.1631807276513559e-10,0.011066,3.205812767895148,53.53,101019.0,5407547.07,0.004999999999999,53.54,53.53
2015-07-14,ATO,32986,ATMOS ENERGY CORP,,,0.001308,0.2904912181023196,0.000186567164179,5.839110332436086e-11,0.004453,4.1370732238489785,53.6,101019.0,5414618.4,0.004999999999999,53.6,53.59
2015-07-15,ATO,32986,ATMOS ENERGY CORP,,,0.001679,-0.2160445823752222,0.0001862544235426,9.544861998881578e-11,-0.000735,3.243280966946812,53.69,101019.0,5423710.109999999,0.0050000000000025,53.7,53.69
2015-07-16,ATO,32986,ATMOS ENERGY CORP,,,0.027752,1.7882020431397327,0.0001812250815512,5.505549999300836e-10,0.008015,9.04292261851731,55.18,101019.0,5574228.42,0.004999999999999,55.18,55.17
2015-07-17,ATO,32986,ATMOS ENERGY CORP,,,-0.018485,-0.5263123325820163,0.0001846381093058,-7.887454041595286e-10,0.001106,4.2835209218067885,54.16,101019.0,5471189.04,0.0050000000000025,54.17,54.16
2015-07-20,ATO,32986,ATMOS ENERGY CORP,,,-0.003323,-0.0929152309708192,0.0001852537977028,-1.5683595358259518e-10,0.000771,3.8855165859887744,53.98,101019.0,5453005.62,0.004999999999999,53.98,53.97
2015-07-21,ATO,32986,ATMOS ENERGY CORP,,,-0.00704,0.0799595425351136,0.000186567164179,-3.098478956680165e-10,-0.004262,4.196200714717033,53.6,101019.0,5414618.4,0.004999999999999,53.61,53.6
2015-07-22,ATO,32986,ATMOS ENERGY CORP,,,0.010448,-0.0827655840111725,0.0001846381093057,4.961521161966677e-10,-0.002388,3.8488997119353785,54.16,101019.0,5471189.04,0.004999999999999,54.16,54.15
2015-07-23,ATO,32986,ATMOS ENERGY CORP,,,-0.011078,0.4653611514047919,0.000186706497386,-3.6302493690975263e-10,-0.005676,5.640028113523199,53.56,101019.0,5410577.640000001,0.004999999999999,53.57,53.56
2015-07-24,ATO,32986,ATMOS ENERGY CORP,,,0.004481,-0.2652040368582712,0.0003717472118958,1.9894891395026587e-10,-0.010703,4.144269889822707,53.8,101019.0,5434822.199999999,0.009999999999998,53.83,53.81
2015-07-27,ATO,32986,ATMOS ENERGY CORP,,,0.009108,-0.0486922250089573,0.0003683919690551,4.2124139130398336e-10,-0.005775,3.942476167849613,54.29,101019.0,5484321.51,0.0100000000000015,54.32,54.3
2015-07-28,ATO,32986,ATMOS ENERGY CORP,,,0.001289,-0.1791646265677375,0.0003679175864605,7.253460722335745e-11,0.012386,3.236123897484632,54.36,101019.0,5491392.84,0.009999999999998,54.4,54.38
2015-07-29,ATO,32986,ATMOS ENERGY CORP,,,0.005887,0.2190572328775504,0.0001828822238479,2.701551361762326e-10,0.007319,3.9450202437165287,54.68,101019.0,5523718.92,0.0050000000000025,54.7,54.69
2015-07-30,ATO,32986,ATMOS ENERGY CORP,,,0.0,-0.1901501046366324,0.0001828822238478,0.0,2.8e-05,3.1948742315801977,54.68,101019.0,5523718.92,0.004999999999999,54.68,54.67
2015-07-31,ATO,32986,ATMOS ENERGY CORP,,,0.011339,0.1229956962660692,0.0001808318264014,5.657371528908322e-10,-0.002272,3.5878300121759272,55.3,101019.0,5586350.699999999,0.004999999999999,55.29,55.28
2015-08-03,ATO,32986,ATMOS ENERGY CORP,,,0.000362,-0.3754755972729204,0.0001807664497468,2.890959868187052e-11,-0.002757,2.2406873954404616,55.32,101019.0,5588371.08,0.004999999999999,55.32,55.31
2015-08-04,ATO,32986,ATMOS ENERGY CORP,,,-0.011931,0.4700908319785113,0.000182949140139,-6.559620477941636e-10,-0.00225,3.294013997366832,54.66,101019.0,5521698.54,0.004999999999999,54.68,54.67
2015-08-05,ATO,32986,ATMOS ENERGY CORP,,,0.005671,-0.0694829275329218,0.0003638348189921,3.3318163825780486e-10,0.003115,3.065136261495362,54.97,101019.0,5553014.43,0.009999999999998,54.97,54.95
2015-08-06,ATO,32986,ATMOS ENERGY CORP,,,-0.001637,0.4715424836179138,0.0001822157434401,-6.546496212210886e-11,-0.007753,4.510478226868213,54.88,101019.0,5543922.720000001,0.004999999999999,54.87,54.86
2015-08-07,ATO,32986,ATMOS ENERGY CORP,,,0.013666,-0.2967097119681154,0.0001797591227754,7.66605764346925e-10,-0.002875,3.1721755313356894,55.63,101019.0,5619686.970000001,0.004999999999999,55.62,55.61
2015-08-10,ATO,32986,ATMOS ENERGY CORP,,,-0.006651,0.1336464347012014,0.0001809627216792,-3.313127618564486e-10,0.012808,3.5961254813450934,55.26,101019.0,5582309.94,0.004999999999999,55.25,55.24
2015-08-11,ATO,32986,ATMOS ENERGY CORP,,,0.005248,0.1322269232569086,0.0001800180018001,2.2968804057439237e-10,-0.009557,4.071630089389124,55.55,101019.0,5611605.449999999,0.004999999999999,55.57,55.56
2015-08-12,ATO,32986,ATMOS ENERGY CORP,,,0.031503,0.5580410977554751,0.0003490401396159,8.579204138253178e-10,0.00095,6.343767014126056,57.3,101019.0,5788388.699999999,0.009999999999998,57.29,57.27
2015-08-13,ATO,32986,ATMOS ENERGY CORP,,,-0.003141,-0.4320759751638862,0.0001750700280111,-1.5109121277519468e-10,-0.001275,3.602777695285045,57.12,101019.0,5770205.279999999,0.004999999999999,57.12,57.11
2015-08-14,ATO,32986,ATMOS ENERGY CORP,,,0.005252,-0.1545216500114027,0.0003483106931382,2.972477032608914e-10,0.003912,3.0460705411853217,57.42,101019.0,5800510.98,0.009999999999998,57.44,57.42
2015-08-17,ATO,32986,ATMOS ENERGY CORP,,,0.007837,0.1787293921894244,0.000172801105927,3.7336983665938155e-10,0.005211,3.5904928775774856,57.87,101019.0,5845969.529999999,0.004999999999999,57.87,57.86
2015-08-18,ATO,32986,ATMOS ENERGY CORP,,,-0.00985,0.0220204682554561,0.0001745200698079,-4.637296666016738e-10,-0.002626,3.669557212009622,57.3,101019.0,5788388.699999999,0.004999999999999,57.3,57.29
2015-08-19,ATO,32986,ATMOS ENERGY CORP,,,0.002967,0.3163355319062841,0.0001740038280841,1.0580179029915921e-10,-0.008255,4.830368544531227,57.47,101019.0,5805561.93,0.004999999999999,57.46,57.45
2015-08-20,ATO,32986,ATMOS ENERGY CORP,,,-0.014268,0.0458378675257551,0.0003554923569143,-4.969534129608925e-10,-0.0211,5.051782337976024,56.26,101019.0,5683328.94,0.0100000000000015,56.28,56.26
2015-08-21,ATO,32986,ATMOS ENERGY CORP,,,-0.012975,0.232314246187731,0.0001800828381054,-3.7154423634628317e-10,-0.031851,6.225383343727418,55.53,101019.0,5609585.07,0.004999999999999,55.53,55.52
2015-08-24,ATO,32986,ATMOS ENERGY CORP,,,-0.003962,1.9087444067408512,0.0001807991321642,-3.915940524674358e-11,-0.039414,18.108048980884785,55.31,101019.0,5587360.890000001,0.0050000000000025,55.34,55.33
2015-08-25,ATO,32986,ATMOS ENERGY CORP,,,-0.015006,-0.0942727019768135,0.0005506607929515,-1.6624770560883415e-10,-0.013522,16.400954275928292,54.48,101019.0,5503515.12,0.0150000000000005,54.47,54.44
2015-08-26,ATO,32986,ATMOS ENERGY CORP,,,0.00826,0.0295139811010087,0.0001820498816675,8.815887034374516e-11,0.039034,16.885011730466545,54.93,101019.0,5548973.67,0.004999999999999,54.93,54.92
2015-08-27,ATO,32986,ATMOS ENERGY CORP,,,0.007646,-0.3207027936216478,0.0003613369467028,1.192209033405892e-10,0.024298,11.469941298171632,55.35,101019.0,5591401.65,0.0100000000000015,55.35,55.33
2015-08-28,ATO,32986,ATMOS ENERGY CORP,,,0.004155,-0.4138892293139964,0.0001799208348326,1.1008002590570078e-10,0.000609,6.722656133994595,55.58,101019.0,5614636.02,0.004999999999999,55.58,55.57
2015-08-31,ATO,32986,ATMOS ENERGY CORP,,,-0.014214,0.0081061261993533,0.0001825150574922,-3.789350643925242e-10,-0.008392,6.753684522047943,54.79,101370.0,5554062.3,0.004999999999999,54.79,54.78
2015-09-01,ATO,32986,ATMOS ENERGY CORP,,,-0.021902,0.1340551925810047,0.0001866019779809,-5.26399671526605e-10,-0.029576,7.659051001282431,53.59,101370.0,5432418.300000001,0.004999999999999,53.6,53.59
2015-09-02,ATO,32986,ATMOS ENERGY CORP,,,0.002986,-0.1782333287824028,0.0001860465116278,8.707197660895621e-11,0.018293,6.293952846009668,53.75,101370.0,5448637.5,0.004999999999999,53.76,53.75
2015-09-03,ATO,32986,ATMOS ENERGY CORP,,,-0.005395,0.1849148456626614,0.0001870557426112,-1.3348806032139727e-10,0.001165,7.457798165137615,53.46,101370.0,5419240.2,0.004999999999999,53.46,53.45
2015-09-04,ATO,32986,ATMOS ENERGY CORP,,,-0.016835,-0.3799856348636304,0.0001902587519025,-6.833385790680884e-10,-0.01533,4.62394199467298,52.56,101370.0,5328007.2,0.004999999999999,52.54,52.53
2015-09-08,ATO,32986,ATMOS ENERGY CORP,,,0.02188,0.0724811138205658,0.0001861850679576,8.103650240621581e-10,0.025083,4.959090460688567,53.71,101370.0,5444582.7,0.0050000000000025,53.7,53.69
2015-09-09,ATO,32986,ATMOS ENERGY CORP,,,-0.002234,0.0026755360521022,0.000186601977981,-8.270419063451881e-11,-0.013898,4.972358686001776,53.59,101370.0,5432418.300000001,0.0050000000000025,53.59,53.58
2015-09-10,ATO,32986,ATMOS ENERGY CORP,,,-0.005785,-0.2376460178395708,0.0001876876876876,-2.82559932461172e-10,0.005278,3.790697445003453,53.28,101370.0,5400993.600000001,0.004999999999999,53.28,53.27
2015-09-11,ATO,32986,ATMOS ENERGY CORP,,,0.015015,0.0403057281080927,0.0001849112426035,6.945429298969377e-10,0.004487,3.943484265561803,54.08,101370.0,5482089.6,0.004999999999999,54.1,54.09
2015-09-14,ATO,32986,ATMOS ENERGY CORP,,,0.003698,-0.1708688658690034,0.0,2.055484876075784e-10,-0.00409,3.269665581532998,54.28,101370.0,5502363.600000001,0.0,54.29,54.29
2015-09-15,ATO,32986,ATMOS ENERGY CORP,,,0.005895,0.1633418415066103,0.0001831501831502,2.8000838457676765e-10,0.012831,3.80373877873138,54.6,101370.0,5534802.0,0.0050000000000025,54.59,54.58
2015-09-16,ATO,32986,ATMOS ENERGY CORP,,,0.012271,0.3930832371591217,0.0001809299800976,4.133265417942972e-10,0.008705,5.298924731182796,55.27,101370.0,5602719.9,0.004999999999999,55.28,55.27
2015-09-17,ATO,32986,ATMOS ENERGY CORP,,,0.008685,0.1237303407601573,0.0001793721973093,2.5808671330225717e-10,-0.002561,5.954562493834468,55.75,101370.0,5651377.5,0.004999999999999,55.76,55.75
2015-09-18,ATO,32986,ATMOS ENERGY CORP,,,-0.004126,0.5402160983674997,0.0001801152737751,-7.993533580832247e-11,-0.016164,9.171313011739173,55.52,101370.0,5628062.4,0.004999999999999,55.54,55.53
2015-09-21,ATO,32986,ATMOS ENERGY CORP,,,0.011347,-0.3586096960726948,0.0001780943900266,3.38897169474512e-10,0.004566,5.882391240011838,56.15,101370.0,5691925.5,0.004999999999999,56.15,56.14
2015-09-22,ATO,32986,ATMOS ENERGY CORP,,,0.007658,0.3122197290616437,0.0001767408978437,1.7297466697775542e-10,-0.012318,7.71898983920292,56.58,101370.0,5735514.6,0.004999999999999,56.6,56.59
2015-09-23,ATO,32986,ATMOS ENERGY CORP,,,0.00053,-0.3355894253355382,0.0003532944709414,1.8008447038090303e-11,-0.002049,5.128578474893953,56.61,101370.0,5738555.7,0.009999999999998,56.61,56.59
2015-09-24,ATO,32986,ATMOS ENERGY CORP,,,0.004769,-0.0186176146986635,0.000351617440225,1.6433233430025114e-10,-0.003363,5.033096576896518,56.88,101370.0,5765925.600000001,0.0100000000000015,56.92,56.9
2015-09-25,ATO,32986,ATMOS ENERGY CORP,,,0.013713,0.3660528611048499,0.0001734304543877,3.412287555967171e-10,-0.000466,6.875475979086515,57.66,101370.0,5844994.199999999,0.004999999999999,57.69,57.68
2015-09-28,ATO,32986,ATMOS ENERGY CORP,,,-0.001041,-0.4231764201174517,0.0001736111111111,-4.4954484814867326e-11,-0.025666,3.965936667653152,57.6,101370.0,5838912.0,0.0050000000000025,57.59,57.58
2015-09-29,ATO,32986,ATMOS ENERGY CORP,,,-0.008681,0.8503010991799058,0.0001751313485114,-2.0437888241742456e-10,0.001233,7.33817697543652,57.1,101370.0,5788227.0,0.0050000000000025,57.09,57.08
2015-09-30,ATO,32986,ATMOS ENERGY CORP,,,0.018914,0.0598369878648314,0.0001718803712616,4.1235661672158157e-10,0.019076,7.7772713820657,58.18,101370.0,5897706.6,0.0050000000000025,58.2,58.19
2015-10-01,ATO,32986,ATMOS ENERGY CORP,,,-0.006188,-0.1613240789363531,0.0001729505361467,-1.6186067354745177e-10,0.001974,6.522610239715893,57.82,101370.0,5861213.4,0.0050000000000025,57.81,57.8
2015-10-02,ATO,32986,ATMOS ENERGY CORP,,,0.019198,-0.0744286498577579,0.0001696928559307,5.323273361534732e-10,0.014315,6.037141166025451,58.93,101370.0,5973734.1,0.004999999999999,58.9,58.89
2015-10-05,ATO,32986,ATMOS ENERGY CORP,,,0.007297,-0.1904850609083556,0.0001684636118598,2.48133161302684e-10,0.01829,4.887155963302752,59.36,101370.0,6017323.2,0.004999999999999,59.35,59.34
2015-10-06,ATO,32986,ATMOS ENERGY CORP,,,-0.01314,0.4636978185789173,0.00034141345169,-3.0933490421099567e-10,-0.003588,7.153319522541186,58.58,101370.0,5938254.6,0.0100000000000015,58.59,58.57
2015-10-07,ATO,32986,ATMOS ENERGY CORP,,,0.00239,-0.0493151591710199,0.0001702997275204,5.904161305852893e-11,0.008036,6.800552431685903,58.72,101370.0,5952446.399999999,0.004999999999999,58.73,58.72
2015-10-08,ATO,32986,ATMOS ENERGY CORP,,,0.013965,-0.3052183726638158,0.0005038629492778,4.89700045491644e-10,0.008818,4.724898885271776,59.54,101370.0,6035569.8,0.0150000000000005,59.58,59.55
2015-10-09,ATO,32986,ATMOS ENERGY CORP,,,-0.00907,1.1754352632666825,0.0001694915254238,-1.4753910546763822e-10,0.000725,10.278711650389662,59.0,101370.0,5980830.0,0.0050000000000025,58.99,58.98
2015-10-12,ATO,32986,ATMOS ENERGY CORP,,,0.009492,-0.5744049875570203,0.0005036937541974,3.5938370465232277e-10,0.001276,4.374568412745388,59.56,101370.0,6037597.2,0.0150000000000005,59.56,59.53
2015-10-13,ATO,32986,ATMOS ENERGY CORP,,,-0.007555,1.196538504904724,0.0001691761123329,-1.312169773447445e-10,-0.006825,9.608907960935188,59.11,101370.0,5991980.7,0.004999999999999,59.14,59.13
2015-10-14,ATO,32986,ATMOS ENERGY CORP,,,-0.004568,-0.4672734085857575,0.0001699524133242,-1.4961170620157094e-10,-0.004716,5.118920785242183,58.84,101370.0,5964610.800000001,0.004999999999999,58.83,58.82
2015-10-15,ATO,32986,ATMOS ENERGY CORP,,,0.015806,-0.4424894730249274,0.0001673080140538,9.141085985362757e-10,0.014853,2.853852224524021,59.77,101370.0,6058884.9,0.004999999999999,59.75,59.74
2015-10-16,ATO,32986,ATMOS ENERGY CORP,,,0.016396,1.8104288010508305,0.0001646090534979,3.3195415754791117e-10,0.00457,8.02054848574529,60.75,101370.0,6158227.5,0.004999999999999,60.86,60.85
2015-10-19,ATO,32986,ATMOS ENERGY CORP,,,0.002963,-0.181803422451211,0.0001641227638274,7.310200686085797e-11,0.000271,6.562385321100917,60.93,101370.0,6176474.1,0.0050000000000025,60.95,60.94
2015-10-20,ATO,32986,ATMOS ENERGY CORP,,,-0.007057,-0.2017109897493946,0.0001652892561983,-2.1965111826525728e-10,-0.001421,5.238680082864753,60.5,101370.0,6132885.0,0.004999999999999,60.51,60.5
2015-10-21,ATO,32986,ATMOS ENERGY CORP,,,-0.00314,-0.2793981677635605,0.0001658099817609,-1.360547264313125e-10,-0.005825,3.775002466212884,60.31,101370.0,6113624.7,0.0050000000000025,60.31,60.3
2015-10-22,ATO,32986,ATMOS ENERGY CORP,,,0.005638,0.5382651461303676,0.0001648804616652,1.5791972541776366e-10,0.016628,5.806954720331459,60.65,101370.0,6148090.5,0.004999999999999,60.65,60.64
2015-10-23,ATO,32986,ATMOS ENERGY CORP,,,-0.011871,-0.0681133642854594,0.0001668613382278,-3.6109548452733853e-10,0.01103,5.411423498076354,59.93,101370.0,6075104.1,0.004999999999999,59.91,59.9
2015-10-26,ATO,32986,ATMOS ENERGY CORP,,,0.03137,0.3184287474751894,0.0001617861187509,7.017430845453769e-10,-0.001913,7.134576304626616,61.81,101370.0,6265679.7,0.004999999999999,61.82,61.81
2015-10-27,ATO,32986,ATMOS ENERGY CORP,,,0.000971,0.0930074996681562,0.0001616292225634,1.98535575180582e-11,-0.002554,7.798145407911611,61.87,101370.0,6271761.899999999,0.004999999999999,61.87,61.86
2015-10-28,ATO,32986,ATMOS ENERGY CORP,,,0.005657,-0.2617565129829551,0.0001607200257151,1.5579580956696758e-10,0.01184,5.756930058202624,62.22,101370.0,6307241.399999999,0.004999999999999,62.22,62.21
2015-10-29,ATO,32986,ATMOS ENERGY CORP,,,-0.001446,0.0009030467116761,0.0001609528408176,-3.9845063973263116e-11,-0.00045,5.762128834961034,62.13,101370.0,6298118.100000001,0.004999999999999,62.12,62.11
2015-10-30,ATO,32986,ATMOS ENERGY CORP,,,0.014003,1.8243986118981623,0.0001587301587301,1.347293265891891e-10,-0.00481,16.27454868304232,63.0,101370.0,6386310.0,0.004999999999999,63.01,63.0
2015-11-02,ATO,32986,ATMOS ENERGY CORP,,,0.000476,-0.6344854465916372,0.0003173092178327,1.2523812925235015e-11,0.011874,5.9485843938048735,63.03,101370.0,6389351.100000001,0.009999999999998,63.05,63.03
2015-11-03,ATO,32986,ATMOS ENERGY CORP,,,0.002538,-0.0841066785183612,0.0001582528881152,7.272358775290529e-11,0.002728,5.448268718555786,63.19,101370.0,6405570.3,0.0050000000000025,63.2,63.19
2015-11-04,ATO,32986,ATMOS ENERGY CORP,,,-0.002374,0.1543099561644132,0.0003172588832487,-5.907097000325382e-11,-0.003545,6.2889908256880735,63.04,101370.0,6390364.8,0.0100000000000015,63.07,63.05
2015-11-05,ATO,32986,ATMOS ENERGY CORP,,,-0.007931,0.3520183838811637,0.000159897665494,-1.4712858845402868e-10,-0.001132,8.502831212390253,62.54,101370.0,6339679.8,0.004999999999999,62.54,62.53
2015-11-06,ATO,32986,ATMOS ENERGY CORP,,,-0.043652,0.5356153385649911,0.0001671961210499,-5.514103303480997e-10,-0.000348,13.057078030975632,59.81,101370.0,6062939.7,0.004999999999999,59.83,59.82
2015-11-09,ATO,32986,ATMOS ENERGY CORP,,,-0.00535,-0.1874159486731601,0.0001680954782316,-8.361536173592537e-11,-0.009823,10.609973364900858,59.49,101370.0,6030501.3,0.004999999999999,59.51,59.5
2015-11-10,ATO,32986,ATMOS ENERGY CORP,,,0.024374,-0.2995900637172453,0.0001640958319658,5.309435120462475e-10,0.001511,7.431330768471934,60.94,101370.0,6177487.8,0.004999999999999,60.94,60.93
2015-11-11,ATO,32986,ATMOS ENERGY CORP,,,0.005907,-0.3485186787979514,0.0001631321370309,1.9634890752126006e-10,-0.003228,4.841373187333531,61.3,101370.0,6213981.0,0.004999999999999,61.29,61.28
2015-11-12,ATO,32986,ATMOS ENERGY CORP,,,-0.011745,-0.304804694663488,0.0001650709805217,-5.682493064462783e-10,-0.01399,3.3656999112163364,60.58,101370.0,6140994.6,0.0050000000000025,60.59,60.58
2015-11-13,ATO,32986,ATMOS ENERGY CORP,,,-0.005447,0.7527881095371665,0.0001659751037345,-1.5117712009362488e-10,-0.011207,5.899358784650291,60.25,101370.0,6107542.5,0.0050000000000025,60.24,60.23
2015-11-16,ATO,32986,ATMOS ENERGY CORP,,,0.014274,-0.4677551511827403,0.000163639338897,7.338506539331147e-10,0.014903,3.139903324454967,61.11,101370.0,6194720.7,0.004999999999999,61.12,61.11
2015-11-17,ATO,32986,ATMOS ENERGY CORP,,,-0.009164,0.1727533208500371,0.0003303055326176,-4.0545115181022463e-10,-0.001339,3.682332050902634,60.55,101370.0,6137953.5,0.009999999999998,60.55,60.53
2015-11-18,ATO,32986,ATMOS ENERGY CORP,,,0.022296,0.6759787611378114,0.0003231017770597,5.757519286359721e-10,0.016162,6.171510308769853,61.9,101370.0,6274803.0,0.009999999999998,61.94,61.92
2015-11-19,ATO,32986,ATMOS ENERGY CORP,,,0.014863,0.4349574652417016,0.0001602564102563,2.6532731054084084e-10,-0.001123,8.85585478938542,62.4,101370.0,6325488.0,0.004999999999999,62.4,62.39
2015-11-20,ATO,32986,ATMOS ENERGY CORP,,,0.001763,-0.4936516812629355,0.0001599744040953,6.204595990392707e-11,0.00381,4.484147183584887,62.51,101370.0,6336638.7,0.004999999999999,62.5,62.49
2015-11-23,ATO,32986,ATMOS ENERGY CORP,,,-0.00208,-0.274240030975145,0.0003206155819173,-1.0107311463897316e-10,-0.001235,3.254414521061458,62.38,101370.0,6323460.600000001,0.0100000000000015,62.38,62.36
2015-11-24,ATO,32986,ATMOS ENERGY CORP,,,0.004489,0.4461685359199758,0.0001595914458984,1.5016129011831408e-10,0.001222,4.706431883200158,62.66,101370.0,6351844.199999999,0.004999999999999,62.65,62.64
2015-11-25,ATO,32986,ATMOS ENERGY CORP,,,-0.007501,-0.3304191443561082,0.0001607975558771,-3.775672846960903e-10,-0.000129,3.1513366873828548,62.19,101370.0,6304200.3,0.004999999999999,62.21,62.2
2015-11-27,ATO,32986,ATMOS ENERGY CORP,,,0.010452,-0.6348485370213273,0.000159134309357,1.425889686407295e-09,0.000594,1.150715201736214,62.84,101370.0,6370090.800000001,0.004999999999999,62.85,62.84
2015-11-30,ATO,32986,ATMOS ENERGY CORP,,,-0.008434,2.599290172141828,0.0001604878831647,-3.2239009327428857e-10,-0.004641,4.136167949008443,62.31,101507.0,6324901.17,0.004999999999999,62.3,62.29
2015-12-01,ATO,32986,ATMOS ENERGY CORP,,,0.004494,-0.0911158747171608,0.0003195398625979,1.8815919266693463e-10,0.010681,3.759297388357453,62.59,101507.0,6353323.13,0.0100000000000015,62.6,62.58
2015-12-02,ATO,32986,ATMOS ENERGY CORP,,,-0.010545,0.0629672820660647,0.0001614726303891,-4.1978114837018037e-10,-0.010996,3.996010127380378,61.93,101507.0,6286328.51,0.004999999999999,61.93,61.92
2015-12-03,ATO,32986,ATMOS ENERGY CORP,,,-0.012756,0.6849241783626667,0.0003271180896304,-3.052714158969007e-10,-0.014374,6.732974080605279,61.14,101507.0,6206137.98,0.0100000000000015,61.14,61.12
2015-12-04,ATO,32986,ATMOS ENERGY CORP,,,0.018155,-0.1139903196165303,0.000160642570281,4.816321788977431e-10,0.020526,5.965480213187268,62.25,101507.0,6318810.75,0.004999999999999,62.25,62.24
2015-12-07,ATO,32986,ATMOS ENERGY CORP,,,-0.004337,-0.123711476406105,0.0001613423685059,-1.3187100749122555e-10,-0.00699,5.227481848542465,61.98,101507.0,6291403.859999999,0.004999999999999,61.98,61.97
2015-12-08,ATO,32986,ATMOS ENERGY CORP,,,0.00355,-0.1786192157941751,0.00016077170418,1.3094981939474682e-10,-0.00649,4.293753140177524,62.2,101507.0,6313735.4,0.004999999999999,62.22,62.21
2015-12-09,ATO,32986,ATMOS ENERGY CORP,,,0.005788,0.5053665744322535,0.0001598465473145,1.410121223726547e-10,-0.007739,6.463672456086773,62.56,101507.0,6350277.92,0.004999999999999,62.57,62.56
2015-12-10,ATO,32986,ATMOS ENERGY CORP,,,-0.022698,-0.3199244636553738,0.0001635590448151,-8.320121557261865e-10,0.002251,4.395785512329199,61.14,101507.0,6206137.98,0.004999999999999,61.16,61.15
2015-12-11,ATO,32986,ATMOS ENERGY CORP,,,-0.005397,0.303971510724939,0.0003288932741325,-1.5253757076679162e-10,-0.019423,5.731979075334706,60.81,101507.0,6172640.67,0.0100000000000015,60.84,60.82
2015-12-14,ATO,32986,ATMOS ENERGY CORP,,,0.000822,-0.3013753016313876,0.0003286230693395,3.3227322410057246e-11,0.004756,4.004502152560908,60.86,101507.0,6177716.02,0.0100000000000015,60.88,60.86
2015-12-15,ATO,32986,ATMOS ENERGY CORP,,,0.011995,-0.1914092770950958,0.0001623640201332,5.92538767645429e-10,0.010619,3.238003290413469,61.59,101507.0,6251816.13,0.0050000000000025,61.59,61.58
2015-12-16,ATO,32986,ATMOS ENERGY CORP,,,0.027115,0.7819398807350615,0.0001580777742649,7.31836549356279e-10,0.014515,5.769927197139114,63.26,101507.0,6421332.819999999,0.004999999999999,63.26,63.25
2015-12-17,ATO,32986,ATMOS ENERGY CORP,,,-0.001897,-0.1921005723183674,0.0003167564143173,-6.349494142362041e-11,-0.015041,4.661520880333376,63.14,101507.0,6409151.98,0.009999999999998,63.16,63.14
2015-12-18,ATO,32986,ATMOS ENERGY CORP,,,-0.005226,2.59127134243634,0.0001592103168286,-4.8963084112870735e-11,-0.017797,16.74078634970987,62.81,101507.0,6375654.67,0.0050000000000025,62.81,62.8
2015-12-21,ATO,32986,ATMOS ENERGY CORP,,,-0.011622,-0.6526872425053272,0.0001610824742268,-3.172024845285539e-10,0.007778,5.814288669746914,62.08,101507.0,6301554.56,0.0050000000000025,62.06,62.05
2015-12-22,ATO,32986,ATMOS ENERGY CORP,,,0.005638,0.1080091021381213,0.0003203588018581,1.3810068285445396e-10,0.008817,6.442284768538131,62.43,101507.0,6337082.01,0.0100000000000015,62.45,62.43
2015-12-23,ATO,32986,ATMOS ENERGY CORP,,,0.013455,-0.4749723597227255,0.0003161055792635,6.19395134342558e-10,0.012418,3.382377570019801,63.27,101507.0,6422347.890000001,0.0100000000000015,63.27,63.25
2015-12-24,ATO,32986,ATMOS ENERGY CORP,,,-0.001581,-0.6391250527910058,0.0004749089757796,-2.01997586973367e-10,-0.001599,1.2206153270217817,63.17,101507.0,6412197.19,0.0150000000000005,63.21,63.18
2015-12-28,ATO,32986,ATMOS ENERGY CORP,,,0.016622,3.476323839194196,0.0003114294612269,4.666772899435586e-10,-0.002179,5.4638694868334206,64.22,101507.0,6518779.54,0.009999999999998,64.22,64.2
2015-12-29,ATO,32986,ATMOS ENERGY CORP,,,0.000467,-0.3978500633766121,0.0003112840466927,2.1764204303661678e-11,0.01063,3.2900686652152067,64.25,101507.0,6521824.75,0.0100000000000051,64.23,64.21
2015-12-30,ATO,32986,ATMOS ENERGY CORP,,,-0.001556,-0.0407288188882069,0.0001558846453622,-7.571302184832327e-11,-0.007217,3.156068054419892,64.15,101507.0,6511674.050000001,0.0049999999999954,64.13,64.12
2015-12-31,ATO,32986,ATMOS ENERGY CORP,,,-0.017303,0.4115144383090432,0.0001586294416244,-6.069843958333195e-10,-0.009412,4.431088377379938,63.04,102051.0,6433295.04,0.0050000000000025,63.06,63.05
2016-01-04,ATO,32986,ATMOS ENERGY CORP,,,-0.010628,0.1892162044418692,0.0003206669873335,-3.1687451106274867e-10,-0.015304,5.269522101694251,62.37,102051.0,6364920.87,0.009999999999998,62.4,62.38
2016-01-05,ATO,32986,ATMOS ENERGY CORP,,,0.003688,0.0985681344837845,0.0003194888178913,9.972432066024336e-11,0.002012,5.7889290648793255,62.6,102051.0,6388392.600000001,0.009999999999998,62.62,62.6
2016-01-06,ATO,32986,ATMOS ENERGY CORP,,,0.003195,-0.3064309726693818,0.0001592356687897,1.2416695631183895e-10,-0.013115,4.015021900814299,62.8,102051.0,6408802.8,0.004999999999999,62.8,62.79
2016-01-07,ATO,32986,ATMOS ENERGY CORP,,,-0.009713,0.0543299726409867,0.0001607975558771,-3.6153562290444967e-10,-0.0237,4.233157930838503,62.19,102051.0,6346551.69,0.004999999999999,62.18,62.17
2016-01-08,ATO,32986,ATMOS ENERGY CORP,,,0.001126,0.1165190579586017,0.0001606167683905,3.749569410571059e-11,-0.010838,4.726401505129788,62.26,102051.0,6353695.26,0.004999999999999,62.26,62.25
2016-01-11,ATO,32986,ATMOS ENERGY CORP,,,0.003373,0.0402957286859313,0.0003201536737633,1.0760690571416884e-10,0.000853,4.916855297841275,62.47,102051.0,6375125.97,0.009999999999998,62.47,62.45
2016-01-12,ATO,32986,ATMOS ENERGY CORP,,,-0.006083,0.0594495485979631,0.0003221130616847,-1.8429399494241288e-10,0.007803,5.209160125819444,62.09,102051.0,6336346.590000001,0.0100000000000015,62.09,62.07
2016-01-13,ATO,32986,ATMOS ENERGY CORP,,,-0.005637,-0.032543265613243,0.0001619695497247,-1.7752719264978844e-10,-0.024965,5.039637044222987,61.74,102051.0,6300628.74,0.0050000000000025,61.74,61.73
2016-01-14,ATO,32986,ATMOS ENERGY CORP,,,0.020084,-0.1149581956056776,0.0001587805652587,7.005953448126744e-10,0.016696,4.4602894631115815,62.98,102051.0,6427171.98,0.004999999999999,62.98,62.97
2016-01-15,ATO,32986,ATMOS ENERGY CORP,,,-0.000159,0.5248024394905717,0.0001588057805303,-3.638057373599412e-12,-0.021599,6.801060254186632,62.97,102051.0,6426151.47,0.004999999999999,63.0,62.99
2016-01-19,ATO,32986,ATMOS ENERGY CORP,,,0.015722,-0.1009992003515571,0.0001563477173232,3.9395387042633586e-10,0.000532,6.114158606971024,63.96,102051.0,6527181.96,0.004999999999999,63.98,63.97
2016-01-20,ATO,32986,ATMOS ENERGY CORP,,,-0.024547,-0.06704318894281,0.0001602820964897,-6.758774114339321e-10,-0.011694,5.704245916257557,62.39,102051.0,6366961.89,0.004999999999999,62.39,62.38
2016-01-21,ATO,32986,ATMOS ENERGY CORP,,,-0.00016,0.1258168362754328,0.0001603077909586,-3.913734568276074e-12,0.005195,6.42193609077814,62.38,102051.0,6365941.38,0.004999999999999,62.39,62.38
2016-01-22,ATO,32986,ATMOS ENERGY CORP,,,0.02629,-0.1392720087279607,0.0001562011871291,7.279905564212146e-10,0.020284,5.527540151492881,64.02,102051.0,6533305.02,0.0050000000000025,64.01,64.0
2016-01-25,ATO,32986,ATMOS ENERGY CORP,,,-0.002812,0.2856064003857534,0.0001566416040099,-6.073866490110858e-11,-0.015638,7.106240997148484,63.84,102051.0,6514935.840000001,0.004999999999999,63.86,63.85
2016-01-26,ATO,32986,ATMOS ENERGY CORP,,,0.024593,0.1516452725389858,0.0004586454670539,4.5018542971819847e-10,0.014144,8.183868849888782,65.41,102051.0,6675155.909999999,0.0150000000000005,65.44,65.41
2016-01-27,ATO,32986,ATMOS ENERGY CORP,,,-0.004281,-0.2835020810084629,0.0003070781513896,-1.0984322885721502e-10,-0.010863,5.863725000244975,65.13,102051.0,6646581.63,0.0100000000000051,65.15,65.13
2016-01-28,ATO,32986,ATMOS ENERGY CORP,,,0.031629,0.681344721498532,0.0001488316713797,4.67878615671923e-10,0.005529,9.858943077480868,67.19,102051.0,6856806.69,0.0050000000000025,67.2,67.19
2016-01-29,ATO,32986,ATMOS ENERGY CORP,,,0.030213,0.7428445058467472,0.0001444669170758,2.4891782077333665e-10,0.02476,17.182604776043352,69.22,102051.0,7063970.22,0.0049999999999954,69.21,69.2
2016-02-01,ATO,32986,ATMOS ENERGY CORP,,,-0.009101,-0.3554350094838785,0.0001457938474997,-1.173965496090393e-10,-0.000443,11.075305484512644,68.59,102051.0,6999678.090000001,0.0050000000000025,68.59,68.58
2016-02-02,ATO,32986,ATMOS ENERGY CORP,,,0.019099,-0.2837090332547074,0.000286123032904,3.37497841822436e-10,-0.018743,7.933141272501004,69.9,102051.0,7133364.9,0.009999999999998,69.92,69.9
2016-02-03,ATO,32986,ATMOS ENERGY CORP,,,-0.002575,0.3006021603661135,0.0001434308663223,-3.507623175885836e-11,0.004992,10.317860677504385,69.72,102051.0,7114995.72,0.0049999999999954,69.71,69.7
2016-02-04,ATO,32986,ATMOS ENERGY CORP,,,-0.001291,-0.0534622792388608,0.0001436162573604,-1.8603086148385368e-11,0.001527,9.766244328815985,69.63,102051.0,7105811.13,0.0050000000000025,69.64,69.63
2016-02-05,ATO,32986,ATMOS ENERGY CORP,,,-0.001436,-0.3291640537598266,0.0001438228102977,-3.0890222375905814e-11,-0.018481,6.551547755533997,69.53,102051.0,7095606.03,0.0050000000000025,69.54,69.53
2016-02-08,ATO,32986,ATMOS ENERGY CORP,,,0.004602,-0.2284367745949697,0.0001431639226915,1.2771664697005568e-10,-0.014154,5.054933317654898,69.85,102051.0,7128262.35,0.0050000000000025,69.86,69.85
2016-02-09,ATO,32986,ATMOS ENERGY CORP,,,0.013601,0.3096880748883905,0.0001412429378531,2.843393812974086e-10,-0.000664,6.620385885488628,70.8,102051.0,7225210.8,0.0050000000000025,70.79,70.78
2016-02-10,ATO,32986,ATMOS ENERGY CORP,,,-0.007345,0.2952708413198601,0.0001422879908936,-1.1942600083341366e-10,-0.000189,8.575192795758984,70.28,102051.0,7172144.28,0.0050000000000025,70.28,70.27
2016-02-11,ATO,32986,ATMOS ENERGY CORP,,,0.000142,-0.2796160926606689,0.000284535495803,3.204569100259703e-12,-0.012301,6.177430892396939,70.29,102051.0,7173164.790000001,0.009999999999998,70.28,70.26
2016-02-12,ATO,32986,ATMOS ENERGY CORP,,,-0.006544,0.9603926314971296,0.0001432049262495,-7.582859808023789e-11,0.019518,12.110190003037696,69.83,102051.0,7126221.33,0.0050000000000025,69.83,69.82
2016-02-16,ATO,32986,ATMOS ENERGY CORP,,,0.008592,-0.0995430701124806,0.0001419849495954,1.0962394161612187e-10,0.016517,10.904704510489854,70.43,102051.0,7187451.930000001,0.0050000000000025,70.48,70.47
2016-02-17,ATO,32986,ATMOS ENERGY CORP,,,-0.011217,-0.038742456210978,0.0001435956346927,-1.5057297450628068e-10,0.01648,10.482229473498546,69.64,102051.0,7106831.64,0.0050000000000025,69.64,69.63
2016-02-18,ATO,32986,ATMOS ENERGY CORP,,,0.022975,0.1417770224413446,0.0001412030499857,2.65611803775519e-10,-0.004666,11.968368756798071,70.82,102051.0,7227251.819999999,0.0049999999999954,70.82,70.81
2016-02-19,ATO,32986,ATMOS ENERGY CORP,,,-0.010167,-0.2707666057521631,0.0001426533523536,-1.628381016377355e-10,-2.6e-05,8.72773417212962,70.1,102051.0,7153775.1,0.0049999999999954,70.1,70.09
2016-02-22,ATO,32986,ATMOS ENERGY CORP,,,0.003709,-0.1064396176378786,0.0001421262080728,6.623511922684692e-11,0.014454,7.798757484003096,70.36,102051.0,7180308.36,0.0050000000000025,70.34,70.33
2016-02-23,ATO,32986,ATMOS ENERGY CORP,,,0.001279,-0.2401733446752049,0.0001419446415898,3.0021496847045686e-11,-0.012454,5.925703814759287,70.45,102051.0,7189492.95,0.0050000000000025,70.45,70.44
2016-02-24,ATO,32986,ATMOS ENERGY CORP,,,0.008659,1.163603561294078,0.0001407261469179,9.313386876501798e-11,0.00444,12.820873876787095,71.06,102051.0,7251744.06,0.0049999999999954,71.05,71.04
2016-02-25,ATO,32986,ATMOS ENERGY CORP,,,0.007881,-0.5101174503184465,0.0001396258028484,1.7168017552710107e-10,0.011348,6.280722383906086,71.62,102051.0,7308892.62,0.0050000000000025,71.61,71.6
2016-02-26,ATO,32986,ATMOS ENERGY CORP,,,-0.020525,0.372772461050247,0.0001425516749822,-3.325294162650152e-10,-0.00187,8.622002724128132,70.15,102051.0,7158877.65,0.0050000000000025,70.14,70.13
2016-02-29,ATO,32986,ATMOS ENERGY CORP,,,-0.010549,6.790037095798992,0.001152571675551,-2.2172992070756074e-11,-0.008121,67.16572106103811,69.41,102051.0,7083359.909999999,0.0399999999999991,68.38,68.3
2016-03-01,ATO,32986,ATMOS ENERGY CORP,,,-0.002017,-0.8678404552801594,0.0001443626389491,-3.2143800981406016e-11,0.023869,8.876591116206603,69.27,102051.0,7069072.77,0.0050000000000025,69.28,69.27
2016-03-02,ATO,32986,ATMOS ENERGY CORP,,,0.015303,-0.1753738139789041,0.0001421868334992,2.9128314766245415e-10,0.004094,7.319869477026192,70.33,102051.0,7177246.83,0.0050000000000025,70.33,70.32
2016-03-03,ATO,32986,ATMOS ENERGY CORP,,,-0.010095,0.3014859437751003,0.0002872737719047,-1.4914620953174675e-10,0.003499,9.526707234617986,69.62,102051.0,7104790.62,0.0100000000000051,69.62,69.6
2016-03-04,ATO,32986,ATMOS ENERGY CORP,,,0.015513,0.0580512440727827,0.0001414427157002,2.133092028231517e-10,0.003306,10.079744441504738,70.7,102051.0,7215005.7,0.0050000000000025,70.7,70.69
2016-03-07,ATO,32986,ATMOS ENERGY CORP,,,-0.000283,-0.2058119006696168,0.0001414827391059,-4.901169628975155e-12,0.000885,8.005213079734643,70.68,102051.0,7212964.680000001,0.0050000000000025,70.67,70.66
2016-03-08,ATO,32986,ATMOS ENERGY CORP,,,0.001415,-0.1305542634710015,0.0001412828482622,2.8145776736245684e-11,-0.01124,6.960098382181458,70.78,102051.0,7223169.78,0.0050000000000025,70.78,70.77
2016-03-09,ATO,32986,ATMOS ENERGY CORP,,,0.001837,-0.1366240311987441,0.0001410238330278,4.224439272393407e-11,0.005052,6.00918168366797,70.91,102051.0,7236436.409999999,0.0050000000000025,70.92,70.91
2016-03-10,ATO,32986,ATMOS ENERGY CORP,,,0.000282,0.2427699949286008,0.0001409840688,5.216699128964417e-12,0.000156,7.468030690537084,70.93,102051.0,7238477.430000001,0.0049999999999954,70.94,70.93
2016-03-11,ATO,32986,ATMOS ENERGY CORP,,,0.000282,-0.1248241746706555,0.0001409443269909,5.959063824353399e-12,0.016396,6.535839923175667,70.95,102051.0,7240518.45,0.0050000000000025,70.92,70.91
2016-03-14,ATO,32986,ATMOS ENERGY CORP,,,0.004792,-0.2632787047462551,0.0002805442558563,1.367937639593886e-10,-0.001261,4.815092453773113,71.29,102051.0,7275215.790000001,0.009999999999998,71.28,71.26
2016-03-15,ATO,32986,ATMOS ENERGY CORP,,,0.006032,0.1800584063412598,0.000139431121026,1.4504262593580158e-10,-0.001837,5.682090327385327,71.72,102051.0,7319097.72,0.0049999999999954,71.71,71.7
2016-03-16,ATO,32986,ATMOS ENERGY CORP,,,0.008784,0.1743860187665018,0.0001382170006911,1.782861149353935e-10,0.0056,6.672967437849703,72.35,102051.0,7383389.85,0.0050000000000025,72.34,72.33
2016-03-17,ATO,32986,ATMOS ENERGY CORP,,,0.008155,-0.0259096042045102,0.0001370989854675,1.6854763951577158e-10,0.006595,6.500073492665432,72.94,102051.0,7443599.939999999,0.0050000000000025,72.95,72.94
2016-03-18,ATO,32986,ATMOS ENERGY CORP,,,-0.011791,1.484853144470625,0.0002774694783573,-9.924293573111312e-11,0.004406,16.151728057539856,72.08,102051.0,7355836.08,0.009999999999998,72.08,72.06
2016-03-21,ATO,32986,ATMOS ENERGY CORP,,,-0.010544,-0.6402657283261541,0.0001402131239482,-2.49330833782266e-10,0.000986,5.810330129053121,71.32,102051.0,7278277.319999999,0.0049999999999954,71.3,71.29
2016-03-22,ATO,32986,ATMOS ENERGY CORP,,,0.004066,-0.2386187705540096,0.0001396453009356,1.257689575853164e-10,-0.000877,4.4238762971455445,71.61,102051.0,7307872.11,0.0050000000000025,71.59,71.58
2016-03-23,ATO,32986,ATMOS ENERGY CORP,,,0.003212,-0.1577345551442981,0.0001391982182626,1.1758176911509102e-10,-0.006386,3.726078137401888,71.84,102051.0,7331343.840000001,0.0049999999999954,71.85,71.84
2016-03-24,ATO,32986,ATMOS ENERGY CORP,,,0.007517,0.2918106508875739,0.0002763194252557,2.1142575386608923e-10,-0.000378,4.813387423935091,72.38,102051.0,7386451.38,0.0100000000000051,72.4,72.38
2016-03-28,ATO,32986,ATMOS ENERGY CORP,,,0.002625,-0.2166808153726199,0.0001377979881494,9.4008113544826e-11,0.000545,3.770418712212521,72.57,102051.0,7405841.069999999,0.0050000000000025,72.58,72.57
2016-03-29,ATO,32986,ATMOS ENERGY CORP,,,0.024252,0.7283711259827172,0.0001345351809498,4.906135939508347e-10,0.008817,6.516682835053062,74.33,102051.0,7585450.83,0.0050000000000025,74.34,74.33
2016-03-30,ATO,32986,ATMOS ENERGY CORP,,,-0.003767,-0.2492368811218674,0.000135043889264,-1.0188817381275323e-10,0.00435,4.892485129984028,74.05,102051.0,7556876.55,0.0050000000000025,74.06,74.05
2016-03-31,ATO,32986,ATMOS ENERGY CORP,,,0.002836,0.6047912706821583,0.0001346619983841,4.766350210200162e-11,-0.00204,7.839356997495304,74.26,102208.0,7589966.08,0.0050000000000025,74.26,74.25
2016-04-01,ATO,32986,ATMOS ENERGY CORP,,,0.00404,-0.0120836947500452,0.0001341201716736,6.845260498055515e-11,0.006331,7.744628600500939,74.56,102208.0,7620628.48,0.0049999999999954,74.57,74.56
2016-04-04,ATO,32986,ATMOS ENERGY CORP,,,-0.002414,-0.12041366258908,0.0001344447432106,-4.661408149254931e-11,-0.003208,6.81206950532248,74.38,102208.0,7602231.039999999,0.0050000000000025,74.39,74.38
2016-04-05,ATO,32986,ATMOS ENERGY CORP,,,-0.01573,-0.3201861980213947,0.0002731867231252,-4.5394619218331397e-10,-0.010145,4.630938869755792,73.21,102208.0,7482647.68,0.009999999999998,73.2,73.18
2016-04-06,ATO,32986,ATMOS ENERGY CORP,,,0.003688,0.049239519224878,0.0001360914534567,1.0106323289169777e-10,0.010508,4.858964073262367,73.48,102208.0,7510243.840000001,0.0050000000000025,73.48,73.47
2016-04-07,ATO,32986,ATMOS ENERGY CORP,,,0.002177,1.7764087591240876,0.0001357957631722,2.1440389229294857e-11,-0.011976,13.49047041327489,73.64,102208.0,7526597.12,0.0050000000000025,73.64,73.63
2016-04-08,ATO,32986,ATMOS ENERGY CORP,,,0.007469,-0.5793721361672253,0.0001347890551287,1.7358295045940458e-10,0.002787,5.674467752035066,74.19,102208.0,7582811.52,0.0050000000000025,74.2,74.19
2016-04-11,ATO,32986,ATMOS ENERGY CORP,,,-0.006066,-0.3141785177317682,0.0002712232167072,-2.0681315775175807e-10,-0.00274,3.8916718847839697,73.74,102208.0,7536817.92,0.009999999999998,73.72,73.7
2016-04-12,ATO,32986,ATMOS ENERGY CORP,,,0.00339,0.5988083266291231,0.0002703067982159,7.204588201063585e-11,0.009662,6.222037413901065,73.99,102208.0,7562369.92,0.009999999999998,73.97,73.95
2016-04-13,ATO,32986,ATMOS ENERGY CORP,,,-0.001352,-0.4385289853477203,0.0002706726214642,-5.1244372032356494e-11,0.01004,3.4934936599874766,73.89,102208.0,7552149.12,0.009999999999998,73.91,73.89
2016-04-14,ATO,32986,ATMOS ENERGY CORP,,,-0.010692,0.3574523263401696,0.0002735978112176,-3.017672724282458e-10,0.000173,4.742251095804634,73.1,102208.0,7471404.8,0.0100000000000051,73.12,73.1
2016-04-15,ATO,32986,ATMOS ENERGY CORP,,,0.00725,0.3994751349299354,0.0002716284123318,1.45160542915327e-10,-0.000984,6.636662492172824,73.63,102208.0,7525575.039999999,0.009999999999998,73.67,73.65
2016-04-18,ATO,32986,ATMOS ENERGY CORP,,,0.000679,-0.4359402641820969,0.0001357220412593,2.408576447094084e-11,0.006541,3.743474092047589,73.68,102208.0,7530685.44,0.0049999999999954,73.66,73.65
2016-04-19,ATO,32986,ATMOS ENERGY CORP,,,0.004886,-0.0067143562816736,0.0001350621285792,1.7364135737906907e-10,0.003085,3.718339073262367,74.04,102208.0,7567480.32,0.0050000000000025,74.04,74.03
2016-04-20,ATO,32986,ATMOS ENERGY CORP,,,-0.019179,-0.0853980065466103,0.0002754062241806,-7.598077001229904e-10,0.000762,3.40080032874139,72.62,102208.0,7422344.960000001,0.009999999999998,72.64,72.62
2016-04-21,ATO,32986,ATMOS ENERGY CORP,,,-0.027816,0.3625057179600044,0.0001416430594901,-8.319277654133102e-10,-0.005194,4.633609893550407,70.6,102208.0,7215884.8,0.0050000000000025,70.61,70.6
2016-04-22,ATO,32986,ATMOS ENERGY CORP,,,0.010057,-0.1217968208922447,0.0001402327864255,3.3909286458149935e-10,4.8e-05,4.0692509392611145,71.31,102208.0,7288452.48,0.0050000000000025,71.34,71.33
2016-04-25,ATO,32986,ATMOS ENERGY CORP,,,0.00014,-0.063412757567743,0.0001402131239482,5.0392870884273135e-12,-0.001812,3.811208515967439,71.32,102208.0,7289474.56,0.0049999999999954,71.32,71.31
2016-04-26,ATO,32986,ATMOS ENERGY CORP,,,0.005468,-0.0804726649141542,0.0002789011295495,2.1288082218843602e-10,0.001873,3.50451041014402,71.71,102208.0,7329335.68,0.009999999999998,71.74,71.72
2016-04-27,ATO,32986,ATMOS ENERGY CORP,,,0.001255,0.0594490618081515,0.0001392757660165,4.6060320581152494e-11,0.001649,3.7128502661239824,71.8,102208.0,7338534.399999999,0.0049999999999954,71.77,71.76
2016-04-28,ATO,32986,ATMOS ENERGY CORP,,,0.00376,-0.1895921556433357,0.0002775079783543,1.6964355369980426e-10,-0.009231,3.008922980588604,72.07,102208.0,7366130.56,0.009999999999998,72.1,72.08
2016-04-29,ATO,32986,ATMOS ENERGY CORP,,,0.00666,1.0470351438530772,0.0001378359751895,1.4581948237549703e-10,-0.005063,6.159371086412023,72.55,102208.0,7415190.399999999,0.0050000000000025,72.56,72.55
2016-05-02,ATO,32986,ATMOS ENERGY CORP,,,0.005513,-0.0098040305812049,0.0004112405757368,1.2123284079348972e-10,0.00781,6.09898442391985,72.95,102208.0,7456073.600000001,0.0150000000000005,72.98,72.95
2016-05-03,ATO,32986,ATMOS ENERGY CORP,,,-0.001782,-0.1590256109983717,0.0002746498214775,-4.668010677227267e-11,-0.008677,5.129089699436443,72.82,102208.0,7442786.56,0.009999999999998,72.82,72.8
2016-05-04,ATO,32986,ATMOS ENERGY CORP,,,0.01744,0.2273908216559781,0.0001349709812391,3.658295898310248e-10,-0.005937,6.29539762053851,74.09,102208.0,7572590.720000001,0.0050000000000025,74.11,74.1
2016-05-05,ATO,32986,ATMOS ENERGY CORP,,,-0.007018,0.4390898918314061,0.0001359249694167,-1.0301883384389928e-10,-0.000239,9.059643080776455,73.57,102208.0,7519442.56,0.0049999999999954,73.55,73.54
2016-05-06,ATO,32986,ATMOS ENERGY CORP,,,0.000272,-0.3755324158070257,0.0001358880282647,6.3921097556885976e-12,0.003175,5.657453428303068,73.59,102208.0,7521486.720000001,0.0050000000000025,73.59,73.58
2016-05-09,ATO,32986,ATMOS ENERGY CORP,,,0.009648,-0.0633909625292051,0.0001345895020189,2.3976415676255723e-10,0.000753,5.298822010018785,74.3,102208.0,7594054.399999999,0.0050000000000025,74.31,74.3
2016-05-10,ATO,32986,ATMOS ENERGY CORP,,,0.002153,-0.2558522993747946,0.0001343002954605,7.174598990285261e-11,0.012484,3.943106214777708,74.46,102208.0,7610407.68,0.0049999999999954,74.46,74.45
2016-05-11,ATO,32986,ATMOS ENERGY CORP,,,0.00094,0.411421850691162,0.0002683483161142,2.217259528357984e-11,-0.009562,5.565386271133376,74.53,102208.0,7617562.24,0.009999999999998,74.55,74.53
2016-05-12,ATO,32986,ATMOS ENERGY CORP,,,-0.000537,1.1378732022214135,0.0001342462075445,-5.928081495581706e-12,-0.00017,11.898090169067,74.49,102208.0,7613473.92,0.0049999999999954,74.49,74.48
2016-05-13,ATO,32986,ATMOS ENERGY CORP,,,-0.003088,-0.3320686139069798,0.0001346619983839,-5.119509454015411e-11,-0.008478,7.947107858484658,74.26,102208.0,7589966.08,0.0049999999999954,74.27,74.26
2016-05-16,ATO,32986,ATMOS ENERGY CORP,,,0.00983,0.2289580404255791,0.0001333511134818,1.3131644334087703e-10,0.009797,9.766662100814026,74.99,102208.0,7664577.92,0.0050000000000025,74.98,74.97
2016-05-17,ATO,32986,ATMOS ENERGY CORP,,,-0.029737,-0.4013109190157388,0.0001374381528312,-6.838676690832398e-10,-0.009411,5.847193957420163,72.76,102208.0,7436654.08,0.0050000000000025,72.76,72.75
2016-05-18,ATO,32986,ATMOS ENERGY CORP,,,-0.013606,-0.0112427421648846,0.0001393339835586,-3.2082296323780985e-10,0.000205,5.781455463368816,71.77,102208.0,7335468.159999999,0.0050000000000025,71.78,71.77
2016-05-19,ATO,32986,ATMOS ENERGY CORP,,,0.007524,-0.3159714407076531,0.0001391014049242,2.589309675036129e-10,-0.003707,3.95468065122104,71.89,102208.0,7347733.12,0.0050000000000025,71.89,71.88
2016-05-20,ATO,32986,ATMOS ENERGY CORP,,,0.002921,0.2714794656110837,0.0001386962552009,7.882983769106439e-11,0.006019,5.02829524107702,72.1,102208.0,7369196.8,0.0049999999999954,72.1,72.09
2016-05-23,ATO,32986,ATMOS ENERGY CORP,,,-0.008877,-0.3679105406940995,0.0004198152812762,-3.8240098300340447e-10,-0.002085,3.178332420162805,71.46,102208.0,7303783.68,0.0150000000000005,71.49,71.46
2016-05-24,ATO,32986,ATMOS ENERGY CORP,,,0.013434,1.2948859631030842,0.0004142502071251,2.4882929318282235e-10,0.013681,7.293910457107076,72.42,102208.0,7401903.36,0.0150000000000005,72.42,72.39
2016-05-25,ATO,32986,ATMOS ENERGY CORP,,,-0.007733,-0.3499723673903012,0.0002783189535206,-2.2206681355032389e-10,0.006975,4.741243346900438,71.86,102208.0,7344666.88,0.009999999999998,71.86,71.84
2016-05-26,ATO,32986,ATMOS ENERGY CORP,,,0.007097,-0.0100496705482745,0.0002763576067432,2.0442108623684523e-10,-0.00021,4.69359541327489,72.37,102208.0,7396792.960000001,0.0100000000000051,72.37,72.35
2016-05-27,ATO,32986,ATMOS ENERGY CORP,,,0.004422,0.0564221436120426,0.0001375705048838,1.2003724868208832e-10,0.004287,4.958418127739511,72.69,102208.0,7429499.52,0.0050000000000025,72.7,72.69
2016-05-31,ATO,32986,ATMOS ENERGY CORP,,,0.002889,0.9989936660155094,0.0001371742112483,3.9118352759068604e-11,-0.001,9.909422593487426,72.9,102233.0,7452785.7,0.0050000000000025,72.9,72.89
2016-06-01,ATO,32986,ATMOS ENERGY CORP,,,0.000137,-0.4706703386735369,0.0002743107941298,3.5040297395771747e-12,0.00113,5.245351305351501,72.91,102233.0,7453808.029999999,0.0100000000000051,72.93,72.91
2016-06-02,ATO,32986,ATMOS ENERGY CORP,,,-0.00288,0.0304467336008711,0.000137551581843,-7.169136419642414e-11,0.002825,5.40505511918852,72.7,102233.0,7432339.100000001,0.0049999999999954,72.69,72.68
2016-06-03,ATO,32986,ATMOS ENERGY CORP,,,0.027923,0.0241777134325658,0.0001338150675764,6.602380365133197e-10,-0.002912,5.535736992947482,74.73,102233.0,7639872.090000001,0.0049999999999954,74.71,74.7
2016-06-06,ATO,32986,ATMOS ENERGY CORP,,,-0.004951,-0.0514016627351198,0.000403442711135,-1.2402368547280734e-10,0.004897,5.25119090704567,74.36,102233.0,7602045.88,0.0150000000000005,74.39,74.36
2016-06-07,ATO,32986,ATMOS ENERGY CORP,,,0.001345,-0.3380994514245267,0.0002686005909212,5.0834387933340727e-11,0.001289,3.4757661420480668,74.46,102233.0,7612269.18,0.009999999999998,74.46,74.44
2016-06-08,ATO,32986,ATMOS ENERGY CORP,,,0.005909,-0.0682476965593322,0.0001335113484646,2.3828134540994856e-10,0.003309,3.2385531090743696,74.9,102233.0,7657251.7,0.0050000000000025,74.92,74.91
2016-06-09,ATO,32986,ATMOS ENERGY CORP,,,0.019893,-0.162706478961723,0.0001309071868046,9.39385631870709e-10,-0.001718,2.7116195357663377,76.39,102233.0,7809578.87,0.0050000000000025,76.4,76.39
2016-06-10,ATO,32986,ATMOS ENERGY CORP,,,-0.00576,0.1899558829364722,0.0001316655694536,-2.2990265434668367e-10,-0.009175,3.226707618870619,75.95,102233.0,7764596.350000001,0.0050000000000025,75.97,75.96
2016-06-13,ATO,32986,ATMOS ENERGY CORP,,,-0.002765,0.1818319611005348,0.0002640612622129,-9.364042677314359e-11,-0.008115,3.813426193107901,75.74,102233.0,7743127.42,0.0100000000000051,75.73,75.71
2016-06-14,ATO,32986,ATMOS ENERGY CORP,,,0.006998,0.2523226405511751,0.0002622263012979,1.8793060378384127e-10,-0.001799,4.775639959699901,76.27,102233.0,7797310.909999999,0.009999999999998,76.27,76.25
2016-06-15,ATO,32986,ATMOS ENERGY CORP,,,-0.00354,0.1283396282064937,0.0002631578947367,-8.455263487506703e-11,-0.001841,5.3885438165758615,76.0,102233.0,7769708.0,0.009999999999998,76.0,75.98
2016-06-16,ATO,32986,ATMOS ENERGY CORP,,,0.004342,-0.511765570797641,0.0001310100877766,2.1149671742725247e-10,0.003133,2.630872614517817,76.33,102233.0,7803444.89,0.0049999999999954,76.35,76.34
2016-06-17,ATO,32986,ATMOS ENERGY CORP,,,-0.004585,1.2600553238003882,0.0001316135825217,-9.927275052060047e-11,-0.003258,5.945917658681639,75.98,102233.0,7767663.340000001,0.0050000000000025,75.98,75.97
2016-06-20,ATO,32986,ATMOS ENERGY CORP,,,0.002632,-0.3470747809149669,0.0002625360987135,8.705054155831978e-11,0.005808,3.882239589956277,76.18,102233.0,7788109.94,0.009999999999998,76.2,76.18
2016-06-21,ATO,32986,ATMOS ENERGY CORP,,,0.005907,-0.1627844280448382,0.0001304971943103,2.3198366666899622e-10,0.002712,3.2502714387722165,76.63,102233.0,7834114.789999999,0.0050000000000025,76.64,76.63
2016-06-22,ATO,32986,ATMOS ENERGY CORP,,,-0.001174,0.4884662262816557,0.0001306506401882,-3.1012010145851195e-11,-0.001652,4.8379192628603285,76.54,102233.0,7824913.82,0.0050000000000025,76.56,76.55
2016-06-23,ATO,32986,ATMOS ENERGY CORP,,,0.005095,-0.3345343159554788,0.0002599766021059,2.0122089162672943e-10,0.013364,3.219469251611515,76.93,102233.0,7864784.69,0.0100000000000051,76.93,76.91
2016-06-24,ATO,32986,ATMOS ENERGY CORP,,,0.00156,0.6509953332361091,0.0001297858533418,3.7258959520483486e-11,-0.03592,5.315328709907759,77.05,102233.0,7877052.649999999,0.0049999999999954,77.07,77.06
2016-06-27,ATO,32986,ATMOS ENERGY CORP,,,0.010642,-0.0810725761038788,0.0001284191601387,2.7368477275240816e-10,-0.018097,4.88440131855663,77.87,102233.0,7960883.710000001,0.0050000000000025,77.9,77.89
2016-06-28,ATO,32986,ATMOS ENERGY CORP,,,0.004623,-0.1060625176480483,0.0001278281989007,1.323856678691784e-10,0.01777,4.366349417507068,78.23,102233.0,7997687.590000001,0.0050000000000025,78.23,78.22
2016-06-29,ATO,32986,ATMOS ENERGY CORP,,,0.003068,-0.0509201698085732,0.0001274372371607,9.228675304410962e-11,0.017033,4.144014163724042,78.47,102233.0,8022223.51,0.0050000000000025,78.47,78.46
2016-06-30,ATO,32986,ATMOS ENERGY CORP,,,0.03632,1.7068156872927265,0.0002459419576979,3.8947308335821884e-10,0.013565,11.217082546731486,81.32,102233.0,8313587.56,0.009999999999998,81.32,81.3
2016-07-01,ATO,32986,ATMOS ENERGY CORP,,,-0.010453,-0.4814895234906118,0.0002485398285074,-2.1846325101446246e-10,0.001949,5.816174816350885,80.47,102233.0,8226689.51,0.009999999999998,80.46,80.44
2016-07-05,ATO,32986,ATMOS ENERGY CORP,,,0.008202,0.2019996468243623,0.0001232589670897,1.4145079480226344e-10,-0.006848,6.991040075122514,81.13,102233.0,8294163.289999999,0.0049999999999954,81.13,81.12
2016-07-06,ATO,32986,ATMOS ENERGY CORP,,,0.00037,0.230857054909999,0.0001232134056185,5.182259657576181e-12,0.005353,8.604970997623077,81.16,102233.0,8297230.279999999,0.0050000000000025,81.17,81.16
2016-07-07,ATO,32986,ATMOS ENERGY CORP,,,-0.019221,-0.4705449056054709,0.0001256281407034,-5.184337465137819e-10,-0.000872,4.555945731808712,79.6,102233.0,8137746.8,0.0049999999999954,79.6,79.59
2016-07-08,ATO,32986,ATMOS ENERGY CORP,,,0.005025,0.1422296078734477,0.0002499999999999,1.1806550203566073e-10,0.015253,5.203936106736572,80.0,102233.0,8178640.0,0.009999999999998,80.0,79.98
2016-07-11,ATO,32986,ATMOS ENERGY CORP,,,0.001125,-0.0294729086076682,0.0001248595330254,2.7204672683479057e-11,0.003409,5.050560973462581,80.09,102233.0,8187840.970000001,0.0050000000000025,80.09,80.08
2016-07-12,ATO,32986,ATMOS ENERGY CORP,,,-0.002247,0.1008920582413708,0.0001251407833811,-4.9468242285353644e-11,0.007009,5.560122465348762,79.91,102233.0,8169439.029999999,0.0049999999999954,79.91,79.9
2016-07-13,ATO,32986,ATMOS ENERGY CORP,,,0.010387,-0.3535452159288423,0.0001238543472874,3.5009650094735944e-10,0.000135,3.5943677677462267,80.74,102233.0,8254292.42,0.0049999999999954,80.74,80.73
2016-07-14,ATO,32986,ATMOS ENERGY CORP,,,-0.008051,0.180165077844572,0.0002497190660506,-2.3180092107240451e-10,0.005259,4.241947316424247,80.09,102233.0,8187840.970000001,0.009999999999998,80.07,80.05
2016-07-15,ATO,32986,ATMOS ENERGY CORP,,,-0.000375,-0.2021827807972476,0.0001249063202598,-1.353804336504751e-11,-0.000929,3.3842986119941703,80.06,102233.0,8184773.98,0.0050000000000025,80.08,80.07
2016-07-18,ATO,32986,ATMOS ENERGY CORP,,,-0.001998,-0.2528129669611864,0.000125156445557,-9.672964571876451e-11,0.002382,2.528704038813299,79.9,102233.0,8168416.7,0.0050000000000025,79.9,79.89
2016-07-19,ATO,32986,ATMOS ENERGY CORP,,,0.000375,-0.0469795023151282,0.000125109470787,1.9042769285918028e-11,-0.001435,2.4099067815675954,79.93,102233.0,8171483.69,0.0050000000000025,79.92,79.91
2016-07-20,ATO,32986,ATMOS ENERGY CORP,,,-0.003378,-0.1370813241764485,0.0002510670348984,-1.9946106140821866e-10,0.00427,2.0795535688085063,79.66,102233.0,8143880.779999999,0.0100000000000051,79.68,79.66
2016-07-21,ATO,32986,ATMOS ENERGY CORP,,,0.001004,0.3026401817506197,0.0001254075746175,4.5464434504216406e-11,-0.003612,2.708910038832862,79.74,102233.0,8152059.42,0.0050000000000025,79.75,79.74
2016-07-22,ATO,32986,ATMOS ENERGY CORP,,,0.009656,-0.1685816422329746,0.0001242081728976,5.208853380850331e-10,0.004554,2.252237535825027,80.51,102233.0,8230778.83,0.0049999999999954,80.49,80.48
2016-07-25,ATO,32986,ATMOS ENERGY CORP,,,-0.006956,0.2649867754166068,0.0002501563477174,-2.987100417695278e-10,-0.003011,2.849050697915546,79.95,102233.0,8173528.350000001,0.0100000000000051,79.98,79.96
2016-07-26,ATO,32986,ATMOS ENERGY CORP,,,-0.004503,-0.1470643773582314,0.0001256439251161,-2.2773821198490588e-10,0.000323,2.430056830964561,79.59,102233.0,8136724.470000001,0.0049999999999954,79.6,79.59
2016-07-27,ATO,32986,ATMOS ENERGY CORP,,,-0.009423,1.0758155149095123,0.0003805175038051,-2.3176416464876888e-10,-0.001199,5.044349671828079,78.84,102233.0,8060049.720000001,0.0150000000000005,78.84,78.81
2016-07-28,ATO,32986,ATMOS ENERGY CORP,,,0.005835,-0.3492172759691215,0.0001261034047919,2.192478626733892e-10,0.001606,3.282775620396545,79.3,102233.0,8107076.899999999,0.0050000000000025,79.31,79.3
2016-07-29,ATO,32986,ATMOS ENERGY CORP,,,0.006179,0.6717271340373292,0.00025065797719,1.3802953783188303e-10,0.001631,5.487905079573132,79.79,102233.0,8157171.07,0.009999999999998,79.75,79.73
2016-08-01,ATO,32986,ATMOS ENERGY CORP,,,-0.004637,-0.493832045557843,0.000125912868295,-2.0559609916247207e-10,-0.00127,2.777801688300255,79.42,102233.0,8119344.86,0.0049999999999954,79.44,79.43
2016-08-02,ATO,32986,ATMOS ENERGY CORP,,,-0.002518,0.3217305261230425,0.0001262307498105,-8.468093108632935e-11,-0.006362,3.671505286942572,79.22,102233.0,8098898.26,0.0049999999999954,79.21,79.2
2016-08-03,ATO,32986,ATMOS ENERGY CORP,,,-0.003913,0.0026295527628952,0.0002534533012293,-1.3176559878805766e-10,0.003134,3.681159703813837,78.91,102233.0,8067206.029999999,0.0100000000000051,78.9,78.88
2016-08-04,ATO,32986,ATMOS ENERGY CORP,,,0.001267,0.2328610603290677,0.0002531325148716,3.456246054079306e-11,0.000213,4.538358455684564,79.01,102233.0,8077429.33,0.0100000000000051,79.04,79.02
2016-08-05,ATO,32986,ATMOS ENERGY CORP,,,-0.011264,-0.1895833782356617,0.0001280081925242,-3.8347068304055427e-10,0.008603,3.677961128011503,78.12,102233.0,7986441.960000001,0.0049999999999954,78.1,78.09
2016-08-08,ATO,32986,ATMOS ENERGY CORP,,,-0.0064,-0.0604427021693629,0.0002576655501158,-2.3339138715559765e-10,-0.000907,3.45565521896061,77.62,102233.0,7935325.460000001,0.009999999999998,77.64,77.62
2016-08-09,ATO,32986,ATMOS ENERGY CORP,,,-0.002705,-0.1477573156854863,0.0001291822761917,-1.160607598921776e-10,0.00039,2.9450568798724484,77.41,102233.0,7913856.529999999,0.0050000000000025,77.42,77.41
2016-08-10,ATO,32986,ATMOS ENERGY CORP,,,-0.000258,0.0745876538617387,0.0001292156609381,-1.030405624114288e-11,-0.002865,3.1647217630315065,77.39,102233.0,7911811.87,0.0050000000000025,77.39,77.38
2016-08-11,ATO,32986,ATMOS ENERGY CORP,,,-0.000517,-0.3225422592021364,0.0001292824822237,-3.049449015878511e-11,0.004735,2.1439652558371565,77.35,102233.0,7907722.55,0.0050000000000025,77.37,77.36
2016-08-12,ATO,32986,ATMOS ENERGY CORP,,,-0.001163,-0.1941519453974742,0.000258866166192,-8.522421326095588e-11,-0.000796,1.7277102305517789,77.26,102233.0,7898521.58,0.009999999999998,77.25,77.23
2016-08-15,ATO,32986,ATMOS ENERGY CORP,,,-0.019286,1.6652022034886684,0.0002639567110993,-5.406954330796934e-10,0.002793,4.604697113456516,75.77,102233.0,7746194.409999999,0.009999999999998,75.77,75.75
2016-08-16,ATO,32986,ATMOS ENERGY CORP,,,-0.019665,0.0529748147644619,0.0001346257404416,-5.340868659411166e-10,-0.005479,4.848630090088328,74.28,102233.0,7593867.24,0.0050000000000025,74.28,74.27
2016-08-17,ATO,32986,ATMOS ENERGY CORP,,,0.013059,-0.0697028384675906,0.0001328903654485,3.763323601760048e-10,0.001869,4.510666810129802,75.25,102233.0,7693033.25,0.0050000000000025,75.26,75.25
2016-08-18,ATO,32986,ATMOS ENERGY CORP,,,0.015681,0.2256196071032812,0.0001315616366268,3.650189981517811e-10,0.0022,5.528361683605098,76.01,102233.0,7770730.33,0.0050000000000025,76.01,76.0
2016-08-19,ATO,32986,ATMOS ENERGY CORP,,,-0.012104,-0.3037380945219319,0.0002663470502063,-4.096251589141041e-10,-0.00144,3.849187639998826,75.09,102233.0,7676675.970000001,0.009999999999998,75.08,75.06
2016-08-22,ATO,32986,ATMOS ENERGY CORP,,,0.001865,-0.2296436721438118,0.0001329256945368,8.177789590198983e-11,-0.000563,2.965246055578923,75.23,102233.0,7690988.590000001,0.0050000000000025,75.23,75.22
2016-08-23,ATO,32986,ATMOS ENERGY CORP,,,-0.004387,0.1686810975569528,0.0002670226969291,-1.6532478053135384e-10,0.001952,3.4654270147604,74.9,102233.0,7657251.7,0.009999999999998,74.86,74.84
2016-08-24,ATO,32986,ATMOS ENERGY CORP,,,-0.002403,0.00224115885413,0.0001338329764454,-9.057259519771511e-11,-0.00524,3.4731935871978714,74.72,102233.0,7638849.76,0.0050000000000025,74.73,74.72
2016-08-25,ATO,32986,ATMOS ENERGY CORP,,,0.002677,-0.1186256424699007,0.0001334757074213,1.1417475691848786e-10,-0.001365,3.0611837664941848,74.92,102233.0,7659296.36,0.0050000000000025,74.92,74.91
2016-08-26,ATO,32986,ATMOS ENERGY CORP,,,-0.015083,-0.1179246790263105,0.0002710394362379,-7.404641597646323e-10,-0.001579,2.7001946533898056,73.79,102233.0,7543773.07,0.009999999999998,73.81,73.79
2016-08-29,ATO,32986,ATMOS ENERGY CORP,,,0.009486,0.0979681143565092,0.0002684924150894,4.2015471316342676e-10,0.005228,2.9647276319779325,74.49,102233.0,7615336.17,0.0100000000000051,74.48,74.46
2016-08-30,ATO,32986,ATMOS ENERGY CORP,,,-0.008055,0.1236947075650047,0.000135336310732,-3.200778612464545e-10,-0.001954,3.3314487494253324,73.89,102233.0,7553996.37,0.0049999999999954,73.88,73.87
2016-08-31,ATO,32986,ATMOS ENERGY CORP,,,-0.002571,0.2409302844525873,0.000271370420624,-8.253971472534546e-11,-0.002376,4.069803944226177,73.7,103848.0,7653597.600000001,0.009999999999998,73.7,73.68
2016-09-01,ATO,32986,ATMOS ENERGY CORP,,,-0.006106,-0.3484068038832011,0.0001365187713311,-3.0269204319236006e-10,-4.1e-05,2.6518565595870887,73.25,103848.0,7606866.0,0.0050000000000025,73.25,73.24
2016-09-02,ATO,32986,ATMOS ENERGY CORP,,,0.009829,0.9386833218344892,0.0001351899418683,2.488849731639176e-10,0.004201,5.1411100839688775,73.97,103848.0,7681636.56,0.0050000000000025,73.98,73.97
2016-09-06,ATO,32986,ATMOS ENERGY CORP,,,0.009734,-0.0740914863250008,0.0001338867318247,2.6363663807955794e-10,0.002982,4.760197596487173,74.69,103848.0,7756407.12,0.0049999999999954,74.71,74.7
2016-09-07,ATO,32986,ATMOS ENERGY CORP,,,0.010979,-0.1311635584631536,0.0001324327903589,3.385300060420036e-10,-0.000146,4.135833140744165,75.51,103848.0,7841562.48,0.0050000000000025,75.53,75.52
2016-09-08,ATO,32986,ATMOS ENERGY CORP,,,-0.001589,-0.2296494977857871,0.0001326435866826,-6.370311041353117e-11,-0.002223,3.1860411370464523,75.39,103848.0,7829100.72,0.0050000000000025,75.4,75.39
2016-09-09,ATO,32986,ATMOS ENERGY CORP,,,-0.046558,0.6505391943517578,0.0001391207568169,-1.1860715533821443e-09,-0.024522,5.25868577151221,71.88,103848.0,7464594.239999999,0.0050000000000025,71.89,71.88
2016-09-12,ATO,32986,ATMOS ENERGY CORP,,,0.018781,0.2753321711615371,0.0001365560562611,3.6824003719354165e-10,0.014677,6.706571142438949,73.23,103848.0,7604789.04,0.0050000000000025,73.23,73.22
2016-09-13,ATO,32986,ATMOS ENERGY CORP,,,-0.00874,0.0669524914424866,0.0001377600220416,-1.6202830229333228e-10,-0.014831,7.1555927894615206,72.59,103848.0,7538326.32,0.0050000000000025,72.62,72.61
2016-09-14,ATO,32986,ATMOS ENERGY CORP,,,0.000689,0.0230980199005779,0.0001376651982379,1.2476201708617744e-11,-0.000588,7.320872814112934,72.64,103848.0,7543518.72,0.0050000000000025,72.64,72.63
2016-09-15,ATO,32986,ATMOS ENERGY CORP,,,0.011977,-0.3096896053708083,0.000136035913481,3.1045325310754696e-10,0.010109,5.053674601340421,73.51,103848.0,7633866.48,0.0049999999999954,73.52,73.51
2016-09-16,ATO,32986,ATMOS ENERGY CORP,,,0.00789,0.6518976246822683,0.0001349709812389,1.2283690570801119e-10,-0.003772,8.348153069871351,74.09,103848.0,7694098.32,0.0049999999999954,74.07,74.06
2016-09-19,ATO,32986,ATMOS ENERGY CORP,,,0.018356,-0.4265282793829785,0.0002650762094101,4.893484959654975e-10,-1.9e-05,4.787429704953394,75.45,103848.0,7835331.600000001,0.009999999999998,75.47,75.45
2016-09-20,ATO,32986,ATMOS ENERGY CORP,,,-0.003313,0.2487242665915743,0.0001329787234043,-7.096374011202854e-11,0.000299,5.978179647176643,75.2,103848.0,7809369.600000001,0.0050000000000025,75.18,75.17
2016-09-21,ATO,32986,ATMOS ENERGY CORP,,,0.022075,-0.3765346588877327,0.0001301066874838,7.420290667888231e-10,0.010917,3.7271878129574,76.86,103848.0,7981757.28,0.0050000000000025,76.87,76.86
2016-09-22,ATO,32986,ATMOS ENERGY CORP,,,0.010278,0.6018818739165144,0.0001287830006439,2.1348002835657832e-10,0.0065,5.970514598258994,77.65,103848.0,8063797.2,0.0050000000000025,77.65,77.64
2016-09-23,ATO,32986,ATMOS ENERGY CORP,,,-0.013007,-0.2328128175270069,0.0001304801670146,-3.5678813569721434e-10,-0.005737,4.580502272552192,76.64,103848.0,7958910.72,0.0050000000000025,76.65,76.64
2016-09-26,ATO,32986,ATMOS ENERGY CORP,,,0.000391,-0.4195818161942162,0.0001304291117776,1.847136730465672e-11,-0.008588,2.658606809953008,76.67,103848.0,7962026.16,0.0049999999999954,76.69,76.68
2016-09-27,ATO,32986,ATMOS ENERGY CORP,,,-0.009913,0.1980578867112654,0.0001317349492819,-3.947990169188257e-10,0.006444,3.18516485632848,75.91,103848.0,7883101.68,0.0049999999999954,75.91,75.9
2016-09-28,ATO,32986,ATMOS ENERGY CORP,,,-0.000922,-0.1640581305003733,0.0002637130801687,-4.3966962846440016e-11,0.005296,2.66261266466374,75.84,103848.0,7875832.32,0.009999999999998,75.85,75.83
2016-09-29,ATO,32986,ATMOS ENERGY CORP,,,-0.012658,0.3696108959266855,0.000133547008547,-4.4637095015091727e-10,-0.009321,3.646743317155843,74.88,103848.0,7776138.239999999,0.0050000000000025,74.89,74.88
2016-09-30,ATO,32986,ATMOS ENERGY CORP,,,-0.005475,0.6781363956832063,0.0001342822613131,-1.1568370263975295e-10,0.007968,6.119732686233726,74.47,103848.0,7733560.56,0.0049999999999954,74.46,74.45
2016-10-03,ATO,32986,ATMOS ENERGY CORP,,,-0.009937,-0.2281982370397878,0.0004068900040689,-2.7477340808966273e-10,-0.003261,4.723220476080425,73.73,103848.0,7656713.04,0.0150000000000005,73.73,73.7
2016-10-04,ATO,32986,ATMOS ENERGY CORP,,,-0.033365,0.1804557418292058,0.0002806229830222,-8.085340346919187e-10,-0.004956,5.5755527309144135,71.27,103848.0,7401246.96,0.009999999999998,71.27,71.25
2016-10-05,ATO,32986,ATMOS ENERGY CORP,,,-0.009261,0.004036199720212,0.0001416229995752,-2.2560890467574237e-10,0.004297,5.598056775286958,70.61,103848.0,7332707.28,0.0050000000000025,70.62,70.61
2016-10-06,ATO,32986,ATMOS ENERGY CORP,,,0.001841,-0.1318300429863748,0.0001413627367824,5.1564230885331196e-11,0.000482,4.860064709960712,70.74,103848.0,7346207.52,0.0049999999999954,70.74,70.73
2016-10-07,ATO,32986,ATMOS ENERGY CORP,,,-0.009471,0.1392012807405469,0.0002854288568575,-2.3508399684995086e-10,-0.003253,5.536591942069178,70.07,103848.0,7276629.359999999,0.0100000000000051,70.09,70.07
2016-10-10,ATO,32986,ATMOS ENERGY CORP,,,0.008991,-0.3294693232967629,0.0001414427157,3.2985971474666674e-10,0.004606,3.712454741545336,70.7,103848.0,7342053.600000001,0.0049999999999954,70.71,70.7
2016-10-11,ATO,32986,ATMOS ENERGY CORP,,,-0.024611,0.537251219746272,0.0001450116009281,-6.021821202853644e-10,-0.012447,5.706975579693398,68.96,103848.0,7161358.079999999,0.0050000000000025,68.97,68.96
2016-10-12,ATO,32986,ATMOS ENERGY CORP,,,0.015516,-0.442481161141839,0.0001427959445952,6.705512037294313e-10,0.001147,3.181746398582544,70.03,103848.0,7272475.44,0.0050000000000025,70.03,70.02
2016-10-13,ATO,32986,ATMOS ENERGY CORP,,,0.013994,0.5955426157170614,0.0001408252358823,3.738094277908952e-10,-0.003099,5.076611971342731,71.01,103848.0,7374246.48,0.0050000000000025,71.03,71.02
2016-10-14,ATO,32986,ATMOS ENERGY CORP,,,0.000986,-0.090427469100676,0.0001406865503658,2.892810952981693e-11,0.000202,4.617546799168014,71.08,103848.0,7381515.84,0.0050000000000025,71.08,71.07
2016-10-17,ATO,32986,ATMOS ENERGY CORP,,,0.008441,-0.4499596473996033,0.0001395089285714,4.4646961637849556e-10,-0.003038,2.539837069563208,71.68,103848.0,7443824.640000001,0.0050000000000025,71.68,71.67
2016-10-18,ATO,32986,ATMOS ENERGY CORP,,,0.006836,0.7385965111826416,0.0001385617292504,2.0655825237219527e-10,0.00616,4.4157518681149375,72.17,103848.0,7494710.16,0.0050000000000025,72.17,72.16
2016-10-19,ATO,32986,ATMOS ENERGY CORP,,,0.002078,-0.2053920146892384,0.000138274336283,7.885539333732006e-11,0.002192,3.508791695555042,72.32,103848.0,7510287.359999999,0.0049999999999954,72.32,72.31
2016-10-20,ATO,32986,ATMOS ENERGY CORP,,,-0.002074,0.2033695500039793,0.0002771234585007,-6.553862195178631e-11,-0.001376,4.222373083737771,72.17,103848.0,7494710.16,0.009999999999998,72.17,72.15
2016-10-21,ATO,32986,ATMOS ENERGY CORP,,,-0.006235,-0.325429604205389,0.0001394311210262,-2.9390986128572676e-10,-8.4e-05,2.8482878822895,71.72,103848.0,7447978.56,0.0050000000000025,71.75,71.74
2016-10-24,ATO,32986,ATMOS ENERGY CORP,,,0.001813,-0.2256879059058991,0.0001391788448154,1.1017244050012928e-10,0.00475,2.205463754718435,71.85,103848.0,7461478.8,0.0049999999999954,71.85,71.84
2016-10-25,ATO,32986,ATMOS ENERGY CORP,,,0.004036,0.1212925648269027,0.0001386193512615,2.178502263090872e-10,-0.003798,2.4729701101610044,72.14,103848.0,7491594.72,0.0050000000000025,72.14,72.13
2016-10-26,ATO,32986,ATMOS ENERGY CORP,,,0.003327,-0.1247405699867219,0.0002763194252555,2.0449392908233148e-10,-0.00174,2.1644904090593946,72.38,103848.0,7516518.239999999,0.009999999999998,72.38,72.36
2016-10-27,ATO,32986,ATMOS ENERGY CORP,,,-0.007184,0.3933347569602008,0.0002783189535206,-3.1920511159212086e-10,-0.002987,3.015859718049457,71.86,103848.0,7462517.28,0.009999999999998,71.86,71.84
2016-10-28,ATO,32986,ATMOS ENERGY CORP,,,0.00167,-0.2309517195577139,0.0002778549597109,9.632560600131643e-11,-0.003108,2.3193417302210926,71.98,103848.0,7474979.04,0.009999999999998,72.0,71.98
2016-10-31,ATO,32986,ATMOS ENERGY CORP,,,0.033481,3.5396767403335563,0.0001344266702514,4.116196076799609e-10,-0.000122,10.52906170556968,74.39,103848.0,7725252.72,0.0050000000000025,74.39,74.38
2016-11-01,ATO,32986,ATMOS ENERGY CORP,,,-0.0328,-0.688061882786335,0.0002779708130645,-1.3365548652104794e-09,-0.006787,3.284415684461906,71.95,103848.0,7471863.600000001,0.009999999999998,71.95,71.93
2016-11-02,ATO,32986,ATMOS ENERGY CORP,,,-0.014871,0.0752374809428872,0.0001410835214445,-5.720787494762159e-10,-0.006525,3.5315268469301286,70.88,103848.0,7360746.239999999,0.0049999999999954,70.88,70.87
2016-11-03,ATO,32986,ATMOS ENERGY CORP,,,0.006772,-0.1369436824797814,0.0001401345291478,2.9982118968849726e-10,-0.004423,3.0479065557353056,71.36,103848.0,7410593.28,0.0049999999999954,71.35,71.34
2016-11-04,ATO,32986,ATMOS ENERGY CORP,,,-0.005465,0.114264862456914,0.0001409046075807,-2.1833690036699787e-10,-0.001666,3.396175179107927,70.97,103848.0,7370092.56,0.0050000000000025,71.0,70.99
2016-11-07,ATO,32986,ATMOS ENERGY CORP,,,0.025081,-0.0686814900506399,0.000274914089347,1.0496038023938902e-09,0.022224,3.1629208073337955,72.75,103848.0,7554942.0,0.009999999999998,72.74,72.72
2016-11-08,ATO,32986,ATMOS ENERGY CORP,,,0.005773,0.2489047472622487,0.0002733360666939,1.9233252397188618e-10,0.003772,3.9501868114937215,73.17,103848.0,7598558.16,0.009999999999998,73.2,73.18
2016-11-09,ATO,32986,ATMOS ENERGY CORP,,,-0.015033,-0.1616087992023772,0.0002775079783543,-6.06496993318489e-10,0.011077,3.311801864263154,72.07,103848.0,7484325.359999999,0.009999999999998,72.1,72.08
2016-11-10,ATO,32986,ATMOS ENERGY CORP,,,-0.022201,1.3959741105593095,0.0002838087129276,-3.823170452944928e-10,0.001951,7.934991526076573,70.47,103848.0,7318168.56,0.0100000000000051,70.48,70.46
2016-11-11,ATO,32986,ATMOS ENERGY CORP,,,0.001419,-0.2936484339826196,0.0001417032733456,3.454591988025686e-11,-0.001398,5.60489369077883,70.57,103848.0,7328553.359999999,0.0050000000000025,70.61,70.6
2016-11-14,ATO,32986,ATMOS ENERGY CORP,,,0.004818,-0.0316309227446796,0.0002820476660557,1.2054602135522158e-10,-0.000116,5.427605731453663,70.91,103848.0,7363861.68,0.0100000000000051,70.93,70.91
2016-11-15,ATO,32986,ATMOS ENERGY CORP,,,0.007615,0.0328752443909829,0.000139958012596,1.8306839614141151e-10,0.007481,5.606039596333102,71.45,103848.0,7419939.600000001,0.0049999999999954,71.46,71.45
2016-11-16,ATO,32986,ATMOS ENERGY CORP,,,-0.002379,-0.1647027702962678,0.0001402918069585,-6.863275180534429e-11,-0.001582,4.68270934442647,71.28,103848.0,7402285.44,0.0050000000000025,71.31,71.3
2016-11-17,ATO,32986,ATMOS ENERGY CORP,,,-0.00014,-0.208751979271628,0.0001403114915112,-5.10520635683142e-12,0.004676,3.705184500423696,71.27,103848.0,7401246.96,0.0050000000000025,71.29,71.28
2016-11-18,ATO,32986,ATMOS ENERGY CORP,,,0.005051,0.6204103166517663,0.0004188189306156,1.130965722013124e-10,-0.002387,6.003919189584778,71.63,103848.0,7438632.239999999,0.0150000000000005,71.65,71.62
2016-11-21,ATO,32986,ATMOS ENERGY CORP,,,0.016892,-0.0704913431543156,0.0002745744096651,4.00151751037152e-10,0.007461,5.580694861720977,72.84,103848.0,7564288.32,0.0100000000000051,72.87,72.85
2016-11-22,ATO,32986,ATMOS ENERGY CORP,,,-0.006315,-0.0024985160747069,0.0001381597126278,-1.5092278535823508e-10,0.002165,5.566751405900932,72.38,103848.0,7516518.239999999,0.0050000000000025,72.4,72.39
2016-11-23,ATO,32986,ATMOS ENERGY CORP,,,-0.00525,-0.2603858182723977,0.0001397624039134,-1.7161074274620024e-10,0.000808,4.117248285956398,71.55,103848.0,7430324.399999999,0.0050000000000025,71.54,71.53
2016-11-25,ATO,32986,ATMOS ENERGY CORP,,,0.018728,-0.3951137596826704,0.0005487721223762,9.934466523470943e-10,0.003914,2.490466836145135,72.89,103848.0,7569480.72,0.0200000000000031,72.84,72.8
2016-11-28,ATO,32986,ATMOS ENERGY CORP,,,-0.002607,1.486157831651394,0.0001375515818432,-5.576979196808676e-11,-0.005254,6.191693629150296,72.7,103848.0,7549749.600000001,0.0050000000000025,72.7,72.69
2016-11-29,ATO,32986,ATMOS ENERGY CORP,,,0.019945,0.1485314815822829,0.000134861766689,3.6422720874948807e-10,0.001335,7.111355057391572,74.15,103848.0,7700329.2,0.0049999999999954,74.16,74.15
2016-11-30,ATO,32986,ATMOS ENERGY CORP,,,-0.040863,0.3078144888287069,0.0001406074240718,-5.94897105142026e-10,-0.002653,9.289866782090126,71.12,103965.0,7393990.800000001,0.0049999999999954,71.13,71.12
2016-12-01,ATO,32986,ATMOS ENERGY CORP,,,-0.013498,-0.1884717768613438,0.0001425313568983,-2.4545934508257835e-10,-0.003516,7.5389890828644255,70.16,103965.0,7294184.399999999,0.0049999999999954,70.16,70.15
2016-12-02,ATO,32986,ATMOS ENERGY CORP,,,0.018672,-0.2612175949966253,0.0001399188470687,4.5118041631337646e-10,0.000397,5.569672485932766,71.47,103965.0,7430378.55,0.0050000000000025,71.48,71.47
2016-12-05,ATO,32986,ATMOS ENERGY CORP,,,-0.004477,-0.2569117400712545,0.000140548137737,-1.4623622721848547e-10,0.005821,4.138758235944789,71.15,103965.0,7397109.750000001,0.0049999999999954,71.16,71.15
2016-12-06,ATO,32986,ATMOS ENERGY CORP,,,-0.001265,0.0092984666012838,0.0001407261469181,-4.0990998084537e-11,0.003411,4.17724234117251,71.06,103965.0,7387752.9,0.0050000000000025,71.09,71.08
2016-12-07,ATO,32986,ATMOS ENERGY CORP,,,0.017591,0.4562420703359759,0.0001382934587192,3.8466419560407927e-10,0.013163,6.083076035204155,72.31,103965.0,7517709.15,0.0049999999999954,72.3,72.29
2016-12-08,ATO,32986,ATMOS ENERGY CORP,,,0.010925,-0.2870718675831361,0.0002735978112174,3.3147281259232603e-10,0.002159,4.33679603712788,73.1,103965.0,7599841.499999999,0.009999999999998,73.1,73.08
2016-12-09,ATO,32986,ATMOS ENERGY CORP,,,0.001778,-0.3304840587746049,0.0002731121125221,8.043140314052076e-11,0.005939,2.903554080700236,73.23,103965.0,7613356.95,0.009999999999998,73.25,73.23
2016-12-12,ATO,32986,ATMOS ENERGY CORP,,,0.010105,0.6722209707554294,0.0002703798837365,2.7062627282224766e-10,-0.001137,4.855384023469437,73.97,103965.0,7690291.05,0.009999999999998,74.0,73.98
2016-12-13,ATO,32986,ATMOS ENERGY CORP,,,-0.00027,-0.0874046633253432,0.0001352265043947,-7.925681169475822e-12,0.00654,4.431000817582841,73.95,103965.0,7688211.75,0.0049999999999954,73.96,73.95
2016-12-14,ATO,32986,ATMOS ENERGY CORP,,,-0.020825,0.0545055126348854,0.0001381024720343,-5.92036687563711e-10,-0.008117,4.67251478863079,72.41,103965.0,7528105.649999999,0.0050000000000025,72.43,72.42
2016-12-15,ATO,32986,ATMOS ENERGY CORP,,,0.008148,-0.066413052876005,0.0002739726027396,2.46113562379639e-10,0.003883,4.362198816909537,73.0,103965.0,7589445.0,0.009999999999998,73.03,73.01
2016-12-16,ATO,32986,ATMOS ENERGY CORP,,,0.01589,2.5236397392815246,0.0002696871628909,1.340818715309168e-10,-0.001751,15.370817101909296,74.16,103965.0,7710044.399999999,0.009999999999998,74.19,74.17
2016-12-19,ATO,32986,ATMOS ENERGY CORP,,,-0.000674,-0.7020519678328339,0.00013493455674,-1.9101103113388863e-11,0.001975,4.579704708315298,74.11,103965.0,7704846.15,0.0050000000000025,74.09,74.08
2016-12-20,ATO,32986,ATMOS ENERGY CORP,,,0.004183,-0.1218136261391346,0.0002687449610319,1.3442711262009122e-10,0.003638,4.021834271148944,74.42,103965.0,7737075.3,0.009999999999998,74.36,74.34
2016-12-21,ATO,32986,ATMOS ENERGY CORP,,,-0.002016,-0.4416329849568315,0.0001346438669719,-1.1626420345880353e-10,-0.002457,2.2456595969797526,74.27,103965.0,7721480.55,0.0050000000000025,74.28,74.27
2016-12-22,ATO,32986,ATMOS ENERGY CORP,,,0.005251,0.3474707671221142,0.0001339405304045,2.235648884447992e-10,-0.001863,3.025960659837445,74.66,103965.0,7762026.899999999,0.0050000000000025,74.67,74.66
2016-12-23,ATO,32986,ATMOS ENERGY CORP,,,-0.00067,-0.3499748882686891,0.0002680605816915,-4.391341304226034e-11,0.001252,1.9669504160053863,74.61,103965.0,7756828.65,0.0100000000000051,74.65,74.63
2016-12-27,ATO,32986,ATMOS ENERGY CORP,,,0.001608,0.2492542568486118,0.0001338150675764,8.422861396402149e-11,0.002248,2.4572211802048765,74.73,103965.0,7769304.45,0.0049999999999954,74.77,74.76
2016-12-28,ATO,32986,ATMOS ENERGY CORP,,,-0.013917,0.0149805257080226,0.0002714072465734,-7.28363129321994e-10,-0.008357,2.4940316452652334,73.69,103965.0,7661180.85,0.009999999999998,73.69,73.67
2016-12-29,ATO,32986,ATMOS ENERGY CORP,,,0.013028,0.3916086882742235,0.0001339584728732,4.836616896444548e-10,-0.000293,3.470716106381956,74.65,103965.0,7760987.250000001,0.0049999999999954,74.66,74.65
2016-12-30,ATO,32986,ATMOS ENERGY CORP,,,-0.006698,-0.0807936081234255,0.0002697235333784,-2.723420505559225e-10,-0.004637,3.156001712736096,74.15,105095.0,7792794.250000001,0.0100000000000051,74.18,74.16
2017-01-03,ATO,32986,ATMOS ENERGY CORP,,,0.005394,0.3613332127351665,0.0001341381623072,1.6024318534327057e-10,0.008487,4.296369950996717,74.55,105095.0,7834832.25,0.0050000000000025,74.54,74.53
2017-01-04,ATO,32986,ATMOS ENERGY CORP,,,0.005634,0.4713516578189123,0.0001333866880086,1.1311732435822655e-10,0.005722,6.321471050002379,74.97,105095.0,7878972.149999999,0.0050000000000025,75.0,74.99
2017-01-05,ATO,32986,ATMOS ENERGY CORP,,,-0.004935,-0.3998886137682413,0.0002680965147454,-1.6592669189967276e-10,-0.000771,3.793586754840858,74.6,105095.0,7840086.999999999,0.0100000000000051,74.62,74.6
2017-01-06,ATO,32986,ATMOS ENERGY CORP,,,-0.005764,0.280438037859273,0.0001348254011056,-1.5223168381459829e-10,0.003517,4.857452780817356,74.17,105095.0,7794896.15,0.0050000000000025,74.17,74.16
2017-01-09,ATO,32986,ATMOS ENERGY CORP,,,-0.012943,-0.3756949151214314,0.0002731867231252,-5.547240946787913e-10,-0.003549,3.032532470621818,73.21,105095.0,7694004.949999999,0.009999999999998,73.21,73.19
2017-01-10,ATO,32986,ATMOS ENERGY CORP,,,0.001093,0.4405310256538983,0.0004093327875562,3.248368643485358e-11,0.0,4.368457110233599,73.29,105095.0,7702412.550000001,0.0150000000000005,73.29,73.26
2017-01-11,ATO,32986,ATMOS ENERGY CORP,,,0.010915,-0.2625946682988349,0.0002699419624782,4.3515877068751616e-10,0.00283,3.22132356439412,74.09,105095.0,7786488.550000001,0.0100000000000051,74.04,74.02
2017-01-12,ATO,32986,ATMOS ENERGY CORP,,,0.005669,0.4494468977536221,0.0001342101731311,1.5505050335545906e-10,-0.002145,4.669137447071697,74.51,105095.0,7830628.45,0.0050000000000025,74.51,74.5
2017-01-13,ATO,32986,ATMOS ENERGY CORP,,,0.004697,-0.2028151448024568,0.0002671653753672,1.6039579735473528e-10,0.00185,3.722165659641277,74.86,105095.0,7867411.7,0.009999999999998,74.86,74.84
2017-01-17,ATO,32986,ATMOS ENERGY CORP,,,-0.001603,-0.1227897060440051,0.0001337971635,-6.250272567251288e-11,-0.002968,3.265122032446834,74.74,105095.0,7854800.3,0.0049999999999954,74.74,74.73
2017-01-18,ATO,32986,ATMOS ENERGY CORP,,,0.00669,0.1973871332486274,0.0001329080276449,2.1640200080903683e-10,0.001764,3.909615110138446,75.24,105095.0,7907347.8,0.0050000000000025,75.23,75.22
2017-01-19,ATO,32986,ATMOS ENERGY CORP,,,-0.013025,-0.1438810750557947,0.0001346619983841,-4.986233711198531e-10,-0.003609,3.347095485037347,74.26,105095.0,7804354.7,0.0050000000000025,74.26,74.25
2017-01-20,ATO,32986,ATMOS ENERGY CORP,,,0.00606,-0.00694501695744,0.0001338508901084,2.3220439541309415e-10,0.003366,3.323849850135592,74.71,105095.0,7851647.449999999,0.0050000000000025,74.72,74.71
2017-01-23,ATO,32986,ATMOS ENERGY CORP,,,-0.004283,-0.1504265429978243,0.0001344266702512,-1.9400330511422924e-10,-0.00269,2.823854607735858,74.39,105095.0,7818017.05,0.0049999999999954,74.38,74.37
2017-01-24,ATO,32986,ATMOS ENERGY CORP,,,0.010082,0.3962456153356268,0.0001330849081714,3.238092816492079e-10,0.006565,3.942794614396498,75.14,105095.0,7896838.3,0.0050000000000025,75.14,75.13
2017-01-25,ATO,32986,ATMOS ENERGY CORP,,,-0.002129,0.0709948644682987,0.0001333688983727,-6.398182561773081e-11,0.008026,4.222712783671916,74.98,105095.0,7880023.100000001,0.0049999999999954,74.94,74.93
2017-01-26,ATO,32986,ATMOS ENERGY CORP,,,0.009602,-0.1700842297864285,0.0001321003963012,3.4439608620138627e-10,-0.000735,3.504495932251772,75.7,105095.0,7955691.5,0.0050000000000025,75.7,75.69
2017-01-27,ATO,32986,ATMOS ENERGY CORP,,,-0.004756,-0.4275966929582818,0.0002654632333423,-2.994377019565167e-10,-0.000866,2.0059850611351635,75.34,105095.0,7917857.300000001,0.0100000000000051,75.34,75.32
2017-01-30,ATO,32986,ATMOS ENERGY CORP,,,-0.006902,0.2485164999359639,0.0002673082063618,-3.504719104273905e-10,-0.00601,2.504505447452305,74.82,105095.0,7863207.899999999,0.009999999999998,74.8,74.78
2017-01-31,ATO,32986,ATMOS ENERGY CORP,,,0.018177,0.8898070369399456,0.0001312680493566,4.796889805271036e-10,-0.00089,4.733032018649793,76.18,105095.0,8006137.100000001,0.0049999999999954,76.19,76.18
2017-02-01,ATO,32986,ATMOS ENERGY CORP,,,-0.021265,-0.3037746925121326,0.0001341201716738,-8.23546612374219e-10,0.000298,3.2952566725343737,74.56,105095.0,7835883.2,0.0050000000000025,74.56,74.55
2017-02-02,ATO,32986,ATMOS ENERGY CORP,,,0.006974,0.2624806895456448,0.000133191262653,2.1245239555350384e-10,0.00057,4.160197916171083,75.08,105095.0,7890532.6,0.0049999999999954,75.05,75.04
2017-02-03,ATO,32986,ATMOS ENERGY CORP,,,0.010655,-0.4217000292761472,0.0002635740643122,5.553629648644458e-10,0.007265,2.4058423331271706,75.88,105095.0,7974608.6,0.0100000000000051,75.87,75.85
2017-02-06,ATO,32986,ATMOS ENERGY CORP,,,-0.008434,0.4386296580473181,0.0001329080276449,-3.0816732147070525e-10,-0.002115,3.4611161330225038,75.24,105095.0,7907347.8,0.0050000000000025,75.26,75.25
2017-02-07,ATO,32986,ATMOS ENERGY CORP,,,0.009702,0.4574593260132069,0.0003948927208108,2.4089316302186707e-10,0.000227,5.044435986488415,75.97,105095.0,7984067.149999999,0.0150000000000005,76.0,75.97
2017-02-08,ATO,32986,ATMOS ENERGY CORP,,,-0.00645,0.5371907685633175,0.0001324854266031,-1.0485892128562865e-10,0.000693,7.754260431038584,75.48,105095.0,7932570.600000001,0.0050000000000025,75.48,75.47
2017-02-09,ATO,32986,ATMOS ENERGY CORP,,,-0.004372,-0.5312282957883706,0.0001330671989355,-1.5228858162333754e-10,0.005752,3.634977877158761,75.15,105095.0,7897889.250000001,0.0050000000000025,75.15,75.14
2017-02-10,ATO,32986,ATMOS ENERGY CORP,,,0.003992,-0.0838232753430466,0.0002650762094101,1.511709030911125e-10,0.003566,3.330282125695799,75.45,105095.0,7929417.75,0.009999999999998,75.45,75.43
2017-02-13,ATO,32986,ATMOS ENERGY CORP,,,0.002386,-0.3481125498577126,0.0002644453259288,1.3827403546364144e-10,0.005246,2.1709691231742707,75.63,105095.0,7948334.85,0.009999999999998,75.63,75.61
2017-02-14,ATO,32986,ATMOS ENERGY CORP,,,-0.005157,0.5783492141410778,0.0001329080276449,-1.903310068130263e-10,0.004007,3.426547409486655,75.24,105095.0,7907347.8,0.0050000000000025,75.25,75.24
2017-02-15,ATO,32986,ATMOS ENERGY CORP,,,0.005981,-0.1481035119531925,0.0001321178491212,2.575785355566029e-10,0.004992,2.919063704267568,75.69,105095.0,7954640.55,0.0049999999999954,75.69,75.68
2017-02-16,ATO,32986,ATMOS ENERGY CORP,,,0.002774,0.0862477548984774,0.0001317523056654,1.0967563600660144e-10,-0.000864,3.1708263951662783,75.9,105095.0,7976710.500000001,0.0050000000000025,75.92,75.91
2017-02-17,ATO,32986,ATMOS ENERGY CORP,,,0.001845,0.2170880871929372,0.0001315097317202,5.982431456769854e-11,0.001679,3.859175032113802,76.04,105095.0,7991423.800000001,0.0050000000000025,76.04,76.03
2017-02-21,ATO,32986,ATMOS ENERGY CORP,,,0.013151,0.0477932836924896,0.0001298026998962,4.016893916506743e-10,0.006048,4.04361767924259,77.04,105095.0,8096518.800000001,0.0050000000000025,77.03,77.02
2017-02-22,ATO,32986,ATMOS ENERGY CORP,,,0.002726,-0.0579202002993194,0.0001294498381877,8.814293965272295e-11,-0.001082,3.80941053332699,77.25,105095.0,8118588.75,0.0050000000000025,77.26,77.25
2017-02-23,ATO,32986,ATMOS ENERGY CORP,,,0.012686,-0.0965954789559135,0.0003857032656209,4.5095652557134434e-10,0.000419,3.441438698320567,77.78,105095.0,8174289.100000001,0.0150000000000005,77.78,77.75
2017-02-24,ATO,32986,ATMOS ENERGY CORP,,,0.005143,-0.1297894812512787,0.0002558199027883,2.090135478688379e-10,0.001493,2.9947761549074645,78.18,105095.0,8216327.100000001,0.009999999999998,78.2,78.18
2017-02-27,ATO,32986,ATMOS ENERGY CORP,,,0.001151,-0.1085385847186213,0.0002555257442186,5.241203449982327e-11,0.001018,2.6697273895047338,78.27,105095.0,8225785.649999999,0.009999999999998,78.25,78.23
2017-02-28,ATO,32986,ATMOS ENERGY CORP,,,0.000256,0.8981769580326115,0.0003831907012389,6.1397120511358655e-12,-0.002578,5.063760399334442,78.29,105175.0,8234150.750000001,0.0150000000000005,78.29,78.26
2017-03-01,ATO,32986,ATMOS ENERGY CORP,,,0.004215,-0.2304719845431962,0.0003815822945815,1.3081406315869068e-10,0.013674,3.8967054908485856,78.62,105175.0,8268858.500000001,0.0150000000000005,78.59,78.56
2017-03-02,ATO,32986,ATMOS ENERGY CORP,,,0.002798,-0.0921832147493143,0.00025367833587,9.538778890336219e-11,-0.00586,3.5374946517708583,78.84,105175.0,8291997.0,0.009999999999998,78.86,78.84
2017-03-03,ATO,32986,ATMOS ENERGY CORP,,,-0.005581,-0.0747602511449889,0.0003826530612245,-2.0679182459322368e-10,0.000504,3.2730306631804136,78.4,105175.0,8245720.000000001,0.0150000000000005,78.49,78.46
2017-03-06,ATO,32986,ATMOS ENERGY CORP,,,-0.003444,-0.2822847946642033,0.0001279918085241,-1.7841467640661536e-10,-0.003277,2.3491038744948893,78.13,105175.0,8217322.749999999,0.0049999999999954,78.13,78.12
2017-03-07,ATO,32986,ATMOS ENERGY CORP,,,-0.001536,0.1287707383017562,0.0003845660812716,-7.060256080029384e-11,-0.002913,2.651599714761113,78.01,105175.0,8204701.750000001,0.0150000000000005,78.04,78.01
2017-03-08,ATO,32986,ATMOS ENERGY CORP,,,-0.01769,0.1520499709554579,0.0001304971943102,-7.185172610538904e-10,-0.002284,3.05477537437604,76.63,105175.0,8059560.249999999,0.0049999999999954,76.63,76.62
2017-03-09,ATO,32986,ATMOS ENERGY CORP,,,-0.004959,0.0366589269373704,0.0001311475409836,-1.952659716263856e-10,0.0008,3.1667601616353696,76.25,105175.0,8019593.75,0.0050000000000025,76.25,76.24
2017-03-10,ATO,32986,ATMOS ENERGY CORP,,,0.020721,0.4003975211971273,0.000128485159964,5.708009055350186e-10,0.003269,4.434723080579985,77.83,105175.0,8185770.25,0.0050000000000025,77.83,77.82
2017-03-13,ATO,32986,ATMOS ENERGY CORP,,,0.003983,-0.326714863364078,0.0002559508574353,1.6231507079865118e-10,0.000367,2.9858331352507723,78.14,105175.0,8218374.5,0.009999999999998,78.14,78.12
2017-03-14,ATO,32986,ATMOS ENERGY CORP,,,0.002432,0.3232665148789146,0.000255330014043,7.471538990943886e-11,-0.003379,3.951053006893273,78.33,105175.0,8238357.75,0.009999999999998,78.33,78.31
2017-03-15,ATO,32986,ATMOS ENERGY CORP,,,0.020682,0.1555352880024643,0.0001250781738585,5.38722948810321e-10,0.008375,4.5655811742334205,79.95,105175.0,8408741.25,0.0049999999999954,79.96,79.95
2017-03-16,ATO,32986,ATMOS ENERGY CORP,,,-0.006129,-0.1996897029269968,0.0002516989680341,-2.0071233643273328e-10,-0.001627,3.653881625861659,79.46,105175.0,8357205.499999999,0.009999999999998,79.46,79.44
2017-03-17,ATO,32986,ATMOS ENERGY CORP,,,0.005915,2.090307756761047,0.000250218941574,6.231264838419308e-11,-0.001314,11.29161873068695,79.93,105175.0,8406637.75,0.0100000000000051,79.93,79.91
2017-03-20,ATO,32986,ATMOS ENERGY CORP,,,-0.015764,-0.7488245160812264,0.0001271132579128,-6.717556102976528e-10,-0.00201,2.836177798906584,78.67,105175.0,8274117.25,0.0050000000000025,78.67,78.66
2017-03-21,ATO,32986,ATMOS ENERGY CORP,,,0.015635,0.5545785212625085,0.000250312891114,4.2198058459098503e-10,-0.012408,4.409061088661754,79.9,105175.0,8403482.5,0.0100000000000051,79.87,79.85
2017-03-22,ATO,32986,ATMOS ENERGY CORP,,,-0.000375,-0.0338003506403606,0.0001252034556154,-1.0479053821293119e-11,0.00189,4.260033277870217,79.87,105175.0,8400327.25,0.0050000000000025,79.84,79.83
2017-03-23,ATO,32986,ATMOS ENERGY CORP,,,0.003506,-0.2640693317025593,0.0001247660636305,1.3266182611058272e-10,-0.00106,3.1350891371523653,80.15,105175.0,8429776.25,0.0049999999999954,80.16,80.15
2017-03-24,ATO,32986,ATMOS ENERGY CORP,,,-0.000125,-0.1434645607203404,0.0002495632642874,-5.522718716971601e-12,-0.000844,2.68531495127169,80.14,105175.0,8428724.5,0.009999999999998,80.16,80.14
2017-03-27,ATO,32986,ATMOS ENERGY CORP,,,0.002121,-0.0705454133442859,0.000124517494708,1.0060860264060042e-10,-0.00102,2.4958782980746377,80.31,105175.0,8446604.25,0.0050000000000025,80.29,80.28
2017-03-28,ATO,32986,ATMOS ENERGY CORP,,,0.001121,0.2854166031755707,0.0001243781094526,4.132089628171943e-11,0.007251,3.208243403850725,80.4,105175.0,8456070.0,0.0049999999999954,80.41,80.4
2017-03-29,ATO,32986,ATMOS ENERGY CORP,,,-0.006841,0.0293663518331372,0.0001252348152787,-2.4665781010929684e-10,0.001085,3.3024578084145477,79.85,105175.0,8398223.75,0.0050000000000025,79.86,79.85
2017-03-30,ATO,32986,ATMOS ENERGY CORP,,,-0.010645,0.3538302968883156,0.000126582278481,-2.865527278823692e-10,0.002935,4.470967435227003,79.0,105175.0,8308825.0,0.0050000000000025,79.0,78.99
2017-03-31,ATO,32986,ATMOS ENERGY CORP,,,-0.000127,0.0409710909887417,0.0001265983035827,-3.284572942800197e-12,-0.002255,4.6497269057231065,78.99,105275.0,8315672.249999999,0.0050000000000025,78.98,78.97
2017-04-03,ATO,32986,ATMOS ENERGY CORP,,,-0.001139,-0.1662778345250255,0.0001267427122941,-3.537306375605297e-11,-0.001642,3.87658038470672,78.9,105275.0,8306197.500000001,0.0050000000000025,78.89,78.88
2017-04-04,ATO,32986,ATMOS ENERGY CORP,,,0.009506,-0.0118473831617688,0.0002510985561834,2.9594701281994144e-10,0.00056,3.830653051531703,79.65,105275.0,8385153.750000001,0.0100000000000051,79.65,79.63
2017-04-05,ATO,32986,ATMOS ENERGY CORP,,,0.004771,-0.1841065087583566,0.0002499062851431,1.8118617718570107e-10,-0.003055,3.1254048919496555,80.03,105275.0,8425158.25,0.0100000000000051,80.01,79.99
2017-04-06,ATO,32986,ATMOS ENERGY CORP,,,0.003998,-0.3181441036753822,0.0001244555071562,2.2178530664743515e-10,0.001929,2.1310757539776777,80.35,105275.0,8458846.25,0.0050000000000025,80.34,80.33
2017-04-07,ATO,32986,ATMOS ENERGY CORP,,,-0.002862,-0.1775492647615991,0.0002496255616576,-1.93595232246473e-10,-0.000827,1.7527048207076703,80.12,105275.0,8434633.0,0.0100000000000051,80.12,80.1
2017-04-10,ATO,32986,ATMOS ENERGY CORP,,,0.001498,0.088003208393852,0.0001246261216351,9.299437630601227e-11,0.000688,1.9069484682973168,80.24,105275.0,8447266.0,0.0050000000000025,80.23,80.22
2017-04-11,ATO,32986,ATMOS ENERGY CORP,,,0.003116,0.517982207079311,0.0003727171077152,1.2703536310513962e-10,-0.001434,2.8947138446924723,80.49,105275.0,8473584.75,0.0150000000000005,80.52,80.49
2017-04-12,ATO,32986,ATMOS ENERGY CORP,,,0.0,-0.0549056411838249,0.0002484780718102,0.0,-0.00376,2.7357777250059367,80.49,105275.0,8473584.75,0.0100000000000051,80.51,80.49
2017-04-13,ATO,32986,ATMOS ENERGY CORP,,,-0.004224,0.0874243513223544,0.000374298190892,-1.6827332234186648e-10,-0.006815,2.9749513179767275,80.15,105275.0,8437791.25,0.0150000000000005,80.11,80.08
2017-04-17,ATO,32986,ATMOS ENERGY CORP,,,0.010605,-0.4088055736490542,0.0002469135802468,7.071152597873452e-10,0.008613,1.7587746378532416,81.0,105275.0,8527275.0,0.009999999999998,81.0,80.98
2017-04-18,ATO,32986,ATMOS ENERGY CORP,,,-0.002222,0.7796926899084551,0.000123731749567,-8.343432322195024e-11,-0.002903,3.1300783661838043,80.82,105275.0,8508325.5,0.0050000000000025,80.83,80.82
2017-04-19,ATO,32986,ATMOS ENERGY CORP,,,-0.009404,-0.1553810250698746,0.0003747189607794,-4.220420654514647e-10,-0.001716,2.6437235810971265,80.06,105275.0,8428316.5,0.0150000000000005,80.09,80.06
2017-04-20,ATO,32986,ATMOS ENERGY CORP,,,-0.001749,-0.0873676873216967,0.0002502502502502,-8.615831522737766e-11,0.007557,2.412747565898836,79.92,105275.0,8413578.0,0.009999999999998,79.92,79.9
2017-04-21,ATO,32986,ATMOS ENERGY CORP,,,-0.001126,0.5194762245966567,0.0001252661906552,-3.6546114957297595e-11,-0.003035,3.666112562336737,79.83,105275.0,8404103.25,0.0050000000000025,79.83,79.82
2017-04-24,ATO,32986,ATMOS ENERGY CORP,,,0.002255,-0.0269413136416634,0.0001249843769527,7.504680311348265e-11,0.01084,3.567342673949181,80.01,105275.0,8423052.75,0.0049999999999954,79.99,79.98
2017-04-25,ATO,32986,ATMOS ENERGY CORP,,,0.005624,-0.2839473628152692,0.0001242853591845,2.599263187455834e-10,0.006091,2.55440512942294,80.46,105275.0,8470426.5,0.0049999999999954,80.46,80.45
2017-04-26,ATO,32986,ATMOS ENERGY CORP,,,0.010067,0.5031292415819124,0.0001230466346746,3.0644917575061994e-10,-0.000486,3.8396010448824502,81.27,105275.0,8555699.25,0.0050000000000025,81.28,81.27
2017-04-27,ATO,32986,ATMOS ENERGY CORP,,,0.0016,-0.251072451721118,0.0002457002457003,6.49298531548876e-11,0.000553,2.8755829969128475,81.4,105275.0,8569385.0,0.0100000000000051,81.4,81.38
2017-04-28,ATO,32986,ATMOS ENERGY CORP,,,-0.004668,1.947744997968467,0.0001234263144903,-6.456505723467424e-11,-0.001913,8.476485395393018,81.02,105275.0,8529380.5,0.0050000000000025,81.01,81.0
2017-05-01,ATO,32986,ATMOS ENERGY CORP,,,-0.003826,-0.5988993256100104,0.0002478007681823,-1.3244121553637908e-10,0.001732,3.3999240085490383,80.71,105275.0,8496745.25,0.009999999999998,80.71,80.69
2017-05-02,ATO,32986,ATMOS ENERGY CORP,,,0.000124,-0.2555493159219617,0.0001238850346878,5.765143718654053e-12,0.001189,2.5310757539776776,80.72,105275.0,8497798.0,0.0050000000000025,80.7,80.69
2017-05-03,ATO,32986,ATMOS ENERGY CORP,,,-0.007557,-0.111709493768272,0.0003744850830108,-3.985449185672396e-10,-0.001271,2.248330562811684,80.11,105275.0,8433580.25,0.0150000000000005,80.11,80.08
2017-05-04,ATO,32986,ATMOS ENERGY CORP,,,0.015853,0.8294499626097942,0.0001228803145736,4.498708199047996e-10,0.000582,4.113208264070292,81.38,105275.0,8567279.5,0.0050000000000025,81.36,81.35
2017-05-05,ATO,32986,ATMOS ENERGY CORP,,,0.009708,-0.176971857982809,0.0002433978337594,3.315093985362901e-10,0.004089,3.385286155307528,82.17,105275.0,8650446.75,0.0100000000000051,82.18,82.16
2017-05-08,ATO,32986,ATMOS ENERGY CORP,,,-0.003164,-0.2061865505378999,0.0001220852154802,-1.3654017680202558e-10,3.8e-05,2.6872856803609597,81.91,105275.0,8623075.25,0.0049999999999954,81.91,81.9
2017-05-09,ATO,32986,ATMOS ENERGY CORP,,,-0.016604,0.1701142437010434,0.0001241464928614,-6.227013767554658e-10,-0.001025,3.144431251484208,80.55,105275.0,8479901.25,0.0049999999999954,80.55,80.54
2017-05-10,ATO,32986,ATMOS ENERGY CORP,,,0.004221,-0.2820680905053923,0.0001236246754852,2.1956843485491382e-10,0.001131,2.2574875326525765,80.89,105275.0,8515694.75,0.0050000000000025,80.87,80.86
2017-05-11,ATO,32986,ATMOS ENERGY CORP,,,-0.001236,0.4763503704919274,0.0002475553905187,-4.3603446151799807e-11,-0.002163,3.3328425552125385,80.79,105275.0,8505167.25,0.0100000000000051,80.73,80.71
2017-05-12,ATO,32986,ATMOS ENERGY CORP,,,0.006808,0.0794750117566585,0.0001229407425621,2.2098497039278556e-10,-0.001478,3.597720256471147,81.34,105275.0,8563068.5,0.0050000000000025,81.33,81.32
2017-05-15,ATO,32986,ATMOS ENERGY CORP,,,0.000246,-0.1569980198019802,0.0002458210422813,9.469846314002752e-12,0.004776,3.0328853004037044,81.36,105275.0,8565174.0,0.0100000000000051,81.29,81.27
2017-05-16,ATO,32986,ATMOS ENERGY CORP,,,-0.01266,-0.2049410091860928,0.0001244864932155,-6.208337945369955e-10,-0.000687,2.4113227261933035,80.33,105275.0,8456740.75,0.0050000000000025,80.31,80.3
2017-05-17,ATO,32986,ATMOS ENERGY CORP,,,0.002739,0.6580999952728361,0.0001241464928614,8.078582790413637e-11,-0.018178,3.998214200902399,80.55,105275.0,8479901.25,0.0049999999999954,80.55,80.54
2017-05-18,ATO,32986,ATMOS ENERGY CORP,,,0.003228,-0.2218135857376363,0.0001244400199104,1.2263618897712137e-10,0.003687,3.111355972453099,80.36,105275.0,8459899.0,0.0050000000000025,80.36,80.35
2017-05-19,ATO,32986,ATMOS ENERGY CORP,,,0.00896,-0.253159842221598,0.0002466699555993,4.5174323297006354e-10,0.006767,2.3236855853716456,81.08,105275.0,8535697.0,0.009999999999998,81.1,81.08
2017-05-22,ATO,32986,ATMOS ENERGY CORP,,,0.00555,0.6181640545158733,0.0001226542377039,1.7196908367080935e-10,0.00516,3.760104488245073,81.53,105275.0,8583070.75,0.0050000000000025,81.53,81.52
2017-05-23,ATO,32986,ATMOS ENERGY CORP,,,0.006869,-0.1612676679003145,0.000121817517359,2.5203143500727235e-10,0.001838,3.153721206364284,82.09,105275.0,8642024.75,0.0050000000000025,82.08,82.07
2017-05-24,ATO,32986,ATMOS ENERGY CORP,,,0.000853,-0.1299426519842895,0.0002434274586174,3.5941166873322616e-11,0.002489,2.743918309190216,82.16,105275.0,8649394.0,0.0100000000000051,82.15,82.13
2017-05-25,ATO,32986,ATMOS ENERGY CORP,,,0.011441,0.2345551224443167,0.0001203369434416,3.8606110406166887e-10,0.004442,3.38751840417953,83.1,105275.0,8748352.5,0.0050000000000025,83.11,83.1
2017-05-26,ATO,32986,ATMOS ENERGY CORP,,,-0.003008,0.0366018826709588,0.00012070006035,-9.821242000597574e-11,0.000311,3.5115079553550226,82.85,105275.0,8722033.75,0.0050000000000025,82.86,82.85
2017-05-30,ATO,32986,ATMOS ENERGY CORP,,,0.004104,-0.2441773021635278,0.0001202067556195,1.7656206159562663e-10,-0.001205,2.6540774162906677,83.19,105275.0,8757827.25,0.0049999999999954,83.21,83.2
2017-05-31,ATO,32986,ATMOS ENERGY CORP,,,0.001442,2.626041487716887,0.0001200336094106,1.708427369923709e-11,-0.00046,9.622606564850695,83.31,105288.0,8771543.28,0.0050000000000025,83.31,83.3
2017-06-01,ATO,32986,ATMOS ENERGY CORP,,,0.013324,-0.5326029344269576,0.0003553660270076,3.3329721846346057e-10,0.007571,4.497578071575108,84.42,105288.0,8888412.96,0.0149999999999934,84.46,84.43
2017-06-02,ATO,32986,ATMOS ENERGY CORP,,,0.005449,-0.4073564907790455,0.0001178133836002,2.2874958656734203e-10,0.003708,2.665460451333485,84.88,105288.0,8936845.44,0.0049999999999954,84.88,84.87
2017-06-05,ATO,32986,ATMOS ENERGY CORP,,,-0.011781,-0.067456287570241,0.0001192179303767,-5.366651781621796e-10,-0.001218,2.485658384621229,83.88,105288.0,8831557.44,0.0050000000000025,83.89,83.88
2017-06-06,ATO,32986,ATMOS ENERGY CORP,,,0.002623,0.6115089220893355,0.0001189060642091,7.395188748279244e-11,-0.002779,4.005660664083276,84.1,105288.0,8854720.799999999,0.0049999999999954,84.1,84.09
2017-06-07,ATO,32986,ATMOS ENERGY CORP,,,-0.003686,-0.1299472670884035,0.0001193459840075,-1.19884913202365e-10,0.001568,3.485136007902135,83.79,105288.0,8822081.520000001,0.0049999999999954,83.8,83.79
2017-06-08,ATO,32986,ATMOS ENERGY CORP,,,-0.002984,0.1974393843185453,0.0002394062724442,-8.129282246535038e-11,0.000267,4.173239115568726,83.54,105288.0,8795759.520000001,0.009999999999998,83.57,83.55
2017-06-09,ATO,32986,ATMOS ENERGY CORP,,,0.001197,-0.2973267606146675,0.0001195600191294,4.6352649854132274e-11,-0.00083,2.9324234480662565,83.64,105288.0,8806288.32,0.0049999999999954,83.63,83.62
2017-06-12,ATO,32986,ATMOS ENERGY CORP,,,0.003109,0.0217361027889968,0.000119189511323,1.1746661722665888e-10,-0.000979,2.9961629055542893,83.9,105288.0,8833663.200000001,0.0050000000000025,83.92,83.91
2017-06-13,ATO,32986,ATMOS ENERGY CORP,,,0.005125,0.1258796677867242,0.00023716352425,1.7111004051314838e-10,0.004511,3.3733188967403693,84.33,105288.0,8878937.04,0.0100000000000051,84.37,84.35
2017-06-14,ATO,32986,ATMOS ENERGY CORP,,,0.009012,-0.0174367204437311,0.0001175226231048,3.0349102646357457e-10,-0.000996,3.314499278170352,85.09,105288.0,8958955.92,0.0049999999999954,85.1,85.09
2017-06-15,ATO,32986,ATMOS ENERGY CORP,,,0.000118,0.0414927058230198,0.0002350176263219,3.815042756913878e-12,-0.00224,3.452026821670086,85.1,105288.0,8960008.799999999,0.009999999999998,85.1,85.08
2017-06-16,ATO,32986,ATMOS ENERGY CORP,,,0.00517,0.8232170518108057,0.0001169043722235,9.120736008239572e-11,0.000284,6.29379416457716,85.54,105288.0,9006335.520000001,0.0050000000000025,85.54,85.53
2017-06-19,ATO,32986,ATMOS ENERGY CORP,,,-0.005611,-0.575897781822078,0.0001175640724195,-2.3472153401900045e-10,0.008347,2.6692120659524354,85.06,105288.0,8955797.28,0.0050000000000025,85.06,85.05
2017-06-20,ATO,32986,ATMOS ENERGY CORP,,,-0.005878,1.4019520630808864,0.0001182592242193,-1.0297654491428696e-10,-0.006697,6.411319428614847,84.56,105288.0,8903153.28,0.0049999999999954,84.55,84.54
2017-06-21,ATO,32986,ATMOS ENERGY CORP,,,-0.008042,-0.6812831927233403,0.0001192179303766,-4.45629968667481e-10,-0.000583,2.043395258718942,83.88,105288.0,8831557.44,0.0049999999999954,83.88,83.87
2017-06-22,ATO,32986,ATMOS ENERGY CORP,,,-0.005126,0.1042645657579772,0.0001198322348712,-2.585519793370867e-10,-0.000456,2.2564489780411825,83.45,105288.0,8786283.6,0.0050000000000025,83.5,83.49
2017-06-23,ATO,32986,ATMOS ENERGY CORP,,,0.000719,1.3022809447042434,0.0001197461381871,1.5740832360971875e-11,0.001561,5.194979484841578,83.51,105288.0,8792600.88,0.0050000000000025,83.48,83.47
2017-06-26,ATO,32986,ATMOS ENERGY CORP,,,0.00958,-0.1290713002016568,0.000118609892065,2.3852895452970124e-10,0.000316,4.524456728212142,84.31,105288.0,8876831.28,0.0050000000000025,84.31,84.3
2017-06-27,ATO,32986,ATMOS ENERGY CORP,,,-0.009726,-0.1143142634627213,0.0001197748233321,-2.7610536049402147e-10,-0.008073,4.007246789757617,83.49,105288.0,8790495.12,0.0050000000000025,83.53,83.52
2017-06-28,ATO,32986,ATMOS ENERGY CORP,,,-0.001677,-0.046205989358046,0.0002399520095982,-4.9997455406786545e-11,0.008808,3.8220879872350126,83.35,105288.0,8775754.799999999,0.0100000000000051,83.37,83.35
2017-06-29,ATO,32986,ATMOS ENERGY CORP,,,-0.007199,0.3588961781223596,0.0001208459214502,-1.5908833522349714e-10,-0.0086,5.193820758301041,82.75,105288.0,8712582.0,0.0050000000000025,82.75,82.74
2017-06-30,ATO,32986,ATMOS ENERGY CORP,,,0.002417,-0.3029494538691809,0.0001205545509341,7.644166787559623e-11,0.001533,3.620355596079325,82.95,105288.0,8733639.6,0.0049999999999954,82.94,82.93
2017-07-03,ATO,32986,ATMOS ENERGY CORP,,,0.0,-0.3993651293352221,0.0002411091018685,0.0,0.002311,2.17451181521161,82.95,105288.0,8733639.6,0.009999999999998,82.97,82.95
2017-07-05,ATO,32986,ATMOS ENERGY CORP,,,-0.003255,0.8424896265560167,0.0001209482341556,-9.332646707434327e-11,0.001453,4.006515462350885,82.68,105288.0,8705211.84,0.0049999999999954,82.66,82.65
2017-07-06,ATO,32986,ATMOS ENERGY CORP,,,0.000363,0.1850781579658542,0.0001209043646476,8.779219574497391e-12,-0.009369,4.7480339639845,82.71,105288.0,8708370.479999999,0.0050000000000025,82.72,82.71
2017-07-07,ATO,32986,ATMOS ENERGY CORP,,,0.011728,-0.2235717957796488,0.0002390057361376,3.61084037334316e-10,0.006403,3.686507484233721,83.68,105288.0,8810499.84,0.009999999999998,83.7,83.68
2017-07-10,ATO,32986,ATMOS ENERGY CORP,,,-0.003705,0.7140218217418748,0.0002398944464435,-6.67987088373179e-11,0.000928,6.318754273991338,83.37,105288.0,8777860.56,0.009999999999998,83.39,83.37
2017-07-11,ATO,32986,ATMOS ENERGY CORP,,,-0.011395,-0.4529099383876781,0.0001213297743266,-3.798503675964514e-10,-0.000783,3.4569276650710434,82.42,105288.0,8677836.96,0.0050000000000025,82.45,82.44
2017-07-12,ATO,32986,ATMOS ENERGY CORP,,,0.016137,-0.1278446478172831,0.0002388059701492,6.069808153796306e-10,0.007306,3.0149779652002127,83.75,105288.0,8817870.0,0.009999999999998,83.77,83.75
2017-07-13,ATO,32986,ATMOS ENERGY CORP,,,-0.006209,-0.1193954152110156,0.0002402979694822,-2.66868800979237e-10,0.001875,2.6550034191930703,83.23,105288.0,8763120.24,0.0100000000000051,83.23,83.21
2017-07-14,ATO,32986,ATMOS ENERGY CORP,,,0.006728,0.2807684052371753,0.0001193459840076,2.2427415338645496e-10,0.004674,3.4004444950991566,83.79,105288.0,8822081.520000001,0.0050000000000025,83.93,83.92
2017-07-17,ATO,32986,ATMOS ENERGY CORP,,,0.002506,-0.2618022154815572,0.0001190476190475,1.1287934396291001e-10,-5.3e-05,2.5102005926601323,84.0,105288.0,8844192.0,0.0049999999999954,84.02,84.01
2017-07-18,ATO,32986,ATMOS ENERGY CORP,,,0.000952,-0.1033924341831444,0.0001189343482398,4.7780923805856735e-11,0.000598,2.250664843097029,84.08,105288.0,8852615.04,0.0050000000000025,84.03,84.02
2017-07-19,ATO,32986,ATMOS ENERGY CORP,,,0.006066,0.1742007359643496,0.0001182172833667,2.577219030875981e-10,0.005373,2.642732315173619,84.59,105288.0,8906311.92,0.0049999999999954,84.6,84.59
2017-07-20,ATO,32986,ATMOS ENERGY CORP,,,0.011112,1.4286571691440728,0.0001169180404535,1.922540491678177e-10,-0.000154,6.418290783375124,85.53,105288.0,9005282.64,0.0049999999999954,85.52,85.51
2017-07-21,ATO,32986,ATMOS ENERGY CORP,,,0.008067,-0.7388826655262375,0.0001159823706797,5.302370486938824e-10,-0.000368,1.6759269812324291,86.22,105288.0,9077931.36,0.0050000000000025,86.22,86.21
2017-07-24,ATO,32986,ATMOS ENERGY CORP,,,-0.003132,0.155728089314556,0.0001163467132052,-1.7868423399686284e-10,-0.001064,1.9369158878504675,85.95,105288.0,9049503.6,0.0049999999999954,85.96,85.95
2017-07-25,ATO,32986,ATMOS ENERGY CORP,,,0.011053,1.4750360410721115,0.0001150747986189,2.519934361056177e-10,0.002923,4.793936630955095,86.9,105288.0,9149527.2,0.0049999999999954,86.91,86.9
2017-07-26,ATO,32986,ATMOS ENERGY CORP,,,-0.001496,-0.4440488643748118,0.0001152472052553,-6.144042473509342e-11,0.000283,2.6651945140946736,86.77,105288.0,9135839.76,0.0050000000000025,86.79,86.78
2017-07-27,ATO,32986,ATMOS ENERGY CORP,,,0.002881,-0.0918168438383111,0.0001149161112388,1.2991010974344328e-10,-0.000973,2.42048476559532,87.02,105288.0,9162161.76,0.0050000000000025,87.04,87.03
2017-07-28,ATO,32986,ATMOS ENERGY CORP,,,-0.005171,-0.1350373556002009,0.0001155134573178,-2.709745718855656e-10,-0.001341,2.093628903578755,86.57,105288.0,9114782.16,0.0050000000000025,86.58,86.57
2017-07-31,ATO,32986,ATMOS ENERGY CORP,,,0.002195,1.5708874311585328,0.0001152604887043,4.4642996643141965e-11,-0.000728,5.343003412969283,86.76,106066.0,9202286.16,0.0049999999999954,86.74,86.73
2017-08-01,ATO,32986,ATMOS ENERGY CORP,,,0.007146,-0.3870226623446519,0.0002288853284504,2.3542084298031403e-10,0.002449,3.27514000716535,87.38,106066.0,9268047.08,0.009999999999998,87.35,87.33
2017-08-02,ATO,32986,ATMOS ENERGY CORP,,,0.014992,-0.1133366534151263,0.0002255045664674,5.488075810006695e-10,0.000493,2.903946599287236,88.69,106066.0,9406993.54,0.009999999999998,87.6,87.58
2017-08-03,ATO,32986,ATMOS ENERGY CORP,,,-0.014432,0.7270380831791177,0.0003432101590207,-3.1038353056467896e-10,-0.002184,5.0152263684875455,87.41,106066.0,9271229.06,0.0150000000000005,87.44,87.41
2017-08-04,ATO,32986,ATMOS ENERGY CORP,,,-0.002517,-0.3073701228510466,0.0002293841036815,-7.835172917327669e-11,0.001889,3.47369562347972,87.19,106066.0,9247894.54,0.009999999999998,87.19,87.17
2017-08-07,ATO,32986,ATMOS ENERGY CORP,,,-0.003556,-0.2123162188790064,0.0001151012891343,-1.41033435267668e-10,0.001647,2.736173703165953,86.88,106066.0,9215014.08,0.0049999999999954,86.88,86.87
2017-08-08,ATO,32986,ATMOS ENERGY CORP,,,0.008172,0.4683975673207794,0.0001141682840505,2.1893254204782918e-10,-0.002414,4.017790809495974,87.59,106066.0,9290320.94,0.0049999999999954,87.55,87.54
2017-08-09,ATO,32986,ATMOS ENERGY CORP,,,-0.001827,0.147945211908455,0.0001143772160586,-4.2716277200436466e-11,-0.000364,4.612203722210699,87.43,106066.0,9273350.38,0.0050000000000025,87.34,87.33
2017-08-10,ATO,32986,ATMOS ENERGY CORP,,,0.002745,-0.5436019771135614,0.0003421923120794,1.4023709765020695e-10,-0.014474,2.105000659966436,87.67,106066.0,9298806.22,0.0150000000000005,87.69,87.66
2017-08-11,ATO,32986,ATMOS ENERGY CORP,,,-0.005817,0.1783901929958928,0.0001147315282238,-2.5366718853003507e-10,0.001276,2.4805121339543303,87.16,106066.0,9244712.56,0.0049999999999954,87.16,87.15
2017-08-14,ATO,32986,ATMOS ENERGY CORP,,,0.006654,-0.1829698439364799,0.0001139731023479,3.5280077736804066e-10,0.010044,2.026653215922161,87.74,106066.0,9306230.84,0.0050000000000025,87.72,87.71
2017-08-15,ATO,32986,ATMOS ENERGY CORP,,,0.000456,0.651761498704404,0.0002278423331054,1.46307400553854e-11,-0.000499,3.34754775328569,87.78,106066.0,9310473.48,0.009999999999998,87.83,87.81
2017-08-16,ATO,32986,ATMOS ENERGY CORP,,,0.007063,-0.3094848490822703,0.0001131221719455,3.2588228834607473e-10,0.00142,2.311532442064375,88.4,106066.0,9376234.4,0.0049999999999954,88.44,88.43
2017-08-17,ATO,32986,ATMOS ENERGY CORP,,,-0.005543,0.1828816151728356,0.000114337983078,-2.185334589143366e-10,-0.015437,2.7342692285935173,87.46,106066.0,9276532.36,0.0050000000000025,87.45,87.44
2017-08-18,ATO,32986,ATMOS ENERGY CORP,,,-0.003887,0.0119477402737118,0.0001147842056933,-1.5202713918244086e-10,-0.001835,2.7669375671751557,87.12,106066.0,9240469.92,0.0050000000000025,87.15,87.14
2017-08-21,ATO,32986,ATMOS ENERGY CORP,,,0.005395,0.0948793435964536,0.0002283365681014,1.916880809819018e-10,0.001163,3.0294627873211017,87.59,106066.0,9290320.94,0.0100000000000051,87.62,87.6
2017-08-22,ATO,32986,ATMOS ENERGY CORP,,,0.006736,-0.3819023225850624,0.0001134044000907,3.84621058970698e-10,0.009941,1.872503912658156,88.18,106066.0,9352899.88,0.0050000000000025,88.18,88.17
2017-08-23,ATO,32986,ATMOS ENERGY CORP,,,0.001134,-0.1999909369666027,0.0001132759401903,8.084569490386639e-11,-0.003454,1.498020100692022,88.28,106066.0,9363506.48,0.0050000000000025,88.28,88.27
2017-08-24,ATO,32986,ATMOS ENERGY CORP,,,0.001473,0.3863640654796745,0.0001131093767672,7.563629231166208e-11,-0.002074,2.0768012369656628,88.41,106066.0,9377295.06,0.0049999999999954,88.41,88.4
2017-08-25,ATO,32986,ATMOS ENERGY CORP,,,0.000679,-0.1001144008934165,0.0002260653328811,3.871821440946819e-11,0.001673,1.8688835253521392,88.47,106066.0,9383659.02,0.009999999999998,88.49,88.47
2017-08-28,ATO,32986,ATMOS ENERGY CORP,,,0.002487,-0.0063917265733384,0.0002255045664674,1.423729568752222e-10,0.000487,1.856938132860672,88.69,106066.0,9406993.54,0.009999999999998,88.69,88.67
2017-08-29,ATO,32986,ATMOS ENERGY CORP,,,-0.005638,0.006387148529128,0.0001133915409909,-3.2252770114798763e-10,0.000843,1.8687986725246544,88.19,106066.0,9353960.54,0.0049999999999954,88.21,88.2
2017-08-30,ATO,32986,ATMOS ENERGY CORP,,,-0.002381,0.3652934172821569,0.0001136621959536,-1.0000247154365412e-10,0.004615,2.551458525823544,87.98,106066.0,9331686.68,0.0050000000000025,87.98,87.97
2017-08-31,ATO,32986,ATMOS ENERGY CORP,,,0.000682,0.6045642831540556,0.0001135847342116,1.783949334282005e-11,0.005721,4.093979220485358,88.04,106066.0,9338050.64,0.0049999999999954,88.07,88.06
2017-09-01,ATO,32986,ATMOS ENERGY CORP,,,0.001363,-0.4460680005158532,0.0003402903811252,6.427557867166722e-11,0.001982,2.267786095450002,88.16,106066.0,9350778.56,0.0150000000000005,88.16,88.13
2017-09-05,ATO,32986,ATMOS ENERGY CORP,,,-0.001588,0.0778847153220945,0.0001136105430584,-6.958546620565227e-11,-0.007551,2.4444119699055307,88.02,106066.0,9335929.32,0.0050000000000025,88.03,88.02
2017-09-06,ATO,32986,ATMOS ENERGY CORP,,,-0.014656,0.9466885744149898,0.0001153003574311,-3.3481047529904327e-10,0.003129,4.758508852978334,86.73,106066.0,9199104.18,0.0050000000000025,86.73,86.72
2017-09-07,ATO,32986,ATMOS ENERGY CORP,,,0.007725,-0.1075713866808264,0.0001144164759725,1.96230493755397e-10,-0.000178,4.246629457130466,87.4,106066.0,9270168.4,0.0050000000000025,87.4,87.39
2017-09-08,ATO,32986,ATMOS ENERGY CORP,,,-0.002059,0.0678495547518664,0.0001146526026139,-4.908057415265152e-11,-0.001489,4.534761374992929,87.22,106066.0,9251076.52,0.0049999999999954,87.19,87.18
2017-09-11,ATO,32986,ATMOS ENERGY CORP,,,0.009058,-0.3816862930991467,0.0001136234518805,3.4606748076936376e-10,0.010839,2.803905115682688,88.01,106066.0,9334868.66,0.0050000000000025,88.03,88.02
2017-09-12,ATO,32986,ATMOS ENERGY CORP,,,-0.01443,-0.2865443394227956,0.0001152870647912,-7.84043974219604e-10,0.003364,2.000461976505195,86.74,106066.0,9200164.84,0.0049999999999954,86.74,86.73
2017-09-13,ATO,32986,ATMOS ENERGY CORP,,,-0.009684,0.6533572751565879,0.0001164144353898,-3.2135748089901604e-10,0.000757,3.3074783625289914,85.9,106066.0,9111069.4,0.0049999999999954,85.94,85.93
2017-09-14,ATO,32986,ATMOS ENERGY CORP,,,0.012223,0.4920113679445628,0.0001150086256469,2.685733341642268e-10,-0.001101,4.934795316123923,86.95,106066.0,9222438.7,0.0050000000000025,86.97,86.96
2017-09-15,ATO,32986,ATMOS ENERGY CORP,,,0.00207,0.0392404482875887,0.0001147710317916,4.367583887000566e-11,0.001847,5.128438896536119,87.13,106066.0,9241530.58,0.0050000000000025,87.14,87.13
2017-09-18,ATO,32986,ATMOS ENERGY CORP,,,-0.007231,-0.5912643187922486,0.0001156069364162,-3.7599175885965345e-10,0.001456,2.0961759659080195,86.5,106066.0,9174709.0,0.0050000000000025,86.5,86.49
2017-09-19,ATO,32986,ATMOS ENERGY CORP,,,-0.00659,0.5585000877062785,0.0002327475852437,-2.2132467933551835e-10,0.00111,3.2668904267154413,85.93,106066.0,9114251.38,0.009999999999998,85.95,85.93
2017-09-20,ATO,32986,ATMOS ENERGY CORP,,,-0.009892,0.2837642061032133,0.0001175364362953,-2.6137292906819383e-10,0.000634,4.193916995078536,85.08,106066.0,9024095.28,0.0050000000000025,85.09,85.08
2017-09-21,ATO,32986,ATMOS ENERGY CORP,,,-0.006229,-0.3792892597654844,0.0001182732111175,-2.6682064961031766e-10,-0.003046,2.603209322497313,84.55,106066.0,8967880.299999999,0.0049999999999954,84.55,84.54
2017-09-22,ATO,32986,ATMOS ENERGY CORP,,,-0.007806,0.093849597264878,0.000119203719156,-3.0808848000398305e-10,0.000648,2.8475194690098617,83.89,106066.0,8897876.74,0.0050000000000025,83.84,83.83
2017-09-25,ATO,32986,ATMOS ENERGY CORP,,,0.013232,-0.0640112573462461,0.000235294117647,5.506720679583933e-10,-0.002222,2.665246167480625,85.0,106066.0,9015610.0,0.009999999999998,85.0,84.98
2017-09-26,ATO,32986,ATMOS ENERGY CORP,,,0.004706,0.0566234629915243,0.0001170960187354,1.8448466990804059e-10,7.2e-05,2.8161616352082666,85.4,106066.0,9058036.4,0.0050000000000025,85.43,85.42
2017-09-27,ATO,32986,ATMOS ENERGY CORP,,,-0.015223,0.4891412425217358,0.0001189060642093,-4.0694394520245684e-10,0.004085,4.193662436596082,84.1,106066.0,8920150.6,0.0050000000000025,84.11,84.1
2017-09-28,ATO,32986,ATMOS ENERGY CORP,,,0.002378,-0.3429412888793965,0.0002372479240806,9.651847196939396e-11,0.001205,2.7554824354647107,84.3,106066.0,8941363.799999999,0.009999999999998,84.3,84.28
2017-09-29,ATO,32986,ATMOS ENERGY CORP,,,-0.005457,0.3155514040436182,0.0002385496183205,-1.6928599239708656e-10,0.003705,3.624978786793129,83.84,106066.0,8892573.44,0.009999999999998,83.86,83.84
2017-10-02,ATO,32986,ATMOS ENERGY CORP,,,0.0099,-0.2704642809769901,0.0001181055863942,4.168477043615229e-10,0.003874,2.6445515056662834,84.67,106066.0,8980608.22,0.0050000000000025,84.67,84.66
2017-10-03,ATO,32986,ATMOS ENERGY CORP,,,-0.003071,0.1460692984238689,0.0002369387513327,-1.131740393852858e-10,0.002159,3.030839288744744,84.41,106066.0,8953031.06,0.009999999999998,84.41,84.39
2017-10-04,ATO,32986,ATMOS ENERGY CORP,,,0.00308,-0.162718644721575,0.0001181055863942,1.3514831553509002e-10,0.001247,2.537665227311297,84.67,106066.0,8980608.22,0.0050000000000025,84.68,84.67
2017-10-05,ATO,32986,ATMOS ENERGY CORP,,,0.001535,0.0123569624015456,0.0002358490566037,6.643062430488033e-11,0.005647,2.569023061112892,84.8,106066.0,8994396.799999999,0.009999999999998,84.78,84.76
2017-10-06,ATO,32986,ATMOS ENERGY CORP,,,0.005071,0.1465139493405165,0.0001173295787868,1.9044851269583283e-10,-0.001074,2.945420775743405,85.23,106066.0,9040005.18,0.0050000000000025,85.22,85.21
2017-10-09,ATO,32986,ATMOS ENERGY CORP,,,0.001525,-0.2648355201034541,0.0003514526710403,7.778706493556862e-11,-0.001804,2.1653687326758813,85.36,106066.0,9053793.76,0.0150000000000005,85.37,85.34
2017-10-10,ATO,32986,ATMOS ENERGY CORP,,,0.006209,0.0861532968755443,0.0001164279892886,2.897876546819608e-10,0.002322,2.3519223879471274,85.89,106066.0,9110008.74,0.0050000000000025,85.89,85.88
2017-10-11,ATO,32986,ATMOS ENERGY CORP,,,0.003609,-0.0971021290071715,0.0001160092807425,1.8588391473811286e-10,0.001803,2.1235457168178304,86.2,106066.0,9142889.2,0.0050000000000025,86.2,86.19
2017-10-12,ATO,32986,ATMOS ENERGY CORP,,,0.006845,0.333916425438207,0.00023044129508,2.6250485358818823e-10,-0.001687,2.8326325118322555,86.79,106066.0,9205468.14,0.009999999999998,86.83,86.81
2017-10-13,ATO,32986,ATMOS ENERGY CORP,,,-0.005761,-0.2937799138613927,0.0003476648510834,-3.1465230268691393e-10,0.000878,2.000461976505195,86.29,106066.0,9152435.14,0.0149999999999934,86.32,86.29
2017-10-16,ATO,32986,ATMOS ENERGY CORP,,,-0.000464,0.4230067725196884,0.0001159420289855,-1.781744463188281e-11,0.001751,2.846670940735014,86.25,106066.0,9148192.5,0.0050000000000025,86.25,86.24
2017-10-17,ATO,32986,ATMOS ENERGY CORP,,,-0.000348,0.0501034990974877,0.0002319647413592,-1.2729919604785336e-11,0.000672,2.989299115644976,86.22,106066.0,9145010.52,0.009999999999998,86.24,86.22
2017-10-18,ATO,32986,ATMOS ENERGY CORP,,,0.002436,-0.1520612622727974,0.0001157005669328,1.0483413838506493e-10,0.000742,2.5347425188090438,86.43,106066.0,9167284.38,0.0050000000000025,86.45,86.44
2017-10-19,ATO,32986,ATMOS ENERGY CORP,,,0.007521,0.1316384601078668,0.0001148369315572,2.838830276792467e-10,0.000328,2.8684121207550017,87.08,106066.0,9236227.28,0.0050000000000025,87.09,87.08
2017-10-20,ATO,32986,ATMOS ENERGY CORP,,,-0.002412,0.0909016207545991,0.0001151145389661,-8.365735996006191e-11,0.005117,3.129155431523768,86.87,106066.0,9213953.42,0.0049999999999954,86.85,86.84
2017-10-23,ATO,32986,ATMOS ENERGY CORP,,,-0.003338,-0.281632554678108,0.0001155001155001,-1.6170326206228632e-10,-0.003972,2.247883393358852,86.58,106066.0,9183194.28,0.0050000000000025,86.58,86.57
2017-10-24,ATO,32986,ATMOS ENERGY CORP,,,-0.003119,-0.0383224843136597,0.0001158614297299,-1.5760675456000718e-10,0.001618,2.1617389172779213,86.31,106066.0,9154556.46,0.0049999999999954,86.3,86.29
2017-10-25,ATO,32986,ATMOS ENERGY CORP,,,-0.003128,0.3934457688399255,0.0001162250116225,-1.13788098352478e-10,-0.004663,3.012265947617521,86.04,106066.0,9125918.64,0.0050000000000025,86.03,86.02
2017-10-26,ATO,32986,ATMOS ENERGY CORP,,,0.003719,-0.239368511325544,0.0003473830477072,1.7720245773319235e-10,0.001271,2.2912243320196857,86.36,106066.0,9159859.76,0.0150000000000005,86.36,86.33
2017-10-27,ATO,32986,ATMOS ENERGY CORP,,,0.010769,0.1188045477551322,0.0003436819796082,4.537460494141364e-10,0.008073,2.56343220259084,87.29,106066.0,9258501.14,0.0150000000000005,87.28,87.25
2017-10-30,ATO,32986,ATMOS ENERGY CORP,,,-0.00401,0.0387652495650863,0.0001150218541521,-1.633086909641149e-10,-0.003192,2.6628042916674524,86.94,106066.0,9221378.04,0.0049999999999954,86.96,86.95
2017-10-31,ATO,32986,ATMOS ENERGY CORP,,,0.003451,0.9400742831043114,0.0001146263182027,7.219306898322582e-11,0.000944,5.166038127203817,87.24,106066.0,9253197.84,0.0050000000000025,87.26,87.25
2017-11-01,ATO,32986,ATMOS ENERGY CORP,,,-0.003095,-0.3807690974028226,0.0002299643555248,-1.0488291851352861e-10,0.001592,3.1989704523598514,86.97,106066.0,9224560.02,0.009999999999998,86.99,86.97
2017-11-02,ATO,32986,ATMOS ENERGY CORP,,,-0.005174,-0.0474650900967279,0.0001155802126676,-1.8503018912369776e-10,0.00019,3.0471310316218205,86.52,106066.0,9176830.32,0.0050000000000025,86.53,86.52
2017-11-03,ATO,32986,ATMOS ENERGY CORP,,,0.012367,0.2076164073305135,0.0001141682840507,3.617541388515677e-10,0.003097,3.679765429072464,87.59,106066.0,9290320.94,0.0050000000000025,87.59,87.58
2017-11-06,ATO,32986,ATMOS ENERGY CORP,,,0.002854,-0.2213795612583206,0.0001138433515483,1.0691521560766628e-10,0.001271,2.8651405728508665,87.84,106066.0,9316837.44,0.0050000000000025,87.83,87.82
2017-11-07,ATO,32986,ATMOS ENERGY CORP,,,0.008311,1.1081989114625492,0.0001129050468556,1.4646468682218828e-10,-0.000189,6.040286236871382,88.57,106066.0,9394265.62,0.0050000000000025,88.59,88.58
2017-11-08,ATO,32986,ATMOS ENERGY CORP,,,0.007565,-0.4483344753687162,0.0002241147467504,2.398500515181424e-10,0.001444,3.332217675786774,89.24,106066.0,9465329.84,0.0100000000000051,89.12,89.1
2017-11-09,ATO,32986,ATMOS ENERGY CORP,,,0.006163,0.4054380579172973,0.0001113709767235,1.3817928205542236e-10,-0.003762,4.683225538815455,89.79,106066.0,9523666.14,0.0050000000000025,89.81,89.8
2017-11-10,ATO,32986,ATMOS ENERGY CORP,,,-0.007016,-0.0746762332127449,0.000112157918349,-1.7120030701114847e-10,-0.000898,4.333499896290989,89.16,106066.0,9456844.56,0.0050000000000025,89.17,89.16
2017-11-13,ATO,32986,ATMOS ENERGY CORP,,,0.004262,0.0608632464314231,0.0001116819298638,9.761621639321718e-11,0.000984,4.597250768389493,89.54,106066.0,9497149.64,0.0050000000000025,89.56,89.55
2017-11-14,ATO,32986,ATMOS ENERGY CORP,,,0.011168,-0.3442921831292093,0.0001104484205874,3.857892919742396e-10,-0.00231,3.01445326494824,90.54,106066.0,9603215.64,0.0049999999999954,90.55,90.54
2017-11-15,ATO,32986,ATMOS ENERGY CORP,,,-0.010714,0.3629207052178238,0.0001116445238361,-2.7449455407006435e-10,-0.005526,4.108460769709426,89.57,106066.0,9500331.62,0.0050000000000025,89.59,89.58
2017-11-16,ATO,32986,ATMOS ENERGY CORP,,,0.004242,0.3291292614418681,0.0001111728738188,8.142297040347581e-11,0.008196,5.460675428506779,89.95,106066.0,9540636.7,0.0050000000000025,89.95,89.94
2017-11-17,ATO,32986,ATMOS ENERGY CORP,,,-0.006893,-0.2023128772496857,0.00011194447554,-1.6701512722517727e-10,-0.002626,4.355910470838912,89.33,106066.0,9474875.78,0.0049999999999954,89.35,89.34
2017-11-20,ATO,32986,ATMOS ENERGY CORP,,,-0.002463,-0.1952040414359738,0.0001122208506341,-7.433563326806815e-11,0.001276,3.5056191427978804,89.11,106066.0,9451541.26,0.0050000000000025,89.11,89.1
2017-11-21,ATO,32986,ATMOS ENERGY CORP,,,0.003479,0.2358139672482095,0.0001118318049653,8.466925554763682e-11,0.006541,4.332293100522317,89.42,106066.0,9484421.72,0.0050000000000025,89.42,89.41
2017-11-22,ATO,32986,ATMOS ENERGY CORP,,,-0.003579,-0.2531549980522688,0.0002244668911335,-1.1704678616113366e-10,-0.00075,3.2355514490977315,89.1,106066.0,9450480.6,0.009999999999998,89.1,89.08
2017-11-24,ATO,32986,ATMOS ENERGY CORP,,,0.001178,-0.6000402118992254,0.0001127141568981,9.673484203292267e-11,0.002056,1.2940904719702826,88.72,106066.0,9410175.52,0.0050000000000025,88.7,88.69
2017-11-27,ATO,32986,ATMOS ENERGY CORP,,,0.008792,1.527746814416541,0.0001117318435754,2.8313283779934163e-10,-0.000384,3.27113306808968,89.5,106066.0,9492907.0,0.0050000000000025,89.51,89.5
2017-11-28,ATO,32986,ATMOS ENERGY CORP,,,0.008603,0.389718004588478,0.0001107787747868,1.976539027627994e-10,0.009848,4.545952520128976,90.27,106066.0,9574577.82,0.0050000000000025,90.29,90.28
2017-11-29,ATO,32986,ATMOS ENERGY CORP,,,0.002659,2.5195563399706744,0.0002209700585571,1.731142284344269e-11,-0.000369,15.999736013425602,90.51,106066.0,9600033.66,0.0100000000000051,90.54,90.52
2017-11-30,ATO,32986,ATMOS ENERGY CORP,,,0.019666,-0.2946745722521962,0.0001083541012027,1.7802575650193768e-10,0.008191,10.792244092003354,92.29,110909.0,10235791.61,0.0050000000000025,92.28,92.27
2017-12-01,ATO,32986,ATMOS ENERGY CORP,,,-0.000542,-0.6215285929235553,0.0002168256721595,-1.297084795508465e-11,-0.002024,4.084555807012957,92.24,110909.0,10230246.16,0.009999999999998,92.27,92.25
2017-12-04,ATO,32986,ATMOS ENERGY CORP,,,-0.005854,0.8711872039274724,0.0001090512540893,-7.531032465776661e-11,-0.001052,7.642968559810295,91.7,110909.0,10170355.3,0.0049999999999954,91.69,91.68
2017-12-05,ATO,32986,ATMOS ENERGY CORP,,,-0.002726,-0.048262657578267,0.0002186987424821,-3.694844533069569e-11,-0.003739,7.274098585326709,91.45,110909.0,10142628.05,0.009999999999998,91.46,91.44
2017-12-06,ATO,32986,ATMOS ENERGY CORP,,,-0.000219,-0.5266837968523594,0.0001093732910423,-6.272751035283043e-12,-0.000114,3.442948723728462,91.43,110909.0,10140409.87,0.0050000000000025,91.45,91.44
2017-12-07,ATO,32986,ATMOS ENERGY CORP,,,0.001422,0.9444473542243894,0.0001092179991263,2.09170425063517e-11,0.002932,6.694632536584046,91.56,110909.0,10154828.04,0.0050000000000025,91.61,91.6
2017-12-08,ATO,32986,ATMOS ENERGY CORP,,,0.002621,-0.2978255745829938,0.0001089324618736,5.476281934605889e-11,0.005506,4.7007997547538976,91.8,110909.0,10181446.2,0.0050000000000025,91.83,91.82
2017-12-11,ATO,32986,ATMOS ENERGY CORP,,,0.001198,0.2624553812041943,0.0001088020890001,1.98033869327677e-11,0.003202,5.934549946352415,91.91,110909.0,10193646.19,0.0050000000000025,91.92,91.91
2017-12-12,ATO,32986,ATMOS ENERGY CORP,,,-0.028615,-0.1843329104596661,0.0001120071684588,-5.96996864303335e-10,0.001549,4.840617082473019,89.28,110909.0,9901955.52,0.0050000000000025,89.28,89.27
2017-12-13,ATO,32986,ATMOS ENERGY CORP,,,0.007616,0.1673036947629584,0.0001111605157848,1.3509090459957515e-10,-0.000473,5.650470205303447,89.96,110909.0,9977373.64,0.0050000000000025,89.98,89.97
2017-12-14,ATO,32986,ATMOS ENERGY CORP,,,-0.006003,0.0994242749183007,0.0001118318049652,-9.743544595424194e-11,-0.004071,6.212264108413204,89.42,110909.0,9917482.78,0.0049999999999954,89.44,89.43
2017-12-15,ATO,32986,ATMOS ENERGY CORP,,,-0.000559,1.4054174479967951,0.000111894371713,-3.774095561796009e-12,0.008974,14.943088477941377,89.37,110909.0,9911937.33,0.0049999999999954,89.38,89.37
2017-12-18,ATO,32986,ATMOS ENERGY CORP,,,-0.007385,-0.673820371768207,0.0001127268628114,-1.539975918425868e-10,0.005363,4.874131044369708,88.71,110909.0,9838737.39,0.0050000000000025,88.7,88.69
2017-12-19,ATO,32986,ATMOS ENERGY CORP,,,-0.017134,0.4538231730440172,0.0001146920518407,-2.5004403990767377e-10,-0.00323,7.086124660757919,87.19,110909.0,9670155.71,0.0049999999999954,87.19,87.18
2017-12-20,ATO,32986,ATMOS ENERGY CORP,,,-0.00734,-0.2376300236030614,0.000115540150202,-1.4154274873808129e-10,-0.000828,5.402248690367779,86.55,110909.0,9599173.95,0.0049999999999954,86.55,86.54
2017-12-21,ATO,32986,ATMOS ENERGY CORP,,,-0.019526,-0.0584002884047279,0.0003535234503888,-4.0785198308852927e-10,0.001986,5.086755808816236,84.86,110909.0,9411737.74,0.0150000000000005,84.89,84.86
2017-12-22,ATO,32986,ATMOS ENERGY CORP,,,0.00271,-0.4099708065165102,0.0002350452462098,9.567744907680308e-11,-0.000458,3.001334427323301,85.09,110909.0,9437246.81,0.009999999999998,85.08,85.06
2017-12-26,ATO,32986,ATMOS ENERGY CORP,,,-0.005759,0.7133098009763426,0.0001182033096927,-1.1936022719256532e-10,-0.001058,5.14221569034073,84.6,110909.0,9382901.4,0.0050000000000025,84.59,84.58
2017-12-27,ATO,32986,ATMOS ENERGY CORP,,,0.00461,-0.0797029025911859,0.0002353218025651,1.0334464200348715e-10,0.000791,4.732366174070634,84.99,110909.0,9426155.91,0.0100000000000051,85.01,84.99
2017-12-28,ATO,32986,ATMOS ENERGY CORP,,,0.00706,0.2665176751222227,0.0001168360789812,1.2408671533789504e-10,0.001834,5.993625404610987,85.59,110909.0,9492701.31,0.0050000000000025,85.59,85.58
2017-12-29,ATO,32986,ATMOS ENERGY CORP,,,0.003505,0.1658179728528297,0.0001164279892886,5.2657263657442775e-11,-0.005183,6.984390490095351,85.89,110958.0,9530182.62,0.0050000000000025,85.86,85.85
2018-01-02,ATO,32986,ATMOS ENERGY CORP,,,-0.009896,-0.1369865311610454,0.0001175917215428,-1.7399298105562874e-10,0.008303,6.027623064582995,85.04,110958.0,9435868.32,0.0050000000000025,85.11,85.1
2018-01-03,ATO,32986,ATMOS ENERGY CORP,,,-0.008231,-0.3111706859764986,0.0001185677021579,-2.118374198416185e-10,0.006399,4.15200346076894,84.34,110958.0,9358197.72,0.0050000000000025,84.34,84.33
2018-01-04,ATO,32986,ATMOS ENERGY CORP,,,-0.004268,-0.1601244199019748,0.0001190759704692,-1.3134612343928006e-10,0.004029,3.4871663151823213,83.98,110958.0,9318252.84,0.0050000000000025,84.0,83.99
2018-01-05,ATO,32986,ATMOS ENERGY CORP,,,-0.009407,-0.0235340333756322,0.0002404135112392,-2.9928960124560877e-10,0.007034,3.40509922673444,83.19,110958.0,9230596.02,0.009999999999998,83.21,83.19
2018-01-08,ATO,32986,ATMOS ENERGY CORP,,,0.003125,1.0111269033383357,0.0001198322348712,4.9282849769354296e-11,0.001662,6.848086663422196,83.45,110958.0,9259445.1,0.0050000000000025,83.43,83.42
2018-01-09,ATO,32986,ATMOS ENERGY CORP,,,-0.010306,-0.2379206422320194,0.0001210800339022,-2.1549371391140767e-10,0.001303,5.218785486400259,82.59,110958.0,9164021.22,0.0049999999999954,82.6,82.59
2018-01-10,ATO,32986,ATMOS ENERGY CORP,,,-0.021673,-0.1790555826106178,0.0001237623762376,-5.64242571789369e-10,-0.001112,4.284332810613025,80.8,110958.0,8965406.4,0.0050000000000025,80.81,80.8
2018-01-11,ATO,32986,ATMOS ENERGY CORP,,,-0.009901,0.2994503356255298,0.000125,-2.0034917942026827e-10,0.007034,5.567277708682565,80.0,110958.0,8876640.0,0.0050000000000025,80.0,79.99
2018-01-12,ATO,32986,ATMOS ENERGY CORP,,,-0.002,0.1948103876425775,0.000125250501002,-3.3939776039563455e-11,0.00675,6.651841237224896,79.84,110958.0,8858886.72,0.0050000000000025,79.83,79.82
2018-01-16,ATO,32986,ATMOS ENERGY CORP,,,0.003257,-0.1390698777224537,0.0001248439450687,6.399069750903548e-11,-0.003524,5.726770489734855,80.1,110958.0,8887735.799999999,0.0050000000000025,80.12,80.11
2018-01-17,ATO,32986,ATMOS ENERGY CORP,,,0.008989,0.3173704147263825,0.0002474634991338,1.3286672490642837e-10,0.009415,7.5442780151048145,80.82,110958.0,8967625.559999999,0.009999999999998,80.85,80.83
2018-01-18,ATO,32986,ATMOS ENERGY CORP,,,-0.001608,0.2006515366181738,0.0001239310943116,-1.9827732157386447e-11,-0.001616,9.0580489915103,80.69,110958.0,8953201.02,0.0050000000000025,80.7,80.69
2018-01-19,ATO,32986,ATMOS ENERGY CORP,,,0.001735,-0.1670750987749026,0.000123716441915,2.5640575520371863e-11,0.004385,7.54467456154581,80.83,110958.0,8968735.14,0.0049999999999954,80.85,80.84
2018-01-22,ATO,32986,ATMOS ENERGY CORP,,,0.007052,-0.2577448031516756,0.00012285012285,1.3942335221180615e-10,0.008067,5.600073901836731,81.4,110958.0,9031981.2,0.0049999999999954,81.41,81.4
2018-01-23,ATO,32986,ATMOS ENERGY CORP,,,0.010565,0.5403469413701594,0.00012156576708,1.3418682197821578e-10,0.002174,8.626056706141062,82.26,110958.0,9127405.08,0.0050000000000025,82.29,82.28
2018-01-24,ATO,32986,ATMOS ENERGY CORP,,,-0.000122,-0.3479151212478973,0.0001215805471125,-2.3765604517841417e-12,-0.00056,5.624921141332757,82.25,110958.0,9126295.5,0.0050000000000025,82.26,82.25
2018-01-25,ATO,32986,ATMOS ENERGY CORP,,,0.008024,-0.1146059314565876,0.0001206127125799,1.7513475468577966e-10,0.000603,4.9802718145604645,82.91,110958.0,9199527.78,0.0050000000000025,82.9,82.89
2018-01-26,ATO,32986,ATMOS ENERGY CORP,,,0.001327,0.1635773369935993,0.0001204529029148,2.4858863716947947e-11,0.011841,5.794931415490546,83.02,110958.0,9211733.16,0.0049999999999954,83.02,83.01
2018-01-29,ATO,32986,ATMOS ENERGY CORP,,,-0.007829,0.3636285875140359,0.0001214034235766,-1.0840122982656e-10,-0.006732,7.902134140846086,82.37,110958.0,9139610.46,0.0050000000000025,82.42,82.41
2018-01-30,ATO,32986,ATMOS ENERGY CORP,,,0.001335,-0.2096897257657062,0.0001212415130941,2.335780173701365e-11,-0.010899,6.245137799888246,82.48,110958.0,9151815.84,0.0050000000000025,82.47,82.46
2018-01-31,ATO,32986,ATMOS ENERGY CORP,,,0.005092,1.0058763428136022,0.0001206272617612,4.4190514953424586e-11,0.000489,12.52697417040682,82.9,110958.0,9198418.2,0.0050000000000025,82.84,82.83
2018-02-01,ATO,32986,ATMOS ENERGY CORP,,,-0.007358,-0.5769593256823179,0.0001215214485357,-1.5206378401930474e-10,-0.000648,5.299419600209088,82.29,110958.0,9130733.82,0.0050000000000025,82.28,82.27
2018-02-02,ATO,32986,ATMOS ENERGY CORP,,,-0.0096,0.4778992981447689,0.0001226993865031,-1.3554448558721598e-10,-0.021209,7.832008507723643,81.5,110958.0,9043077.0,0.0050000000000025,81.51,81.5
2018-02-05,ATO,32986,ATMOS ENERGY CORP,,,-0.026871,0.1529278823139521,0.0001260875047283,-3.381597908373756e-10,-0.040979,9.029740983074676,79.31,110958.0,8800078.98,0.0050000000000025,79.31,79.3
2018-02-06,ATO,32986,ATMOS ENERGY CORP,,,-0.016139,0.0519321863378585,0.0001281558374984,-1.9624263121413707e-10,0.017441,9.49867517439031,78.03,110958.0,8658052.74,0.0050000000000025,77.93,77.92
2018-02-07,ATO,32986,ATMOS ENERGY CORP,,,0.005767,0.0166155259147933,0.0001274209989805,6.858238162679029e-11,-0.005002,9.656500657906596,78.48,110958.0,8707983.84,0.0049999999999954,78.49,78.48
2018-02-08,ATO,32986,ATMOS ENERGY CORP,,,0.005989,0.0513371399559108,0.0001266624445852,6.734134364819062e-11,-0.037536,10.15223778366589,78.95,110958.0,8760134.1,0.0050000000000025,78.95,78.94
2018-02-09,ATO,32986,ATMOS ENERGY CORP,,,0.027359,-0.3462766939613235,0.0001232893601282,4.580484822464929e-10,0.014936,6.6367544476288325,81.11,110958.0,8999803.38,0.0050000000000025,81.12,81.11
2018-02-12,ATO,32986,ATMOS ENERGY CORP,,,-0.008877,0.3535600847907594,0.0002487871625823,-1.1078278599045407e-10,0.013915,8.983245912867933,80.39,110958.0,8919913.62,0.009999999999998,80.41,80.39
2018-02-13,ATO,32986,ATMOS ENERGY CORP,,,0.000373,-0.4462143959998514,0.0001243471773189,8.402551688158169e-12,0.002613,4.974792263739433,80.42,110958.0,8923242.36,0.0049999999999954,80.44,80.43
2018-02-14,ATO,32986,ATMOS ENERGY CORP,,,-0.002238,-0.0959305643368666,0.0001246261216351,-5.5889960768544005e-11,0.013402,4.497557634420232,80.24,110958.0,8903269.92,0.0050000000000025,80.25,80.24
2018-02-15,ATO,32986,ATMOS ENERGY CORP,,,0.020937,-0.0388666239179223,0.0001220703125,5.328506418953432e-10,0.012069,4.322752753294039,81.92,110958.0,9089679.36,0.0050000000000025,81.92,81.91
2018-02-16,ATO,32986,ATMOS ENERGY CORP,,,0.012695,0.1494170676585133,0.0001205400192862,2.775666628891655e-10,0.000373,4.968645793904,82.96,110958.0,9205075.68,0.0049999999999954,82.99,82.98
2018-02-20,ATO,32986,ATMOS ENERGY CORP,,,-0.010728,0.0864756915788003,0.0001218472036065,-2.182316114721268e-10,-0.005841,5.398312875141945,82.07,110958.0,9106323.06,0.0049999999999954,82.07,82.06
2018-02-21,ATO,32986,ATMOS ENERGY CORP,,,-0.01255,-0.0274847826159543,0.0001233958538993,-2.658466646701208e-10,-0.005497,5.249941419275762,81.04,110958.0,8992036.32,0.0050000000000025,81.04,81.03
2018-02-22,ATO,32986,ATMOS ENERGY CORP,,,-0.002221,-0.1921658028953363,0.0001236705416768,-5.836863141058434e-11,0.000974,4.241082211287154,80.86,110958.0,8972063.88,0.0049999999999954,80.88,80.87
2018-02-23,ATO,32986,ATMOS ENERGY CORP,,,0.027393,0.0730159674615689,0.0001210800339024,6.56856702094241e-10,0.016028,4.550748932028335,82.59,110958.0,9164021.22,0.0050000000000025,82.59,82.58
2018-02-26,ATO,32986,ATMOS ENERGY CORP,,,-0.004843,-0.5276724851567111,0.0001216693028349,-2.4706472743142305e-10,0.011757,2.1494439337406948,82.19,110958.0,9119638.02,0.0050000000000025,82.23,82.22
2018-02-27,ATO,32986,ATMOS ENERGY CORP,,,-0.01387,0.4666957374904612,0.0001233806292412,-4.892137675885841e-10,-0.012707,3.152580255592206,81.05,110958.0,8993145.9,0.0050000000000025,81.08,81.07
2018-02-28,ATO,32986,ATMOS ENERGY CORP,,,-0.006909,0.4394375135790329,0.0001242390359051,-1.7047302874521764e-10,-0.011096,4.537942284467997,80.49,110958.0,8931009.42,0.0050000000000025,80.48,80.47
2018-03-01,ATO,32986,ATMOS ENERGY CORP,,,-0.004224,0.5969383600683984,0.0001247660636307,-6.554123816379779e-11,-0.013324,7.246814109843364,80.15,110958.0,8893283.700000001,0.0050000000000025,80.2,80.19
2018-03-02,ATO,32986,ATMOS ENERGY CORP,,,-0.011978,-0.2079600344239216,0.0003788357115797,-2.374986406657834e-10,0.005072,5.739766398096577,79.19,110958.0,8786764.02,0.0150000000000005,79.19,79.16
2018-03-05,ATO,32986,ATMOS ENERGY CORP,,,0.017932,-0.0740822738599374,0.0002481081751643,3.772372524171528e-10,0.011032,5.314551451900719,80.61,110958.0,8944324.38,0.009999999999998,80.61,80.59
2018-03-06,ATO,32986,ATMOS ENERGY CORP,,,-0.007071,0.399283015540316,0.0002498750624688,-1.0706387516370687e-10,0.002639,7.436561581859803,80.04,110958.0,8881078.32,0.0100000000000051,80.04,80.02
2018-03-07,ATO,32986,ATMOS ENERGY CORP,,,-0.007246,-0.0335686048287212,0.000125849484017,-1.1435309947720904e-10,-0.000484,7.186926584833901,79.46,110958.0,8816722.68,0.0049999999999954,79.46,79.45
2018-03-08,ATO,32986,ATMOS ENERGY CORP,,,0.004531,-0.3669798745245766,0.0001252818842394,1.1245091471659094e-10,0.004463,4.549469168514213,79.82,110958.0,8856667.559999999,0.0049999999999954,79.82,79.81
2018-03-09,ATO,32986,ATMOS ENERGY CORP,,,0.005137,-0.0585103011093501,0.0001246416552412,1.3472179314527292e-10,0.017379,4.283278357576741,80.23,110958.0,8902160.34,0.0050000000000025,80.23,80.22
2018-03-12,ATO,32986,ATMOS ENERGY CORP,,,0.011218,-0.1431015183140317,0.0001232589670899,3.3952336577361057e-10,-0.001274,3.670334721245877,81.13,110958.0,9002022.54,0.0050000000000025,81.14,81.13
2018-03-13,ATO,32986,ATMOS ENERGY CORP,,,-0.001356,0.5701099807736223,0.0001234263144903,-2.6174179967342587e-11,-0.006364,5.762829178608122,81.02,110958.0,8989817.16,0.0050000000000025,81.01,81.0
2018-03-14,ATO,32986,ATMOS ENERGY CORP,,,0.00395,-0.0942508351161656,0.0001229407425621,8.384759664693759e-11,-0.005724,5.2196777158925,81.34,110958.0,9025323.72,0.0050000000000025,81.36,81.35
2018-03-15,ATO,32986,ATMOS ENERGY CORP,,,0.001598,-0.1484240242417963,0.0001227445685529,3.9769794698621216e-11,-0.000782,4.444952144054507,81.47,110958.0,9039748.26,0.0050000000000025,81.48,81.47
2018-03-16,ATO,32986,ATMOS ENERGY CORP,,,0.017061,1.5482874191762823,0.0001206854936037,1.6382698330410834e-10,0.001703,11.327015627534744,82.86,110958.0,9193979.88,0.0050000000000025,82.87,82.86
2018-03-19,ATO,32986,ATMOS ENERGY CORP,,,-0.014,-0.718145673654922,0.0002447980416157,-4.837346019545081e-10,-0.014204,3.192568359198976,81.7,110958.0,9065268.6,0.0100000000000051,81.73,81.71
2018-03-20,ATO,32986,ATMOS ENERGY CORP,,,-0.005263,0.0965331511598035,0.000246093269349,-1.6671801046041258e-10,0.001482,3.500757043205537,81.27,110958.0,9017556.66,0.009999999999998,81.27,81.25
2018-03-21,ATO,32986,ATMOS ENERGY CORP,,,0.001354,-0.1882750613355576,0.0004915212582944,5.2768105045499445e-11,-0.001844,2.841651796175129,81.38,110958.0,9029762.04,0.0200000000000031,81.42,81.38
2018-03-22,ATO,32986,ATMOS ENERGY CORP,,,-0.00258,0.8299482404282852,0.0001231982259454,-5.508785645149996e-11,-0.025163,5.200075704320554,81.17,110958.0,9006460.86,0.0049999999999954,81.19,81.18
2018-03-23,ATO,32986,ATMOS ENERGY CORP,,,-0.014045,-0.0503544255533024,0.0001249531425714,-3.20286837772517e-10,-0.020967,4.938228879395807,80.03,110958.0,8879968.74,0.0049999999999954,80.02,80.01
2018-03-26,ATO,32986,ATMOS ENERGY CORP,,,0.020742,0.3543169275243825,0.0002448280083241,3.421618553186093e-10,0.027157,6.687926963355504,81.69,110958.0,9064159.02,0.009999999999998,81.71,81.69
2018-03-27,ATO,32986,ATMOS ENERGY CORP,,,0.017628,0.083545013401538,0.0001202935161795,2.6372309373888e-10,-0.017276,7.246669911137547,83.13,110958.0,9223938.54,0.0050000000000025,83.12,83.11
2018-03-28,ATO,32986,ATMOS ENERGY CORP,,,0.006857,0.0074657121963594,0.0001194743130227,1.0113030511797673e-10,-0.002917,7.300771463076119,83.7,110958.0,9287184.6,0.0050000000000025,83.7,83.69
2018-03-29,ATO,32986,ATMOS ENERGY CORP,,,0.006452,-0.0120765999365494,0.0002374169040835,9.570295647780314e-11,0.01377,7.212602966888372,84.24,110958.0,9347101.92,0.009999999999998,84.24,84.22
2018-04-02,ATO,32986,ATMOS ENERGY CORP,,,-0.0165,-0.447434449253776,0.0003621001810501,-4.5035706437023947e-10,-0.022337,3.985435930712522,82.85,110958.0,9192870.3,0.0150000000000005,82.84,82.81
2018-04-03,ATO,32986,ATMOS ENERGY CORP,,,0.01376,0.0356839191707218,0.0001190617930706,3.577084237966065e-10,0.012615,4.127651904324159,83.99,110958.0,9319362.42,0.0050000000000025,83.98,83.97
2018-04-04,ATO,32986,ATMOS ENERGY CORP,,,-0.003453,-0.1591411278701123,0.0001194743130227,-1.0712388742628952e-10,0.011566,3.4707727248147946,83.7,110958.0,9287184.6,0.0050000000000025,83.72,83.71
2018-04-05,ATO,32986,ATMOS ENERGY CORP,,,0.009916,-0.0332684168159747,0.000236602389684,3.150902363305592e-10,0.006863,3.35530561113214,84.53,110958.0,9379279.74,0.009999999999998,84.53,84.51
2018-04-06,ATO,32986,ATMOS ENERGY CORP,,,-0.004495,0.467679117266276,0.0001188354129531,-9.775832632838924e-11,-0.02192,4.924511977505002,84.15,110958.0,9337115.7,0.0050000000000025,84.17,84.16
2018-04-09,ATO,32986,ATMOS ENERGY CORP,,,0.000356,-0.4157982774965502,0.000118793062485,1.3248186257804654e-11,0.003337,2.876908379747292,84.18,110958.0,9340444.44,0.0049999999999954,84.16,84.15
2018-04-10,ATO,32986,ATMOS ENERGY CORP,,,-0.001426,0.8696838504335622,0.0001189626457293,-2.842348409184775e-11,0.016727,5.378909136790497,84.06,110958.0,9327129.48,0.0050000000000025,84.06,84.05
2018-04-11,ATO,32986,ATMOS ENERGY CORP,,,-0.002617,-0.3827553101118738,0.0002385496183207,-8.473098644175744e-11,-0.005525,3.320103102074659,83.84,110958.0,9302718.72,0.0100000000000051,83.84,83.82
2018-04-12,ATO,32986,ATMOS ENERGY CORP,,,-0.013836,-0.1911469304436578,0.0001209482341558,-5.61604083490021e-10,0.008251,2.685475585356621,82.68,110958.0,9174007.44,0.0050000000000025,82.67,82.66
2018-04-13,ATO,32986,ATMOS ENERGY CORP,,,0.008466,0.4001308834633779,0.0001199328376108,2.433704861924143e-10,-0.002887,3.760017303844698,83.38,110958.0,9251678.04,0.0049999999999954,83.41,83.4
2018-04-16,ATO,32986,ATMOS ENERGY CORP,,,0.015591,0.0830169413524319,0.000118091639112,4.0748291878178413e-10,0.008109,4.072162439842103,84.68,110958.0,9395923.44,0.0050000000000025,84.67,84.66
2018-04-17,ATO,32986,ATMOS ENERGY CORP,,,0.005786,-0.3654908053532342,0.0001174122343548,2.369573304046751e-10,0.010662,2.583824510175021,85.17,110958.0,9450292.86,0.0050000000000025,85.17,85.16
2018-04-18,ATO,32986,ATMOS ENERGY CORP,,,-0.008219,0.5391634344392666,0.0001183852255237,-2.2050077244433394e-10,0.000831,3.9769282070693417,84.47,110958.0,9372622.26,0.0049999999999954,84.46,84.45
2018-04-19,ATO,32986,ATMOS ENERGY CORP,,,-0.002841,-0.2578455011874762,0.0002374450908228,-1.0299205828347332e-10,-0.005726,2.951495160330936,84.23,110958.0,9345992.34,0.0100000000000051,84.23,84.21
2018-04-20,ATO,32986,ATMOS ENERGY CORP,,,-0.003918,-0.2719425207333309,0.000357568533969,-1.958556514255694e-10,-0.008537,2.148858126498314,83.9,110958.0,9309376.2,0.0150000000000005,83.89,83.86
2018-04-23,ATO,32986,ATMOS ENERGY CORP,,,0.006079,0.2827796487902261,0.0001184693756664,2.354614524683059e-10,5.6e-05,2.756511472809532,84.41,110958.0,9365964.78,0.0050000000000025,84.4,84.39
2018-04-24,ATO,32986,ATMOS ENERGY CORP,,,0.010425,0.8981779066688027,0.0001172470395123,2.1053417875078678e-10,-0.013381,5.232349177166135,85.29,110958.0,9463607.82,0.0050000000000025,85.31,85.3
2018-04-25,ATO,32986,ATMOS ENERGY CORP,,,0.000234,-0.4108334725640792,0.0001172195522212,8.019042434881922e-12,0.001837,3.082724995043169,85.31,110958.0,9465826.98,0.0049999999999954,85.32,85.31
2018-04-26,ATO,32986,ATMOS ENERGY CORP,,,0.017349,0.0155911510789263,0.00011522064754,5.754299292925275e-10,0.010434,3.13078822617567,86.79,110958.0,9630044.82,0.0050000000000025,86.78,86.77
2018-04-27,ATO,32986,ATMOS ENERGY CORP,,,0.007144,-0.1270891745781349,0.0003432101590207,2.6952442875198065e-10,0.001114,2.7328989347320607,87.41,110958.0,9698838.78,0.0150000000000005,87.41,87.38
2018-04-30,ATO,32986,ATMOS ENERGY CORP,,,-0.005949,1.2818884239060535,0.0002301760847047,-9.894584804956769e-11,-0.008188,6.236170442870275,86.89,110958.0,9641140.62,0.009999999999998,86.91,86.89
2018-05-01,ATO,32986,ATMOS ENERGY CORP,,,-0.000691,-0.2956154536507537,0.0002303351376251,-1.6327580380327916e-11,0.002549,4.392662088357757,86.83,110958.0,9634483.14,0.009999999999998,86.83,86.81
2018-05-02,ATO,32986,ATMOS ENERGY CORP,,,0.001612,-0.1751842938360815,0.0001149821777623,4.610544618947114e-11,-0.007206,3.623136682348276,86.97,110958.0,9650017.26,0.0049999999999954,86.82,86.81
2018-05-03,ATO,32986,ATMOS ENERGY CORP,,,0.012533,0.5101886492079917,0.000340676811265,2.344238632442147e-10,-0.002254,5.471619892211468,88.06,110958.0,9770961.48,0.0150000000000005,88.09,88.06
2018-05-04,ATO,32986,ATMOS ENERGY CORP,,,0.018964,-0.2038427329028858,0.0001114454474535,4.372389830226216e-10,0.012811,4.356269939977289,89.73,110958.0,9956261.34,0.0050000000000025,89.72,89.71
2018-05-07,ATO,32986,ATMOS ENERGY CORP,,,-0.009696,0.4444734081839114,0.0002250731487733,-1.5627997869582819e-10,0.003458,6.292516087168118,88.86,110958.0,9859727.88,0.009999999999998,88.91,88.89
2018-05-08,ATO,32986,ATMOS ENERGY CORP,,,-0.012492,-0.1286069277647682,0.0004558404558405,-2.3398487923291057e-10,-0.000266,5.483254925287046,87.75,110958.0,9736564.5,0.0200000000000031,87.79,87.75
2018-05-09,ATO,32986,ATMOS ENERGY CORP,,,-0.000798,-0.1498427871948403,0.0001140510948904,-1.759567974994978e-11,0.009682,4.661628724382199,87.68,110958.0,9728797.44,0.0049999999999954,87.69,87.68
2018-05-10,ATO,32986,ATMOS ENERGY CORP,,,0.010493,-0.2712679677908921,0.0001128668171558,3.141968234183131e-10,0.009371,3.397078173723391,88.6,110958.0,9830878.8,0.0050000000000025,88.61,88.6
2018-05-11,ATO,32986,ATMOS ENERGY CORP,,,-0.00395,0.0687390066669673,0.0001133144475919,-1.1110831465078667e-10,0.001708,3.630589952955172,88.25,110958.0,9792043.5,0.0049999999999954,88.24,88.23
2018-05-14,ATO,32986,ATMOS ENERGY CORP,,,-0.008952,0.3238854839230172,0.000114337983078,-1.9192182234877944e-10,0.000884,4.806485336794102,87.46,110958.0,9704386.68,0.0050000000000025,87.5,87.49
2018-05-15,ATO,32986,ATMOS ENERGY CORP,,,-0.01029,-0.2232289178313876,0.0002310536044361,-2.86958329871242e-10,-0.006842,3.733538816489122,86.56,110958.0,9604524.48,0.009999999999998,86.56,86.54
2018-05-16,ATO,32986,ATMOS ENERGY CORP,,,-0.007856,0.0680673769993192,0.0001164415463437,-2.067433255759532e-10,0.004061,3.98767101065268,85.88,110958.0,9529073.04,0.0050000000000025,85.87,85.86
2018-05-17,ATO,32986,ATMOS ENERGY CORP,,,-0.005706,-0.1537707022492225,0.0001171097318186,-1.7846734194676194e-10,-0.000856,3.37448403900575,85.39,110958.0,9474703.62,0.0049999999999954,85.41,85.4
2018-05-18,ATO,32986,ATMOS ENERGY CORP,,,5.9e-05,0.0520209600829002,0.0002355435166646,1.764017055325349e-12,-0.002632,3.550027938499252,84.91,110958.0,9421443.78,0.009999999999998,84.91,84.89
2018-05-21,ATO,32986,ATMOS ENERGY CORP,,,0.004122,-0.3047569966286202,0.0002345765892565,1.7653695896699555e-10,0.007387,2.468132086014528,85.26,110958.0,9460279.08,0.0100000000000051,85.26,85.24
2018-05-22,ATO,32986,ATMOS ENERGY CORP,,,0.011142,0.9941612289535856,0.0001159958241502,2.36656383074565e-10,-0.003136,4.921853313866508,86.21,110958.0,9565689.18,0.0049999999999954,86.21,86.2
2018-05-23,ATO,32986,ATMOS ENERGY CORP,,,0.008816,-0.4410815225253104,0.0001149821777625,3.320980746549329e-10,0.003248,2.750914760540024,86.97,110958.0,9650017.26,0.0050000000000025,86.98,86.97
2018-05-24,ATO,32986,ATMOS ENERGY CORP,,,0.005979,0.3477243837555204,0.0001142987770031,1.6612435100454856e-10,-0.002023,3.7074749004127687,87.49,110958.0,9707715.42,0.0050000000000025,87.5,87.49
2018-05-25,ATO,32986,ATMOS ENERGY CORP,,,0.002972,-0.1027094566015353,0.0001139601139601,9.17554246805822e-11,-0.002357,3.326682168027542,87.75,110958.0,9736564.5,0.0050000000000025,87.76,87.75
2018-05-29,ATO,32986,ATMOS ENERGY CORP,,,0.007293,0.8784168919760946,0.0001131349700192,1.189984115653755e-10,-0.011564,6.248895978658592,88.39,110958.0,9807577.62,0.0050000000000025,88.4,88.39
2018-05-30,ATO,32986,ATMOS ENERGY CORP,,,0.017989,0.1092974118970528,0.0001111358079573,2.5992683454215555e-10,0.012696,6.931884136339876,89.98,110958.0,9984000.84,0.0050000000000025,89.97,89.96
2018-05-31,ATO,32986,ATMOS ENERGY CORP,,,-0.008558,0.8106879300212704,0.0002241901132159,-6.888191635674739e-11,-0.00688,12.5393868455409,89.21,111065.0,9908108.65,0.009999999999998,89.24,89.22
2018-06-01,ATO,32986,ATMOS ENERGY CORP,,,-0.013788,-0.664646830192283,0.0002273243919073,-3.3555319603131903e-10,0.010849,4.20512312609733,87.98,111065.0,9771498.7,0.0100000000000051,87.98,87.96
2018-06-04,ATO,32986,ATMOS ENERGY CORP,,,-0.001932,-0.086287742858244,0.0001138822457579,-5.155820116235018e-11,0.00448,3.842272543105389,87.81,111065.0,9752617.65,0.0050000000000025,87.84,87.83
2018-06-05,ATO,32986,ATMOS ENERGY CORP,,,-0.004783,-0.0531304629026437,0.0001144295686004,-1.3545127852330112e-10,0.000703,3.638130824292081,87.39,111065.0,9705970.35,0.0049999999999954,87.38,87.37
2018-06-06,ATO,32986,ATMOS ENERGY CORP,,,-0.018194,0.1033041386495869,0.0001165501165501,-4.756528709504298e-10,0.008567,4.013964795390087,85.8,111065.0,9529377.0,0.0050000000000025,85.78,85.77
2018-06-07,ATO,32986,ATMOS ENERGY CORP,,,-0.000816,0.3788062654353525,0.0001166452816982,-1.5484718216890535e-11,-0.000714,5.534479809120785,85.73,111065.0,9521602.45,0.0049999999999954,85.69,85.68
2018-06-08,ATO,32986,ATMOS ENERGY CORP,,,-0.004899,-0.2534379285717771,0.0001172195522212,-1.2513752093741149e-10,0.003126,4.131832710574889,85.31,111065.0,9474955.15,0.0049999999999954,85.32,85.31
2018-06-11,ATO,32986,ATMOS ENERGY CORP,,,-0.008205,-0.1780227586717861,0.0001181893393214,-2.570852420908605e-10,0.001069,3.3962724530680237,84.61,111065.0,9397209.65,0.0049999999999954,84.6,84.59
2018-06-12,ATO,32986,ATMOS ENERGY CORP,,,0.008273,0.0667829600192997,0.0001172195522213,2.409945763962301e-10,0.001743,3.623085580515914,85.31,111065.0,9474955.15,0.0050000000000025,85.31,85.3
2018-06-13,ATO,32986,ATMOS ENERGY CORP,,,-0.008557,0.1381517800784297,0.0001182312603452,-2.2090108840240583e-10,-0.004026,4.123621302840679,84.58,111065.0,9393877.7,0.0050000000000025,84.59,84.58
2018-06-14,ATO,32986,ATMOS ENERGY CORP,,,0.013005,0.3269241686499704,0.0001167133520075,2.4976340059980823e-10,0.002472,5.471732769099176,85.68,111065.0,9516049.2,0.0050000000000025,85.68,85.67
2018-06-15,ATO,32986,ATMOS ENERGY CORP,,,0.012955,0.4712383046083874,0.00011522064754,1.6694853236235932e-10,-0.001017,8.050222842479629,86.79,111065.0,9639331.35,0.0050000000000025,86.78,86.77
2018-06-18,ATO,32986,ATMOS ENERGY CORP,,,0.003687,-0.6804265304250765,0.0001147973826195,1.4813213513412887e-10,-0.002126,2.5726376446225183,87.11,111065.0,9674872.15,0.0049999999999954,87.13,87.12
2018-06-19,ATO,32986,ATMOS ENERGY CORP,,,0.01389,0.5097574633395163,0.0002264492753624,3.645693542377201e-10,-0.004023,3.8840588844370414,88.32,111065.0,9809260.8,0.0100000000000051,88.34,88.32
2018-06-20,ATO,32986,ATMOS ENERGY CORP,,,0.000113,-0.2286483241110567,0.0001132118193138,3.8446318482680015e-12,0.001712,2.995975329761851,88.33,111065.0,9810371.45,0.0049999999999954,88.35,88.34
2018-06-21,ATO,32986,ATMOS ENERGY CORP,,,0.005887,0.4135622152499789,0.0001125492402925,1.4086601275676102e-10,-0.006345,4.234997523972448,88.85,111065.0,9868125.25,0.0049999999999954,88.85,88.84
2018-06-22,ATO,32986,ATMOS ENERGY CORP,,,0.002926,0.3205906114465515,0.0001122208506341,5.286269388624444e-11,0.001862,5.592697969657408,89.11,111065.0,9897002.15,0.0050000000000025,89.09,89.08
2018-06-25,ATO,32986,ATMOS ENERGY CORP,,,0.015935,-0.3704095448303397,0.0001104606207887,4.500935869271532e-10,-0.013725,3.5211092603430423,90.53,111065.0,10054714.45,0.0050000000000025,90.53,90.52
2018-06-26,ATO,32986,ATMOS ENERGY CORP,,,-0.007622,0.8671804680468047,0.0001113089937665,-1.1618663746329915e-10,0.002205,6.57454643677126,89.84,111065.0,9978079.6,0.0049999999999954,89.85,89.84
2018-06-27,ATO,32986,ATMOS ENERGY CORP,,,0.003228,-0.0014434361998461,0.0001109508487738,4.9118881193180227e-11,-0.008604,6.565056498446856,90.13,111065.0,10010288.45,0.0049999999999954,90.13,90.12
2018-06-28,ATO,32986,ATMOS ENERGY CORP,,,0.002885,-0.1521131512395288,0.0002212634140944,5.1626400127991236e-11,0.006179,5.566425066402557,90.39,111065.0,10039165.35,0.009999999999998,90.39,90.37
2018-06-29,ATO,32986,ATMOS ENERGY CORP,,,-0.002766,0.1643355681900895,0.0002218770800975,-4.262877664333486e-11,0.000758,6.481186692477378,90.14,111065.0,10011399.1,0.009999999999998,90.16,90.14
2018-07-02,ATO,32986,ATMOS ENERGY CORP,,,0.002219,-0.5092709003338274,0.0001106929377906,6.953503083069516e-11,0.003068,3.1805069103678028,90.34,111065.0,10033612.1,0.0050000000000025,90.34,90.33
2018-07-03,ATO,32986,ATMOS ENERGY CORP,,,0.010294,0.0576005752414061,0.0001095650268434,3.018984411591008e-10,-0.004947,3.363705937964255,91.27,111065.0,10136902.55,0.0050000000000025,91.29,91.28
2018-07-05,ATO,32986,ATMOS ENERGY CORP,,,0.008546,-0.1221633341363527,0.0001086366105376,2.8309365534961683e-10,0.008621,2.9527844055282944,92.05,111065.0,10223533.25,0.0049999999999954,92.07,92.06
2018-07-06,ATO,32986,ATMOS ENERGY CORP,,,0.005649,-0.1733277227390677,0.000216052716863,2.2509143912363417e-10,0.008481,2.440985008778643,92.57,111065.0,10281287.05,0.0100000000000051,92.59,92.57
2018-07-09,ATO,32986,ATMOS ENERGY CORP,,,-0.029815,1.0821259424288474,0.0001113461752589,-5.881130127220408e-10,0.008823,5.082438211857921,89.81,111065.0,9974747.65,0.0050000000000025,89.83,89.82
2018-07-10,ATO,32986,ATMOS ENERGY CORP,,,0.009576,-0.3786309902370496,0.0001102900628653,3.0110752128959166e-10,0.003473,3.1580695988835368,90.67,111065.0,10070263.55,0.0050000000000025,90.65,90.64
2018-07-11,ATO,32986,ATMOS ENERGY CORP,,,0.004301,0.0621352469415625,0.0001098177026135,1.2678359364408522e-10,-0.007094,3.3542970332688067,91.06,111065.0,10113578.9,0.0049999999999954,91.05,91.04
2018-07-12,ATO,32986,ATMOS ENERGY CORP,,,0.000769,-0.0769678830745279,0.0002194666959288,2.453970953777995e-11,0.008749,3.0961238914149374,91.13,111065.0,10121353.45,0.009999999999998,91.13,91.11
2018-07-13,ATO,32986,ATMOS ENERGY CORP,,,0.0,-0.2706363723605655,0.0001097333479645,0.0,0.001079,2.2582001530635214,91.13,111065.0,10121353.45,0.0050000000000025,91.14,91.13
2018-07-16,ATO,32986,ATMOS ENERGY CORP,,,-0.000219,0.2768383657553417,0.0001097574360663,-7.50589510945487e-12,-0.001028,2.883356592986089,91.11,111065.0,10119132.15,0.0050000000000025,91.12,91.11
2018-07-17,ATO,32986,ATMOS ENERGY CORP,,,-0.003402,-0.389120659505371,0.0001101321585902,-1.9152146089733017e-10,0.003974,1.7613829739341826,90.8,111065.0,10084702.0,0.0049999999999954,90.8,90.79
2018-07-18,ATO,32986,ATMOS ENERGY CORP,,,-0.002863,0.0668002535424376,0.0001104484205876,-1.51518873453376e-10,0.00216,1.879043803178319,90.54,111065.0,10055825.1,0.0050000000000025,90.53,90.52
2018-07-19,ATO,32986,ATMOS ENERGY CORP,,,0.013143,0.1571041131598114,0.0004360623569171,5.933303334976629e-10,-0.003953,2.174249313465088,91.73,111065.0,10187992.45,0.0200000000000031,91.73,91.69
2018-07-20,ATO,32986,ATMOS ENERGY CORP,,,-0.003161,0.0992906332950973,0.0002187226596674,-1.302234474514237e-10,-0.000948,2.390131904740467,91.44,111065.0,10155783.6,0.009999999999998,91.44,91.42
2018-07-23,ATO,32986,ATMOS ENERGY CORP,,,-0.00678,-0.4792096737738266,0.0001101079057475,-5.399905973778831e-10,0.001838,1.2447575743933732,90.82,111065.0,10086923.3,0.0049999999999954,90.85,90.84
2018-07-24,ATO,32986,ATMOS ENERGY CORP,,,-0.002202,2.646941388364473,0.0001103509159126,-4.8195054372701696e-11,0.004781,4.539557916535363,90.62,111065.0,10064710.3,0.0050000000000025,90.62,90.61
2018-07-25,ATO,32986,ATMOS ENERGY CORP,,,-0.002428,-0.5215852879691225,0.0001106194690264,-1.1134864673788824e-10,0.009102,2.171791293386756,90.4,111065.0,10040276.0,0.0049999999999954,90.41,90.4
2018-07-26,ATO,32986,ATMOS ENERGY CORP,,,0.010066,0.4401558807677956,0.0001095170298982,3.1734654354158826e-10,-0.003032,3.1277180029712333,91.31,111065.0,10141345.15,0.0050000000000025,91.31,91.3
2018-07-27,ATO,32986,ATMOS ENERGY CORP,,,-0.004709,-0.2214491335137314,0.0001100352112676,-1.9158811692203631e-10,-0.006562,2.4350875613379555,90.88,111065.0,10093587.2,0.0050000000000025,90.89,90.88
2018-07-30,ATO,32986,ATMOS ENERGY CORP,,,-0.004071,-0.2440497979316184,0.0001104850292784,-2.1999841241234088e-10,-0.005754,1.8408049340476296,90.51,111065.0,10052493.15,0.0049999999999954,90.52,90.51
2018-07-31,ATO,32986,ATMOS ENERGY CORP,,,0.015026,1.2630778335917516,0.000108849461195,3.5349655573103465e-10,0.004885,4.165884842209517,91.87,111065.0,10203541.55,0.0049999999999954,91.88,91.87
2018-08-01,ATO,32986,ATMOS ENERGY CORP,,,-0.009579,0.0724014662274901,0.0001099021870534,-2.121703181660176e-10,-0.00104,4.467501012920362,90.99,111065.0,10105804.35,0.0049999999999954,90.99,90.98
2018-08-02,ATO,32986,ATMOS ENERGY CORP,,,0.006594,-0.6410699278290469,0.0001091822251338,4.042491886532108e-10,0.004926,1.6035204609913114,91.59,111065.0,10172443.35,0.0050000000000025,91.58,91.57
2018-08-03,ATO,32986,ATMOS ENERGY CORP,,,0.00262,-0.1302731688143967,0.0,1.8419681305176882e-10,0.004644,1.3946247692792508,91.83,111065.0,10199098.95,0.0,91.82,91.82
2018-08-06,ATO,32986,ATMOS ENERGY CORP,,,0.001416,0.6438467597195501,0.0001087429317094,6.047395405760912e-11,0.003538,2.2925494080043216,91.96,111065.0,10213537.4,0.0050000000000025,91.97,91.96
2018-08-07,ATO,32986,ATMOS ENERGY CORP,,,0.0,0.0786027915891007,0.0001087429317093,0.0,0.002824,2.4727501913294017,91.96,111065.0,10213537.4,0.0049999999999954,91.96,91.95
2018-08-08,ATO,32986,ATMOS ENERGY CORP,,,-0.000979,0.3536135102462896,0.0003265483835855,-2.866532235557364e-11,-0.000262,3.347148066447576,91.87,111065.0,10203541.55,0.0150000000000005,91.92,91.89
2018-08-09,ATO,32986,ATMOS ENERGY CORP,,,-0.006858,0.5491336943276548,0.0001096010521701,-1.3051822490719642e-10,-0.001442,5.1851798496376,91.24,111065.0,10133570.6,0.0050000000000025,91.25,91.24
2018-08-10,ATO,32986,ATMOS ENERGY CORP,,,0.000329,-0.4738753099539496,0.0001095650268434,1.1897018007626954e-11,-0.007114,2.728051141223608,91.27,111065.0,10136902.55,0.0050000000000025,91.28,91.27
2018-08-13,ATO,32986,ATMOS ENERGY CORP,,,0.006026,0.1889561076071566,0.0001089087344805,1.821781502984167e-10,-0.004006,3.2435330662224824,91.82,111065.0,10197988.3,0.0050000000000025,91.83,91.82
2018-08-14,ATO,32986,ATMOS ENERGY CORP,,,0.008495,0.631601446801187,0.0001079913606911,1.5607838554531668e-10,0.006389,5.2921532435960925,92.6,111065.0,10284619.0,0.0050000000000025,92.62,92.61
2018-08-15,ATO,32986,ATMOS ENERGY CORP,,,0.004752,-0.4127818052207229,0.0001074806534822,1.479781502438751e-10,-0.007602,3.107648674199793,93.04,111065.0,10333487.6,0.0049999999999954,93.05,93.04
2018-08-16,ATO,32986,ATMOS ENERGY CORP,,,0.012253,-0.1850204693018418,0.0001061796559778,4.6251722404818774e-10,0.007919,2.5326700580741006,94.18,111065.0,10460101.7,0.0049999999999954,94.19,94.18
2018-08-17,ATO,32986,ATMOS ENERGY CORP,,,0.001699,0.0767994710104482,0.0001059995760015,5.945752627218811e-11,0.003323,2.727177778778193,94.34,111065.0,10477872.1,0.0049999999999954,94.35,94.34
2018-08-20,ATO,32986,ATMOS ENERGY CORP,,,-0.00795,-0.3664252180630848,0.0001068490223313,-4.4263844149479076e-10,0.002428,1.7278710664925945,93.59,111065.0,10394573.35,0.0049999999999954,93.6,93.59
2018-08-21,ATO,32986,ATMOS ENERGY CORP,,,-0.007373,0.3889039425552092,0.0001076426264799,-2.9776095994870353e-10,0.002069,2.399846936478639,92.9,111065.0,10317938.5,0.0049999999999954,92.91,92.9
2018-08-22,ATO,32986,ATMOS ENERGY CORP,,,-0.004198,0.2391544952145838,0.0002161928440169,-1.3739392569142082e-10,-0.000398,2.973781119164453,92.51,111065.0,10274623.15,0.0100000000000051,92.51,92.49
2018-08-23,ATO,32986,ATMOS ENERGY CORP,,,-0.004216,-0.0400595852647578,0.0001085540599218,-1.443497964467917e-10,-0.001691,2.854652680862558,92.12,111065.0,10231307.8,0.0050000000000025,92.14,92.13
2018-08-24,ATO,32986,ATMOS ENERGY CORP,,,0.00635,-0.0489982715769021,0.0001084363478637,2.283688179887552e-10,0.006199,2.714779633547922,92.22,111065.0,10242414.3,0.0049999999999954,92.24,92.23
2018-08-27,ATO,32986,ATMOS ENERGY CORP,,,-0.004771,0.025855921888318,0.0001089561996078,-1.6805954755494008e-10,0.00767,2.7849727636969344,91.78,111065.0,10193545.7,0.0050000000000025,91.79,91.78
2018-08-28,ATO,32986,ATMOS ENERGY CORP,,,0.000218,0.1618780975904665,0.0001089324618735,6.607772379530853e-12,0.000269,3.235798856525458,91.8,111065.0,10195767.0,0.0049999999999954,91.8,91.79
2018-08-29,ATO,32986,ATMOS ENERGY CORP,,,0.005773,-0.1067075885403913,0.000541535795516,1.9476294781032286e-10,0.005701,2.8905145635438707,92.33,111065.0,10254631.45,0.0249999999999985,92.39,92.34
2018-08-30,ATO,32986,ATMOS ENERGY CORP,,,0.002383,0.09571230551186,0.0001080497028633,7.319791277150024e-11,-0.00443,3.1671723765362625,92.55,111065.0,10279065.75,0.0050000000000025,92.54,92.53
2018-08-31,ATO,32986,ATMOS ENERGY CORP,,,-0.003458,0.0096627833592031,0.0001084245906972,-1.0556683718956031e-10,0.000134,3.193865163083066,92.23,111201.0,10256068.23,0.0050000000000025,92.22,92.21
2018-09-04,ATO,32986,ATMOS ENERGY CORP,,,0.001735,0.0161954719127381,0.0001082368221668,5.203217574860799e-11,-0.001654,3.2455913166248505,92.39,111201.0,10273860.39,0.0049999999999954,92.41,92.4
2018-09-05,ATO,32986,ATMOS ENERGY CORP,,,0.013097,-0.2420500231357695,0.0001068376068375,5.115085638492352e-10,-0.002803,2.4599958633465526,93.6,111201.0,10408413.6,0.0049999999999954,93.69,93.68
2018-09-06,ATO,32986,ATMOS ENERGY CORP,,,0.004915,0.3487647777038536,0.0004252604720391,1.416247845343868e-10,-0.003652,3.317955773779013,94.06,111201.0,10459566.06,0.0200000000000031,94.06,94.02
2018-09-07,ATO,32986,ATMOS ENERGY CORP,,,-0.004678,-0.4295289462272332,0.000106814783166,-2.3739888904485527e-10,-0.002213,1.892797726639149,93.62,111201.0,10410637.62,0.0050000000000025,93.64,93.63
2018-09-10,ATO,32986,ATMOS ENERGY CORP,,,-0.006623,0.4785515082121427,0.0001075268817203,-2.2883499973792637e-10,0.001898,2.7985989334628285,93.0,111201.0,10341693.0,0.0049999999999954,93.02,93.01
2018-09-11,ATO,32986,ATMOS ENERGY CORP,,,0.007957,0.1271597361241874,0.0001066780456581,2.419856346719669e-10,0.00374,3.154468035359394,93.74,111201.0,10423981.74,0.0049999999999954,93.77,93.76
2018-09-12,ATO,32986,ATMOS ENERGY CORP,,,-0.001387,-0.5186185073265295,0.0001068261937827,-8.774654047259929e-11,0.000357,1.5185025314520553,93.61,111201.0,10409525.61,0.0050000000000025,93.61,93.6
2018-09-13,ATO,32986,ATMOS ENERGY CORP,,,0.009508,0.8413587667817528,0.00010582010582,3.2358973599767347e-10,0.005282,2.796107948669526,94.5,111201.0,10508494.5,0.0049999999999954,94.52,94.51
2018-09-14,ATO,32986,ATMOS ENERGY CORP,,,-0.004021,0.1488630881548902,0.0001062473438164,-1.1959726593594992e-10,0.000275,3.2123452127229077,94.12,111201.0,10466238.12,0.0050000000000025,94.15,94.14
2018-09-17,ATO,32986,ATMOS ENERGY CORP,,,0.006906,-0.104404617934247,0.000105518624037,2.2777861334532788e-10,-0.00557,2.876961538115665,94.77,111201.0,10538518.77,0.0049999999999954,94.77,94.76
2018-09-18,ATO,32986,ATMOS ENERGY CORP,,,-0.002955,-0.075884358951116,0.0001058313049,-1.057797574039956e-10,0.005369,2.6586451560687405,94.49,111201.0,10507382.49,0.0050000000000025,94.51,94.5
2018-09-19,ATO,32986,ATMOS ENERGY CORP,,,-0.018838,0.4343399493986011,0.0001078632294249,-4.791671617081378e-10,0.001253,3.813400958624473,92.71,111201.0,10309444.71,0.0049999999999954,92.71,92.7
2018-09-20,ATO,32986,ATMOS ENERGY CORP,,,0.006472,-0.0347314257146496,0.0001071696495553,1.6944977155654707e-10,0.007841,3.6809561065098335,93.31,111201.0,10376165.31,0.0050000000000025,93.33,93.32
2018-09-21,ATO,32986,ATMOS ENERGY CORP,,,0.007502,0.7026770837914034,0.0001063716625889,1.1449891853695747e-10,-0.000369,6.267479608996322,94.01,111201.0,10454006.01,0.0049999999999954,94.02,94.01
2018-09-24,ATO,32986,ATMOS ENERGY CORP,,,-0.00117,-0.4110854437190616,0.0001064962726305,-3.0357524772596455e-11,-0.003516,3.691009972931898,93.9,111201.0,10441773.9,0.0050000000000025,93.9,93.89
2018-09-25,ATO,32986,ATMOS ENERGY CORP,,,-0.00426,-0.0266491896580288,0.0001069518716578,-1.1404458838215999e-10,-0.001305,3.59264754813356,93.5,111201.0,10397293.5,0.0050000000000025,93.51,93.5
2018-09-26,ATO,32986,ATMOS ENERGY CORP,,,-0.009305,0.812548497394282,0.0001079563856202,-1.3872405391839642e-10,-0.003289,6.511847915036736,92.63,111201.0,10300548.63,0.0050000000000025,92.64,92.63
2018-09-27,ATO,32986,ATMOS ENERGY CORP,,,0.007125,-0.0652457313940706,0.0001071926251472,1.1283384216581905e-10,0.002763,6.086977635093209,93.29,111201.0,10373941.29,0.0049999999999954,93.32,93.31
2018-09-28,ATO,32986,ATMOS ENERGY CORP,,,0.006646,-0.2653077807226708,0.0001064849323819,1.423090950903029e-10,-7e-06,4.4720551074180985,93.91,111201.0,10442885.91,0.0049999999999954,93.91,93.9
2018-10-01,ATO,32986,ATMOS ENERGY CORP,,,-0.012352,-0.1569384090392662,0.0001078167115901,-3.1764953335066786e-10,0.003641,3.770217893723977,92.75,111201.0,10313892.75,0.0049999999999954,92.77,92.76
2018-10-02,ATO,32986,ATMOS ENERGY CORP,,,0.010135,-0.261596843902951,0.0001067349770518,3.4943131835434045e-10,-0.000397,2.783940791899353,93.69,111201.0,10418421.69,0.0049999999999954,93.69,93.68
2018-10-03,ATO,32986,ATMOS ENERGY CORP,,,-0.01014,-0.0123006554104471,0.000107828337287,-3.575834502812828e-10,0.000711,2.749696495535112,92.74,111201.0,10312780.74,0.0050000000000025,92.75,92.74
2018-10-04,ATO,32986,ATMOS ENERGY CORP,,,0.001078,0.1774607628634688,0.0001077121930203,3.2251040625898707e-11,-0.00817,3.23765973327578,92.84,111201.0,10323900.84,0.0050000000000025,92.83,92.82
2018-10-05,ATO,32986,ATMOS ENERGY CORP,,,0.019388,0.6627595957014814,0.0001056635672019,3.4220702434881e-10,-0.005528,5.3834497891206015,94.64,111201.0,10524062.64,0.0049999999999954,94.63,94.62
2018-10-08,ATO,32986,ATMOS ENERGY CORP,,,0.024408,0.3609919067226821,0.0004125838060855,3.0900071122765103e-10,-0.000395,7.326831593241068,96.95,111201.0,10780936.95,0.019999999999996,96.94,96.9
2018-10-09,ATO,32986,ATMOS ENERGY CORP,,,-0.001238,-0.2839260092960917,0.0001032737787874,-2.1914315562149955e-11,-0.001418,5.246553538187606,96.83,111201.0,10767592.83,0.0049999999999954,96.82,96.81
2018-10-10,ATO,32986,ATMOS ENERGY CORP,,,-0.008365,-0.1898368590831336,0.0001041449697978,-1.8431002637373138e-10,-0.032864,4.250564293486569,96.02,111201.0,10677520.02,0.0049999999999954,96.05,96.04
2018-10-11,ATO,32986,ATMOS ENERGY CORP,,,-0.027807,-0.1581091973842049,0.0001071237279056,-7.485637070154009e-10,-0.020573,3.578510984613448,93.35,111201.0,10380613.35,0.0049999999999954,93.35,93.34
2018-10-12,ATO,32986,ATMOS ENERGY CORP,,,-0.007927,-0.0482567460935733,0.0001079796998164,-2.2600607831016644e-10,0.014206,3.405823688635893,92.61,111201.0,10298324.61,0.0050000000000025,92.61,92.6
2018-10-15,ATO,32986,ATMOS ENERGY CORP,,,0.009286,-0.3591044831291866,0.0001069861987804,4.0929679923304707e-10,-0.005905,2.182777133299161,93.47,111201.0,10393957.47,0.0050000000000025,93.48,93.47
2018-10-16,ATO,32986,ATMOS ENERGY CORP,,,0.01562,0.2076818812905032,0.0003160223322448,5.613153382961962e-10,0.021496,2.6361003947806223,94.93,111201.0,10556310.930000002,0.0150000000000005,94.92,94.89
2018-10-17,ATO,32986,ATMOS ENERGY CORP,,,-0.00316,-0.157687361199712,0.0002113494663425,-1.352428413333053e-10,-0.000253,2.2204206796701467,94.63,111201.0,10522950.63,0.009999999999998,94.67,94.65
2018-10-18,ATO,32986,ATMOS ENERGY CORP,,,0.008031,0.471696508486795,0.0001048327916971,2.3168854456357308e-10,-0.014392,3.267785361642431,95.39,111201.0,10607463.39,0.0049999999999954,95.41,95.4
2018-10-19,ATO,32986,ATMOS ENERGY CORP,,,0.017612,-0.0440171610513483,0.0001030184403008,5.222895483922591e-10,-0.000361,3.123946727097778,97.07,111201.0,10794281.069999998,0.0050000000000025,97.08,97.07
2018-10-22,ATO,32986,ATMOS ENERGY CORP,,,-0.005769,-0.0049800510095397,0.0001036162055746,-1.7293548787221678e-10,-0.004299,3.108389313045746,96.51,111201.0,10732008.51,0.0050000000000025,96.51,96.5
2018-10-23,ATO,32986,ATMOS ENERGY CORP,,,-0.0086,-0.0257481426620685,0.0001045150501672,-2.6690821587087593e-10,-0.005512,3.0283540615641944,95.68,111201.0,10639711.680000002,0.0050000000000025,95.67,95.66
2018-10-24,ATO,32986,ATMOS ENERGY CORP,,,0.015259,0.2605417572366937,0.0001029442042412,3.700457278691186e-10,-0.030864,3.817366750299008,97.14,111201.0,10802065.14,0.0049999999999954,97.1,97.09
2018-10-25,ATO,32986,ATMOS ENERGY CORP,,,-0.015545,-0.1048634259531914,0.0002091393914043,-4.2779400014486865e-10,0.018625,3.417064594742853,95.63,111201.0,10634151.63,0.009999999999998,95.69,95.67
2018-10-26,ATO,32986,ATMOS ENERGY CORP,,,-0.021018,0.2882302009837334,0.0001068147831658,-4.5863521011776864e-10,-0.017327,4.401965809659985,93.62,111201.0,10410637.62,0.0049999999999954,93.63,93.62
2018-10-29,ATO,32986,ATMOS ENERGY CORP,,,0.009293,-0.0934621442565214,0.0003174939146999,2.2163012226071747e-10,-0.00656,3.990548646145269,94.49,111201.0,10507382.49,0.0150000000000005,94.49,94.46
2018-10-30,ATO,32986,ATMOS ENERGY CORP,,,0.003281,0.1078865945695015,0.0004219409282701,7.039815600687962e-11,0.015667,4.421075350041816,94.8,111201.0,10541854.8,0.0200000000000031,94.81,94.77
2018-10-31,ATO,32986,ATMOS ENERGY CORP,,,-0.018143,0.7228575264224169,0.0001074344649764,-2.3012656336930468e-10,0.010851,7.616882941700164,93.08,111201.0,10350589.08,0.0050000000000025,93.08,93.07
2018-11-01,ATO,32986,ATMOS ENERGY CORP,,,-0.001504,-0.419963282389124,0.0001075962986873,-3.293849166196555e-11,0.010558,4.418071779930036,92.94,111201.0,10335020.94,0.0050000000000025,92.93,92.92
2018-11-02,ATO,32986,ATMOS ENERGY CORP,,,-0.008608,-0.1104308214633192,0.0001085304970695,-2.1376316098658608e-10,-0.006317,3.930180483988453,92.14,111201.0,10246060.14,0.0049999999999954,92.13,92.12
2018-11-05,ATO,32986,ATMOS ENERGY CORP,,,0.012481,-0.0185063152114223,0.0004287705005896,3.1189297507986265e-10,0.0056,3.857447325113983,93.29,111201.0,10373941.29,0.0200000000000031,93.4,93.36
2018-11-06,ATO,32986,ATMOS ENERGY CORP,,,0.023261,0.1083664372703705,0.0001047559187094,5.125248035696747e-10,0.006259,4.275465148694706,95.46,111201.0,10615247.46,0.0050000000000025,95.45,95.44
2018-11-07,ATO,32986,ATMOS ENERGY CORP,,,0.01299,-0.248262647338443,0.0001034126163392,3.758585927499551e-10,0.021209,3.214026852276508,96.7,111201.0,10753136.7,0.0050000000000025,96.7,96.69
2018-11-08,ATO,32986,ATMOS ENERGY CORP,,,-0.008893,1.3310268800205929,0.000313021702838,-1.1137712728835272e-10,-0.002509,7.491982985764516,95.84,111201.0,10657503.84,0.0150000000000005,95.87,95.84
2018-11-09,ATO,32986,ATMOS ENERGY CORP,,,0.008869,-0.5869494764234513,0.0002068466232288,2.665535325595069e-10,-0.009199,3.0945674948966286,96.69,111201.0,10752024.69,0.009999999999998,96.71,96.69
2018-11-12,ATO,32986,ATMOS ENERGY CORP,,,-0.000207,0.398010571924247,0.0002068894176062,-4.45101972683471e-12,-0.019701,4.3262380733986205,96.67,111201.0,10749800.67,0.009999999999998,96.6,96.58
2018-11-13,ATO,32986,ATMOS ENERGY CORP,,,-0.002793,0.2309232105961145,0.000414937759336,-4.8926464382392285e-11,-0.001482,5.325266859110979,96.4,111201.0,10719776.4,0.019999999999996,96.46,96.42
2018-11-14,ATO,32986,ATMOS ENERGY CORP,,,0.009232,0.1627897158779077,0.0002055709733786,1.3780860663187425e-10,-0.007567,6.192165538079694,97.29,111201.0,10818745.29,0.0100000000000051,97.29,97.27
2018-11-15,ATO,32986,ATMOS ENERGY CORP,,,0.016651,-0.112464146970192,0.00010110201193,2.7546280292358526e-10,0.010594,5.49576892294134,98.91,111201.0,10998890.91,0.0050000000000025,98.9,98.89
2018-11-16,ATO,32986,ATMOS ENERGY CORP,,,0.001213,-0.0582309964246852,0.0003029385034838,2.1282001659047298e-11,0.002223,5.175744822438647,99.03,111201.0,11012235.03,0.0150000000000005,99.03,99.0
2018-11-19,ATO,32986,ATMOS ENERGY CORP,,,0.00313,0.2578221104060825,0.0001006643849406,4.3523058617545874e-11,-0.016643,6.510166275483134,99.34,111201.0,11046707.34,0.0050000000000025,99.34,99.33
2018-11-20,ATO,32986,ATMOS ENERGY CORP,,,-0.011476,-0.2079448902321611,0.00010183299389,-2.0380877468736788e-10,-0.018151,5.156410463934677,98.2,111201.0,10919938.2,0.0050000000000025,98.2,98.19
2018-11-21,ATO,32986,ATMOS ENERGY CORP,,,-0.004888,-0.3963372735865839,0.0002046663937781,-1.4450976815492568e-10,0.003043,3.112732799165475,97.72,111201.0,10866561.72,0.009999999999998,97.71,97.69
2018-11-23,ATO,32986,ATMOS ENERGY CORP,,,-0.00046,-0.3192879161261805,0.0002058672156458,-2.009560251359553e-11,-0.006555,2.118874830262318,97.15,111201.0,10803177.15,0.009999999999998,97.06,97.04
2018-11-26,ATO,32986,ATMOS ENERGY CORP,,,0.006794,0.7200461758502001,0.0001022390348634,1.7139106710752168e-10,0.015532,3.644562548897941,97.81,111201.0,10876569.81,0.0049999999999954,97.8,97.79
2018-11-27,ATO,32986,ATMOS ENERGY CORP,,,0.006237,1.3071686418491957,0.0001016053647631,6.777334829462578e-11,0.003262,8.408620426075306,98.42,111201.0,10944402.42,0.0049999999999954,98.38,98.37
2018-11-28,ATO,32986,ATMOS ENERGY CORP,,,-0.008027,-0.2564662524985375,0.0002048550650415,-1.1825944798033376e-10,0.022974,6.252093056717116,97.63,111201.0,10856553.63,0.0100000000000051,97.65,97.63
2018-11-29,ATO,32986,ATMOS ENERGY CORP,,,-0.042815,6.443434559913928,0.0001070090957731,-8.853380747867754e-11,-0.002198,46.5370455301661,93.45,111201.0,10391733.45,0.0050000000000025,93.45,93.44
2018-11-30,ATO,32986,ATMOS ENERGY CORP,,,0.023756,-0.5800067092228238,0.0001045259747047,1.1424775875256394e-10,0.008186,18.59907751287888,95.67,116858.0,11179804.86,0.0050000000000025,95.67,95.66
2018-12-03,ATO,32986,ATMOS ENERGY CORP,,,0.020278,-0.4958271431009947,0.0002048970392377,1.8958391677566349e-10,0.010941,9.37715004535419,97.61,116858.0,11406509.38,0.009999999999998,97.6,97.58
2018-12-04,ATO,32986,ATMOS ENERGY CORP,,,-0.000512,0.1589877668724533,0.0001025010250103,-4.132282488860197e-12,-0.032365,10.868002190692978,97.56,116858.0,11400666.48,0.0050000000000025,97.54,97.53
2018-12-06,ATO,32986,ATMOS ENERGY CORP,,,0.010148,0.1204082162938489,0.000101471334348,7.236680159670046e-11,-0.001522,12.176598949151964,98.55,116858.0,11516355.9,0.0050000000000025,98.5,98.49
2018-12-07,ATO,32986,ATMOS ENERGY CORP,,,0.002435,-0.3088746975437354,0.0001012248203259,2.506367414837669e-11,-0.02332,8.415555631621285,98.79,116858.0,11544401.82,0.0050000000000025,98.72,98.71
2018-12-10,ATO,32986,ATMOS ENERGY CORP,,,-0.003442,-0.2610875257391259,0.0002031488065008,-4.811282998187763e-11,0.001762,6.218359034041315,98.45,116858.0,11504670.1,0.0100000000000051,98.48,98.46
2018-12-11,ATO,32986,ATMOS ENERGY CORP,,,0.000508,0.3720847983596294,0.0001015228426396,5.172640385790997e-12,-0.000356,8.532115901350357,98.5,116858.0,11510513.0,0.0050000000000025,98.51,98.5
2018-12-12,ATO,32986,ATMOS ENERGY CORP,,,0.000914,-0.2587142418704854,0.0002028603306624,1.2543319286356428e-11,0.005419,6.324736004381386,98.59,116858.0,11521030.22,0.0100000000000051,98.59,98.57
2018-12-13,ATO,32986,ATMOS ENERGY CORP,,,0.00923,0.6485165661835539,0.0002010050251255,7.613501762579275e-11,-0.0002,10.426432079960296,99.5,116858.0,11627371.0,0.009999999999998,99.55,99.53
2018-12-14,ATO,32986,ATMOS ENERGY CORP,,,-0.010352,-0.227320479443735,0.0001015537727227,-1.1166749042691335e-10,-0.019087,8.056290540656182,98.47,116858.0,11507007.26,0.0050000000000025,98.47,98.46
2018-12-17,ATO,32986,ATMOS ENERGY CORP,,,-0.029552,0.439857155300061,0.0001046462955211,-2.2813806766892406e-10,-0.020773,11.599907580139998,95.56,116858.0,11166950.48,0.0050000000000025,95.56,95.55
2018-12-18,ATO,32986,ATMOS ENERGY CORP,,,-0.010883,-0.2616798299130533,0.0001057977147694,-1.1504485602213332e-10,8.6e-05,8.564445737561828,94.52,116858.0,11045418.16,0.0050000000000025,94.5,94.49
2018-12-19,ATO,32986,ATMOS ENERGY CORP,,,0.004338,0.007533792155264,0.0001053407774149,4.531779123669608e-11,-0.015396,8.628968491673655,94.93,116858.0,11093329.94,0.0050000000000025,94.93,94.92
2018-12-20,ATO,32986,ATMOS ENERGY CORP,,,0.001791,-0.1160801059934706,0.0001051524710829,2.1129286312415413e-11,-0.015772,7.627316914545859,95.1,116858.0,11113195.8,0.0049999999999954,95.1,95.09
2018-12-21,ATO,32986,ATMOS ENERGY CORP,,,-0.00673,2.3024010644969835,0.0002117298327335,-2.420511032878505e-11,-0.020588,25.188459497852094,94.46,116858.0,11038406.68,0.0100000000000051,94.54,94.52
2018-12-24,ATO,32986,ATMOS ENERGY CORP,,,-0.054309,-0.8416309577155965,0.0008955558043211,-1.30419978807672e-09,-0.027112,3.989072207294323,89.33,116858.0,10438925.14,0.0400000000000062,89.4,89.32
2018-12-26,ATO,32986,ATMOS ENERGY CORP,,,0.008844,0.7301455524450022,0.0001109631602307,1.2167870061861448e-10,0.049594,6.901675537832241,90.12,116858.0,10531242.96,0.0049999999999954,90.1,90.09
2018-12-27,ATO,32986,ATMOS ENERGY CORP,,,0.011984,0.5965225736377207,0.000328947368421,1.0205138683815332e-10,0.008563,11.01868079207243,91.2,116858.0,10657449.6,0.0150000000000005,91.27,91.24
2018-12-28,ATO,32986,ATMOS ENERGY CORP,,,0.005044,-0.575279527127936,0.0003272965306567,1.0062455623229107e-10,-0.001242,4.679859316435332,91.66,116858.0,10711204.28,0.0150000000000005,91.7,91.67
2018-12-31,ATO,32986,ATMOS ENERGY CORP,,,0.011564,0.3092402524141537,0.0001078515962036,1.741903388424943e-10,0.008492,6.125435241981709,92.72,116889.0,10837948.08,0.0050000000000025,92.73,92.72
2019-01-02,ATO,32986,ATMOS ENERGY CORP,,,-0.030953,0.1390287096575959,0.0004451864218142,-4.224150659199092e-10,0.001269,6.97704659976559,89.85,116889.0,10502476.65,0.0200000000000031,89.92,89.88
2019-01-03,ATO,32986,ATMOS ENERGY CORP,,,0.007568,-0.2288569536748657,0.0001104606207887,1.3292552657645551e-10,-0.024757,5.380300969295656,90.53,116889.0,10581961.17,0.0050000000000025,90.54,90.53
2019-01-04,ATO,32986,ATMOS ENERGY CORP,,,0.012813,-0.2580402545404819,0.0003271894426873,2.994803253455246e-10,0.034336,3.991966737674204,91.69,116889.0,10717552.41,0.0150000000000005,91.72,91.69
2019-01-07,ATO,32986,ATMOS ENERGY CORP,,,-0.007307,0.2207227769241155,0.0001098659635245,-1.409368858470747e-10,0.00701,4.873084721402356,91.02,116889.0,10639236.78,0.0050000000000025,91.04,91.03
2019-01-08,ATO,32986,ATMOS ENERGY CORP,,,0.013074,1.197668580256667,0.0001084481075804,1.132636764333802e-10,0.009695,10.70942518115477,92.21,116889.0,10778334.69,0.0049999999999954,92.21,92.2
2019-01-09,ATO,32986,ATMOS ENERGY CORP,,,-0.016376,-0.5433594767273733,0.0001102535832413,-3.1585393308633265e-10,0.004098,4.89035751867156,90.7,116889.0,10601832.3,0.0049999999999954,90.71,90.7
2019-01-10,ATO,32986,ATMOS ENERGY CORP,,,0.018964,0.3996910583612798,0.0005410084397316,2.56458761637767e-10,0.004518,6.844989691074439,92.42,116889.0,10802881.38,0.0249999999999985,92.46,92.41
2019-01-11,ATO,32986,ATMOS ENERGY CORP,,,-0.005626,-0.3225355703758511,0.000544069640914,-1.1294090863004607e-10,-0.000146,4.637237036846924,91.9,116889.0,10742099.1,0.0249999999999985,91.96,91.91
2019-01-14,ATO,32986,ATMOS ENERGY CORP,,,-0.006094,0.4833131011988001,0.0002189621195534,-8.298042808481373e-11,-0.005258,6.878474450119344,91.34,116889.0,10676641.26,0.0100000000000051,91.34,91.32
2019-01-15,ATO,32986,ATMOS ENERGY CORP,,,0.013904,-0.4524749445907927,0.0004319187992658,3.4104532875555527e-10,0.010722,3.7661371044324095,92.61,116889.0,10825090.29,0.0200000000000031,92.61,92.57
2019-01-16,ATO,32986,ATMOS ENERGY CORP,,,0.018896,0.773090727363591,0.0005298855447223,2.5655543534874987e-10,0.002222,6.677702777849071,94.36,116889.0,11029646.04,0.0249999999999985,94.36,94.31
2019-01-17,ATO,32986,ATMOS ENERGY CORP,,,0.006677,-0.1459342771122925,0.0001052742393936,1.05441473961428e-10,0.007591,5.703197050192918,94.99,116889.0,11103286.11,0.0050000000000025,95.0,94.99
2019-01-18,ATO,32986,ATMOS ENERGY CORP,,,0.004632,-0.4237303136170742,0.0002095777009327,1.2634726103626036e-10,0.013183,3.2865795754947,95.43,116889.0,11154717.27,0.0100000000000051,95.43,95.41
2019-01-22,ATO,32986,ATMOS ENERGY CORP,,,-0.00241,0.4158577694480236,0.0003151260504201,-4.654174589127536e-11,-0.014157,4.653329226873359,95.2,116889.0,11127832.8,0.0150000000000005,95.23,95.2
2019-01-23,ATO,32986,ATMOS ENERGY CORP,,,0.010084,-0.2103036643054255,0.0006239600665556,2.441410657110608e-10,0.002203,3.674717039242358,96.16,116889.0,11240046.24,0.029999999999994,96.21,96.15
2019-01-24,ATO,32986,ATMOS ENERGY CORP,,,0.005304,0.5907984001266489,0.000103444708803,8.029696027406321e-11,0.001376,5.84573398694488,96.67,116889.0,11299659.63,0.0049999999999954,96.63,96.62
2019-01-25,ATO,32986,ATMOS ENERGY CORP,,,-0.019034,-0.2150191277063435,0.000316355583676,-3.74207552227683e-10,0.008489,4.588789364268665,94.83,116889.0,11084583.87,0.0150000000000005,94.83,94.8
2019-01-28,ATO,32986,ATMOS ENERGY CORP,,,-0.005273,-0.2790359055816875,0.0001060108131029,-1.4455147720301626e-10,-0.007847,3.3083523684863416,94.33,116889.0,11026139.37,0.0050000000000025,94.34,94.33
2019-01-29,ATO,32986,ATMOS ENERGY CORP,,,0.00477,0.029696671924698,0.0002110149820636,1.263883263489625e-10,-0.001456,3.4065994233845784,94.78,116889.0,11078739.42,0.009999999999998,94.77,94.75
2019-01-30,ATO,32986,ATMOS ENERGY CORP,,,0.007491,0.7225673917738589,0.000418892030579,1.1436969691143575e-10,0.015549,5.868097083557905,95.49,116889.0,11161730.61,0.019999999999996,95.49,95.45
2019-01-31,ATO,32986,ATMOS ENERGY CORP,,,0.022411,0.0053767516722165,0.0003072825975622,3.3287269669583407e-10,0.008597,5.899648384364654,97.63,116889.0,11411873.07,0.0150000000000005,97.61,97.58
2019-02-01,ATO,32986,ATMOS ENERGY CORP,,,-0.004199,0.1496366030359452,0.0002057189878625,-5.447909734653468e-11,0.000899,6.782451727707483,97.22,116889.0,11363948.58,0.009999999999998,97.21,97.19
2019-02-04,ATO,32986,ATMOS ENERGY CORP,,,-0.008023,-0.3076473838096656,0.0001036914143509,-1.515625481354662e-10,0.006776,4.695848197862929,96.44,116889.0,11272775.16,0.0050000000000025,96.47,96.46
2019-02-05,ATO,32986,ATMOS ENERGY CORP,,,0.001452,0.5416611252101957,0.000310623317457,1.7766537696946814e-11,0.004708,7.239406616533635,96.58,116889.0,11289139.62,0.0150000000000005,96.58,96.55
2019-02-06,ATO,32986,ATMOS ENERGY CORP,,,-0.007351,0.2864937302574901,0.0002086158339419,-7.043352234467518e-11,-0.002224,9.313451222955113,95.87,116889.0,11206148.43,0.0100000000000051,95.87,95.85
2019-02-07,ATO,32986,ATMOS ENERGY CORP,,,0.0121,-0.4539425338036449,0.0002061218179943,2.0977643556611547e-10,-0.009357,5.085679576350213,97.03,116889.0,11341739.67,0.009999999999998,97.03,97.01
2019-02-08,ATO,32986,ATMOS ENERGY CORP,,,0.009688,0.3156309928338323,0.0003062161886291,1.2643994235273094e-10,0.000676,6.690877670268375,97.97,116889.0,11451615.33,0.0150000000000005,98.0,97.97
2019-02-11,ATO,32986,ATMOS ENERGY CORP,,,-0.011432,2.153470828165557,0.0001032524522456,-4.786047890698161e-11,0.000709,21.09948754801564,96.85,116889.0,11320699.65,0.0049999999999954,96.85,96.84
2019-02-12,ATO,32986,ATMOS ENERGY CORP,,,-0.010325,-0.2804348866195407,0.0001043296817945,-6.069910577495367e-11,0.01289,15.182455149757462,95.85,116889.0,11203810.65,0.0050000000000025,95.84,95.83
2019-02-13,ATO,32986,ATMOS ENERGY CORP,,,0.00772,0.0129066830754249,0.0001035303861682,4.4463131622887376e-11,0.003024,15.378410286682238,96.59,116889.0,11290308.51,0.0049999999999954,96.57,96.56
2019-02-14,ATO,32986,ATMOS ENERGY CORP,,,-0.006522,16.57034591756524,0.0001042100875363,-2.1519152175976904e-12,-0.002652,270.2039883992506,95.96,116889.0,11216668.44,0.0049999999999954,96.1,96.09
2019-02-15,ATO,32986,ATMOS ENERGY CORP,,,0.011359,-0.922733670986656,0.0002060793405462,4.796107207643239e-11,0.010879,20.87767026837427,97.05,116889.0,11344077.45,0.0100000000000051,97.04,97.02
2019-02-19,ATO,32986,ATMOS ENERGY CORP,,,0.002576,-0.6522961682040018,0.0002055498458375,3.120095335191249e-11,0.001499,7.259245951287118,97.3,116889.0,11373299.7,0.009999999999998,97.33,97.31
2019-02-20,ATO,32986,ATMOS ENERGY CORP,,,0.007194,0.0396016150359563,0.000204081632653,8.321703885180753e-11,0.001777,7.546723814901316,98.0,116889.0,11455122.0,0.009999999999998,98.02,98.0
2019-02-21,ATO,32986,ATMOS ENERGY CORP,,,0.011531,-0.0676953144041291,0.0003026329062846,1.4143988654397106e-10,-0.003526,7.035845973530443,99.13,116889.0,11587206.57,0.0150000000000005,99.12,99.09
2019-02-22,ATO,32986,ATMOS ENERGY CORP,,,0.008827,-0.1544394361470453,0.0001005227181342,1.2759764638646124e-10,0.006411,5.949233888560943,99.48,116889.0,11628117.72,0.0049999999999954,99.49,99.48
2019-02-25,ATO,32986,ATMOS ENERGY CORP,,,-0.011862,-0.0636741443773367,0.0003051881993896,-1.8532870854826852e-10,0.001232,5.570421511006169,98.3,116889.0,11490188.7,0.0150000000000005,98.33,98.3
2019-02-26,ATO,32986,ATMOS ENERGY CORP,,,-0.000204,0.5560610086297324,0.0001017501017501,-2.048692118807715e-12,-0.00079,8.667915714909016,98.28,116889.0,11487850.92,0.0050000000000025,98.26,98.25
2019-02-27,ATO,32986,ATMOS ENERGY CORP,,,0.005902,0.7377090439643736,0.0002023062917256,3.3908861990155735e-11,-0.000544,15.062315530118315,98.86,116889.0,11555646.54,0.009999999999998,98.83,98.81
2019-02-28,ATO,32986,ATMOS ENERGY CORP,,,-0.000101,-0.3529037230655809,0.0002023267577138,-8.968305931362722e-13,-0.002826,9.746768301551043,98.85,116889.0,11554477.65,0.0100000000000051,98.9,98.88
2019-03-01,ATO,32986,ATMOS ENERGY CORP,,,0.000506,-0.4364323394394754,0.0002022244691607,7.968450441725617e-12,0.006895,5.492963409730599,98.9,116889.0,11560322.1,0.009999999999998,98.92,98.9
2019-03-04,ATO,32986,ATMOS ENERGY CORP,,,0.009808,0.5192993877585983,0.00010013016922,1.0067501319432886e-10,-0.003881,8.345455945384082,99.87,116889.0,11673704.43,0.0050000000000025,99.87,99.86
2019-03-05,ATO,32986,ATMOS ENERGY CORP,,,-0.005007,-0.1424060884148716,0.0001006339941631,-6.023055989835762e-11,-0.001131,7.1570122081633,99.37,116889.0,11615259.93,0.0049999999999954,99.38,99.37
2019-03-06,ATO,32986,ATMOS ENERGY CORP,,,0.001208,-0.1223403492330642,0.000100512614333,1.6536971178526506e-11,-0.006524,6.281420835151297,99.49,116889.0,11629286.61,0.0049999999999954,99.49,99.48
2019-03-07,ATO,32986,ATMOS ENERGY CORP,,,-0.000302,-0.1995181339881698,0.0003016287954955,-5.166250451006395e-12,-0.008126,5.028163471327499,99.46,116889.0,11625779.94,0.0149999999999934,99.46,99.43
2019-03-08,ATO,32986,ATMOS ENERGY CORP,,,0.007038,-0.0419371249385354,9.98402555911054e-05,1.247894593660754e-10,-0.002132,4.8172967516190575,100.16,116889.0,11707602.24,0.0050000000000025,100.15,100.14
2019-03-11,ATO,32986,ATMOS ENERGY CORP,,,0.003994,0.2594101465310101,9.944311853624816e-05,5.6006516926162215e-11,0.014666,6.066952407839916,100.56,116889.0,11754357.84,0.0050000000000025,100.56,100.55
2019-03-12,ATO,32986,ATMOS ENERGY CORP,,,0.008353,-0.0450490721416887,0.0003944773175543,1.2164079224448478e-10,0.002953,5.793641831138944,101.4,116889.0,11852544.6,0.0200000000000031,101.4,101.36
2019-03-13,ATO,32986,ATMOS ENERGY CORP,,,0.004043,0.3043267037106494,9.822217856797088e-05,4.4957446046516455e-11,0.00695,7.556801752089589,101.81,116889.0,11900469.09,0.0050000000000025,101.83,101.82
2019-03-14,ATO,32986,ATMOS ENERGY CORP,,,-0.003045,-0.284336023602213,9.852216748773514e-05,-4.745701580793197e-11,-0.000868,5.408130790750199,101.5,116889.0,11864233.5,0.0050000000000025,101.5,101.49
2019-03-15,ATO,32986,ATMOS ENERGY CORP,,,9.9e-05,3.0916157690172126,9.851246182647144e-05,3.770602002465739e-13,0.004985,22.12799322434104,101.51,116889.0,11865402.39,0.0050000000000025,101.53,101.52
2019-03-18,ATO,32986,ATMOS ENERGY CORP,,,0.004827,-0.6775051720091753,9.803921568632466e-05,5.673338545705776e-11,0.003706,7.136163368666,102.0,116889.0,11922678.0,0.0050000000000025,102.0,101.99
2019-03-19,ATO,32986,ATMOS ENERGY CORP,,,-0.005098,0.0654890851524745,9.854158454872995e-05,-5.6523876704235786e-11,-0.000131,7.603504179178537,101.48,116889.0,11861895.72,0.0050000000000025,101.54,101.53
2019-03-20,ATO,32986,ATMOS ENERGY CORP,,,-0.00069,-0.2192118060321839,0.0002958288137264,-9.80500090167783e-12,-0.002944,5.936726295887551,101.41,116889.0,11853713.49,0.0150000000000005,101.45,101.42
2019-03-21,ATO,32986,ATMOS ENERGY CORP,,,0.012228,-0.3821753528413201,0.0002922552362396,2.7785011217096235e-10,0.010853,3.6678558290343832,102.65,116889.0,11998655.85,0.0150000000000005,102.65,102.62
2019-03-22,ATO,32986,ATMOS ENERGY CORP,,,0.001559,0.2504361699150053,0.0002918004085205,2.828546538305345e-11,-0.018975,4.58641959465818,102.81,116889.0,12017358.09,0.0150000000000005,102.81,102.78
2019-03-25,ATO,32986,ATMOS ENERGY CORP,,,0.001167,0.5804902798348075,9.715340522690288e-05,1.3381032533746764e-11,-0.000839,7.248791588601152,102.93,116889.0,12031384.77,0.0050000000000025,102.92,102.91
2019-03-26,ATO,32986,ATMOS ENERGY CORP,,,0.007675,-0.3255360531757196,0.0001928268414962,1.2948452852651564e-10,0.007183,4.889048584554577,103.72,116889.0,12123727.08,0.009999999999998,103.74,103.72
2019-03-27,ATO,32986,ATMOS ENERGY CORP,,,-0.00752,0.0343758968005656,0.0001942879347192,-1.2358258876683365e-10,-0.004644,5.0571140141501765,102.94,116889.0,12032553.66,0.009999999999998,102.96,102.94
2019-03-28,ATO,32986,ATMOS ENERGY CORP,,,-0.004469,-0.1531243180330254,9.758001561271374e-05,-8.711143889078722e-11,0.00359,4.282746879518175,102.48,116889.0,11978784.72,0.0049999999999954,102.49,102.48
2019-03-29,ATO,32986,ATMOS ENERGY CORP,,,0.004391,0.7025844676252382,9.715340522676485e-05,5.0051459580055506e-11,0.006734,7.291738315838103,102.93,116889.0,12031384.77,0.0049999999999954,102.96,102.95
2019-04-01,ATO,32986,ATMOS ENERGY CORP,,,-0.008355,-0.1969743900206964,0.0001959439600273,-1.195953312081734e-10,0.011569,5.8554526088853525,102.07,116889.0,11930860.23,0.009999999999998,102.07,102.05
2019-04-02,ATO,32986,ATMOS ENERGY CORP,,,-0.018615,2.655374190211531,9.983028850958486e-05,-7.42778650031545e-11,1.7e-05,21.403870338526293,100.17,116889.0,11708771.13,0.0050000000000025,100.2,100.19
2019-04-03,ATO,32986,ATMOS ENERGY CORP,,,0.013377,-0.6690996399902953,9.851246182633144e-05,1.591793419576981e-10,0.002148,7.082548400619391,101.51,116889.0,11865402.39,0.0049999999999954,101.52,101.51
2019-04-04,ATO,32986,ATMOS ENERGY CORP,,,-0.008571,-0.3460075953770631,0.0001987281399045,-1.5729864016630436e-10,0.002085,4.631932859379411,100.64,116889.0,11763708.96,0.009999999999998,100.66,100.64
2019-04-05,ATO,32986,ATMOS ENERGY CORP,,,0.008843,0.1054796443439682,9.84930562395855e-05,1.45518627494016e-10,0.004636,5.120507490011891,101.53,116889.0,11867740.17,0.0050000000000025,101.54,101.53
2019-04-08,ATO,32986,ATMOS ENERGY CORP,,,-0.006008,-0.2416967542199151,0.0001981767736822,-1.3116655682733788e-10,0.001047,3.882897449717253,100.92,116889.0,11796437.88,0.0100000000000051,100.93,100.91
2019-04-09,ATO,32986,ATMOS ENERGY CORP,,,-0.003369,-0.0516163289767068,9.942334460122196e-05,-7.781722650997963e-11,-0.006067,3.682476537569831,100.58,116889.0,11756695.62,0.0049999999999954,100.57,100.56
2019-04-10,ATO,32986,ATMOS ENERGY CORP,,,-0.001491,0.006839497166859,0.00029871552325,-3.4256288301455366e-11,0.003478,3.707662825415565,100.43,116889.0,11739162.27,0.0150000000000005,100.48,100.45
2019-04-11,ATO,32986,ATMOS ENERGY CORP,,,0.002589,-0.0094650253239036,9.931472837426871e-05,5.989657912399284e-11,3.8e-05,3.6725697028805104,100.69,116889.0,11769553.41,0.0050000000000025,100.7,100.69
2019-04-12,ATO,32986,ATMOS ENERGY CORP,,,0.004966,-0.0580782374331152,0.0001976479889316,1.2136978924682823e-10,0.006609,3.459273327686951,101.19,116889.0,11827997.91,0.009999999999998,101.21,101.19
2019-04-15,ATO,32986,ATMOS ENERGY CORP,,,-0.000791,-0.1775561331615354,0.0001978043714765,-2.3524347453962377e-11,-0.000629,2.845058132074019,101.11,116889.0,11818646.79,0.009999999999998,101.11,101.09
2019-04-16,ATO,32986,ATMOS ENERGY CORP,,,-0.009297,1.2898519347117476,9.9830288509443e-05,-1.2188014669300956e-10,0.000509,6.514761868097083,100.17,116889.0,11708771.13,0.0049999999999954,100.19,100.18
2019-04-17,ATO,32986,ATMOS ENERGY CORP,,,-0.007288,-0.3922855296886162,0.0002011263073209,-1.58370935434932e-10,-0.002274,3.95911505787542,99.44,116889.0,11623442.16,0.009999999999998,99.46,99.44
2019-04-18,ATO,32986,ATMOS ENERGY CORP,,,-0.002615,0.630150158715753,0.0002016535591852,-3.4950083064439026e-11,0.001579,6.453952039969543,99.18,116889.0,11593051.02,0.009999999999998,99.2,99.18
2019-04-22,ATO,32986,ATMOS ENERGY CORP,,,-0.001109,-0.4713227535670921,0.0001009387301908,-2.8067219225530697e-11,0.001012,3.412057593101147,99.07,116889.0,11580193.23,0.0050000000000025,99.09,99.08
2019-04-23,ATO,32986,ATMOS ENERGY CORP,,,0.005047,1.5167840093071772,0.0003012955709551,5.0497381104060776e-11,0.008841,8.587411989152102,99.57,116889.0,11638637.73,0.0150000000000005,99.58,99.55
2019-04-24,ATO,32986,ATMOS ENERGY CORP,,,0.005222,-0.1247272792481175,0.0003996403237085,5.938364382838347e-11,-0.002192,7.516327455962494,100.09,116889.0,11699420.01,0.019999999999996,100.13,100.09
2019-04-25,ATO,32986,ATMOS ENERGY CORP,,,0.008892,-0.5504156726338985,0.0001980590215883,2.2293260403504222e-10,-0.000369,3.379223023552259,100.98,116889.0,11803451.22,0.009999999999998,101.0,100.98
2019-04-26,ATO,32986,ATMOS ENERGY CORP,,,0.0,-0.1003357013017919,9.90295107941266e-05,0.0,0.004685,3.040166311628981,100.98,116889.0,11803451.22,0.0049999999999954,100.99,100.98
2019-04-29,ATO,32986,ATMOS ENERGY CORP,,,-0.004951,1.2922822361423,0.0001990445859873,-6.04886964744798e-11,0.001071,6.96891923106537,100.48,116889.0,11745006.72,0.0100000000000051,100.51,100.49
2019-04-30,ATO,32986,ATMOS ENERGY CORP,,,0.018511,-0.0426226690727851,9.771350400630366e-05,2.3193284427657963e-10,0.000951,6.671885292884703,102.34,116889.0,11962420.26,0.0050000000000025,102.33,102.32
2019-05-01,ATO,32986,ATMOS ENERGY CORP,,,-0.00342,-0.1452960108736071,9.804882831641244e-05,-5.030724900795362e-11,-0.007502,5.702486974822267,101.99,116889.0,11921509.11,0.0049999999999954,101.99,101.98
2019-05-02,ATO,32986,ATMOS ENERGY CORP,,,0.000882,-0.2424695225321728,9.796238244505195e-05,1.7111570394110647e-11,-0.002124,4.319807680791178,102.08,116889.0,11932029.12,0.0049999999999954,102.07,102.06
2019-05-03,ATO,32986,ATMOS ENERGY CORP,,,0.008425,-0.0907636185036578,0.0001942879347192,1.7826697095342646e-10,0.009638,3.927726304442676,102.94,116889.0,12032553.66,0.009999999999998,102.92,102.9
2019-05-06,ATO,32986,ATMOS ENERGY CORP,,,0.001166,0.317548376416878,0.0002910925674364,1.87036764733442e-11,-0.004471,5.174969415428312,103.06,116889.0,12046580.34,0.0150000000000005,103.09,103.06
2019-05-07,ATO,32986,ATMOS ENERGY CORP,,,-0.008054,0.3113042385728479,9.781864423364097e-05,-9.932266613095007e-11,-0.016512,6.785959328935999,102.23,116889.0,11949562.47,0.0050000000000025,102.18,102.17
2019-05-08,ATO,32986,ATMOS ENERGY CORP,,,-0.014575,0.172981981936551,9.926543577517278e-05,-1.5549999531654282e-10,-0.001605,7.959808022996176,100.74,116889.0,11775397.86,0.0049999999999954,100.77,100.76
2019-05-09,ATO,32986,ATMOS ENERGY CORP,,,-0.000397,-0.3257334906826423,0.0002979145978153,-6.284246482019855e-12,-0.003021,5.367031970501929,100.7,116889.0,11770722.3,0.0150000000000005,100.7,100.67
2019-05-10,ATO,32986,ATMOS ENERGY CORP,,,0.012115,0.1296188552746726,9.811616954479116e-05,1.6773521321623068e-10,0.00372,6.062700510740959,101.92,116889.0,11913326.88,0.0050000000000025,101.93,101.92
2019-05-13,ATO,32986,ATMOS ENERGY CORP,,,0.005691,0.6460038128137069,0.0001951219512194,4.759859405579624e-11,-0.024131,9.979228156627228,102.5,116889.0,11981122.5,0.009999999999998,102.52,102.5
2019-05-14,ATO,32986,ATMOS ENERGY CORP,,,-0.010341,-0.3252039071997201,0.0001971608832807,-1.2951203965361932e-10,0.008016,6.733944169254592,101.44,116889.0,11857220.16,0.009999999999998,101.44,101.42
2019-05-15,ATO,32986,ATMOS ENERGY CORP,,,-0.006901,-0.0788338305019284,0.0001985308715506,-9.447762046873831e-11,0.005839,6.203081556006126,100.74,116889.0,11775397.86,0.0100000000000051,100.76,100.74
2019-05-16,ATO,32986,ATMOS ENERGY CORP,,,0.009033,-0.0758669483858154,0.0001967535661583,1.3261998969564847e-10,0.008895,5.732472687763605,101.65,116889.0,11881766.85,0.009999999999998,101.67,101.65
2019-05-17,ATO,32986,ATMOS ENERGY CORP,,,0.009936,2.8256701235555464,9.740892265736524e-05,3.7756103342504046e-11,-0.005837,21.930549495675383,102.66,116889.0,11999824.74,0.0050000000000025,102.68,102.67
2019-05-20,ATO,32986,ATMOS ENERGY CORP,,,0.001851,-0.6156847829479137,9.722897423437156e-05,1.826801607721413e-11,-0.006749,8.428243889502006,102.85,116889.0,12022033.65,0.0050000000000025,102.87,102.86
2019-05-21,ATO,32986,ATMOS ENERGY CORP,,,-0.007681,-0.2721411250252494,0.000195963158926,-1.0495527761200828e-10,0.008496,6.134572115425746,102.06,116889.0,11929691.34,0.009999999999998,102.06,102.04
2019-05-22,ATO,32986,ATMOS ENERGY CORP,,,0.008132,-0.1924542300268874,0.0001943823500825,1.3648946666089335e-10,-0.002824,4.95394776240707,102.89,116889.0,12026709.21,0.009999999999998,102.89,102.87
2019-05-23,ATO,32986,ATMOS ENERGY CORP,,,0.004568,0.3354373106852115,0.0001934984520123,5.715115645735423e-11,-0.011914,6.615686677103919,103.36,116889.0,12081647.04,0.009999999999998,103.36,103.34
2019-05-24,ATO,32986,ATMOS ENERGY CORP,,,-0.000242,-0.1410589149632549,0.0002918004085205,-3.543790654802044e-12,0.001354,5.682485092694779,102.81,116889.0,12017358.09,0.0150000000000005,102.83,102.8
2019-05-28,ATO,32986,ATMOS ENERGY CORP,,,-0.012645,0.9981617536358436,0.0001970249236528,-9.385716146281012e-11,-0.008376,11.354524377828538,101.51,116889.0,11865402.39,0.009999999999998,101.49,101.47
2019-05-29,ATO,32986,ATMOS ENERGY CORP,,,-0.007586,-0.2728585109164351,0.0003970617431009,-7.802780255556512e-11,-0.006912,8.256345763929883,100.74,116889.0,11775397.86,0.019999999999996,100.74,100.7
2019-05-30,ATO,32986,ATMOS ENERGY CORP,,,-0.000993,-0.2440160153190007,0.0002980922098569,-1.352397968461929e-11,0.002098,6.241665169519801,100.64,116889.0,11763708.96,0.0150000000000005,100.67,100.64
2019-05-31,ATO,32986,ATMOS ENERGY CORP,,,0.011526,0.0440896294042341,0.000196463654224,1.4863426657504384e-10,-0.013195,6.511343043730981,101.8,116988.0,11909378.4,0.0100000000000051,101.79,101.77
2019-06-03,ATO,32986,ATMOS ENERGY CORP,,,0.010511,-0.2258434208643529,0.0003888402838534,1.7326649673583434e-10,-0.002765,5.040799056313468,102.87,116988.0,12034555.56,0.0200000000000031,102.87,102.83
2019-06-04,ATO,32986,ATMOS ENERGY CORP,,,-0.012832,0.5797972912247145,9.847365829645607e-05,-1.3563518267069095e-10,0.021432,7.963440694772113,101.55,116988.0,11880131.4,0.0050000000000025,101.53,101.52
2019-06-05,ATO,32986,ATMOS ENERGY CORP,,,0.02255,-0.212833032962763,0.0003852080123265,2.9612354461489193e-10,0.008162,6.268557458884672,103.84,116988.0,12148033.92,0.019999999999996,103.85,103.81
2019-06-06,ATO,32986,ATMOS ENERGY CORP,,,0.00366,-0.1687020860548772,0.0002878526194588,5.760555940412632e-11,0.006136,5.211038739015968,104.22,116988.0,12192489.36,0.0150000000000005,104.25,104.22
2019-06-07,ATO,32986,ATMOS ENERGY CORP,,,-9.6e-05,-0.0910783443701005,0.0001919201612128,-1.6625310614812897e-12,0.010498,4.736425958217937,104.21,116988.0,12191319.48,0.009999999999998,104.24,104.22
2019-06-10,ATO,32986,ATMOS ENERGY CORP,,,-0.01046,-0.1421156639987005,9.69743987586395e-05,-2.1338700747989763e-10,0.00466,4.063305638185113,103.12,116988.0,12063802.56,0.0049999999999954,103.13,103.12
2019-06-11,ATO,32986,ATMOS ENERGY CORP,,,-0.004849,0.0037003689850596,9.744689144421276e-05,-9.903649977107209e-11,-0.00035,4.078341368345472,102.62,116988.0,12005308.56,0.0050000000000025,102.62,102.61
2019-06-12,ATO,32986,ATMOS ENERGY CORP,,,0.016663,-0.095045869252196,0.0001916994153168,3.6990698237061486e-10,-0.002038,3.6907118678838855,104.33,116988.0,12205358.04,0.0100000000000051,104.34,104.32
2019-06-13,ATO,32986,ATMOS ENERGY CORP,,,0.002013,-0.0239039856960551,9.565716472155064e-05,4.568959221176909e-11,0.004097,3.6024891441857285,104.54,116988.0,12229925.52,0.0049999999999954,104.55,104.54
2019-06-14,ATO,32986,ATMOS ENERGY CORP,,,0.004305,-0.0595613219187183,0.0003809886655872,1.0345482263936628e-10,-0.001612,3.3879201285601943,104.99,116988.0,12282570.12,0.0200000000000031,105.0,104.96
2019-06-17,ATO,32986,ATMOS ENERGY CORP,,,-0.002286,-0.2112926584348019,0.0001909307875894,-6.981228153934157e-11,0.000932,2.6720774780319347,104.75,116988.0,12254493.0,0.009999999999998,104.77,104.75
2019-06-18,ATO,32986,ATMOS ENERGY CORP,,,-0.000668,0.7618433722220979,0.00019105846389,-1.1586575302084667e-11,0.009717,4.707781994734503,104.68,116988.0,12246303.840000002,0.0100000000000051,104.68,104.66
2019-06-19,ATO,32986,ATMOS ENERGY CORP,,,0.009553,0.1514814236483075,0.0004731264193793,1.4253856329576958e-10,0.002985,5.420923513522754,105.68,116988.0,12363291.840000002,0.0250000000000056,105.68,105.63
2019-06-20,ATO,32986,ATMOS ENERGY CORP,,,0.002082,-0.3827885641841551,0.0001888574126534,5.022688039145123e-11,0.009472,3.3458559852292544,105.9,116988.0,12389029.2,0.009999999999998,105.91,105.89
2019-06-21,ATO,32986,ATMOS ENERGY CORP,,,0.014731,3.652541355304336,0.0002791736460078,7.527427665599282e-11,-0.001259,15.56673334017164,107.46,116988.0,12571530.48,0.0150000000000005,107.49,107.46
2019-06-24,ATO,32986,ATMOS ENERGY CORP,,,-0.004095,-0.4973090750147848,0.0001868809568305,-4.179738504539752e-11,-0.001732,7.8252555817690705,107.02,116988.0,12520055.76,0.0100000000000051,107.04,107.02
2019-06-25,ATO,32986,ATMOS ENERGY CORP,,,0.008503,-0.110558505496138,0.000277957935699,9.675485538408778e-11,-0.009496,6.96010701952337,107.93,116988.0,12626514.840000002,0.0150000000000005,107.93,107.9
2019-06-26,ATO,32986,ATMOS ENERGY CORP,,,-0.035671,0.0221836317883104,9.607993850888852e-05,-4.117767719976174e-10,-0.001234,7.114507470851711,104.08,116988.0,12176111.04,0.0050000000000025,104.11,104.1
2019-06-27,ATO,32986,ATMOS ENERGY CORP,,,0.007206,-0.310614288872442,9.539254030339709e-05,1.1980094346059275e-10,0.003823,4.904639792115431,104.83,116988.0,12263852.04,0.0050000000000025,104.83,104.82
2019-06-28,ATO,32986,ATMOS ENERGY CORP,,,0.006964,0.3401140498863684,9.473285335359149e-05,8.579642398770164e-11,0.005757,6.572776695045646,105.56,116988.0,12349253.28,0.0050000000000025,105.54,105.53
2019-07-01,ATO,32986,ATMOS ENERGY CORP,,,-0.002747,-0.0320351758793969,0.0001899876508027,-3.505938285584036e-11,0.007672,6.362216637603857,105.27,116988.0,12315326.76,0.0100000000000051,105.29,105.27
2019-07-02,ATO,32986,ATMOS ENERGY CORP,,,0.012064,-0.1463664663450234,0.0003754458419373,1.7822039393021588e-10,0.002928,5.431001470236264,106.54,116988.0,12463901.52,0.0200000000000031,106.54,106.5
2019-07-03,ATO,32986,ATMOS ENERGY CORP,,,0.007321,-0.4021298094629518,0.0001863585538575,1.7958150453736747e-10,0.007672,3.2470338838171435,107.32,116988.0,12555152.159999998,0.009999999999998,107.31,107.29
2019-07-05,ATO,32986,ATMOS ENERGY CORP,,,-0.001957,-0.1956252764147168,0.0001867239286714,-5.979629203608633e-11,-0.001806,2.6118319827674634,107.11,116988.0,12530584.68,0.009999999999998,107.13,107.11
2019-07-08,ATO,32986,ATMOS ENERGY CORP,,,-0.002801,0.4571481870575644,0.000280872577474,-5.889940686922052e-11,-0.004835,3.805826238588573,106.81,116988.0,12495488.28,0.0150000000000005,106.84,106.81
2019-07-09,ATO,32986,ATMOS ENERGY CORP,,,0.001592,0.503580123799513,9.347541596564888e-05,2.222918915542908e-11,0.001237,5.722364686976442,106.98,116988.0,12515376.24,0.0050000000000025,106.97,106.96
2019-07-10,ATO,32986,ATMOS ENERGY CORP,,,-0.001589,-0.3401996869062272,9.362419249138764e-05,-3.3680816901154825e-11,0.004511,3.7756180121038057,106.81,116988.0,12495488.28,0.0050000000000025,106.81,106.8
2019-07-11,ATO,32986,ATMOS ENERGY CORP,,,0.001779,0.1464901675790464,9.345794392528144e-05,3.2831631917210985e-11,0.002285,4.328708927411358,107.0,116988.0,12517716.0,0.0050000000000025,107.0,106.99
2019-07-12,ATO,32986,ATMOS ENERGY CORP,,,-0.005047,-0.2854364177430406,0.0002817959797107,-1.310105482414792e-10,0.00462,3.09313775771874,106.46,116988.0,12454542.48,0.0150000000000005,106.47,106.44
2019-07-15,ATO,32986,ATMOS ENERGY CORP,,,0.007515,0.7415243464323218,0.0002796942010069,1.1117856473342592e-10,0.000176,5.386774711936267,107.26,116988.0,12548132.88,0.0150000000000005,107.27,107.24
2019-07-16,ATO,32986,ATMOS ENERGY CORP,,,-0.001492,-0.0998781316051717,0.0002801120448179,-2.4558843421745733e-11,-0.003404,4.8487537183300855,107.1,116988.0,12529414.8,0.0150000000000005,107.1,107.07
2019-07-17,ATO,32986,ATMOS ENERGY CORP,,,0.007656,0.2412339619847474,0.0001853224610822,1.0075692296000907e-10,-0.006531,6.018437788491127,107.92,116988.0,12625344.96,0.009999999999998,107.92,107.9
2019-07-18,ATO,32986,ATMOS ENERGY CORP,,,0.00454,-0.2311837349183692,9.22424130614418e-05,7.736398884549512e-11,0.003582,4.627072862173899,108.41,116988.0,12682669.08,0.0049999999999954,108.41,108.4
2019-07-19,ATO,32986,ATMOS ENERGY CORP,,,-0.010516,0.3133294661858594,9.322270905197274e-05,-1.3789577300291366e-10,-0.006177,6.076871132081923,107.27,116988.0,12549302.76,0.0050000000000025,107.28,107.27
2019-07-22,ATO,32986,ATMOS ENERGY CORP,,,0.001585,-0.2265033667594571,9.307520476536584e-05,2.6827703389417803e-11,0.002829,4.7004393613020135,107.44,116988.0,12569190.72,0.0049999999999954,107.46,107.45
2019-07-23,ATO,32986,ATMOS ENERGY CORP,,,0.001768,0.0533629147382681,9.291089844843554e-05,2.8359013888351784e-11,0.006848,4.951268506171573,107.63,116988.0,12591418.44,0.0050000000000025,107.64,107.63
2019-07-24,ATO,32986,ATMOS ENERGY CORP,,,9.3e-05,0.4537298075578475,0.0002787068004459,1.0260482145298782e-12,0.004688,7.197806612644031,107.64,116988.0,12592588.32,0.0150000000000005,107.64,107.61
2019-07-25,ATO,32986,ATMOS ENERGY CORP,,,-0.004924,-0.4010274838876703,0.0001867239286714,-9.114642501603641e-11,-0.005262,4.311288337265361,107.11,116988.0,12530584.68,0.009999999999998,107.13,107.11
2019-07-26,ATO,32986,ATMOS ENERGY CORP,,,0.009523,0.001590105656771,9.248127254222608e-05,1.743368400839359e-10,0.007388,4.318143741238417,108.13,116988.0,12649912.44,0.0049999999999954,108.16,108.15
2019-07-29,ATO,32986,ATMOS ENERGY CORP,,,0.006844,0.0405961545694428,9.185266832006167e-05,1.1958622314800106e-10,-0.001616,4.493443772010805,108.87,116988.0,12736483.56,0.0050000000000025,108.87,108.86
2019-07-30,ATO,32986,ATMOS ENERGY CORP,,,0.0,0.1021193542066545,0.00027555800496,0.0,-0.002579,4.952311348172462,108.87,116988.0,12736483.56,0.0150000000000005,108.88,108.85
2019-07-31,ATO,32986,ATMOS ENERGY CORP,,,0.001561,0.8327519456780832,0.0002751283932501,1.3482303953524555e-11,-0.010886,9.076358258966732,109.04,116988.0,12756371.52,0.0150000000000005,109.03,109.0
2019-08-01,ATO,32986,ATMOS ENERGY CORP,,,0.009171,-0.2115527511595601,9.08760450744357e-05,9.954983013216879e-11,-0.008999,7.156229698772524,110.04,116988.0,12873359.52,0.0049999999999954,110.1,110.09
2019-08-02,ATO,32986,ATMOS ENERGY CORP,,,-0.003726,-0.2452672203422627,0.0002736477241631,-5.378914428590058e-11,-0.007283,5.401041132423838,109.63,116988.0,12825394.44,0.0150000000000005,109.66,109.63
2019-08-05,ATO,32986,ATMOS ENERGY CORP,,,-0.024537,0.3949928543958523,9.351037965218923e-05,-2.6030978829144635e-10,-0.029778,7.534413786029336,106.94,116988.0,12510696.72,0.0050000000000025,106.97,106.96
2019-08-06,ATO,32986,ATMOS ENERGY CORP,,,0.013185,-0.1342683983862697,0.0001845869866175,1.5946932777985944e-10,0.013017,6.522780114199747,108.35,116988.0,12675649.8,0.0100000000000051,108.34,108.32
2019-08-07,ATO,32986,ATMOS ENERGY CORP,,,-0.003876,-0.0041279696810455,9.265264523293711e-05,-4.725676640605615e-11,0.000767,6.495854275652204,107.93,116988.0,12626514.840000002,0.0049999999999954,108.02,108.01
2019-08-08,ATO,32986,ATMOS ENERGY CORP,,,0.013898,0.1264394285315757,0.0002741478570775,1.4836466300805235e-10,0.018762,7.31718637809006,109.43,116988.0,12801996.840000002,0.0150000000000005,109.47,109.44
2019-08-09,ATO,32986,ATMOS ENERGY CORP,,,-0.00795,-0.3202776093632998,9.211495946933404e-05,-1.258578429413829e-10,-0.006617,4.973655417649674,108.56,116988.0,12700217.28,0.0049999999999954,108.57,108.56
2019-08-12,ATO,32986,ATMOS ENERGY CORP,,,0.003316,-0.2989268859412434,-0.0019280205655526,7.463225552517825e-11,-0.012184,3.4868960919068623,108.92,116988.0,12742332.96,-0.1049999999999968,108.67,108.88
2019-08-13,ATO,32986,ATMOS ENERGY CORP,,,0.001561,0.384793773365202,9.166743056196824e-05,2.533101178759112e-11,0.014994,4.82863199644408,109.09,116988.0,12762220.92,0.0050000000000025,109.09,109.08
2019-08-14,ATO,32986,ATMOS ENERGY CORP,,,-0.007242,0.343343506369359,0.0005540166204986,-8.812062307164954e-11,-0.029293,6.486511437070469,108.3,116988.0,12669800.4,0.0300000000000011,108.31,108.25
2019-08-15,ATO,32986,ATMOS ENERGY CORP,,,0.00988,-0.1387347070017025,9.14327512114008e-05,1.3821948846320975e-10,0.002464,5.586607173385304,109.37,116988.0,12794977.56,0.0049999999999954,109.38,109.37
2019-08-16,ATO,32986,ATMOS ENERGY CORP,,,0.009783,0.0555858168876592,9.054690329582494e-05,1.283993006100727e-10,0.014426,5.897143296748385,110.44,116988.0,12920154.72,0.0049999999999954,110.44,110.43
2019-08-19,ATO,32986,ATMOS ENERGY CORP,,,0.003984,-0.0875683980895644,0.0001803751803751,5.707984649399972e-11,0.012106,5.380739904947516,110.88,116988.0,12971629.44,0.009999999999998,110.88,110.86
2019-08-20,ATO,32986,ATMOS ENERGY CORP,,,-0.006043,-0.101108530506035,0.0002722076036657,-9.69038466358922e-11,-0.007915,4.836701200123089,110.21,116988.0,12893247.48,0.0150000000000005,110.25,110.22
2019-08-21,ATO,32986,ATMOS ENERGY CORP,,,0.007894,-0.3974473168904063,0.0003601008282318,2.0843740196854175e-10,0.008247,2.914367285533559,111.08,116988.0,12995027.04,0.019999999999996,111.1,111.06
2019-08-22,ATO,32986,ATMOS ENERGY CORP,,,0.00108,0.4232459099094872,0.0002697841726618,2.001489998109704e-11,-0.000506,4.147861319109652,111.2,116988.0,13009065.6,0.0150000000000005,111.23,111.2
2019-08-23,ATO,32986,ATMOS ENERGY CORP,,,-0.01839,0.1762266872746007,0.00027616680475,-2.966028889554918e-10,-0.025946,4.878825178650802,108.63,116988.0,12708406.44,0.0150000000000005,108.7,108.67
2019-08-26,ATO,32986,ATMOS ENERGY CORP,,,0.005707,-0.0314385630488257,0.000366132723112,9.449366207811384e-11,0.010983,4.72544192566759,109.25,116988.0,12780939.0,0.019999999999996,109.27,109.23
2019-08-27,ATO,32986,ATMOS ENERGY CORP,,,-0.011076,0.8496906768930212,0.0001851166234727,-1.0025718752919664e-10,-0.003203,8.740605874106746,108.04,116988.0,12639383.52,0.009999999999998,108.02,108.0
2019-08-28,ATO,32986,ATMOS ENERGY CORP,,,0.002221,0.2526155302548736,0.000184706316956,1.6013994144520602e-11,0.006545,10.948618661743083,108.28,116988.0,12667460.64,0.009999999999998,108.27,108.25
2019-08-29,ATO,32986,ATMOS ENERGY CORP,,,0.0157,-0.445462686310806,0.0001818512456809,2.009807750707969e-10,0.012687,6.0714175812903886,109.98,116988.0,12866340.24,0.009999999999998,109.96,109.94
2019-08-30,ATO,32986,ATMOS ENERGY CORP,,,0.002273,-0.1195636105608609,0.0002721582146421,3.297389296289653e-11,0.000643,5.290640519115744,110.23,118201.0,13029296.23,0.0150000000000005,110.23,110.2
2019-09-03,ATO,32986,ATMOS ENERGY CORP,,,0.013971,0.8065143381641584,0.0002684083385523,1.1064490605092006e-10,-0.006899,9.557617955854855,111.77,118201.0,13211325.77,0.0150000000000005,111.75,111.72
2019-09-04,ATO,32986,ATMOS ENERGY CORP,,,-0.007247,-0.1141681124526431,9.012256669074548e-05,-6.526339863895971e-11,0.010842,8.46644275429142,110.96,118201.0,13115582.96,0.0050000000000025,110.97,110.96
2019-09-05,ATO,32986,ATMOS ENERGY CORP,,,-0.011536,-0.2338914525422136,9.117432530990978e-05,-1.371877618313939e-10,0.01301,6.486214160624699,109.68,118201.0,12964285.680000002,0.0049999999999954,109.69,109.68
2019-09-06,ATO,32986,ATMOS ENERGY CORP,,,-0.005379,-0.1018968874767339,0.0002750022916857,-7.16107077855182e-11,0.000911,5.825289126149525,109.09,118201.0,12894547.09,0.0150000000000005,109.08,109.05
2019-09-09,ATO,32986,ATMOS ENERGY CORP,,,-0.012375,0.3441787511527765,9.281603861151955e-05,-1.2410022655041395e-10,-9.4e-05,7.8302298626915166,107.74,118201.0,12734975.74,0.0050000000000025,107.75,107.74
2019-09-10,ATO,32986,ATMOS ENERGY CORP,,,0.009839,-0.2892005864678064,0.0001838235294117,1.374609504162159e-10,0.000322,5.565722794223399,108.8,118201.0,12860268.8,0.009999999999998,108.8,108.78
2019-09-11,ATO,32986,ATMOS ENERGY CORP,,,0.007077,0.4966832554562119,9.126585744277736e-05,6.559714096600901e-11,0.00723,8.330124110625121,109.57,118201.0,12951283.569999998,0.0050000000000025,109.54,109.53
2019-09-12,ATO,32986,ATMOS ENERGY CORP,,,-0.001186,-0.3383995393188703,9.137426900576484e-05,-1.6635665640863833e-11,0.002879,5.511213949120566,109.44,118201.0,12935917.44,0.0049999999999954,109.44,109.43
2019-09-13,ATO,32986,ATMOS ENERGY CORP,,,0.00265,-0.2501016991822617,9.11327804611785e-05,4.943672623360554e-11,-0.000724,4.132849975888528,109.73,118201.0,12970195.73,0.0050000000000025,109.72,109.71
2019-09-16,ATO,32986,ATMOS ENERGY CORP,,,0.003463,-0.2918770867152364,9.081827263650092e-05,9.091724983306739e-11,-0.003136,2.92656576509505,110.11,118201.0,13015112.11,0.0050000000000025,110.11,110.1
2019-09-17,ATO,32986,ATMOS ENERGY CORP,,,0.00772,1.2175195057859698,9.01225666906174e-05,9.069930619081687e-11,0.002582,6.489716669063713,110.96,118201.0,13115582.96,0.0049999999999954,110.94,110.93
2019-09-18,ATO,32986,ATMOS ENERGY CORP,,,0.00757,0.1744108586856056,8.944543828256624e-05,7.516006213920192e-11,0.000343,7.621593725941405,111.8,118201.0,13214871.8,0.0049999999999954,111.8,111.79
2019-09-19,ATO,32986,ATMOS ENERGY CORP,,,0.004293,-0.5412019358849125,0.0002671891699323,9.250601278740028e-11,2e-05,3.496772446933613,112.28,118201.0,13271608.28,0.0150000000000005,112.28,112.25
2019-09-20,ATO,32986,ATMOS ENERGY CORP,,,0.006234,1.9492236077440837,0.0001770224818551,4.526567528584534e-11,-0.004896,10.312763851405656,112.98,118201.0,13354348.98,0.009999999999998,112.96,112.94
2019-09-23,ATO,32986,ATMOS ENERGY CORP,,,-0.003452,-0.5546543459731463,0.0003552713384846,-5.647776805596114e-11,-9.7e-05,4.592744562228746,112.59,118201.0,13308250.59,0.019999999999996,112.63,112.59
2019-09-24,ATO,32986,ATMOS ENERGY CORP,,,0.015099,0.7957271302178988,8.749671887308702e-05,1.3552086527588243e-10,-0.008416,8.247316012554885,114.29,118201.0,13509192.29,0.0050000000000025,114.25,114.24
2019-09-25,ATO,32986,ATMOS ENERGY CORP,,,0.001137,0.334091405675387,0.0002621919244887,7.640805564300245e-12,0.006159,11.002673412238476,114.42,118201.0,13524558.42,0.0150000000000005,114.45,114.42
2019-09-26,ATO,32986,ATMOS ENERGY CORP,,,0.00201,-0.4432810699047386,8.722197993898923e-05,2.421400549112447e-11,-0.002429,6.125396570248983,114.65,118201.0,13551744.65,0.0050000000000025,114.65,114.64
2019-09-27,ATO,32986,ATMOS ENERGY CORP,,,-0.005233,0.0346188268961973,8.768084173612553e-05,-6.125191996252937e-11,-0.005316,6.337450613784993,114.05,118201.0,13480824.05,0.0050000000000025,114.03,114.02
2019-09-30,ATO,32986,ATMOS ENERGY CORP,,,-0.001403,-0.1189972406630418,0.0003512160856967,-1.866633564179968e-11,0.005048,5.583311477906278,113.89,118201.0,13461911.89,0.0200000000000031,113.9,113.86
2019-10-01,ATO,32986,ATMOS ENERGY CORP,,,-0.00799,0.152598745668252,8.851124092764308e-05,-9.297240360837568e-11,-0.012258,6.435317806109931,112.98,118201.0,13354348.98,0.0050000000000025,113.03,113.02
2019-10-02,ATO,32986,ATMOS ENERGY CORP,,,-0.0131,-0.2667140815685305,8.96860986547544e-05,-2.1063567708830359e-10,-0.017903,4.71892792785171,111.5,118201.0,13179411.5,0.0050000000000025,111.54,111.53
2019-10-03,ATO,32986,ATMOS ENERGY CORP,,,0.002601,0.0891459387359219,0.0002683603184541,3.8298946199680326e-11,0.007972,5.13960118780721,111.79,118201.0,13213689.79,0.0149999999999934,111.82,111.79
2019-10-04,ATO,32986,ATMOS ENERGY CORP,,,0.012076,-0.318355703482764,0.0001767721407105,2.5774992830545725e-10,0.014217,3.5033798360419963,113.14,118201.0,13373261.14,0.009999999999998,113.14,113.12
2019-10-07,ATO,32986,ATMOS ENERGY CORP,,,-0.003977,0.0696783167472827,0.0001774780370928,-7.967253633179993e-11,-0.004478,3.7474894459437738,112.69,118201.0,13320070.69,0.009999999999998,112.69,112.67
2019-10-08,ATO,32986,ATMOS ENERGY CORP,,,-0.012867,0.0249775937619227,0.0003595828838547,-2.5476536143475697e-10,-0.015561,3.84109271495165,111.24,118201.0,13148679.24,0.0200000000000031,111.25,111.21
2019-10-09,ATO,32986,ATMOS ENERGY CORP,,,0.000719,0.3607608458639577,0.0002694933524973,1.045437194395953e-11,0.009105,5.226808571839494,111.32,118201.0,13158135.319999998,0.0150000000000005,111.34,111.31
2019-10-10,ATO,32986,ATMOS ENERGY CORP,,,-0.004222,0.0040643300410803,9.0211998195678e-05,-6.139927560270807e-11,0.006416,5.248052046936997,110.85,118201.0,13102580.85,0.0049999999999954,110.85,110.84
2019-10-11,ATO,32986,ATMOS ENERGY CORP,,,0.004601,-0.2841977995405634,0.0003591954022987,9.304878307642568e-11,0.010939,3.756567203323153,111.36,118201.0,13162863.36,0.019999999999996,111.41,111.37
2019-10-14,ATO,32986,ATMOS ENERGY CORP,,,0.0,0.6197779429317838,0.0001795977011493,0.0,-0.001387,6.084804697083781,111.36,118201.0,13162863.36,0.009999999999998,111.36,111.34
2019-10-15,ATO,32986,ATMOS ENERGY CORP,,,-0.012302,-0.0140135978755057,0.0002727520683698,-1.5771892234920901e-10,0.009956,5.99953469090786,109.99,118201.0,13000927.99,0.0150000000000005,110.02,109.99
2019-10-16,ATO,32986,ATMOS ENERGY CORP,,,0.010183,0.7944076790415582,0.000270002700027,7.202159870300398e-11,-0.002,10.765611120041283,111.11,118201.0,13133313.11,0.0150000000000005,111.11,111.08
2019-10-17,ATO,32986,ATMOS ENERGY CORP,,,0.00657,-0.5689065513247089,0.0003576537911302,1.0708704865410375e-10,0.002763,4.640984424835661,111.84,118201.0,13219599.84,0.0200000000000031,111.87,111.83
2019-10-18,ATO,32986,ATMOS ENERGY CORP,,,-0.002146,0.3518809848897768,0.0001792114695341,-2.5929599084416915e-11,-0.003919,6.274058595104949,111.6,118201.0,13191231.6,0.0100000000000051,111.62,111.6
2019-10-21,ATO,32986,ATMOS ENERGY CORP,,,0.002509,-0.1617111650485436,0.0002681444404719,3.607321087621254e-11,0.006872,5.259473270107698,111.88,118201.0,13224327.88,0.0150000000000005,111.88,111.85
2019-10-22,ATO,32986,ATMOS ENERGY CORP,,,0.004022,-0.1658744520850926,0.0002670702394729,6.904806003608304e-11,-0.003569,4.387061023172393,112.33,118201.0,13277518.33,0.0150000000000005,112.33,112.3
2019-10-23,ATO,32986,ATMOS ENERGY CORP,,,0.006054,0.127047275602395,8.84877444474393e-05,9.166184233765948e-11,0.002847,4.944425174067901,113.01,118201.0,13357895.01,0.0050000000000025,112.98,112.97
2019-10-24,ATO,32986,ATMOS ENERGY CORP,,,0.003628,-0.1696284965334099,8.816787162762401e-05,6.591256900691249e-11,0.00192,4.105709765568819,113.42,118201.0,13406357.42,0.0050000000000025,113.45,113.44
2019-10-25,ATO,32986,ATMOS ENERGY CORP,,,-0.009875,0.0165877119054438,0.00026714158504,-1.7823914728861335e-10,0.004073,4.173814096327442,112.3,118201.0,13273972.3,0.0150000000000005,112.3,112.27
2019-10-28,ATO,32986,ATMOS ENERGY CORP,,,-0.01211,0.2230571056189432,9.013881377325688e-05,-1.809068427583937e-10,0.005581,5.104812988045786,110.94,118201.0,13113218.94,0.0050000000000025,110.95,110.94
2019-10-29,ATO,32986,ATMOS ENERGY CORP,,,0.005589,1.004980162215733,0.0001792757260666,4.1410887357867566e-11,-0.000832,10.235048772853022,111.56,118201.0,13186503.56,0.009999999999998,111.55,111.53
2019-10-30,ATO,32986,ATMOS ENERGY CORP,,,0.006902,-0.5562844222110725,0.0001780468263152,1.1446255944705564e-10,0.003253,4.541450579944332,112.33,118201.0,13277518.33,0.009999999999998,112.33,112.31
2019-10-31,ATO,32986,ATMOS ENERGY CORP,,,0.001335,0.7109689942697894,8.890469416789754e-05,1.2922545657009054e-11,-0.003023,7.770281131293306,112.48,118201.0,13295248.48,0.0050000000000025,112.48,112.47
2019-11-01,ATO,32986,ATMOS ENERGY CORP,,,-0.006935,-0.4468787256860707,8.952551477175573e-05,-1.2221233638673676e-10,0.009662,4.297907801118434,111.7,118201.0,13203051.7,0.0050000000000025,111.7,111.69
2019-11-04,ATO,32986,ATMOS ENERGY CORP,,,-0.019785,0.7285543594013586,0.0001826650835693,-2.0577864897869467e-10,0.003704,7.429167265928376,109.49,118201.0,12941827.49,0.0100000000000051,109.51,109.49
2019-11-05,ATO,32986,ATMOS ENERGY CORP,,,-0.014339,0.1867548839301474,9.2661230541189e-05,-1.2749542857178503e-10,-0.001186,8.81660053637448,107.92,118201.0,12756251.92,0.0050000000000025,107.92,107.91
2019-11-06,ATO,32986,ATMOS ENERGY CORP,,,0.007876,-0.2426259270667506,0.0001838742300266,9.174107612161848e-11,0.000703,6.677464657659411,108.77,118201.0,12856722.77,0.009999999999998,108.77,108.75
2019-11-07,ATO,32986,ATMOS ENERGY CORP,,,-0.005424,0.5665090974973488,9.24385283786755e-05,-4.055151028297684e-11,0.00273,10.460309134440488,108.18,118201.0,12786984.180000002,0.0050000000000025,108.22,108.21
2019-11-08,ATO,32986,ATMOS ENERGY CORP,,,-0.00795,-0.2284427851723404,0.0002795378307864,-7.765200211999227e-11,0.002561,8.070726982005228,107.32,118201.0,12685331.319999998,0.0150000000000005,107.29,107.26
2019-11-11,ATO,32986,ATMOS ENERGY CORP,,,0.00177,-0.4487372742062626,0.0002790438098781,3.130631634326557e-11,-0.001962,4.449090955237265,107.51,118201.0,12707789.51,0.0150000000000005,107.54,107.51
2019-11-12,ATO,32986,ATMOS ENERGY CORP,,,-0.004744,0.5994443673260605,9.345794392528144e-05,-5.271076614843043e-11,0.001565,7.116073468075566,107.0,118201.0,12647507.0,0.0050000000000025,107.01,107.0
2019-11-13,ATO,32986,ATMOS ENERGY CORP,,,0.019813,0.0641009027174255,9.164222873891958e-05,2.0286237078913048e-10,0.000712,7.5722202011827315,109.12,118201.0,12898093.12,0.0049999999999954,109.13,109.12
2019-11-14,ATO,32986,ATMOS ENERGY CORP,,,0.004124,-0.118027717073127,9.126585744264767e-05,4.7679058643460286e-11,0.000837,6.678488337662118,109.57,118201.0,12951283.569999998,0.0049999999999954,109.57,109.56
2019-11-15,ATO,32986,ATMOS ENERGY CORP,,,-0.00073,-0.0710067341944048,9.13325417845548e-05,-9.091520363752916e-12,0.007695,6.204270691449311,109.49,118201.0,12941827.49,0.0049999999999954,109.49,109.48
2019-11-18,ATO,32986,ATMOS ENERGY CORP,,,-0.001827,0.31332472444982,9.149967975116768e-05,-1.73569779827082e-11,0.000503,8.148222096259762,109.29,118201.0,12918187.29,0.0050000000000025,109.28,109.27
2019-11-19,ATO,32986,ATMOS ENERGY CORP,,,-0.005947,-0.2858872340955719,9.204712812964944e-05,-7.958979313019899e-11,-0.000593,5.818749418363635,108.64,118201.0,12841356.64,0.0050000000000025,108.65,108.64
2019-11-20,ATO,32986,ATMOS ENERGY CORP,,,0.001381,-0.1899846172188281,9.192021325481116e-05,2.2785608422155904e-11,-0.003756,4.713276537423542,108.79,118201.0,12859086.79,0.0049999999999954,108.8,108.79
2019-11-21,ATO,32986,ATMOS ENERGY CORP,,,-0.006894,0.2339180131894012,0.0001851166234728,-9.282315529087194e-11,-0.001583,5.815796820669876,108.04,118201.0,12770436.04,0.0100000000000051,108.04,108.02
2019-11-22,ATO,32986,ATMOS ENERGY CORP,,,-0.001342,-0.041618601376425,0.0002795378307864,-1.8980301179294653e-11,0.002175,5.573751491104137,107.32,118201.0,12685331.319999998,0.0150000000000005,107.35,107.32
2019-11-25,ATO,32986,ATMOS ENERGY CORP,,,-0.005218,0.1711506732460768,9.36680404646414e-05,-6.334523985741598e-11,0.007507,6.527702811312933,106.76,118201.0,12619138.76,0.0050000000000025,106.76,106.75
2019-11-26,ATO,32986,ATMOS ENERGY CORP,,,0.004964,0.5662944007174879,0.0002796159940348,3.828402643527234e-11,0.002196,10.224304362907253,107.29,118201.0,12681785.29,0.0150000000000005,107.31,107.28
2019-11-27,ATO,32986,ATMOS ENERGY CORP,,,-0.003449,0.2520349219667313,9.352787130569692e-05,-2.13188062050345e-11,0.004174,12.80118611517669,106.92,118201.0,12638050.92,0.0050000000000025,106.89,106.88
2019-11-29,ATO,32986,ATMOS ENERGY CORP,,,0.000374,-0.6669462227870622,0.0004674644727,6.938482255702096e-12,-0.004011,4.222650489341735,106.96,119344.0,12765034.239999998,0.0249999999999985,107.05,107.0
2019-12-02,ATO,32986,ATMOS ENERGY CORP,,,-0.011219,0.9525189106812608,0.0002836611195158,-1.0780818413636464e-10,-0.008631,8.244804933637218,105.76,119344.0,12621821.44,0.0150000000000005,105.79,105.76
2019-12-03,ATO,32986,ATMOS ENERGY CORP,,,-0.002742,-0.1993713210185697,9.481369109704292e-05,-3.300094580530148e-11,-0.006638,6.601027282477544,105.47,119344.0,12587211.68,0.0050000000000025,105.48,105.47
2019-12-04,ATO,32986,ATMOS ENERGY CORP,,,0.014412,0.4144642056987051,0.0001869333582577,1.2088627257398743e-10,0.006324,9.33691681190508,106.99,119344.0,12768614.56,0.009999999999998,106.99,106.97
2019-12-05,ATO,32986,ATMOS ENERGY CORP,,,-0.00215,-0.3729221353220169,0.0002810041213937,-2.8820688051176088e-11,0.0015,5.8549738570854,106.76,119344.0,12741165.44,0.0150000000000005,106.8,106.77
2019-12-06,ATO,32986,ATMOS ENERGY CORP,,,-0.002248,-0.0716201363566109,9.387908374019073e-05,-3.253223396055266e-11,0.009136,5.435639831076552,106.52,119344.0,12712522.88,0.0050000000000025,106.5,106.49
2019-12-09,ATO,32986,ATMOS ENERGY CORP,,,-0.001971,0.0654821638603322,9.406452826643888e-05,-2.6823476209588698e-11,-0.003163,5.791577289180856,106.31,119344.0,12687460.64,0.0050000000000025,106.33,106.32
2019-12-10,ATO,32986,ATMOS ENERGY CORP,,,0.004139,-0.0771784892721249,0.0002810304449648,6.07872347100838e-11,-0.001097,5.344592103499129,106.75,119344.0,12739972.0,0.0150000000000005,106.75,106.72
2019-12-11,ATO,32986,ATMOS ENERGY CORP,,,0.004215,0.2085694800460926,0.0002798507462686,5.10053832642516e-11,0.002908,6.459310899584395,107.2,119344.0,12793676.8,0.0150000000000005,107.18,107.15
2019-12-12,ATO,32986,ATMOS ENERGY CORP,,,-0.006437,-0.1218620278123703,0.0002816636935499,-8.927782244193914e-11,0.008575,5.672166175090495,106.51,119344.0,12711329.44,0.0150000000000005,106.51,106.48
2019-12-13,ATO,32986,ATMOS ENERGY CORP,,,0.00507,0.0639629272356889,0.0002802428771602,6.575749438390467e-11,7.3e-05,6.034974527416543,107.05,119344.0,12775775.2,0.0150000000000005,107.05,107.02
2019-12-16,ATO,32986,ATMOS ENERGY CORP,,,0.012891,0.0658573971381681,0.0002766761966245,1.5486811627581255e-10,0.007148,6.432422241587344,108.43,119344.0,12940469.92,0.0150000000000005,108.43,108.4
2019-12-17,ATO,32986,ATMOS ENERGY CORP,,,0.002029,-0.0612710392863609,0.0002761159687068,2.591414981260567e-11,0.000335,6.038301045716584,108.65,119344.0,12966725.6,0.0150000000000005,108.65,108.62
2019-12-18,ATO,32986,ATMOS ENERGY CORP,,,0.013806,0.8903050781602337,0.0002723558783477,9.201022978345279e-11,-0.000432,11.414231130178308,110.15,119344.0,13145741.6,0.0150000000000005,110.2,110.17
2019-12-19,ATO,32986,ATMOS ENERGY CORP,,,0.005992,-0.131409023505748,9.024456276513955e-05,4.5701482074931594e-11,0.004459,9.914298163292669,110.81,119344.0,13224508.64,0.0050000000000025,110.81,110.8
2019-12-20,ATO,32986,ATMOS ENERGY CORP,,,0.013086,0.5229755952441322,8.907892392664453e-05,6.468839388743937e-11,0.004945,15.099234146668454,112.26,119344.0,13397557.44,0.0050000000000025,112.26,112.25
2019-12-23,ATO,32986,ATMOS ENERGY CORP,,,-0.010244,-0.6122825544685553,9.000090000904614e-05,-1.3196099144260177e-10,0.000866,5.854236492827456,111.11,119344.0,13260311.84,0.0050000000000025,111.11,111.1
2019-12-24,ATO,32986,ATMOS ENERGY CORP,,,-0.00477,-0.7427175711496734,0.0002712967986977,-2.399721342546593e-10,-0.000195,1.506192183938866,110.58,119344.0,13197059.52,0.0150000000000005,110.61,110.58
2019-12-26,ATO,32986,ATMOS ENERGY CORP,,,-0.000723,1.5060832800200274,9.049773755647878e-05,-1.4524444816405944e-11,0.005128,3.774643048666041,110.5,119344.0,13187512.0,0.0049999999999954,110.52,110.51
2019-12-27,ATO,32986,ATMOS ENERGY CORP,,,-0.003348,0.4398853669744118,9.080177971479985e-05,-4.6867891250387545e-11,3.4e-05,5.435053291325915,110.13,119344.0,13143354.72,0.0049999999999954,110.13,110.12
2019-12-30,ATO,32986,ATMOS ENERGY CORP,,,0.003087,-0.2280537308002423,9.052231375038576e-05,5.580855865346782e-11,-0.005781,4.195569111140904,110.47,119344.0,13183931.68,0.0050000000000025,110.45,110.44
2019-12-31,ATO,32986,ATMOS ENERGY CORP,,,0.012583,0.2739057669417395,0.0002681923833363,1.7635208910562735e-10,0.002946,5.2173255138681,111.86,122259.0,13675891.74,0.0150000000000005,111.84,111.81
2020-01-02,ATO,32986,ATMOS ENERGY CORP,,,-0.013231,0.3930141957937807,0.0002717883674578,-1.3490186838312823e-10,0.008379,7.267808504895345,110.38,122259.0,13494948.42,0.0150000000000005,110.37,110.34
2020-01-03,ATO,32986,ATMOS ENERGY CORP,,,0.006614,-0.1849227115935423,0.0001800018000179,8.219169484460649e-11,-0.00706,5.923825648827489,111.11,122259.0,13584197.49,0.009999999999998,111.07,111.05
2020-01-06,ATO,32986,ATMOS ENERGY CORP,,,-0.00135,0.1367265868681833,0.0002703677000721,-1.4778426486818824e-11,0.003533,6.7337701109938735,110.96,122259.0,13565858.64,0.0150000000000005,110.99,110.96
2020-01-07,ATO,32986,ATMOS ENERGY CORP,,,0.006669,0.0649354277607183,0.0001790510295433,6.809969146612253e-11,-0.002803,7.171030353593601,111.7,122259.0,13656330.3,0.009999999999998,111.7,111.68
2020-01-08,ATO,32986,ATMOS ENERGY CORP,,,-0.008594,0.03239449632324,9.030160736865736e-05,-8.573985594524556e-11,0.004902,7.403332270016931,110.74,122259.0,13538961.66,0.0050000000000025,110.76,110.75
2020-01-09,ATO,32986,ATMOS ENERGY CORP,,,0.003251,-0.0778633645776711,9.000900090013606e-05,3.5059002349037266e-11,0.006655,6.826883910386965,111.1,122259.0,13582974.9,0.0050000000000025,111.11,111.1
2020-01-10,ATO,32986,ATMOS ENERGY CORP,,,0.00261,-0.3490070065464723,8.97746655894166e-05,4.312356256340434e-11,-0.002855,4.444253592782536,111.39,122259.0,13618430.01,0.0050000000000025,111.4,111.39
2020-01-13,ATO,32986,ATMOS ENERGY CORP,,,0.010324,-0.2575779884052637,8.885729518385378e-05,2.2741053197955868e-10,0.006976,3.299511692390744,112.54,122259.0,13759027.86,0.0049999999999954,112.55,112.54
2020-01-14,ATO,32986,ATMOS ENERGY CORP,,,0.002399,0.4909455992265645,0.0001772892474071,3.535821565989461e-11,-0.001515,4.919392437366574,112.81,122259.0,13792037.79,0.009999999999998,112.78,112.76
2020-01-15,ATO,32986,ATMOS ENERGY CORP,,,0.008333,-0.0658236898111199,8.791208791213289e-05,1.303853563616383e-10,0.00187,4.595579875510188,113.75,122259.0,13906961.25,0.0050000000000025,113.75,113.74
2020-01-16,ATO,32986,ATMOS ENERGY CORP,,,0.00844,0.3971230806744137,8.71763577718169e-05,9.373145126835352e-11,0.008367,6.420590713158132,114.71,122259.0,14024329.89,0.0050000000000025,114.73,114.72
2020-01-17,ATO,32986,ATMOS ENERGY CORP,,,0.002354,-0.2330188859517818,8.697164724291968e-05,3.4005068856813366e-11,0.003862,4.924471818025667,114.98,122259.0,14057339.82,0.0049999999999954,114.99,114.98
2020-01-21,ATO,32986,ATMOS ENERGY CORP,,,0.008175,0.5371648387787948,8.626639061426083e-05,7.620236521358639e-11,-0.002652,7.569724928226143,115.92,122259.0,14172263.28,0.0050000000000025,115.93,115.92
2020-01-22,ATO,32986,ATMOS ENERGY CORP,,,0.001467,-0.2534579839151477,8.614006374369123e-05,1.829026972238101e-11,0.000289,5.6511177091257085,116.09,122259.0,14193047.31,0.0050000000000025,116.06,116.05
2020-01-23,ATO,32986,ATMOS ENERGY CORP,,,0.006805,-0.0269054855984947,0.0004277891854894,8.659996362562282e-11,0.001141,5.4990716429874285,116.88,122259.0,14289631.92,0.0250000000000056,116.93,116.88
2020-01-24,ATO,32986,ATMOS ENERGY CORP,,,0.004278,0.0403280624591892,8.519338899305773e-05,5.2108208770661934e-11,-0.009042,5.720838547673382,117.38,122259.0,14350761.42,0.0050000000000025,117.36,117.35
2020-01-27,ATO,32986,ATMOS ENERGY CORP,,,-0.008434,0.4681223406688932,0.0002577541025861,-7.05691929028685e-11,-0.015731,8.398890879199078,116.39,122259.0,14229725.01,0.0150000000000005,116.39,116.36
2020-01-28,ATO,32986,ATMOS ENERGY CORP,,,-0.000687,-0.416689065482451,0.0002579313902502,-9.861359368261408e-12,0.010054,4.899164887656532,116.31,122259.0,14219944.29,0.0150000000000005,116.34,116.31
2020-01-29,ATO,32986,ATMOS ENERGY CORP,,,0.0,0.0146368664717755,8.59771300834418e-05,0.0,-0.000867,4.970873309940372,116.31,122259.0,14219944.29,0.0050000000000025,116.31,116.3
2020-01-30,ATO,32986,ATMOS ENERGY CORP,,,0.0092,-0.0502670576271855,0.0001703867779859,1.3579340744054855e-10,0.003134,4.721002134812161,117.38,122259.0,14350761.42,0.009999999999998,117.38,117.36
2020-01-31,ATO,32986,ATMOS ENERGY CORP,,,-0.002982,5.5624037353708085,0.0005981372297702,-6.72717076791246e-12,-0.017706,30.98112204418489,117.03,122259.0,14307970.77,0.0350000000000036,117.06,116.99
2020-02-03,ATO,32986,ATMOS ENERGY CORP,,,0.014013,-0.6593875314470099,0.0004213364793123,9.152751178517708e-11,0.007255,10.55255645801127,118.67,122259.0,14508475.53,0.0249999999999985,118.66,118.61
2020-02-04,ATO,32986,ATMOS ENERGY CORP,,,-0.012219,-0.2450561758562022,0.0011090257635215,-1.0702390360817663e-10,0.01498,7.966587326904359,117.22,122259.0,14331199.98,0.0649999999999977,117.49,117.36
2020-02-05,ATO,32986,ATMOS ENERGY CORP,,,0.009043,0.1988075816206993,0.0002536354413256,6.547847766810619e-11,0.011251,9.550405287136323,118.28,122259.0,14460794.52,0.0150000000000005,118.3,118.27
2020-02-06,ATO,32986,ATMOS ENERGY CORP,,,-0.005242,0.1672663179810607,0.0004249532551419,-3.26885440446043e-11,0.003326,11.147866414742474,117.66,122259.0,14384993.94,0.0249999999999985,117.69,117.64
2020-02-07,ATO,32986,ATMOS ENERGY CORP,,,-0.000595,-0.4003486613736465,0.0001700824900076,-6.191204833744695e-12,-0.005401,6.684833018428091,117.59,122259.0,14376435.81,0.009999999999998,117.6,117.58
2020-02-10,ATO,32986,ATMOS ENERGY CORP,,,0.006123,-0.1968980069278497,0.000253571126701,7.884981863563012e-11,0.007326,5.368602720454118,118.31,122259.0,14464462.29,0.0150000000000005,118.33,118.3
2020-02-11,ATO,32986,ATMOS ENERGY CORP,,,0.008875,-0.2350904991163386,0.0002513404825737,1.4810079505352808e-10,0.001688,4.106495227345226,119.36,122259.0,14592834.24,0.0150000000000005,119.38,119.35
2020-02-12,ATO,32986,ATMOS ENERGY CORP,,,-0.011897,0.906651847602658,0.0001695777513989,-1.0537868575027207e-10,0.006463,7.829656712389272,117.94,122259.0,14419226.46,0.009999999999998,117.94,117.92
2020-02-13,ATO,32986,ATMOS ENERGY CORP,,,0.013227,-0.3534545978776615,0.0003347280334728,1.7884255282107088e-10,-0.00163,5.062228547591588,119.5,122259.0,14609950.5,0.0200000000000031,119.5,119.46
2020-02-14,ATO,32986,ATMOS ENERGY CORP,,,0.00795,1.0855998435942302,8.30220008301445e-05,5.113364487011375e-11,0.001844,10.557783067095263,120.45,122259.0,14726096.55,0.0049999999999954,120.44,120.43
2020-02-18,ATO,32986,ATMOS ENERGY CORP,,,0.000996,-0.2723042739916206,8.293937131960783e-05,8.794611915950756e-12,-0.00292,7.682853614048864,120.57,122259.0,14740767.63,0.0050000000000025,120.59,120.58
2020-02-19,ATO,32986,ATMOS ENERGY CORP,,,-0.008045,-0.2614111815419601,8.361204013382205e-05,-9.695913728567783e-11,0.004706,5.674469773186432,119.6,122259.0,14622176.4,0.0050000000000025,119.61,119.6
2020-02-20,ATO,32986,ATMOS ENERGY CORP,,,-0.003094,0.2894018781846617,8.387150884848709e-05,-2.900950649750721e-11,-0.003816,7.316671983248677,119.23,122259.0,14576940.57,0.0050000000000025,119.25,119.24
2020-02-21,ATO,32986,ATMOS ENERGY CORP,,,0.000377,0.0810392955398875,0.0002527379949452,3.284390035457883e-12,-0.010518,7.909609926467581,118.7,122259.0,14512143.3,0.0150000000000005,118.73,118.7
2020-02-24,ATO,32986,ATMOS ENERGY CORP,,,-0.020893,9.410343725724246e-05,8.604371020470577e-05,-1.858844929344846e-10,-0.033514,7.910354247949026,116.22,122259.0,14208940.98,0.0049999999999954,116.27,116.26
2020-02-25,ATO,32986,ATMOS ENERGY CORP,,,-0.021339,-0.141609244844444,0.0002637594513803,-2.2599510668646602e-10,-0.03028,6.7901749564449245,113.74,122259.0,13905738.66,0.0150000000000005,113.79,113.76
2020-02-26,ATO,32986,ATMOS ENERGY CORP,,,-0.014507,0.2325515563264912,0.0002676420733339,-1.264864034067553e-10,-0.003779,8.369240710295356,112.09,122259.0,13704011.31,0.0150000000000005,112.13,112.1
2020-02-27,ATO,32986,ATMOS ENERGY CORP,,,-0.043626,0.1366203583802034,0.0007462686567164,-3.49919609446788e-10,-0.044163,9.512649375506095,107.2,122259.0,13106164.8,0.0399999999999991,107.28,107.2
2020-02-28,ATO,32986,ATMOS ENERGY CORP,,,-0.036847,1.0202139797954786,9.68523002421803e-05,-1.5189111607001895e-10,-0.008238,19.216329835523894,103.25,122267.0,12624067.75,0.0050000000000025,103.25,103.24
2020-03-02,ATO,32986,ATMOS ENERGY CORP,,,0.044939,-0.2009063116215503,0.0001853739920288,2.2185274661496183e-10,0.046039,15.355647885365634,107.89,122267.0,13191386.63,0.009999999999998,107.92,107.9
2020-03-03,ATO,32986,ATMOS ENERGY CORP,,,-0.012513,-0.3892582060400886,9.386146048437315e-05,-1.0242682493259649e-10,-0.028108,9.378335936924929,106.54,122267.0,13026326.180000002,0.0050000000000025,106.54,106.53
2020-03-04,ATO,32986,ATMOS ENERGY CORP,,,0.059696,-0.0351926157774616,8.857395925589818e-05,4.779424763420015e-10,0.042203,9.048287763664767,112.9,122267.0,13803944.3,0.0049999999999954,112.91,112.9
2020-03-05,ATO,32986,ATMOS ENERGY CORP,,,-0.015678,0.0888216381167252,8.998470260047607e-05,-1.171188885812083e-10,-0.033922,9.851971504984991,111.13,122267.0,13587531.71,0.0049999999999954,111.16,111.15
2020-03-06,ATO,32986,ATMOS ENERGY CORP,,,0.00108,0.2932313661876302,0.0002696629213483,6.231822903191206e-12,-0.017054,12.740878569033343,111.25,122267.0,13602203.75,0.0150000000000005,111.25,111.22
2020-03-09,ATO,32986,ATMOS ENERGY CORP,,,-0.055011,-0.0243787830059141,9.512032721397428e-05,-3.442968156828122e-10,-0.07597,12.43027145509418,105.13,122267.0,12853929.71,0.0050000000000025,105.14,105.13
2020-03-10,ATO,32986,ATMOS ENERGY CORP,,,0.002854,-0.0666299515992767,0.000284548989851,1.9082972859670248e-11,0.049396,11.602043069675382,105.43,122267.0,12890609.81,0.0150000000000005,105.45,105.42
2020-03-11,ATO,32986,ATMOS ENERGY CORP,,,-0.024471,-0.0747849736385188,9.722897423437156e-05,-1.8128464224750976e-10,-0.048868,10.734384584556748,102.85,122267.0,12575160.95,0.0050000000000025,102.87,102.86
2020-03-12,ATO,32986,ATMOS ENERGY CORP,,,-0.079436,0.2697268718841932,0.0001056189269117,-5.034570188403373e-10,-0.095113,13.629736560151144,94.68,122267.0,11576239.56,0.0050000000000025,94.68,94.67
2020-03-13,ATO,32986,ATMOS ENERGY CORP,,,0.063266,-0.1221248305547004,9.933445912392088e-05,4.2957680651633773e-10,0.092871,11.96520729223748,100.67,122267.0,12308618.89,0.0050000000000025,100.62,100.61
2020-03-16,ATO,32986,ATMOS ENERGY CORP,,,-0.069435,0.0568884787586725,0.0002134927412467,-4.793722731408603e-10,-0.119841,12.645889733125044,93.68,122267.0,11453972.56,0.009999999999998,93.69,93.67
2020-03-17,ATO,32986,ATMOS ENERGY CORP,,,0.153821,0.2209096641712613,9.251549634568522e-05,7.538552005775355e-10,0.059955,15.4394889872165,108.09,122267.0,13215840.03,0.0050000000000025,108.09,108.08
2020-03-18,ATO,32986,ATMOS ENERGY CORP,,,-0.020816,-0.1659635331136703,9.448223733929426e-05,-1.2491662151569304e-10,-0.051831,12.877096845428447,105.84,122267.0,12940739.28,0.0049999999999954,105.85,105.84
2020-03-19,ATO,32986,ATMOS ENERGY CORP,,,-0.069255,-0.0645129328194588,0.0001015125367983,-4.773157977044775e-10,0.004708,12.046357561729655,98.51,122267.0,12044522.17,0.0050000000000025,98.51,98.5
2020-03-20,ATO,32986,ATMOS ENERGY CORP,,,-0.124962,0.2791593566854418,0.0001160092807425,-7.694511331586311e-10,-0.04336,15.409210989064915,86.2,122267.0,10539415.4,0.0050000000000025,86.2,86.19
2020-03-23,ATO,32986,ATMOS ENERGY CORP,,,-0.066125,-0.2082150147714643,0.0012422360248446,-5.506465020875249e-10,-0.029294,12.200781895360157,80.5,122267.0,9842493.5,0.0499999999999971,80.36,80.26
2020-03-24,ATO,32986,ATMOS ENERGY CORP,,,0.100497,-0.0937387087540632,0.0001128795575121,8.391083550405413e-10,0.093828,11.057096354699144,88.59,122267.0,10831633.53,0.0050000000000025,88.56,88.55
2020-03-25,ATO,32986,ATMOS ENERGY CORP,,,0.019302,-0.1245408375360044,0.0001107419712069,1.8060439645838088e-10,0.011535,9.68003631396861,90.3,122267.0,11040710.1,0.0049999999999954,90.3,90.29
2020-03-26,ATO,32986,ATMOS ENERGY CORP,,,0.066113,-0.3155027801975245,0.0001038745195804,8.476917595336434e-10,0.062414,6.625957944498516,96.27,122267.0,11770644.09,0.0050000000000025,95.79,95.78
2020-03-27,ATO,32986,ATMOS ENERGY CORP,,,0.011842,0.0857251128205633,0.0018478595626731,1.3821134677260344e-10,-0.033687,7.19396893683496,97.41,122267.0,11910028.47,0.0899999999999963,97.41,97.23
2020-03-30,ATO,32986,ATMOS ENERGY CORP,,,0.055538,0.2028729457641955,0.0005835440575763,5.105227088872354e-10,0.033516,8.653430606786786,102.82,122267.0,12571492.94,0.0300000000000011,102.88,102.82
2020-03-31,ATO,32986,ATMOS ENERGY CORP,,,-0.034915,-0.1072257943780369,0.0008062078000604,-3.725030640452109e-10,-0.016013,7.723033023457366,99.23,122307.0,12136523.61,0.0399999999999991,99.31,99.23
2020-04-01,ATO,32986,ATMOS ENERGY CORP,,,-0.046256,0.0581739416736097,0.0007396449704141,-4.889867312266494e-10,-0.044142,8.172312296107336,94.64,122307.0,11575134.48,0.0349999999999965,94.55,94.48
2020-04-02,ATO,32986,ATMOS ENERGY CORP,,,0.028846,-0.4343387048525758,0.0004108041491219,5.239715387785952e-10,0.022829,4.622760757765295,97.37,122307.0,11909032.59,0.0200000000000031,97.37,97.33
2020-04-03,ATO,32986,ATMOS ENERGY CORP,,,-0.032967,0.2101482854494902,0.0005310110450298,-5.117073519940523e-10,-0.015137,5.5942260050528585,94.16,122307.0,11516427.12,0.0250000000000056,94.26,94.21
2020-04-06,ATO,32986,ATMOS ENERGY CORP,,,0.100573,0.1617434921581437,9.6497153334026e-05,1.2209400415481623e-09,0.070331,6.499055655032009,103.63,122307.0,12674674.41,0.0050000000000025,103.64,103.63
2020-04-07,ATO,32986,ATMOS ENERGY CORP,,,-0.050275,0.3649796195652173,0.0001016053647633,-4.708049081768e-10,-0.001603,8.871078515538768,98.42,122307.0,12037454.94,0.0050000000000025,98.43,98.42
2020-04-08,ATO,32986,ATMOS ENERGY CORP,,,0.042979,-0.242352268904465,9.741841207993292e-05,5.093335554765068e-10,0.034056,6.721152509668293,102.65,122307.0,12554813.55,0.0050000000000025,102.51,102.5
2020-04-09,ATO,32986,ATMOS ENERGY CORP,,,0.024842,0.5374359523334518,9.505703422044586e-05,1.8684381283283202e-10,0.014487,10.333341509480242,105.2,122307.0,12866696.4,0.0049999999999954,105.21,105.2
2020-04-13,ATO,32986,ATMOS ENERGY CORP,,,-0.018346,-0.4938742245853905,9.68335431392554e-05,-2.777260775901016e-10,-0.010105,5.229970484109659,103.27,122307.0,12630643.89,0.0049999999999954,103.27,103.26
2020-04-14,ATO,32986,ATMOS ENERGY CORP,,,0.046867,0.2367828634497593,0.0002774951438349,5.479706234519008e-10,0.030573,6.468337871094868,108.11,122307.0,13222609.77,0.0150000000000005,108.1,108.07
2020-04-15,ATO,32986,ATMOS ENERGY CORP,,,-0.01628,0.0358149112084973,9.402914903624932e-05,-1.8680596374298544e-10,-0.02203,6.700000817614691,106.35,122307.0,13007349.45,0.0050000000000025,106.36,106.35
2020-04-16,ATO,32986,ATMOS ENERGY CORP,,,-0.011848,-0.2409339355207167,9.51565324958693e-05,-1.8124995530898983e-10,0.005817,5.085743252634764,105.09,122307.0,12853242.63,0.0049999999999954,105.07,105.06
2020-04-17,ATO,32986,ATMOS ENERGY CORP,,,0.053383,0.7059284076768988,9.033423667574632e-05,4.544528266188147e-10,0.026794,8.675913888820755,110.7,122307.0,13539384.9,0.0050000000000025,110.73,110.72
2020-04-20,ATO,32986,ATMOS ENERGY CORP,,,-0.073803,-0.279299799740841,9.753242953286956e-05,-9.41243237595758e-10,-0.017881,6.252732877104336,102.53,122307.0,12540136.71,0.0050000000000025,102.58,102.57
2020-04-21,ATO,32986,ATMOS ENERGY CORP,,,-0.016971,-0.2481755547215898,9.921619208245764e-05,-2.9285480656618194e-10,-0.030675,4.700957426803045,100.79,122307.0,12327322.53,0.0049999999999954,100.8,100.79
2020-04-22,ATO,32986,ATMOS ENERGY CORP,,,0.01518,-0.1055708223180743,9.773260359647092e-05,2.8848793173034276e-10,0.02293,4.204673485573188,102.32,122307.0,12514452.239999998,0.0049999999999954,102.35,102.34
2020-04-23,ATO,32986,ATMOS ENERGY CORP,,,-0.009676,0.7018595615844871,9.868745682428811e-05,-1.0910647077597387e-10,-0.000539,7.155763774763505,101.33,122307.0,12393368.31,0.0050000000000025,101.33,101.32
2020-04-24,ATO,32986,ATMOS ENERGY CORP,,,0.030396,0.0075022851919561,9.577626664103924e-05,3.301573661066174e-10,0.013918,7.209448355368049,104.41,122307.0,12770073.87,0.0049999999999954,104.41,104.4
2020-04-27,ATO,32986,ATMOS ENERGY CORP,,,0.010918,-0.1715511825132745,9.474182851733884e-05,1.4160083720308291e-10,0.014714,5.972658964736278,105.55,122307.0,12909503.85,0.0050000000000025,105.42,105.41
2020-04-28,ATO,32986,ATMOS ENERGY CORP,,,0.015159,0.2558692836941374,9.3327111525946e-05,1.5421084178514427e-10,-0.005242,7.500878935792718,107.15,122307.0,13105195.05,0.0050000000000025,107.15,107.14
2020-04-29,ATO,32986,ATMOS ENERGY CORP,,,-0.021372,-0.1984772348241243,9.536524890334845e-05,-2.7717622813875767e-10,0.026584,6.0121252258660585,104.86,122307.0,12825112.02,0.0050000000000025,104.86,104.85
2020-04-30,ATO,32986,ATMOS ENERGY CORP,,,-0.027561,0.7980865603644647,9.806805923315795e-05,-2.044243498624e-10,-0.009212,10.810321567857931,101.97,122307.0,12471644.79,0.0050000000000025,101.98,101.97
2020-05-01,ATO,32986,ATMOS ENERGY CORP,,,-0.018339,-0.5258301075951952,9.990009990015102e-05,-2.922252047762267e-10,-0.028059,5.125929014692536,100.1,122307.0,12242930.7,0.0050000000000025,100.28,100.27
2020-05-04,ATO,32986,ATMOS ENERGY CORP,,,0.006494,0.4120238556665183,9.925558312660164e-05,7.281172062398433e-11,0.00425,7.237934051199032,100.75,122307.0,12322430.25,0.0050000000000025,100.75,100.74
2020-05-05,ATO,32986,ATMOS ENERGY CORP,,,0.010124,0.0763411465687657,9.826078412096792e-05,1.0440384270049819e-10,0.009041,7.790486235456679,101.77,122307.0,12447183.39,0.0049999999999954,101.77,101.76
2020-05-06,ATO,32986,ATMOS ENERGY CORP,,,-0.051292,0.1778688980522254,0.0001035732780943,-4.733523340262811e-10,-0.006979,9.176171437448389,96.55,122307.0,11808740.85,0.0050000000000025,96.64,96.63
2020-05-07,ATO,32986,ATMOS ENERGY CORP,,,-0.001761,-0.0029474922258555,0.0001037559659679,-1.632832256508246e-11,0.011505,9.14912474347339,96.38,122307.0,11787948.66,0.0049999999999954,96.35,96.34
2020-05-08,ATO,32986,ATMOS ENERGY CORP,,,0.009857,-0.2241032634436757,0.000308229733895,1.166442258772821e-10,0.016872,7.098776030807722,97.33,122307.0,11904140.31,0.0150000000000005,97.16,97.13
2020-05-11,ATO,32986,ATMOS ENERGY CORP,,,-0.005651,0.5222717482694679,0.0003099814011159,-4.4178677818772776e-11,0.000177,10.806266198991064,96.78,122307.0,11836871.46,0.0150000000000005,96.72,96.69
2020-05-12,ATO,32986,ATMOS ENERGY CORP,,,-0.004236,-0.2804229761773256,0.0001037667323856,-4.621785963179612e-11,-0.020544,7.775940870105554,96.37,122307.0,11786725.59,0.0050000000000025,96.37,96.36
2020-05-13,ATO,32986,ATMOS ENERGY CORP,,,0.000726,-0.0903525779873235,0.0001036914143509,8.701659051410947e-12,-0.017463,7.073364566214526,96.44,122307.0,11795287.08,0.0050000000000025,96.37,96.36
2020-05-14,ATO,32986,ATMOS ENERGY CORP,,,-0.016072,0.1459377983683225,0.0001053851828433,-1.7084846301074392e-10,0.011525,8.105635818064378,94.89,122307.0,11605711.23,0.0050000000000025,94.95,94.94
2020-05-15,ATO,32986,ATMOS ENERGY CORP,,,0.002318,2.1939032213811918,0.0001051414152035,7.697099426868336e-12,0.003926,25.888616350658587,95.11,122307.0,11632618.77,0.0050000000000025,95.08,95.07
2020-05-18,ATO,32986,ATMOS ENERGY CORP,,,0.035853,-0.7495006093749951,0.0001015022330491,4.588114746391829e-10,0.031501,6.485082619964516,98.52,122307.0,12049685.64,0.0050000000000025,98.48,98.47
2020-05-19,ATO,32986,ATMOS ENERGY CORP,,,-0.022533,0.0073426789431283,0.0001038421599169,-2.928523194022616e-10,-0.010484,6.532700499562576,96.3,122307.0,11778164.1,0.0050000000000025,96.33,96.32
2020-05-20,ATO,32986,ATMOS ENERGY CORP,,,0.032295,0.4125845593526869,0.0001005935016598,2.8783705248252846e-10,0.016651,9.22799185655768,99.41,122307.0,12158538.87,0.0050000000000025,99.37,99.36
2020-05-21,ATO,32986,ATMOS ENERGY CORP,,,-0.016397,-0.4309430398140076,0.0001022704029454,-2.6109593346913187e-10,-0.007774,5.251252994513806,97.78,122307.0,11959178.46,0.0050000000000025,97.84,97.83
2020-05-22,ATO,32986,ATMOS ENERGY CORP,,,0.011505,-0.0617439841809844,0.0001016983626564,1.9416232787121264e-10,0.002354,4.927019712690198,98.33,122307.0,12026447.31,0.0050000000000025,98.33,98.32
2020-05-26,ATO,32986,ATMOS ENERGY CORP,,,-0.007424,0.0153266877859441,0.0003073770491803,-1.2432163990960424e-10,0.012289,5.0025346055417925,97.6,122307.0,11937163.2,0.0150000000000005,97.63,97.6
2020-05-27,ATO,32986,ATMOS ENERGY CORP,,,0.016189,0.2617476648497576,0.0001008267795927,2.1143748977654872e-10,0.014827,6.311936356872461,99.18,122307.0,12130408.260000002,0.0050000000000025,99.18,99.17
2020-05-28,ATO,32986,ATMOS ENERGY CORP,,,0.025207,0.0499602328515507,9.834775767103564e-05,3.0584321362016896e-10,-0.002108,6.627282167005977,101.68,122307.0,12436175.760000002,0.0049999999999954,101.69,101.68
2020-05-29,ATO,32986,ATMOS ENERGY CORP,,,0.010818,3.4438877668978227,9.72951936173468e-05,2.9220558080754964e-11,0.004812,29.449694224605924,102.78,122312.0,12571227.36,0.0049999999999954,102.82,102.81
2020-06-01,ATO,32986,ATMOS ENERGY CORP,,,0.001654,-0.7608792879390103,9.713453132593604e-05,1.865271701309216e-11,0.003751,7.0420318529661845,102.95,122312.0,12592020.4,0.0050000000000025,102.95,102.94
2020-06-02,ATO,32986,ATMOS ENERGY CORP,,,0.002914,-0.1653498969610773,9.68523002421803e-05,3.925798303052128e-11,0.008211,5.877632611681602,103.25,122312.0,12628714.0,0.0050000000000025,103.25,103.24
2020-06-03,ATO,32986,ATMOS ENERGY CORP,,,0.014625,0.092632545329355,9.54562810232045e-05,1.777275477073345e-10,0.013649,6.422092681012493,104.76,122312.0,12813405.12,0.0049999999999954,104.77,104.76
2020-06-04,ATO,32986,ATMOS ENERGY CORP,,,-0.005155,1.3888827356877602,0.0001919017463058,-2.6359497837872543e-11,-0.003369,15.341626332657466,104.22,122312.0,12747356.64,0.009999999999998,104.22,104.2
2020-06-05,ATO,32986,ATMOS ENERGY CORP,,,0.002974,-0.2584146253727087,0.0003826652635607,2.044553076494641e-11,0.026212,11.377125711295704,104.53,122312.0,12785273.36,0.0200000000000031,104.59,104.55
2020-06-08,ATO,32986,ATMOS ENERGY CORP,,,0.01435,-0.3976460933384786,9.431293030265872e-05,1.6146179778652195e-10,0.012042,6.853056118778206,106.03,122312.0,12968741.36,0.0049999999999954,106.05,106.04
2020-06-09,ATO,32986,ATMOS ENERGY CORP,,,-0.016128,-0.2498929267213148,9.585889570557052e-05,-2.45887425477083e-10,-0.007799,5.140525868271306,104.32,122312.0,12759587.84,0.0050000000000025,104.33,104.32
2020-06-10,ATO,32986,ATMOS ENERGY CORP,,,-0.00556,-0.093248805562801,9.639483323698782e-05,-9.40077795820125e-11,-0.005313,4.661177971090327,103.74,122312.0,12688646.88,0.0050000000000025,103.72,103.71
2020-06-11,ATO,32986,ATMOS ENERGY CORP,,,-0.043089,0.8830101838566753,0.000402941472751,-4.0432535036886005e-10,-0.058944,8.77704558833148,99.27,122312.0,12141912.24,0.019999999999996,99.35,99.31
2020-06-12,ATO,32986,ATMOS ENERGY CORP,,,0.011685,-0.1185882567733979,9.957184108325106e-05,1.2296145679944775e-10,0.013061,7.736191052390607,100.43,122312.0,12283794.16,0.0049999999999954,100.44,100.43
2020-06-15,ATO,32986,ATMOS ENERGY CORP,,,0.006472,0.6278215949838781,9.89315393746627e-05,4.156906111525603e-11,0.008312,12.593138858002485,101.08,122312.0,12363296.96,0.0049999999999954,101.13,101.12
2020-06-16,ATO,32986,ATMOS ENERGY CORP,,,0.011674,-0.2165634827682023,0.000684529630354,9.460346207085849e-11,0.018962,9.865924847929884,102.26,122312.0,12507625.12,0.0350000000000036,102.37,102.3
2020-06-17,ATO,32986,ATMOS ENERGY CORP,,,-0.010561,-0.5277069015953149,9.883376161287707e-05,-1.8314366363256707e-10,-0.0036,4.6596082150565765,101.18,122312.0,12375528.16,0.0049999999999954,101.19,101.18
2020-06-18,ATO,32986,ATMOS ENERGY CORP,,,0.002668,-0.0096240564564522,0.0001971414489896,4.6592414964928695e-11,0.000594,4.614763882529924,101.45,122312.0,12408552.4,0.009999999999998,101.47,101.45
2020-06-19,ATO,32986,ATMOS ENERGY CORP,,,-0.017053,2.649800422010449,0.0002005615724026,-8.301008385002536e-11,-0.005649,16.842967165936294,99.72,122312.0,12196952.64,0.009999999999998,99.75,99.73
2020-06-22,ATO,32986,ATMOS ENERGY CORP,,,0.004011,-0.6745861966693801,0.0006991610067917,5.975966862152586e-11,0.006495,5.480934004840081,100.12,122312.0,12245877.44,0.0349999999999965,100.19,100.12
2020-06-23,ATO,32986,ATMOS ENERGY CORP,,,-0.012785,0.5514242583355211,0.0002023472278429,-1.2436946819732128e-10,0.004307,8.503253973444961,98.84,122312.0,12089318.08,0.009999999999998,98.86,98.84
2020-06-24,ATO,32986,ATMOS ENERGY CORP,,,0.001214,0.4894274313734916,0.0008084074373484,7.919275170447942e-12,-0.025855,12.664979723984564,98.96,122312.0,12103995.52,0.0399999999999991,98.94,98.86
2020-06-25,ATO,32986,ATMOS ENERGY CORP,,,-0.019099,-0.2770633389259037,0.0001030184403008,-1.7569191786532235e-10,0.010959,9.15597815422853,97.07,122312.0,11872825.84,0.0050000000000025,97.08,97.07
2020-06-26,ATO,32986,ATMOS ENERGY CORP,,,0.004018,0.8275306593706859,0.0001026061974143,2.014396871781914e-11,-0.024227,16.732830793380863,97.46,122312.0,11920527.52,0.0050000000000025,97.51,97.5
2020-06-29,ATO,32986,ATMOS ENERGY CORP,,,0.00944,-0.6452903461599726,0.0001016466761535,1.3217632740335277e-10,0.014686,5.935296618483878,98.38,122312.0,12033054.56,0.0049999999999954,98.38,98.37
2020-06-30,ATO,32986,ATMOS ENERGY CORP,,,0.012198,0.2763782477774197,0.0005021088572002,1.3219822296270202e-10,0.01541,7.575683497939695,99.58,122312.0,12179828.96,0.0249999999999985,99.59,99.54
2020-07-01,ATO,32986,ATMOS ENERGY CORP,,,0.011147,-0.3457738369539292,0.0002979441851226,1.826219023938158e-10,0.005022,4.956210347308523,100.69,122312.0,12315595.28,0.0150000000000005,100.72,100.69
2020-07-02,ATO,32986,ATMOS ENERGY CORP,,,0.004866,-0.3305174495714313,9.883376161287707e-05,1.185002781885353e-10,0.004541,3.318096343776572,101.18,122312.0,12375528.16,0.0049999999999954,101.19,101.18
2020-07-06,ATO,32986,ATMOS ENERGY CORP,,,0.000593,0.7987423708182722,9.877518767290712e-05,8.023715702726681e-12,0.015882,5.96840048400811,101.24,122312.0,12382866.88,0.0050000000000025,101.18,101.17
2020-07-07,ATO,32986,ATMOS ENERGY CORP,,,-0.011557,-0.102756548909805,0.0001998600979314,-1.7632093971805424e-10,-0.010819,5.355108247759827,100.07,122312.0,12239761.84,0.009999999999998,100.07,100.05
2020-07-08,ATO,32986,ATMOS ENERGY CORP,,,-0.006895,-0.0546371417142752,0.0001006238679813,-1.120467904484834e-10,0.007828,5.062520439531689,99.38,122312.0,12155366.56,0.0049999999999954,99.38,99.37
2020-07-09,ATO,32986,ATMOS ENERGY CORP,,,-0.017005,0.3225932523372636,0.0001023646227864,-2.125515942168213e-10,-0.005644,6.69565537314409,97.69,122312.0,11948659.28,0.0050000000000025,97.7,97.69
2020-07-10,ATO,32986,ATMOS ENERGY CORP,,,0.014331,-0.3914884627923987,0.0003027550711474,2.9021221698806234e-10,0.010466,4.074383543724246,99.09,122312.0,12119896.08,0.0150000000000005,99.09,99.06
2020-07-13,ATO,32986,ATMOS ENERGY CORP,,,0.006055,0.4913855032447336,0.0001003109639884,8.172250256981638e-11,-0.009363,6.076476551769246,99.69,122312.0,12193283.28,0.0050000000000025,99.7,99.69
2020-07-14,ATO,32986,ATMOS ENERGY CORP,,,0.007423,0.0284233866952985,9.957184108339256e-05,9.669926203558899e-11,0.013406,6.249190594545098,100.43,122312.0,12283794.16,0.0050000000000025,100.43,100.42
2020-07-15,ATO,32986,ATMOS ENERGY CORP,,,0.002091,-0.1263843443653505,9.936406995235607e-05,3.111502529697091e-11,0.009082,5.459390738439401,100.64,122312.0,12309479.68,0.0050000000000025,100.65,100.64
2020-07-16,ATO,32986,ATMOS ENERGY CORP,,,-0.000894,-0.1677890944052331,0.0001989060169069,-1.5999587833436648e-11,-0.003406,4.543364510432337,100.55,122312.0,12298471.6,0.009999999999998,100.55,100.53
2020-07-17,ATO,32986,ATMOS ENERGY CORP,,,0.005072,0.1615884601265413,9.89511181476857e-05,7.775011018441483e-11,0.002849,5.277519785466676,101.06,122312.0,12360850.72,0.0050000000000025,101.06,101.05
2020-07-20,ATO,32986,ATMOS ENERGY CORP,,,-0.012369,0.4252041815387666,0.0002003807233743,-1.3470524565439792e-10,0.008407,7.52154326640068,99.81,122312.0,12207960.72,0.009999999999998,99.81,99.79
2020-07-21,ATO,32986,ATMOS ENERGY CORP,,,0.023445,-0.2594863990869317,0.0008810572687225,3.3690138847214487e-10,0.001679,5.5698050886258095,102.15,122312.0,12494170.8,0.0450000000000017,102.15,102.06
2020-07-22,ATO,32986,ATMOS ENERGY CORP,,,0.018404,0.0236666500306788,0.0003845044698645,2.536798698331592e-10,0.005747,5.7016237163974095,104.03,122312.0,12724117.36,0.0200000000000031,104.03,103.99
2020-07-23,ATO,32986,ATMOS ENERGY CORP,,,-0.003172,0.1480375750849254,0.0004821600771455,-3.8205923314099344e-11,-0.01232,6.545678265419583,103.7,122312.0,12683754.4,0.0249999999999985,103.7,103.65
2020-07-24,ATO,32986,ATMOS ENERGY CORP,,,-0.00675,-0.1895954984605584,0.0002912621359223,-1.0100455992941711e-10,-0.00619,5.304647131924914,103.0,122312.0,12598136.0,0.0150000000000005,103.06,103.03
2020-07-27,ATO,32986,ATMOS ENERGY CORP,,,-0.004175,-0.0114068265256109,0.0006824607585063,-6.345895991120075e-11,0.007395,5.244137942311466,102.57,122312.0,12545541.84,0.0349999999999965,102.58,102.51
2020-07-28,ATO,32986,ATMOS ENERGY CORP,,,0.019791,0.276967857304329,9.560229445511585e-05,2.3100049684890856e-10,-0.006473,6.696595591601805,104.6,122312.0,12793835.2,0.0050000000000025,104.64,104.63
2020-07-29,ATO,32986,ATMOS ENERGY CORP,,,0.010134,0.1115051875654702,0.0004732159757713,1.0535027154874545e-10,0.012428,7.443300739093466,105.66,122312.0,12923485.92,0.0249999999999985,105.71,105.66
2020-07-30,ATO,32986,ATMOS ENERGY CORP,,,-0.002271,-0.3781602693306825,0.0002845759817871,-3.805230959412972e-11,-0.00375,4.628540126888613,105.42,122312.0,12894131.04,0.0150000000000005,105.49,105.46
2020-07-31,ATO,32986,ATMOS ENERGY CORP,,,0.005407,1.3552230422202831,0.0003773940937823,3.826012063350088e-11,0.00767,10.901244358689254,105.99,122312.0,12963848.88,0.019999999999996,105.99,105.95
2020-08-03,ATO,32986,ATMOS ENERGY CORP,,,-0.006416,-0.5922377644929737,9.495774380392085e-05,-1.1205793074494708e-10,0.007181,4.445115769507489,105.31,122312.0,12880676.72,0.0049999999999954,105.32,105.31
2020-08-04,ATO,32986,ATMOS ENERGY CORP,,,-0.004748,0.3879409443967254,0.0003816429729988,-6.003228271911325e-11,0.003612,6.169558179083001,104.81,122312.0,12819520.72,0.0200000000000031,104.81,104.77
2020-08-05,ATO,32986,ATMOS ENERGY CORP,,,-0.010686,0.3890481320839478,0.0005786478927571,-9.831909423002821e-11,0.00643,8.569813264438485,103.69,122312.0,12682531.28,0.029999999999994,103.74,103.68
2020-08-06,ATO,32986,ATMOS ENERGY CORP,,,0.009741,-0.3153270730239049,9.551098376304588e-05,1.2963828578627947e-10,0.006428,5.867519131401662,104.7,122312.0,12806066.4,0.0049999999999954,104.71,104.7
2020-08-07,ATO,32986,ATMOS ENERGY CORP,,,0.009647,-0.2092206981501195,0.0003783937186641,1.6080417872743082e-10,0.000633,4.639912682320623,105.71,122312.0,12929601.52,0.019999999999996,105.71,105.67
2020-08-10,ATO,32986,ATMOS ENERGY CORP,,,0.003122,-0.0115309321130467,0.0002829121086382,5.248331043672427e-11,0.002742,4.586410164170318,106.04,122312.0,12969964.48,0.0150000000000005,106.04,106.01
2020-08-11,ATO,32986,ATMOS ENERGY CORP,,,-0.02367,0.2404286837334417,0.0002897710808461,-3.2856271966049687e-10,-0.007969,5.689114723003467,103.53,122312.0,12662961.36,0.0150000000000005,103.56,103.53
2020-08-12,ATO,32986,ATMOS ENERGY CORP,,,0.013812,0.2588428203326305,9.52743902439512e-05,1.502268224019741e-10,0.013997,7.161701223101576,104.96,122312.0,12837867.52,0.0050000000000025,104.93,104.92
2020-08-13,ATO,32986,ATMOS ENERGY CORP,,,-0.003239,-0.2486443475858542,9.558401835218042e-05,-4.703979364295771e-11,-0.002047,5.380984694878671,104.62,122312.0,12796281.44,0.0050000000000025,104.64,104.63
2020-08-14,ATO,32986,ATMOS ENERGY CORP,,,-0.001147,0.4982382676526493,9.569377990435516e-05,-1.1131031646575907e-11,-0.000172,8.06199718752044,104.5,122312.0,12781604.0,0.0050000000000025,104.51,104.5
2020-08-17,ATO,32986,ATMOS ENERGY CORP,,,-0.003636,0.0903811966384031,0.0007683442182097,-3.2478775818528514e-11,0.00271,8.790650140623978,104.12,122312.0,12735125.44,0.0399999999999991,104.19,104.11
2020-08-18,ATO,32986,ATMOS ENERGY CORP,,,-0.010757,-0.2124679827604487,0.0003883495145631,-1.2333764768585458e-10,0.002303,6.922918438092746,103.0,122312.0,12598136.0,0.0200000000000031,103.0,102.96
2020-08-19,ATO,32986,ATMOS ENERGY CORP,,,-0.003495,0.2850348860828857,9.742790335143128e-05,-3.1293730346771785e-11,-0.004404,8.896191706455621,102.64,122312.0,12554103.68,0.0049999999999954,102.66,102.65
2020-08-20,ATO,32986,ATMOS ENERGY CORP,,,-0.009158,-0.2540273924259565,0.0001966568338249,-1.1093883610893203e-10,0.003159,6.636315324743279,101.7,122312.0,12439130.4,0.009999999999998,101.75,101.73
2020-08-21,ATO,32986,ATMOS ENERGY CORP,,,-0.002802,1.3559845312498076,0.0004958349861165,-1.4530038942547488e-11,0.003441,15.635056249591209,100.84,122312.0,12333942.08,0.0249999999999985,100.89,100.84
2020-08-24,ATO,32986,ATMOS ENERGY CORP,,,0.010611,-0.7159183310630086,9.812579727215304e-05,1.9165836835693136e-10,0.010044,4.441632873307607,101.91,122312.0,12464815.92,0.0050000000000025,101.92,101.91
2020-08-25,ATO,32986,ATMOS ENERGY CORP,,,-0.014425,-0.1465767167036344,9.956192751896772e-05,-3.0976539831125224e-10,0.003596,3.790592909935248,100.44,122312.0,12285017.28,0.0050000000000025,100.45,100.44
2020-08-26,ATO,32986,ATMOS ENERGY CORP,,,-0.01135,0.2307375413849257,0.0001007049345418,-2.0031107020859067e-10,0.010196,4.665224998364837,99.3,122312.0,12145581.6,0.0050000000000025,99.31,99.3
2020-08-27,ATO,32986,ATMOS ENERGY CORP,,,-0.003223,0.0180069504199869,0.0001010305112142,-5.605578659637804e-11,0.001673,4.749231473608477,98.98,122312.0,12106441.76,0.0049999999999954,98.94,98.93
2020-08-28,ATO,32986,ATMOS ENERGY CORP,,,0.006062,0.002552987839308,0.0003012653143201,1.0453075075331228e-10,0.006733,4.761356203806659,99.58,122312.0,12179828.96,0.0150000000000005,99.61,99.58
2020-08-31,ATO,32986,ATMOS ENERGY CORP,,,0.00241,0.0934730609868965,0.0004007212983369,3.7913305326110815e-11,-0.002195,5.1623930931052655,99.82,123355.0,12313296.1,0.019999999999996,99.82,99.78
2020-09-01,ATO,32986,ATMOS ENERGY CORP,,,-0.023943,0.3174446888931812,0.0004105511649388,-2.929177188289762e-10,0.007525,6.801167362490373,97.43,123355.0,12018477.65,0.019999999999996,97.47,97.43
2020-09-02,ATO,32986,ATMOS ENERGY CORP,,,0.010264,0.3827426402751985,0.0001015950421619,8.988921401253017e-11,0.015366,9.404264115763446,98.43,123355.0,12141832.65,0.0050000000000025,98.43,98.42
2020-09-03,ATO,32986,ATMOS ENERGY CORP,,,-0.003454,-0.2157322490244064,0.0014272606789683,-3.8703627054270085e-11,-0.035126,7.375461067650278,98.09,123355.0,12099891.95,0.0700000000000002,98.23,98.09
2020-09-04,ATO,32986,ATMOS ENERGY CORP,,,-0.008869,-0.1328720597933611,0.0001028594939313,-1.1563516530677143e-10,-0.008133,6.3954683636658425,97.22,123355.0,11992573.1,0.0050000000000025,97.2,97.19
2020-09-08,ATO,32986,ATMOS ENERGY CORP,,,-0.011315,0.1906179768871851,0.0001040366208906,-1.2532544287269084e-10,-0.027756,7.614559604393823,96.12,123355.0,11856882.6,0.0050000000000025,96.14,96.13
2020-09-09,ATO,32986,ATMOS ENERGY CORP,,,0.005514,-0.2741910413565933,0.0002069322296947,8.368373024467904e-11,0.020145,5.526715576993231,96.65,123355.0,11922260.75,0.009999999999998,96.67,96.65
2020-09-10,ATO,32986,ATMOS ENERGY CORP,,,-0.024625,-0.0531031994226606,0.0002121565715497,-4.046468932773019e-10,-0.017585,5.233229297555835,94.27,123355.0,11628675.85,0.009999999999998,94.31,94.29
2020-09-11,ATO,32986,ATMOS ENERGY CORP,,,-0.011244,0.0558985043645292,0.0006437077566784,-1.7697406745821767e-10,0.000533,5.525758988285841,93.21,123355.0,11497919.55,0.0300000000000011,93.27,93.21
2020-09-14,ATO,32986,ATMOS ENERGY CORP,,,0.00118,0.1339949826152018,0.0002143163309043,1.6358649516291786e-11,0.012742,6.266182967856998,93.32,123355.0,11511488.6,0.009999999999998,93.32,93.3
2020-09-15,ATO,32986,ATMOS ENERGY CORP,,,-0.010394,0.3985807895570949,0.0003248511099079,-1.0411143311321865e-10,0.005219,8.763763122694662,92.35,123355.0,11391834.25,0.0150000000000005,92.35,92.32
2020-09-16,ATO,32986,ATMOS ENERGY CORP,,,0.016676,0.2212387170298615,0.0006390456917669,1.3453168911745912e-10,-0.004619,10.702646832313242,93.89,123355.0,11581800.95,0.0300000000000011,93.95,93.89
2020-09-17,ATO,32986,ATMOS ENERGY CORP,,,-0.005006,-0.4773224261016114,0.0001070434596446,-7.765495339205542e-11,-0.008412,5.594033480604758,93.42,123355.0,11523824.1,0.0050000000000025,93.43,93.42
2020-09-18,ATO,32986,ATMOS ENERGY CORP,,,-0.0152,1.2761849831606895,0.0001086956521739,-1.0518804605398395e-10,-0.011183,12.733055003850676,92.0,123355.0,11348660.0,0.0050000000000025,92.01,92.0
2020-09-21,ATO,32986,ATMOS ENERGY CORP,,,0.002935,-0.224075976993492,0.0002167551750297,2.6099910263875448e-11,-0.011571,9.879883263750962,92.27,123355.0,11381965.85,0.009999999999998,92.3,92.28
2020-09-22,ATO,32986,ATMOS ENERGY CORP,,,0.015715,-0.237011716265991,0.0002134016218522,1.8032488567917463e-10,0.010518,7.538235174901707,93.72,123355.0,11560830.6,0.009999999999998,93.74,93.72
2020-09-23,ATO,32986,ATMOS ENERGY CORP,,,-0.00907,-0.078537099988278,0.0004307095940561,-1.139797099048316e-10,-0.023721,6.946204045235296,92.87,123355.0,11455978.85,0.019999999999996,92.91,92.87
2020-09-24,ATO,32986,ATMOS ENERGY CORP,,,0.007753,-0.1641864552564104,0.0001068490223313,1.1567157197293619e-10,0.002987,5.805731425560374,93.59,123355.0,11544794.45,0.0049999999999954,93.6,93.59
2020-09-25,ATO,32986,ATMOS ENERGY CORP,,,0.017737,0.3360757142897037,0.0001049868766404,1.9461235708041878e-10,0.015977,7.756896761379758,95.25,123355.0,11749563.75,0.0050000000000025,95.26,95.25
2020-09-28,ATO,32986,ATMOS ENERGY CORP,,,-0.002205,-0.4249936249284111,0.0004208754208754,-4.216816839046008e-11,0.016111,4.460265088565523,95.04,123355.0,11723659.2,0.0200000000000031,95.04,95.0
2020-09-29,ATO,32986,ATMOS ENERGY CORP,,,0.000631,0.6853357712524264,0.0001051524710831,7.155582196396657e-12,-0.004813,7.517044303027847,95.1,123355.0,11731060.5,0.0050000000000025,95.11,95.1
2020-09-30,ATO,32986,ATMOS ENERGY CORP,,,0.005152,-0.2547685936598491,0.0002092269065802,7.799528981509547e-11,0.008254,5.601937497466661,95.59,123355.0,11791504.45,0.0100000000000051,95.59,95.57
2020-10-01,ATO,32986,ATMOS ENERGY CORP,,,-0.001255,0.6274863355556295,0.0001047449460564,-1.1688652187392265e-11,0.005293,9.11707672976369,95.47,123355.0,11776701.85,0.0050000000000025,95.47,95.46
2020-10-02,ATO,32986,ATMOS ENERGY CORP,,,0.005761,-0.0301679564161592,0.0001041449697978,5.500818009258569e-11,-0.009572,8.8420331563374,96.02,123355.0,11844547.1,0.0049999999999954,96.02,96.01
2020-10-05,ATO,32986,ATMOS ENERGY CORP,,,-0.008332,-0.045758309503268,0.0003150598613736,-8.407246877291006e-11,0.017976,8.437436666531555,95.22,123355.0,11745863.1,0.0150000000000005,95.22,95.19
2020-10-06,ATO,32986,ATMOS ENERGY CORP,,,0.018484,-0.1708656802459646,0.0001031140441328,2.2086230716159048e-10,-0.013988,6.995768310972397,96.98,123355.0,11962967.9,0.0050000000000025,96.98,96.97
2020-10-07,ATO,32986,ATMOS ENERGY CORP,,,-0.006187,0.10694664777053,0.000207511931936,-6.720078235152986e-11,0.017406,7.743942280410198,96.38,123355.0,11888954.9,0.009999999999998,96.38,96.36
2020-10-08,ATO,32986,ATMOS ENERGY CORP,,,0.004254,0.036230154492941,0.0002066329166237,4.440091342523518e-11,0.008007,8.024506505613878,96.79,123355.0,11939530.45,0.0100000000000051,96.79,96.77
2020-10-09,ATO,32986,ATMOS ENERGY CORP,,,-0.002893,0.2716779998848326,0.0004144648222982,-2.381353499259037e-11,0.008791,10.204588383121884,96.51,123355.0,11904991.05,0.0200000000000031,96.51,96.47
2020-10-12,ATO,32986,ATMOS ENERGY CORP,,,0.001036,-0.2876618522434693,0.0005175447676225,1.1959119938992991e-11,0.016419,7.269117587450853,96.61,123355.0,11917326.55,0.0250000000000056,96.62,96.57
2020-10-13,ATO,32986,ATMOS ENERGY CORP,,,-0.012421,-0.253425406108297,0.0001048108164761,-1.9446928051081947e-10,-0.006307,5.426938510802156,95.41,123355.0,11769300.55,0.0049999999999954,95.41,95.4
2020-10-14,ATO,32986,ATMOS ENERGY CORP,,,-0.003878,0.0194655234225622,0.0001052188552187,-5.978843358014046e-11,-0.006623,5.53257670949698,95.04,123355.0,11723659.2,0.0049999999999954,95.05,95.04
2020-10-15,ATO,32986,ATMOS ENERGY CORP,,,-0.005682,0.4177906460494291,0.0001058201058201,-6.214026662537981e-11,-0.001528,7.844035507275749,94.5,123355.0,11657047.5,0.0050000000000025,94.51,94.5
2020-10-16,ATO,32986,ATMOS ENERGY CORP,,,-0.000106,-0.0459259550165822,0.0003174939146999,-1.2151828354688046e-12,0.000135,7.483790685420129,94.49,123355.0,11655813.95,0.0150000000000005,94.49,94.46
2020-10-19,ATO,32986,ATMOS ENERGY CORP,,,-0.002646,-0.3965074423476677,0.0001061120543292,-5.0396949995785094e-11,-0.01633,4.516411981678894,94.24,123355.0,11624975.2,0.0049999999999954,94.24,94.23
2020-10-20,ATO,32986,ATMOS ENERGY CORP,,,0.000424,0.1813552507350275,0.0012728044123886,6.833063525844805e-12,0.004727,5.335487009038952,94.28,123355.0,11629909.4,0.0600000000000022,94.42,94.3
2020-10-21,ATO,32986,ATMOS ENERGY CORP,,,0.013364,0.6401355903360737,0.0001046682018001,1.2958079880488726e-10,-0.002196,8.750922135300556,95.54,123355.0,11785336.7,0.0049999999999954,95.55,95.54
2020-10-22,ATO,32986,ATMOS ENERGY CORP,,,0.011513,-0.2511093406949707,0.0005173841059603,1.47367797376823e-10,0.005219,6.553483847432208,96.64,123355.0,11921027.2,0.0250000000000056,96.68,96.63
2020-10-23,ATO,32986,ATMOS ENERGY CORP,,,0.010865,-0.2659595128679313,0.0007165523595044,1.8742633603760283e-10,0.003446,4.810522475781282,97.69,123355.0,12050549.95,0.0349999999999965,97.72,97.65
2020-10-26,ATO,32986,ATMOS ENERGY CORP,,,-0.00215,0.2943114448552584,0.0001025851456708,-2.8716740406830532e-11,-0.01859,6.226314296137165,97.48,123355.0,12024645.4,0.0049999999999954,97.49,97.48
2020-10-27,ATO,32986,ATMOS ENERGY CORP,,,-0.004206,-0.0833334418336377,0.0001030184403008,-6.154390568547987e-11,-0.003026,5.707454095902071,97.07,123355.0,11974069.85,0.0050000000000025,97.08,97.07
2020-10-28,ATO,32986,ATMOS ENERGY CORP,,,-0.045122,0.1896645517390274,0.000539432516992,-5.812082268863955e-10,-0.035288,6.789955818572413,92.69,123355.0,11433774.95,0.0249999999999985,92.74,92.69
2020-10-29,ATO,32986,ATMOS ENERGY CORP,,,-0.006581,-0.1593015550846193,0.0003258036490008,-1.0149920253861015e-10,0.011947,5.708305297717969,92.08,123355.0,11358528.4,0.0150000000000005,92.11,92.08
2020-10-30,ATO,32986,ATMOS ENERGY CORP,,,-0.004453,1.1060430477683667,0.000327260826879,-3.275625698975988e-11,-0.01213,12.021936686798265,91.67,123355.0,11307952.85,0.0150000000000005,91.69,91.66
2020-11-02,ATO,32986,ATMOS ENERGY CORP,,,0.041889,-0.4161470997986467,0.0003141032352633,5.065432258356431e-10,0.012318,7.019042600624215,95.51,123355.0,11781636.05,0.0150000000000005,95.54,95.51
2020-11-03,ATO,32986,ATMOS ENERGY CORP,,,0.022197,-0.122842253826946,0.0001024275325206,2.993633663557363e-10,0.017799,6.156807587856187,97.63,123355.0,12043148.65,0.0049999999999954,97.63,97.62
2020-11-04,ATO,32986,ATMOS ENERGY CORP,,,-0.020895,-0.1148770265697398,0.0001046134532901,-3.251726137891657e-10,0.022047,5.449531839001256,95.59,123355.0,11791504.45,0.0050000000000025,95.59,95.58
2020-11-05,ATO,32986,ATMOS ENERGY CORP,,,-0.005963,0.0017285827555275,0.0001052410018943,-9.319310150536136e-11,0.01946,5.458951805763852,95.02,123355.0,11721192.1,0.0050000000000025,95.03,95.02
2020-11-06,ATO,32986,ATMOS ENERGY CORP,,,-0.014523,-0.2467459373408238,0.0001067919692439,-3.0576476083562116e-10,-0.000288,4.111977625552268,93.64,123355.0,11550962.2,0.0050000000000025,93.64,93.63
2020-11-09,ATO,32986,ATMOS ENERGY CORP,,,0.044319,0.5938888045533315,0.0001022599447796,5.605701727439771e-10,0.0117,6.554035101941551,97.79,123355.0,12062885.45,0.0050000000000025,97.79,97.78
2020-11-10,ATO,32986,ATMOS ENERGY CORP,,,0.047653,0.6936644761173225,0.0001952171791117,3.3969205160853596e-10,-0.0014,11.10033642738438,102.45,123355.0,12637719.75,0.009999999999998,102.47,102.45
2020-11-11,ATO,32986,ATMOS ENERGY CORP,,,-0.016691,-0.2132394933987301,9.926543577517278e-05,-1.5379597163316298e-10,0.007652,8.733306311053463,100.74,123355.0,12426782.7,0.0049999999999954,100.74,100.73
2020-11-12,ATO,32986,ATMOS ENERGY CORP,,,-0.020052,0.154029018924215,0.0009116693679092,-1.6338055581756123e-10,-0.009979,10.078488914109684,98.72,123355.0,12177605.6,0.0450000000000017,98.81,98.72
2020-11-13,ATO,32986,ATMOS ENERGY CORP,,,0.034846,-0.2292106380788139,9.788566953802972e-05,3.5594603198685536e-10,0.01361,7.768392039236351,102.16,123355.0,12601946.8,0.0050000000000025,102.17,102.16
2020-11-16,ATO,32986,ATMOS ENERGY CORP,,,-0.008614,0.7132822690890877,0.0002962085308056,-5.1804127339299376e-11,0.011648,13.30944834015646,101.28,123355.0,12493394.4,0.0150000000000005,101.31,101.28
2020-11-17,ATO,32986,ATMOS ENERGY CORP,,,-0.012145,-0.293802423822335,9.995002498755738e-05,-1.0469776022559983e-10,-0.004792,9.399100158080335,100.05,123355.0,12341667.75,0.0050000000000025,100.08,100.07
2020-11-18,ATO,32986,ATMOS ENERGY CORP,,,-0.038781,-0.0060900825063436,0.0006238951856088,-3.4993656803031965e-10,-0.011564,9.34185886263224,96.17,123355.0,11863050.35,0.0300000000000011,96.17,96.11
2020-11-19,ATO,32986,ATMOS ENERGY CORP,,,-0.011126,0.1933831728662358,0.0008412197686645,-8.507237738955653e-11,0.003946,11.148417169956629,95.1,123355.0,11731060.5,0.0399999999999991,95.1,95.02
2020-11-20,ATO,32986,ATMOS ENERGY CORP,,,0.005994,0.0602982956094801,0.001463363645866,4.296778163216987e-11,-0.006793,11.820647724048476,95.67,123355.0,11801372.85,0.0700000000000002,95.75,95.61
2020-11-23,ATO,32986,ATMOS ENERGY CORP,,,0.012439,-0.3585070254077809,0.0001032417922775,1.3729384446815382e-10,0.005636,7.582862470106603,96.86,123355.0,11948165.3,0.0050000000000025,96.86,96.85
2020-11-24,ATO,32986,ATMOS ENERGY CORP,,,0.035309,0.5934867391360126,9.972078181098042e-05,2.3622872288782763e-10,0.016162,12.08319079080702,100.28,123355.0,12370039.4,0.0050000000000025,100.26,100.25
2020-11-25,ATO,32986,ATMOS ENERGY CORP,,,-0.008676,-0.4665097194137355,0.0003017805049793,-1.097550640045024e-10,-0.001584,6.446264845365003,99.41,123355.0,12262720.55,0.0150000000000005,99.41,99.38
2020-11-27,ATO,32986,ATMOS ENERGY CORP,,,-0.019767,-0.6128154792820233,0.0004131377814501,-6.631210212650663e-10,0.002397,2.495893964573791,96.82,123355.0,11943231.1,0.0200000000000031,96.87,96.83
2020-11-30,ATO,32986,ATMOS ENERGY CORP,,,-0.009605,5.814925247092221,0.0010428616122639,-4.773974178550532e-11,-0.004595,16.66695263287499,95.89,125889.0,12071496.21,0.0499999999999971,95.89,95.79
2020-12-01,ATO,32986,ATMOS ENERGY CORP,,,0.007821,-0.5090525816109726,0.000206953642384,7.856450870674046e-11,0.011271,8.182597367522183,96.64,125889.0,12165912.96,0.009999999999998,96.63,96.61
2020-12-02,ATO,32986,ATMOS ENERGY CORP,,,-0.004656,-0.0094437524936923,0.0001039609106974,-4.743784370664414e-11,0.001791,8.105322943227764,96.19,125889.0,12109262.91,0.0049999999999954,96.19,96.18
2020-12-03,ATO,32986,ATMOS ENERGY CORP,,,0.003431,-0.1935433288480366,0.0001036054703687,4.3198061556046655e-11,-0.000624,6.536591759407097,96.52,125889.0,12150806.28,0.0049999999999954,96.52,96.51
2020-12-04,ATO,32986,ATMOS ENERGY CORP,,,0.00777,0.3658421286084932,0.0004112264829854,7.10726408649056e-11,0.008836,8.927952402513325,97.27,125889.0,12245223.03,0.019999999999996,97.27,97.23
2020-12-07,ATO,32986,ATMOS ENERGY CORP,,,-0.000206,-0.3152221978039577,0.0001028277634961,-2.752252574272183e-12,-0.001936,6.113663624303951,97.25,125889.0,12242705.25,0.0050000000000025,97.25,97.24
2020-12-08,ATO,32986,ATMOS ENERGY CORP,,,0.003496,-0.0838713533417441,0.0005123475765959,5.0806621767924913e-11,0.002787,5.600902382257385,97.59,125889.0,12285507.51,0.0249999999999985,97.59,97.54
2020-12-09,ATO,32986,ATMOS ENERGY CORP,,,0.00164,0.002684756031837,0.0004092071611252,2.373104607047972e-11,-0.007949,5.615939438711881,97.75,125889.0,12305649.75,0.019999999999996,97.74,97.7
2020-12-10,ATO,32986,ATMOS ENERGY CORP,,,0.004297,0.2131869841651519,0.0001018641132729,5.103270876742299e-11,-0.001285,6.813184630905004,98.17,125889.0,12358523.13,0.0050000000000025,98.18,98.17
2020-12-11,ATO,32986,ATMOS ENERGY CORP,,,0.009168,0.2835765210649348,0.0001009387301908,8.405677730546157e-11,-0.001265,8.745243825910126,99.07,125889.0,12471823.23,0.0050000000000025,99.08,99.07
2020-12-14,ATO,32986,ATMOS ENERGY CORP,,,0.004441,-0.0237844367943466,0.0003014772384685,4.152490175308527e-11,-0.004359,8.537243126881618,99.51,125889.0,12527214.39,0.0150000000000005,99.54,99.51
2020-12-15,ATO,32986,ATMOS ENERGY CORP,,,0.021807,0.257379192273516,9.834775767103564e-05,1.5870429622367838e-10,0.012921,10.734551867121036,101.68,125889.0,12800393.52,0.0049999999999954,101.69,101.68
2020-12-16,ATO,32986,ATMOS ENERGY CORP,,,-0.022915,-0.3727113830343017,0.000100654252642,-2.7209018812158874e-10,0.001773,6.733662194472909,99.35,125889.0,12507072.15,0.0049999999999954,99.35,99.34
2020-12-17,ATO,32986,ATMOS ENERGY CORP,,,-0.002617,-0.0615280985827433,0.0001009183570491,-3.319812157041324e-11,0.005758,6.319352763148488,99.09,125889.0,12474341.01,0.0050000000000025,99.11,99.1
2020-12-18,ATO,32986,ATMOS ENERGY CORP,,,-0.040165,2.070840199764436,0.0003154242456103,-1.728637735035518e-10,-0.003511,19.40572250156884,95.11,125889.0,11973302.79,0.0150000000000005,95.14,95.11
2020-12-21,ATO,32986,ATMOS ENERGY CORP,,,-0.032489,-0.3990344527781178,0.0004346881112802,-2.404844167919557e-10,-0.003906,11.662170642391311,92.02,125889.0,11584305.78,0.0200000000000031,92.04,92.0
2020-12-22,ATO,32986,ATMOS ENERGY CORP,,,0.003369,-0.4293074429601011,0.0002166143182065,4.3550063378281835e-11,-0.002073,6.655513984541938,92.33,125889.0,11623331.37,0.0100000000000051,92.34,92.32
2020-12-23,ATO,32986,ATMOS ENERGY CORP,,,-0.003249,-0.2424867757705381,0.0001086602194936,-5.562380403802936e-11,0.000746,5.041639857334636,92.03,125889.0,11585564.67,0.0050000000000025,92.03,92.02
2020-12-24,ATO,32986,ATMOS ENERGY CORP,,,0.008041,-0.4773471017997848,0.0005389673385792,2.6129406154666166e-10,0.003537,2.6350276831176678,92.77,125889.0,11678722.53,0.0249999999999985,92.75,92.7
2020-12-28,ATO,32986,ATMOS ENERGY CORP,,,0.006899,0.5960551186087104,0.0003211647575206,1.394992657175391e-10,0.008723,4.205649421315603,93.41,125889.0,11759291.49,0.0150000000000005,93.41,93.38
2020-12-29,ATO,32986,ATMOS ENERGY CORP,,,-0.002676,0.334574885021107,0.0006440532417346,-4.065302155351012e-11,-0.002227,5.612754092891357,93.16,125889.0,11727819.24,0.0300000000000011,93.16,93.1
2020-12-30,ATO,32986,ATMOS ENERGY CORP,,,0.003757,0.3403728360676155,0.000106940434178,4.2422252172174176e-11,0.001342,7.523183121638904,93.51,125889.0,11771880.39,0.0049999999999954,93.52,93.51
2020-12-31,ATO,32986,ATMOS ENERGY CORP,,,0.020533,-0.3331988858456359,0.0003143665513989,3.4070754382689817e-10,0.006439,5.010576259352413,95.43,126037.0,12027710.91,0.0150000000000005,95.43,95.4
2021-01-04,ATO,32986,ATMOS ENERGY CORP,,,-0.01467,0.7525153677329863,0.0003190471126236,-1.4096656237250267e-10,-0.014755,8.781111895713163,94.03,126037.0,11851259.11,0.0150000000000005,94.06,94.03
2021-01-05,ATO,32986,ATMOS ENERGY CORP,,,-0.015102,-0.221152117244713,0.0001079796998164,-1.8918050022016528e-10,0.007083,6.839150408213461,92.61,126037.0,11672286.57,0.0050000000000025,92.62,92.61
2021-01-06,ATO,32986,ATMOS ENERGY CORP,,,0.011878,-0.0600972637606643,0.0002134243944082,1.5644952787096003e-10,0.00571,6.428136182232202,93.71,126037.0,11810927.27,0.009999999999998,93.71,93.69
2021-01-07,ATO,32986,ATMOS ENERGY CORP,,,-0.042045,0.2269931608044109,0.0001113957892392,-4.711485549644716e-10,0.014847,7.887279132318287,89.77,126037.0,11314341.49,0.0050000000000025,89.75,89.74
2021-01-08,ATO,32986,ATMOS ENERGY CORP,,,-0.005681,0.0606203267514275,0.0001120322652924,-6.036465077817049e-11,0.005492,8.36540857049914,89.26,126037.0,11250062.62,0.0050000000000025,89.26,89.25
2021-01-11,ATO,32986,ATMOS ENERGY CORP,,,-0.017813,-0.1229742277476855,0.0001140641040265,-2.1972956267900622e-10,-0.006555,7.3366789117481375,87.67,126037.0,11049663.79,0.0050000000000025,87.67,87.66
2021-01-12,ATO,32986,ATMOS ENERGY CORP,,,-0.00057,0.0580787353208038,0.0001141291942479,-6.648995676738556e-12,0.000416,7.76278394439728,87.62,126037.0,11043361.94,0.0050000000000025,87.62,87.61
2021-01-13,ATO,32986,ATMOS ENERGY CORP,,,0.009587,-0.140147465550829,0.0001130454442684,1.2882384588721324e-10,0.002276,6.674849448971334,88.46,126037.0,11149233.02,0.0049999999999954,88.46,88.45
2021-01-14,ATO,32986,ATMOS ENERGY CORP,,,-0.00927,-0.3091142285903114,0.0003423094477407,-1.8198332037550578e-10,-0.003753,4.611558510596095,87.64,126037.0,11045882.68,0.0150000000000005,87.67,87.64
2021-01-15,ATO,32986,ATMOS ENERGY CORP,,,0.027271,0.6985085001212952,0.0001110740864156,3.068317577600205e-10,-0.00719,7.832771329054166,90.03,126037.0,11347111.11,0.0050000000000025,90.04,90.03
2021-01-19,ATO,32986,ATMOS ENERGY CORP,,,0.000555,0.4176773340059299,0.0004440497335702,4.402239888083216e-12,0.008136,11.104342375651594,90.08,126037.0,11353412.96,0.0200000000000031,90.12,90.08
2021-01-20,ATO,32986,ATMOS ENERGY CORP,,,0.000111,-0.125817579550115,0.0001110001110001,1.0070555380653145e-12,0.013936,9.707220895451336,90.09,126037.0,11354673.33,0.0050000000000025,90.09,90.08
2021-01-21,ATO,32986,ATMOS ENERGY CORP,,,-0.007104,-0.4198733273993865,0.0001117942984908,-1.118940013382532e-10,0.000317,5.631417758277332,89.45,126037.0,11274009.65,0.0050000000000025,89.45,89.44
2021-01-22,ATO,32986,ATMOS ENERGY CORP,,,-0.004025,-0.1634057373757866,0.0001122460433268,-7.60862606273066e-11,-0.003011,4.711211787014924,89.09,126037.0,11228636.33,0.0049999999999954,89.1,89.09
2021-01-25,ATO,32986,ATMOS ENERGY CORP,,,0.015153,1.246187605993395,0.0003317116320212,1.2562074300935107e-10,0.003616,10.582265525202915,90.44,126037.0,11398786.28,0.0150000000000005,90.44,90.41
2021-01-26,ATO,32986,ATMOS ENERGY CORP,,,0.005639,-0.3629686667061541,0.0003298515667949,7.297294694280864e-11,-0.001489,6.741234716789514,90.95,126037.0,11463065.15,0.0150000000000005,90.94,90.91
2021-01-27,ATO,32986,ATMOS ENERGY CORP,,,-0.001319,0.3395983028205898,0.0001100957833315,-1.2758610716751736e-11,-0.025678,9.030546585526473,90.83,126037.0,11447940.71,0.0050000000000025,90.84,90.83
2021-01-28,ATO,32986,ATMOS ENERGY CORP,,,-0.024882,0.5796835833956402,0.0003387151405667,-1.5624871039828278e-10,0.009761,14.265406190245722,88.57,126037.0,11163097.09,0.0150000000000005,88.56,88.53
2021-01-29,ATO,32986,ATMOS ENERGY CORP,,,0.004855,0.7179545364797724,0.0005617977528089,1.7660596231695834e-11,-0.019312,24.507319279259264,89.0,126037.0,11217293.0,0.0249999999999985,89.02,88.97
2021-02-01,ATO,32986,ATMOS ENERGY CORP,,,-0.003933,-0.6537267035501155,0.0006768189509306,-4.147938790262574e-11,0.016052,8.486230233978912,88.65,126037.0,11173180.05,0.0300000000000011,88.64,88.58
2021-02-02,ATO,32986,ATMOS ENERGY CORP,,,0.000113,-0.2915661208755968,0.0002255808707422,1.682048550126576e-12,0.013898,6.011933003800471,88.66,126037.0,11174440.42,0.0100000000000051,88.65,88.63
2021-02-03,ATO,32986,ATMOS ENERGY CORP,,,-0.018159,0.3545648427003955,0.000689259046525,-2.0324092564396822e-10,0.001009,8.143553083618302,87.05,126037.0,10971520.85,0.0300000000000011,87.11,87.05
2021-02-04,ATO,32986,ATMOS ENERGY CORP,,,0.019874,0.3351857823885487,0.0003379139445821,1.6334899117606074e-10,0.010853,10.87315629537358,88.78,126037.0,11189564.86,0.0150000000000005,88.78,88.75
2021-02-05,ATO,32986,ATMOS ENERGY CORP,,,0.003041,-0.4919002933407277,0.000561482313307,4.904332020987735e-11,0.003897,5.524647524139737,89.05,126037.0,11223594.85,0.0249999999999985,89.1,89.05
2021-02-08,ATO,32986,ATMOS ENERGY CORP,,,0.000337,0.2734816389251913,0.0008980691513246,4.266329287743502e-12,0.007399,7.035537183525473,89.08,126037.0,11227375.96,0.0399999999999991,89.08,89.0
2021-02-09,ATO,32986,ATMOS ENERGY CORP,,,0.005837,-0.248111618087868,0.000111607142857,9.770864473325597e-11,-0.001113,5.289938668803606,89.6,126037.0,11292915.2,0.0049999999999954,89.63,89.62
2021-02-10,ATO,32986,ATMOS ENERGY CORP,,,0.025112,0.704345700195582,0.0003266194882961,2.406000750979404e-10,-0.000345,9.015884224473766,91.85,126037.0,11576498.45,0.0150000000000005,91.89,91.86
2021-02-11,ATO,32986,ATMOS ENERGY CORP,,,-0.008819,-0.2383082453677832,0.0002196836555359,-1.1191839044270968e-10,0.001662,6.867324674500345,91.04,126037.0,11474408.48,0.009999999999998,91.06,91.04
2021-02-12,ATO,32986,ATMOS ENERGY CORP,,,0.00011,-0.113672783485859,0.000109829763866,1.5748275791613945e-12,0.004711,6.08669676364877,91.05,126037.0,11475668.85,0.0050000000000025,91.06,91.05
2021-02-16,ATO,32986,ATMOS ENERGY CORP,,,0.000879,-0.0586457128928017,0.0003292000438933,1.3356561762817938e-11,-0.000569,5.729738092782278,91.13,126037.0,11485751.81,0.0150000000000005,91.13,91.1
2021-02-17,ATO,32986,ATMOS ENERGY CORP,,,0.014265,0.3560407057171619,0.0005409499080386,1.5759893141918834e-10,-0.00032,7.769758086910986,92.43,126037.0,11649599.91,0.0250000000000056,92.43,92.38
2021-02-18,ATO,32986,ATMOS ENERGY CORP,,,0.013632,-0.1276727626606159,0.000106734977052,1.7032615828768984e-10,-0.004416,6.777771606750399,93.69,126037.0,11808406.53,0.0050000000000025,93.72,93.71
2021-02-19,ATO,32986,ATMOS ENERGY CORP,,,0.005283,1.4933778167983611,0.0001068832834545,2.6510463372686958e-11,-0.001855,16.89954537159723,93.56,126037.0,11792021.72,0.0050000000000025,93.56,93.55
2021-02-22,ATO,32986,ATMOS ENERGY CORP,,,-0.044356,0.0260698752281725,0.0002236886254333,-2.2699498580010543e-10,-0.007733,17.340114410847608,89.41,126037.0,11268968.17,0.009999999999998,89.44,89.42
2021-02-23,ATO,32986,ATMOS ENERGY CORP,,,0.002461,-0.5437136466962191,0.0005578489345085,2.7534089598310183e-11,0.001256,7.912057570395995,89.63,126037.0,11296696.31,0.0249999999999985,89.63,89.58
2021-02-24,ATO,32986,ATMOS ENERGY CORP,,,-0.010711,0.0049167077812941,0.0002255554302469,-1.205412658914115e-10,0.011352,7.950958845418409,88.67,126037.0,11175700.79,0.009999999999998,88.67,88.65
2021-02-25,ATO,32986,ATMOS ENERGY CORP,,,-0.004962,-0.0740753306756211,0.0001133401337414,-6.061041571239233e-11,-0.024479,7.361988939755786,88.23,126037.0,11120244.51,0.0050000000000025,88.23,88.22
2021-02-26,ATO,32986,ATMOS ENERGY CORP,,,-0.041029,0.5239949433279842,0.0004727573572862,-3.4291974571796025e-10,-0.00475,11.033691996785294,84.61,128161.0,10843702.21,0.019999999999996,84.63,84.59
2021-03-01,ATO,32986,ATMOS ENERGY CORP,,,0.013474,-0.4659911787730475,0.0001166180758018,2.0808330596776868e-10,0.023791,5.892088856984574,85.75,128161.0,10989805.75,0.0050000000000025,85.75,85.74
2021-03-02,ATO,32986,ATMOS ENERGY CORP,,,0.017376,0.4009913446054751,0.0001146263182027,1.882667058393167e-10,-0.008081,8.254765490281756,87.24,128161.0,11180765.64,0.0050000000000025,87.28,87.27
2021-03-03,ATO,32986,ATMOS ENERGY CORP,,,0.01387,0.0566904140975992,0.0002261164499716,1.402717544063305e-10,-0.013066,8.722731564204398,88.45,128161.0,11335840.45,0.009999999999998,88.45,88.43
2021-03-04,ATO,32986,ATMOS ENERGY CORP,,,0.005088,0.2316850848991962,0.0004499437570302,4.156590726119e-11,-0.013417,10.743658367209994,88.9,128161.0,11393512.9,0.019999999999996,88.94,88.9
2021-03-05,ATO,32986,ATMOS ENERGY CORP,,,0.031609,0.2285517365594755,0.0006542361792605,2.0374761584099501e-10,0.019496,13.199140144037578,91.71,128161.0,11753645.31,0.029999999999994,91.71,91.65
2021-03-08,ATO,32986,ATMOS ENERGY CORP,,,-0.000763,-0.3622567782858392,0.0002182453077258,-7.717774383900934e-12,-0.005359,8.417662159315237,91.64,128161.0,11744674.04,0.009999999999998,91.64,91.62
2021-03-09,ATO,32986,ATMOS ENERGY CORP,,,-0.025098,-0.1466292676415626,0.0002238638907543,-3.05146254746992e-10,0.014155,7.183386521640749,89.34,128161.0,11449903.74,0.009999999999998,89.36,89.34
2021-03-10,ATO,32986,ATMOS ENERGY CORP,,,0.016454,-0.0423622953846822,0.0003303600925008,2.0551875359688262e-10,0.00603,6.879081779948659,90.81,128161.0,11638300.41,0.0150000000000005,90.81,90.78
2021-03-11,ATO,32986,ATMOS ENERGY CORP,,,-0.010241,-0.2238739607318263,0.0001112594570537,-1.6651780907854274e-10,0.010395,5.339034495673411,89.88,128161.0,11519110.68,0.0049999999999954,89.88,89.87
2021-03-12,ATO,32986,ATMOS ENERGY CORP,,,0.017134,0.114097647664032,0.0001093852548676,2.4585309170097507e-10,0.001015,5.94820577242687,91.42,128161.0,11716478.62,0.0050000000000025,91.43,91.42
2021-03-15,ATO,32986,ATMOS ENERGY CORP,,,0.019361,-0.0171054978959188,0.0008584612082841,2.7727435000943297e-10,0.006492,5.846458751102129,93.19,128161.0,11943323.59,0.0399999999999991,93.24,93.16
2021-03-16,ATO,32986,ATMOS ENERGY CORP,,,0.006546,0.3263511493577904,0.000319829424307,7.022081524281112e-11,-0.00157,7.754457284197221,93.8,128161.0,12021501.8,0.0150000000000005,93.84,93.81
2021-03-17,ATO,32986,ATMOS ENERGY CORP,,,-0.014606,-0.2089636040365499,0.0005409499080384,-2.0100857363344407e-10,0.002879,6.134057942743892,92.43,128161.0,11845921.23,0.0249999999999985,92.48,92.43
2021-03-18,ATO,32986,ATMOS ENERGY CORP,,,0.011901,-0.0088062410719623,0.0004276702662248,1.6329398986493738e-10,-0.014761,6.080039949750704,93.53,128161.0,11986898.33,0.0200000000000031,93.56,93.52
2021-03-19,ATO,32986,ATMOS ENERGY CORP,,,0.005987,1.4971471617917311,0.0004251248804335,3.270087190186186e-11,-0.000603,15.182754504100313,94.09,128161.0,12058668.49,0.019999999999996,94.16,94.12
2021-03-22,ATO,32986,ATMOS ENERGY CORP,,,-0.005845,-0.4723278465770771,0.0004276245456488,-6.085783756827127e-11,0.007025,8.011516764070192,93.54,128161.0,11988179.94,0.019999999999996,93.58,93.54
2021-03-23,ATO,32986,ATMOS ENERGY CORP,,,0.006842,-0.2686849168845031,0.0001061796559778,9.674960928938693e-11,-0.007631,5.858943048197189,94.18,128161.0,12070202.98,0.0049999999999954,94.19,94.18
2021-03-24,ATO,32986,ATMOS ENERGY CORP,,,0.017732,0.1286689892500612,0.0003129890453834,2.1828497772040622e-10,-0.005467,6.612807328282395,95.85,128161.0,12284231.85,0.0150000000000005,95.85,95.82
2021-03-25,ATO,32986,ATMOS ENERGY CORP,,,0.012833,-0.1188324774868319,0.0005150391429748,1.7701015734738962e-10,0.00524,5.82699105031952,97.08,128161.0,12441869.88,0.0249999999999985,97.1,97.05
2021-03-26,ATO,32986,ATMOS ENERGY CORP,,,0.001648,-0.123277802550372,0.0006170300287946,2.5885110082367865e-11,0.016631,5.108652398155445,97.24,128161.0,12462375.64,0.029999999999994,97.24,97.18
2021-03-29,ATO,32986,ATMOS ENERGY CORP,,,0.016557,0.4866922242756555,0.0001011633788569,1.7207653970721964e-10,-0.000868,7.594993796864881,98.85,128161.0,12668714.85,0.0050000000000025,98.86,98.85
2021-03-30,ATO,32986,ATMOS ENERGY CORP,,,0.000405,-0.0427437532232977,0.0001011224592982,4.395326346222172e-12,-0.003158,7.2703552562792115,98.89,128161.0,12673841.29,0.0050000000000025,98.9,98.89
2021-03-31,ATO,32986,ATMOS ENERGY CORP,,,-0.000404,0.2264814719417542,0.0006069802731411,-3.5762854813650737e-12,0.003623,8.916956016260796,98.85,128161.0,12668714.85,0.0300000000000011,98.89,98.83
2021-04-01,ATO,32986,ATMOS ENERGY CORP,,,-0.006171,-0.3969055115216405,0.0001017915309445,-9.114006231091428e-11,0.011825,5.377767027410835,98.24,128161.0,12590536.64,0.0049999999999954,98.24,98.23
2021-04-05,ATO,32986,ATMOS ENERGY CORP,,,0.003868,-0.2547256318737123,0.0005069965524235,7.635674572473823e-11,0.014438,4.007911923283994,98.62,128161.0,12639237.82,0.0250000000000056,98.62,98.57
2021-04-06,ATO,32986,ATMOS ENERGY CORP,,,-0.00365,0.4242978791335869,0.0006106248727865,-5.0773981519794216e-11,-0.000974,5.708460452087609,98.26,128161.0,12593099.86,0.0300000000000011,98.26,98.2
2021-04-07,ATO,32986,ATMOS ENERGY CORP,,,-0.000305,-0.2297410340595023,0.0001018018935151,-5.509904213695255e-12,0.001475,4.396992844937228,98.23,128161.0,12589255.03,0.0049999999999954,98.27,98.26
2021-04-08,ATO,32986,ATMOS ENERGY CORP,,,0.000916,0.5055019937074441,0.0006102522375914,1.0981473616220797e-11,0.004221,6.619681494370362,98.32,128161.0,12600789.52,0.029999999999994,98.35,98.29
2021-04-09,ATO,32986,ATMOS ENERGY CORP,,,0.008238,-0.3596892920077559,0.0005043881771412,1.52979393748085e-10,0.00772,4.238652944343443,99.13,128161.0,12704599.93,0.0250000000000056,99.18,99.13
2021-04-12,ATO,32986,ATMOS ENERGY CORP,,,0.00232,-0.1177162527842718,0.0001006441223833,4.8717430814184206e-11,-0.000196,3.739694602882312,99.36,128161.0,12734076.96,0.0050000000000025,99.36,99.35
2021-04-13,ATO,32986,ATMOS ENERGY CORP,,,-0.002717,0.54434853729425,0.0004036734281966,-3.704439137811519e-11,0.003295,5.7753918898885,99.09,128161.0,12699473.49,0.0200000000000031,99.12,99.08
2021-04-14,ATO,32986,ATMOS ENERGY CORP,,,0.010496,-0.2227566267664622,0.0002996105063417,1.8220707309595388e-10,-0.004088,4.488885074242554,100.13,128161.0,12832760.93,0.0150000000000005,100.14,100.11
2021-04-15,ATO,32986,ATMOS ENERGY CORP,,,0.011885,0.1325360681383625,9.869719699951544e-05,1.8003526775315218e-10,0.011094,5.083824252307644,101.32,128161.0,12985272.52,0.0049999999999954,101.32,101.31
2021-04-16,ATO,32986,ATMOS ENERGY CORP,,,0.004935,0.3328872162910483,9.821253191898356e-05,5.5810285687050874e-11,0.003609,6.7761643557712565,101.82,128161.0,13049353.02,0.0049999999999954,101.82,101.81
2021-04-19,ATO,32986,ATMOS ENERGY CORP,,,0.000196,0.1157719589148358,0.000490966221524,1.9861974469818497e-12,-0.005306,7.560654177167781,101.84,128161.0,13051916.24,0.0250000000000056,101.87,101.82
2021-04-20,ATO,32986,ATMOS ENERGY CORP,,,0.027003,-0.1762645500788973,0.0007648914810211,3.2345869909089846e-10,-0.006802,6.227978870327167,104.59,128161.0,13404358.99,0.0399999999999991,104.59,104.51
2021-04-21,ATO,32986,ATMOS ENERGY CORP,,,-0.011473,0.4296139737203452,0.0001934423058322,-9.724709926929012e-11,0.009306,8.903605621054767,103.39,128161.0,13250565.79,0.009999999999998,103.39,103.37
2021-04-22,ATO,32986,ATMOS ENERGY CORP,,,9.7e-05,-0.5837655935745929,9.671179883950788e-05,1.975110584914502e-12,-0.009211,3.7059870007256497,103.4,128161.0,13251847.4,0.0050000000000025,103.39,103.38
2021-04-23,ATO,32986,ATMOS ENERGY CORP,,,-0.000484,-0.2107532586748862,0.0003870343492985,-1.2492872400081772e-11,0.010929,2.924938163715951,103.35,128161.0,13245439.35,0.0200000000000031,103.34,103.3
2021-04-26,ATO,32986,ATMOS ENERGY CORP,,,-0.009095,0.5772108743727709,9.764671418811752e-05,-1.502097066731967e-10,0.001782,4.613244278680722,102.41,128161.0,13124968.01,0.0050000000000025,102.42,102.41
2021-04-27,ATO,32986,ATMOS ENERGY CORP,,,-0.009081,-0.1023750164908209,9.854158454872995e-05,-1.6861489877457722e-10,-0.000215,4.140963319574597,101.48,128161.0,13005778.28,0.0050000000000025,101.47,101.46
2021-04-28,ATO,32986,ATMOS ENERGY CORP,,,-0.011628,0.6050027321889544,9.97008973079851e-05,-1.3610404828159783e-10,-0.000846,6.646257441811471,100.3,128161.0,12854548.3,0.0049999999999954,100.3,100.29
2021-04-29,ATO,32986,ATMOS ENERGY CORP,,,0.018744,0.3018205170047583,9.78665100803006e-05,1.6542921860222946e-10,0.006763,8.652234299045732,102.18,128161.0,13095490.98,0.0050000000000025,102.18,102.17
2021-04-30,ATO,32986,ATMOS ENERGY CORP,,,0.013799,-0.2211179037568571,0.0005792064871126,1.5423179094538863e-10,-0.007195,6.739070388027559,103.59,128161.0,13276197.99,0.0300000000000011,103.59,103.53
2021-05-03,ATO,32986,ATMOS ENERGY CORP,,,0.001931,-0.0993358697489597,9.634839579912232e-05,2.3917072223264493e-11,0.002748,6.069638969733382,103.79,128161.0,13301830.19,0.0049999999999954,103.8,103.79
2021-05-04,ATO,32986,ATMOS ENERGY CORP,,,-0.002312,-0.1634663468275118,0.0003862868179623,-3.431117276885581e-11,-0.006678,5.077457260789164,103.55,128161.0,13271071.55,0.0200000000000031,103.59,103.55
2021-05-05,ATO,32986,ATMOS ENERGY CORP,,,-0.00985,-0.0825946779933982,0.002145713449722,-1.6092438351018427e-10,0.000704,4.658086313309041,102.53,128161.0,13140347.33,0.1099999999999994,102.57,102.35
2021-05-06,ATO,32986,ATMOS ENERGY CORP,,,0.007998,0.2486293625467976,0.0005805515239476,1.0381831030882896e-10,0.008165,5.816223344075031,103.35,128161.0,13245439.35,0.029999999999994,103.35,103.29
2021-05-07,ATO,32986,ATMOS ENERGY CORP,,,-0.003387,-0.0653275432545448,0.0004854368932039,-4.719777922116306e-11,0.007373,5.436263761986876,103.0,128161.0,13200583.0,0.0250000000000056,103.04,102.99
2021-05-10,ATO,32986,ATMOS ENERGY CORP,,,0.004951,0.4687225946833506,9.660902328268674e-05,4.6742768798595215e-11,-0.010436,7.984363417888437,103.51,128161.0,13265945.11,0.0049999999999954,103.52,103.51
2021-05-11,ATO,32986,ATMOS ENERGY CORP,,,-0.021254,-0.2976260744817666,0.0002961208172934,-2.9189307826953106e-10,-0.008674,5.608008676586481,101.31,128161.0,12983990.91,0.0150000000000005,101.33,101.3
2021-05-12,ATO,32986,ATMOS ENERGY CORP,,,-0.020334,0.1620738304337663,0.0001007556675063,-2.4529800627060673e-10,-0.021449,6.516920123906648,99.25,128161.0,12719979.25,0.0050000000000025,99.22,99.21
2021-05-13,ATO,32986,ATMOS ENERGY CORP,,,0.013703,-0.3419646438342223,0.0003975747937581,2.4781466003823283e-10,0.012173,4.288363854838836,100.61,128161.0,12894278.21,0.0200000000000031,100.61,100.57
2021-05-14,ATO,32986,ATMOS ENERGY CORP,,,-0.001491,0.2166389799145198,9.954210631102048e-05,-2.2196026193892853e-11,0.014918,5.217390625853419,100.46,128161.0,12875054.06,0.0050000000000025,100.48,100.47
2021-05-17,ATO,32986,ATMOS ENERGY CORP,,,-0.019411,0.2702799304884651,0.0002030250735965,-2.319844702972236e-10,-0.00253,6.62754660154025,98.51,128161.0,12625140.11,0.009999999999998,98.55,98.53
2021-05-18,ATO,32986,ATMOS ENERGY CORP,,,0.006395,0.104635898812446,0.0001008674601574,6.874859131233803e-11,-0.008517,7.321025897113786,99.14,128161.0,12705881.54,0.0050000000000025,99.15,99.14
2021-05-19,ATO,32986,ATMOS ENERGY CORP,,,-0.010389,-0.3018949769256184,0.000509632045663,-1.616634628240818e-10,-0.002943,5.110844952832765,98.11,128161.0,12573875.71,0.0249999999999985,98.14,98.09
2021-05-20,ATO,32986,ATMOS ENERGY CORP,,,0.00214,-0.1903082543651938,0.0003051261187957,4.103964525925905e-11,0.010555,4.138208971528,98.32,128161.0,12600789.52,0.0150000000000005,98.33,98.3
2021-05-21,ATO,32986,ATMOS ENERGY CORP,,,0.004933,2.4582667901055326,0.000101853738032,2.7394368170430458e-11,-0.000784,14.311030656752054,98.18,128161.0,12582846.98,0.0049999999999954,98.13,98.12
2021-05-24,ATO,32986,ATMOS ENERGY CORP,,,0.002546,-0.6551406781250477,0.0001015950421619,4.0894240321812955e-11,0.009911,4.935292327619167,98.43,128161.0,12614887.23,0.0050000000000025,98.43,98.42
2021-05-25,ATO,32986,ATMOS ENERGY CORP,,,-0.001422,-0.134226702418294,0.0005086987486011,-2.641905657694621e-11,-0.002125,4.272844313012539,98.29,128161.0,12596944.69,0.0250000000000056,98.29,98.24
2021-05-26,ATO,32986,ATMOS ENERGY CORP,,,0.003357,0.347461341241609,0.0002027986209694,4.613144649676237e-11,0.001877,5.7574925289284575,98.62,128161.0,12639237.82,0.0100000000000051,98.62,98.6
2021-05-27,ATO,32986,ATMOS ENERGY CORP,,,0.005476,3.386540739355402,0.0002016942315449,1.7061432162715118e-11,0.001165,25.25547553467904,99.16,128161.0,12708444.76,0.009999999999998,99.08,99.06
2021-05-28,ATO,32986,ATMOS ENERGY CORP,,,0.000101,-0.8035067090093294,0.0001008369466573,1.6013338950260889e-12,0.000769,4.867171237908657,99.17,130672.0,12958742.24,0.0050000000000025,99.18,99.17
2021-06-01,ATO,32986,ATMOS ENERGY CORP,,,0.002723,-0.0171760196099703,0.0002011263073211,4.3807817478676814e-11,-0.000492,4.783572609281253,99.44,130672.0,12994023.68,0.0100000000000051,99.43,99.41
2021-06-02,ATO,32986,ATMOS ENERGY CORP,,,0.010358,0.2682204969291881,9.953219866631946e-05,1.3004984166082734e-10,0.001447,6.066624831639525,100.47,130672.0,13128615.84,0.0050000000000025,100.47,100.46
2021-06-03,ATO,32986,ATMOS ENERGY CORP,,,0.007166,-0.2292421960345032,9.882399446590688e-05,1.1590217891100234e-10,-0.003629,4.675898432717032,101.19,130672.0,13222699.68,0.0050000000000025,101.2,101.19
2021-06-04,ATO,32986,ATMOS ENERGY CORP,,,-0.004744,-0.0750594508427863,0.0001985900109225,-8.335096990836946e-11,0.008834,4.324928064160647,100.71,130672.0,13159977.12,0.0100000000000051,100.73,100.71
2021-06-07,ATO,32986,ATMOS ENERGY CORP,,,0.002582,0.0958706318886943,9.903931860953864e-05,4.128983683116184e-11,-0.000797,4.739561650544876,100.97,130672.0,13193951.84,0.0050000000000025,100.97,100.96
2021-06-08,ATO,32986,ATMOS ENERGY CORP,,,-0.006735,-0.0118660871137749,9.971083856806166e-05,-1.0973456568877463e-10,0.000175,4.683321599118403,100.29,130672.0,13105094.88,0.0049999999999954,100.3,100.29
2021-06-09,ATO,32986,ATMOS ENERGY CORP,,,0.008575,0.0529250186689411,0.0001977261492833,1.3156315413737227e-10,-0.001824,4.9311864821844,101.15,130672.0,13217472.8,0.0100000000000051,101.15,101.13
2021-06-10,ATO,32986,ATMOS ENERGY CORP,,,0.000692,-0.1873882626077024,9.879470460388376e-05,1.3056377720880676e-11,0.004652,4.007140014693277,101.22,130672.0,13226619.84,0.0050000000000025,101.29,101.28
2021-06-11,ATO,32986,ATMOS ENERGY CORP,,,0.005631,0.0984643473046344,0.0004912073877592,9.617836536005518e-11,0.001948,4.401700440798335,101.79,130672.0,13301102.88,0.0250000000000056,101.79,101.74
2021-06-14,ATO,32986,ATMOS ENERGY CORP,,,-0.006779,0.3134363389483969,9.891196834822072e-05,-8.875696209761264e-11,0.001815,5.78135331210971,101.1,130672.0,13210939.2,0.0050000000000025,101.11,101.1
2021-06-15,ATO,32986,ATMOS ENERGY CORP,,,-0.001385,-0.0779590210480752,0.000297147385103,-1.969419161848604e-11,-0.002012,5.330644667564589,100.96,130672.0,13192645.12,0.0150000000000005,100.99,100.96
2021-06-16,ATO,32986,ATMOS ENERGY CORP,,,-0.003863,0.2738907727336677,9.94332305855713e-05,-4.3287429157232535e-11,-0.00539,6.79065905473246,100.57,130672.0,13141683.04,0.0049999999999954,100.57,100.56
2021-06-17,ATO,32986,ATMOS ENERGY CORP,,,-0.002685,-0.2240719266038503,0.0006979062811566,-3.8880104873240014e-11,-0.000436,5.2690629974286765,100.3,130672.0,13106401.6,0.0350000000000036,100.37,100.3
2021-06-18,ATO,32986,ATMOS ENERGY CORP,,,-0.024128,2.022404610475528,0.0003064977523498,-1.1845648216406003e-10,-0.013125,15.925240296314437,97.88,130672.0,12790175.36,0.0150000000000005,97.87,97.84
2021-06-21,ATO,32986,ATMOS ENERGY CORP,,,0.011851,-0.569873468452169,0.000100969305331,1.3368405242399118e-10,0.014002,6.849868372719481,99.04,130672.0,12941754.88,0.0049999999999954,99.07,99.06
2021-06-22,ATO,32986,ATMOS ENERGY CORP,,,-0.006361,-0.0242892861691502,0.0001016156894625,-7.401169076031392e-11,0.005125,6.683489959593486,98.41,130672.0,12859431.52,0.0050000000000025,98.42,98.41
2021-06-23,ATO,32986,ATMOS ENERGY CORP,,,-0.010771,-0.0383307856574435,0.0001027221366204,-1.3173722729839743e-10,-0.001083,6.427306538508632,97.35,130672.0,12720919.2,0.0050000000000025,97.36,97.35
2021-06-24,ATO,32986,ATMOS ENERGY CORP,,,0.00113,-0.2576818527651335,0.0001026061974143,1.8597321850699484e-11,0.005811,4.77110628137627,97.46,130672.0,12735293.12,0.0050000000000025,97.47,97.46
2021-06-25,ATO,32986,ATMOS ENERGY CORP,,,0.015083,-0.076974897746411,0.0001010815728293,2.6493819952454166e-10,0.003331,4.403850863230073,98.93,130672.0,12927380.96,0.0050000000000025,98.93,98.92
2021-06-28,ATO,32986,ATMOS ENERGY CORP,,,-0.001819,-0.2659177006221109,0.0001012658227848,-4.36049407945766e-11,0.002315,3.232788967797233,98.75,130672.0,12903860.0,0.0050000000000025,98.76,98.75
2021-06-29,ATO,32986,ATMOS ENERGY CORP,,,-0.023696,0.3097304910814682,0.0001037236801162,-4.4423331647003965e-10,0.000277,4.234082282355822,96.41,130672.0,12598087.52,0.0050000000000025,96.39,96.38
2021-06-30,ATO,32986,ATMOS ENERGY CORP,,,-0.003112,0.1162638538450973,0.0004161897825409,-5.242788249014292e-11,0.001328,4.722197160268222,96.11,130787.0,12569938.57,0.0200000000000031,96.11,96.07
2021-07-01,ATO,32986,ATMOS ENERGY CORP,,,0.009052,-0.0010961752066864,0.0003093421323984,1.5129688819389778e-10,0.005222,4.717020804820051,96.98,130787.0,12683723.26,0.0150000000000005,97.0,96.97
2021-07-02,ATO,32986,ATMOS ENERGY CORP,,,0.00134,-0.2105815131498967,0.0001029760065905,2.8333562382697413e-11,0.0075,3.723703426181501,97.11,130787.0,12700725.57,0.0050000000000025,97.12,97.11
2021-07-06,ATO,32986,ATMOS ENERGY CORP,,,-0.000309,0.3411394380425945,0.0002060156571899,-4.8732098757939156e-12,-0.002022,4.994005520426343,97.08,130787.0,12696801.96,0.009999999999998,97.07,97.05
2021-07-07,ATO,32986,ATMOS ENERGY CORP,,,0.008962,-0.0938695646182888,0.0001020929045431,1.5459526400979472e-10,0.003359,4.52522039652259,97.95,130787.0,12810586.65,0.0050000000000025,97.95,97.94
2021-07-08,ATO,32986,ATMOS ENERGY CORP,,,-0.002961,-0.2782880508245472,0.000102396067991,-7.098285737193106e-11,-0.008561,3.265905632822834,97.66,130787.0,12772658.42,0.0050000000000025,97.67,97.66
2021-07-09,ATO,32986,ATMOS ENERGY CORP,,,0.008908,0.790367515884796,0.0003044757941743,1.1822282320847191e-10,0.011278,5.84717135495118,98.53,130787.0,12886443.11,0.0150000000000005,98.53,98.5
2021-07-12,ATO,32986,ATMOS ENERGY CORP,,,0.009236,-0.2263048327915328,0.000402252614642,1.5697934953857238e-10,0.003451,4.523928219165513,99.44,130787.0,13005459.28,0.0200000000000031,99.48,99.44
2021-07-13,ATO,32986,ATMOS ENERGY CORP,,,-0.006436,-0.0130308904779852,0.0001012145748988,-1.1155145704055288e-10,-0.003517,4.464977406011301,98.8,130787.0,12921755.6,0.0050000000000025,98.84,98.83
2021-07-14,ATO,32986,ATMOS ENERGY CORP,,,0.006579,-0.3023849195408598,0.0001005530417294,1.623885466980366e-10,0.001165,3.114835572342817,99.45,130787.0,13006767.15,0.0049999999999954,99.46,99.45
2021-07-15,ATO,32986,ATMOS ENERGY CORP,,,0.013776,0.406991015759242,0.0002975600079348,2.383885614357121e-10,-0.003262,4.38254566585364,100.82,130787.0,13185945.34,0.0149999999999934,100.82,100.79
2021-07-16,ATO,32986,ATMOS ENERGY CORP,,,0.004166,0.0955110087581563,0.0001975503753456,6.553289514593631e-11,-0.007539,4.801127023328006,101.24,130787.0,13240875.88,0.009999999999998,101.24,101.22
2021-07-19,ATO,32986,ATMOS ENERGY CORP,,,-0.02262,0.6769327547079667,0.0001010611419909,-2.1709677905486667e-10,-0.01587,8.051167164932295,98.95,130787.0,12941373.65,0.0050000000000025,99.01,99.0
2021-07-20,ATO,32986,ATMOS ENERGY CORP,,,0.005457,-0.1178797859044927,0.0001005126143331,5.905046566828229e-11,0.015163,7.102097303248794,99.49,130787.0,13011998.63,0.0050000000000025,99.5,99.49
2021-07-21,ATO,32986,ATMOS ENERGY CORP,,,-0.012464,-0.2147251152485514,0.0001017811704835,-1.7392098140774382e-10,0.008242,5.57709864130227,98.25,130787.0,12849822.75,0.0050000000000025,98.26,98.25
2021-07-22,ATO,32986,ATMOS ENERGY CORP,,,-0.006005,-0.3486068230300571,0.000102396067991,-1.2941367872766206e-10,0.002017,3.632884002232638,97.66,130787.0,12772658.42,0.0050000000000025,97.68,97.67
2021-07-23,ATO,32986,ATMOS ENERGY CORP,,,0.018329,-0.0573122529644268,0.0001005530417295,4.114812139816504e-10,0.010145,3.4246752353062613,99.45,130787.0,13006767.15,0.0050000000000025,99.45,99.44
2021-07-26,ATO,32986,ATMOS ENERGY CORP,,,0.000704,0.0951835553680149,0.0001004823151124,1.4420868160385434e-11,0.002382,3.750648000183504,99.52,130787.0,13015922.24,0.0049999999999954,99.52,99.51
2021-07-27,ATO,32986,ATMOS ENERGY CORP,,,0.015876,-0.1840496925811765,9.891196834808018e-05,3.923334514658352e-10,-0.004712,3.0603423887695262,101.1,130787.0,13222565.7,0.0049999999999954,101.13,101.12
2021-07-28,ATO,32986,ATMOS ENERGY CORP,,,-0.007418,0.2358058527981053,0.0003986048829097,-1.4944610780803078e-10,-0.000186,3.7819890356075145,100.35,130787.0,13124475.45,0.019999999999996,100.35,100.31
2021-07-29,ATO,32986,ATMOS ENERGY CORP,,,-0.001594,-0.2057193688275193,9.981036031530996e-05,-4.049534700066656e-11,0.004206,3.003960638289738,100.19,130787.0,13103549.53,0.0049999999999954,100.19,100.18
2021-07-30,ATO,32986,ATMOS ENERGY CORP,,,-0.01597,2.076107402024542,0.000101430165331,-1.340330002315837e-10,-0.005406,9.240505554833431,98.59,130787.0,12894290.33,0.0049999999999954,98.6,98.59
2021-08-02,ATO,32986,ATMOS ENERGY CORP,,,0.009636,-0.5840180449435599,0.0001004621257786,1.9255923537533288e-10,-0.001843,3.8438835664095055,99.54,130787.0,13018537.98,0.0050000000000025,99.56,99.55
2021-08-03,ATO,32986,ATMOS ENERGY CORP,,,0.001406,0.0594056451773317,0.0001003210272872,2.6483794321383244e-11,0.008203,4.0722319496586055,99.68,130787.0,13036848.16,0.0049999999999954,99.69,99.68
2021-08-04,ATO,32986,ATMOS ENERGY CORP,,,-0.002909,0.096349008158169,0.0010061374383741,-5.012508448614006e-11,-0.004632,4.464587458998219,99.39,130787.0,12998919.93,0.0500000000000042,99.31,99.21
2021-08-05,ATO,32986,ATMOS ENERGY CORP,,,0.019318,0.0887311400729564,0.0001974138781955,2.9994614767982476e-10,0.006005,4.860735394190554,101.31,130787.0,13250030.97,0.009999999999998,101.31,101.29
2021-08-06,ATO,32986,ATMOS ENERGY CORP,,,-0.004146,-0.0637197764428105,9.911785112503832e-05,-6.904126938830279e-11,0.001675,4.551010421525075,100.89,130787.0,13195100.43,0.0050000000000025,100.9,100.89
2021-08-09,ATO,32986,ATMOS ENERGY CORP,,,0.00228,0.0798386459973152,0.0001977848101266,3.5080559538518854e-11,-0.00094,4.914356931499308,101.12,130787.0,13225181.44,0.0100000000000051,101.09,101.07
2021-08-10,ATO,32986,ATMOS ENERGY CORP,,,-0.002275,-0.2665192754701011,0.0001982357022499,-4.783142277043543e-11,0.000993,3.604586082714643,100.89,130787.0,13195100.43,0.009999999999998,100.91,100.89
2021-08-11,ATO,32986,ATMOS ENERGY CORP,,,0.002478,-0.1890470119826147,0.0004943642475775,6.408593055359945e-11,0.002468,2.9231498543433214,101.14,130787.0,13227797.18,0.0249999999999985,101.13,101.08
2021-08-12,ATO,32986,ATMOS ENERGY CORP,,,-0.005636,0.2082917004525124,0.0002982996917569,-1.2131516241882955e-10,0.002952,3.5320177081820057,100.57,130787.0,13153248.59,0.0150000000000005,100.56,100.53
2021-08-13,ATO,32986,ATMOS ENERGY CORP,,,0.008949,0.1652739954366564,0.0002956538878486,1.6384052942795579e-10,0.001607,4.115768386766269,101.47,130787.0,13270956.89,0.0150000000000005,101.5,101.47
2021-08-16,ATO,32986,ATMOS ENERGY CORP,,,-0.003942,0.3450544224385041,0.0001978826555851,-5.3869009783945375e-11,0.002621,5.535932470352558,101.07,130787.0,13218642.09,0.009999999999998,101.06,101.04
2021-08-17,ATO,32986,ATMOS ENERGY CORP,,,-0.001187,0.1334174921411879,0.000297176820208,-1.4328447046804276e-11,-0.007061,6.274522697209967,100.95,130787.0,13202947.65,0.0150000000000005,100.9,100.87
2021-08-18,ATO,32986,ATMOS ENERGY CORP,,,-0.019416,-0.1452062206169436,0.0001010203050813,-2.796158678337845e-10,-0.010748,5.363422970172876,98.99,130787.0,12946605.13,0.0050000000000025,98.98,98.97
2021-08-19,ATO,32986,ATMOS ENERGY CORP,,,-0.003536,0.029027778965766,0.0001013787510138,-4.9662144386855677e-11,0.001257,5.519111226650967,98.64,130787.0,12900829.68,0.0050000000000025,98.7,98.69
2021-08-20,ATO,32986,ATMOS ENERGY CORP,,,0.007654,0.3791942124716692,0.0001012453174041,7.784025564097835e-11,0.008142,7.611926261784428,98.77,130787.0,12917831.99,0.0050000000000025,98.78,98.77
2021-08-23,ATO,32986,ATMOS ENERGY CORP,,,-0.009618,-0.3678341725755142,0.0001022285831118,-1.5623090479014892e-10,0.008524,4.811999663575126,97.82,130787.0,12793584.34,0.0050000000000025,97.81,97.8
2021-08-24,ATO,32986,ATMOS ENERGY CORP,,,0.003067,0.3349090406405368,0.0001019160211984,3.7206121143966026e-11,0.001496,6.423581854465658,98.12,130787.0,12832820.44,0.0049999999999954,98.13,98.12
2021-08-25,ATO,32986,ATMOS ENERGY CORP,,,-0.006421,-0.2333794774800296,0.0001025746230383,-1.022634211616836e-10,0.00222,4.924449677720263,97.49,130787.0,12750424.63,0.0050000000000025,97.5,97.49
2021-08-26,ATO,32986,ATMOS ENERGY CORP,,,-0.008103,-0.3802693562962111,0.0002068252326783,-2.0993947742558603e-10,-0.005825,3.051832368660494,96.7,130787.0,12647102.9,0.009999999999998,96.71,96.69
2021-08-27,ATO,32986,ATMOS ENERGY CORP,,,0.007032,-0.1346996041489201,0.0001026904908605,2.0908213996669188e-10,0.008808,2.640751756673064,97.38,130787.0,12736038.06,0.0050000000000025,97.39,97.38
2021-08-30,ATO,32986,ATMOS ENERGY CORP,,,0.000924,0.0611768044102658,0.0001025956704626,2.5865513296555512e-11,0.004307,2.802304510387118,97.47,130787.0,12747808.89,0.0049999999999954,97.46,97.45
2021-08-31,ATO,32986,ATMOS ENERGY CORP,,,0.00041,1.09346939332342,0.0001025535842478,5.480096177938772e-12,-0.001349,5.8663593060684605,97.51,130791.0,12753430.41,0.0050000000000025,97.51,97.5
2021-09-01,ATO,32986,ATMOS ENERGY CORP,,,0.007589,-0.1288990664266807,0.0001017811704835,1.1556783964483319e-10,0.000312,5.110191068192766,98.25,130791.0,12850215.75,0.0050000000000025,98.25,98.24
2021-09-02,ATO,32986,ATMOS ENERGY CORP,,,0.000509,0.0236037985118953,0.0002034587995931,7.568631776754198e-12,0.002843,5.230810988523675,98.3,130791.0,12856755.3,0.0100000000000051,98.29,98.27
2021-09-03,ATO,32986,ATMOS ENERGY CORP,,,-0.008138,-0.1251215023759653,0.000102564102564,-1.3944997454926578e-10,-0.000335,4.576324058994885,97.5,130791.0,12752122.5,0.0049999999999954,97.52,97.51
2021-09-07,ATO,32986,ATMOS ENERGY CORP,,,-0.014051,0.0271342696084819,0.0001040257983979,-2.37753238669634e-10,-0.003395,4.700499269827435,96.13,130791.0,12572938.83,0.0049999999999954,96.16,96.15
2021-09-08,ATO,32986,ATMOS ENERGY CORP,,,0.015812,0.0284685815970837,0.0003072196620583,2.5609534184041343e-10,-0.001319,4.83431581683755,97.65,130791.0,12771741.15,0.0150000000000005,97.68,97.65
2021-09-09,ATO,32986,ATMOS ENERGY CORP,,,-0.014951,0.3554488877642203,0.0001039609106974,-1.813611630677437e-10,-0.004606,6.552667997033435,96.19,130791.0,12580786.29,0.0049999999999954,96.21,96.2
2021-09-10,ATO,32986,ATMOS ENERGY CORP,,,-0.031916,0.0576677595883456,0.0001073883161512,-3.781117717390518e-10,-0.007723,6.930545679748606,93.12,130791.0,12179257.92,0.0050000000000025,93.14,93.13
2021-09-13,ATO,32986,ATMOS ENERGY CORP,,,-0.010095,-0.0008969025421063,0.0001084834020395,-1.209244229040933e-10,0.002277,6.924329655710255,92.18,130791.0,12056314.38,0.0050000000000025,92.2,92.19
2021-09-14,ATO,32986,ATMOS ENERGY CORP,,,-0.009764,0.1380493352767104,0.0003286590709902,-1.0378520651754804e-10,-0.005747,7.880228761917869,91.28,130791.0,11938602.48,0.0149999999999934,91.32,91.29
2021-09-15,ATO,32986,ATMOS ENERGY CORP,,,-0.018843,-0.2593912850272106,0.0001116569897276,-2.7563252241350987e-10,0.008474,5.836166097055608,89.56,130791.0,11713641.96,0.0050000000000025,89.56,89.55
2021-09-16,ATO,32986,ATMOS ENERGY CORP,,,0.002233,-0.1773481039357122,0.0001114081996433,3.9617245109670676e-11,-0.001551,4.80113310548891,89.76,130791.0,11739800.16,0.0049999999999954,89.77,89.76
2021-09-17,ATO,32986,ATMOS ENERGY CORP,,,-0.007464,0.8717069170070628,0.0003367381299809,-7.12825487495437e-11,-0.009111,8.986314043015192,89.09,130791.0,11652170.19,0.0150000000000005,89.11,89.08
2021-09-20,ATO,32986,ATMOS ENERGY CORP,,,0.000449,-0.2583948834751801,0.0001121956692472,5.779499958925005e-12,-0.016977,6.664296472998907,89.13,130791.0,11657401.83,0.0050000000000025,89.15,89.14
2021-09-21,ATO,32986,ATMOS ENERGY CORP,,,-0.003927,0.0043424388788821,0.0001126379815272,-5.0527961419211e-11,-0.000812,6.693235773103654,88.78,130791.0,11611624.98,0.0049999999999954,88.8,88.79
2021-09-22,ATO,32986,ATMOS ENERGY CORP,,,-0.000338,-0.2340227206524905,0.000112676056338,-5.679609370582497e-12,0.00952,5.126866527513361,88.75,130791.0,11607701.25,0.0050000000000025,88.76,88.75
2021-09-23,ATO,32986,ATMOS ENERGY CORP,,,-0.006986,-0.3315198911934716,0.0001134687393622,-1.7684242053172967e-10,0.012135,3.42720829414868,88.13,130791.0,11526610.83,0.0049999999999954,88.13,88.12
2021-09-24,ATO,32986,ATMOS ENERGY CORP,,,0.001021,0.1837978083560885,0.0001133529811833,2.1810358115890705e-11,0.001461,4.057121667393016,88.22,130791.0,11538382.02,0.0049999999999954,88.24,88.23
2021-09-27,ATO,32986,ATMOS ENERGY CORP,,,-0.007255,0.4015962007783127,0.000228362639872,-1.1138165641250447e-10,-0.002776,5.686446315113425,87.58,130791.0,11454675.78,0.009999999999998,87.6,87.58
2021-09-28,ATO,32986,ATMOS ENERGY CORP,,,-0.010162,-0.0375980186517797,0.0001153535586571,-1.6377019852318064e-10,-0.020364,5.472647200495447,86.69,130791.0,11338271.79,0.0049999999999954,86.69,86.68
2021-09-29,ATO,32986,ATMOS ENERGY CORP,,,0.025609,0.4047651979049222,0.000112473287594,2.864593211489066e-10,0.001569,7.687784327667805,88.91,130791.0,11628627.81,0.0049999999999954,88.91,88.9
2021-09-30,ATO,32986,ATMOS ENERGY CORP,,,-0.007986,0.5405040114650226,0.0004535147392289,-5.845461920214827e-11,-0.01191,11.843062596050189,88.2,130791.0,11535766.2,0.019999999999996,88.19,88.15
2021-10-01,ATO,32986,ATMOS ENERGY CORP,,,0.006576,-0.4845561490697665,0.0001126379815274,9.277338775734018e-11,0.011491,6.104433791315916,88.78,130791.0,11611624.98,0.0050000000000025,88.78,88.77
2021-10-04,ATO,32986,ATMOS ENERGY CORP,,,0.019937,0.2699319267790157,0.0001104362230812,2.1715391545381278e-10,-0.012986,7.752215366500753,90.55,130791.0,11843125.05,0.0050000000000025,90.56,90.55
2021-10-05,ATO,32986,ATMOS ENERGY CORP,,,-0.005964,-0.2000976408395139,0.0001110987668037,-8.169701816528692e-11,0.010524,6.201015360384124,90.01,130791.0,11772497.91,0.0050000000000025,90.01,90.0
2021-10-06,ATO,32986,ATMOS ENERGY CORP,,,0.001666,0.451377680673015,0.0001109139307896,1.5697843186524763e-11,0.004103,9.00001529157205,90.16,130791.0,11792116.56,0.0049999999999954,90.16,90.15
2021-10-07,ATO,32986,ATMOS ENERGY CORP,,,-0.004437,-0.165977839151625,0.0001114081996435,-5.0350975234728144e-11,0.008298,7.506212201145339,89.76,130791.0,11739800.16,0.0050000000000025,89.76,89.75
2021-10-08,ATO,32986,ATMOS ENERGY CORP,,,0.002228,-0.3722626547626929,0.0001111605157848,4.018732279401818e-11,-0.001914,4.711929719934858,89.96,130791.0,11765958.36,0.0050000000000025,89.95,89.94
2021-10-11,ATO,32986,ATMOS ENERGY CORP,,,-0.009449,-0.2852803442602202,0.0001122208506339,-2.407393119199025e-10,-0.006866,3.3677087873018787,89.11,130791.0,11654786.01,0.0049999999999954,89.13,89.12
2021-10-12,ATO,32986,ATMOS ENERGY CORP,,,-0.001459,0.0627358297802782,0.0001123848055743,-3.5028793339204696e-11,-0.002417,3.578984792531596,88.98,130791.0,11637783.18,0.0050000000000025,88.98,88.97
2021-10-13,ATO,32986,ATMOS ENERGY CORP,,,0.036188,2.479857893308894,0.0001084598698482,2.4095416528426085e-10,0.003023,12.45435848032357,92.2,130791.0,12058930.2,0.0050000000000025,92.2,92.19
2021-10-14,ATO,32986,ATMOS ENERGY CORP,,,0.018872,-0.3581886872144577,0.0001064509261229,1.9215902291573038e-10,0.017063,7.993348166158221,93.94,130791.0,12286506.54,0.0049999999999954,93.94,93.93
2021-10-15,ATO,32986,ATMOS ENERGY CORP,,,-0.010006,-0.2541795079285824,0.0003225806451613,-1.3798651554840218e-10,0.00746,5.961602862582287,93.0,130791.0,12163563.0,0.0150000000000005,93.0,92.97
2021-10-18,ATO,32986,ATMOS ENERGY CORP,,,-0.02043,0.1106942969563589,0.0001097694840834,-2.5894918332681345e-10,0.003375,6.621518300188851,91.1,130791.0,11915060.1,0.0050000000000025,91.08,91.07
2021-10-19,ATO,32986,ATMOS ENERGY CORP,,,0.019539,-0.2711530134463388,0.0001076658053401,3.3327928406095555e-10,0.007393,4.8260736595025655,92.88,130791.0,12147868.08,0.0049999999999954,92.88,92.87
2021-10-20,ATO,32986,ATMOS ENERGY CORP,,,0.017657,0.1364845446897769,0.0001057977147694,2.6041012350651157e-10,0.003664,5.4847581255590985,94.52,130791.0,12362365.32,0.0050000000000025,94.53,94.52
2021-10-21,ATO,32986,ATMOS ENERGY CORP,,,-0.01132,-0.2663666765641096,0.0001070090957731,-2.3017212687462169e-10,0.002996,4.023801331895926,93.45,130791.0,12222418.95,0.0050000000000025,93.45,93.44
2021-10-22,ATO,32986,ATMOS ENERGY CORP,,,0.006314,-0.1980743980831387,0.0001063377286261,1.5909022203023438e-10,-0.001073,3.226789305074508,94.04,130791.0,12299585.64,0.0050000000000025,94.04,94.03
2021-10-25,ATO,32986,ATMOS ENERGY CORP,,,0.001701,0.1002002203608705,0.0001061571125265,3.888957652488533e-11,0.004748,3.5501143045010743,94.2,130791.0,12320512.2,0.0050000000000025,94.2,94.19
2021-10-26,ATO,32986,ATMOS ENERGY CORP,,,-0.001805,-0.0662620632619964,0.0002126980750823,-4.427571357838077e-11,0.00182,3.314876405868905,94.03,130791.0,12298277.73,0.009999999999998,94.03,94.01
2021-10-27,ATO,32986,ATMOS ENERGY CORP,,,-0.023929,0.7656081336667004,0.0001089561996078,-3.405939856058254e-10,-0.005052,5.852772744301978,91.78,130791.0,12003997.98,0.0050000000000025,91.81,91.8
2021-10-28,ATO,32986,ATMOS ENERGY CORP,,,0.012094,-0.3796417980639851,0.00043061685865,2.7416938079429323e-10,0.009829,3.63081557599529,92.89,130791.0,12149175.99,0.0200000000000031,92.9,92.86
2021-10-29,ATO,32986,ATMOS ENERGY CORP,,,-0.008289,1.8594839095515057,0.0005427702996093,-6.626413041051006e-11,0.001949,10.382258718107517,92.12,130791.0,12048466.92,0.0250000000000056,92.12,92.07
2021-11-01,ATO,32986,ATMOS ENERGY CORP,,,0.009987,-0.6521467612632981,0.0002149613069647,2.2724774878236157e-10,0.0018,3.611502320496059,93.04,130791.0,12168794.64,0.009999999999998,93.05,93.03
2021-11-02,ATO,32986,ATMOS ENERGY CORP,,,0.008061,0.4099908542781654,0.0001066211749654,1.2904771856898538e-10,0.00368,5.092185242103814,93.79,130791.0,12266887.89,0.0050000000000025,93.78,93.77
2021-11-03,ATO,32986,ATMOS ENERGY CORP,,,-0.004585,0.1347378125319063,0.0001071122536418,-6.498317337472218e-11,0.006461,5.778295142632138,93.36,130791.0,12210647.76,0.0050000000000025,93.37,93.36
2021-11-04,ATO,32986,ATMOS ENERGY CORP,,,0.002892,-0.1188106104010723,0.0002136067499732,4.6380606654081877e-11,0.004182,5.091772369658463,93.63,130791.0,12245961.33,0.009999999999998,93.67,93.65
2021-11-05,ATO,32986,ATMOS ENERGY CORP,,,0.003845,-0.2954585724625277,0.0001063942972657,8.718892421839277e-11,0.003733,3.5873645740150315,93.99,130791.0,12293046.09,0.0050000000000025,94.01,94.0
2021-11-08,ATO,32986,ATMOS ENERGY CORP,,,-0.010852,0.0268353243321006,0.0001075615790038,-2.422773296341505e-10,0.000888,3.6836326658562135,92.97,130791.0,12159639.27,0.0049999999999954,92.99,92.98
2021-11-09,ATO,32986,ATMOS ENERGY CORP,,,0.001829,0.4065145105918395,0.0003220957698089,2.8978712017286465e-11,-0.003499,5.181082796216865,93.14,130791.0,12181873.74,0.0150000000000005,93.17,93.14
2021-11-10,ATO,32986,ATMOS ENERGY CORP,,,0.009985,0.0094076639626703,0.001169341979377,1.5517863754622702e-10,-0.008226,5.229824682126446,94.07,130791.0,12303509.37,0.0549999999999997,94.19,94.08
2021-11-11,ATO,32986,ATMOS ENERGY CORP,,,0.007441,0.150931121292839,0.0004220744961486,9.973465727794974e-11,0.000551,6.019167985564756,94.77,130791.0,12395063.07,0.0200000000000031,94.81,94.77
2021-11-12,ATO,32986,ATMOS ENERGY CORP,,,0.006964,0.0288712777213933,0.0004191554018651,9.00945397116708e-11,0.007223,6.192949056127715,95.43,130791.0,12481385.13,0.019999999999996,95.47,95.43
2021-11-15,ATO,32986,ATMOS ENERGY CORP,,,0.008174,0.2007810050099878,0.0001039392994491,8.735248045694744e-11,-1.1e-05,7.436375591592694,96.21,130791.0,12583402.11,0.0050000000000025,96.23,96.22
2021-11-16,ATO,32986,ATMOS ENERGY CORP,,,-0.017046,-0.0819567123958088,0.0001057417785767,-2.0186766449718222e-10,0.003865,6.826914695965319,94.57,130791.0,12368904.87,0.0050000000000025,94.58,94.57
2021-11-17,ATO,32986,ATMOS ENERGY CORP,,,-0.007613,-0.0936612091625144,0.0001065530101225,-1.0023713574384616e-10,-0.002602,6.187497610691867,93.85,130791.0,12274735.35,0.0050000000000025,93.87,93.86
2021-11-18,ATO,32986,ATMOS ENERGY CORP,,,-0.013213,-0.0189763848609053,0.0001079796998164,-1.7970956147212152e-10,0.003385,6.070081274705446,92.61,130791.0,12112554.51,0.0050000000000025,92.59,92.58
2021-11-19,ATO,32986,ATMOS ENERGY CORP,,,0.024727,2.95482748717742,0.0002107481559537,8.298609064419286e-11,-0.001399,24.00612427460605,94.9,130791.0,12412065.9,0.0100000000000051,94.93,94.91
2021-11-22,ATO,32986,ATMOS ENERGY CORP,,,0.007587,-0.7205353232785048,0.000104580631667,9.04262481161678e-11,-0.003197,6.70886375973882,95.62,130791.0,12506235.42,0.0050000000000025,95.62,95.61
2021-11-23,ATO,32986,ATMOS ENERGY CORP,,,-0.003242,-0.1478519224260051,0.0003147623544224,-4.5491749553086876e-11,0.001657,5.716945355567279,95.31,130791.0,12465690.21,0.0150000000000005,95.33,95.3
2021-11-24,ATO,32986,ATMOS ENERGY CORP,,,-0.003253,0.3967581664381958,0.0003157894736842,-3.27866721018832e-11,0.002294,7.985190112469512,95.0,130791.0,12425145.0,0.0150000000000005,95.03,95.0
2021-11-26,ATO,32986,ATMOS ENERGY CORP,,,-0.009895,-0.5369540717987804,0.0007496251874062,-2.1911632669391582e-10,-0.022725,3.697509767491647,93.38,130791.0,12213263.58,0.0349999999999965,93.46,93.39
2021-11-29,ATO,32986,ATMOS ENERGY CORP,,,0.004498,0.9281246316694962,0.0005330490405116,5.1427370557165393e-11,0.0132,7.129259658539196,93.8,130791.0,12268195.8,0.0249999999999985,93.81,93.76
2021-11-30,ATO,32986,ATMOS ENERGY CORP,,,-0.0371,1.4898186806056777,0.0001107174490698,-1.7692938449268546e-10,-0.018961,17.531406219322488,90.32,132426.0,11960716.319999998,0.0049999999999954,90.35,90.34
2021-12-01,ATO,32986,ATMOS ENERGY CORP,,,-0.009854,-0.4538032592842738,0.0004472772000447,-8.689408389128783e-11,-0.011815,9.575596937157355,89.43,132426.0,11842857.180000002,0.0200000000000031,89.48,89.44
2021-12-02,ATO,32986,ATMOS ENERGY CORP,,,0.013977,0.0514369216550032,0.0001102779003086,1.1560593007004451e-10,0.014194,10.068136166613806,90.68,132426.0,12008389.680000002,0.0049999999999954,90.71,90.7
2021-12-03,ATO,32986,ATMOS ENERGY CORP,,,0.022938,0.017395406676602,0.0001078050884,1.8229833168616002e-10,-0.008449,10.24327548970746,92.76,132426.0,12283835.76,0.0049999999999954,92.77,92.76
2021-12-06,ATO,32986,ATMOS ENERGY CORP,,,0.019405,0.0172122470283293,0.0004230118443315,1.4872449021135118e-10,0.011731,10.419585277815536,94.56,132426.0,12522202.56,0.019999999999996,94.58,94.54
2021-12-07,ATO,32986,ATMOS ENERGY CORP,,,0.003384,0.1603632057421815,0.0001053962900506,2.2276042334174462e-11,0.020707,12.090503375470076,94.88,132426.0,12564578.88,0.0050000000000025,94.89,94.88
2021-12-08,ATO,32986,ATMOS ENERGY CORP,,,-0.004954,0.9102552812228116,0.0004236839317869,-1.7156510160459478e-11,0.003085,23.09594792563394,94.41,132426.0,12502338.66,0.0200000000000031,94.39,94.35
2021-12-09,ATO,32986,ATMOS ENERGY CORP,,,0.008686,-0.437142799224719,0.0001050089257587,5.2983270363477955e-11,-0.007181,12.999720598673976,95.23,132426.0,12610927.98,0.0050000000000025,95.26,95.25
2021-12-10,ATO,32986,ATMOS ENERGY CORP,,,0.005355,-0.3427166176493653,0.0001044495508668,4.9431765306696776e-11,0.009549,8.544500324709649,95.74,132426.0,12678465.24,0.0049999999999954,95.74,95.73
2021-12-13,ATO,32986,ATMOS ENERGY CORP,,,0.016816,0.3849391169707135,0.0005136106831021,1.1022906641592491e-10,-0.009136,11.833612734659356,97.35,132426.0,12891671.1,0.0249999999999985,97.41,97.36
2021-12-14,ATO,32986,ATMOS ENERGY CORP,,,-0.002157,-0.0790777485230473,0.0001029442042413,-1.538645126957682e-11,-0.007471,10.897837282708831,97.14,132426.0,12863861.64,0.0050000000000025,97.15,97.14
2021-12-15,ATO,32986,ATMOS ENERGY CORP,,,0.014206,-0.0928402107324428,0.000101502233049,1.1014125873993063e-10,0.016348,9.886079772854274,98.52,132426.0,13046609.52,0.0049999999999954,98.55,98.54
2021-12-16,ATO,32986,ATMOS ENERGY CORP,,,0.018575,0.4199082780440186,0.0001993024414548,9.957579507810002e-11,-0.008743,14.037326506879314,100.35,132426.0,13288949.1,0.009999999999998,100.33,100.31
2021-12-17,ATO,32986,ATMOS ENERGY CORP,,,-0.015147,-0.1116806811744751,0.0001011838510574,-9.281348074617451e-11,-0.010288,12.469628320722515,98.83,132426.0,13087661.58,0.0050000000000025,98.81,98.8
2021-12-20,ATO,32986,ATMOS ENERGY CORP,,,0.005059,-0.5960214448832225,0.0002013490385583,7.634826328541733e-11,-0.011388,5.037462431848731,99.33,132426.0,13153874.58,0.009999999999998,99.33,99.31
2021-12-21,ATO,32986,ATMOS ENERGY CORP,,,0.001309,0.4922851604953446,0.0005027146591594,1.322069511174868e-11,0.017778,7.517330433600653,99.46,132426.0,13171089.96,0.0249999999999985,99.49,99.44
2021-12-22,ATO,32986,ATMOS ENERGY CORP,,,0.026744,0.528773769701353,9.792401096753932e-05,1.7208199530412938e-10,0.01018,11.492297585066376,102.12,132426.0,13523343.12,0.0050000000000025,102.12,102.11
2021-12-23,ATO,32986,ATMOS ENERGY CORP,,,0.005973,-0.2687795810310807,9.734254842796763e-05,5.2247653661070405e-11,0.006224,8.403402655067737,102.73,132426.0,13604122.98,0.0050000000000025,102.73,102.72
2021-12-27,ATO,32986,ATMOS ENERGY CORP,,,0.012947,-0.0524671804922409,0.0002882952142994,1.179947352734079e-10,0.013839,7.96249981121532,104.06,132426.0,13780249.56,0.0150000000000005,104.09,104.06
2021-12-28,ATO,32986,ATMOS ENERGY CORP,,,-0.006054,-0.3029308392495746,9.668374746210108e-05,-7.963377914520041e-11,-0.00101,5.550413060879284,103.43,132426.0,13696821.180000002,0.0050000000000025,103.43,103.42
2021-12-29,ATO,32986,ATMOS ENERGY CORP,,,0.013536,0.2953012099006964,0.0004769627015167,1.3562364839871422e-10,0.001402,7.189456753205564,104.83,132426.0,13882217.58,0.0249999999999985,104.84,104.79
2021-12-30,ATO,32986,ATMOS ENERGY CORP,,,-0.003243,-0.3959862237165085,9.570293808024804e-05,-5.3970449931500757e-11,-0.00299,4.342530922930543,104.49,132426.0,13837192.74,0.0050000000000025,104.53,104.52
2021-12-31,ATO,32986,ATMOS ENERGY CORP,,,0.00268,0.1330634503290069,0.0002863415099742,3.925793383155176e-11,-0.002626,4.910018462002185,104.77,132705.0,13903502.85,0.0150000000000005,104.8,104.77
