date,TICKER,PERMNO,COMNAM,SHRCLS,NAMEENDT,RET,VOL_CHANGE,BA_SPREAD,ILLIQUIDITY,sprtrn,TURNOVER,PRC,SHROUT,MARKET_CAP,TRAN_COST,ASK,BID
2007-12-07,KMB,17750,KIMBERLY CLARK CORP,,,-0.000721,0.2812695239285268,0.0004327131112072,-3.3806444442325088e-12,-0.001778,7.270398215134018,69.33,423113.0,29334424.29,0.0150000000000005,69.36,69.33
2007-12-10,KMB,17750,KIMBERLY CLARK CORP,,,0.005481,-0.4602756647812236,0.000143451441687,4.735634234092553e-11,0.00751,3.924010843438986,69.71,423113.0,29495207.23,0.0050000000000025,69.75,69.74
2007-12-11,KMB,17750,KIMBERLY CLARK CORP,,,-0.015062,0.7429380232488105,0.0004369356248177,-7.580717834690102e-11,-0.025271,6.839307702670445,68.66,423113.0,29050938.58,0.0149999999999934,68.71,68.68
2007-12-12,KMB,17750,KIMBERLY CLARK CORP,,,0.013399,0.0205611998064827,0.0004311583788445,6.520492463952636e-11,0.00605,6.979932074883069,69.58,423113.0,29440202.54,0.0150000000000005,69.49,69.46
2007-12-13,KMB,17750,KIMBERLY CLARK CORP,,,-0.005174,-0.2843937290488606,0.000144466917076,-3.5368213729117536e-11,0.001224,4.994883163599322,69.22,423113.0,29287881.86,0.0050000000000025,69.17,69.16
2007-12-14,KMB,17750,KIMBERLY CLARK CORP,,,-0.016036,0.0127756222201191,0.000293642636911,-1.0999937688055652e-10,-0.013746,5.058695903931101,68.11,423113.0,28818226.43,0.0100000000000051,68.15,68.13
2007-12-17,KMB,17750,KIMBERLY CLARK CORP,,,0.000881,0.0783031209119791,0.0002933841865922,5.599468552596488e-12,-0.015021,5.454807580953552,68.17,423113.0,28843613.21,0.009999999999998,68.1,68.08
2007-12-18,KMB,17750,KIMBERLY CLARK CORP,,,-0.001614,0.3113084922010398,0.0007346459006758,-7.835575639787616e-12,0.00628,7.152935504227004,68.06,423113.0,28797070.78,0.0249999999999985,68.0,67.95
2007-12-19,KMB,17750,KIMBERLY CLARK CORP,,,0.000882,-0.359392037006443,0.0019083969465648,6.678223273992749e-12,-0.001361,4.582227442787151,68.12,423113.0,28822457.56,0.0649999999999977,68.13,68.0
2007-12-20,KMB,17750,KIMBERLY CLARK CORP,,,0.019378,0.3217454095316689,0.0001440092165897,1.0889762737369628e-10,0.0049,6.056538087933956,69.44,423113.0,29380966.72,0.0049999999999954,69.49,69.48
2007-12-21,KMB,17750,KIMBERLY CLARK CORP,,,-0.00216,0.7570826504331538,0.0001443209698369,-6.923252600611664e-12,0.01667,10.641837995996342,69.29,423113.0,29317499.770000003,0.0050000000000025,69.37,69.36
2007-12-24,KMB,17750,KIMBERLY CLARK CORP,,,0.007793,-0.8260599196037932,0.0004296147787484,1.4249182715297048e-10,0.008077,1.851042156587011,69.83,423113.0,29545980.79,0.0150000000000005,69.88,69.85
2007-12-26,KMB,17750,KIMBERLY CLARK CORP,,,0.003723,1.1533452502553625,0.0008560422314167,3.1495653993127376e-11,0.000809,3.9859328359090833,70.09,423113.0,29655990.17,0.0300000000000011,70.08,70.02
2007-12-27,KMB,17750,KIMBERLY CLARK CORP,,,-0.008418,-0.0917284316632078,0.0002877697841726,-7.907187763302872e-11,-0.014216,3.6203094681562606,69.5,423113.0,29406353.5,0.009999999999998,69.56,69.54
2007-12-28,KMB,17750,KIMBERLY CLARK CORP,,,0.006331,-0.036036036036036,0.0008578781812982,6.130329547382789e-11,0.001436,3.4898478657001792,69.94,423113.0,29592523.22,0.0300000000000011,69.9,69.84
2007-12-31,KMB,17750,KIMBERLY CLARK CORP,,,-0.008579,-0.0572260598672625,0.000144216902221,-8.887556958217418e-11,-0.006852,3.2901376228099823,69.34,423113.0,29338655.42,0.0050000000000025,69.34,69.33
2008-01-02,KMB,17750,KIMBERLY CLARK CORP,,,-0.007499,0.4720206881689535,0.0002906131938389,-5.3174613034322247e-11,-0.014438,4.843150647699314,68.82,423113.0,29118636.66,0.009999999999998,68.86,68.84
2008-01-03,KMB,17750,KIMBERLY CLARK CORP,,,0.005231,0.2123755611946125,0.0001445504481062,3.043565424426507e-11,0.0,5.871717484454507,69.18,423113.0,29270957.340000004,0.0049999999999954,69.05,69.04
2008-01-04,KMB,17750,KIMBERLY CLARK CORP,,,-0.003036,0.2738689421993237,0.0002899811512253,-1.3908979637253812e-11,-0.024552,7.479798540815338,68.97,423113.0,29182103.61,0.0100000000000051,69.01,68.99
2008-01-07,KMB,17750,KIMBERLY CLARK CORP,,,0.007539,-0.1639598078867543,0.001151244783422,4.1003223960745977e-11,0.003223,6.25341220903163,69.49,423113.0,29402122.37,0.0399999999999991,69.52,69.44
2008-01-08,KMB,17750,KIMBERLY CLARK CORP,,,-0.017125,0.0972447938319664,0.0002928257686675,-8.63640343144355e-11,-0.018352,6.861523990045212,68.3,423113.0,28898617.9,0.009999999999998,68.31,68.29
2008-01-09,KMB,17750,KIMBERLY CLARK CORP,,,0.01757,0.3059382750068888,0.0001438848920864,6.667873487252292e-11,0.013624,8.96072680347803,69.5,423113.0,29406353.5,0.0050000000000025,69.43,69.42
2008-01-10,KMB,17750,KIMBERLY CLARK CORP,,,-0.015827,-0.0842432874399957,0.0002923976608186,-6.664426523297489e-11,0.007948,8.205845719701356,68.4,423113.0,28940929.200000003,0.009999999999998,68.44,68.42
2008-01-11,KMB,17750,KIMBERLY CLARK CORP,,,-0.02383,0.1086405529953917,0.0019469821776248,-9.271973655424139e-11,-0.013595,9.09733333648458,66.77,423113.0,28251255.01,0.0650000000000048,66.79,66.66
2008-01-14,KMB,17750,KIMBERLY CLARK CORP,,,0.011233,-0.4429491842460771,0.0005924170616112,7.758862108339437e-11,0.010871,5.067676956274092,67.52,423113.0,28568589.76,0.019999999999996,67.52,67.48
2008-01-15,KMB,17750,KIMBERLY CLARK CORP,,,-0.004739,0.1497061841246152,0.0002976190476189,-2.860653631889232e-11,-0.024925,5.826339535774132,67.2,423113.0,28433193.6,0.009999999999998,67.2,67.18
2008-01-16,KMB,17750,KIMBERLY CLARK CORP,,,-0.008333,0.3738033425279896,0.0003001200480191,-3.692237812832636e-11,-0.005612,8.004244728949477,66.64,423113.0,28196250.32,0.009999999999998,66.63,66.61
2008-01-17,KMB,17750,KIMBERLY CLARK CORP,,,-0.011855,-0.1789057194318953,-0.0001518602885346,-6.474049628082096e-11,-0.029093,6.572239567207815,65.85,423113.0,27861991.05,-0.0050000000000025,65.92,65.93
2008-01-18,KMB,17750,KIMBERLY CLARK CORP,,,-0.011997,0.3451884349827387,0.0001537042729786,-4.9295323413439445e-11,-0.006045,8.840900657743912,65.06,423113.0,27527731.78,0.0049999999999954,65.1,65.09
2008-01-22,KMB,17750,KIMBERLY CLARK CORP,,,-0.007993,0.6201245756141898,0.0001549426712115,-2.043523151928473e-11,-0.011085,14.323360426174569,64.54,423113.0,27307713.020000003,0.0049999999999954,64.57,64.56
2008-01-23,KMB,17750,KIMBERLY CLARK CORP,,,-0.001549,-0.2313543660484456,0.0003103662321538,-5.1602225447744414e-12,0.021442,11.009588455093557,64.44,423113.0,27265401.72,0.009999999999998,64.46,64.44
2008-01-24,KMB,17750,KIMBERLY CLARK CORP,,,-0.000155,-0.233905072665994,0.0128821977339748,-6.741142783140642e-13,0.010063,8.43438986748221,64.43,423113.0,27261170.590000004,0.4149999999999991,64.41,63.58
2008-01-25,KMB,17750,KIMBERLY CLARK CORP,,,-0.005432,0.0238462185109422,0.0006242197253431,-2.3200240489797736e-11,-0.015872,8.635518171268668,64.08,423113.0,27113081.04,0.019999999999996,64.05,64.01
2008-01-28,KMB,17750,KIMBERLY CLARK CORP,,,-0.002653,-0.0092506431660189,0.000156470035988,-1.146726534465335e-11,0.017556,8.55563407411259,63.91,423113.0,27041151.83,0.004999999999999,63.97,63.96
2008-01-29,KMB,17750,KIMBERLY CLARK CORP,,,0.02394,0.0381215469613258,0.0001528117359413,9.734733790407683e-11,0.006152,8.881788080252793,65.44,423113.0,27688514.72,0.0050000000000025,65.42,65.41
2008-01-30,KMB,17750,KIMBERLY CLARK CORP,,,-0.014059,-0.3037786056412985,0.0006199628022317,-8.328291771688012e-11,-0.004764,6.183690881632094,64.52,423113.0,27299250.76,0.019999999999996,64.52,64.48
2008-01-31,KMB,17750,KIMBERLY CLARK CORP,,,0.017204,0.1596468429903683,0.0007618467164406,8.639669694238804e-11,0.016772,7.208600617723925,65.63,420900.0,27623667.0,0.0249999999999985,65.58,65.53
2008-02-01,KMB,17750,KIMBERLY CLARK CORP,,,0.021484,0.121683530536238,0.0001491646778041,9.416313395667422e-11,0.012238,8.08576859111428,67.04,420900.0,28217136.000000004,0.0049999999999954,67.02,67.01
2008-02-04,KMB,17750,KIMBERLY CLARK CORP,,,-0.014916,-0.4365468809684718,0.0016656571774681,-1.1778426849430958e-10,-0.010463,4.555951532430506,66.04,420900.0,27796236.000000004,0.0549999999999997,66.08,65.97
2008-02-05,KMB,17750,KIMBERLY CLARK CORP,,,-0.009085,0.3529933249895702,0.0003056234718827,-5.3509139372784535e-11,-0.031995,6.164172012354478,65.44,420900.0,27543696.0,0.0100000000000051,65.54,65.52
2008-02-06,KMB,17750,KIMBERLY CLARK CORP,,,-0.002139,-0.0985931778762767,0.0001531393568147,-1.4006289144680644e-11,-0.007624,5.556426704680447,65.3,420900.0,27484770.0,0.0050000000000025,65.29,65.28
2008-02-07,KMB,17750,KIMBERLY CLARK CORP,,,-0.003675,0.1417454141189549,0.0001537042729788,-2.1154340618569727e-11,0.007886,6.344024708956997,65.06,420900.0,27383754.0,0.0050000000000025,65.01,65.0
2008-02-08,KMB,17750,KIMBERLY CLARK CORP,,,-0.007531,-0.1582652984795146,0.0012389654638376,-5.18922901548412e-11,-0.004204,5.339985744832502,64.57,420900.0,27177513.0,0.0399999999999991,64.69,64.61
2008-02-11,KMB,17750,KIMBERLY CLARK CORP,,,0.002168,0.4608026339206263,0.0001545356204605,1.020416121458286e-11,0.005889,7.800665241149916,64.71,420900.0,27236439.0,0.0050000000000025,64.7,64.69
2008-02-12,KMB,17750,KIMBERLY CLARK CORP,,,0.013908,0.4020040812597083,0.0006096631611035,4.6050547687626775e-11,0.007266,10.93656450463293,65.61,420900.0,27615249.0,0.0200000000000031,65.56,65.52
2008-02-13,KMB,17750,KIMBERLY CLARK CORP,,,-0.004573,-0.0731230448383732,0.0041341295360587,-1.641117167490193e-11,0.013604,10.136849607982894,65.31,420900.0,27488979.0,0.134999999999998,65.27,65.0
2008-02-14,KMB,17750,KIMBERLY CLARK CORP,,,-0.017761,-0.0639619369052642,0.0003117692907248,-6.932586789899468e-11,-0.013421,9.48847707293894,64.15,420900.0,27000735.000000004,0.009999999999998,64.17,64.15
2008-02-15,KMB,17750,KIMBERLY CLARK CORP,,,0.004365,-0.2072764604251696,0.0007760360080709,2.139926829798117e-11,0.000838,7.521739130434782,64.43,420900.0,27118587.000000004,0.0250000000000056,64.37,64.32
2008-02-19,KMB,17750,KIMBERLY CLARK CORP,,,-0.006519,-0.1940364509302252,0.0004686767692548,-3.9913568725140645e-11,-0.000896,6.062247564742219,64.01,420900.0,26941809.000000004,0.0150000000000005,64.06,64.03
2008-02-20,KMB,17750,KIMBERLY CLARK CORP,,,0.003906,0.2262110048596959,0.0018674136321193,1.9427356726377585e-11,0.008341,7.433594678070801,64.26,420900.0,27047034.000000004,0.0599999999999951,64.3,64.18
2008-02-21,KMB,17750,KIMBERLY CLARK CORP,,,-0.001867,0.1109051393505498,0.0006236357966948,-8.374532714979727e-12,-0.012867,8.258018531717747,64.14,420900.0,26996526.0,0.0200000000000031,64.11,64.07
2008-02-22,KMB,17750,KIMBERLY CLARK CORP,,,0.014032,-0.0489096035445076,0.0010762607626077,6.52623139456635e-11,0.007881,7.854122119268235,65.04,420900.0,27375336.000000004,0.0350000000000036,65.15,65.08
2008-02-25,KMB,17750,KIMBERLY CLARK CORP,,,0.007073,-0.2743662653518059,0.0009160305343511,4.50161467502199e-11,0.013813,5.699215965787598,65.5,420900.0,27568950.0,0.0300000000000011,65.43,65.37
2008-02-26,KMB,17750,KIMBERLY CLARK CORP,,,0.00687,-0.1094714023678505,0.0001516300227445,4.8764079030743296e-11,0.006918,5.075314801615586,65.95,420900.0,27758355.0,0.0050000000000025,66.01,66.0
2008-02-27,KMB,17750,KIMBERLY CLARK CORP,,,0.003942,0.0984458384046438,0.0019634496299651,2.5373038211814855e-11,-0.000919,5.57495842242813,66.21,420900.0,27867789.0,0.0649999999999977,66.33,66.2
2008-02-28,KMB,17750,KIMBERLY CLARK CORP,,,-0.006797,-0.061922011506499,0.0001520681265207,-4.695652625663596e-11,-0.008942,5.229745782846281,65.76,420900.0,27678384.000000004,0.0050000000000025,65.72,65.71
2008-02-29,KMB,17750,KIMBERLY CLARK CORP,,,-0.00882,0.0187170634199527,0.0009205277692544,-6.034497952211592e-11,-0.02709,5.3357826282489045,65.18,420257.0,27392351.26,0.0300000000000011,65.13,65.07
2008-03-03,KMB,17750,KIMBERLY CLARK CORP,,,0.005677,-0.0504370317516945,0.0001525553012965,4.067329382714882e-11,0.000534,5.066661590407774,65.55,420257.0,27547846.35,0.0049999999999954,65.49,65.48
2008-03-04,KMB,17750,KIMBERLY CLARK CORP,,,-0.008543,0.3290752829568402,0.0003077396522541,-4.6449113943596645e-11,-0.003448,6.733974686917767,64.99,420257.0,27312502.43,0.009999999999998,64.96,64.94
2008-03-05,KMB,17750,KIMBERLY CLARK CORP,,,0.000923,0.2028621908127208,0.000310221808593,4.205733223634323e-12,0.005238,8.100043544783311,64.47,420257.0,27093968.79,0.009999999999998,64.52,64.5
2008-03-06,KMB,17750,KIMBERLY CLARK CORP,,,-0.008376,-0.1338973590670074,0.0003128421711247,-4.443859216057077e-11,-0.022014,7.015469105809064,63.93,420257.0,26867030.01,0.0100000000000015,64.01,63.99
2008-03-07,KMB,17750,KIMBERLY CLARK CORP,,,-0.006413,0.6578706373164196,0.0003148614609571,-2.0655154044869863e-11,-0.00841,11.630740237521326,63.52,420257.0,26694724.64,0.009999999999998,63.54,63.52
2008-03-10,KMB,17750,KIMBERLY CLARK CORP,,,0.001574,-0.5805151496552712,0.0017290160326941,1.2066254191911764e-11,-0.015463,4.87891932793505,63.62,420257.0,26736750.34,0.0549999999999997,63.75,63.64
2008-03-11,KMB,17750,KIMBERLY CLARK CORP,,,0.00503,0.1827936012485369,0.0029715358148263,3.243753124772518e-11,0.03713,5.7707545620893885,63.94,420257.0,26871232.58,0.0949999999999988,63.96,63.77
2008-03-12,KMB,17750,KIMBERLY CLARK CORP,,,-0.012355,0.0100197921820881,0.0001583531274742,-7.987152030800475e-11,-0.008996,5.82857632353536,63.15,420257.0,26539229.55,0.004999999999999,63.19,63.18
2008-03-13,KMB,17750,KIMBERLY CLARK CORP,,,0.007759,-0.0037558685446009,0.000157133878064,4.9961142478360624e-11,0.005127,5.8066849570619885,63.64,420257.0,26745155.48,0.004999999999999,63.58,63.57
2008-03-14,KMB,17750,KIMBERLY CLARK CORP,,,-0.010214,0.3318034667868705,0.0001587553579933,-4.989314543211988e-11,-0.020783,7.733363156354326,62.99,420257.0,26471988.43,0.004999999999999,63.03,63.02
2008-03-17,KMB,17750,KIMBERLY CLARK CORP,,,0.004445,0.3840923076923077,0.0004741583688951,1.5618003466044305e-11,-0.008959,10.703688457301128,63.27,420257.0,26589660.39,0.014999999999997,63.37,63.34
2008-03-18,KMB,17750,KIMBERLY CLARK CORP,,,0.018808,-0.2779939088099948,0.0001551349674217,8.983861282303473e-11,0.04241,7.728128264371563,64.46,420257.0,27089766.22,0.0050000000000025,64.4,64.39
2008-03-19,KMB,17750,KIMBERLY CLARK CORP,,,0.0,0.0060348543629533,0.0003102699348432,0.0,-0.024287,7.774766392945269,64.46,420257.0,27089766.22,0.009999999999998,64.52,64.5
2008-03-20,KMB,17750,KIMBERLY CLARK CORP,,,0.007912,-0.2390585786864173,0.0004617515776512,4.898012417885321e-11,0.023944,5.916141789428849,64.97,420257.0,27304097.29,0.0150000000000005,64.92,64.89
2008-03-24,KMB,17750,KIMBERLY CLARK CORP,,,-0.000154,-0.0076418774886377,0.0001539408866995,-9.608436976340186e-13,0.015321,5.870931358668624,64.96,420257.0,27299894.72,0.0050000000000025,65.0,64.99
2008-03-25,KMB,17750,KIMBERLY CLARK CORP,,,0.007235,-0.3434118266931464,0.0003056701818736,6.825690635360002e-11,0.002304,3.854784096398157,65.43,420257.0,27497415.51,0.009999999999998,65.41,65.39
2008-03-26,KMB,17750,KIMBERLY CLARK CORP,,,-0.006572,0.5036419753086421,0.0003076923076922,-4.150732472913186e-11,-0.008766,5.796215173096463,65.0,420257.0,27316705.0,0.009999999999998,64.96,64.94
2008-03-27,KMB,17750,KIMBERLY CLARK CORP,,,-0.010462,-0.3512048934685332,0.0004664179104477,-1.0292044585979241e-10,-0.01146,3.760556040708424,64.32,420257.0,27030930.24,0.0150000000000005,64.37,64.34
2008-03-28,KMB,17750,KIMBERLY CLARK CORP,,,-0.003731,0.1869779802581626,0.0001560549313356,-3.103795238626699e-11,-0.00795,4.463697213847717,64.08,420257.0,26930068.56,0.0049999999999954,64.1,64.09
2008-03-31,KMB,17750,KIMBERLY CLARK CORP,,,0.007335,0.0629564475718322,0.0012393493415956,5.698738352936424e-11,0.005687,4.7436321377508905,64.55,420353.0,27133786.15,0.0399999999999991,64.53,64.45
2008-04-01,KMB,17750,KIMBERLY CLARK CORP,,,0.014717,0.1074222668004012,0.0004580152671755,1.0175121044324036e-10,0.035896,5.253203854855324,65.5,420353.0,27533121.5,0.0150000000000005,65.47,65.44
2008-04-02,KMB,17750,KIMBERLY CLARK CORP,,,0.001069,-0.1382574042206321,0.0001525087692543,8.567548180817393e-12,-0.001934,4.526909526041209,65.57,420353.0,27562546.21,0.0050000000000025,65.56,65.55
2008-04-03,KMB,17750,KIMBERLY CLARK CORP,,,-0.004423,-0.2580272216091229,0.002144607843137,-4.79880226756047e-11,0.001302,3.358843638560924,65.28,420353.0,27440643.84,0.0699999999999931,65.32,65.18
2008-04-04,KMB,17750,KIMBERLY CLARK CORP,,,0.0,0.7579856930377507,0.0001531862745096,0.0,0.000796,5.904799061740965,65.28,420353.0,27440643.84,0.0049999999999954,65.27,65.26
2008-04-07,KMB,17750,KIMBERLY CLARK CORP,,,-0.004289,-0.2323435800330365,0.0012307692307692,-3.463032191908019e-11,0.001562,4.532856908360355,65.0,420353.0,27322945.0,0.0399999999999991,65.03,64.95
2008-04-08,KMB,17750,KIMBERLY CLARK CORP,,,-0.003846,-0.0387845071900913,0.0001544401544402,-3.2431167566302704e-11,-0.0051,4.357052287006397,64.75,420353.0,27217856.75,0.0050000000000025,64.75,64.74
2008-04-09,KMB,17750,KIMBERLY CLARK CORP,,,-0.019923,0.7778323778323779,0.0001575795776867,-9.641773674803468e-11,-0.008092,7.746108627748582,63.46,420353.0,26675601.38,0.004999999999999,63.44,63.43
2008-04-10,KMB,17750,KIMBERLY CLARK CORP,,,0.0,-0.0250299437977948,0.0004727387330602,0.0,0.004474,7.552223964144422,63.46,420353.0,26675601.38,0.0150000000000005,63.4,63.37
2008-04-11,KMB,17750,KIMBERLY CLARK CORP,,,-0.001261,-0.2760977760977761,0.0003155569580308,-8.657528481723944e-12,-0.020374,5.467071723051816,63.38,420353.0,26641973.14,0.009999999999998,63.48,63.46
2008-04-14,KMB,17750,KIMBERLY CLARK CORP,,,0.008362,-0.4049432139593577,0.0012517602879048,9.567842346856023e-11,-0.003384,3.25321812857289,63.91,420353.0,26864760.23,0.0399999999999991,63.87,63.79
2008-04-15,KMB,17750,KIMBERLY CLARK CORP,,,-0.000782,-0.0395612431444241,0.000782962730974,-9.323539753642035e-12,0.0046,3.124516775186569,63.86,420353.0,26843742.58,0.0250000000000021,63.96,63.91
2008-04-16,KMB,17750,KIMBERLY CLARK CORP,,,-0.003758,0.5551241053753617,0.0003143665513989,-2.8920183602379028e-11,0.022691,4.859011354742324,63.62,420353.0,26742857.86,0.0100000000000015,63.57,63.55
2008-04-17,KMB,17750,KIMBERLY CLARK CORP,,,-0.007859,0.0595348837209301,0.0001584283903676,-5.753378863724439e-11,0.000623,5.148292030745588,63.12,420353.0,26532681.36,0.0050000000000025,63.13,63.12
2008-04-18,KMB,17750,KIMBERLY CLARK CORP,,,0.003485,0.4880088720484266,0.0029996842437637,1.7086058057062313e-11,0.018139,7.660704217645645,63.34,420353.0,26625159.020000003,0.0949999999999988,63.51,63.32
2008-04-21,KMB,17750,KIMBERLY CLARK CORP,,,0.010894,-0.2047388360971368,0.0003123535842574,6.643718901362588e-11,-0.001554,6.0922605524404485,64.03,420353.0,26915202.59,0.0100000000000015,63.99,63.97
2008-04-22,KMB,17750,KIMBERLY CLARK CORP,,,0.00531,0.0157366550821975,0.0003107037439802,3.171299555079214e-11,-0.00881,6.188132355425084,64.37,420353.0,27058122.610000003,0.0100000000000051,64.34,64.32
2008-04-23,KMB,17750,KIMBERLY CLARK CORP,,,-0.005903,-0.1854144241119483,0.0001562744178776,-4.353616917894259e-11,0.0029,5.040763358415427,63.99,420353.0,26898388.470000003,0.0049999999999954,64.02,64.01
2008-04-24,KMB,17750,KIMBERLY CLARK CORP,,,-0.004063,-0.1327575628864032,0.0001569119723834,-3.469380408109117e-11,0.006442,4.371563899865113,63.73,420353.0,26789096.69,0.004999999999999,63.69,63.68
2008-04-25,KMB,17750,KIMBERLY CLARK CORP,,,0.000628,-0.1890509360034827,0.0004704406460718,6.608435684988667e-12,0.006495,3.545115652796578,63.77,420353.0,26805910.81,0.0150000000000005,63.77,63.74
2008-04-28,KMB,17750,KIMBERLY CLARK CORP,,,0.002195,0.1140115420748892,0.0051635111876074,2.068861689018117e-11,-0.001052,3.949299755205744,63.91,420353.0,26864760.23,0.1649999999999956,64.07,63.74
2008-04-29,KMB,17750,KIMBERLY CLARK CORP,,,-0.000782,0.1213782302270947,0.0003131850923896,-6.5779636401125095e-12,-0.003889,4.428658770128916,63.86,420353.0,26843742.58,0.0100000000000015,63.92,63.9
2008-04-30,KMB,17750,KIMBERLY CLARK CORP,,,0.002036,0.6425655350236357,0.0003125488357556,1.0405347465471496e-11,-0.003846,7.296110713433548,63.99,419100.0,26818209.0,0.0100000000000015,63.96,63.94
2008-05-01,KMB,17750,KIMBERLY CLARK CORP,,,0.011721,-0.4103276865720452,0.0012357120790855,1.0040888801898123e-10,0.017141,4.302314483416845,64.74,419100.0,27132534.0,0.0399999999999991,64.73,64.65
2008-05-02,KMB,17750,KIMBERLY CLARK CORP,,,-0.001699,0.4010870168043925,0.0003094538140181,-1.0405771880161104e-11,0.003236,6.027916964924839,64.63,419100.0,27086433.0,0.009999999999998,64.57,64.55
2008-05-05,KMB,17750,KIMBERLY CLARK CORP,,,-0.003713,-0.2093575584847405,0.0004659108557229,-2.8869647329849972e-11,-0.004534,4.765926986399427,64.39,419100.0,26985849.0,0.0150000000000005,64.44,64.41
2008-05-06,KMB,17750,KIMBERLY CLARK CORP,,,0.002795,0.1198558125563231,0.0003097413659593,1.9351911611601167e-11,0.007652,5.33715103793844,64.57,419100.0,27061287.0,0.009999999999998,64.63,64.61
2008-05-07,KMB,17750,KIMBERLY CLARK CORP,,,-0.021217,0.5363912732474965,0.0003164556962024,-9.768725639191516e-11,-0.018114,8.199952278692436,63.2,419100.0,26487120.0,0.009999999999998,63.23,63.21
2008-05-08,KMB,17750,KIMBERLY CLARK CORP,,,-0.001899,-0.3559913868358261,0.0020608750792643,-1.3602308441390628e-11,0.003669,5.280839895013124,63.08,419100.0,26436828.0,0.0649999999999977,63.12,62.99
2008-05-09,KMB,17750,KIMBERLY CLARK CORP,,,-0.011573,0.1083047171516355,0.0004811547714515,-7.567103116050415e-11,-0.006725,5.852779766165593,62.35,419100.0,26130885.0,0.0150000000000005,62.4,62.37
2008-05-12,KMB,17750,KIMBERLY CLARK CORP,,,0.004812,0.0239308573525214,0.0001596169193934,3.0581168025215355e-11,0.011021,5.992841803865426,62.65,419100.0,26256615.0,0.004999999999999,62.69,62.68
2008-05-13,KMB,17750,KIMBERLY CLARK CORP,,,0.011014,0.0114269788182832,0.0022102936532996,6.845134797757963e-11,-0.000385,6.061321880219518,63.34,419100.0,26545794.0,0.0700000000000002,63.36,63.22
2008-05-14,KMB,17750,KIMBERLY CLARK CORP,,,-0.003947,0.0008660394441601,0.0001585037248375,-2.460626162964584e-11,0.004006,6.066571224051539,63.09,419100.0,26441019.0,0.004999999999999,63.14,63.13
2008-05-15,KMB,17750,KIMBERLY CLARK CORP,,,0.008718,-0.1354178957718781,0.000157133878064,6.231885856441254e-11,0.010585,5.245048914340253,63.64,419100.0,26671524.0,0.004999999999999,63.65,63.64
2008-05-16,KMB,17750,KIMBERLY CLARK CORP,,,-0.003457,-0.0147393321808753,0.0003153579312519,-2.5168352764291803e-11,0.00125,5.167740396086852,63.42,419100.0,26579322.0,0.009999999999998,63.4,63.38
2008-05-19,KMB,17750,KIMBERLY CLARK CORP,,,0.005361,-0.1932311386092898,0.0003136762860728,4.8120487885198176e-11,0.000898,4.169172035313768,63.76,419100.0,26721816.0,0.0100000000000015,63.7,63.68
2008-05-20,KMB,17750,KIMBERLY CLARK CORP,,,-0.000627,0.3168316831683169,0.0010985561833019,-4.276554683138399e-12,-0.009274,5.490097828680506,63.72,419100.0,26705052.0,0.0350000000000001,63.76,63.69
2008-05-21,KMB,17750,KIMBERLY CLARK CORP,,,-0.010672,0.0244252249119909,0.0001586294416243,-7.182102587990447e-11,-0.016053,5.624194702934861,63.04,419100.0,26420064.0,0.004999999999999,63.12,63.11
2008-05-22,KMB,17750,KIMBERLY CLARK CORP,,,0.01047,-0.1719910058970769,0.0012558869701726,8.421591803112675e-11,0.002617,4.656883798616082,63.7,419100.0,26696670.0,0.0399999999999991,63.68,63.6
2008-05-23,KMB,17750,KIMBERLY CLARK CORP,,,-0.014286,-0.1059589076189988,0.0007963051441311,-1.3039160168558388e-10,-0.01321,4.163445478406108,62.79,419100.0,26315289.0,0.0249999999999985,62.86,62.81
2008-05-27,KMB,17750,KIMBERLY CLARK CORP,,,0.01067,0.2872370909507709,0.0003151591553734,7.485749049095893e-11,0.006846,5.359341445955619,63.46,419100.0,26596086.0,0.009999999999998,63.4,63.38
2008-05-28,KMB,17750,KIMBERLY CLARK CORP,,,-0.000315,-0.277013490049419,0.0006305170239596,-3.057652296127976e-12,0.003963,3.8747315676449534,63.44,419100.0,26587704.0,0.0199999999999995,63.54,63.5
2008-05-29,KMB,17750,KIMBERLY CLARK CORP,,,0.012295,0.0399655151179259,0.0004671441918405,1.1336526604057199e-10,0.005335,4.029587210689573,64.22,419100.0,26914602.0,0.0150000000000005,64.16,64.13
2008-05-30,KMB,17750,KIMBERLY CLARK CORP,,,-0.00654,0.1375532922785409,0.0029780564263323,-5.3358928213313e-11,0.001516,4.591155137596043,63.8,418435.0,26696153.0,0.0950000000000024,63.99,63.8
2008-06-02,KMB,17750,KIMBERLY CLARK CORP,,,-0.012853,0.0921347144864921,0.0001587805652588,-9.726927244990776e-11,-0.010504,5.0141599053616455,62.98,418435.0,26353036.3,0.0050000000000025,63.06,63.05
2008-06-03,KMB,17750,KIMBERLY CLARK CORP,,,0.001588,0.6301415566464896,0.0003170577045021,7.360499894005093e-12,-0.005788,8.173790433400647,63.08,418435.0,26394879.8,0.009999999999998,63.12,63.1
2008-06-04,KMB,17750,KIMBERLY CLARK CORP,,,0.009512,-0.4919595345301444,0.0001584786053882,8.675463250766855e-11,-0.000327,4.152616296437918,63.1,418435.0,26403248.5,0.004999999999999,63.03,63.02
2008-06-05,KMB,17750,KIMBERLY CLARK CORP,,,0.003011,-0.1241942909760589,0.0003160056881023,3.1262095113559056e-11,0.019496,3.636885059806183,63.29,418435.0,26482751.15,0.009999999999998,63.3,63.28
2008-06-06,KMB,17750,KIMBERLY CLARK CORP,,,-0.018644,0.6268234984886318,0.002415070037031,-1.2124938608718702e-10,-0.030889,5.916570076594931,62.11,418435.0,25988997.85,0.0749999999999992,62.25,62.1
2008-06-09,KMB,17750,KIMBERLY CLARK CORP,,,-0.000644,-0.1851193601809588,0.0001611084259706,-5.142947671513672e-12,0.000794,4.82129840954987,62.07,418435.0,25972260.45,0.004999999999999,62.1,62.09
2008-06-10,KMB,17750,KIMBERLY CLARK CORP,,,0.007733,0.3472291067710915,0.0001598721023181,4.5486992428942156e-11,-0.002438,6.495393549774756,62.55,418435.0,26173109.25,0.004999999999999,62.57,62.56
2008-06-11,KMB,17750,KIMBERLY CLARK CORP,,,-0.011511,-0.2068876706280584,0.0003234675723759,-8.636656210842995e-11,-0.016894,5.151576708449341,61.83,418435.0,25871836.05,0.0100000000000015,61.88,61.86
2008-06-12,KMB,17750,KIMBERLY CLARK CORP,,,0.006793,-0.1814807942104286,0.0004819277108433,6.184793583766032e-11,0.00328,4.216664475964008,62.25,418435.0,26047578.75,0.0150000000000005,62.28,62.25
2008-06-13,KMB,17750,KIMBERLY CLARK CORP,,,0.005944,-0.2104398095669916,0.0006387735547748,6.813706858053267e-11,0.015046,3.329310406634244,62.62,418435.0,26202399.7,0.0199999999999995,62.6,62.56
2008-06-16,KMB,17750,KIMBERLY CLARK CORP,,,-0.010061,0.6732467159572177,0.0017744797547991,-6.962692879776281e-11,8.1e-05,5.570757704302938,61.99,418435.0,25938785.65,0.0549999999999997,62.18,62.07
2008-06-17,KMB,17750,KIMBERLY CLARK CORP,,,0.004678,-0.2982839982839983,0.0004816955684007,4.592064292512493e-11,-0.006771,3.9090898227920703,62.28,418435.0,26060131.8,0.0150000000000005,62.28,62.25
2008-06-18,KMB,17750,KIMBERLY CLARK CORP,,,-0.00289,0.328299810478694,0.0006441223832528,-2.1419359409958166e-11,-0.009712,5.1924432707589,62.1,418435.0,25984813.5,0.0199999999999995,62.22,62.18
2008-06-19,KMB,17750,KIMBERLY CLARK CORP,,,0.004026,0.0883693100750218,0.0001603849238171,2.730619965694976e-11,0.003752,5.651295900199553,62.35,418435.0,26089422.25,0.004999999999999,62.37,62.36
2008-06-20,KMB,17750,KIMBERLY CLARK CORP,,,-0.018765,0.2012940330697339,0.0001634521085321,-1.0797264113094428e-10,-0.018543,6.788868044021174,61.18,418435.0,25599853.3,0.004999999999999,61.26,61.25
2008-06-23,KMB,17750,KIMBERLY CLARK CORP,,,0.000817,-0.4344703770197486,0.0001633186346561,8.305715811648122e-12,5.3e-05,3.839305985397971,61.23,418435.0,25620775.05,0.004999999999999,61.26,61.25
2008-06-24,KMB,17750,KIMBERLY CLARK CORP,,,0.008656,0.5850606909430438,0.0003238341968912,5.504062221744729e-11,-0.002815,6.085532997956672,61.76,418435.0,25842545.6,0.0100000000000015,61.75,61.73
2008-06-25,KMB,17750,KIMBERLY CLARK CORP,,,0.006153,-0.114200439836632,0.0012874155133569,4.3898894161671093e-11,0.005843,5.390562452949681,62.14,418435.0,26001550.9,0.0399999999999991,62.18,62.1
2008-06-26,KMB,17750,KIMBERLY CLARK CORP,,,-0.019794,-0.0930129455577229,0.0011492365785585,-1.5884801499928438e-10,-0.029365,4.889170360987967,60.91,418435.0,25486875.85,0.0350000000000001,60.98,60.91
2008-06-27,KMB,17750,KIMBERLY CLARK CORP,,,-0.017074,0.1761658031088082,0.000167028561884,-1.1852072419619395e-10,-0.003717,5.7504749841671945,59.87,418435.0,25051703.45,0.004999999999999,59.87,59.86
2008-06-30,KMB,17750,KIMBERLY CLARK CORP,,,-0.001503,0.1912974815061092,0.002509200401472,-8.771040649834322e-12,0.001267,6.850526366102262,59.78,418435.0,25014044.3,0.0749999999999992,59.93,59.78
2008-07-01,KMB,17750,KIMBERLY CLARK CORP,,,0.002342,-0.1492761207046921,0.0003337783711614,1.6027822218903205e-11,0.003836,5.827906365385305,59.92,418435.0,25072625.2,0.009999999999998,59.94,59.92
2008-07-02,KMB,17750,KIMBERLY CLARK CORP,,,-0.004506,0.105224309029771,0.0006705783738474,-2.8027847215017248e-11,-0.018204,6.441143785773178,59.65,418435.0,24959647.75,0.0199999999999995,59.74,59.7
2008-07-03,KMB,17750,KIMBERLY CLARK CORP,,,0.019447,-0.3916963490650045,0.0003288932741324,1.9505908819931634e-10,0.001094,3.918171281083084,60.81,418435.0,25445032.35,0.009999999999998,60.79,60.77
2008-07-07,KMB,17750,KIMBERLY CLARK CORP,,,-0.021049,0.9609027142421468,0.0,-1.0998364708438543e-10,-0.008385,7.683152699941449,59.53,418435.0,24909435.55,0.0,59.56,59.56
2008-07-08,KMB,17750,KIMBERLY CLARK CORP,,,0.016966,-0.1544993623440853,0.0001651800462503,1.030992813142707e-10,0.01708,6.4961105070082565,60.54,418435.0,25332054.9,0.004999999999999,60.46,60.45
2008-07-09,KMB,17750,KIMBERLY CLARK CORP,,,-0.010572,-0.2296004708998602,0.0005008347245409,-8.428162787269648e-11,-0.022776,5.004600475581632,59.9,418435.0,25064256.5,0.0150000000000005,59.88,59.85
2008-07-10,KMB,17750,KIMBERLY CLARK CORP,,,0.001669,0.0752113079604603,0.0001666666666666,1.2354177769882158e-11,0.00699,5.381003023169668,60.0,418435.0,25106100.0,0.004999999999999,60.01,60.0
2008-07-11,KMB,17750,KIMBERLY CLARK CORP,,,-0.011333,0.1084117960561379,0.0005057316250841,-7.655108796570423e-11,-0.01109,5.964367225494999,59.32,418435.0,24821564.2,0.014999999999997,59.37,59.34
2008-07-14,KMB,17750,KIMBERLY CLARK CORP,,,-0.008766,0.074448050647113,-0.0006802721088436,-5.5596357506269326e-11,-0.009028,6.408402738776632,58.8,418435.0,24603978.0,-0.0200000000000031,58.8,58.84
2008-07-15,KMB,17750,KIMBERLY CLARK CORP,,,-0.064456,3.088047734476972,0.0001817851299764,-1.0688775269115198e-10,-0.010901,26.197856297871837,55.01,418435.0,23018109.35,0.0050000000000025,55.02,55.01
2008-07-16,KMB,17750,KIMBERLY CLARK CORP,,,-0.00509,-0.6057780899645141,0.0001827151470856,-2.152077053491101e-11,0.025064,10.327768948582218,54.73,418435.0,22900947.55,0.004999999999999,54.68,54.67
2008-07-17,KMB,17750,KIMBERLY CLARK CORP,,,0.010963,0.1228740020826102,0.0001807337791432,4.0832239479613345e-11,0.012013,11.596783251879025,55.33,418435.0,23152008.55,0.004999999999999,55.25,55.24
2008-07-18,KMB,17750,KIMBERLY CLARK CORP,,,-0.006145,-0.1542916022668727,0.0003637024913619,-2.723027205784754e-11,0.000286,9.807496982804976,54.99,418435.0,23009740.65,0.009999999999998,54.97,54.95
2008-07-21,KMB,17750,KIMBERLY CLARK CORP,,,-0.000364,-0.2669720746625079,0.000181917409496,-2.2012478244989136e-12,-0.000539,7.189169166059244,54.97,418435.0,23001371.95,0.004999999999999,55.0,54.99
2008-07-22,KMB,17750,KIMBERLY CLARK CORP,,,0.01328,0.3603151386211023,0.000718132854578,5.826350962095946e-11,0.013492,9.779535650698437,55.7,418435.0,23306829.5,0.0199999999999995,55.68,55.64
2008-07-23,KMB,17750,KIMBERLY CLARK CORP,,,0.017774,-0.3324943183206666,0.0001763979537837,1.1478298482709595e-10,0.004064,6.5278956110268025,56.69,418435.0,23721080.15,0.004999999999999,56.68,56.67
2008-07-24,KMB,17750,KIMBERLY CLARK CORP,,,-0.023637,0.0061870766977851,0.000542005420054,-1.553798830085521e-10,-0.023125,6.56828420184736,55.35,418435.0,23160377.25,0.014999999999997,55.41,55.38
2008-07-25,KMB,17750,KIMBERLY CLARK CORP,,,0.011563,-0.0644011060980934,0.0001786033220217,8.031384508586579e-11,0.004168,6.145279434081757,55.99,418435.0,23428175.65,0.004999999999999,55.97,55.96
2008-07-28,KMB,17750,KIMBERLY CLARK CORP,,,0.001965,-0.0913510150112779,0.0001782531194295,1.4991114045758373e-11,-0.018597,5.583901920250457,56.1,418435.0,23474203.5,0.004999999999999,56.14,56.13
2008-07-29,KMB,17750,KIMBERLY CLARK CORP,,,0.024242,0.0934303445324202,0.0006961364427427,1.6513758068117283e-10,0.023356,6.105607800494701,57.46,418435.0,24043275.1,0.0199999999999995,57.44,57.4
2008-07-30,KMB,17750,KIMBERLY CLARK CORP,,,0.015315,0.4874354156881164,0.0010284538909839,6.908051253220633e-11,0.016672,9.081697276757442,58.34,418435.0,24411497.9,0.0300000000000011,58.29,58.23
2008-07-31,KMB,17750,KIMBERLY CLARK CORP,,,-0.008742,-0.2633088602931501,0.0008646031471555,-5.3997933291180517e-11,-0.013144,6.726333493512734,57.83,416200.0,24068846.0,0.0250000000000021,57.84,57.79
2008-08-01,KMB,17750,KIMBERLY CLARK CORP,,,0.000346,-0.2341132345061618,0.0003457216940363,2.7895085615540336e-12,-0.005578,5.151609802979337,57.85,416200.0,24077170.0,0.0100000000000015,57.88,57.86
2008-08-04,KMB,17750,KIMBERLY CLARK CORP,,,0.018842,-0.1609533137446948,0.0020359687818119,1.7769929491801899e-10,-0.008966,4.322441134070159,58.94,416200.0,24530828.0,0.0599999999999987,58.97,58.85
2008-08-05,KMB,17750,KIMBERLY CLARK CORP,,,0.027655,0.3083379655364091,0.0006603929337955,1.9398358525000583e-10,0.028719,5.655213839500241,60.57,416200.0,25209234.0,0.0199999999999995,60.53,60.49
2008-08-06,KMB,17750,KIMBERLY CLARK CORP,,,0.000165,-0.2588690147427455,0.0004952129415647,1.5613799464611333e-12,0.003354,4.191254204709274,60.58,416200.0,25213396.0,0.014999999999997,60.55,60.52
2008-08-07,KMB,17750,KIMBERLY CLARK CORP,,,-0.03549,0.7826759917450126,0.0005134348793427,-1.9532220544185494e-10,-0.017934,7.47164824603556,58.43,416200.0,24318566.0,0.014999999999997,58.48,58.45
2008-08-08,KMB,17750,KIMBERLY CLARK CORP,,,0.051172,-0.1984114223236968,0.0003256268316509,3.3423549222211437e-10,0.023893,5.9891878904372895,61.42,416200.0,25563004.0,0.0100000000000015,61.38,61.36
2008-08-11,KMB,17750,KIMBERLY CLARK CORP,,,-0.000651,0.0920688410157659,0.0003258390355163,-3.896135701293294e-12,0.006943,6.540605478135512,61.38,416200.0,25546356.0,0.009999999999998,61.36,61.34
2008-08-12,KMB,17750,KIMBERLY CLARK CORP,,,0.01059,0.0378370435677026,0.0001612123166209,6.042894071273829e-11,-0.012051,6.788082652570879,62.03,416200.0,25816886.0,0.004999999999999,62.03,62.02
2008-08-13,KMB,17750,KIMBERLY CLARK CORP,,,-0.006126,-0.2037377884751522,0.0008110300081102,-4.417114002208125e-11,-0.002916,5.405093704949543,61.65,416200.0,25658730.0,0.0249999999999985,61.58,61.53
2008-08-14,KMB,17750,KIMBERLY CLARK CORP,,,0.012652,-0.1013068990042673,0.000160179400929,1.0024186479468866e-10,0.005522,4.857520422873619,62.43,416200.0,25983366.0,0.004999999999999,62.37,62.36
2008-08-15,KMB,17750,KIMBERLY CLARK CORP,,,0.007849,0.0469406934757876,0.0009535918626826,5.893683683105827e-11,0.004076,5.085535800096108,62.92,416200.0,26187304.0,0.0299999999999975,62.91,62.85
2008-08-18,KMB,17750,KIMBERLY CLARK CORP,,,-0.002543,-0.242889539828026,0.000159337157425,-2.5285141424777453e-11,-0.015098,3.850312349831812,62.76,416200.0,26120712.0,0.004999999999999,62.69,62.68
2008-08-19,KMB,17750,KIMBERLY CLARK CORP,,,-0.010676,0.1579407176287051,0.0001610565308422,-9.266218599227574e-11,-0.009315,4.458433445458914,62.09,416200.0,25841858.0,0.004999999999999,62.14,62.13
2008-08-20,KMB,17750,KIMBERLY CLARK CORP,,,-0.017716,0.5956025005389092,0.0,-9.810654153331243e-11,0.006197,7.113887554060548,60.99,416200.0,25384038.0,0.0,61.01,61.01
2008-08-21,KMB,17750,KIMBERLY CLARK CORP,,,0.0,-0.3660159416373952,0.0001639613051319,0.0,0.002495,4.510091302258529,60.99,416200.0,25384038.0,0.004999999999999,60.98,60.97
2008-08-22,KMB,17750,KIMBERLY CLARK CORP,,,0.017052,-0.0697352298758723,0.0003224246332419,1.5742712306844112e-10,0.011333,4.195579048534358,62.03,416200.0,25816886.0,0.009999999999998,62.05,62.03
2008-08-25,KMB,17750,KIMBERLY CLARK CORP,,,-0.017572,-0.1224945596151643,0.0001640958319658,-1.8818064082126438e-10,-0.019625,3.681643440653532,60.94,416200.0,25363228.0,0.004999999999999,61.0,60.99
2008-08-26,KMB,17750,KIMBERLY CLARK CORP,,,0.001641,0.2778176597272075,0.0009829619921363,1.3730342433568908e-11,0.003686,4.704469005285921,61.04,416200.0,25404848.0,0.0300000000000011,61.04,60.98
2008-08-27,KMB,17750,KIMBERLY CLARK CORP,,,0.00213,-0.2430030643513789,0.0,2.3492774714415545e-11,0.007983,3.561268620855358,61.17,416200.0,25458954.0,0.0,61.1,61.1
2008-08-28,KMB,17750,KIMBERLY CLARK CORP,,,0.025339,0.435838618270139,0.0001594387755101,1.8983268173353355e-10,0.01484,5.113407015857761,62.72,416200.0,26104064.0,0.004999999999999,62.66,62.65
2008-08-29,KMB,17750,KIMBERLY CLARK CORP,,,-0.016582,0.0886194906493751,0.0004863813229572,-1.1603900634893335e-10,-0.013724,5.579746445223691,61.68,415216.0,25610522.88,0.0150000000000005,61.74,61.71
2008-09-02,KMB,17750,KIMBERLY CLARK CORP,,,0.019455,0.0897358425414365,0.0001590330788803,1.2254876023362462e-10,-0.004093,6.080449693653423,62.88,415216.0,26108782.08,0.004999999999999,62.89,62.88
2008-09-03,KMB,17750,KIMBERLY CLARK CORP,,,-0.001749,0.115657305818513,0.0001607975558772,-9.984553741226844e-12,-0.002035,6.783698123386382,62.19,415216.0,25822283.04,0.0050000000000025,62.24,62.23
2008-09-04,KMB,17750,KIMBERLY CLARK CORP,,,-0.014793,0.0724961834771185,0.000163212012404,-7.992304609533725e-11,-0.029922,7.275490347192786,61.27,415216.0,25440284.32,0.004999999999999,61.33,61.32
2008-09-05,KMB,17750,KIMBERLY CLARK CORP,,,0.015015,-0.3157668244562879,0.0001607975558771,1.1680577172208114e-10,0.004431,4.978131863897345,62.19,415216.0,25822283.04,0.004999999999999,62.14,62.13
2008-09-08,KMB,17750,KIMBERLY CLARK CORP,,,0.027496,0.4393323657474601,0.0010954616588419,1.44632899597699e-10,0.02051,7.165186312666179,63.9,415216.0,26532302.4,0.0350000000000001,63.9,63.83
2008-09-09,KMB,17750,KIMBERLY CLARK CORP,,,0.020814,1.1233235857618231,0.000613214778476,5.051151794020524e-11,-0.034138,15.214009094061886,65.23,415216.0,27084539.680000003,0.019999999999996,65.33,65.29
2008-09-10,KMB,17750,KIMBERLY CLARK CORP,,,-0.013337,-0.4679678966614428,0.0001553760099441,-6.165758709345681e-11,0.006149,8.094341258525683,64.36,415216.0,26723301.76,0.0050000000000025,64.39,64.38
2008-09-11,KMB,17750,KIMBERLY CLARK CORP,,,-0.000622,0.0455830283555001,0.0018656716417911,-2.7518846959250588e-12,0.013806,8.463305845632153,64.32,415216.0,26706693.12,0.0600000000000022,64.42,64.3
2008-09-12,KMB,17750,KIMBERLY CLARK CORP,,,0.004042,-0.1602401752938163,0.0001548467017653,2.1209433023895296e-11,0.002122,7.1071442333628765,64.58,415216.0,26814649.28,0.0050000000000025,64.58,64.57
2008-09-15,KMB,17750,KIMBERLY CLARK CORP,,,-0.003562,-0.008912233141308,0.0009324009324009,-1.8926226742413023e-11,-0.047136,7.043803706986243,64.35,415216.0,26719149.6,0.0300000000000011,64.48,64.42
2008-09-16,KMB,17750,KIMBERLY CLARK CORP,,,0.004817,0.2599924778609772,0.0044849984534489,2.0215834268534248e-11,0.017515,8.875139686331933,64.66,415216.0,26847866.56,0.1450000000000031,64.87,64.58
2008-09-17,KMB,17750,KIMBERLY CLARK CORP,,,-0.004485,0.4691324523079427,0.0012428149759204,-1.2869708451862944e-11,-0.047133,13.03875573195638,64.37,415216.0,26727453.92,0.0399999999999991,64.46,64.38
2008-09-18,KMB,17750,KIMBERLY CLARK CORP,,,0.005593,-0.1122296311346718,0.0021628302178279,1.7977460250551282e-11,0.043342,11.575420985703827,64.73,415216.0,26876931.680000003,0.0700000000000002,64.73,64.59
2008-09-19,KMB,17750,KIMBERLY CLARK CORP,,,0.020547,0.227576306098246,0.0007568876778685,5.2716974685738245e-11,0.040257,14.20971253516242,66.06,415216.0,27429168.96,0.0249999999999985,66.05,66.0
2008-09-22,KMB,17750,KIMBERLY CLARK CORP,,,-0.031184,-0.4471280147794105,0.0003124999999999,-1.493715511955855e-10,-0.038237,7.856151978729144,64.0,415216.0,26573824.0,0.009999999999998,64.02,64.0
2008-09-23,KMB,17750,KIMBERLY CLARK CORP,,,-0.007969,-0.2602697731453096,0.0003150102378327,-5.2016506118711596e-11,-0.015633,5.811433085430234,63.49,415216.0,26362063.84,0.0100000000000015,63.53,63.51
2008-09-24,KMB,17750,KIMBERLY CLARK CORP,,,0.00567,-0.2070451719850807,0.0015661707126076,4.6410515002014797e-11,-0.001978,4.608203922777542,63.85,415216.0,26511541.6,0.0500000000000007,63.93,63.83
2008-09-25,KMB,17750,KIMBERLY CLARK CORP,,,0.009554,0.436030103480715,0.0001551349674215,5.3941823297540106e-11,0.019656,6.617519556086471,64.46,415216.0,26764823.36,0.0049999999999954,64.49,64.48
2008-09-26,KMB,17750,KIMBERLY CLARK CORP,,,0.024977,0.1489245550824325,0.0006054184955349,1.1974989517389415e-10,0.003167,7.603030711725945,66.07,415216.0,27433321.12,0.019999999999996,66.19,66.15
2008-09-29,KMB,17750,KIMBERLY CLARK CORP,,,-0.037536,0.3465108175742024,0.0001572574304135,-1.388636235062671e-10,-0.087897,10.237563099687874,63.59,415216.0,26403585.44,0.004999999999999,63.86,63.85
2008-09-30,KMB,17750,KIMBERLY CLARK CORP,,,0.019657,0.015408864213795,0.0006169031462061,7.02364591488789e-11,0.054203,10.395312319371122,64.84,415216.0,26922605.44,0.0200000000000031,64.78,64.74
2008-10-01,KMB,17750,KIMBERLY CLARK CORP,,,0.005706,-0.3961263118874962,0.0003067014261615,3.357065677495244e-11,-0.004544,6.2774555893799855,65.21,415216.0,27076235.36,0.009999999999998,65.28,65.26
2008-10-02,KMB,17750,KIMBERLY CLARK CORP,,,0.00368,0.5441012852484175,0.0003055767761651,1.3970265315268744e-11,-0.040291,9.693027243651498,65.45,415216.0,27175887.200000003,0.0100000000000051,65.48,65.46
2008-10-03,KMB,17750,KIMBERLY CLARK CORP,,,-0.016196,0.1945983551569061,0.0003106072371485,-5.231592600573159e-11,-0.013506,11.579274401757155,64.39,415216.0,26735758.24,0.009999999999998,64.47,64.45
2008-10-06,KMB,17750,KIMBERLY CLARK CORP,,,-0.029974,0.099773289793881,0.0003202049311558,-9.075783537397059e-11,-0.038518,12.734576702246542,62.46,415216.0,25934391.36,0.009999999999998,62.61,62.59
2008-10-07,KMB,17750,KIMBERLY CLARK CORP,,,-0.017771,-0.1758642862546334,0.0001629991850041,-6.647218754635279e-11,-0.057395,10.49501945975107,61.35,415216.0,25473501.6,0.0050000000000025,61.38,61.37
2008-10-08,KMB,17750,KIMBERLY CLARK CORP,,,0.009454,0.6478188034972576,0.0017761989342806,2.1259240014191027e-11,-0.011333,17.293890408847442,61.93,415216.0,25714326.88,0.0549999999999997,62.11,62.0
2008-10-09,KMB,17750,KIMBERLY CLARK CORP,,,-0.079445,-0.1005055217457907,0.0001754078231888,-2.1574972152412588e-10,-0.076167,15.555758930291704,57.01,415216.0,23671464.16,0.004999999999999,57.22,57.21
2008-10-10,KMB,17750,KIMBERLY CLARK CORP,,,-0.006841,0.2847809258399132,0.0001766160367362,-1.4559798362478356e-11,-0.011759,19.985742360602675,56.62,415216.0,23509529.92,0.0050000000000025,57.24,57.23
2008-10-13,KMB,17750,KIMBERLY CLARK CORP,,,0.061639,-0.5110382724380603,0.0014972550324404,2.5272000674893077e-10,0.1158,9.77226311124812,60.11,415216.0,24958633.76,0.0449999999999981,60.16,60.07
2008-10-14,KMB,17750,KIMBERLY CLARK CORP,,,-0.00183,0.1391709384858044,0.0001666666666666,-6.5984466607533044e-12,-0.005322,11.13227813957073,60.0,415216.0,24912960.0,0.004999999999999,59.96,59.95
2008-10-15,KMB,17750,KIMBERLY CLARK CORP,,,-0.063667,-0.1846483352443588,0.0017799928800285,-3.00697321940069e-10,-0.09035,9.076721513621823,56.18,415216.0,23326834.88,0.0500000000000007,56.32,56.22
2008-10-16,KMB,17750,KIMBERLY CLARK CORP,,,0.071022,0.9466673742305244,0.0001661957786271,1.6088592249356136e-10,0.042507,17.66935763554391,60.17,415216.0,24983546.720000003,0.004999999999999,60.15,60.14
2008-10-17,KMB,17750,KIMBERLY CLARK CORP,,,-0.002991,-0.3580814001035902,0.0046674445740957,-1.0586752249344172e-11,-0.006213,11.342289314477284,59.99,415216.0,24908807.84,0.1400000000000005,60.07,59.79
2008-10-20,KMB,17750,KIMBERLY CLARK CORP,,,0.033506,-0.2658243974944262,0.0001612903225806,1.5629898046006178e-10,0.047685,8.327232091248892,62.0,415216.0,25743392.0,0.004999999999999,62.04,62.03
2008-10-21,KMB,17750,KIMBERLY CLARK CORP,,,-0.005323,0.3151897269782509,0.000486460191341,-1.8981011849321876e-11,-0.0308,10.95189010057416,61.67,415216.0,25606370.720000003,0.0150000000000005,61.64,61.61
2008-10-22,KMB,17750,KIMBERLY CLARK CORP,,,-0.072158,0.3215463781501517,0.0099615519049283,-2.09841348099129e-10,-0.061013,14.47343069631228,57.22,415216.0,23758659.52,0.2850000000000001,57.76,57.19
2008-10-23,KMB,17750,KIMBERLY CLARK CORP,,,-0.000699,-0.1217551916932907,0.0066456803077999,-2.316177653967313e-12,0.012634,12.71121536742322,57.18,415216.0,23742050.88,0.1900000000000012,57.38,57.0
2008-10-24,KMB,17750,KIMBERLY CLARK CORP,,,-0.03795,-0.1927281684003107,0.0001817851299764,-1.6191578103605423e-10,-0.034511,10.26140611151786,55.01,415216.0,22841032.16,0.0050000000000025,54.95,54.94
2008-10-27,KMB,17750,KIMBERLY CLARK CORP,,,0.003636,-0.0331400943506935,0.0001811266074986,1.5986802885424458e-11,-0.031764,9.921342144811376,55.21,415216.0,22924075.36,0.004999999999999,55.19,55.18
2008-10-28,KMB,17750,KIMBERLY CLARK CORP,,,0.086216,0.2490108022818302,0.0011672502918125,2.7941075533264135e-10,0.10789,12.391863512003392,59.97,415216.0,24900503.52,0.0350000000000001,60.04,59.97
2008-10-29,KMB,17750,KIMBERLY CLARK CORP,,,-0.014674,-0.2669037762618311,0.0096463022508038,-6.583590967065533e-11,-0.011079,9.084428345728488,59.09,415216.0,24535113.44,0.2850000000000001,59.44,58.87
2008-10-30,KMB,17750,KIMBERLY CLARK CORP,,,0.031308,0.1058854718981971,0.0003281916639317,1.2316038517493883e-10,0.025804,10.046337328041307,60.94,415216.0,25303263.04,0.0100000000000015,60.96,60.94
2008-10-31,KMB,17750,KIMBERLY CLARK CORP,,,0.005743,-0.3040945485927986,0.0035894925762766,3.2278780569833277e-11,0.015365,7.0,61.29,414700.0,25416963.0,0.1099999999999994,61.61,61.39
2008-11-03,KMB,17750,KIMBERLY CLARK CORP,,,-0.007505,-0.199007888663061,0.0026302811112938,-5.3060649998547816e-11,-0.002529,5.606944779358573,60.83,414700.0,25226201.0,0.0800000000000018,61.03,60.87
2008-11-04,KMB,17750,KIMBERLY CLARK CORP,,,0.017261,0.1226131085498021,0.0003232062055591,1.0686247393319599e-10,0.040826,6.294429708222812,61.88,414700.0,25661636.0,0.0100000000000015,61.81,61.79
2008-11-05,KMB,17750,KIMBERLY CLARK CORP,,,-0.044764,0.1675286365551851,0.0006767044493317,-2.4849059891296956e-10,-0.052677,7.348926935133831,59.11,414700.0,24512917.0,0.0199999999999995,59.12,59.08
2008-11-06,KMB,17750,KIMBERLY CLARK CORP,,,-0.027745,0.017981362383515,0.0022620497650948,-1.5561295159220677e-10,-0.050264,7.481070653484447,57.47,414700.0,23832809.0,0.0650000000000012,57.57,57.44
2008-11-07,KMB,17750,KIMBERLY CLARK CORP,,,0.008178,-0.0612751418256833,0.0001725923369002,4.8465478527973625e-11,0.028855,7.02266698818423,57.94,414700.0,24027718.0,0.004999999999999,57.86,57.85
2008-11-10,KMB,17750,KIMBERLY CLARK CORP,,,0.005868,0.0999553617415789,0.0012010981468771,3.1431086282766905e-11,-0.012653,7.724620207378828,58.28,414700.0,24168716.0,0.0350000000000001,58.24,58.17
2008-11-11,KMB,17750,KIMBERLY CLARK CORP,,,-0.011839,-0.2713991384154336,0.0003472825143254,-8.807792817263183e-11,-0.022041,5.628164938509766,57.59,414700.0,23882573.0,0.0100000000000015,57.59,57.57
2008-11-12,KMB,17750,KIMBERLY CLARK CORP,,,-0.018406,0.1955012853470437,0.0015920750044223,-1.1668889657981522e-10,-0.051894,6.728478418133591,56.53,414700.0,23442991.0,0.0449999999999981,56.69,56.6
2008-11-13,KMB,17750,KIMBERLY CLARK CORP,,,0.042278,0.7042970289932982,0.003733876442634,1.5088828078653774e-10,0.069213,11.467325777670606,58.92,414700.0,24434124.0,0.1099999999999994,59.06,58.84
2008-11-14,KMB,17750,KIMBERLY CLARK CORP,,,-0.026307,-0.3459993691515087,0.0019173784207773,-1.4743891343859543e-10,-0.041699,7.499638292741741,57.37,414700.0,23791339.0,0.0549999999999997,57.35,57.24
2008-11-17,KMB,17750,KIMBERLY CLARK CORP,,,-0.009761,-0.3065174753223368,0.0003520506953,-7.966354870234845e-11,-0.02581,5.200868097419821,56.81,414700.0,23559107.0,0.009999999999998,56.73,56.71
2008-11-18,KMB,17750,KIMBERLY CLARK CORP,,,0.023587,0.4066672848664687,0.0015477214101462,1.3369701960849001e-10,0.009838,7.315891005546178,58.15,414700.0,24114805.0,0.0450000000000017,58.03,57.94
2008-11-19,KMB,17750,KIMBERLY CLARK CORP,,,-0.035598,0.0469033257523319,0.0005349500713266,-1.9985257686425095e-10,-0.061156,7.659030624547866,56.08,414700.0,23256376.0,0.0150000000000005,56.11,56.08
2008-11-20,KMB,17750,KIMBERLY CLARK CORP,,,-0.035842,0.6251810339399282,0.0018494544109486,-1.2841811154269904e-10,-0.067123,12.447311309380275,54.07,414700.0,22422829.0,0.0499999999999971,54.19,54.09
2008-11-21,KMB,17750,KIMBERLY CLARK CORP,,,0.027557,0.0155562874135493,0.0003599712023038,9.461415457142278e-11,0.063248,12.640945261634917,55.56,414700.0,23040732.0,0.0100000000000015,55.52,55.5
2008-11-24,KMB,17750,KIMBERLY CLARK CORP,,,0.024838,-0.2742741597039411,0.0114155251141552,1.1466027708215915e-10,0.064723,9.173860622136484,56.94,414700.0,23613018.0,0.3249999999999993,57.21,56.56
2008-11-25,KMB,17750,KIMBERLY CLARK CORP,,,-0.000878,-0.0363263589527914,0.006503779223062,-4.2096154924743344e-12,0.006551,8.840607668193876,56.89,414700.0,23592283.0,0.1849999999999987,57.01,56.64
2008-11-26,KMB,17750,KIMBERLY CLARK CORP,,,-0.009844,-0.1120506246249523,0.0005325758920646,-5.368185252692052e-11,0.035328,7.850012056908609,56.33,414700.0,23360051.0,0.0150000000000005,56.33,56.3
2008-11-28,KMB,17750,KIMBERLY CLARK CORP,,,0.025919,-0.6437611353443509,0.0005191209551825,3.867407098783223e-10,0.009643,2.8028325599381283,57.79,413760.0,23911190.4,0.0150000000000005,57.77,57.74
2008-12-01,KMB,17750,KIMBERLY CLARK CORP,,,-0.047932,1.3877726998361646,0.0007270083605961,-3.146055102749496e-10,-0.089295,6.692527068832173,55.02,413760.0,22765075.200000003,0.0199999999999995,55.11,55.07
2008-12-02,KMB,17750,KIMBERLY CLARK CORP,,,0.03835,-0.0113755371781445,0.0003500787677227,2.4520603342648647e-10,0.039941,6.616395978344935,57.13,413760.0,23638108.8,0.0100000000000015,57.14,57.12
2008-12-03,KMB,17750,KIMBERLY CLARK CORP,,,-0.007702,0.3214494447691409,0.0030297629656033,-3.7943964085836e-11,0.025836,8.74323279195669,56.11,413760.0,23216073.6,0.0850000000000008,56.18,56.01
2008-12-04,KMB,17750,KIMBERLY CLARK CORP,,,-0.024951,-0.2381965944272446,0.0001827819411441,-1.6548467700168027e-10,-0.029308,6.660624516627997,54.71,413760.0,22636809.6,0.004999999999999,54.73,54.72
2008-12-05,KMB,17750,KIMBERLY CLARK CORP,,,0.004387,0.3786784716426576,0.000181983621474,2.1012294970568058e-11,0.036499,9.182859628770302,54.95,413760.0,22736112.0,0.004999999999999,54.89,54.88
2008-12-08,KMB,17750,KIMBERLY CLARK CORP,,,0.004732,-0.1511514672983287,0.0001811266074987,2.6574820373420928e-11,0.038387,7.794856921887084,55.21,413760.0,22843689.6,0.0050000000000025,55.17,55.16
2008-12-09,KMB,17750,KIMBERLY CLARK CORP,,,-0.060677,0.2901525486791516,0.0001928268414962,-2.8118611539229025e-10,-0.023118,10.05655452436195,51.86,413760.0,21457593.6,0.004999999999999,51.87,51.86
2008-12-10,KMB,17750,KIMBERLY CLARK CORP,,,-0.000193,-0.2463590483056957,0.0017357762777242,-1.1869880402959685e-12,0.011894,7.5790313225058,51.85,413760.0,21453456.0,0.0450000000000017,51.81,51.72
2008-12-11,KMB,17750,KIMBERLY CLARK CORP,,,-0.007136,-0.2257087279568863,0.003108003108003,-5.7088644873332495e-11,-0.028524,5.8683778035576175,51.48,413760.0,21300364.8,0.0799999999999983,51.61,51.45
2008-12-12,KMB,17750,KIMBERLY CLARK CORP,,,0.000971,-0.0606235328034265,0.0040752959441102,8.261384628313029e-12,0.007028,5.512616009280743,51.53,413760.0,21321052.8,0.1050000000000004,51.56,51.35
2008-12-15,KMB,17750,KIMBERLY CLARK CORP,,,0.00524,0.2269718093734929,0.003088803088803,3.61460377182524e-11,-0.012686,6.763824439288476,51.8,413760.0,21432768.0,0.0799999999999983,51.86,51.7
2008-12-16,KMB,17750,KIMBERLY CLARK CORP,,,0.011583,0.2913599656971342,0.0001908396946564,6.116480861112637e-11,0.05136,8.734532095901006,52.4,413760.0,21681024.0,0.004999999999999,52.43,52.42
2008-12-17,KMB,17750,KIMBERLY CLARK CORP,,,-0.031679,0.0690370780298836,0.000591249507292,-1.615995266943248e-10,-0.009593,9.337538669760248,50.74,413760.0,20994182.4,0.0150000000000005,50.71,50.68
2008-12-18,KMB,17750,KIMBERLY CLARK CORP,,,0.038234,-0.0561666882360554,0.0034168564920273,1.99034220205331e-10,-0.021163,8.813080046403712,52.68,413760.0,21796876.8,0.0899999999999998,52.79,52.61
2008-12-19,KMB,17750,KIMBERLY CLARK CORP,,,-0.029803,0.2869600987248046,0.0001956564273135,-1.242546933288229e-10,0.002937,11.342082366589327,51.11,413760.0,21147273.6,0.004999999999999,51.12,51.11
2008-12-22,KMB,17750,KIMBERLY CLARK CORP,,,0.026022,-0.4258134628907498,0.0015255530129671,1.8415507173343206e-10,-0.018302,6.512470997679815,52.44,413760.0,21697574.4,0.0399999999999991,52.5,52.42
2008-12-23,KMB,17750,KIMBERLY CLARK CORP,,,-0.022693,-0.2698359682327618,0.0013658536585365,-2.2505222053491183e-10,-0.009717,4.755172080433101,51.25,413760.0,21205200.0,0.0350000000000001,51.32,51.25
2008-12-24,KMB,17750,KIMBERLY CLARK CORP,,,0.017366,-0.6269377382465058,-0.0001917913310317,4.5376679219330894e-10,0.005781,1.7739752513534417,52.14,413760.0,21573446.4,-0.004999999999999,52.09,52.1
2008-12-26,KMB,17750,KIMBERLY CLARK CORP,,,-0.001918,0.0367847411444142,0.0011529592621061,-4.843135927988276e-11,0.005356,1.839230471771075,52.04,413760.0,21532070.4,0.0300000000000011,52.02,51.96
2008-12-29,KMB,17750,KIMBERLY CLARK CORP,,,-0.002498,0.5365308804204993,0.0052013099595454,-4.115432239910655e-11,-0.003873,2.82603441608662,51.91,413760.0,21478281.6,0.1350000000000015,51.95,51.68
2008-12-30,KMB,17750,KIMBERLY CLARK CORP,,,0.015219,0.138458907038399,0.0015180265654649,2.1693628211210038e-10,0.024407,3.217324052590874,52.7,413760.0,21805152.0,0.0400000000000027,52.7,52.62
2008-12-31,KMB,17750,KIMBERLY CLARK CORP,,,0.000759,0.8487830528846154,0.0003792188092528,5.847529076896117e-12,0.014158,5.948134184068059,52.74,413760.0,21821702.4,0.009999999999998,52.83,52.81
2009-01-02,KMB,17750,KIMBERLY CLARK CORP,,,0.017254,-0.0387225224493112,0.000372786579683,1.359383643133982e-10,0.031608,5.717807424593968,53.65,413760.0,22198224.0,0.009999999999998,53.58,53.56
2009-01-05,KMB,17750,KIMBERLY CLARK CORP,,,-0.012488,-0.0207963479584073,0.0003775009437524,-1.0174893778769455e-10,-0.004668,5.598897911832947,52.98,413760.0,21921004.8,0.0100000000000015,53.02,53.0
2009-01-06,KMB,17750,KIMBERLY CLARK CORP,,,-0.004341,0.0501165501165501,0.0003791469194313,-3.382819043143801e-11,0.007817,5.879495359628771,52.75,413760.0,21825840.0,0.0100000000000015,52.74,52.72
2009-01-07,KMB,17750,KIMBERLY CLARK CORP,,,-0.021422,0.5545278908208986,0.0015497869043007,-1.0973746947116609e-10,-0.03001,9.139839520494974,51.62,413760.0,21358291.2,0.0400000000000027,51.7,51.62
2009-01-08,KMB,17750,KIMBERLY CLARK CORP,,,-0.008911,-0.2694026496020308,0.0001954652071932,-6.304211014868034e-11,0.003397,6.677542536736272,51.16,413760.0,21167961.6,0.0050000000000025,51.24,51.23
2009-01-09,KMB,17750,KIMBERLY CLARK CORP,,,-0.013878,0.324622679069094,0.0001982160555005,-7.51637362215388e-11,-0.021303,8.845224284609435,50.45,413760.0,20874192.0,0.0050000000000025,50.45,50.44
2009-01-12,KMB,17750,KIMBERLY CLARK CORP,,,0.00218,-0.3648013552653151,0.0001977848101266,1.8547377557360062e-11,-0.022564,5.6184744779582365,50.56,413760.0,20919705.6,0.0050000000000025,50.49,50.48
2009-01-13,KMB,17750,KIMBERLY CLARK CORP,,,0.03303,0.929539295392954,-0.0007658433850277,1.4098340805838108e-10,0.001758,10.841067285382833,52.23,413760.0,21610684.8,-0.0199999999999995,52.14,52.18
2009-01-14,KMB,17750,KIMBERLY CLARK CORP,,,-0.016657,-0.4078161227037631,0.0007788161993769,-1.2209409171612588e-10,-0.03346,6.419905259087393,51.36,413760.0,21250713.6,0.0199999999999995,51.41,51.37
2009-01-15,KMB,17750,KIMBERLY CLARK CORP,,,0.020054,0.1661709897225463,0.0003817522427944,1.2357005967329675e-10,0.001329,7.486707269914927,52.39,413760.0,21676886.4,0.0100000000000015,52.38,52.36
2009-01-16,KMB,17750,KIMBERLY CLARK CORP,,,0.015843,0.6124544016528393,0.0015031942878616,5.959855828593417e-11,0.007562,12.071974091260634,53.22,413760.0,22020307.2,0.0399999999999991,53.23,53.15
2009-01-20,KMB,17750,KIMBERLY CLARK CORP,,,-0.022172,-0.3207471621053475,0.0011529592621061,-1.2557677414630902e-10,-0.052816,8.199922660479505,52.04,413760.0,21532070.4,0.0300000000000011,52.14,52.08
2009-01-21,KMB,17750,KIMBERLY CLARK CORP,,,0.013835,-0.1635817024286725,0.0022744503411675,9.240438740706732e-11,0.043491,6.858565351894819,52.76,413760.0,21829977.6,0.0599999999999987,52.75,52.63
2009-01-22,KMB,17750,KIMBERLY CLARK CORP,,,0.010425,0.3319472831066319,0.0020634027386981,5.173668051442965e-11,-0.015162,9.135247486465584,53.31,413760.0,22057545.6,0.0549999999999997,53.31,53.2
2009-01-23,KMB,17750,KIMBERLY CLARK CORP,,,-0.024761,0.08992539287793,0.0001923446816695,-1.1560663793042629e-10,0.005378,9.956738205723124,51.99,413760.0,21511382.4,0.004999999999999,51.97,51.96
2009-01-26,KMB,17750,KIMBERLY CLARK CORP,,,-0.006347,0.2550671165376119,0.0007742934572202,-2.3761921346954637e-11,0.005553,12.4963747099768,51.66,413760.0,21374841.6,0.0199999999999995,51.63,51.59
2009-01-27,KMB,17750,KIMBERLY CLARK CORP,,,0.008324,-0.4150662411759017,0.0032635822614705,5.283704058847007e-11,0.010926,7.309551430781129,52.09,413760.0,21552758.4,0.0850000000000008,52.25,52.08
2009-01-28,KMB,17750,KIMBERLY CLARK CORP,,,0.001536,0.2580346515011242,0.0007667241709794,7.738174980449018e-12,0.033558,9.19566898685228,52.17,413760.0,21585859.2,0.0199999999999995,52.18,52.14
2009-01-29,KMB,17750,KIMBERLY CLARK CORP,,,0.003259,-0.22871110176619,0.0017195261750096,2.121786730107504e-11,-0.03312,7.092517401392112,52.34,413760.0,21656198.4,0.0450000000000017,52.31,52.22
2009-01-30,KMB,17750,KIMBERLY CLARK CORP,,,-0.016622,0.1974374701833299,0.0013600155430347,-9.190250571722934e-11,-0.022789,8.496131528046421,51.47,413600.0,21287992.0,0.0350000000000001,51.43,51.36
2009-02-02,KMB,17750,KIMBERLY CLARK CORP,,,-0.00952,-0.2087649402390438,0.0003923107100824,-6.716296144411429e-11,-0.000533,6.722437137330754,50.98,413600.0,21085328.0,0.0100000000000015,50.95,50.93
2009-02-03,KMB,17750,KIMBERLY CLARK CORP,,,0.010592,0.2760753848367141,0.0001940993788819,5.7945338813923694e-11,0.015834,8.578336557059961,51.52,413600.0,21308672.0,0.004999999999999,51.47,51.46
2009-02-04,KMB,17750,KIMBERLY CLARK CORP,,,-0.018634,-0.301803833145434,0.0025712025316454,-1.487777390561414e-10,-0.007489,5.98936170212766,50.56,413600.0,20911616.0,0.0649999999999977,50.55,50.42
2009-02-05,KMB,17750,KIMBERLY CLARK CORP,,,0.014438,0.4463910867108025,0.0011698186781047,7.856471334300145e-11,0.016366,8.662959381044487,51.29,413600.0,21213544.0,0.0299999999999975,51.3,51.24
2009-02-06,KMB,17750,KIMBERLY CLARK CORP,,,0.003704,0.2850125593078425,0.0003885003885004,1.5627095250048206e-11,0.026896,11.13201160541586,51.48,413600.0,21292128.0,0.0100000000000015,51.43,51.41
2009-02-09,KMB,17750,KIMBERLY CLARK CORP,,,-0.009713,-0.4619043482038139,0.0001961553550411,-7.69024001418811e-11,0.001485,5.990087040618955,50.98,413600.0,21085328.0,0.004999999999999,50.93,50.92
2009-02-10,KMB,17750,KIMBERLY CLARK CORP,,,-0.032562,0.3515640766902119,0.0020275750202756,-1.971685764080005e-10,-0.049121,8.095986460348163,49.32,413600.0,20398752.0,0.0499999999999971,49.44,49.34
2009-02-11,KMB,17750,KIMBERLY CLARK CORP,,,0.018856,-0.2666567119605794,0.0015920398009949,1.5281144367752379e-10,0.007955,5.937137330754352,50.25,413600.0,20783400.0,0.0399999999999991,50.28,50.2
2009-02-12,KMB,17750,KIMBERLY CLARK CORP,,,0.003781,0.1460742791985665,0.0001982553528946,2.6635521774303057e-11,0.001739,6.804400386847195,50.44,413600.0,20861984.0,0.0050000000000025,50.38,50.37
2009-02-13,KMB,17750,KIMBERLY CLARK CORP,,,-0.013481,-0.150055075862559,0.0014067524115755,-1.1326104431706975e-10,-0.009998,5.783365570599613,49.76,413600.0,20580736.0,0.0350000000000001,49.77,49.7
2009-02-17,KMB,17750,KIMBERLY CLARK CORP,,,-0.019293,0.3292642140468227,0.0020491803278688,-1.2433902398280843e-10,-0.045559,7.687620889748549,48.8,413600.0,20183680.0,0.0500000000000007,48.95,48.85
2009-02-18,KMB,17750,KIMBERLY CLARK CORP,,,-0.007582,-0.2280475531513398,0.0002064835845549,-6.378319568532171e-11,-0.00095,5.934477756286267,48.43,413600.0,20030648.0,0.004999999999999,48.41,48.4
2009-02-19,KMB,17750,KIMBERLY CLARK CORP,,,0.00702,0.1743328580158891,0.0004100881689562,4.993788069097637e-11,-0.012024,6.9690522243713735,48.77,413600.0,20171272.0,0.009999999999998,48.72,48.7
2009-02-20,KMB,17750,KIMBERLY CLARK CORP,,,-0.015993,0.0234526783236193,0.0006251302354657,-1.1296845034805979e-10,-0.011413,7.132495164410058,47.99,413600.0,19848664.0,0.0150000000000005,48.02,47.99
2009-02-23,KMB,17750,KIMBERLY CLARK CORP,,,-0.020421,-0.0486779661016949,0.0002127206977238,-1.5478796209448146e-10,-0.034699,6.785299806576402,47.01,413600.0,19443336.0,0.004999999999999,47.05,47.04
2009-02-24,KMB,17750,KIMBERLY CLARK CORP,,,0.024676,0.345282212086659,0.0002075980900975,1.3568603250642748e-10,0.040103,9.128143133462284,48.17,413600.0,19923112.0,0.004999999999999,48.1,48.09
2009-02-25,KMB,17750,KIMBERLY CLARK CORP,,,-0.013079,-0.1747364517667001,0.0037862852334875,-8.829980166537247e-11,-0.010658,7.533123791102515,47.54,413600.0,19662544.0,0.0899999999999998,47.65,47.47
2009-02-26,KMB,17750,KIMBERLY CLARK CORP,,,-0.018511,-0.0493629040023109,0.0015002143163309,-1.3394137551475822e-10,-0.01578,7.161266924564797,46.66,413600.0,19298576.0,0.0350000000000001,46.72,46.65
2009-02-27,KMB,17750,KIMBERLY CLARK CORP,,,0.009644,0.1802221546979978,0.0012736149437487,5.856119669647569e-11,-0.023564,8.447576308991303,47.11,413811.0,19494636.21,0.0300000000000011,47.17,47.11
2009-03-02,KMB,17750,KIMBERLY CLARK CORP,,,-0.026321,-0.0658809394398832,0.000872029649008,-1.757264989858923e-10,-0.04662,7.891042045764854,45.87,413811.0,18981510.57,0.0199999999999995,45.91,45.87
2009-03-03,KMB,17750,KIMBERLY CLARK CORP,,,0.005014,0.4429472652661235,0.0004338394793925,2.3083228805070467e-11,-0.006407,11.386357540036393,46.1,413811.0,19076687.1,0.009999999999998,46.11,46.09
2009-03-04,KMB,17750,KIMBERLY CLARK CORP,,,0.013015,-0.3406553758648499,0.0002169197396962,9.087489658311088e-11,0.023753,7.507533632503727,46.1,413811.0,19076687.1,0.004999999999999,46.1,46.09
2009-03-05,KMB,17750,KIMBERLY CLARK CORP,,,-0.041866,0.1925837705604016,0.0018111840615802,-2.5582669339446383e-10,-0.042532,8.953362767060325,44.17,413811.0,18278031.87,0.0399999999999991,44.26,44.18
2009-03-06,KMB,17750,KIMBERLY CLARK CORP,,,-0.00566,-0.0108502024291498,0.0002276867030966,-3.5164449343113175e-11,0.001216,8.856216968616108,43.92,413811.0,18174579.12,0.0050000000000025,43.99,43.98
2009-03-09,KMB,17750,KIMBERLY CLARK CORP,,,-0.011612,-0.2467801790002183,0.0016125316747293,-9.690478505680815e-11,-0.010024,6.670678159836254,43.41,413811.0,17963535.509999998,0.0350000000000001,43.43,43.36
2009-03-10,KMB,17750,KIMBERLY CLARK CORP,,,0.020963,0.2500724532676424,0.0006768953068592,1.3707128329217771e-10,0.063663,8.338831012225388,44.32,413811.0,18340103.52,0.0150000000000005,44.28,44.25
2009-03-11,KMB,17750,KIMBERLY CLARK CORP,,,-0.001354,-0.0011881647202016,0.0015815634884771,-8.875981146629398e-12,0.002446,8.328923107408938,44.26,413811.0,18315274.86,0.0350000000000001,44.28,44.21
2009-03-12,KMB,17750,KIMBERLY CLARK CORP,,,0.017171,-0.0908141356699355,0.0006663705019991,1.2171568259963772e-10,0.040729,7.572539154348241,45.02,413811.0,18629771.220000003,0.0150000000000005,45.0,44.97
2009-03-13,KMB,17750,KIMBERLY CLARK CORP,,,0.022212,-0.1382116415624202,0.0021729682746632,1.7872975862550924e-10,0.007739,6.5259260870300695,46.02,413811.0,19043582.220000003,0.0500000000000007,46.01,45.91
2009-03-16,KMB,17750,KIMBERLY CLARK CORP,,,0.016515,0.068172560636919,0.0008550662676357,1.2238628761357098e-10,-0.003516,6.970815178910179,46.78,413811.0,19358078.58,0.0199999999999995,46.78,46.74
2009-03-17,KMB,17750,KIMBERLY CLARK CORP,,,0.001924,-0.0681550301601608,0.0002133560913163,1.5271470226665448e-11,0.03214,6.495719060150648,46.87,413811.0,19395321.57,0.004999999999999,46.85,46.84
2009-03-18,KMB,17750,KIMBERLY CLARK CORP,,,0.003627,0.0615699404761904,0.0023384353741496,2.7021058993073307e-11,0.020858,6.89566009603418,47.04,413811.0,19465669.44,0.0549999999999997,47.15,47.04
2009-03-19,KMB,17750,KIMBERLY CLARK CORP,,,-0.01148,-0.0833012090415279,0.0036559139784945,-9.43809620116628e-11,-0.012979,6.321243272895114,46.5,413811.0,19242211.5,0.0849999999999973,46.62,46.45
2009-03-20,KMB,17750,KIMBERLY CLARK CORP,,,-0.011183,0.3148941050539031,-0.0006524575902566,-7.071215033037681e-11,-0.019769,8.311765516141428,45.98,413811.0,19027029.78,-0.0150000000000005,46.0,46.03
2009-03-23,KMB,17750,KIMBERLY CLARK CORP,,,0.018486,0.5048989678732374,0.0004270766602604,7.626339465597567e-11,0.070758,12.5083673464456,46.83,413811.0,19378769.13,0.009999999999998,46.8,46.78
2009-03-24,KMB,17750,KIMBERLY CLARK CORP,,,-0.014521,-0.3060991866463167,0.0002166847237269,-8.760416719769013e-11,-0.020415,8.679566275425255,46.15,413811.0,19097377.65,0.004999999999999,46.11,46.1
2009-03-25,KMB,17750,KIMBERLY CLARK CORP,,,0.010834,0.0727789069242976,0.0006430868167202,6.027356822945391e-11,0.009626,9.311255621527703,46.65,413811.0,19304283.15,0.0150000000000005,46.68,46.65
2009-03-26,KMB,17750,KIMBERLY CLARK CORP,,,0.011147,-0.2691598972256105,0.00063599745601,8.391884046100179e-11,0.02332,6.805039015395917,47.17,413811.0,19519464.87,0.014999999999997,47.16,47.13
2009-03-27,KMB,17750,KIMBERLY CLARK CORP,,,0.007844,-0.1058238636363636,0.0012620950778292,6.552736159976315e-11,-0.020316,6.084903494590526,47.54,413811.0,19672574.94,0.0300000000000011,47.56,47.5
2009-03-30,KMB,17750,KIMBERLY CLARK CORP,,,-0.02419,-0.0854646544876887,0.0010778184953653,-2.2644110997818787e-10,-0.034819,5.564859319834417,46.39,413811.0,19196692.29,0.0249999999999985,46.44,46.39
2009-03-31,KMB,17750,KIMBERLY CLARK CORP,,,-0.006036,0.7744919228764982,0.0015181088700932,-3.203493604022811e-11,0.01313,9.870361379430284,46.11,413997.0,19089401.67,0.0350000000000001,46.05,45.98
2009-04-01,KMB,17750,KIMBERLY CLARK CORP,,,0.026242,-0.1908817267454665,0.0002113271344041,1.6772968759735283e-10,0.016557,7.986289755722868,47.32,413997.0,19590338.04,0.0050000000000025,47.27,47.26
2009-04-02,KMB,17750,KIMBERLY CLARK CORP,,,0.040997,0.1759973384145419,0.0004060089321965,2.140469650900192e-10,0.028727,9.391855496537415,49.26,413997.0,20393492.22,0.0100000000000015,49.24,49.22
2009-04-03,KMB,17750,KIMBERLY CLARK CORP,,,-0.005278,-0.3465356720333316,0.0008163265306123,-4.239384670744872e-11,0.009732,6.137242540404882,49.0,413997.0,20285853.0,0.0200000000000031,48.95,48.91
2009-04-06,KMB,17750,KIMBERLY CLARK CORP,,,-0.000204,-0.0051558564231738,0.0032659726474791,-1.6473929364781514e-12,-0.008332,6.10559979903236,48.99,413997.0,20281713.03,0.0800000000000018,49.09,48.93
2009-04-07,KMB,17750,KIMBERLY CLARK CORP,,,-0.020616,0.1274676583455314,0.0016673614005835,-1.5076986312866682e-10,-0.023855,6.883866308209963,47.98,413997.0,19863576.06,0.0399999999999991,48.01,47.93
2009-04-08,KMB,17750,KIMBERLY CLARK CORP,,,-0.005419,0.0552300080704586,0.0018860016764458,-3.7760867388098296e-11,0.011783,7.264062299968357,47.72,413997.0,19755936.84,0.0449999999999981,47.72,47.63
2009-04-09,KMB,17750,KIMBERLY CLARK CORP,,,0.010059,-0.1025172081268912,0.000207468879668,7.732232162211605e-11,0.038053,6.519370913315797,48.2,413997.0,19954655.4,0.004999999999999,48.25,48.24
2009-04-13,KMB,17750,KIMBERLY CLARK CORP,,,0.002075,-0.0212671359762874,0.0004140786749483,1.6263121792050245e-11,0.002533,6.380722565622456,48.3,413997.0,19996055.1,0.0100000000000015,48.27,48.25
2009-04-14,KMB,17750,KIMBERLY CLARK CORP,,,-0.000207,-0.0868413082980011,0.0006212466349139,-1.777050734146016e-12,-0.020065,5.826612270137224,48.29,413997.0,19991915.13,0.014999999999997,48.37,48.34
2009-04-15,KMB,17750,KIMBERLY CLARK CORP,,,0.017395,-0.1675648785341182,0.0004070832485243,1.7632502759164846e-10,0.012549,4.850276692826276,49.13,413997.0,20339672.61,0.0100000000000015,49.17,49.15
2009-04-16,KMB,17750,KIMBERLY CLARK CORP,,,0.01323,-0.0678784860557768,0.0004017677782242,1.4199358085980624e-10,0.015539,4.521047253965609,49.78,413997.0,20608770.66,0.0100000000000015,49.78,49.76
2009-04-17,KMB,17750,KIMBERLY CLARK CORP,,,0.009241,0.7416786878239034,0.0005971337579618,5.642415470131845e-11,0.004969,7.874211648876683,50.24,413997.0,20799209.28,0.0150000000000005,50.28,50.25
2009-04-20,KMB,17750,KIMBERLY CLARK CORP,,,-0.006369,-0.0485290959845393,0.0020032051282051,-4.113361531269453e-11,-0.04279,7.492083275965768,49.92,413997.0,20666730.24,0.0500000000000007,50.04,49.94
2009-04-21,KMB,17750,KIMBERLY CLARK CORP,,,0.000601,-0.2661121320566141,0.0004004004004003,5.285784840325103e-12,0.021252,5.498349021852816,49.95,413997.0,20679150.15,0.009999999999998,49.9,49.88
2009-04-22,KMB,17750,KIMBERLY CLARK CORP,,,-0.003403,0.3299213636163951,0.000200883889112,-2.2581438068524864e-11,-0.007682,7.312371828781368,49.78,413997.0,20608770.66,0.004999999999999,49.85,49.84
2009-04-23,KMB,17750,KIMBERLY CLARK CORP,,,-0.008236,0.1415783040993625,0.0004051043143608,-4.82716388361464e-11,0.009922,8.347645031244188,49.37,413997.0,20439031.89,0.009999999999998,49.33,49.31
2009-04-24,KMB,17750,KIMBERLY CLARK CORP,,,-0.001215,-0.154084319569432,0.0002027986209694,-8.428553207833124e-12,0.016797,7.061403826597777,49.31,413997.0,20414192.07,0.0050000000000025,49.31,49.3
2009-04-27,KMB,17750,KIMBERLY CLARK CORP,,,0.005881,0.0822672230963945,0.0002016129032257,3.747544119191402e-11,-0.010067,7.642325910574232,49.6,413997.0,20534251.2,0.004999999999999,49.55,49.54
2009-04-28,KMB,17750,KIMBERLY CLARK CORP,,,0.004839,-0.3355036505578558,0.0010032102728731,4.618088385115475e-11,-0.00274,5.078297668823687,49.84,413997.0,20633610.48,0.0249999999999985,49.86,49.81
2009-04-29,KMB,17750,KIMBERLY CLARK CORP,,,-0.004615,0.1103500761035007,0.0004031445273131,-3.984989705169825e-11,0.02161,5.638688203054612,49.61,413997.0,20538391.17,0.0100000000000015,49.59,49.57
2009-04-30,KMB,17750,KIMBERLY CLARK CORP,,,-0.009474,0.3274074708704593,0.0004070004070004,-6.221837957727201e-11,-0.00095,7.484836846643816,49.14,413997.0,20343812.58,0.0100000000000015,49.14,49.12
2009-05-01,KMB,17750,KIMBERLY CLARK CORP,,,0.012414,-0.3345273824507051,0.0006030150753769,1.2100656524463156e-10,0.005396,4.980953968265471,49.75,413997.0,20596350.75,0.0150000000000005,49.75,49.72
2009-05-04,KMB,17750,KIMBERLY CLARK CORP,,,0.011658,0.1633286455555016,0.0003973773097555,9.655726952209211e-11,0.033868,5.794486433476571,50.33,413997.0,20836469.01,0.009999999999998,50.26,50.24
2009-05-05,KMB,17750,KIMBERLY CLARK CORP,,,-0.008146,-0.2624119388052858,0.0002003205128204,-9.222396843200506e-11,-0.003792,4.273944014087059,49.92,413997.0,20666730.24,0.004999999999999,49.93,49.92
2009-05-06,KMB,17750,KIMBERLY CLARK CORP,,,0.021234,0.6888775856222449,0.0001961553550411,1.3938235146888478e-10,0.017404,7.218168247595997,50.98,413997.0,21105567.06,0.004999999999999,50.96,50.95
2009-05-07,KMB,17750,KIMBERLY CLARK CORP,,,0.014319,0.2289261453000033,0.0003867723844518,7.540292142692259e-11,-0.013202,8.870595680645028,51.71,413997.0,21407784.87,0.0100000000000015,51.64,51.62
2009-05-08,KMB,17750,KIMBERLY CLARK CORP,,,0.004641,-0.2107068946737827,0.0005774783445621,3.0820361520649144e-11,0.024069,7.001500010869644,51.95,413997.0,21507144.15,0.0150000000000005,51.9,51.87
2009-05-11,KMB,17750,KIMBERLY CLARK CORP,,,-0.005775,-0.1552128613813564,0.0001936108422072,-4.566106970010086e-11,-0.021512,5.914777160220968,51.65,413997.0,21382945.05,0.0050000000000025,51.63,51.62
2009-05-12,KMB,17750,KIMBERLY CLARK CORP,,,0.00484,-0.0795524155674439,0.0005780346820808,4.1375510023687476e-11,-0.000979,5.444242349582243,51.9,413997.0,21486444.3,0.014999999999997,51.87,51.84
2009-05-13,KMB,17750,KIMBERLY CLARK CORP,,,-0.007129,0.0021296419539464,0.0001940617116242,-6.125053978702838e-11,-0.026895,5.455836636497366,51.53,413997.0,21333265.41,0.004999999999999,51.54,51.53
2009-05-14,KMB,17750,KIMBERLY CLARK CORP,,,-0.019212,0.133395315889671,0.000791452314998,-1.4849005738029285e-10,0.010352,6.183619688065373,50.54,413997.0,20923408.38,0.0199999999999995,50.58,50.54
2009-05-15,KMB,17750,KIMBERLY CLARK CORP,,,-0.000989,0.1484375,0.0007922360863537,-6.6625976990122645e-12,-0.01141,7.101500735512576,50.49,413997.0,20902708.53,0.0199999999999995,50.54,50.5
2009-05-18,KMB,17750,KIMBERLY CLARK CORP,,,0.030699,-0.1329931972789115,0.0011529592621061,2.3142864121481832e-10,0.030389,6.157049447218217,52.04,413997.0,21544403.88,0.0300000000000011,52.03,51.97
2009-05-19,KMB,17750,KIMBERLY CLARK CORP,,,-0.016334,0.3129462534327187,-0.0007814026176987,-9.534340064460288e-11,-0.001737,8.083875003925149,51.19,413997.0,21192506.43,-0.0199999999999995,51.12,51.16
2009-05-20,KMB,17750,KIMBERLY CLARK CORP,,,0.003907,-0.4111512833537515,0.0013621327106439,3.8578405791172647e-11,-0.005131,4.760179421590012,51.39,413997.0,21275305.83,0.0349999999999965,51.41,51.34
2009-05-21,KMB,17750,KIMBERLY CLARK CORP,,,-0.011675,0.1090475465570608,0.0005906674542232,-1.0517390385640408e-10,-0.016758,5.279265308685812,50.79,413997.0,21026907.63,0.0150000000000005,50.83,50.8
2009-05-22,KMB,17750,KIMBERLY CLARK CORP,,,0.007088,-0.228358345534407,0.0005865102639296,8.216592055999875e-11,-0.001497,4.073701017157129,51.15,413997.0,21175946.55,0.0150000000000005,51.21,51.18
2009-05-26,KMB,17750,KIMBERLY CLARK CORP,,,0.027761,0.5818559146160689,0.0001902225603957,1.9794469222370488e-10,0.026302,6.4440080483675,52.57,413997.0,21763822.29,0.0050000000000025,52.52,52.51
2009-05-27,KMB,17750,KIMBERLY CLARK CORP,,,-0.027392,-0.1418772021890696,0.0001955798943868,-2.3401583309504155e-10,-0.018971,5.529750215581272,51.13,413997.0,21167666.61,0.004999999999999,51.14,51.13
2009-05-28,KMB,17750,KIMBERLY CLARK CORP,,,0.00841,-0.0427204822434805,0.0003878975950348,7.442890199049966e-11,0.015419,5.29351661968565,51.56,413997.0,21345685.32,0.009999999999998,51.54,51.52
2009-05-29,KMB,17750,KIMBERLY CLARK CORP,,,0.0064,0.07916951859457,0.0007708614376565,5.2151302336174626e-11,0.013575,5.709719318406783,51.89,414206.0,21493149.34,0.0199999999999995,51.89,51.85
2009-06-01,KMB,17750,KIMBERLY CLARK CORP,,,0.030642,0.2293446088794926,0.0011219147344802,1.9707018466637807e-10,0.025818,7.01921266229847,53.48,414206.0,22151736.88,0.0300000000000011,53.49,53.43
2009-06-02,KMB,17750,KIMBERLY CLARK CORP,,,0.007666,0.04461030473963,0.0003711263685284,4.683834482136509e-11,0.001983,7.332341878195874,53.89,414206.0,22321561.34,0.009999999999998,53.87,53.85
2009-06-03,KMB,17750,KIMBERLY CLARK CORP,,,-0.005567,-0.2734516479536399,0.0005661445555765,-4.761060365712723e-11,-0.013739,5.327300908243724,52.99,414206.0,21948775.94,0.0150000000000005,52.99,52.96
2009-06-04,KMB,17750,KIMBERLY CLARK CORP,,,-0.006416,-0.1391733889241366,0.0017094017094016,-6.415443460279821e-11,0.011484,4.585882387024814,52.65,414206.0,21807945.9,0.0449999999999981,52.65,52.56
2009-06-05,KMB,17750,KIMBERLY CLARK CORP,,,-0.004558,0.0528560147407213,-0.0003816065636329,-4.348624223808024e-11,-0.002515,4.828273854072611,52.41,414206.0,21708536.46,-0.0100000000000015,52.37,52.39
2009-06-08,KMB,17750,KIMBERLY CLARK CORP,,,0.00706,0.5512275613780688,0.0017051913603637,4.3117296501048486e-11,-0.001011,7.489751476318546,52.78,414206.0,21861792.68,0.0449999999999981,52.86,52.77
2009-06-09,KMB,17750,KIMBERLY CLARK CORP,,,-0.003789,-0.2593559617058312,0.000190186382655,-3.136250180092276e-11,0.003503,5.547239779240281,52.58,414206.0,21778951.48,0.0050000000000025,52.56,52.55
2009-06-10,KMB,17750,KIMBERLY CLARK CORP,,,-0.001712,-0.0976193584889236,0.0007620499142693,-1.5730556733254394e-11,-0.00348,5.005721790606606,52.49,414206.0,21741672.94,0.0199999999999995,52.49,52.45
2009-06-11,KMB,17750,KIMBERLY CLARK CORP,,,-0.001334,-0.0758174978296517,0.000190766882869,-1.3280608587173814e-11,0.006112,4.626200489611449,52.42,414206.0,21712678.52,0.004999999999999,52.44,52.43
2009-06-12,KMB,17750,KIMBERLY CLARK CORP,,,0.005914,-0.2274814737501305,0.0001896453631709,7.576590405948308e-11,0.001397,3.5738255843710616,52.73,414206.0,21841082.38,0.0050000000000025,52.7,52.69
2009-06-15,KMB,17750,KIMBERLY CLARK CORP,,,-0.024844,0.9268391542254948,0.0001944768572539,-1.693925267895399e-10,-0.023769,6.886187066338971,51.42,414206.0,21298472.52,0.004999999999999,51.46,51.45
2009-06-16,KMB,17750,KIMBERLY CLARK CORP,,,-0.010891,0.0466640956421133,0.0001966181675186,-7.17280251371987e-11,-0.01272,7.207524758212097,50.86,414206.0,21066517.16,0.004999999999999,50.86,50.85
2009-06-17,KMB,17750,KIMBERLY CLARK CORP,,,0.002163,0.0517183626984658,0.0001961938395134,1.3515742240511151e-11,-0.001382,7.5802861378154835,50.97,414206.0,21112079.82,0.004999999999999,50.93,50.92
2009-06-18,KMB,17750,KIMBERLY CLARK CORP,,,0.007063,-0.2346327791579081,0.0001948178453147,5.7259308453965185e-11,0.008411,5.801702534487671,51.33,414206.0,21261193.98,0.0050000000000025,51.34,51.33
2009-06-19,KMB,17750,KIMBERLY CLARK CORP,,,-0.012858,0.3779701219258458,0.0001973554371423,-7.663212571044292e-11,0.003114,7.994572748825464,50.67,414206.0,20987818.02,0.0050000000000025,50.63,50.62
2009-06-22,KMB,17750,KIMBERLY CLARK CORP,,,0.007697,-0.1759678685752249,0.0001958480219349,5.524397056596655e-11,-0.0306,6.587784822045069,51.06,414206.0,21149358.36,0.004999999999999,51.1,51.09
2009-06-23,KMB,17750,KIMBERLY CLARK CORP,,,0.001175,-0.1047018726866273,0.0003912363067293,9.408568571569499e-12,0.002307,5.89803141432041,51.12,414206.0,21174210.72,0.0100000000000015,51.14,51.12
2009-06-24,KMB,17750,KIMBERLY CLARK CORP,,,0.012715,0.2677855096193204,0.0001931620629707,7.929922609693063e-11,0.006524,7.477438762354963,51.77,414206.0,21443444.62,0.004999999999999,51.75,51.74
2009-06-25,KMB,17750,KIMBERLY CLARK CORP,,,0.01893,-0.0061991476172026,0.0003791469194312,1.1658952541965758e-10,0.021444,7.431085015668532,52.75,414206.0,21849366.5,0.009999999999998,52.72,52.7
2009-06-26,KMB,17750,KIMBERLY CLARK CORP,,,-0.007583,0.7294022092267707,0.0003820439350524,-2.721195505911352e-11,-0.001478,12.851334843049113,52.35,414206.0,21683684.1,0.009999999999998,52.33,52.31
2009-06-29,KMB,17750,KIMBERLY CLARK CORP,,,0.016619,-0.5927748868140745,0.0003757985719654,1.4405583031539011e-10,0.009065,5.233386286050902,53.22,414206.0,22044043.32,0.0100000000000015,53.21,53.19
2009-06-30,KMB,17750,KIMBERLY CLARK CORP,,,-0.014844,0.0388430133321031,0.0005721914934196,-1.2572509922470623e-10,-0.008531,5.436666779332024,52.43,414206.0,21716820.58,0.014999999999997,52.48,52.45
2009-07-01,KMB,17750,KIMBERLY CLARK CORP,,,0.025939,0.1242950397442159,0.0001859081613682,1.904681174552461e-10,0.004362,6.112417492745156,53.79,414206.0,22280140.74,0.004999999999999,53.75,53.74
2009-07-02,KMB,17750,KIMBERLY CLARK CORP,,,-0.015988,0.0487005292677147,0.0,-1.1376570510903151e-10,-0.029145,6.410095459747082,52.93,414206.0,21923923.58,0.0,53.25,53.25
2009-07-06,KMB,17750,KIMBERLY CLARK CORP,,,0.006235,0.0064404353884977,0.0,4.3809302231853135e-11,0.002566,6.4513792653896855,53.26,414206.0,22060611.56,0.0,53.17,53.17
2009-07-07,KMB,17750,KIMBERLY CLARK CORP,,,-0.007698,0.0527280892148791,0.001135288552507,-5.177829486568567e-11,-0.019684,6.791548166854174,52.85,414206.0,21890787.1,0.0299999999999975,52.91,52.85
2009-07-08,KMB,17750,KIMBERLY CLARK CORP,,,-0.005866,-0.0290071451423695,0.0001903311762466,-4.087434302994551e-11,-0.001669,6.594544743436841,52.54,414206.0,21762383.24,0.004999999999999,52.55,52.54
2009-07-09,KMB,17750,KIMBERLY CLARK CORP,,,-0.007613,-0.0773933736042467,0.0003835826620637,-5.793847082041895e-11,0.003547,6.084170678358111,52.14,414206.0,21596700.84,0.0100000000000015,52.07,52.05
2009-07-10,KMB,17750,KIMBERLY CLARK CORP,,,-0.003644,-0.2435617634220864,0.0003849855630413,-3.679608119715707e-11,-0.004022,4.602299338976258,51.95,414206.0,21518001.700000003,0.009999999999998,51.91,51.89
2009-07-13,KMB,17750,KIMBERLY CLARK CORP,,,0.022907,0.2350102292398888,0.0005645464809936,1.8309853233261744e-10,0.024934,5.683886761659657,53.14,414206.0,22010906.84,0.0150000000000005,53.1,53.07
2009-07-14,KMB,17750,KIMBERLY CLARK CORP,,,-0.001129,0.2435118718939812,0.000565184626978,-7.265262147132202e-12,0.005316,7.06798066662482,53.08,414206.0,21986054.48,0.014999999999997,53.12,53.09
2009-07-15,KMB,17750,KIMBERLY CLARK CORP,,,0.016579,-0.1697636289110534,0.0,1.2640751593364488e-10,0.02963,5.868094619585424,53.96,414206.0,22350555.76,0.0,53.89,53.89
2009-07-16,KMB,17750,KIMBERLY CLARK CORP,,,0.007784,-0.1312844565127952,0.0001838911364473,6.779107772224417e-11,0.008642,5.097705006687494,54.38,414206.0,22524522.28,0.0050000000000025,54.38,54.37
2009-07-17,KMB,17750,KIMBERLY CLARK CORP,,,0.001655,-0.2961875443997158,-0.0003671745915181,2.0445257686654052e-11,-0.000383,3.587828278682588,54.47,414206.0,22561800.82,-0.009999999999998,54.45,54.47
2009-07-20,KMB,17750,KIMBERLY CLARK CORP,,,0.006609,0.0680977054034048,0.0001823819077147,7.593788370735298e-11,0.011432,3.83215115184232,54.83,414206.0,22710914.98,0.004999999999999,54.8,54.79
2009-07-21,KMB,17750,KIMBERLY CLARK CORP,,,-0.009849,0.3945693945693946,0.000368391969055,-8.195456503486244e-11,0.003627,5.344200711723152,54.29,414206.0,22487243.74,0.009999999999998,54.26,54.24
2009-07-22,KMB,17750,KIMBERLY CLARK CORP,,,0.003131,0.050415612576798,0.0001836210062432,2.4725501915843397e-11,-0.000534,5.613631864338035,54.46,414206.0,22557658.76,0.0050000000000025,54.45,54.44
2009-07-23,KMB,17750,KIMBERLY CLARK CORP,,,0.061329,1.2249698950627903,0.0001730103806228,2.0509430043912236e-10,0.02329,12.490161900117332,57.8,414206.0,23941106.8,0.004999999999999,57.86,57.85
2009-07-24,KMB,17750,KIMBERLY CLARK CORP,,,0.003806,-0.5224896105151251,0.0001723543605652,2.655362274577464e-11,0.003042,5.964182073654172,58.02,414206.0,24032232.12,0.004999999999999,57.98,57.97
2009-07-27,KMB,17750,KIMBERLY CLARK CORP,,,0.009135,-0.1005909974093264,0.0003415883859949,7.021940470010337e-11,0.002982,5.364239050134474,58.55,414206.0,24251761.3,0.0100000000000015,58.57,58.55
2009-07-28,KMB,17750,KIMBERLY CLARK CORP,,,0.004782,0.1738152032044646,0.0003399626041134,3.116638880547111e-11,-0.002606,6.296625350670922,58.83,414206.0,24367738.98,0.009999999999998,58.79,58.77
2009-07-29,KMB,17750,KIMBERLY CLARK CORP,,,-0.00425,-0.2023695410452053,0.000512120177535,-3.4874949999579035e-11,-0.004563,5.022380168322043,58.58,414206.0,24264187.48,0.0150000000000005,58.57,58.54
2009-07-30,KMB,17750,KIMBERLY CLARK CORP,,,-0.003585,0.1624284958900159,0.0003426417680314,-2.5398452121268092e-11,0.011896,5.838157824850437,58.37,414206.0,24177204.22,0.009999999999998,58.33,58.31
2009-07-31,KMB,17750,KIMBERLY CLARK CORP,,,0.001371,-0.0980481349764287,0.0005132591958939,1.075418149206934e-11,0.00074,5.265737338425807,58.45,414206.0,24210340.700000003,0.0150000000000005,58.5,58.47
2009-08-03,KMB,17750,KIMBERLY CLARK CORP,,,-0.00308,0.0314978680482325,0.0001716148961729,-2.3494260832643008e-11,0.015342,5.431596838288195,58.27,414206.0,24135783.62,0.004999999999999,58.25,58.24
2009-08-04,KMB,17750,KIMBERLY CLARK CORP,,,0.015102,0.1267223753222508,0.0001690617075232,1.0072073482252006e-10,0.003012,6.119901691428902,59.15,414206.0,24500284.9,0.004999999999999,59.16,59.15
2009-08-05,KMB,17750,KIMBERLY CLARK CORP,,,-0.010313,-0.1645429799992109,0.0001708233686367,-8.318544719764013e-11,-0.002914,5.112914829818979,58.54,414206.0,24247619.24,0.004999999999999,58.55,58.54
2009-08-06,KMB,17750,KIMBERLY CLARK CORP,,,-0.01247,-0.1597884597223533,0.0005189413596262,-1.2122435941966836e-10,-0.005625,4.295930044470626,57.81,414206.0,23945248.86,0.014999999999997,57.87,57.84
2009-08-07,KMB,17750,KIMBERLY CLARK CORP,,,-0.004325,0.6751152073732718,0.0001737317581653,-2.5208503172587756e-11,0.013439,7.196177747304481,57.56,414206.0,23841697.36,0.004999999999999,57.54,57.53
2009-08-10,KMB,17750,KIMBERLY CLARK CORP,,,0.003996,-0.3639078068909988,0.0001730403183942,3.646988988940753e-11,-0.003345,4.5774324852851,57.79,414206.0,23936964.74,0.0050000000000025,57.81,57.8
2009-08-11,KMB,17750,KIMBERLY CLARK CORP,,,0.00571,0.032120253164557,0.0001720578114246,5.020441020157836e-11,-0.01266,4.724460775556124,58.12,414206.0,24073652.72,0.004999999999999,58.1,58.09
2009-08-12,KMB,17750,KIMBERLY CLARK CORP,,,0.00499,-0.0957126066738208,0.0005136106831021,4.827677269213419e-11,0.011525,4.272270319599427,58.41,414206.0,24193772.46,0.014999999999997,58.48,58.45
2009-08-13,KMB,17750,KIMBERLY CLARK CORP,,,0.00856,0.4503277576853526,0.0003395009336275,5.6616559358113724e-11,0.00688,6.196192232850321,58.91,414206.0,24400875.46,0.009999999999998,58.9,58.88
2009-08-14,KMB,17750,KIMBERLY CLARK CORP,,,0.000509,0.0224430157802455,0.0001696640651509,3.2909953569551282e-12,-0.008531,6.335253472909615,58.94,414206.0,24413301.64,0.004999999999999,58.93,58.92
2009-08-17,KMB,17750,KIMBERLY CLARK CORP,,,-0.009501,-0.1385236843108113,0.000513874614594,-7.199154668757506e-11,-0.024261,5.457670820799312,58.38,414206.0,24181346.28,0.0150000000000005,58.42,58.39
2009-08-18,KMB,17750,KIMBERLY CLARK CORP,,,0.001028,-0.1812350703353091,0.0001711156741957,9.503858289115431e-12,0.010146,4.468549465724784,58.44,414206.0,24206198.64,0.004999999999999,58.39,58.38
2009-08-19,KMB,17750,KIMBERLY CLARK CORP,,,0.008727,0.0931438759522393,0.000169635284139,7.316794962101191e-11,0.006861,4.8847674828467,58.95,414206.0,24417443.700000003,0.004999999999999,58.94,58.93
2009-08-20,KMB,17750,KIMBERLY CLARK CORP,,,-0.002205,-0.05224138783176,0.000170010200612,-1.954904528314252e-11,0.010949,4.629580450307335,58.82,414206.0,24363596.92,0.004999999999999,58.79,58.78
2009-08-21,KMB,17750,KIMBERLY CLARK CORP,,,0.012071,0.2485398414685022,0.0001679825298168,8.469288770444359e-11,0.018623,5.780215641492397,59.53,414206.0,24657683.18,0.004999999999999,59.51,59.5
2009-08-24,KMB,17750,KIMBERLY CLARK CORP,,,-0.004368,-0.1242586250104419,0.0005061582588156,-3.514887322151469e-11,-0.000546,5.061973993616703,59.27,414206.0,24549989.62,0.0150000000000005,59.31,59.28
2009-08-25,KMB,17750,KIMBERLY CLARK CORP,,,0.004893,-0.1214289120999666,0.0001678979180657,4.4597172417134655e-11,0.002369,4.447303998493504,59.56,414206.0,24670109.36,0.004999999999999,59.55,59.54
2009-08-26,KMB,17750,KIMBERLY CLARK CORP,,,0.010074,0.275500787145106,0.0001662234042552,7.126892128311564e-11,0.000117,5.672539750752041,60.16,414206.0,24918632.96,0.004999999999999,60.14,60.13
2009-08-27,KMB,17750,KIMBERLY CLARK CORP,,,-0.005984,-0.3255447735784814,0.0001672240802675,-6.314563616590332e-11,0.002782,3.8258740819785326,59.8,414206.0,24769518.8,0.004999999999999,59.8,59.79
2009-08-28,KMB,17750,KIMBERLY CLARK CORP,,,-0.000669,0.0700448034328264,0.000334672021419,-6.601863016138387e-12,-0.001988,4.093856680009464,59.76,414206.0,24752950.56,0.0100000000000015,59.74,59.72
2009-08-31,KMB,17750,KIMBERLY CLARK CORP,,,0.011714,0.3585539895028602,0.0001653986106516,8.410293550261183e-11,-0.008076,5.557874318746034,60.46,414493.0,25060246.78,0.004999999999999,60.48,60.47
2009-09-01,KMB,17750,KIMBERLY CLARK CORP,,,-0.022494,0.1637800060771801,0.0001692047377326,-1.4196536257211396e-10,-0.022124,6.468143008446464,59.1,414493.0,24496536.3,0.004999999999999,59.08,59.07
2009-09-02,KMB,17750,KIMBERLY CLARK CORP,,,-0.003384,-0.015479298769116,0.0003430531732417,-2.1990754655245854e-11,-0.003296,6.368020690337352,58.3,414493.0,24164941.9,0.009999999999998,58.3,58.28
2009-09-03,KMB,17750,KIMBERLY CLARK CORP,,,-0.00446,-0.3731009660920629,0.0001722949689868,-4.6439569812147154e-11,0.008535,3.99210601867824,58.04,414493.0,24057173.72,0.004999999999999,58.05,58.04
2009-09-04,KMB,17750,KIMBERLY CLARK CORP,,,0.002757,0.181422614371185,0.0005154639175257,2.4231998578248788e-11,0.013118,4.71636432943379,58.2,414493.0,24123492.6,0.0150000000000005,58.19,58.16
2009-09-08,KMB,17750,KIMBERLY CLARK CORP,,,-0.006529,0.8139035244769552,0.0,-3.1844163860732e-11,0.008845,8.555029879877344,57.82,414493.0,23965985.26,0.0,57.84,57.84
2009-09-09,KMB,17750,KIMBERLY CLARK CORP,,,0.001902,-0.3637901861252115,0.000172622130157,1.4553514696754338e-11,0.007782,5.44279396757002,57.93,414493.0,24011579.49,0.004999999999999,57.91,57.9
2009-09-10,KMB,17750,KIMBERLY CLARK CORP,,,0.008976,0.0007978723404256,0.0001710863986312,6.801627753187295e-11,0.010422,5.447136622331378,58.45,414493.0,24227115.85,0.004999999999999,58.44,58.43
2009-09-11,KMB,17750,KIMBERLY CLARK CORP,,,0.000855,-0.116307910355213,0.0001709401709401,7.325272962803034e-12,-0.00135,4.813591544368663,58.5,414493.0,24247840.5,0.004999999999999,58.48,58.47
2009-09-14,KMB,17750,KIMBERLY CLARK CORP,,,-0.007863,0.3985565356856455,0.0003445899379738,-4.8550578452696337e-11,0.006339,6.732079914497953,58.04,414493.0,24057173.72,0.0100000000000015,58.03,58.01
2009-09-15,KMB,17750,KIMBERLY CLARK CORP,,,-0.00603,0.1265768348623852,0.000346680533888,-3.3249834892237776e-11,0.003135,7.584205282115741,57.69,414493.0,23912101.17,0.0100000000000015,57.71,57.69
2009-09-16,KMB,17750,KIMBERLY CLARK CORP,,,-0.003293,0.2870276116554269,0.0001739130434782,-1.4154963102743839e-11,0.015324,9.761081610545896,57.5,414493.0,23833347.5,0.004999999999999,57.48,57.47
2009-09-17,KMB,17750,KIMBERLY CLARK CORP,,,-0.005913,-0.2221508193479818,0.0008747375787263,-3.2870409602549e-11,-0.00306,7.592649333040606,57.16,414493.0,23692419.88,0.0249999999999985,57.25,57.2
2009-09-18,KMB,17750,KIMBERLY CLARK CORP,,,0.012596,-0.0126783387880906,0.0005183137525915,7.003819116507252e-11,0.002637,7.496387152497147,57.88,414493.0,23990854.84,0.0150000000000005,57.85,57.82
2009-09-21,KMB,17750,KIMBERLY CLARK CORP,,,-0.006565,-0.3744207003089598,0.0003478260869565,-5.873747970134697e-11,-0.003407,4.689584625072076,57.5,414493.0,23833347.5,0.0100000000000015,57.49,57.47
2009-09-22,KMB,17750,KIMBERLY CLARK CORP,,,0.002261,-0.0431628768391809,0.0001735207357278,2.1094165464854345e-11,0.006575,4.487168661473174,57.63,414493.0,23887231.59,0.004999999999999,57.62,57.61
2009-09-23,KMB,17750,KIMBERLY CLARK CORP,,,0.008502,0.8518737566535834,0.0003441156228493,4.2471199161869685e-11,-0.010068,8.309669885860558,58.12,414493.0,24090333.16,0.0100000000000015,58.18,58.16
2009-09-24,KMB,17750,KIMBERLY CLARK CORP,,,-0.004129,-0.3116162935865052,0.0003455425017277,-3.0087410156763496e-11,-0.009511,5.720241355101292,57.88,414493.0,23990854.84,0.0100000000000015,57.92,57.9
2009-09-25,KMB,17750,KIMBERLY CLARK CORP,,,-0.00311,-0.1322226908477435,0.0001733102253032,-2.619658812603844e-11,-0.006091,4.963895650831256,57.7,414493.0,23916246.1,0.004999999999999,57.72,57.71
2009-09-28,KMB,17750,KIMBERLY CLARK CORP,,,0.013345,-0.136962332928311,0.0003420557550881,1.2853336857719262e-10,0.01781,4.284028922080711,58.47,414493.0,24235405.71,0.0100000000000015,58.43,58.41
2009-09-29,KMB,17750,KIMBERLY CLARK CORP,,,-0.014537,0.4018696851945711,0.0005206525511973,-1.0135012703381232e-10,-0.00223,6.005650276361724,57.62,414493.0,23883086.66,0.014999999999997,57.66,57.63
2009-09-30,KMB,17750,KIMBERLY CLARK CORP,,,0.023603,0.939701924235729,0.0001695489996608,8.288008779116224e-11,-0.003328,11.649171397345674,58.98,414493.0,24446797.14,0.004999999999999,59.0,58.99
2009-10-01,KMB,17750,KIMBERLY CLARK CORP,,,-0.013055,-0.3049808429118774,0.0001717917883524,-6.682981605358043e-11,-0.02576,8.096397285358258,58.21,414493.0,24127637.53,0.004999999999999,58.12,58.11
2009-10-02,KMB,17750,KIMBERLY CLARK CORP,,,0.011338,-0.0832861527459102,0.0005095974180396,6.260364414829748e-11,-0.004506,7.422079504358336,58.87,414493.0,24401202.91,0.014999999999997,58.91,58.88
2009-10-05,KMB,17750,KIMBERLY CLARK CORP,,,-0.009003,0.1264464959043036,0.0003428179636613,-4.4531513343952305e-11,0.014875,8.3605754500076,58.34,414493.0,24181521.62,0.0100000000000015,58.32,58.3
2009-10-06,KMB,17750,KIMBERLY CLARK CORP,,,0.008228,-0.0788942113464534,0.000170010200612,4.382343141089718e-11,0.013705,7.7009744434767295,58.82,414493.0,24380478.26,0.004999999999999,58.8,58.79
2009-10-07,KMB,17750,KIMBERLY CLARK CORP,,,-0.00238,-0.2952067669172932,0.0003408316291751,-1.8028609979929458e-11,0.002712,5.427594675905263,58.68,414493.0,24322449.24,0.009999999999998,58.66,58.64
2009-10-08,KMB,17750,KIMBERLY CLARK CORP,,,0.006476,0.4687291638885185,0.0003386386725363,3.318540105541054e-11,0.00747,7.971666590268111,59.06,414493.0,24479956.58,0.009999999999998,59.04,59.02
2009-10-09,KMB,17750,KIMBERLY CLARK CORP,,,0.003386,-0.5905211548937715,0.0003374957813027,4.223062511053424e-11,0.005641,3.264228828954892,59.26,414493.0,24562855.18,0.0100000000000015,59.24,59.22
2009-10-12,KMB,17750,KIMBERLY CLARK CORP,,,0.004556,0.2217294900221729,0.0001679825298168,4.629935909532922e-11,0.004386,3.988004622514735,59.53,414493.0,24674768.29,0.004999999999999,59.53,59.52
2009-10-13,KMB,17750,KIMBERLY CLARK CORP,,,-0.008735,0.0950393224440411,0.0003389256058294,-8.177766882826532e-11,-0.002788,4.367021879742239,59.01,414493.0,24459231.93,0.009999999999998,59.05,59.03
2009-10-14,KMB,17750,KIMBERLY CLARK CORP,,,-0.002203,0.291862328048174,0.0003396739130434,-1.6000291447887072e-11,0.017546,5.641591052201123,58.88,414493.0,24405347.84,0.009999999999998,58.87,58.85
2009-10-15,KMB,17750,KIMBERLY CLARK CORP,,,0.008492,-0.1176873075607253,0.0003368137420006,6.931519719536933e-11,0.004157,4.977647390908894,59.38,414493.0,24612594.34,0.009999999999998,59.41,59.39
2009-10-16,KMB,17750,KIMBERLY CLARK CORP,,,-0.005221,0.2661884451337728,0.0005078720162518,-3.383350937645069e-11,-0.008098,6.302639610319113,59.07,414493.0,24484101.51,0.014999999999997,59.12,59.09
2009-10-19,KMB,17750,KIMBERLY CLARK CORP,,,0.009819,-0.3332567753789619,0.0001676445934618,9.450581371007069e-11,0.009405,4.202242257408448,59.65,414493.0,24724507.45,0.004999999999999,59.64,59.63
2009-10-20,KMB,17750,KIMBERLY CLARK CORP,,,-0.001509,0.728728901136755,0.0001678979180657,-8.414132986659903e-12,-0.006239,7.264537639960144,59.56,414493.0,24687203.08,0.004999999999999,59.6,59.59
2009-10-21,KMB,17750,KIMBERLY CLARK CORP,,,0.002183,0.1301849822324068,0.000167532249958,1.0746757417018872e-11,-0.008854,8.210271343545006,59.69,414493.0,24741087.17,0.004999999999999,59.68,59.67
2009-10-22,KMB,17750,KIMBERLY CLARK CORP,,,0.056961,0.9168405277541064,0.0001585037248375,1.3840646723189163e-10,0.010644,15.737780855165228,63.09,414493.0,26150363.37,0.004999999999999,63.16,63.15
2009-10-23,KMB,17750,KIMBERLY CLARK CORP,,,-0.024093,-0.1378311258278145,0.0001624167614097,-6.95774796437789e-11,-0.012179,13.568624801866376,61.57,414493.0,25520334.01,0.004999999999999,61.58,61.57
2009-10-26,KMB,17750,KIMBERLY CLARK CORP,,,-0.001624,-0.4787788268345158,0.0001626809825931,-9.012550853900902e-12,-0.011717,7.072254537471079,61.47,414493.0,25478884.71,0.004999999999999,61.44,61.43
2009-10-27,KMB,17750,KIMBERLY CLARK CORP,,,0.000976,0.0441768438288872,0.0001625223468226,5.182195122315123e-12,-0.003318,7.384684421691078,61.53,414493.0,25503754.29,0.004999999999999,61.55,61.54
2009-10-28,KMB,17750,KIMBERLY CLARK CORP,,,-0.008126,0.0244045868862099,0.0001638538423725,-4.246320714120988e-11,-0.019541,7.564904594287479,61.03,414493.0,25296507.79,0.004999999999999,61.05,61.04
2009-10-29,KMB,17750,KIMBERLY CLARK CORP,,,0.01147,-0.2599821405791555,0.0003239915762189,8.007635276745689e-11,0.02252,5.598164504587532,61.73,414493.0,25586652.89,0.009999999999998,61.73,61.71
2009-10-30,KMB,17750,KIMBERLY CLARK CORP,,,-0.009234,0.3936390277538355,0.0001635055591889,-4.668842641942423e-11,-0.028065,7.797926211719315,61.16,414700.0,25363052.0,0.004999999999999,61.19,61.18
2009-11-02,KMB,17750,KIMBERLY CLARK CORP,,,0.025834,0.1511534417712907,0.0001593879502709,1.1061162379250976e-10,0.006456,8.976609597299252,62.74,414700.0,26018278.0,0.004999999999999,62.71,62.7
2009-11-03,KMB,17750,KIMBERLY CLARK CORP,,,-0.011795,-0.2830548541342073,0.0004838709677419,-7.12810279455472e-11,0.002426,6.435736677115988,62.0,414700.0,25711400.0,0.0150000000000005,61.96,61.93
2009-11-04,KMB,17750,KIMBERLY CLARK CORP,,,0.010484,0.2356026827531943,0.0003192338387869,5.0745179456014476e-11,0.001043,7.952013503737642,62.65,414700.0,25980955.0,0.0100000000000015,62.67,62.65
2009-11-05,KMB,17750,KIMBERLY CLARK CORP,,,0.014365,-0.1024047063104588,0.0001573564122737,7.636570480787633e-11,0.019236,7.137689896310586,63.55,414700.0,26354185.0,0.004999999999999,63.54,63.53
2009-11-06,KMB,17750,KIMBERLY CLARK CORP,,,0.002518,-0.2717567567567568,0.0003139224611521,1.8334959110711084e-11,0.002503,5.19797443935375,63.71,414700.0,26420537.0,0.0100000000000015,63.71,63.69
2009-11-09,KMB,17750,KIMBERLY CLARK CORP,,,0.006121,0.4398311375023196,0.0001560062402494,3.0766961902499043e-11,0.022239,7.484205449722691,64.1,414700.0,26582270.0,0.0049999999999954,64.13,64.12
2009-11-10,KMB,17750,KIMBERLY CLARK CORP,,,0.002496,-0.3660791957985629,0.0003112356053531,1.9741907775393087e-11,-6.4e-05,4.744393537496986,64.26,414700.0,26648622.000000004,0.009999999999998,64.25,64.23
2009-11-11,KMB,17750,KIMBERLY CLARK CORP,,,-0.00389,0.3023634053367217,0.0001562255897515,-2.371673213135065e-11,0.005032,6.1789245237521095,64.01,414700.0,26544947.000000004,0.004999999999999,64.0,63.99
2009-11-12,KMB,17750,KIMBERLY CLARK CORP,,,-0.006718,-0.2891429909459881,0.0001572821642025,-5.8008321664173954e-11,-0.010259,4.3923318061249095,63.58,414700.0,26366626.0,0.004999999999999,63.53,63.52
2009-11-13,KMB,17750,KIMBERLY CLARK CORP,,,0.007235,0.4048311830908591,0.000312304809494,4.4150324293437977e-11,0.005739,6.170484687726067,64.04,414700.0,26557388.000000004,0.009999999999998,64.02,64.0
2009-11-16,KMB,17750,KIMBERLY CLARK CORP,,,0.012336,0.1176286685685255,0.0001542495758135,6.653459097301969e-11,0.014468,6.896310585965758,64.83,414700.0,26885001.0,0.0049999999999954,64.77,64.76
2009-11-17,KMB,17750,KIMBERLY CLARK CORP,,,0.006941,-0.0801076960732892,0.0003063725490195,4.0416068548447196e-11,0.000919,6.343863033518206,65.28,414700.0,27071616.0,0.009999999999998,65.3,65.28
2009-11-18,KMB,17750,KIMBERLY CLARK CORP,,,-0.002298,0.2661547818154173,0.0003070781513894,-1.0592398557387224e-11,-0.000468,8.032312515071135,65.13,414700.0,27009411.0,0.009999999999998,65.16,65.14
2009-11-19,KMB,17750,KIMBERLY CLARK CORP,,,-0.005834,-0.503632542779946,0.0001544401544402,-5.4494003931526605e-11,-0.013426,3.986978538702677,64.75,414700.0,26851825.0,0.0050000000000025,64.76,64.75
2009-11-20,KMB,17750,KIMBERLY CLARK CORP,,,0.0,0.059997580742712,0.00015444015444,0.0,-0.003215,4.22618760549795,64.75,414700.0,26851825.0,0.0049999999999954,64.77,64.76
2009-11-23,KMB,17750,KIMBERLY CLARK CORP,,,0.014363,0.6054433413214653,0.0003045066991475,7.772025659903038e-11,0.013616,6.784904750421992,65.68,414700.0,27237496.000000004,0.0100000000000051,65.68,65.66
2009-11-24,KMB,17750,KIMBERLY CLARK CORP,,,0.001218,-0.3342218431247112,0.0001520681265205,9.887309993177266e-12,-0.000533,4.517241379310345,65.76,414700.0,27270672.000000004,0.0049999999999954,65.8,65.79
2009-11-25,KMB,17750,KIMBERLY CLARK CORP,,,0.003802,0.0049111194149362,0.0001514921981518,3.059619322035193e-11,0.004504,4.539426091150229,66.01,414700.0,27374347.000000004,0.0050000000000025,66.01,66.0
2009-11-27,KMB,17750,KIMBERLY CLARK CORP,,,-0.006817,-0.3799203187250995,0.0003050640634532,-8.907828838179209e-11,-0.017233,2.814805883771401,65.56,414700.0,27187732.0,0.009999999999998,65.56,65.54
2009-11-30,KMB,17750,KIMBERLY CLARK CORP,,,0.006254,1.0019703589479998,0.0004547521600727,4.056684794806572e-11,0.003793,5.625946424831299,65.97,415379.0,27402552.63,0.0150000000000005,65.97,65.94
2009-12-01,KMB,17750,KIMBERLY CLARK CORP,,,0.012885,-0.0985065685309598,0.0001496557916792,9.153248567834493e-11,0.012075,5.071753747782146,66.82,415379.0,27755624.78,0.0050000000000025,66.83,66.82
2009-12-02,KMB,17750,KIMBERLY CLARK CORP,,,0.00853,0.0287653676365879,0.000149723012427,5.892757329407076e-11,0.000343,5.217644608899343,66.79,415379.0,27743163.410000004,0.0050000000000025,66.78,66.77
2009-12-03,KMB,17750,KIMBERLY CLARK CORP,,,-0.011379,-0.0968947538411848,0.0003028926245645,-8.804514317990319e-11,-0.008402,4.712082218889256,66.03,415379.0,27427475.37,0.009999999999998,66.02,66.0
2009-12-04,KMB,17750,KIMBERLY CLARK CORP,,,-0.002423,0.2582128442241864,0.0001518141794442,-1.4936685621215918e-11,0.005509,5.928802370846865,65.87,415379.0,27361014.73,0.0049999999999954,65.88,65.87
2009-12-07,KMB,17750,KIMBERLY CLARK CORP,,,-0.010323,0.1253096195232874,0.0001533977603925,-5.7140153737734064e-11,-0.002468,6.67173834016645,65.19,415379.0,27078557.01,0.0049999999999954,65.21,65.2
2009-12-08,KMB,17750,KIMBERLY CLARK CORP,,,-0.004295,-0.2034785118897268,0.0001540594669543,-2.997578194112891e-11,-0.010252,5.314182950991745,64.91,415379.0,26962250.89,0.0050000000000025,64.9,64.89
2009-12-09,KMB,17750,KIMBERLY CLARK CORP,,,-0.012171,0.6499954697834556,0.0001559575795382,-5.2115745993120833e-11,0.003672,8.768377794736855,64.12,415379.0,26634101.48,0.0049999999999954,64.07,64.06
2009-12-10,KMB,17750,KIMBERLY CLARK CORP,,,0.007642,-0.3053923452858162,0.0001547748026622,4.675240293861305e-11,0.00584,6.090582335650093,64.61,415379.0,26837637.19,0.0050000000000025,64.62,64.61
2009-12-11,KMB,17750,KIMBERLY CLARK CORP,,,0.001548,0.1094114391873195,0.0001545356204605,8.523217318305448e-12,0.003683,6.756961714482436,64.71,415379.0,26879175.09,0.0050000000000025,64.7,64.69
2009-12-14,KMB,17750,KIMBERLY CLARK CORP,,,0.004945,-0.3549720312110307,0.0001537751806856,4.2002776651097296e-11,0.006959,4.358429289877437,65.03,415379.0,27012096.37,0.0049999999999954,65.05,65.04
2009-12-15,KMB,17750,KIMBERLY CLARK CORP,,,-0.000307,0.1100861688024745,0.0001538224888477,-2.3497787767475715e-12,-0.005547,4.838232072396535,65.01,415379.0,27003788.790000003,0.0049999999999954,64.99,64.98
2009-12-16,KMB,17750,KIMBERLY CLARK CORP,,,-0.000769,-0.0183111907249838,0.0003078817733989,-6.000331586594415e-12,0.001128,4.749638282147148,64.96,415379.0,26983019.84,0.009999999999998,64.96,64.94
2009-12-17,KMB,17750,KIMBERLY CLARK CORP,,,-0.013393,0.2672208424147195,0.0003120611639883,-8.358535997146478e-11,-0.011811,6.01884062506771,64.09,415379.0,26621640.110000003,0.0100000000000051,64.12,64.1
2009-12-18,KMB,17750,KIMBERLY CLARK CORP,,,-0.011858,0.4203831846726131,0.0003158060950575,-5.272772767865495e-11,0.00583,8.549060015070575,63.33,415379.0,26305952.07,0.009999999999998,63.4,63.38
2009-12-21,KMB,17750,KIMBERLY CLARK CORP,,,0.018317,-0.467714229393709,0.0001550628004342,1.5026374540010578e-10,0.010504,4.55054299808127,64.49,415379.0,26787791.71,0.0050000000000025,64.48,64.47
2009-12-22,KMB,17750,KIMBERLY CLARK CORP,,,-0.004032,-0.1197756851126864,0.0003113809746223,-3.772953749482272e-11,0.003564,4.005498592851348,64.23,415379.0,26679793.17,0.009999999999998,64.27,64.25
2009-12-23,KMB,17750,KIMBERLY CLARK CORP,,,0.000156,-0.0444163962014665,0.0006226650062267,1.5273875868192562e-12,0.002299,3.827588780366846,64.24,415379.0,26683946.96,0.0200000000000031,64.2,64.16
2009-12-24,KMB,17750,KIMBERLY CLARK CORP,,,-0.00358,-0.5872696395999748,0.0001562255897514,-8.523127267764899e-11,0.005256,1.579762096783901,64.01,415379.0,26588409.790000003,0.0049999999999954,64.05,64.04
2009-12-28,KMB,17750,KIMBERLY CLARK CORP,,,0.00578,0.4492532764401098,0.0001553277415347,9.440529401369171e-11,0.001154,2.2894753947599664,64.38,415379.0,26742100.02,0.0050000000000025,64.36,64.35
2009-12-29,KMB,17750,KIMBERLY CLARK CORP,,,0.000466,0.2993690851735016,0.0001552553951248,5.8549011999871285e-12,-0.001401,2.9748735492164986,64.41,415379.0,26754561.39,0.0049999999999954,64.41,64.4
2009-12-30,KMB,17750,KIMBERLY CLARK CORP,,,-0.000311,-0.1552156672331471,0.0003106072371487,-4.626824923518659e-12,0.000195,2.513126566340619,64.39,415379.0,26746253.81,0.0100000000000051,64.37,64.35
2009-12-31,KMB,17750,KIMBERLY CLARK CORP,,,-0.010561,0.1616055177699014,0.000156961230576,-1.3670357546706578e-10,-0.01005,2.919261686315389,63.71,415379.0,26463796.09,0.004999999999999,63.72,63.71
2010-01-04,KMB,17750,KIMBERLY CLARK CORP,,,0.00879,0.2925944252020451,0.0001555935895441,8.725709149500662e-11,0.016043,3.773421381437193,64.27,415379.0,26696408.33,0.0050000000000025,64.25,64.24
2010-01-05,KMB,17750,KIMBERLY CLARK CORP,,,0.000778,0.5082939900472119,0.0004664179104477,5.116438028966037e-12,0.003116,5.691428791537367,64.32,415379.0,26717177.28,0.0150000000000005,64.3,64.27
2010-01-06,KMB,17750,KIMBERLY CLARK CORP,,,-0.012282,-0.004949029228882,0.0003148118998897,-8.218244674474405e-11,0.000546,5.663261744093948,63.53,415379.0,26389027.87,0.009999999999998,63.55,63.53
2010-01-07,KMB,17750,KIMBERLY CLARK CORP,,,-0.006611,0.3232868559768747,0.0003169069877991,-3.3651451963438015e-11,0.004001,7.494119827916192,63.11,415379.0,26214568.69,0.0100000000000015,63.1,63.08
2010-01-08,KMB,17750,KIMBERLY CLARK CORP,,,-0.006338,-0.0545793311702913,0.0001594642002871,-3.434196742844823e-11,0.002882,7.085095779998508,62.71,415379.0,26048417.09,0.0050000000000025,62.67,62.66
2010-01-11,KMB,17750,KIMBERLY CLARK CORP,,,-0.001276,-0.0248046211348963,0.0003193357815742,-7.098823297714969e-12,0.001747,6.909352663471191,62.63,415379.0,26015186.77,0.009999999999998,62.62,62.6
2010-01-12,KMB,17750,KIMBERLY CLARK CORP,,,0.006227,-0.1458188153310105,0.000317359568391,4.0305895010619535e-11,-0.009381,5.901839043379661,63.02,415379.0,26177184.58,0.0100000000000015,62.99,62.97
2010-01-13,KMB,17750,KIMBERLY CLARK CORP,,,0.009521,-0.2552722822761575,0.0003143665513988,8.197085873553223e-11,0.008326,4.3952631211496005,63.62,415379.0,26426411.98,0.009999999999998,63.58,63.56
2010-01-14,KMB,17750,KIMBERLY CLARK CORP,,,-0.009431,0.060415183217396,0.0001586797841954,-7.729902090638942e-11,0.002427,4.660803747902518,63.02,415379.0,26177184.58,0.004999999999999,63.05,63.04
2010-01-15,KMB,17750,KIMBERLY CLARK CORP,,,-0.012694,0.8275826446280992,0.0001607200257152,-5.76615229899045e-11,-0.010823,8.51800403968424,62.22,415379.0,25844881.38,0.0050000000000025,62.24,62.23
2010-01-19,KMB,17750,KIMBERLY CLARK CORP,,,0.009322,-0.092985133683794,0.0003184713375796,4.6254359480823835e-11,0.0125,7.725956295335104,62.8,415379.0,26085801.2,0.0100000000000015,62.75,62.73
2010-01-20,KMB,17750,KIMBERLY CLARK CORP,,,-0.011306,-0.1683285554032157,0.0003221130616845,-6.822424644823282e-11,-0.010598,6.425457233032965,62.09,415379.0,25790882.110000003,0.009999999999998,62.11,62.09
2010-01-21,KMB,17750,KIMBERLY CLARK CORP,,,-0.015784,0.2684151367553391,0.0008181966944853,-7.629477536336523e-11,-0.018945,8.15014721495309,61.11,415379.0,25383810.69,0.0249999999999985,61.07,61.02
2010-01-22,KMB,17750,KIMBERLY CLARK CORP,,,-0.0144,0.2373131683109823,0.0001660302174995,-5.707685093568618e-11,-0.022141,10.084284472734538,60.23,415379.0,25018277.17,0.004999999999999,60.26,60.25
2010-01-25,KMB,17750,KIMBERLY CLARK CORP,,,0.003653,-0.2960513750954927,0.0006617038875103,2.0493813384502228e-11,0.004598,7.098818187727352,60.45,415379.0,25109660.55,0.0199999999999995,60.44,60.4
2010-01-26,KMB,17750,KIMBERLY CLARK CORP,,,-0.005624,0.3551395530233663,0.0001663616702711,-2.341445065204478e-11,-0.004203,9.619889305910988,60.11,415379.0,24968431.69,0.004999999999999,60.14,60.13
2010-01-27,KMB,17750,KIMBERLY CLARK CORP,,,-0.010148,-0.0501013538877349,0.0001680672268907,-4.49336411857469e-11,0.00488,9.137919827434704,59.5,415379.0,24715050.5,0.004999999999999,59.5,59.49
2010-01-28,KMB,17750,KIMBERLY CLARK CORP,,,-0.006555,0.1136022341070157,0.0001691761123329,-2.6235525239357745e-11,-0.011818,10.176007934922085,59.11,415379.0,24553052.69,0.004999999999999,59.16,59.15
2010-01-29,KMB,17750,KIMBERLY CLARK CORP,,,0.004737,-0.1342118337315763,0.0001683785149015,2.179497827872988e-11,-0.009829,8.778124250419765,59.39,416900.0,24759691.0,0.0050000000000025,59.38,59.37
2010-02-01,KMB,17750,KIMBERLY CLARK CORP,,,0.002021,-0.1037818340802273,0.0003360779700891,1.0354496883193968e-11,0.014266,7.867114415927081,59.51,416900.0,24809719.0,0.0100000000000015,59.49,59.47
2010-02-02,KMB,17750,KIMBERLY CLARK CORP,,,0.019661,-0.0310994572839807,0.0001647989452867,1.0196085541200815e-10,0.012973,7.622451427200768,60.68,416900.0,25297492.0,0.004999999999999,60.69,60.68
2010-02-03,KMB,17750,KIMBERLY CLARK CORP,,,-0.004779,0.0497828686512682,0.0003311806590494,-2.3721708177422296e-11,-0.005474,8.001918925401775,60.39,416900.0,25176591.0,0.009999999999998,60.36,60.34
2010-02-04,KMB,17750,KIMBERLY CLARK CORP,,,-0.019208,-0.2460731414868106,0.0001688333614721,-1.2893925518502382e-10,-0.031141,6.032861597505397,59.23,416900.0,24692987.0,0.004999999999999,59.26,59.25
2010-02-05,KMB,17750,KIMBERLY CLARK CORP,,,-0.004559,0.2238479583316766,0.00016960651289,-2.5120564382766735e-11,0.002897,7.383305349004558,58.96,416900.0,24580424.0,0.004999999999999,58.98,58.97
2010-02-08,KMB,17750,KIMBERLY CLARK CORP,,,-0.00017,-0.1139664078489978,0.000169635284139,-1.0573826973067559e-12,-0.008863,6.5418565603262175,58.95,416900.0,24576255.0,0.004999999999999,58.97,58.96
2010-02-09,KMB,17750,KIMBERLY CLARK CORP,,,0.011366,-0.1647783522164778,0.0001677289500167,8.369143710832962e-11,0.01304,5.463900215879108,59.62,416900.0,24855578.0,0.004999999999999,59.65,59.64
2010-02-10,KMB,17750,KIMBERLY CLARK CORP,,,-0.011573,0.1049211993502787,0.0005090785677921,-7.802675599693063e-11,-0.002233,6.037179179659391,58.93,416900.0,24567917.0,0.014999999999997,58.91,58.88
2010-02-11,KMB,17750,KIMBERLY CLARK CORP,,,0.004412,-0.104930668679725,0.0001689474573407,3.3087543580764564e-11,0.00968,5.403693931398417,59.19,416900.0,24676311.0,0.004999999999999,59.19,59.18
2010-02-12,KMB,17750,KIMBERLY CLARK CORP,,,-0.005575,0.1641512784090908,0.0003397893306149,-3.6115410626453314e-11,-0.002745,6.290717198368913,58.86,416900.0,24538734.0,0.009999999999998,58.83,58.81
2010-02-16,KMB,17750,KIMBERLY CLARK CORP,,,0.006796,0.0608175093418745,0.0005062436719541,4.12210439907512e-11,0.018001,6.673302950347805,59.26,416900.0,24705494.0,0.0150000000000005,59.25,59.22
2010-02-17,KMB,17750,KIMBERLY CLARK CORP,,,0.001519,-0.0717443657668667,0.0003369839932603,9.91052634583594e-12,0.004238,6.194531062604941,59.35,416900.0,24743015.0,0.0100000000000015,59.34,59.32
2010-02-18,KMB,17750,KIMBERLY CLARK CORP,,,0.017692,-0.132894482090997,0.0001655629139073,1.3080601406009387e-10,0.006585,5.371312065243464,60.4,416900.0,25180760.0,0.0050000000000025,60.42,60.41
2010-02-19,KMB,17750,KIMBERLY CLARK CORP,,,-0.002483,-0.0494350913231813,0.0003319502074688,-1.936090306175957e-11,0.002187,5.105780762772847,60.25,416900.0,25118225.0,0.009999999999998,60.22,60.2
2010-02-22,KMB,17750,KIMBERLY CLARK CORP,,,-0.005809,0.1301794606783801,0.0003338898163605,-4.0311883095122645e-11,-0.001046,5.770448548812665,59.9,416900.0,24972310.0,0.009999999999998,59.91,59.89
2010-02-23,KMB,17750,KIMBERLY CLARK CORP,,,0.008013,0.292929292929293,0.0001656177542232,4.266637939142632e-11,-0.012103,7.460781962101223,60.38,416900.0,25172422.0,0.004999999999999,60.37,60.36
2010-02-24,KMB,17750,KIMBERLY CLARK CORP,,,-0.001325,-0.0466499485596707,0.0001658374792702,-7.410199980884479e-12,0.00972,7.112736867354282,60.3,416900.0,25139070.0,0.004999999999999,60.3,60.29
2010-02-25,KMB,17750,KIMBERLY CLARK CORP,,,0.001658,-0.1318922200114659,0.0001655629139072,1.0663635741522729e-11,-0.002081,6.174622211561526,60.4,416900.0,25180760.0,0.004999999999999,60.4,60.39
2010-02-26,KMB,17750,KIMBERLY CLARK CORP,,,0.005629,0.0343019190428093,0.0001646361540994,3.480702014744598e-11,0.001405,6.395535975940774,60.74,416306.0,25286426.44,0.004999999999999,60.76,60.75
2010-03-01,KMB,17750,KIMBERLY CLARK CORP,,,0.000165,0.1657464788732394,0.0004938271604938,8.75072292904198e-13,0.010159,7.455573544460084,60.75,416306.0,25290589.5,0.0150000000000005,60.74,60.71
2010-03-02,KMB,17750,KIMBERLY CLARK CORP,,,-0.006749,1.069302145756814,0.0004971826317534,-1.7414719571227464e-11,0.00233,15.427834333398993,60.34,416306.0,25119904.040000003,0.0150000000000005,60.39,60.36
2010-03-03,KMB,17750,KIMBERLY CLARK CORP,,,0.005635,-0.5958397558659131,0.0001666111296234,3.616818381339821e-11,0.000429,6.235317290646784,60.02,416306.0,24986686.12,0.004999999999999,59.98,59.97
2010-03-04,KMB,17750,KIMBERLY CLARK CORP,,,0.000333,0.2002080283534941,0.0001665556295802,1.7802286840068428e-12,0.003736,7.483677871565627,60.04,416306.0,24995012.24,0.004999999999999,60.0,59.99
2010-03-05,KMB,17750,KIMBERLY CLARK CORP,,,0.001166,-0.0427218744984753,0.0003327233405423,6.5040808589117365e-12,0.014008,7.163961124749584,60.11,416306.0,25024153.66,0.0100000000000015,60.1,60.08
2010-03-08,KMB,17750,KIMBERLY CLARK CORP,,,0.000166,-0.0973041845493561,0.0003326679973387,1.0256089361529027e-12,-0.000176,6.466877729362536,60.12,416306.0,25028316.72,0.0100000000000015,60.09,60.07
2010-03-09,KMB,17750,KIMBERLY CLARK CORP,,,-0.00183,-0.2031424114107421,0.0003332777870354,-1.421475668379607e-11,0.001713,5.153180593121406,60.01,416306.0,24982523.06,0.009999999999998,60.05,60.03
2010-03-10,KMB,17750,KIMBERLY CLARK CORP,,,-0.008832,0.7545331655246352,0.000168123739072,-3.944922591614038e-11,0.004525,9.041426258569418,59.48,416306.0,24761880.88,0.0050000000000025,59.45,59.44
2010-03-11,KMB,17750,KIMBERLY CLARK CORP,,,0.003867,-0.1993358129649309,0.0003349522693015,2.1489538198715566e-11,0.004042,7.239146204955009,59.71,416306.0,24857631.26,0.009999999999998,59.73,59.71
2010-03-12,KMB,17750,KIMBERLY CLARK CORP,,,0.006197,0.224408534359757,0.0001664447403461,2.7952792843507662e-11,-0.000217,8.86367239482496,60.08,416306.0,25011664.48,0.004999999999999,60.1,60.09
2010-03-15,KMB,17750,KIMBERLY CLARK CORP,,,0.004494,-0.3211111111111111,0.0001657000828501,2.972560665554613e-11,0.000452,6.017448703597834,60.35,416306.0,25124067.1,0.0050000000000025,60.34,60.33
2010-03-16,KMB,17750,KIMBERLY CLARK CORP,,,0.002983,0.7341822681729273,0.0001652073352056,1.1343909972114098e-11,0.007779,10.435352841419531,60.53,416306.0,25199002.18,0.004999999999999,60.51,60.5
2010-03-17,KMB,17750,KIMBERLY CLARK CORP,,,0.006608,-0.3331261653200745,0.0003282455276547,3.743478731735465e-11,0.005822,6.959063765595499,60.93,416306.0,25365524.58,0.0100000000000015,60.95,60.93
2010-03-18,KMB,17750,KIMBERLY CLARK CORP,,,0.005908,0.0170515342929136,0.0003263175069342,3.2714811317962516e-11,-0.000326,7.077726480041124,61.29,416306.0,25515394.74,0.0100000000000015,61.27,61.25
2010-03-19,KMB,17750,KIMBERLY CLARK CORP,,,0.002284,0.2606821652808417,0.0001627869119322,1.0009295936395009e-11,-0.005087,8.922763544123793,61.43,416306.0,25573677.58,0.004999999999999,61.46,61.45
2010-03-22,KMB,17750,KIMBERLY CLARK CORP,,,0.025558,0.2850643407096322,0.0001587301587302,8.498639147010362e-11,0.005095,11.466325251137384,63.0,416306.0,26227278.0,0.0050000000000025,63.02,63.01
2010-03-23,KMB,17750,KIMBERLY CLARK CORP,,,0.008095,-0.3243531999581019,0.0001574555188159,3.9520104948995086e-11,0.007171,7.747185964170586,63.51,416306.0,26439594.06,0.004999999999999,63.53,63.52
2010-03-24,KMB,17750,KIMBERLY CLARK CORP,,,-0.009762,-0.3946421927322336,0.0001590077913818,-7.950389569088886e-11,-0.005493,4.689819507765923,62.89,416306.0,26181484.34,0.0050000000000025,62.92,62.91
2010-03-25,KMB,17750,KIMBERLY CLARK CORP,,,0.002385,0.6464351567301783,0.0001586294416243,1.1769519933865659e-11,-0.001704,7.721483716304833,63.04,416306.0,26243930.24,0.004999999999999,63.07,63.06
2010-03-26,KMB,17750,KIMBERLY CLARK CORP,,,-0.003648,-0.1917561051485456,0.0001592103168284,-2.2354768322638824e-11,0.000738,6.2408420728983005,62.81,416306.0,26148179.86,0.004999999999999,62.82,62.81
2010-03-29,KMB,17750,KIMBERLY CLARK CORP,,,0.006528,-0.2101535737654439,0.0,5.0318435998179093e-11,0.005683,4.929306807972981,63.22,416306.0,26318865.32,0.0,63.23,63.23
2010-03-30,KMB,17750,KIMBERLY CLARK CORP,,,-0.001265,-0.2182154865747283,0.0001583782071587,-1.2488214925871044e-11,4.3e-05,3.853655724395036,63.14,416306.0,26285560.84,0.0050000000000025,63.13,63.12
2010-03-31,KMB,17750,KIMBERLY CLARK CORP,,,-0.004118,0.2687153275571901,0.0001590330788803,-3.217540625083603e-11,-0.003273,4.891271696997806,62.88,416129.0,26166191.52,0.004999999999999,62.87,62.86
2010-04-01,KMB,17750,KIMBERLY CLARK CORP,,,-0.006043,0.5922668762896728,0.00016,-2.983368817303835e-11,0.007414,7.788209906062783,62.5,416129.0,26008062.5,0.0050000000000025,62.49,62.48
2010-04-05,KMB,17750,KIMBERLY CLARK CORP,,,-0.00384,-0.2802308000863958,0.0001606167683905,-2.644010762721228e-11,0.007928,5.605713612846016,62.26,416129.0,25908191.54,0.004999999999999,62.23,62.22
2010-04-06,KMB,17750,KIMBERLY CLARK CORP,,,-0.000964,0.0160329232220173,0.00016077170418,-6.5391301139016065e-12,0.001684,5.695589588805395,62.2,416129.0,25883223.8,0.004999999999999,62.19,62.18
2010-04-07,KMB,17750,KIMBERLY CLARK CORP,,,-0.010611,0.2003712923505336,0.0001624959376015,-6.060612983796669e-11,-0.005877,6.836822235412576,61.54,416129.0,25608578.66,0.004999999999999,61.55,61.54
2010-04-08,KMB,17750,KIMBERLY CLARK CORP,,,-0.003412,-0.1709314586994728,0.0001630523398011,-2.3586491855737136e-11,0.003374,5.6681942378445145,61.33,416129.0,25521191.57,0.0050000000000025,61.31,61.3
2010-04-09,KMB,17750,KIMBERLY CLARK CORP,,,0.005707,-0.2072327977275617,0.0003242542153048,4.9481758563144755e-11,0.006684,4.493558487872751,61.68,416129.0,25666836.72,0.0100000000000015,61.68,61.66
2010-04-12,KMB,17750,KIMBERLY CLARK CORP,,,-0.004702,0.294454248890315,0.0001628929793125,-3.1643164169708973e-11,0.001767,5.816705877264021,61.39,416129.0,25546159.31,0.004999999999999,61.37,61.36
2010-04-13,KMB,17750,KIMBERLY CLARK CORP,,,-0.005375,0.0065688907250567,0.0001637733377005,-3.6130425633756565e-11,0.000685,5.854915182551564,61.06,416129.0,25408836.74,0.004999999999999,61.07,61.06
2010-04-14,KMB,17750,KIMBERLY CLARK CORP,,,0.002948,0.074987686750944,0.0001632919660352,1.8379776101408083e-11,0.01115,6.293961728214088,61.24,416129.0,25483739.96,0.004999999999999,61.21,61.2
2010-04-15,KMB,17750,KIMBERLY CLARK CORP,,,0.005715,-0.0623878431522278,0.0001623640201331,3.778598261436195e-11,0.000843,5.901295031108142,61.59,416129.0,25629385.110000003,0.004999999999999,61.61,61.6
2010-04-16,KMB,17750,KIMBERLY CLARK CORP,,,0.003734,0.1191920837235818,0.0001617599482367,2.1976846409411768e-11,-0.016127,6.604682682533541,61.82,416129.0,25725094.78,0.004999999999999,61.83,61.82
2010-04-19,KMB,17750,KIMBERLY CLARK CORP,,,0.005338,0.202372289331975,0.0003218020917135,2.5990733607201718e-11,0.004521,7.941287437309104,62.15,416129.0,25862417.35,0.009999999999998,62.15,62.13
2010-04-20,KMB,17750,KIMBERLY CLARK CORP,,,0.006114,-0.0499001391999032,0.0001599232368462,3.114216868103202e-11,0.008058,7.545016088760937,62.53,416129.0,26020546.37,0.004999999999999,62.54,62.53
2010-04-21,KMB,17750,KIMBERLY CLARK CORP,,,0.006717,-0.1090868554320476,0.0004765687053217,3.814662273756793e-11,-0.001019,6.721954009453799,62.95,416129.0,26195320.55,0.0150000000000005,62.95,62.92
2010-04-22,KMB,17750,KIMBERLY CLARK CORP,,,-0.013185,0.2195409695409695,0.0003219575016097,-6.221982321585684e-11,0.002264,8.197698309899094,62.12,416129.0,25849933.48,0.009999999999998,62.15,62.13
2010-04-23,KMB,17750,KIMBERLY CLARK CORP,,,-0.019156,0.256588397385161,0.0001641227638274,-7.334334119993887e-11,0.007124,10.301132581483143,60.93,416129.0,25354739.97,0.0050000000000025,60.92,60.91
2010-04-26,KMB,17750,KIMBERLY CLARK CORP,,,0.000164,-0.1025754677366677,0.0001640958319658,6.995689111337015e-13,-0.004296,9.244489088720083,60.94,416129.0,25358901.26,0.004999999999999,60.97,60.96
2010-04-27,KMB,17750,KIMBERLY CLARK CORP,,,-0.00361,-0.0108658920169487,0.0001646903820817,-1.5624616417831015e-11,-0.023382,9.144039468530192,60.72,416129.0,25267352.88,0.0050000000000025,60.74,60.73
2010-04-28,KMB,17750,KIMBERLY CLARK CORP,,,0.004941,-0.2594149956637145,0.0003277613897082,2.8734368817400157e-11,0.006463,6.771938509452598,61.02,416129.0,25392191.58,0.009999999999998,61.05,61.03
2010-04-29,KMB,17750,KIMBERLY CLARK CORP,,,0.004261,-0.1436479772888573,0.00016318537859,2.881372858330531e-11,0.012943,5.799163240245212,61.28,416129.0,25500385.12,0.004999999999999,61.28,61.27
2010-04-30,KMB,17750,KIMBERLY CLARK CORP,,,-0.000326,0.2331344273164264,0.000326477309827,-1.7882855535249558e-12,-0.016648,7.172330682092071,61.26,414900.0,25416774.0,0.0100000000000015,61.28,61.26
2010-05-03,KMB,17750,KIMBERLY CLARK CORP,,,-0.001796,-0.1655689226426506,0.0003270645952574,-1.1828118341641172e-11,0.013121,5.984815618221258,61.15,414900.0,25371135.0,0.009999999999998,61.19,61.17
2010-05-04,KMB,17750,KIMBERLY CLARK CORP,,,0.000654,0.7139462768313802,0.0001634253963065,2.5113421176368628e-12,-0.023838,10.25765244637262,61.19,414900.0,25387731.0,0.004999999999999,61.22,61.21
2010-05-05,KMB,17750,KIMBERLY CLARK CORP,,,0.005393,-0.2308089945722409,0.0001625487646293,2.677863781910722e-11,-0.006561,7.890093998553868,61.52,414900.0,25524648.0,0.004999999999999,61.5,61.49
2010-05-06,KMB,17750,KIMBERLY CLARK CORP,,,-0.00699,1.0011302541544476,0.0008184645604844,-1.7466507740270408e-11,-0.032378,15.789105808628586,61.09,414900.0,25346241.0,0.0249999999999985,61.05,61.0
2010-05-07,KMB,17750,KIMBERLY CLARK CORP,,,-0.001473,0.3203223984490679,0.0001639344262294,-2.7918491650892627e-12,-0.015308,20.846710050614607,61.0,414900.0,25308900.0,0.004999999999999,60.76,60.75
2010-05-10,KMB,17750,KIMBERLY CLARK CORP,,,0.031639,-0.2445862670967592,0.0003178134435085,7.69483266948063e-11,0.043974,15.747891058086283,62.93,414900.0,26109657.0,0.009999999999998,62.97,62.95
2010-05-11,KMB,17750,KIMBERLY CLARK CORP,,,-0.002225,-0.5068107380085096,0.0003185220576525,-1.0996641917154848e-11,-0.003397,7.7666907688599665,62.79,414900.0,26051571.0,0.0100000000000015,62.78,62.76
2010-05-12,KMB,17750,KIMBERLY CLARK CORP,,,0.000159,0.0917639026812313,0.0001592356687897,7.196632084812717e-13,0.01374,8.47939262472885,62.8,414900.0,26055720.0,0.004999999999999,62.79,62.78
2010-05-13,KMB,17750,KIMBERLY CLARK CORP,,,-0.009873,-0.3353230436883545,0.0001608234158893,-6.790153887596592e-11,-0.012145,5.636056881176187,62.18,414900.0,25798482.0,0.004999999999999,62.16,62.15
2010-05-14,KMB,17750,KIMBERLY CLARK CORP,,,-0.009167,0.1763171399247349,0.0001623113130986,-5.409196957771331e-11,-0.0188,6.629790310918294,61.61,414900.0,25561989.0,0.0050000000000025,61.63,61.62
2010-05-17,KMB,17750,KIMBERLY CLARK CORP,,,0.011037,0.0813247536990584,0.0003210788248515,5.957078721567404e-11,0.001109,7.168956375030128,62.29,414900.0,25844121.0,0.0100000000000015,62.34,62.32
2010-05-18,KMB,17750,KIMBERLY CLARK CORP,,,-0.004656,0.2007463690155997,0.0003225806451612,-2.1026676240668737e-11,-0.014196,8.608098336948663,62.0,414900.0,25723800.0,0.009999999999998,61.98,61.96
2010-05-19,KMB,17750,KIMBERLY CLARK CORP,,,0.0,0.1818843623127537,0.0003225806451612,0.0,-0.00513,10.173776813690043,62.0,414900.0,25723800.0,0.009999999999998,61.97,61.95
2010-05-20,KMB,17750,KIMBERLY CLARK CORP,,,-0.012419,0.399540404160053,0.0003266372693123,-3.433296302721114e-11,-0.038976,14.238611713665945,61.23,414900.0,25404327.0,0.009999999999998,61.23,61.21
2010-05-21,KMB,17750,KIMBERLY CLARK CORP,,,0.006369,-0.2242535039609994,0.0001622849724115,2.2553744201998596e-11,0.015024,11.045553145336225,61.62,414900.0,25566138.0,0.004999999999999,61.61,61.6
2010-05-24,KMB,17750,KIMBERLY CLARK CORP,,,-0.010386,-0.4070219080038404,0.0001639881928501,-6.267456746794084e-11,-0.012908,6.5497710291636535,60.98,414900.0,25300602.0,0.0050000000000025,61.02,61.01
2010-05-25,KMB,17750,KIMBERLY CLARK CORP,,,-0.007051,0.6440478380864765,0.0001651527663088,-2.6064690002542703e-11,0.000354,10.76813690045794,60.55,414900.0,25122195.0,0.004999999999999,60.58,60.57
2010-05-26,KMB,17750,KIMBERLY CLARK CORP,,,-0.004955,-0.3024598786847818,0.0001659751037344,-2.638963672840936e-11,-0.005661,7.51120751988431,60.25,414900.0,24997725.0,0.004999999999999,60.23,60.22
2010-05-27,KMB,17750,KIMBERLY CLARK CORP,,,0.015436,-0.2485881144910794,0.0001634521085321,1.0774423484233847e-10,0.032876,5.644010604965052,61.18,414900.0,25383582.0,0.004999999999999,61.19,61.18
2010-05-28,KMB,17750,KIMBERLY CLARK CORP,,,-0.007846,0.2877396763035402,0.0001647446457989,-4.286474849739826e-11,-0.012375,7.284309083706145,60.7,413972.0,25128100.4,0.004999999999999,60.73,60.72
2010-06-01,KMB,17750,KIMBERLY CLARK CORP,,,0.006919,0.5589786105123529,0.0003272251308899,2.4080222507798938e-11,-0.017165,11.356082053858715,61.12,413972.0,25301968.64,0.009999999999998,61.11,61.09
2010-06-02,KMB,17750,KIMBERLY CLARK CORP,,,0.010471,-0.3401544319414605,0.000163666121113,5.5246549135186517e-11,0.025843,7.49326041374779,61.1,413972.0,25293689.2,0.0050000000000025,61.09,61.08
2010-06-03,KMB,17750,KIMBERLY CLARK CORP,,,0.002946,-0.1924564796905222,0.00016318537859,1.9191382248557712e-11,0.004051,6.051133893113544,61.28,413972.0,25368204.16,0.004999999999999,61.29,61.28
2010-06-04,KMB,17750,KIMBERLY CLARK CORP,,,-0.01795,1.503433133732535,0.00016616816218,-4.75629237475605e-11,-0.034411,15.148609084672394,60.18,413972.0,24912834.96,0.004999999999999,60.23,60.22
2010-06-07,KMB,17750,KIMBERLY CLARK CORP,,,0.011632,-0.3303248233962144,0.0001642575558475,4.5495854119890526e-11,-0.013532,10.144647464079696,60.88,413972.0,25202615.36,0.004999999999999,60.93,60.92
2010-06-08,KMB,17750,KIMBERLY CLARK CORP,,,0.012812,-0.1034860462901229,0.0001621796951021,5.5188479512590784e-11,0.010976,9.094818007014966,61.66,413972.0,25525513.52,0.004999999999999,61.68,61.67
2010-06-09,KMB,17750,KIMBERLY CLARK CORP,,,0.001784,-0.2148738379814077,0.0001618908855432,9.770410683659294e-12,-0.005942,7.140579556105243,61.77,413972.0,25571050.44,0.0050000000000025,61.74,61.73
2010-06-10,KMB,17750,KIMBERLY CLARK CORP,,,0.007285,-0.022530446549391,0.0003214400514304,4.052209411418502e-11,0.029507,6.97969911008474,62.22,413972.0,25757337.84,0.0100000000000015,62.25,62.23
2010-06-11,KMB,17750,KIMBERLY CLARK CORP,,,-0.001125,-0.2057174499896172,0.0001609010458567,-7.887306169450884e-12,0.00438,5.5438532074633065,62.15,413972.0,25728359.8,0.004999999999999,62.19,62.18
2010-06-14,KMB,17750,KIMBERLY CLARK CORP,,,0.004827,0.1052287581699347,0.0001601281024819,3.047263357699761e-11,-0.001805,6.127225995961079,62.45,413972.0,25852551.4,0.004999999999999,62.47,62.46
2010-06-15,KMB,17750,KIMBERLY CLARK CORP,,,0.009287,-0.0454169130691898,0.0001586546089164,6.085265572240139e-11,0.023494,5.848946305547235,63.03,413972.0,26092655.16,0.0050000000000025,63.06,63.05
2010-06-16,KMB,17750,KIMBERLY CLARK CORP,,,-0.003173,0.075868335191839,0.0001591596371161,-1.9386315875975237e-11,-0.000556,6.292696124375562,62.83,413972.0,26009860.76,0.0050000000000025,62.84,62.83
2010-06-17,KMB,17750,KIMBERLY CLARK CORP,,,0.004775,-0.0816122840690979,0.0001584032947886,3.161577213740338e-11,0.001283,5.779134820712512,63.13,413972.0,26134052.36,0.0050000000000025,63.17,63.16
2010-06-18,KMB,17750,KIMBERLY CLARK CORP,,,-0.005544,0.0675890319344592,0.0001592863969416,-3.457514524273879e-11,0.001317,6.169740948663194,62.78,413972.0,25989162.16,0.004999999999999,62.8,62.79
2010-06-21,KMB,17750,KIMBERLY CLARK CORP,,,-0.001434,-0.173603226185349,0.0001595150741744,-1.0837381739055605e-11,-0.003857,5.0986540152474085,62.69,413972.0,25951904.68,0.004999999999999,62.69,62.68
2010-06-22,KMB,17750,KIMBERLY CLARK CORP,,,-0.005104,0.1901264983180934,0.0001603334936667,-3.257731495523428e-11,-0.016071,6.068043249301885,62.37,413972.0,25819433.64,0.004999999999999,62.36,62.35
2010-06-23,KMB,17750,KIMBERLY CLARK CORP,,,-0.000641,-0.0634952229299362,0.0001604363869725,-4.371507929836956e-12,-0.002985,5.682751490438967,62.33,413972.0,25802874.76,0.004999999999999,62.33,62.32
2010-06-24,KMB,17750,KIMBERLY CLARK CORP,,,-0.007059,0.428480340063762,0.0001615769914365,-3.394054404254382e-11,-0.016803,8.117698781560106,61.89,413972.0,25620727.08,0.0050000000000025,61.88,61.87
2010-06-25,KMB,17750,KIMBERLY CLARK CORP,,,-0.006786,0.3032882011605415,0.0001626809825931,-2.5206136216567647e-11,0.002859,10.57970104258259,61.47,413972.0,25446858.84,0.004999999999999,61.5,61.49
2010-06-28,KMB,17750,KIMBERLY CLARK CORP,,,0.004718,-0.4657396625339635,0.0003238341968912,3.2647757189038897e-11,-0.002034,5.652314649299953,61.76,413972.0,25566910.72,0.0100000000000015,61.78,61.76
2010-06-29,KMB,17750,KIMBERLY CLARK CORP,,,-0.012791,0.6363947177229796,0.0001640150893881,-5.479020653864637e-11,-0.031017,9.249417835022658,60.97,413972.0,25239872.84,0.004999999999999,60.96,60.95
2010-06-30,KMB,17750,KIMBERLY CLARK CORP,,,-0.005577,-0.1544789762340036,0.0001649348507339,-2.8412097684734997e-11,-0.010113,7.820577237107824,60.63,413972.0,25099122.36,0.004999999999999,60.61,60.6
2010-07-01,KMB,17750,KIMBERLY CLARK CORP,,,0.000165,0.1087567567567566,0.000164907651715,7.58016562652706e-13,-0.00324,8.671117853381388,60.64,413972.0,25103262.08,0.004999999999999,60.62,60.61
2010-07-02,KMB,17750,KIMBERLY CLARK CORP,,,-0.002474,-0.4156451972364609,0.000165316581253,-1.9498151316750982e-11,-0.004662,5.067009362952084,60.49,413972.0,25041166.28,0.004999999999999,60.47,60.46
2010-07-06,KMB,17750,KIMBERLY CLARK CORP,,,-0.00496,0.8444412662090008,0.0001661405549094,-2.1299520596316492e-11,0.005359,9.345801165296203,60.19,413972.0,24916974.68,0.004999999999999,60.18,60.17
2010-07-07,KMB,17750,KIMBERLY CLARK CORP,,,0.018275,-0.2091033627129158,0.0001631587534672,9.74452178048852e-11,0.031331,7.39156271438648,61.29,413972.0,25372343.88,0.0050000000000025,61.31,61.3
2010-07-08,KMB,17750,KIMBERLY CLARK CORP,,,0.010116,-0.1767704826955128,0.0001615247940559,6.4866407966231e-11,0.009413,6.084952605490226,61.91,413972.0,25629006.52,0.0050000000000025,61.88,61.87
2010-07-09,KMB,17750,KIMBERLY CLARK CORP,,,-0.003392,-0.178086542278682,0.0,-2.65531727283886e-11,0.007204,5.001304436048815,61.7,413972.0,25542072.4,0.0,61.7,61.7
2010-07-12,KMB,17750,KIMBERLY CLARK CORP,,,0.003728,-0.0308153013910355,0.0003229452607782,2.9999499954686906e-11,0.000733,4.847187732503648,61.93,413972.0,25637285.96,0.009999999999998,61.97,61.95
2010-07-13,KMB,17750,KIMBERLY CLARK CORP,,,0.007105,-0.1034585866640087,0.0001603334936667,6.332237201238498e-11,0.015379,4.345704540403699,62.37,413972.0,25819433.64,0.004999999999999,62.37,62.36
2010-07-14,KMB,17750,KIMBERLY CLARK CORP,,,-0.000641,0.1697053918843802,0.0001604363869726,-4.8871227510057695e-12,-0.000155,5.083194032446639,62.33,413972.0,25802874.76,0.0050000000000025,62.31,62.3
2010-07-15,KMB,17750,KIMBERLY CLARK CORP,,,0.003209,0.0191512617022286,0.0003198464736926,2.3929575074131347e-11,0.001196,5.180543611645232,62.53,413972.0,25885669.16,0.0100000000000015,62.5,62.48
2010-07-16,KMB,17750,KIMBERLY CLARK CORP,,,-0.007516,0.2811246852559919,0.0001611343860779,-4.407956490490139e-11,-0.02882,6.636922303923937,62.06,413972.0,25691102.32,0.004999999999999,62.03,62.02
2010-07-19,KMB,17750,KIMBERLY CLARK CORP,,,0.009023,-0.0129572338489536,0.0001596933886936,5.3132985957569525e-11,0.005982,6.550926149594659,62.62,413972.0,25922926.64,0.004999999999999,62.65,62.64
2010-07-20,KMB,17750,KIMBERLY CLARK CORP,,,0.013255,0.1701021424093809,0.0001576044129235,6.583406319493926e-11,0.011417,7.665252722406346,63.45,413972.0,26266523.4,0.004999999999999,63.43,63.42
2010-07-21,KMB,17750,KIMBERLY CLARK CORP,,,-0.017179,-0.0951720660531955,0.0001603592046184,-9.594632126422924e-11,-0.01282,6.935734783995053,62.36,413972.0,25815293.92,0.0050000000000025,62.34,62.33
2010-07-22,KMB,17750,KIMBERLY CLARK CORP,,,0.009622,-0.0581290052939537,0.0001588310038119,5.6512662007858816e-11,0.022513,6.532567420018745,62.96,413972.0,26063677.12,0.004999999999999,62.96,62.95
2010-07-23,KMB,17750,KIMBERLY CLARK CORP,,,0.010801,0.1084938801168509,0.0001571338780641,5.661684014312503e-11,0.00822,7.241311006541506,63.64,413972.0,26345178.08,0.0050000000000025,63.63,63.62
2010-07-26,KMB,17750,KIMBERLY CLARK CORP,,,0.0077,-0.340928044834373,0.0001559332605645,6.077269354388237e-11,0.0112,4.7725450030436845,64.13,413972.0,26548024.36,0.0050000000000025,64.09,64.08
2010-07-27,KMB,17750,KIMBERLY CLARK CORP,,,0.012163,0.6160348231006731,0.0001540594669543,5.868909097232754e-11,-0.001049,7.712598919733701,64.91,413972.0,26870922.52,0.0050000000000025,64.92,64.91
2010-07-28,KMB,17750,KIMBERLY CLARK CORP,,,-0.007703,-0.2830430969681784,0.0001552553951248,-5.224465111387556e-11,-0.006922,5.529601035818848,64.41,413972.0,26663936.52,0.0049999999999954,64.38,64.37
2010-07-29,KMB,17750,KIMBERLY CLARK CORP,,,-0.007297,0.0630378751474378,0.0003127932436659,-4.689841988637998e-11,-0.004159,5.87817533552994,63.94,413972.0,26469369.68,0.0100000000000015,63.96,63.94
2010-07-30,KMB,17750,KIMBERLY CLARK CORP,,,0.002815,0.1827073230870386,0.0004678727386151,1.5254363669232068e-11,6.4e-05,6.981251531242192,64.12,412247.0,26433277.64,0.0150000000000005,64.14,64.11
2010-08-02,KMB,17750,KIMBERLY CLARK CORP,,,0.015752,0.0053161917998609,0.0001535390756948,8.359131511920392e-11,0.022023,7.018365203385349,65.13,412247.0,26849647.11,0.0050000000000025,65.11,65.1
2010-08-03,KMB,17750,KIMBERLY CLARK CORP,,,-0.005067,-0.1014412608440189,0.0001543209876541,-3.007709994785924e-11,-0.004796,6.306413388090149,64.8,412247.0,26713605.6,0.0049999999999954,64.77,64.76
2010-08-04,KMB,17750,KIMBERLY CLARK CORP,,,0.008333,-0.1390106931302408,0.0001530456075911,5.697502895176559e-11,0.006051,5.429754491845908,65.34,412247.0,26936218.98,0.0050000000000025,65.34,65.33
2010-08-05,KMB,17750,KIMBERLY CLARK CORP,,,-0.000459,-0.02921729807005,0.0001531159087429,-3.234247681224093e-12,-0.001269,5.271111736410453,65.31,412247.0,26923851.57,0.0050000000000025,65.28,65.27
2010-08-06,KMB,17750,KIMBERLY CLARK CORP,,,-0.000306,-0.0686608375517717,0.0003063256241383,-2.3158326165225936e-12,-0.003704,4.909192789759538,65.29,412247.0,26915606.630000003,0.009999999999998,65.27,65.25
2010-08-09,KMB,17750,KIMBERLY CLARK CORP,,,0.008883,0.1506571795631979,0.0001518141794442,5.7910652123684916e-11,0.005483,5.648797929396697,65.87,412247.0,27154709.89,0.0049999999999954,65.85,65.84
2010-08-10,KMB,17750,KIMBERLY CLARK CORP,,,0.002277,0.2130802593721819,0.0004544077552257,1.2209121958876352e-11,-0.005967,6.852445257333589,66.02,412247.0,27216546.94,0.0150000000000005,66.03,66.0
2010-08-11,KMB,17750,KIMBERLY CLARK CORP,,,-0.013632,-0.010124252185918,0.0004606879606879,-7.486199954819202e-11,-0.028179,6.7830693734581455,65.12,412247.0,26845524.64,0.0150000000000005,65.18,65.15
2010-08-12,KMB,17750,KIMBERLY CLARK CORP,,,0.001689,0.2010156277938704,0.0001533036946189,7.709919610873009e-12,-0.005379,8.14657232193321,65.23,412247.0,26890871.81,0.0049999999999954,65.24,65.23
2010-08-13,KMB,17750,KIMBERLY CLARK CORP,,,-0.006439,-0.3318544545021439,0.0001542971763617,-4.427646145518115e-11,-0.004024,5.443096007975801,64.81,412247.0,26717728.07,0.0050000000000025,64.86,64.85
2010-08-16,KMB,17750,KIMBERLY CLARK CORP,,,0.004629,0.151833860688979,0.000153586238673,2.750718481843945e-11,0.00012,6.2695422889675365,65.11,412247.0,26841402.17,0.0050000000000025,65.11,65.1
2010-08-17,KMB,17750,KIMBERLY CLARK CORP,,,-0.002918,0.2145399674998065,0.0003080714725815,-1.4318635229734995e-11,0.012192,7.614609687881295,64.92,412247.0,26763075.24,0.009999999999998,64.97,64.95
2010-08-18,KMB,17750,KIMBERLY CLARK CORP,,,0.005545,0.0782708419610715,0.0001531862745098,2.509506890087635e-11,0.001483,8.210611599356696,65.28,412247.0,26911484.16,0.0050000000000025,65.25,65.24
2010-08-19,KMB,17750,KIMBERLY CLARK CORP,,,-0.007506,-0.3050697234696289,0.0001543448062971,-4.9252279400871275e-11,-0.016935,5.7058025892244215,64.79,412247.0,26709483.130000003,0.0049999999999954,64.77,64.76
2010-08-20,KMB,17750,KIMBERLY CLARK CORP,,,-0.001235,-0.1559391208230592,0.0001545356204605,-9.612747621070689e-12,-0.003663,4.81604474987083,64.71,412247.0,26676503.37,0.0050000000000025,64.72,64.71
2010-08-23,KMB,17750,KIMBERLY CLARK CORP,,,0.003863,0.2546086430945904,0.0001539408866995,2.387384661448461e-11,-0.00404,6.042251368718269,64.96,412247.0,26779565.12,0.0050000000000025,64.98,64.97
2010-08-24,KMB,17750,KIMBERLY CLARK CORP,,,-0.003695,0.2397526998273715,0.0001545117428923,-1.8487772092472365e-11,-0.014512,7.490897447404105,64.72,412247.0,26680625.84,0.0049999999999954,64.71,64.7
2010-08-25,KMB,17750,KIMBERLY CLARK CORP,,,-0.003708,-0.0932612285871571,0.000155086848635,-2.0537196340825475e-11,0.003289,6.792287148238799,64.48,412247.0,26581686.56,0.0049999999999954,64.49,64.48
2010-08-26,KMB,17750,KIMBERLY CLARK CORP,,,-0.006048,-0.142244919824292,0.0001560305819941,-3.9290238983268395e-11,-0.007685,5.826118807414002,64.09,412247.0,26420910.23,0.0050000000000025,64.11,64.1
2010-08-27,KMB,17750,KIMBERLY CLARK CORP,,,0.005773,-0.1729119826796569,0.0003102699348432,4.5084025518511205e-11,0.016587,4.8187130530968085,64.46,412247.0,26573441.62,0.009999999999998,64.45,64.43
2010-08-30,KMB,17750,KIMBERLY CLARK CORP,,,-0.004654,0.0278379058645859,0.0001558603491272,-3.5526205545984194e-11,-0.014719,4.952855933457369,64.16,412247.0,26449767.52,0.0050000000000025,64.2,64.19
2010-08-31,KMB,17750,KIMBERLY CLARK CORP,,,0.003741,0.4219316289548438,0.0001552795031056,2.0008287848930952e-11,0.000391,7.093104787778546,64.4,409313.0,26359757.200000003,0.0050000000000025,64.36,64.35
2010-09-01,KMB,17750,KIMBERLY CLARK CORP,,,0.015373,0.1025040471187959,0.000305857164704,7.344718974344512e-11,0.029505,7.820176735163555,65.39,409313.0,26764977.07,0.009999999999998,65.42,65.4
2010-09-02,KMB,17750,KIMBERLY CLARK CORP,,,0.007646,-0.2715798681620794,0.0001517680983458,4.976920912469696e-11,0.009081,5.696374168423676,65.89,409313.0,26969633.57,0.0050000000000025,65.92,65.91
2010-09-03,KMB,17750,KIMBERLY CLARK CORP,,,0.004401,-0.0703379653456853,0.0004533091568449,3.0679301212934515e-11,0.013219,5.295702799569034,66.18,409313.0,27088334.340000004,0.0150000000000005,66.17,66.14
2010-09-07,KMB,17750,KIMBERLY CLARK CORP,,,0.002569,0.2867687765270346,0.0001507159005275,1.3881727680164998e-11,-0.011471,6.814345012252237,66.35,409313.0,27157917.55,0.0050000000000025,66.31,66.3
2010-09-08,KMB,17750,KIMBERLY CLARK CORP,,,0.005878,-0.0162770686935321,0.0001513317191284,3.241955846039506e-11,0.006439,6.703427450386379,66.08,409313.0,27047403.04,0.0050000000000025,66.09,66.08
2010-09-09,KMB,17750,KIMBERLY CLARK CORP,,,0.000605,-0.3422625555798527,0.000151240169389,5.070111513289675e-12,0.004832,4.409095240073,66.12,409313.0,27063775.56,0.0050000000000025,66.09,66.08
2010-09-10,KMB,17750,KIMBERLY CLARK CORP,,,0.002117,-0.2287914888901202,0.0001509206157561,2.2955808561265246e-11,0.004863,3.4003317754383566,66.26,409313.0,27121079.380000003,0.0050000000000025,66.31,66.3
2010-09-13,KMB,17750,KIMBERLY CLARK CORP,,,0.003471,0.0539589021411122,0.0001503985561739,3.558752392661195e-11,0.011131,3.583809944956549,66.49,409313.0,27215221.37,0.0050000000000025,66.47,66.46
2010-09-14,KMB,17750,KIMBERLY CLARK CORP,,,-0.000451,0.2148749062649124,0.0001504664459826,-3.807887724489546e-12,-0.000713,4.353880770950348,66.46,409313.0,27202941.98,0.0050000000000025,66.42,66.41
2010-09-15,KMB,17750,KIMBERLY CLARK CORP,,,0.002257,0.2158689186914315,0.000150127608467,1.563771517031862e-11,0.003541,5.293748305086816,66.61,409313.0,27264338.93,0.0049999999999954,66.63,66.62
2010-09-16,KMB,17750,KIMBERLY CLARK CORP,,,-0.0003,0.284244046520214,0.0001501726986034,-1.618996283502288e-12,-0.000364,6.798464744584218,66.59,409313.0,27256152.67,0.0050000000000025,66.61,66.6
2010-09-17,KMB,17750,KIMBERLY CLARK CORP,,,-0.003304,0.1550292881014841,0.0001506704836523,-1.5488481316295146e-11,0.000827,7.852425894120148,66.37,409313.0,27166103.81,0.0050000000000025,66.37,66.36
2010-09-20,KMB,17750,KIMBERLY CLARK CORP,,,0.008136,-0.0522074608755172,0.0001494544911073,3.9916020734999055e-11,0.01521,7.442470676474971,66.91,409313.0,27387132.83,0.0049999999999954,66.91,66.9
2010-09-21,KMB,17750,KIMBERLY CLARK CORP,,,-0.005978,0.1983389685848406,0.0003007066606524,-2.4621619194368508e-11,-0.002564,8.918602634169938,66.51,409313.0,27223407.630000003,0.009999999999998,66.56,66.54
2010-09-22,KMB,17750,KIMBERLY CLARK CORP,,,0.003759,-0.1910149294617176,0.0001497902935888,1.906615581745085e-11,-0.004825,7.215016381106879,66.76,409313.0,27325735.880000003,0.0049999999999954,66.8,66.79
2010-09-23,KMB,17750,KIMBERLY CLARK CORP,,,-0.004194,-0.5212312068264933,0.000300842358604,-4.46188857764184e-11,-0.008331,3.454324685509622,66.48,409313.0,27211128.24,0.009999999999998,66.47,66.45
2010-09-24,KMB,17750,KIMBERLY CLARK CORP,,,-0.006468,1.4654501732795815,0.0003028009084026,-2.809197446210199e-11,0.021194,8.516465394453633,66.05,409313.0,27035123.65,0.009999999999998,66.08,66.06
2010-09-27,KMB,17750,KIMBERLY CLARK CORP,,,-0.011052,-0.0265067844745976,0.0001530924678504,-4.985937688771562e-11,-0.005667,8.290721281757481,65.32,409313.0,26736325.16,0.0049999999999954,65.35,65.34
2010-09-28,KMB,17750,KIMBERLY CLARK CORP,,,-0.009186,0.1734197730956239,0.0001545117428925,-3.5644019844553886e-11,0.00485,9.728496285238926,64.72,409313.0,26490737.36,0.0050000000000025,64.73,64.72
2010-09-29,KMB,17750,KIMBERLY CLARK CORP,,,0.005253,-0.2298593671521848,0.0004611128189363,2.6328253365427903e-11,-0.002588,7.492310285771524,65.06,409313.0,26629903.78,0.0150000000000005,65.04,65.01
2010-09-30,KMB,17750,KIMBERLY CLARK CORP,,,-0.000154,-0.0412169432940946,0.0001537279016142,-8.051592303022827e-13,-0.003084,7.1835001575811175,65.05,409313.0,26625810.65,0.0050000000000025,65.06,65.05
2010-10-01,KMB,17750,KIMBERLY CLARK CORP,,,-0.000308,-0.2774886916301058,0.0001537751806856,-2.2294650560740864e-12,0.004416,5.190160097529275,65.03,409313.0,26617624.39,0.0049999999999954,65.05,65.04
2010-10-04,KMB,17750,KIMBERLY CLARK CORP,,,0.002307,-0.1371210694784409,0.0001534212948755,1.9308435288762545e-11,-0.008035,4.478479794191731,65.18,409313.0,26679021.340000004,0.0049999999999954,65.21,65.2
2010-10-05,KMB,17750,KIMBERLY CLARK CORP,,,0.005063,0.2051170148928045,0.0003052969012363,3.4985247633881644e-11,0.020861,5.397092200834081,65.51,409313.0,26814094.630000003,0.009999999999998,65.52,65.5
2010-10-06,KMB,17750,KIMBERLY CLARK CORP,,,0.00809,0.1410529174777057,0.0001514233797699,4.859821249406819e-11,-0.000672,6.1583678016579,66.04,409313.0,27031030.520000003,0.0050000000000025,66.01,66.0
2010-10-07,KMB,17750,KIMBERLY CLARK CORP,,,0.000606,-0.3423255444916094,0.0001513317191281,5.531850753514752e-12,-0.001647,4.050201190775764,66.08,409313.0,27047403.04,0.0049999999999954,66.07,66.06
2010-10-08,KMB,17750,KIMBERLY CLARK CORP,,,0.005599,0.0132102786825913,0.000150489089541,5.016302984700276e-11,0.006122,4.103705477226475,66.45,409313.0,27198848.85,0.0050000000000025,66.42,66.41
2010-10-11,KMB,17750,KIMBERLY CLARK CORP,,,-0.001806,-0.2361731261534797,-0.0003015226895823,-2.122174502672636e-11,0.000146,3.134520525856741,66.33,409313.0,27149731.29,-0.009999999999998,66.28,66.3
2010-10-12,KMB,17750,KIMBERLY CLARK CORP,,,0.005427,0.2890880748246298,0.000299895036737,4.9202804412977493e-11,0.003819,4.040673030174951,66.69,409313.0,27297083.97,0.009999999999998,66.72,66.7
2010-10-13,KMB,17750,KIMBERLY CLARK CORP,,,0.001949,0.1293911361025455,0.0001496557916792,1.561535082084908e-11,0.007121,4.563500304168204,66.82,409313.0,27350294.66,0.0050000000000025,66.84,66.83
2010-10-14,KMB,17750,KIMBERLY CLARK CORP,,,-0.005687,0.3987365490657959,0.0001505117399157,-3.276152121945353e-11,-0.003641,6.383134667112943,66.44,409313.0,27194755.72,0.0050000000000025,66.43,66.42
2010-10-15,KMB,17750,KIMBERLY CLARK CORP,,,-0.000903,-0.0782715198836452,0.0001506477854776,-5.648822784080674e-12,0.002028,5.883517015096027,66.38,409313.0,27170196.94,0.0050000000000025,66.36,66.35
2010-10-18,KMB,17750,KIMBERLY CLARK CORP,,,0.006478,0.3094842621044764,0.0001496781918875,3.0747275314629753e-11,0.007244,7.704372937092152,66.81,409313.0,27346201.53,0.0050000000000025,66.79,66.78
2010-10-19,KMB,17750,KIMBERLY CLARK CORP,,,-0.011076,0.2815284604407801,0.0001513546238838,-4.148179581165769e-11,-0.015877,9.873373188733316,66.07,409313.0,27043309.91,0.0050000000000025,66.06,66.05
2010-10-20,KMB,17750,KIMBERLY CLARK CORP,,,0.007719,-0.5562319055749387,0.00015019525383,6.464576582544928e-11,0.010524,4.381488005511675,66.58,409313.0,27252059.54,0.0050000000000025,66.58,66.57
2010-10-21,KMB,17750,KIMBERLY CLARK CORP,,,0.004205,-0.1491580238652838,0.000149566257852,4.1216732044604566e-11,0.001774,3.727953913020109,66.86,409313.0,27366667.18,0.0049999999999954,66.85,66.84
2010-10-22,KMB,17750,KIMBERLY CLARK CORP,,,-0.004487,0.2160036699652663,0.0001502403846154,-3.633137190887797e-11,0.002389,4.533205639693828,66.56,409313.0,27243873.28,0.0050000000000025,66.54,66.53
2010-10-25,KMB,17750,KIMBERLY CLARK CORP,,,-0.001352,0.4649420641336568,0.0001504438092373,-7.482894197953125e-12,0.002147,6.640883626955411,66.47,409313.0,27207035.11,0.0050000000000025,66.51,66.5
2010-10-26,KMB,17750,KIMBERLY CLARK CORP,,,-0.058071,2.9436391729821203,0.0001597188947452,-8.652408612962534e-11,1.7e-05,26.18924881447694,62.61,409313.0,25627086.93,0.004999999999999,62.62,62.61
2010-10-27,KMB,17750,KIMBERLY CLARK CORP,,,-0.004153,-0.5065953953505729,0.0001603849238171,-1.2593420215399035e-11,-0.002691,12.921895957372476,62.35,409313.0,25520665.55,0.004999999999999,62.36,62.35
2010-10-28,KMB,17750,KIMBERLY CLARK CORP,,,0.003047,-0.2708589363029626,0.000159897665494,1.2633428931945372e-11,0.001125,9.421884963341013,62.54,409313.0,25598435.02,0.004999999999999,62.54,62.53
2010-10-29,KMB,17750,KIMBERLY CLARK CORP,,,0.012792,-0.0478413068844807,0.0003157562361857,5.4999370551293876e-11,-0.000439,9.0,63.34,408000.0,25842720.0,0.0100000000000015,63.32,63.3
2010-11-01,KMB,17750,KIMBERLY CLARK CORP,,,-0.018472,0.1531862745098038,0.0001608492842206,-7.016667795783439e-11,0.000947,10.378676470588236,62.17,408000.0,25365360.0,0.004999999999999,62.18,62.17
2010-11-02,KMB,17750,KIMBERLY CLARK CORP,,,0.012546,-0.1346085724406659,0.0003177124702143,5.4386964815262166e-11,0.007759,8.981617647058824,62.95,408000.0,25683600.0,0.009999999999998,62.94,62.92
2010-11-03,KMB,17750,KIMBERLY CLARK CORP,,,0.000318,-0.3640605812525583,0.0001588057805303,2.167020177165757e-12,0.003678,5.711764705882353,62.97,408000.0,25691760.0,0.004999999999999,62.97,62.96
2010-11-04,KMB,17750,KIMBERLY CLARK CORP,,,0.000159,0.2187607277720562,0.0001587805652588,8.888849333198775e-13,0.019283,6.961274509803921,62.98,408000.0,25695840.0,0.0050000000000025,62.99,62.98
2010-11-05,KMB,17750,KIMBERLY CLARK CORP,,,0.000794,-0.0681290049996479,0.0001586546089163,4.759578323180295e-12,0.003923,6.487009803921569,63.03,408000.0,25716240.0,0.004999999999999,63.05,63.04
2010-11-08,KMB,17750,KIMBERLY CLARK CORP,,,-0.003332,-0.3423130691049231,0.0001591849729386,-3.0470749114222087e-11,-0.002121,4.266421568627451,62.82,408000.0,25630560.0,0.0050000000000025,62.81,62.8
2010-11-09,KMB,17750,KIMBERLY CLARK CORP,,,-0.010506,1.123283736427874,0.0003217503217503,-4.572928680071537e-11,-0.008052,9.058823529411764,62.16,408000.0,25361280.0,0.0100000000000015,62.13,62.11
2010-11-10,KMB,17750,KIMBERLY CLARK CORP,,,-0.004826,-0.0871753246753246,0.000161655350792,-2.3123739490269988e-11,0.004376,8.269117647058824,61.86,408000.0,25238880.0,0.004999999999999,61.86,61.85
2010-11-11,KMB,17750,KIMBERLY CLARK CORP,,,0.004688,-0.2999881439326575,0.0003218020917136,3.1939031332373686e-11,-0.004242,5.788480392156862,62.15,408000.0,25357200.0,0.0100000000000015,62.14,62.12
2010-11-12,KMB,17750,KIMBERLY CLARK CORP,,,-0.002092,0.190625396959817,0.000322476620445,-1.199582293059812e-11,-0.011808,6.891911764705882,62.02,408000.0,25304160.0,0.0100000000000015,62.02,62.0
2010-11-15,KMB,17750,KIMBERLY CLARK CORP,,,0.00258,-0.4515807816778691,0.0001608234158893,2.6906453083103038e-11,-0.001217,3.779656862745098,62.18,408000.0,25369440.0,0.004999999999999,62.16,62.15
2010-11-16,KMB,17750,KIMBERLY CLARK CORP,,,-0.010454,0.8978665456196095,0.0003250446936453,-5.80520249319842e-11,-0.016205,7.17328431372549,61.53,408000.0,25104240.0,0.009999999999998,61.55,61.53
2010-11-17,KMB,17750,KIMBERLY CLARK CORP,,,0.002275,-0.3398708442956231,0.0001621533971136,1.9094150022442968e-11,0.000212,4.735294117647059,61.67,408000.0,25161360.0,0.004999999999999,61.68,61.67
2010-11-18,KMB,17750,KIMBERLY CLARK CORP,,,0.006973,0.1829192546583851,0.0001610305958131,4.913215824824866e-11,0.015357,5.601470588235294,62.1,408000.0,25336800.0,0.004999999999999,62.1,62.09
2010-11-19,KMB,17750,KIMBERLY CLARK CORP,,,-0.004187,0.268355648901724,0.0001617076326003,-2.3357707168637087e-11,0.00254,7.104656862745098,61.84,408000.0,25230720.0,0.0050000000000025,61.84,61.83
2010-11-22,KMB,17750,KIMBERLY CLARK CORP,,,0.004528,-0.1429261393038258,0.0001609787508048,2.9339550138647514e-11,-0.001575,6.0892156862745095,62.12,408000.0,25344960.0,0.004999999999999,62.12,62.11
2010-11-23,KMB,17750,KIMBERLY CLARK CORP,,,-0.010625,-0.0894783448720012,0.0001627074520012,-7.642308817089564e-11,-0.014284,5.544362745098039,61.46,408000.0,25075680.0,0.004999999999999,61.47,61.46
2010-11-24,KMB,17750,KIMBERLY CLARK CORP,,,-0.002766,0.1714778303346447,0.0001631587534672,-1.7030079701511833e-11,0.014923,6.495098039215686,61.29,408000.0,25006320.0,0.0050000000000025,61.31,61.3
2010-11-26,KMB,17750,KIMBERLY CLARK CORP,,,0.005711,-0.412188679245283,0.0001622323166775,5.947928102619892e-11,-0.007469,3.817892156862745,61.64,408000.0,25149120.0,0.0050000000000025,61.56,61.55
2010-11-29,KMB,17750,KIMBERLY CLARK CORP,,,-0.001785,0.3148231366758682,0.0001625223468226,-1.4164464092500284e-11,-0.001379,5.01985294117647,61.53,408000.0,25104240.0,0.004999999999999,61.54,61.53
2010-11-30,KMB,17750,KIMBERLY CLARK CORP,,,0.005851,1.4177042136614424,0.0001615769914363,1.909216989911526e-11,-0.00607,12.142680232372795,61.89,407793.0,25238308.77,0.004999999999999,61.9,61.89
2010-12-01,KMB,17750,KIMBERLY CLARK CORP,,,0.00921,-0.2345861017428357,0.0003202049311558,3.890513991644291e-11,0.021617,9.29417621195067,62.46,407793.0,25470750.78,0.009999999999998,62.48,62.46
2010-12-02,KMB,17750,KIMBERLY CLARK CORP,,,-0.012488,1.506213556370544,0.0003242542153048,-2.1314727337802297e-11,0.012818,23.29319041768741,61.68,407793.0,25152672.24,0.0100000000000015,61.7,61.68
2010-12-03,KMB,17750,KIMBERLY CLARK CORP,,,0.00535,-0.6934981260790837,0.0001612643122077,2.963399293505668e-11,0.002603,7.139406512617922,62.01,407793.0,25287243.93,0.0050000000000025,62.02,62.01
2010-12-06,KMB,17750,KIMBERLY CLARK CORP,,,-0.005322,-0.1253005426942364,0.0001621271076523,-3.388205713210045e-11,-0.001298,6.24483500207213,61.68,407793.0,25152672.24,0.004999999999999,61.69,61.68
2010-12-07,KMB,17750,KIMBERLY CLARK CORP,,,0.004215,0.3604806408544727,0.0001614465611883,1.964143784011025e-11,0.000515,8.495977125649533,61.94,407793.0,25258698.42,0.0050000000000025,61.95,61.94
2010-12-08,KMB,17750,KIMBERLY CLARK CORP,,,0.010494,-0.3121861109507591,0.0001614726303891,7.110758637447459e-11,0.003702,5.8436510680663964,61.93,407793.0,25254620.49,0.004999999999999,61.94,61.93
2010-12-09,KMB,17750,KIMBERLY CLARK CORP,,,0.000807,-0.0690725975660931,0.0003226847370118,5.869243210616549e-12,0.003843,5.440014909525176,61.98,407793.0,25275010.14,0.009999999999998,61.97,61.95
2010-12-10,KMB,17750,KIMBERLY CLARK CORP,,,-0.004518,0.1191399206635412,0.000162074554295,-2.9494213408978137e-11,0.006002,6.088137854254487,61.7,407793.0,25160828.1,0.0050000000000025,61.7,61.69
2010-12-13,KMB,17750,KIMBERLY CLARK CORP,,,-0.000972,0.0567527288838765,0.0001622323166775,-6.010436492243965e-12,4.8e-05,6.433656291304657,61.64,407793.0,25136360.52,0.0050000000000025,61.63,61.62
2010-12-14,KMB,17750,KIMBERLY CLARK CORP,,,0.006003,-0.2577374599786552,0.0003225286244154,4.971087943837289e-11,0.000911,4.775462060408099,62.01,407793.0,25287243.93,0.0100000000000015,62.0,61.98
2010-12-15,KMB,17750,KIMBERLY CLARK CORP,,,-0.000322,0.0127349286227791,0.0001613163413453,-2.6338029567595483e-12,-0.005122,4.836277228888186,61.99,407793.0,25279088.07,0.004999999999999,62.01,62.0
2010-12-16,KMB,17750,KIMBERLY CLARK CORP,,,0.003872,0.0814826082547408,0.0001606941989393,2.9171922654293576e-11,0.006185,5.230349711741006,62.23,407793.0,25376958.39,0.004999999999999,62.25,62.24
2010-12-17,KMB,17750,KIMBERLY CLARK CORP,,,0.008195,0.5297951146326598,0.0001593879502709,4.0031390863051666e-11,0.000837,8.00136343684173,62.74,407793.0,25584932.82,0.004999999999999,62.75,62.74
2010-12-20,KMB,17750,KIMBERLY CLARK CORP,,,0.004941,-0.2117135063900211,0.0001586042823155,3.046785735086081e-11,0.002548,6.307366727727057,63.05,407793.0,25711348.65,0.004999999999999,63.04,63.03
2010-12-21,KMB,17750,KIMBERLY CLARK CORP,,,-0.000317,-0.2938454958982932,0.0001586546089163,-2.7690090308041248e-12,0.00603,4.453975423805705,63.03,407793.0,25703192.79,0.004999999999999,63.01,63.0
2010-12-22,KMB,17750,KIMBERLY CLARK CORP,,,0.002538,-0.2997852777624842,0.0003165057762304,3.158089558392815e-11,0.00338,3.1187391642328337,63.19,407793.0,25768439.67,0.0100000000000015,63.18,63.16
2010-12-23,KMB,17750,KIMBERLY CLARK CORP,,,0.000475,-0.1530901085076269,0.0001581777918381,6.9756244659792326e-12,-0.001644,2.641291047173443,63.22,407793.0,25780673.46,0.0050000000000025,63.24,63.23
2010-12-27,KMB,17750,KIMBERLY CLARK CORP,,,-0.001107,-0.1278432828892396,0.0001583531274742,-1.8660518641048992e-11,0.000613,2.303619728636833,63.15,407793.0,25752127.95,0.004999999999999,63.15,63.14
2010-12-28,KMB,17750,KIMBERLY CLARK CORP,,,0.003642,0.2262082180114966,0.0003155569580308,4.988533905497992e-11,0.000771,2.8247174424278985,63.38,407793.0,25845920.34,0.009999999999998,63.41,63.39
2010-12-29,KMB,17750,KIMBERLY CLARK CORP,,,-0.003471,0.0203142633909192,0.0001583280557315,-4.675884297149255e-11,0.001009,2.8820994965583027,63.16,407793.0,25756205.88,0.0050000000000025,63.2,63.19
2010-12-30,KMB,17750,KIMBERLY CLARK CORP,,,-0.0019,-0.1171615757678891,0.0001586294416243,-2.9047411245787818e-11,-0.001508,2.5444281780216924,63.04,407793.0,25707270.72,0.004999999999999,63.07,63.06
2010-12-31,KMB,17750,KIMBERLY CLARK CORP,,,0.0,-0.1468774094063223,0.0003172588832486,0.0,-0.000191,2.170709158813417,63.04,407793.0,25707270.72,0.009999999999998,63.08,63.06
2011-01-03,KMB,17750,KIMBERLY CLARK CORP,,,-0.006504,2.3192498870311797,0.0001596678907871,-3.5344086913066036e-11,0.011315,7.205126130168983,62.63,407793.0,25540075.59,0.004999999999999,62.64,62.63
2011-01-04,KMB,17750,KIMBERLY CLARK CORP,,,0.004311,0.0492138043700225,0.0001589825119237,2.2232178827787095e-11,-0.001313,7.559717798000456,62.9,407793.0,25650179.7,0.0050000000000025,62.92,62.91
2011-01-05,KMB,17750,KIMBERLY CLARK CORP,,,0.003339,-0.0730504735954327,0.000316906987799,1.851470521173592e-11,0.005007,7.007476832608701,63.11,407793.0,25735816.23,0.009999999999998,63.11,63.09
2011-01-06,KMB,17750,KIMBERLY CLARK CORP,,,-0.001426,-0.132803751399776,0.0001586797841954,-9.131083179160391e-12,-0.002123,6.076857621391245,63.02,407793.0,25699114.860000003,0.004999999999999,63.0,62.99
2011-01-07,KMB,17750,KIMBERLY CLARK CORP,,,-0.000476,-0.2253742786812477,0.0003175107159866,-3.936630048178066e-12,-0.001845,4.707290218321551,62.99,407793.0,25686881.07,0.009999999999998,62.97,62.95
2011-01-10,KMB,17750,KIMBERLY CLARK CORP,,,-0.00127,-0.0426651385705355,0.0001589572405022,-1.098523673275982e-11,-0.001376,4.506453028865135,62.91,407793.0,25654257.63,0.004999999999999,62.93,62.92
2011-01-11,KMB,17750,KIMBERLY CLARK CORP,,,-0.002066,-0.1013223050552321,0.0003185727938833,-1.9926472666155293e-11,0.003725,4.049848820357387,62.78,407793.0,25601244.54,0.009999999999998,62.76,62.74
2011-01-12,KMB,17750,KIMBERLY CLARK CORP,,,0.017362,0.6704813805631245,0.0001565680288084,9.853320705283012e-11,0.009008,6.765197048502549,63.87,407793.0,26045738.91,0.004999999999999,63.85,63.84
2011-01-13,KMB,17750,KIMBERLY CLARK CORP,,,-0.004227,-0.266601420907641,0.0001572327044024,-3.2848447660230016e-11,-0.001711,4.96158590265159,63.6,407793.0,25935634.8,0.004999999999999,63.6,63.59
2011-01-14,KMB,17750,KIMBERLY CLARK CORP,,,0.000629,-0.1521771363613898,0.000157133878064,5.761758732792677e-12,0.007385,4.20654596817503,63.64,407793.0,25951946.52,0.004999999999999,63.62,63.61
2011-01-18,KMB,17750,KIMBERLY CLARK CORP,,,0.003771,0.027340561968054,0.0001565435190982,3.349745279008821e-11,0.001376,4.321555298889388,63.88,407793.0,26049816.84,0.004999999999999,63.9,63.89
2011-01-19,KMB,17750,KIMBERLY CLARK CORP,,,0.002661,0.2613062475174488,0.0001561280249805,1.8690690771687417e-11,-0.010116,5.4508046974813205,64.05,407793.0,26119141.65,0.0050000000000025,64.03,64.02
2011-01-20,KMB,17750,KIMBERLY CLARK CORP,,,0.00765,0.2338491992082059,0.0001549426712117,4.321853112991815e-11,-0.001295,6.725471011027654,64.54,407793.0,26318960.220000003,0.0050000000000025,64.56,64.55
2011-01-21,KMB,17750,KIMBERLY CLARK CORP,,,-0.004029,0.1506599577043681,0.0001555693839453,-1.9861494642099315e-11,0.002414,7.738730189091034,64.28,407793.0,26212934.04,0.0050000000000025,64.28,64.27
2011-01-24,KMB,17750,KIMBERLY CLARK CORP,,,-0.004823,0.0690791558400405,0.0003126465530716,-2.234712083503856e-11,0.005836,8.27331513782728,63.97,407793.0,26086518.21,0.009999999999998,63.94,63.92
2011-01-25,KMB,17750,KIMBERLY CLARK CORP,,,0.025637,1.0630742782619005,0.0001524157902759,5.613877960034689e-11,0.000263,17.068463656806273,65.61,407793.0,26755298.73,0.0050000000000025,65.65,65.64
2011-01-26,KMB,17750,KIMBERLY CLARK CORP,,,-0.007316,-0.543215907131774,0.0001535390756946,-3.5330310051673127e-11,0.004221,7.796602688128535,65.13,407793.0,26559558.09,0.0049999999999954,65.16,65.15
2011-01-27,KMB,17750,KIMBERLY CLARK CORP,,,0.0,-0.0957727873183619,0.0001535390756946,0.0,0.002244,7.049900317072632,65.13,407793.0,26559558.09,0.0049999999999954,65.16,65.15
2011-01-28,KMB,17750,KIMBERLY CLARK CORP,,,-0.006141,-0.105221051166997,0.000154487872702,-3.688034622387414e-11,-0.017852,6.308102395087704,64.73,407793.0,26396440.89,0.0050000000000025,64.72,64.71
2011-01-31,KMB,17750,KIMBERLY CLARK CORP,,,0.0,-0.1709298709376457,0.0001544878727018,0.0,0.007663,5.2413369378225605,64.73,406900.0,26338637.0,0.0049999999999954,64.74,64.73
2011-02-01,KMB,17750,KIMBERLY CLARK CORP,,,-0.003244,0.3283631077976274,0.0001549907005578,-1.774761145817308e-11,0.016694,6.9623986237404765,64.52,406900.0,26253188.0,0.0049999999999954,64.52,64.51
2011-02-02,KMB,17750,KIMBERLY CLARK CORP,,,-0.008369,0.0189198729262265,0.0001562988433885,-4.531507726456209e-11,-0.002723,7.094126320963381,63.98,406900.0,26033462.0,0.004999999999999,63.98,63.97
2011-02-03,KMB,17750,KIMBERLY CLARK CORP,,,0.013129,0.5039146400609713,0.0001542733724159,4.6656572064144175e-11,0.002354,10.668960432538707,64.82,406900.0,26375258.0,0.0050000000000025,64.83,64.82
2011-02-04,KMB,17750,KIMBERLY CLARK CORP,,,0.002931,0.1492444485395743,0.0001538224888479,9.036774464594932e-12,0.002884,12.261243548783485,65.01,406900.0,26452569.000000004,0.0050000000000025,65.0,64.99
2011-02-07,KMB,17750,KIMBERLY CLARK CORP,,,-0.001077,-0.2396023330861277,0.0001539882968895,-4.371600172652635e-12,0.00624,9.323420987957729,64.94,406900.0,26424086.0,0.0050000000000025,64.93,64.92
2011-02-08,KMB,17750,KIMBERLY CLARK CORP,,,0.002002,-0.3525845480665314,0.000153680651606,1.2526715708445811e-11,0.004185,6.03612681248464,65.07,406900.0,26476983.0,0.0050000000000025,65.04,65.03
2011-02-09,KMB,17750,KIMBERLY CLARK CORP,,,0.000154,-0.1227555881275191,0.0001536570374923,1.0982634258710129e-12,-0.002786,5.2951585156058,65.08,406900.0,26481052.0,0.0050000000000025,65.09,65.08
2011-02-10,KMB,17750,KIMBERLY CLARK CORP,,,-0.001383,0.0172189733593242,0.0001538698261271,-9.709447895869618e-12,0.00075,5.386335709019416,64.99,406900.0,26444431.0,0.0050000000000025,65.0,64.99
2011-02-11,KMB,17750,KIMBERLY CLARK CORP,,,0.013233,0.1723776064242368,0.0001518602885344,7.820849185357761e-11,0.005507,6.314819365937577,65.85,406900.0,26794365.0,0.0049999999999954,65.85,65.84
2011-02-14,KMB,17750,KIMBERLY CLARK CORP,,,-0.011997,0.0141272621132515,0.0001537042729788,-7.07648385496404e-11,0.002385,6.404030474318014,65.06,406900.0,26472914.0,0.0050000000000025,65.08,65.07
2011-02-15,KMB,17750,KIMBERLY CLARK CORP,,,-0.001537,-0.0780566428735897,0.0001539408866995,-9.848782170210745e-12,-0.003235,5.904153354632588,64.96,406900.0,26432224.0,0.0050000000000025,64.98,64.97
2011-02-16,KMB,17750,KIMBERLY CLARK CORP,,,0.001539,0.0027056277056276,0.0001537042729788,9.819871149253018e-12,0.006257,5.920127795527157,65.06,406900.0,26472914.0,0.0050000000000025,65.04,65.03
2011-02-17,KMB,17750,KIMBERLY CLARK CORP,,,0.004765,-0.0236622524803852,0.0003059507419307,3.0993139276735126e-11,0.003076,5.780044236913247,65.37,406900.0,26599053.0,0.0100000000000051,65.37,65.35
2011-02-18,KMB,17750,KIMBERLY CLARK CORP,,,0.004436,0.0428164462774778,0.0001522997258605,2.7546342001025396e-11,0.001925,6.027525190464488,65.66,406900.0,26717054.0,0.0050000000000025,65.65,65.64
2011-02-22,KMB,17750,KIMBERLY CLARK CORP,,,-0.009138,0.3307918127701215,0.0001537042729786,-4.303286395049396e-11,-0.020529,8.021381174735808,65.06,406900.0,26472914.0,0.0049999999999954,65.07,65.06
2011-02-23,KMB,17750,KIMBERLY CLARK CORP,,,0.002306,-0.2434817243175342,0.0003067014261617,1.432151078747616e-11,-0.006112,6.068321454902924,65.21,406900.0,26533949.0,0.0100000000000051,65.23,65.21
2011-02-24,KMB,17750,KIMBERLY CLARK CORP,,,-0.005981,0.2320184675198444,0.0003085467448317,-3.033131851088471e-11,-0.000994,7.4762840992872945,64.82,406900.0,26375258.0,0.009999999999998,64.85,64.83
2011-02-25,KMB,17750,KIMBERLY CLARK CORP,,,0.004011,-0.1455902172841129,0.0001536570374923,2.371184892973546e-11,0.01055,6.387810272794298,65.08,406900.0,26481052.0,0.0050000000000025,65.03,65.02
2011-02-28,KMB,17750,KIMBERLY CLARK CORP,,,0.0126,0.4057787011388118,0.0001517450682853,5.232731767137954e-11,0.005561,9.03587493848562,65.9,404377.0,26648444.3,0.0050000000000025,65.86,65.85
2011-03-01,KMB,17750,KIMBERLY CLARK CORP,,,-0.006525,-0.2413038123648704,0.0001527417137621,-3.595121860966869e-11,-0.01574,6.855483867776852,65.47,404377.0,26474562.19,0.0050000000000025,65.45,65.44
2011-03-02,KMB,17750,KIMBERLY CLARK CORP,,,-0.004888,0.2235408700670946,0.000155159038014,-2.2359662071766784e-11,0.001615,8.387964696310622,64.45,404377.0,26062097.65,0.0050000000000025,64.48,64.47
2011-03-03,KMB,17750,KIMBERLY CLARK CORP,,,0.012103,-0.1719390312214392,0.0001533036946191,6.60602633237528e-11,0.017219,6.945746172507339,65.23,404377.0,26377511.71,0.0050000000000025,65.2,65.19
2011-03-04,KMB,17750,KIMBERLY CLARK CORP,,,-0.007052,0.3062982874639512,0.0001543924656477,-2.967499775817427e-11,-0.007378,9.07321633030563,64.77,404377.0,26191498.29,0.0050000000000025,64.75,64.74
2011-03-07,KMB,17750,KIMBERLY CLARK CORP,,,-0.007411,-0.0099209593894794,0.0001555451858765,-3.1733341753309474e-11,-0.008341,8.983201319560706,64.29,404377.0,25997397.33,0.0050000000000025,64.25,64.24
2011-03-08,KMB,17750,KIMBERLY CLARK CORP,,,0.004822,-0.3955569013929416,0.0001547987616099,3.3995519810674137e-11,0.008923,5.429834041006289,64.6,404377.0,26122754.2,0.0050000000000025,64.58,64.57
2011-03-09,KMB,17750,KIMBERLY CLARK CORP,,,0.002322,-0.1115817279227581,0.0001544401544402,1.838365912800731e-11,-0.001362,4.823963776376995,64.75,404377.0,26183410.75,0.0050000000000025,64.76,64.75
2011-03-10,KMB,17750,KIMBERLY CLARK CORP,,,0.002008,0.8251909570923259,0.000154130702836,8.692687655732444e-12,-0.018871,8.804655061984237,64.88,404377.0,26235979.76,0.0050000000000025,64.86,64.85
2011-03-11,KMB,17750,KIMBERLY CLARK CORP,,,-0.003545,-0.4489664082687338,0.00015467904099,-2.794929406745288e-11,0.00708,4.851660702760048,64.65,404377.0,26142973.05,0.0050000000000025,64.67,64.66
2011-03-14,KMB,17750,KIMBERLY CLARK CORP,,,-0.004331,0.1483256027320454,0.0001553518719901,-2.9865016538192504e-11,-0.006049,5.571286200748312,64.37,404377.0,26029747.49,0.0050000000000025,64.37,64.36
2011-03-15,KMB,17750,KIMBERLY CLARK CORP,,,-0.009321,0.4532824359714147,0.0001568135486905,-4.464308015470348e-11,-0.0112,8.096652381317433,63.77,404377.0,25787121.290000003,0.004999999999999,63.76,63.75
2011-03-16,KMB,17750,KIMBERLY CLARK CORP,,,-0.007998,0.0883601600439816,0.0001580777742649,-3.548032885926298e-11,-0.019495,8.812073881551127,63.26,404377.0,25580889.02,0.004999999999999,63.29,63.28
2011-03-17,KMB,17750,KIMBERLY CLARK CORP,,,0.008378,-0.2552898916764887,0.0001567643831322,4.9492105433212965e-11,0.013398,6.562440494884724,63.79,404377.0,25795208.83,0.0050000000000025,63.81,63.8
2011-03-18,KMB,17750,KIMBERLY CLARK CORP,,,0.007838,0.3648113954101819,0.0001555451858765,3.366180260919941e-11,0.004302,8.956493569119905,64.29,404377.0,25997397.33,0.0050000000000025,64.25,64.24
2011-03-21,KMB,17750,KIMBERLY CLARK CORP,,,0.013844,-0.2671875862830637,0.0001534212948758,8.002578675481665e-11,0.014994,6.563429670826976,65.18,404377.0,26357292.860000003,0.0050000000000025,65.2,65.19
2011-03-22,KMB,17750,KIMBERLY CLARK CORP,,,-0.002608,-0.1657812441128819,0.0001538224888479,-1.8118831620759848e-11,-0.003551,5.4753361343498765,65.01,404377.0,26288548.770000003,0.0050000000000025,65.01,65.0
2011-03-23,KMB,17750,KIMBERLY CLARK CORP,,,-0.002461,0.0311639040693736,0.0001542020046261,-1.662174821009741e-11,0.002914,5.645968984388331,64.85,404377.0,26223848.45,0.0050000000000025,64.87,64.86
2011-03-24,KMB,17750,KIMBERLY CLARK CORP,,,0.006014,0.0893959966711925,0.0001532801961987,3.706284576787906e-11,0.009341,6.150696008922367,65.24,404377.0,26381555.48,0.0050000000000025,65.23,65.22
2011-03-25,KMB,17750,KIMBERLY CLARK CORP,,,-0.002146,-0.0855982631071083,0.0001536098310292,-1.4494424543315871e-11,0.003161,5.624207113658788,65.1,404377.0,26324942.7,0.0050000000000025,65.12,65.11
2011-03-28,KMB,17750,KIMBERLY CLARK CORP,,,0.001843,-0.0728136129798179,0.0001533272002454,1.3400769670988346e-11,-0.002748,5.214688273566499,65.22,404377.0,26373467.94,0.0050000000000025,65.2,65.19
2011-03-29,KMB,17750,KIMBERLY CLARK CORP,,,0.00276,0.0349978659837815,0.0,1.933646499994745e-11,0.00706,5.397191234911976,65.4,404377.0,26446255.8,0.0,65.42,65.42
2011-03-30,KMB,17750,KIMBERLY CLARK CORP,,,0.005657,-0.0061855670103092,0.0001520450053216,3.965507584620336e-11,0.006685,5.363806546860974,65.77,404377.0,26595875.29,0.0050000000000025,65.75,65.74
2011-03-31,KMB,17750,KIMBERLY CLARK CORP,,,-0.007602,0.1988473951129552,0.0001532097441398,-4.4791003920709406e-11,-0.001829,6.451412820455566,65.27,403059.0,26307660.93,0.0050000000000025,65.25,65.24
2011-04-01,KMB,17750,KIMBERLY CLARK CORP,,,0.001685,-0.0616082759681575,0.0001529519730803,1.0562029205383503e-11,0.004963,6.053952399028431,65.38,403059.0,26351997.42,0.0049999999999954,65.35,65.34
2011-04-04,KMB,17750,KIMBERLY CLARK CORP,,,0.007342,0.4331789680750788,0.0001518372304887,3.1877525556879137e-11,0.000345,8.676397252015214,65.86,403059.0,26545465.74,0.0049999999999954,65.88,65.87
2011-04-05,KMB,17750,KIMBERLY CLARK CORP,,,-0.007288,-0.2169511881273055,0.0001529519730803,-4.0706762336048036e-11,-0.00018,6.794042559526025,65.38,403059.0,26351997.42,0.0049999999999954,65.38,65.37
2011-04-06,KMB,17750,KIMBERLY CLARK CORP,,,0.005353,0.1212021618463337,0.0001521375323293,2.652484156461404e-11,0.002184,7.617495205416577,65.73,403059.0,26493068.07,0.0050000000000025,65.78,65.77
2011-04-07,KMB,17750,KIMBERLY CLARK CORP,,,-0.003043,-0.0150148193987558,0.0003052037234853,-1.5355051427917348e-11,-0.00152,7.503119890636358,65.53,403059.0,26412456.27,0.009999999999998,65.5,65.48
2011-04-08,KMB,17750,KIMBERLY CLARK CORP,,,-0.001526,-0.345876595463263,0.0001528350909367,-1.17898265478555e-11,-0.004004,4.907966327510365,65.43,403059.0,26372150.37,0.0049999999999954,65.41,65.4
2011-04-11,KMB,17750,KIMBERLY CLARK CORP,,,0.0,0.2320291173794357,0.0001528350909369,0.0,-0.002793,6.046757422610585,65.43,403059.0,26372150.37,0.0050000000000025,65.45,65.44
2011-04-12,KMB,17750,KIMBERLY CLARK CORP,,,0.004126,0.2779008698506482,0.0001522070015219,2.0163945682455e-11,-0.007777,7.727156570129932,65.7,403059.0,26480976.3,0.0049999999999954,65.71,65.7
2011-04-13,KMB,17750,KIMBERLY CLARK CORP,,,-0.007154,0.0541017819874778,0.0001533036946191,-3.340647673788043e-11,0.00019,8.145209510270208,65.23,403059.0,26291538.57,0.0050000000000025,65.22,65.21
2011-04-14,KMB,17750,KIMBERLY CLARK CORP,,,0.002146,-0.3044471519951264,0.0001529753709651,1.4376402281212142e-11,8.4e-05,5.665423672464825,65.37,403059.0,26347966.83,0.0049999999999954,65.38,65.37
2011-04-15,KMB,17750,KIMBERLY CLARK CORP,,,0.003365,0.0509743814320122,0.0001524622655893,2.137737087828169e-11,0.003925,5.954215139718999,65.59,403059.0,26436639.81,0.0050000000000025,65.59,65.58
2011-04-18,KMB,17750,KIMBERLY CLARK CORP,,,0.002439,0.3558481603400141,0.0001520912547529,1.1400183482657898e-11,-0.011018,8.073011643456665,65.75,403059.0,26501129.25,0.0050000000000025,65.76,65.75
2011-04-19,KMB,17750,KIMBERLY CLARK CORP,,,0.001065,-0.3393773625495559,0.0001519295047096,7.527210760883541e-12,0.005731,5.333214244068486,65.82,403059.0,26529343.38,0.0049999999999954,65.82,65.81
2011-04-20,KMB,17750,KIMBERLY CLARK CORP,,,0.006837,-0.0216319315221436,0.0003017956843216,4.905561061546194e-11,0.013515,5.217846518747876,66.27,403059.0,26710719.93,0.009999999999998,66.3,66.28
2011-04-21,KMB,17750,KIMBERLY CLARK CORP,,,-0.00332,0.0070372307546002,0.0003028009084028,-2.3733391942420505e-11,0.005277,5.254565708742392,66.05,403059.0,26622046.95,0.0100000000000051,66.04,66.02
2011-04-25,KMB,17750,KIMBERLY CLARK CORP,,,-0.027404,2.42882100193588,0.0001556662515565,-5.874327596990844e-11,-0.001593,18.01696525818801,64.24,403059.0,25892510.16,0.0049999999999954,64.24,64.23
2011-04-26,KMB,17750,KIMBERLY CLARK CORP,,,0.008873,-0.430796348063179,0.0001542971763615,3.312153975703692e-11,0.00898,10.25532242177944,64.81,403059.0,26122253.79,0.0049999999999954,64.8,64.79
2011-04-27,KMB,17750,KIMBERLY CLARK CORP,,,0.002932,-0.3753235756622717,0.0001538461538462,1.746938240490001e-11,0.00625,6.406258140867714,65.0,403059.0,26198835.0,0.0050000000000025,65.0,64.99
2011-04-28,KMB,17750,KIMBERLY CLARK CORP,,,0.008923,0.0154138104643506,0.000152485513876,5.189474199310309e-11,0.003555,6.505002989636753,65.58,403059.0,26432609.22,0.0049999999999954,65.57,65.56
2011-04-29,KMB,17750,KIMBERLY CLARK CORP,,,0.007319,-0.0764712612990579,0.0001513775355735,4.575585127876695e-11,0.002301,6.127024291497976,66.06,395200.0,26106912.0,0.0049999999999954,66.05,66.04
2011-05-02,KMB,17750,KIMBERLY CLARK CORP,,,0.003028,-0.0646733294788138,0.0001509206157559,2.0177835769582656e-11,-0.001753,5.730769230769231,66.26,395200.0,26185952.000000004,0.0049999999999954,66.27,66.26
2011-05-03,KMB,17750,KIMBERLY CLARK CORP,,,0.010564,0.1372748145531614,0.0001493428912782,6.125163270042146e-11,-0.003379,6.51745951417004,66.96,395200.0,26462592.0,0.0049999999999954,66.96,66.95
2011-05-04,KMB,17750,KIMBERLY CLARK CORP,,,0.004182,0.2573281049811702,0.0001487209994049,1.9204916458613408e-11,-0.006855,8.194585020242915,67.24,395200.0,26573248.0,0.0049999999999954,67.24,67.23
2011-05-05,KMB,17750,KIMBERLY CLARK CORP,,,-0.006098,-0.2375791261386444,0.0001496333981745,-3.695534656627652e-11,-0.00907,6.247722672064778,66.83,395200.0,26411216.0,0.0050000000000025,66.81,66.8
2011-05-06,KMB,17750,KIMBERLY CLARK CORP,,,0.000748,-0.0842817220849702,0.0001495215311003,4.946576968737633e-12,0.00382,5.721153846153846,66.88,395200.0,26430976.0,0.0049999999999954,66.88,66.87
2011-05-09,KMB,17750,KIMBERLY CLARK CORP,,,0.004785,-0.0786819991154356,0.0001488095238095,3.418239985735545e-11,0.004544,5.271002024291498,67.2,395200.0,26557440.0,0.0050000000000025,67.2,67.19
2011-05-10,KMB,17750,KIMBERLY CLARK CORP,,,0.006994,-0.0887139359608276,0.000147775971627,5.444582761203878e-11,0.008074,4.8033906882591095,67.67,395200.0,26743184.0,0.0050000000000025,67.68,67.67
2011-05-11,KMB,17750,KIMBERLY CLARK CORP,,,-0.002808,0.159195069272507,0.0001481920569058,-1.89103974456417e-11,-0.011111,5.568066801619433,67.48,395200.0,26668096.0,0.0050000000000025,67.45,67.44
2011-05-12,KMB,17750,KIMBERLY CLARK CORP,,,0.013634,0.0556237218813906,0.0001461988304094,8.580975736369063e-11,0.004895,5.877783400809717,68.4,395200.0,27031680.000000004,0.0050000000000025,68.39,68.38
2011-05-13,KMB,17750,KIMBERLY CLARK CORP,,,-0.001608,-0.2022041413750054,0.0001464343242054,-1.2705935318508244e-11,-0.008067,4.689271255060729,68.29,395200.0,26988208.000000004,0.0049999999999954,68.27,68.26
2011-05-16,KMB,17750,KIMBERLY CLARK CORP,,,-0.002929,-0.2119037340815885,0.0001468644441179,-2.945333494158531e-11,-0.006204,3.695597165991903,68.09,395200.0,26909168.0,0.0049999999999954,68.1,68.09
2011-05-17,KMB,17750,KIMBERLY CLARK CORP,,,0.003819,0.1762410133515919,0.0001463057790783,3.2524697031254843e-11,-0.000369,4.346912955465587,68.35,395200.0,27011920.0,0.0050000000000025,68.33,68.32
2011-05-18,KMB,17750,KIMBERLY CLARK CORP,,,-0.000878,-0.2163106117934687,0.0001464343242054,-9.549828169985242e-12,0.008804,3.4066295546558703,68.29,395200.0,26988208.000000004,0.0049999999999954,68.27,68.26
2011-05-19,KMB,17750,KIMBERLY CLARK CORP,,,0.00205,0.0759860358018271,0.0001461347362268,2.0680395503585688e-11,0.002178,3.6654858299595134,68.43,395200.0,27043536.000000004,0.0050000000000025,68.42,68.41
2011-05-20,KMB,17750,KIMBERLY CLARK CORP,,,-0.003653,0.0434212342951816,0.0001466705778819,-3.5447411247319e-11,-0.007688,3.8246457489878543,68.18,395200.0,26944736.000000004,0.0049999999999954,68.16,68.15
2011-05-23,KMB,17750,KIMBERLY CLARK CORP,,,-0.00352,-0.0551108170691365,0.0001471886959082,-3.6276726620690586e-11,-0.011926,3.6138663967611335,67.94,395200.0,26849888.0,0.0050000000000025,67.95,67.94
2011-05-24,KMB,17750,KIMBERLY CLARK CORP,,,0.006035,0.6461980114829855,0.0001463057790783,3.75549902912416e-11,-0.000827,5.949139676113361,68.35,395200.0,27011920.0,0.0050000000000025,68.33,68.32
2011-05-25,KMB,17750,KIMBERLY CLARK CORP,,,-0.01068,0.0846412317638551,0.0001478852410528,-6.193538976688875e-11,0.003183,6.452682186234818,67.62,395200.0,26723424.0,0.0049999999999954,67.63,67.62
2011-05-26,KMB,17750,KIMBERLY CLARK CORP,,,0.001331,-0.2635582918316929,0.0001476886722787,1.0467179062999522e-11,0.003953,4.752024291497976,67.71,395200.0,26758992.0,0.0049999999999954,67.71,67.7
2011-05-27,KMB,17750,KIMBERLY CLARK CORP,,,-0.000738,-0.2929712460063898,0.0001477978125922,-8.214699931704455e-12,0.004081,3.3598178137651824,67.66,395200.0,26739232.0,0.0049999999999954,67.69,67.68
2011-05-31,KMB,17750,KIMBERLY CLARK CORP,,,0.009459,1.157930411206507,0.0001464128843338,4.833418744681592e-11,0.010593,7.293103711584767,68.3,392878.0,26833567.4,0.0050000000000025,68.33,68.32
2011-06-01,KMB,17750,KIMBERLY CLARK CORP,,,-0.011713,-0.1616584650821904,0.000148148148148,-7.223925978349191e-11,-0.022785,6.114111759884748,67.5,392878.0,26519265.0,0.0049999999999954,67.52,67.51
2011-06-02,KMB,17750,KIMBERLY CLARK CORP,,,-0.008889,0.105116356521377,0.000149476831091,-5.005272174977422e-11,-0.001225,6.756804911448338,66.9,392878.0,26283538.200000003,0.0049999999999954,66.91,66.9
2011-06-03,KMB,17750,KIMBERLY CLARK CORP,,,-0.013154,0.2590597453476984,0.0001514692517419,-5.961243866238535e-11,-0.009734,8.507221071172221,66.02,392878.0,25937805.56,0.0050000000000025,66.04,66.03
2011-06-06,KMB,17750,KIMBERLY CLARK CORP,,,0.001969,-0.1472339406995183,0.000151171579743,1.0443366799311744e-11,-0.01076,7.254669388461558,66.15,392878.0,25988879.700000003,0.0050000000000025,66.18,66.17
2011-06-07,KMB,17750,KIMBERLY CLARK CORP,,,-0.003779,-0.2447898393095221,0.0001517450682851,-2.6640864717773558e-11,-0.000956,5.478800034616344,65.9,392878.0,25890660.200000003,0.0049999999999954,65.94,65.93
2011-06-08,KMB,17750,KIMBERLY CLARK CORP,,,0.003945,0.1435540069686411,0.0001527650473572,2.4483368345481e-11,-0.004187,6.2653037329654495,65.46,392878.0,25717793.88,0.0050000000000025,65.48,65.47
2011-06-09,KMB,17750,KIMBERLY CLARK CORP,,,-0.000458,-0.2084501320333129,0.0001528350909367,-3.592612997797712e-12,0.007378,4.959300342599993,65.43,392878.0,25706007.540000003,0.0049999999999954,65.46,65.45
2011-06-10,KMB,17750,KIMBERLY CLARK CORP,,,-0.01238,0.2891603366865121,0.0001547508511295,-7.627261473785547e-11,-0.01398,6.393333299395741,64.62,392878.0,25387776.360000003,0.0049999999999954,64.63,64.62
2011-06-13,KMB,17750,KIMBERLY CLARK CORP,,,0.004333,0.0744087905087984,0.0001540832049307,2.4739412567701515e-11,0.000669,6.869053497523404,64.9,392878.0,25497782.200000003,0.0050000000000025,64.92,64.91
2011-06-14,KMB,17750,KIMBERLY CLARK CORP,,,0.010786,-0.1119798421462185,0.0001524390243903,6.860869255469104e-11,0.012612,6.099857971176803,65.6,392878.0,25772796.8,0.0050000000000025,65.61,65.6
2011-06-15,KMB,17750,KIMBERLY CLARK CORP,,,-0.006707,0.0910911746296683,0.0001534683855124,-3.9364863914368354e-11,-0.017432,6.655501198845443,65.16,392878.0,25599930.48,0.0049999999999954,65.16,65.15
2011-06-16,KMB,17750,KIMBERLY CLARK CORP,,,0.008594,-0.1860180510937739,0.0001521606816799,6.143905743077731e-11,0.001754,5.417457836783938,65.72,392878.0,25819942.16,0.0050000000000025,65.75,65.74
2011-06-17,KMB,17750,KIMBERLY CLARK CORP,,,0.007608,0.984119526404811,0.0001510117789188,2.7205721383232132e-11,0.003045,10.74888387743778,66.22,392878.0,26016381.16,0.0050000000000025,66.17,66.16
2011-06-20,KMB,17750,KIMBERLY CLARK CORP,,,0.008457,-0.5266161496566422,0.0001497454327641,6.334836300773803e-11,0.005395,5.0883480367951375,66.78,392878.0,26236392.84,0.0049999999999954,66.8,66.79
2011-06-21,KMB,17750,KIMBERLY CLARK CORP,,,0.001048,-0.2239507778500324,0.0001495886312641,1.0104994557476931e-11,0.013423,3.9488085359831806,66.85,392878.0,26263894.3,0.0050000000000025,66.87,66.86
2011-06-22,KMB,17750,KIMBERLY CLARK CORP,,,-0.006582,0.0693567100683254,0.0001505797319679,-5.974175984411594e-11,-0.006468,4.222684904728695,66.41,392878.0,26091027.98,0.0049999999999954,66.38,66.37
2011-06-23,KMB,17750,KIMBERLY CLARK CORP,,,-0.004969,0.2618444846292946,0.0001513317191284,-3.59208613904972e-11,-0.002828,5.328371657359282,66.08,392878.0,25961378.24,0.0050000000000025,66.09,66.08
2011-06-24,KMB,17750,KIMBERLY CLARK CORP,,,-0.010896,0.0829272953090665,0.0001529987760096,-7.353659741520479e-11,-0.011726,5.770239107305576,65.36,392878.0,25678506.08,0.0049999999999954,65.38,65.37
2011-06-27,KMB,17750,KIMBERLY CLARK CORP,,,0.000918,-0.4042346713718571,0.0001528584530725,1.038975713908734e-11,0.009184,3.437708398026869,65.42,392878.0,25702078.76,0.0050000000000025,65.42,65.41
2011-06-28,KMB,17750,KIMBERLY CLARK CORP,,,0.004586,0.2635865541240929,0.0001521606816799,4.088883664501407e-11,0.012944,4.343842108746227,65.72,392878.0,25819942.16,0.0050000000000025,65.7,65.69
2011-06-29,KMB,17750,KIMBERLY CLARK CORP,,,0.006847,0.1556896753779444,0.0001511258878644,5.2464582173546416e-11,0.008283,5.020133476549972,66.17,392878.0,25996737.26,0.0049999999999954,66.19,66.18
2011-06-30,KMB,17750,KIMBERLY CLARK CORP,,,0.005894,-0.0744308675150838,0.0001502403846154,4.8508180056043656e-11,0.010119,4.646480586848844,66.56,392878.0,26149959.68,0.0050000000000025,66.54,66.53
2011-07-01,KMB,17750,KIMBERLY CLARK CORP,,,0.005108,0.1844973979731581,0.0001494768310912,3.531090289107672e-11,0.01441,5.503744164855248,66.9,392878.0,26283538.200000003,0.0050000000000025,66.92,66.91
2011-07-05,KMB,17750,KIMBERLY CLARK CORP,,,-0.00568,0.0977200203487027,0.0001503307276005,-3.597398604533614e-11,-0.001336,6.041570156638957,66.52,392878.0,26134244.56,0.0049999999999954,66.55,66.54
2011-07-06,KMB,17750,KIMBERLY CLARK CORP,,,-0.001654,0.0500084260195483,0.0001505797319679,-9.99313391947998e-12,0.001002,6.343699570859148,66.41,392878.0,26091027.98,0.0049999999999954,66.44,66.43
2011-07-07,KMB,17750,KIMBERLY CLARK CORP,,,0.004517,-0.0668057617461782,0.0002998051266676,2.911298815800687e-11,0.010454,5.919903888738998,66.71,392878.0,26208891.38,0.009999999999998,66.75,66.73
2011-07-08,KMB,17750,KIMBERLY CLARK CORP,,,-0.001349,-0.047510534009803,0.0001501050735515,-9.140601463501767e-12,-0.006961,5.6386460936982985,66.62,392878.0,26173532.360000003,0.0050000000000025,66.62,66.61
2011-07-11,KMB,17750,KIMBERLY CLARK CORP,,,-0.0003,0.1367760574188596,0.0001501501501502,-1.7887084559045799e-12,-0.01809,6.4098778755746055,66.6,392878.0,26165674.8,0.0050000000000025,66.59,66.58
2011-07-12,KMB,17750,KIMBERLY CLARK CORP,,,0.001652,-0.247945042290434,0.0001499025633339,1.307561300108201e-11,-0.004434,4.820580434638742,66.71,392878.0,26208891.38,0.0050000000000025,66.73,66.72
2011-07-13,KMB,17750,KIMBERLY CLARK CORP,,,0.00045,-0.1682771001636833,0.0001498351813004,4.280461629333179e-12,0.003106,4.009387137991947,66.74,392878.0,26220677.72,0.0049999999999954,66.74,66.73
2011-07-14,KMB,17750,KIMBERLY CLARK CORP,,,-0.005394,0.4657186389029963,0.0001506477854776,-3.5195519528149836e-11,-0.006716,5.876633458732736,66.38,392878.0,26079241.64,0.0050000000000025,66.39,66.38
2011-07-15,KMB,17750,KIMBERLY CLARK CORP,,,0.010847,0.478387040887041,0.0001490312965723,4.7360105291639276e-11,0.005554,8.687938749433666,67.1,392878.0,26362113.8,0.0050000000000025,67.11,67.1
2011-07-18,KMB,17750,KIMBERLY CLARK CORP,,,-0.01073,-0.3325227785427592,0.0001506477854776,-7.094986341457003e-11,-0.00813,5.799001216662679,66.38,392878.0,26079241.64,0.0050000000000025,66.4,66.39
2011-07-19,KMB,17750,KIMBERLY CLARK CORP,,,0.006779,-0.1007330026774349,0.0001496333981743,4.951019163533529e-11,0.016309,5.214850411578149,66.83,392878.0,26256036.74,0.0049999999999954,66.82,66.81
2011-07-20,KMB,17750,KIMBERLY CLARK CORP,,,0.002095,-0.1362748926200703,0.0001493205913096,1.7677816387516368e-11,-0.000671,4.504197231710608,66.97,392878.0,26311039.66,0.0050000000000025,67.0,66.99
2011-07-21,KMB,17750,KIMBERLY CLARK CORP,,,0.012543,0.1995931283905967,0.0001474708745021,8.713619648022286e-11,0.013546,5.403204048075993,67.81,392878.0,26641057.18,0.0049999999999954,67.82,67.81
2011-07-22,KMB,17750,KIMBERLY CLARK CORP,,,0.001327,0.22719992462785,0.0001472754050074,7.501994642999184e-12,0.000908,6.630811600547752,67.9,392878.0,26676416.200000003,0.0050000000000025,67.89,67.88
2011-07-25,KMB,17750,KIMBERLY CLARK CORP,,,-0.020913,0.4469694061648306,0.0001504211793021,-8.345292804731878e-11,-0.005643,9.594581524035451,66.48,392878.0,26118529.44,0.0050000000000025,66.51,66.5
2011-07-26,KMB,17750,KIMBERLY CLARK CORP,,,0.006769,-0.1632842552062607,0.0002988196623337,3.206579413978071e-11,-0.004105,8.027937425867572,66.93,392878.0,26295324.540000003,0.009999999999998,66.95,66.93
2011-07-27,KMB,17750,KIMBERLY CLARK CORP,,,-0.010907,-0.3178820545339251,0.0001510574018127,-7.658190394956758e-11,-0.020309,5.476000183262998,66.2,392878.0,26008523.6,0.0050000000000025,66.22,66.21
2011-07-28,KMB,17750,KIMBERLY CLARK CORP,,,-0.006042,-0.2042855814818257,0.0001519756838906,-5.3638476667262645e-11,-0.003234,4.357332301630532,65.8,392878.0,25851372.4,0.0050000000000025,65.78,65.77
2011-07-29,KMB,17750,KIMBERLY CLARK CORP,,,-0.006687,0.3034639873824405,0.0001529987760096,-4.585026508817239e-11,-0.006451,5.689444161142275,65.36,392200.0,25634192.0,0.0049999999999954,65.35,65.34
2011-08-01,KMB,17750,KIMBERLY CLARK CORP,,,-0.002907,0.0147889217531593,0.0001534448365811,-1.9698999290836023e-11,-0.004132,5.773584905660377,65.17,392200.0,25559674.0,0.0049999999999954,65.16,65.15
2011-08-02,KMB,17750,KIMBERLY CLARK CORP,,,-0.00982,-0.0411146440558205,0.0003099333643266,-7.008579278975492e-11,-0.025557,5.536206017338093,64.53,392200.0,25308666.0,0.009999999999998,64.52,64.5
2011-08-03,KMB,17750,KIMBERLY CLARK CORP,,,0.00031,0.2194077280891631,0.0001549186676995,1.8138303805881297e-12,0.005016,6.750892401835798,64.55,392200.0,25316510.0,0.0050000000000025,64.54,64.53
2011-08-04,KMB,17750,KIMBERLY CLARK CORP,,,-0.023393,0.5527438909241984,0.0001586294416243,-9.026120178825602e-11,-0.04782,10.482406935237124,63.04,392200.0,24724288.0,0.004999999999999,63.04,63.03
2011-08-05,KMB,17750,KIMBERLY CLARK CORP,,,0.016339,0.1430239346176298,0.0001560792882785,5.4268375280505634e-11,-0.000575,11.981642019377867,64.07,392200.0,25128254.0,0.0050000000000025,64.09,64.08
2011-08-08,KMB,17750,KIMBERLY CLARK CORP,,,-0.018886,0.3653600612870276,0.0003181673560293,-4.682680043927635e-11,-0.066634,16.35925548189699,62.86,392200.0,24653692.0,0.0100000000000015,62.88,62.86
2011-08-09,KMB,17750,KIMBERLY CLARK CORP,,,0.021954,0.0253736693630086,0.0001556662515567,5.194632669101172e-11,0.047407,16.774349821519632,64.24,392200.0,25194928.0,0.0050000000000025,64.26,64.25
2011-08-10,KMB,17750,KIMBERLY CLARK CORP,,,-0.025996,0.1814589065041267,0.0001598210004794,-5.3452554819613766e-11,-0.044152,19.81820499745028,62.57,392200.0,24539954.0,0.004999999999999,62.54,62.53
2011-08-11,KMB,17750,KIMBERLY CLARK CORP,,,0.032444,-0.4271360016467894,0.0003095975232197,1.1279203677929856e-10,0.04629,11.353136155022948,64.6,392200.0,25336120.0,0.009999999999998,64.58,64.56
2011-08-12,KMB,17750,KIMBERLY CLARK CORP,,,0.008359,-0.2962247625036495,0.000153515505066,4.094955186670044e-11,0.005262,7.990056093829678,65.14,392200.0,25547908.0,0.0050000000000025,65.14,65.13
2011-08-15,KMB,17750,KIMBERLY CLARK CORP,,,0.014737,-0.0573443533203561,0.0001512859304085,7.547395925625093e-11,0.021785,7.531871494135645,66.1,392200.0,25924420.0,0.0050000000000025,66.11,66.1
2011-08-16,KMB,17750,KIMBERLY CLARK CORP,,,-0.000151,0.0220717670954637,0.0001513088213043,-7.567445686588033e-13,-0.009739,7.69811320754717,66.09,392200.0,25920498.0,0.0050000000000025,66.09,66.08
2011-08-17,KMB,17750,KIMBERLY CLARK CORP,,,-0.001816,-0.0784313725490196,0.0001515840533574,-9.893496294471591e-12,0.000947,7.09433962264151,65.97,392200.0,25873434.0,0.0049999999999954,65.96,65.95
2011-08-18,KMB,17750,KIMBERLY CLARK CORP,,,-0.00576,0.420176825761932,0.0001524622655893,-2.2224032640621945e-11,-0.044594,10.075216726160122,65.59,392200.0,25724398.0,0.0050000000000025,65.59,65.58
2011-08-19,KMB,17750,KIMBERLY CLARK CORP,,,-0.003659,-0.1782361128685309,0.0001530221882173,-1.724279954074494e-11,-0.015009,8.279449260581336,65.35,392200.0,25630270.0,0.0050000000000025,65.4,65.39
2011-08-22,KMB,17750,KIMBERLY CLARK CORP,,,0.006427,-0.104520817935452,0.0001520450053216,3.36059305730024e-11,0.000258,7.414074451810301,65.77,392200.0,25794994.0,0.0050000000000025,65.76,65.75
2011-08-23,KMB,17750,KIMBERLY CLARK CORP,,,0.022655,0.1652795928193136,0.0001486767766873,9.940598441314163e-11,0.034285,8.639469658337584,67.26,392200.0,26379372.000000004,0.0049999999999954,67.24,67.23
2011-08-24,KMB,17750,KIMBERLY CLARK CORP,,,0.009961,-0.1115275646322748,0.0001472103636094,4.870826878974279e-11,0.01312,7.67593064762876,67.93,392200.0,26642146.000000004,0.0049999999999954,67.94,67.93
2011-08-25,KMB,17750,KIMBERLY CLARK CORP,,,-0.009274,1.6200963295133697,0.000148588410104,-1.747013001476465e-11,-0.015566,20.1116777154513,67.3,392200.0,26395060.0,0.0050000000000025,67.29,67.28
2011-08-26,KMB,17750,KIMBERLY CLARK CORP,,,0.007875,-0.5341286543776465,0.0001474273920093,3.159416311737838e-11,0.015122,9.3694543600204,67.83,392200.0,26602926.0,0.0049999999999954,67.82,67.81
2011-08-29,KMB,17750,KIMBERLY CLARK CORP,,,0.008846,0.611723405992326,0.0001461347362266,2.1826695651610483e-11,0.02828,15.100968893421724,68.43,392200.0,26838246.000000004,0.0049999999999954,68.46,68.45
2011-08-30,KMB,17750,KIMBERLY CLARK CORP,,,0.001315,-0.437611859656232,-0.0001459427904262,5.761822067082717e-12,0.002347,8.49260581336053,68.52,392200.0,26873544.0,-0.0050000000000025,68.52,68.53
2011-08-31,KMB,17750,KIMBERLY CLARK CORP,,,0.00934,0.2743485048636964,0.0001445922498552,3.181669918601301e-11,0.004922,10.833505613790605,69.16,391803.0,27097095.48,0.0049999999999954,69.13,69.12
2011-09-01,KMB,17750,KIMBERLY CLARK CORP,,,-0.005495,-0.3087452292324365,0.0001453911020646,-2.7228932410099252e-11,-0.011871,7.488712439669936,68.78,391803.0,26948210.34,0.0050000000000025,68.78,68.77
2011-09-02,KMB,17750,KIMBERLY CLARK CORP,,,-0.00945,-0.244367949285982,0.0001467782181122,-6.256164183674546e-11,-0.025282,5.65871113799537,68.13,391803.0,26693538.39,0.0049999999999954,68.13,68.12
2011-09-06,KMB,17750,KIMBERLY CLARK CORP,,,0.001908,0.4926255017816066,0.0001464986815119,8.446483677050767e-12,-0.007436,8.446336551787505,68.26,391803.0,26744472.78,0.0050000000000025,68.25,68.24
2011-09-07,KMB,17750,KIMBERLY CLARK CORP,,,0.013478,-0.2156045085063306,0.000146028037383,7.58211683431107e-11,0.028646,6.625268310860305,68.48,391803.0,26830669.44,0.0049999999999954,68.49,68.48
2011-09-08,KMB,17750,KIMBERLY CLARK CORP,,,-0.005403,0.2987903536482008,0.0001468213184555,-2.3529559933995992e-11,-0.010612,8.604834572476474,68.11,391803.0,26685702.33,0.0050000000000025,68.14,68.13
2011-09-09,KMB,17750,KIMBERLY CLARK CORP,,,-0.01292,-0.187933796049119,0.0002974862412612,-7.01936269467553e-11,-0.026705,6.987695346896272,67.23,391803.0,26340915.69,0.009999999999998,67.21,67.19
2011-09-12,KMB,17750,KIMBERLY CLARK CORP,,,0.000297,0.0350646504492657,0.0001486988847584,1.5584575048780509e-12,0.006966,7.232716441681151,67.25,391803.0,26348751.75,0.0050000000000025,67.23,67.22
2011-09-13,KMB,17750,KIMBERLY CLARK CORP,,,0.003717,-0.2742254216952502,0.0001481481481482,2.6774282426540896e-11,0.00912,5.249321725458968,67.5,391803.0,26446702.5,0.0050000000000025,67.51,67.5
2011-09-14,KMB,17750,KIMBERLY CLARK CORP,,,0.010519,0.1303544513054892,0.0001466060694913,6.633470599530033e-11,0.01348,5.933594178707156,68.21,391803.0,26724882.63,0.0050000000000025,68.23,68.22
2011-09-15,KMB,17750,KIMBERLY CLARK CORP,,,0.008063,0.0711459050240881,0.0001454333915065,4.708976932448964e-11,0.017187,6.355745106596938,68.76,391803.0,26940374.28,0.0049999999999954,68.74,68.73
2011-09-16,KMB,17750,KIMBERLY CLARK CORP,,,0.014834,0.3109790378282868,0.0001433075379763,6.511744220864317e-11,0.005707,8.332248604528296,69.78,391803.0,27340013.34,0.0049999999999954,69.8,69.79
2011-09-19,KMB,17750,KIMBERLY CLARK CORP,,,0.001576,-0.0880659192550389,0.0001430819859778,7.574391518634692e-12,-0.009803,7.598461471708997,69.89,391803.0,27383111.67,0.0049999999999954,69.88,69.87
2011-09-20,KMB,17750,KIMBERLY CLARK CORP,,,0.008013,0.070706392126566,0.0001419446415898,3.5682093520482714e-11,-0.001661,8.135721268086257,70.45,391803.0,27602521.35,0.0050000000000025,70.47,70.46
2011-09-21,KMB,17750,KIMBERLY CLARK CORP,,,-0.016466,0.0120780524532564,0.0002886419396739,-7.366135858574377e-11,-0.02939,8.233984936307277,69.29,391803.0,27148029.87,0.0100000000000051,69.26,69.24
2011-09-22,KMB,17750,KIMBERLY CLARK CORP,,,-0.001299,0.7081925544775425,0.00014450867052,-3.406343235206873e-12,-0.031883,14.065231761880332,69.2,391803.0,27112767.6,0.0049999999999954,69.19,69.18
2011-09-23,KMB,17750,KIMBERLY CLARK CORP,,,0.011127,-0.3600929084706394,0.0001429183935973,4.5095648977900035e-11,0.006082,9.000441548431226,69.97,391803.0,27414455.91,0.0050000000000025,69.95,69.94
2011-09-26,KMB,17750,KIMBERLY CLARK CORP,,,0.011862,-0.1800419691470054,0.0001412429378531,5.794306515004528e-11,0.023336,7.379984328859146,70.8,391803.0,27739652.4,0.0050000000000025,70.81,70.8
2011-09-27,KMB,17750,KIMBERLY CLARK CORP,,,0.005367,0.1568044267681134,0.0002809778027535,2.254189762591523e-11,0.010688,8.537198541103566,71.18,391803.0,27888537.540000003,0.009999999999998,71.21,71.19
2011-09-28,KMB,17750,KIMBERLY CLARK CORP,,,-0.019106,-0.0233788753026996,0.0001432254368374,-8.376848796090395e-11,-0.020691,8.337608440976716,69.82,391803.0,27355685.46,0.0049999999999954,69.85,69.84
2011-09-29,KMB,17750,KIMBERLY CLARK CORP,,,0.020195,0.4136590442954664,0.0001403902849921,6.139414909958998e-11,0.008114,11.786535580380956,71.23,391803.0,27908127.69,0.0049999999999954,71.19,71.18
2011-09-30,KMB,17750,KIMBERLY CLARK CORP,,,-0.003089,-0.1356864443482026,0.0002816504717644,-1.0898660962076774e-11,-0.024974,10.187262476295484,71.01,391803.0,27821931.03,0.009999999999998,71.0,70.98
2011-10-03,KMB,17750,KIMBERLY CLARK CORP,,,-0.004929,0.1121160495064388,0.0,-1.5714834938725885e-11,-0.028451,11.329418100422917,70.66,391803.0,27684799.98,0.0,70.64,70.64
2011-10-04,KMB,17750,KIMBERLY CLARK CORP,,,-0.003963,0.1187231070760774,0.0001420858198352,-1.1339054431358268e-11,0.022488,12.674481818669076,70.38,391803.0,27575095.14,0.0050000000000025,70.4,70.39
2011-10-05,KMB,17750,KIMBERLY CLARK CORP,,,-0.000568,-0.1294025252220141,0.0001421666192778,-1.8678009795708546e-12,0.017866,11.03437186545279,70.34,391803.0,27559423.02,0.0050000000000025,70.37,70.36
2011-10-06,KMB,17750,KIMBERLY CLARK CORP,,,0.009099,-0.2879744639511484,0.0001408847562692,4.164345246710888e-11,0.018304,7.85675454246139,70.98,391803.0,27810176.94,0.0049999999999954,70.99,70.98
2011-10-07,KMB,17750,KIMBERLY CLARK CORP,,,-0.000282,-0.0878731767534028,0.0001409244644869,-1.415367867559793e-12,-0.008163,7.166356561843579,70.96,391803.0,27802340.88,0.0049999999999954,70.96,70.95
2011-10-10,KMB,17750,KIMBERLY CLARK CORP,,,0.009865,-0.1434931262910463,0.0001395478649177,5.7243115614486365e-11,0.034125,6.13803365466829,71.66,391803.0,28076602.98,0.0050000000000025,71.65,71.64
2011-10-11,KMB,17750,KIMBERLY CLARK CORP,,,-0.002931,-0.069524720362593,0.0001399580125962,-1.833207914016732e-11,0.000544,5.711288581251292,71.45,391803.0,27994324.35,0.0050000000000025,71.45,71.44
2011-10-12,KMB,17750,KIMBERLY CLARK CORP,,,0.007558,0.3939312687134111,0.0001389081816917,3.3658246897518364e-11,0.009795,7.961143738052031,71.99,391803.0,28205897.97,0.0049999999999954,71.99,71.98
2011-10-13,KMB,17750,KIMBERLY CLARK CORP,,,-0.008196,-0.3918312387791741,0.000140056022409,-6.051128938660335e-11,-0.002974,4.841718925072039,71.4,391803.0,27974734.200000003,0.0050000000000025,71.42,71.41
2011-10-14,KMB,17750,KIMBERLY CLARK CORP,,,0.007143,0.0046389035318925,0.0001390627172855,5.212115592246281e-11,0.01738,4.864179192093986,71.91,391803.0,28174553.73,0.0050000000000025,71.9,71.89
2011-10-17,KMB,17750,KIMBERLY CLARK CORP,,,-0.009595,-0.1429321020044076,0.0001404099971918,-8.248034303020212e-11,-0.01937,4.168931835641891,71.22,391803.0,27904209.66,0.0050000000000025,71.23,71.22
2011-10-18,KMB,17750,KIMBERLY CLARK CORP,,,0.007863,0.3378229460022039,0.0001393145723043,5.012952965533682e-11,0.020419,5.577292670040811,71.78,391803.0,28123619.34,0.0050000000000025,71.81,71.8
2011-10-19,KMB,17750,KIMBERLY CLARK CORP,,,-0.002926,-0.2356763682958081,0.0001397233477714,-2.4477937706810764e-11,-0.012649,4.262856588642761,71.57,391803.0,28041340.71,0.0050000000000025,71.58,71.57
2011-10-20,KMB,17750,KIMBERLY CLARK CORP,,,0.001816,0.3246317806250749,0.0001394700139468,1.1448090097982034e-11,0.004554,5.646715313563194,71.7,391803.0,28092275.1,0.0049999999999954,71.71,71.7
2011-10-21,KMB,17750,KIMBERLY CLARK CORP,,,0.018131,0.4744621225818115,0.0001369863013699,7.613802857475203e-11,0.018809,8.325867846851606,73.0,391803.0,28601619.0,0.0050000000000025,72.98,72.97
2011-10-24,KMB,17750,KIMBERLY CLARK CORP,,,-0.04589,1.2735661077220195,0.0001435750179467,-8.88366309843081e-11,0.012873,18.92941095397432,69.65,391803.0,27289078.950000003,0.0049999999999954,69.63,69.62
2011-10-25,KMB,17750,KIMBERLY CLARK CORP,,,-0.001436,-0.522072108513335,0.0001437814521925,-5.824921439617165e-12,-0.020045,9.046893464317527,69.55,391803.0,27249898.65,0.0049999999999954,69.6,69.59
2011-10-26,KMB,17750,KIMBERLY CLARK CORP,,,0.010496,-0.0943688991705693,0.0001422879908934,4.652362083483056e-11,0.010537,8.193148087176464,70.28,391803.0,27535914.84,0.0049999999999954,70.27,70.26
2011-10-27,KMB,17750,KIMBERLY CLARK CORP,,,0.010529,0.174854365907604,0.0001408054069276,3.9310073965661945e-11,0.034291,9.625755800746804,71.02,391803.0,27825849.06,0.0050000000000025,71.03,71.02
2011-10-28,KMB,17750,KIMBERLY CLARK CORP,,,-0.009152,-0.4213289494617384,0.0001421060110841,-5.959284335791921e-11,0.000389,5.570146221442919,70.37,391803.0,27571177.110000003,0.0049999999999954,70.35,70.34
2011-10-31,KMB,17750,KIMBERLY CLARK CORP,,,-0.009379,0.2823038856304984,0.0002869028833739,-4.807686516284687e-11,-0.024738,7.115433511314518,69.71,393300.0,27416943.0,0.009999999999998,69.7,69.68
2011-11-01,KMB,17750,KIMBERLY CLARK CORP,,,-0.014489,0.123566196176523,0.0001455604075692,-6.70745394927102e-11,-0.027942,7.994660564454615,68.7,393300.0,27019710.0,0.0050000000000025,68.7,68.69
2011-11-02,KMB,17750,KIMBERLY CLARK CORP,,,0.005822,-0.4388576153674903,0.0001447178002895,4.775260900504955e-11,0.016105,4.486142893465548,69.1,393300.0,27177030.0,0.0050000000000025,69.09,69.08
2011-11-03,KMB,17750,KIMBERLY CLARK CORP,,,0.008538,0.0533892541373837,0.0001434926101304,6.591735205503482e-11,0.018782,4.725654716501398,69.69,393300.0,27409077.0,0.0049999999999954,69.69,69.68
2011-11-04,KMB,17750,KIMBERLY CLARK CORP,,,0.000287,-0.1497363607016033,0.000143451441687,2.6052372185133097e-12,-0.00628,4.018052377320112,69.71,393300.0,27416943.0,0.0050000000000025,69.72,69.71
2011-11-07,KMB,17750,KIMBERLY CLARK CORP,,,0.006886,-0.1816743656267797,0.0001424704373841,7.58623130086526e-11,0.006296,3.2880752606153063,70.19,393300.0,27605727.0,0.0049999999999954,70.16,70.15
2011-11-08,KMB,17750,KIMBERLY CLARK CORP,,,0.00983,0.316192390968141,0.0001410835214447,8.147882120917424e-11,0.011736,4.327739638952454,70.88,393300.0,27877104.0,0.0050000000000025,70.92,70.91
2011-11-09,KMB,17750,KIMBERLY CLARK CORP,,,-0.01566,0.2563304153692498,0.0004299842339114,-1.0496248134201408e-10,-0.036695,5.437070938215103,69.77,393300.0,27440541.0,0.0150000000000005,69.78,69.75
2011-11-10,KMB,17750,KIMBERLY CLARK CORP,,,0.009746,-0.231060606060606,0.0001419446415898,8.413260821832973e-11,0.008616,4.1807780320366135,70.45,393300.0,27707985.0,0.0050000000000025,70.43,70.42
2011-11-11,KMB,17750,KIMBERLY CLARK CORP,,,0.009226,0.0492610837438423,0.00014064697609,7.521063011687648e-11,0.019489,4.386727688787185,71.1,393300.0,27963630.0,0.0050000000000025,71.08,71.07
2011-11-14,KMB,17750,KIMBERLY CLARK CORP,,,0.000985,0.2575783921636816,0.0001405086412815,6.378808667659917e-12,-0.00955,5.516653953724892,71.17,393300.0,27991161.0,0.0050000000000025,71.17,71.16
2011-11-15,KMB,17750,KIMBERLY CLARK CORP,,,0.002951,-0.3288012167580771,0.0001400952647801,2.8388458859158743e-11,0.004817,3.7027714213068905,71.38,393300.0,28073754.0,0.0050000000000025,71.37,71.36
2011-11-16,KMB,17750,KIMBERLY CLARK CORP,,,-0.01513,0.3901668612236491,0.0001422475106686,-1.0630796919809151e-10,-0.016616,5.147470124586829,70.3,393300.0,27648990.0,0.0050000000000025,70.34,70.33
2011-11-17,KMB,17750,KIMBERLY CLARK CORP,,,-0.003841,0.5022968634230673,0.0002855918891902,-1.803377468238513e-11,-0.0168,7.73302822273074,70.03,393300.0,27542799.0,0.009999999999998,70.06,70.04
2011-11-18,KMB,17750,KIMBERLY CLARK CORP,,,0.001,0.0529032682317354,0.0001426533523538,4.4547154343372055e-12,-0.000395,8.142130689041444,70.1,393300.0,27570330.0,0.0050000000000025,70.12,70.11
2011-11-21,KMB,17750,KIMBERLY CLARK CORP,,,-0.009272,1.7772226212409832,0.0001439884809215,-1.5011651150889878e-11,-0.018648,22.61250953470633,69.45,393300.0,27314685.0,0.0050000000000025,69.42,69.41
2011-11-22,KMB,17750,KIMBERLY CLARK CORP,,,-0.00072,-0.7961882273570585,0.0001440922190202,-5.723623397027722e-12,-0.004141,4.608695652173913,69.4,393300.0,27295020.000000004,0.0050000000000025,69.4,69.39
2011-11-23,KMB,17750,KIMBERLY CLARK CORP,,,-0.01268,0.3680900364117843,0.0002918855808522,-7.462515455293247e-11,-0.022095,6.30511060259344,68.52,393300.0,26948916.0,0.009999999999998,68.52,68.5
2011-11-25,KMB,17750,KIMBERLY CLARK CORP,,,0.002481,-0.5592386482780869,0.000291163196972,3.3045557716710466e-11,-0.002686,2.7790490719552503,68.69,393300.0,27015777.0,0.0100000000000051,68.73,68.71
2011-11-28,KMB,17750,KIMBERLY CLARK CORP,,,0.014267,0.85224153705398,0.0001435338022102,1.0115074122677551e-10,0.02924,5.147470124586829,69.67,393300.0,27401211.0,0.0049999999999954,69.69,69.68
2011-11-29,KMB,17750,KIMBERLY CLARK CORP,,,0.001148,0.2795752037540133,0.0001433691756273,6.353515291259281e-12,0.002214,6.586575133485889,69.75,393300.0,27432675.0,0.0050000000000025,69.75,69.74
2011-11-30,KMB,17750,KIMBERLY CLARK CORP,,,0.02466,0.2528083381586565,0.0001399188470687,1.0631659483312216e-10,0.043315,8.235028432086517,71.47,394097.0,28166112.59,0.0050000000000025,71.43,71.42
2011-12-01,KMB,17750,KIMBERLY CLARK CORP,,,-0.002379,-0.1539717754360017,0.000140252454418,-1.2152113816524329e-11,-0.001909,6.967066483632202,71.3,394097.0,28099116.1,0.0050000000000025,71.33,71.32
2011-12-02,KMB,17750,KIMBERLY CLARK CORP,,,-0.007994,-0.0720034963761517,0.0001413827230313,-4.435688728068199e-11,-0.000241,6.465413337325582,70.73,394097.0,27874480.81,0.0050000000000025,70.65,70.64
2011-12-05,KMB,17750,KIMBERLY CLARK CORP,,,-0.004383,0.0890109890109889,0.0001420051121839,-2.2430748403583727e-11,0.010287,7.040906172845771,70.42,394097.0,27752310.74,0.0049999999999954,70.41,70.4
2011-12-06,KMB,17750,KIMBERLY CLARK CORP,,,0.005254,-0.1233602421796165,0.0001412628902388,3.051162282895415e-11,0.001106,6.17233828219956,70.79,394097.0,27898126.630000003,0.0050000000000025,70.81,70.8
2011-12-07,KMB,17750,KIMBERLY CLARK CORP,,,0.007487,-0.1046659815005138,0.0001416029453411,4.8679060185042326e-11,0.002018,5.526304437739947,70.62,394097.0,27831130.14,0.0049999999999954,70.63,70.62
2011-12-08,KMB,17750,KIMBERLY CLARK CORP,,,-0.011328,-0.0622158960466504,0.0001432254368376,-7.943878517901158e-11,-0.021142,5.182480455319376,69.82,394097.0,27515852.54,0.0050000000000025,69.84,69.83
2011-12-09,KMB,17750,KIMBERLY CLARK CORP,,,0.004583,-0.019339992166079,0.0001425719988592,3.2623070087010845e-11,0.016883,5.082251323912641,70.14,394097.0,27641963.58,0.0049999999999954,70.13,70.12
2011-12-12,KMB,17750,KIMBERLY CLARK CORP,,,-0.003279,-0.1468870138299466,0.000143041052782,-2.7449617374182997e-11,-0.014914,4.33573460340982,69.91,394097.0,27551321.27,0.0049999999999954,69.91,69.9
2011-12-13,KMB,17750,KIMBERLY CLARK CORP,,,0.003004,0.5187569497278632,0.0001426126640046,1.6508359703661095e-11,-0.008686,6.584927061104246,70.12,394097.0,27634081.64,0.0050000000000025,70.12,70.11
2011-12-14,KMB,17750,KIMBERLY CLARK CORP,,,0.001283,-0.2357134599822743,0.0001424298532971,9.213345859653783e-12,-0.011348,5.032771119800455,70.21,394097.0,27669550.37,0.0049999999999954,70.24,70.23
2011-12-15,KMB,17750,KIMBERLY CLARK CORP,,,0.014813,0.1242815367550671,0.0001403508771928,9.323366715366828e-11,0.003243,5.658251648705775,71.25,394097.0,28079411.25,0.0049999999999954,71.24,71.23
2011-12-16,KMB,17750,KIMBERLY CLARK CORP,,,0.000421,0.582268263150814,0.0001402918069583,1.6739747393792309e-12,0.003216,8.952872008667917,71.28,394097.0,28091234.16,0.0049999999999954,71.27,71.26
2011-12-19,KMB,17750,KIMBERLY CLARK CORP,,,-0.001263,-0.5476291698551711,0.0001404691670177,-1.1115378606824848e-11,-0.011733,4.050018142741508,71.19,394097.0,28055765.43,0.0049999999999954,71.19,71.18
2011-12-20,KMB,17750,KIMBERLY CLARK CORP,,,0.019806,0.8302111396529039,0.000137741046832,9.338967457050936e-11,0.029825,7.412388320641872,72.6,394097.0,28611442.2,0.0050000000000025,72.62,72.61
2011-12-21,KMB,17750,KIMBERLY CLARK CORP,,,0.006198,-0.1627413391756812,0.0001368925393564,3.469048814016838e-11,0.00195,6.206086318850435,73.05,394097.0,28788785.85,0.0049999999999954,73.07,73.06
2011-12-22,KMB,17750,KIMBERLY CLARK CORP,,,-0.00178,-0.3389892877586066,0.0001371365880417,-1.509885116064869e-11,0.008266,4.102289537854894,72.92,394097.0,28737553.24,0.0050000000000025,72.93,72.92
2011-12-23,KMB,17750,KIMBERLY CLARK CORP,,,0.011108,-0.1134409599802066,0.0001356300013561,1.051125413427601e-10,0.009035,3.636921874563877,73.73,394097.0,29056771.81,0.0049999999999954,73.74,73.73
2011-12-27,KMB,17750,KIMBERLY CLARK CORP,,,0.001221,-0.269866741087002,0.000135464643728,1.5805287146858303e-11,7.9e-05,2.6554376206872927,73.82,394097.0,29092240.54,0.0050000000000025,73.84,73.83
2011-12-28,KMB,17750,KIMBERLY CLARK CORP,,,-0.00596,0.3750597228858099,0.0001362769146907,-5.644269711996403e-11,-0.012478,3.651385318842823,73.38,394097.0,28918837.86,0.0050000000000025,73.42,73.41
2011-12-29,KMB,17750,KIMBERLY CLARK CORP,,,0.008449,-0.1446143154968728,0.0001351351351352,9.275788096163431e-11,0.010707,3.123342730343037,74.0,394097.0,29163178.0,0.0050000000000025,74.0,73.99
2011-12-30,KMB,17750,KIMBERLY CLARK CORP,,,-0.005946,0.1306361199122594,0.0001359434475258,-5.808146432338728e-11,-0.004291,3.531364105791214,73.56,394097.0,28989775.32,0.0050000000000025,73.54,73.53
2012-01-03,KMB,17750,KIMBERLY CLARK CORP,,,-0.004622,0.7084141697204858,0.0002731494127287,-2.6549810431366523e-11,0.015474,6.033032476776022,73.22,394097.0,28855782.34,0.009999999999998,73.22,73.2
2012-01-04,KMB,17750,KIMBERLY CLARK CORP,,,-0.003141,-0.0357923956931359,0.0001370050691876,-1.877133794190298e-11,0.000188,5.817095791137715,72.99,394097.0,28765140.03,0.0050000000000025,73.0,72.99
2012-01-05,KMB,17750,KIMBERLY CLARK CORP,,,-0.00274,0.0787786259541984,0.000137381508449,-1.5220789015816498e-11,0.002944,6.275358604607495,72.79,394097.0,28686320.630000003,0.0050000000000025,72.75,72.74
2012-01-06,KMB,17750,KIMBERLY CLARK CORP,,,-0.002198,-0.1266426751849905,0.0001376841525541,-1.4011286046288354e-11,-0.002537,5.480630403174853,72.63,394097.0,28623265.11,0.0050000000000025,72.64,72.63
2012-01-09,KMB,17750,KIMBERLY CLARK CORP,,,0.001101,-0.0884300199083291,0.0001375326640075,7.690764542256068e-12,0.002262,4.995978147511907,72.71,394097.0,28654792.87,0.0049999999999954,72.71,72.7
2012-01-10,KMB,17750,KIMBERLY CLARK CORP,,,0.002338,0.3796536136929249,0.0001372118551041,1.1809796688035966e-11,0.008886,6.892719305145688,72.88,394097.0,28721789.36,0.0049999999999954,72.91,72.9
2012-01-11,KMB,17750,KIMBERLY CLARK CORP,,,-0.004802,-0.0383227801501987,0.0001378739831792,-2.534436577833152e-11,0.00031,6.628571138577558,72.53,394097.0,28583855.41,0.0049999999999954,72.52,72.51
2012-01-12,KMB,17750,KIMBERLY CLARK CORP,,,0.004274,-0.2015848103204073,0.0001372872048325,2.813278580112893e-11,0.002337,5.292351882912075,72.84,394097.0,28706025.48,0.0050000000000025,72.83,72.82
2012-01-13,KMB,17750,KIMBERLY CLARK CORP,,,-0.001922,-0.0514935033801601,0.0001375515818432,-1.3363703194794192e-11,-0.004948,5.019830143340345,72.7,394097.0,28650851.9,0.0050000000000025,72.73,72.72
2012-01-17,KMB,17750,KIMBERLY CLARK CORP,,,0.013067,0.3917504928473942,0.0001357773251865,6.443912062668535e-11,0.003553,6.986351076004131,73.65,394097.0,29025244.05,0.0049999999999954,73.66,73.65
2012-01-18,KMB,17750,KIMBERLY CLARK CORP,,,0.004345,-0.1355464351868667,0.0001351899418683,2.4679647805464984e-11,0.011108,6.03937609268784,73.97,394097.0,29151355.09,0.0050000000000025,73.97,73.96
2012-01-19,KMB,17750,KIMBERLY CLARK CORP,,,0.002569,0.0576866518213521,0.0002696871628911,1.3760751598218363e-11,0.004939,6.387767478564922,74.16,394097.0,29226233.52,0.0100000000000051,74.18,74.16
2012-01-20,KMB,17750,KIMBERLY CLARK CORP,,,-0.00445,0.2106538492095018,0.0001354462955438,-1.9776750177838536e-11,0.000669,7.733375285779897,73.83,394097.0,29096181.51,0.0050000000000025,73.83,73.82
2012-01-23,KMB,17750,KIMBERLY CLARK CORP,,,-0.004199,-0.065623256882239,0.0004080522306855,-2.00560840520248e-11,0.000471,7.225886012834404,73.52,394097.0,28974011.44,0.0150000000000005,73.52,73.49
2012-01-24,KMB,17750,KIMBERLY CLARK CORP,,,-0.017002,1.1893809038873475,0.0001383700013835,-3.773343967673934e-11,-0.001026,15.820216850166329,72.27,394097.0,28481390.19,0.0049999999999954,72.27,72.26
2012-01-25,KMB,17750,KIMBERLY CLARK CORP,,,-0.005535,-0.3433204484578247,0.0002782802281899,-1.8810525414372425e-11,0.008672,10.388812906467187,71.87,394097.0,28323751.39,0.0100000000000051,71.87,71.85
2012-01-26,KMB,17750,KIMBERLY CLARK CORP,,,0.001531,-0.3549655610375654,0.0001389274798555,8.053995670369727e-12,-0.005746,6.701142104608764,71.98,394097.0,28367102.06,0.0050000000000025,72.01,72.0
2012-01-27,KMB,17750,KIMBERLY CLARK CORP,,,-0.011809,-0.0695596198265743,0.0002811753128076,-6.75646929217033e-11,-0.001593,6.235013207408328,71.13,394097.0,28032119.61,0.0100000000000051,71.15,71.13
2012-01-30,KMB,17750,KIMBERLY CLARK CORP,,,0.002952,0.2374247110532312,0.0001401738155313,1.3608929272126418e-11,-0.002522,7.715359416590331,71.34,394097.0,28114879.98,0.0050000000000025,71.33,71.32
2012-01-31,KMB,17750,KIMBERLY CLARK CORP,,,0.003084,-0.2894494507662961,0.0001397428731133,1.99475593928232e-11,-0.000457,5.459944402324994,71.56,395700.0,28316292.0,0.0049999999999954,71.57,71.56
2012-02-01,KMB,17750,KIMBERLY CLARK CORP,,,0.006847,0.1067345521869937,0.0001387925052045,3.9743728122483816e-11,0.0089,6.042709123073035,72.05,395700.0,28510185.0,0.0049999999999954,72.05,72.04
2012-02-02,KMB,17750,KIMBERLY CLARK CORP,,,0.003609,-0.2475011500982811,0.0001382934587194,2.773862571657444e-11,0.001095,4.547131665403083,72.31,395700.0,28613067.0,0.0050000000000025,72.29,72.28
2012-02-03,KMB,17750,KIMBERLY CLARK CORP,,,-0.001106,0.0499638748402155,0.0001384466288246,-8.105122352318148e-12,0.014605,4.774323982815264,72.23,395700.0,28581411.0,0.0050000000000025,72.22,72.21
2012-02-06,KMB,17750,KIMBERLY CLARK CORP,,,-0.000415,-0.0297480414990471,0.0001385041551247,-3.135800566106454e-12,-0.000424,4.632297194844579,72.2,395700.0,28569540.0,0.0050000000000025,72.2,72.19
2012-02-07,KMB,17750,KIMBERLY CLARK CORP,,,-0.006371,0.4274413529732679,0.0001393922497909,-3.394106720496457e-11,0.002023,6.61233257518322,71.74,395700.0,28387518.0,0.0050000000000025,71.75,71.74
2012-02-08,KMB,17750,KIMBERLY CLARK CORP,,,-0.000558,-0.2622205236002293,0.000139470013947,-4.031509934854268e-12,0.00216,4.878443265099823,71.7,395700.0,28371690.0,0.0050000000000025,71.68,71.67
2012-02-09,KMB,17750,KIMBERLY CLARK CORP,,,0.00251,-0.1201823456278491,0.0001391207568169,2.0560121267690878e-11,0.001474,4.292140510487744,71.88,395700.0,28442916.0,0.0050000000000025,71.86,71.85
2012-02-10,KMB,17750,KIMBERLY CLARK CORP,,,-0.004452,0.2188530381535562,0.0002794857462268,-3.005339215985575e-11,-0.006886,5.231488501389942,71.56,395700.0,28316292.0,0.009999999999998,71.61,71.59
2012-02-13,KMB,17750,KIMBERLY CLARK CORP,,,0.002515,-0.2853485338872518,0.0001393922497909,2.369687090875644e-11,0.0068,3.738690927470306,71.74,395700.0,28387518.0,0.0050000000000025,71.72,71.71
2012-02-14,KMB,17750,KIMBERLY CLARK CORP,,,-0.001533,0.5801000405569825,0.000139606310205,-9.155393289895799e-12,-0.00094,5.907505686125853,71.63,395700.0,28343991.0,0.0049999999999954,71.63,71.62
2012-02-15,KMB,17750,KIMBERLY CLARK CORP,,,-0.006003,0.0802532511978098,0.0001404494382021,-3.3388166383973145e-11,-0.005383,6.3816022239070005,71.2,395700.0,28173840.0,0.0049999999999954,71.19,71.18
2012-02-16,KMB,17750,KIMBERLY CLARK CORP,,,0.00323,-0.1616901631553936,0.0002799944001119,2.1360997504883385e-11,0.011026,5.349759919130655,71.43,395700.0,28264851.000000004,0.009999999999998,71.45,71.43
2012-02-17,KMB,17750,KIMBERLY CLARK CORP,,,0.00196,0.0573952477679626,0.0001397233477714,1.223453188134242e-11,0.002349,5.656810715188274,71.57,395700.0,28320249.0,0.0050000000000025,71.59,71.58
2012-02-21,KMB,17750,KIMBERLY CLARK CORP,,,-0.002375,-0.1775375268048605,0.000140056022409,-1.806806372739209e-11,0.00072,4.652514531210513,71.4,395700.0,28252980.000000004,0.0050000000000025,71.39,71.38
2012-02-22,KMB,17750,KIMBERLY CLARK CORP,,,-0.002381,0.3652362846279195,0.0001403902849923,-1.3299485500382555e-11,-0.00334,6.351781652767248,71.23,395700.0,28185711.0,0.0050000000000025,71.22,71.21
2012-02-23,KMB,17750,KIMBERLY CLARK CORP,,,0.009406,-0.2364924007320761,0.0001390820584145,6.817122675593816e-11,0.004272,4.849633560778368,71.9,395700.0,28450830.000000004,0.0050000000000025,71.89,71.88
2012-02-24,KMB,17750,KIMBERLY CLARK CORP,,,-0.001252,0.1134445023449712,0.000139256370979,-8.159731196034694e-12,0.001672,5.39979782663634,71.81,395700.0,28415217.0,0.0050000000000025,71.81,71.8
2012-02-27,KMB,17750,KIMBERLY CLARK CORP,,,0.000557,-0.1810268170543361,0.0001391788448154,4.430116953099179e-12,0.001355,4.422289613343442,71.85,395700.0,28431045.0,0.0049999999999954,71.85,71.84
2012-02-28,KMB,17750,KIMBERLY CLARK CORP,,,0.005289,0.1700097148408481,0.0001384466288246,3.576459020480837e-11,0.003356,5.174121809451605,72.23,395700.0,28581411.0,0.0050000000000025,72.25,72.24
2012-02-29,KMB,17750,KIMBERLY CLARK CORP,,,0.008999,0.776057438702745,0.0001372118551043,3.395675505550766e-11,-0.004737,9.236595848446978,72.88,393684.0,28691689.92,0.0050000000000025,72.89,72.88
2012-03-01,KMB,17750,KIMBERLY CLARK CORP,,,-0.009742,-0.2708797403954569,0.0001385617292502,-5.0913452508475546e-11,0.006158,6.734589162881905,72.17,393684.0,28412174.28,0.0049999999999954,72.19,72.18
2012-03-02,KMB,17750,KIMBERLY CLARK CORP,,,0.002494,-0.321238637649455,0.0001382170006911,1.915498998241643e-11,-0.003246,4.571178915068939,72.35,393684.0,28483037.4,0.0050000000000025,72.33,72.32
2012-03-05,KMB,17750,KIMBERLY CLARK CORP,,,0.004285,0.1084129806623694,0.0001376273052574,2.956499739448542e-11,-0.00387,5.066754046392538,72.66,393684.0,28605079.44,0.0050000000000025,72.67,72.66
2012-03-06,KMB,17750,KIMBERLY CLARK CORP,,,-0.000826,0.3086679701208201,0.000137741046832,-4.358493130677122e-12,-0.01537,6.630698732993975,72.6,393684.0,28581458.4,0.0050000000000025,72.62,72.61
2012-03-07,KMB,17750,KIMBERLY CLARK CORP,,,-0.005785,0.3484523444682808,0.0001399776035834,-2.300484195256032e-11,0.006901,8.941181251968583,71.44,393684.0,28124784.96,0.0050000000000025,71.42,71.41
2012-03-08,KMB,17750,KIMBERLY CLARK CORP,,,0.004899,-0.4207954545454545,0.0001392951664575,3.347101336454726e-11,0.009818,5.178772822873167,71.79,393684.0,28262574.360000003,0.0049999999999954,71.82,71.81
2012-03-09,KMB,17750,KIMBERLY CLARK CORP,,,-0.000279,-0.1657837943888561,0.0001393339835586,-2.28564095795194e-12,0.003631,4.320216214019366,71.77,393684.0,28254700.68,0.0050000000000025,71.78,71.77
2012-03-12,KMB,17750,KIMBERLY CLARK CORP,,,0.006131,0.2146048918156162,0.0001384849743801,4.1100366827645227e-11,0.00016,5.247355747249062,72.21,393684.0,28427921.64,0.0049999999999954,72.21,72.2
2012-03-13,KMB,17750,KIMBERLY CLARK CORP,,,0.011633,0.1125956046083842,0.0001368925393564,6.928606466826429e-11,0.018132,5.83818494020585,73.05,393684.0,28758616.2,0.0049999999999954,73.07,73.06
2012-03-14,KMB,17750,KIMBERLY CLARK CORP,,,-0.003285,-0.127262443438914,0.0002746875429198,-2.2492361994415608e-11,-0.001196,5.095203259466984,72.81,393684.0,28664132.04,0.009999999999998,72.83,72.81
2012-03-15,KMB,17750,KIMBERLY CLARK CORP,,,0.001511,0.0293633780347972,0.0001371365880417,1.003551842943592e-11,0.005967,5.244815638938844,72.92,393684.0,28707437.28,0.0050000000000025,72.89,72.88
2012-03-16,KMB,17750,KIMBERLY CLARK CORP,,,0.0,0.1314413018209996,0.0001371365880417,0.0,0.001119,5.934201034332104,72.92,393684.0,28707437.28,0.0050000000000025,72.92,72.91
2012-03-19,KMB,17750,KIMBERLY CLARK CORP,,,0.001234,-0.3809177296464343,0.0001369675386933,1.1686229879524917e-11,0.003974,3.673758649068796,73.01,393684.0,28742868.840000004,0.0050000000000025,73.01,73.0
2012-03-20,KMB,17750,KIMBERLY CLARK CORP,,,0.005205,0.2151006015349512,0.0001362583458237,4.0356474906809106e-11,-0.003001,4.463986344377724,73.39,393684.0,28892468.76,0.0050000000000025,73.39,73.38
2012-03-21,KMB,17750,KIMBERLY CLARK CORP,,,0.000409,-0.1765107545237282,0.0001362026695721,3.849287718012739e-12,-0.001871,3.676044746547993,73.42,393684.0,28904279.28,0.0049999999999954,73.44,73.43
2012-03-22,KMB,17750,KIMBERLY CLARK CORP,,,-0.000817,0.2786760641238253,0.0001363140676118,-6.018297391992556e-12,-0.007207,4.700470428059052,73.36,393684.0,28880658.24,0.0050000000000025,73.36,73.35
2012-03-23,KMB,17750,KIMBERLY CLARK CORP,,,-0.003135,-0.1312618211294245,0.000136742786818,-2.6666374513213203e-11,0.003109,4.083478119507015,73.13,393684.0,28790110.92,0.0050000000000025,73.14,73.13
2012-03-26,KMB,17750,KIMBERLY CLARK CORP,,,0.007794,0.3994774819606868,0.0001356852103119,4.700553512189173e-11,0.013886,5.714735676329239,73.7,393684.0,29014510.8,0.0049999999999954,73.71,73.7
2012-03-27,KMB,17750,KIMBERLY CLARK CORP,,,-0.000271,-0.275980087118855,0.0001357220412593,-2.258006825546359e-12,-0.002817,4.137582426514666,73.68,393684.0,29006637.12,0.0049999999999954,73.69,73.68
2012-03-28,KMB,17750,KIMBERLY CLARK CORP,,,0.002986,0.2723310209343728,0.0001353179972937,1.949623835555171e-11,-0.004942,5.264374472927526,73.9,393684.0,29093247.6,0.0050000000000025,73.9,73.89
2012-03-29,KMB,17750,KIMBERLY CLARK CORP,,,-0.000812,0.1806513872135102,0.0001354279523294,-4.494155760000039e-12,-0.001608,6.215391024273275,73.84,393684.0,29069626.56,0.0050000000000025,73.87,73.86
2012-03-30,KMB,17750,KIMBERLY CLARK CORP,,,0.000677,0.2358494421512935,0.0001353363107322,3.029850607330645e-12,0.003698,7.687966197354973,73.89,393342.0,29064040.38,0.0050000000000025,73.89,73.88
2012-04-02,KMB,17750,KIMBERLY CLARK CORP,,,0.009203,-0.1954695767195767,0.0001341021858656,5.072721511452955e-11,0.007505,6.185202698923583,74.57,393342.0,29331512.94,0.0050000000000025,74.54,74.53
2012-04-03,KMB,17750,KIMBERLY CLARK CORP,,,-0.001743,-0.2053105347527641,0.0001343363782913,-1.2110701735886704e-11,-0.003989,4.9153154252533415,74.44,393342.0,29280378.48,0.0050000000000025,74.45,74.44
2012-04-04,KMB,17750,KIMBERLY CLARK CORP,,,-0.002955,0.3975897382848867,0.0001347345728912,-1.4734490318422658e-11,-0.010202,6.869594398767485,74.22,393342.0,29193843.24,0.0049999999999954,74.21,74.2
2012-04-05,KMB,17750,KIMBERLY CLARK CORP,,,0.002021,-0.4233374042411457,0.0001344628210298,1.7439953876370176e-11,-0.000629,3.9614381378037433,74.37,393342.0,29252844.540000003,0.0049999999999954,74.35,74.34
2012-04-09,KMB,17750,KIMBERLY CLARK CORP,,,-0.004572,-0.081375946605057,0.0001350803728218,-4.314569404369164e-11,-0.011358,3.639072359422589,74.03,393342.0,29119108.26,0.0050000000000025,74.04,74.03
2012-04-10,KMB,17750,KIMBERLY CLARK CORP,,,-0.006754,0.4014950398211541,0.0001359989120087,-4.5787181681211616e-11,-0.017081,5.100141861281022,73.53,393342.0,28922437.26,0.0050000000000025,73.54,73.53
2012-04-11,KMB,17750,KIMBERLY CLARK CORP,,,0.005576,-0.0778126713523752,0.0001352447930755,4.0763511685881175e-11,0.007449,4.703286198778671,73.94,393342.0,29083707.48,0.0050000000000025,73.95,73.94
2012-04-12,KMB,17750,KIMBERLY CLARK CORP,,,0.003111,-0.1648108108108108,0.0001348254011056,2.7146580987600994e-11,0.013779,3.928133786882662,74.17,393342.0,29174176.14,0.0050000000000025,74.15,74.14
2012-04-13,KMB,17750,KIMBERLY CLARK CORP,,,0.002427,0.2927318620154036,0.0001344989912574,1.6342698096631202e-11,-0.012475,5.078023704562442,74.35,393342.0,29244977.7,0.0049999999999954,74.38,74.37
2012-04-16,KMB,17750,KIMBERLY CLARK CORP,,,0.005111,-0.0295884650045058,0.0001338150675766,3.528498222071141e-11,-0.000504,4.927772777887945,74.73,393342.0,29394447.66,0.0050000000000025,74.75,74.74
2012-04-17,KMB,17750,KIMBERLY CLARK CORP,,,0.010304,0.2595057524634989,0.0001324503311257,5.5903338873572685e-11,0.015487,6.206558160582903,75.5,393342.0,29697321.0,0.0049999999999954,75.49,75.48
2012-04-18,KMB,17750,KIMBERLY CLARK CORP,,,0.002119,-0.1848605251300537,0.000132170235263,1.4073805453383756e-11,-0.004055,5.059210559767327,75.66,393342.0,29760255.72,0.0050000000000025,75.67,75.66
2012-04-19,KMB,17750,KIMBERLY CLARK CORP,,,-0.005155,0.1405527638190955,0.0001328550551349,-3.017437587435083e-11,-0.005934,5.770296586685378,75.27,393342.0,29606852.34,0.0050000000000025,75.25,75.24
2012-04-20,KMB,17750,KIMBERLY CLARK CORP,,,0.015943,0.7123848966823809,0.0001307702366941,5.3642512314477665e-11,0.001169,9.880968724417936,76.47,393342.0,30078862.74,0.0050000000000025,76.47,76.46
2012-04-23,KMB,17750,KIMBERLY CLARK CORP,,,0.002354,-0.1316060309782328,0.0001304631441618,9.099293098184252e-12,-0.008408,8.58057364837724,76.65,393342.0,30149664.3,0.0050000000000025,76.64,76.63
2012-04-24,KMB,17750,KIMBERLY CLARK CORP,,,0.026745,0.6470326805131701,0.0001270648030496,6.113346449046313e-11,0.00368,14.132485216427437,78.7,393342.0,30956015.4,0.0050000000000025,78.67,78.66
2012-04-25,KMB,17750,KIMBERLY CLARK CORP,,,0.000381,-0.3629674935688716,0.0001270163851135,1.3665775084240356e-12,0.013645,9.002852479521637,78.73,393342.0,30967815.66,0.0049999999999954,78.74,78.73
2012-04-26,KMB,17750,KIMBERLY CLARK CORP,,,0.003937,-0.336891449226251,0.0001265182186233,2.1212086990914222e-11,0.00668,5.969868460525446,79.04,393342.0,31089751.680000003,0.0049999999999954,79.07,79.06
2012-04-27,KMB,17750,KIMBERLY CLARK CORP,,,-0.004555,0.0434375266161315,0.0001270971021859,-2.3627756936476588e-11,0.002414,6.229184780674324,78.68,393342.0,30948148.56,0.0049999999999954,78.69,78.68
2012-04-30,KMB,17750,KIMBERLY CLARK CORP,,,-0.002669,0.3960084891029303,0.0001274372371605,-9.943867445750736e-12,-0.003884,8.739141543178334,78.47,391400.0,30713158.0,0.0049999999999954,78.46,78.45
2012-05-01,KMB,17750,KIMBERLY CLARK CORP,,,-0.002421,-0.0198216634994883,0.0001277465508431,-9.224636847651475e-12,0.005658,8.565917220235054,78.28,391400.0,30638792.0,0.0050000000000025,78.28,78.27
2012-05-02,KMB,17750,KIMBERLY CLARK CORP,,,0.003321,0.0610850955945954,0.0001273236567353,1.1885927309018542e-11,-0.002497,9.089167092488502,78.54,391400.0,30740556.000000004,0.0049999999999954,78.55,78.54
2012-05-03,KMB,17750,KIMBERLY CLARK CORP,,,0.002546,-0.153675333801827,0.0001270002540005,1.0739426288205574e-11,-0.007659,7.69238630556975,78.74,391400.0,30818836.0,0.0050000000000025,78.75,78.74
2012-05-04,KMB,17750,KIMBERLY CLARK CORP,,,-0.005715,-0.2098445595854922,0.0001277302337463,-3.068424909038517e-11,-0.016147,6.078180889115994,78.29,391400.0,30642706.000000004,0.0050000000000025,78.29,78.28
2012-05-07,KMB,17750,KIMBERLY CLARK CORP,,,0.009069,0.1529213955443464,0.000126582278481,4.1854115631628395e-11,0.000351,7.007664793050588,79.0,391400.0,30920600.0,0.0050000000000025,79.01,79.0
2012-05-08,KMB,17750,KIMBERLY CLARK CORP,,,-0.001519,0.1750036459092898,0.0001267748478702,-5.975269762777935e-12,-0.004279,8.234031681144609,78.88,391400.0,30873632.0,0.0050000000000025,78.89,78.88
2012-05-09,KMB,17750,KIMBERLY CLARK CORP,,,0.008367,0.2492553059451407,0.0001257229067134,2.612760638018723e-11,-0.006702,10.28640776699029,79.54,391400.0,31131956.000000004,0.0049999999999954,79.55,79.54
2012-05-10,KMB,17750,KIMBERLY CLARK CORP,,,0.002514,-0.3930106057971734,0.0001254075746175,1.290100018775728e-11,0.002517,6.243740419008687,79.74,391400.0,31210236.0,0.0050000000000025,79.75,79.74
2012-05-11,KMB,17750,KIMBERLY CLARK CORP,,,-0.004389,-0.3164334233570668,0.0001259604484192,-3.3094307579278826e-11,-0.003387,4.268012263668881,79.39,391400.0,31073246.0,0.0050000000000025,79.4,79.39
2012-05-14,KMB,17750,KIMBERLY CLARK CORP,,,0.001763,0.3724034720143669,0.0001257387149502,9.669255624942748e-12,-0.011113,5.85743484925907,79.53,391400.0,31128042.0,0.0049999999999954,79.57,79.56
2012-05-15,KMB,17750,KIMBERLY CLARK CORP,,,0.002012,0.1395795167059235,0.0001254862592546,9.663873291750691e-12,-0.005746,6.675012774655085,79.69,391400.0,31190666.0,0.0050000000000025,79.7,79.69
2012-05-16,KMB,17750,KIMBERLY CLARK CORP,,,0.000878,0.1301002832427467,0.0001253761283852,3.728373944865926e-12,-0.004404,7.543433827286663,79.76,391400.0,31218064.000000004,0.0050000000000025,79.79,79.78
2012-05-17,KMB,17750,KIMBERLY CLARK CORP,,,-0.009403,-0.3290093141405589,0.0001265662574358,-6.007281402597159e-11,-0.015051,5.061573837506387,79.01,391400.0,30924514.000000004,0.0050000000000025,79.03,79.02
2012-05-18,KMB,17750,KIMBERLY CLARK CORP,,,-0.002278,0.2413810509313008,0.0001268552581505,-1.1750346768052935e-11,-0.007388,6.283341849770056,78.83,391400.0,30854062.0,0.0050000000000025,78.83,78.82
2012-05-21,KMB,17750,KIMBERLY CLARK CORP,,,-0.00241,0.0209815801244257,0.0001271617497457,-1.2205178098971696e-11,0.016036,6.415176290240163,78.64,391400.0,30779696.0,0.0050000000000025,78.62,78.61
2012-05-22,KMB,17750,KIMBERLY CLARK CORP,,,0.000509,-0.2571189613286072,0.0001270971021859,3.4682048470867802e-12,0.000486,4.765712825753704,78.68,391400.0,30795352.000000004,0.0049999999999954,78.69,78.68
2012-05-23,KMB,17750,KIMBERLY CLARK CORP,,,-0.002415,0.0404224521524687,0.0001274047649382,-1.5854202469509662e-11,0.001694,4.958354624425141,78.49,391400.0,30720986.0,0.0050000000000025,78.47,78.46
2012-05-24,KMB,17750,KIMBERLY CLARK CORP,,,0.009173,2.9862420776008656,0.0001262466860245,1.496956930368873e-11,0.00138,19.765201839550333,79.21,391400.0,31002794.0,0.0050000000000025,79.23,79.22
2012-05-25,KMB,17750,KIMBERLY CLARK CORP,,,0.003156,-0.0596941611406264,0.0001258494840171,5.460057621462087e-12,-0.002166,18.58533469596321,79.46,391400.0,31100644.0,0.0050000000000025,79.45,79.44
2012-05-29,KMB,17750,KIMBERLY CLARK CORP,,,0.003776,0.1128493463288564,0.000125376128385,5.848160153947365e-12,0.011079,20.68267756770567,79.76,391400.0,31218064.000000004,0.0049999999999954,79.77,79.76
2012-05-30,KMB,17750,KIMBERLY CLARK CORP,,,-0.006269,-0.7402287775471885,0.0001261670451678,-3.7611926680153686e-11,-0.014335,5.372764435360245,79.26,391400.0,31022364.000000004,0.0050000000000025,79.26,79.25
2012-05-31,KMB,17750,KIMBERLY CLARK CORP,,,0.001135,0.1035712587379333,0.0001260239445495,6.1635358755393664e-12,-0.002277,5.918326230933819,79.35,392121.0,31114801.35,0.0050000000000025,79.37,79.36
2012-06-01,KMB,17750,KIMBERLY CLARK CORP,,,-0.013485,0.0047399491532726,0.0001277465508431,-7.388009770208735e-11,-0.024643,5.946378796340926,78.28,392121.0,30695231.88,0.0050000000000025,78.28,78.27
2012-06-04,KMB,17750,KIMBERLY CLARK CORP,,,0.007409,0.062743920744521,0.0001268069997462,3.791416711545496e-11,0.00011,6.319477916255441,78.86,392121.0,30922662.06,0.0049999999999954,78.82,78.81
2012-06-05,KMB,17750,KIMBERLY CLARK CORP,,,0.004945,0.5322033898305085,0.0001261829652997,1.64342278604862e-11,0.005727,9.682725485245626,79.25,392121.0,31075589.25,0.0050000000000025,79.26,79.25
2012-06-06,KMB,17750,KIMBERLY CLARK CORP,,,0.021704,0.1431731984829329,0.000124641655241,6.232657094633226e-11,0.023049,11.069032263000452,80.23,392121.0,31459867.83,0.0049999999999954,80.24,80.23
2012-06-07,KMB,17750,KIMBERLY CLARK CORP,,,0.004612,-0.0008294166436273,0.0001240694789082,1.3194254674519594e-11,-0.000106,11.05985142341267,80.6,392121.0,31604952.6,0.0050000000000025,80.61,80.6
2012-06-08,KMB,17750,KIMBERLY CLARK CORP,,,0.007444,-0.4605008301051466,0.0001231527093594,3.9182321172496745e-11,0.008114,5.966780662091549,81.2,392121.0,31840225.2,0.0049999999999954,81.21,81.2
2012-06-11,KMB,17750,KIMBERLY CLARK CORP,,,-0.000739,0.0724451852801641,0.0001232437761893,-3.629728622823789e-12,-0.01262,6.399045192682871,81.14,392121.0,31816697.94,0.0050000000000025,81.15,81.14
2012-06-12,KMB,17750,KIMBERLY CLARK CORP,,,0.00456,-0.0248286306392475,0.0001226843332107,2.2863237543036476e-11,0.011651,6.240165663149895,81.51,392121.0,31961782.71,0.0050000000000025,81.51,81.5
2012-06-13,KMB,17750,KIMBERLY CLARK CORP,,,0.001718,-0.0868854468919857,0.0001224739742803,9.41728003463454e-12,-0.007023,5.697986080827092,81.65,392121.0,32016679.65,0.0049999999999954,81.66,81.65
2012-06-14,KMB,17750,KIMBERLY CLARK CORP,,,0.011268,0.1033433290068477,0.0001211093617537,5.5356980700968734e-11,0.010815,6.286834931054445,82.57,392121.0,32377430.97,0.0050000000000025,82.58,82.57
2012-06-15,KMB,17750,KIMBERLY CLARK CORP,,,-0.00109,0.3233814700632809,0.0001212415130939,-4.050798469609825e-12,0.010338,8.319880853104017,82.48,392121.0,32342140.08,0.0049999999999954,82.49,82.48
2012-06-18,KMB,17750,KIMBERLY CLARK CORP,,,0.003758,-0.4816392839627268,0.0001207875347264,2.6841674383648053e-11,0.001445,4.312699396359797,82.79,392121.0,32463697.590000004,0.0050000000000025,82.79,82.78
2012-06-19,KMB,17750,KIMBERLY CLARK CORP,,,0.005073,0.3592927680208149,0.0001201778632376,2.6522047252982222e-11,0.009816,5.862221100119606,83.21,392121.0,32628388.41,0.0050000000000025,83.22,83.21
2012-06-20,KMB,17750,KIMBERLY CLARK CORP,,,-0.019228,0.9263931787532084,0.0001225340031859,-5.32063550259288e-11,-0.001686,11.292942739613538,81.61,392121.0,32000994.81,0.0050000000000025,81.62,81.61
2012-06-21,KMB,17750,KIMBERLY CLARK CORP,,,-0.011028,-0.3558782349487376,0.000123900384091,-4.790426798575364e-11,-0.022262,7.27403021006271,80.71,392121.0,31648085.91,0.0049999999999954,80.71,80.7
2012-06-22,KMB,17750,KIMBERLY CLARK CORP,,,0.008301,-0.2988465448935946,0.0001228803145734,5.1004024765013125e-11,0.007175,5.100211414333841,81.38,392121.0,31910806.98,0.0049999999999954,81.38,81.37
2012-06-25,KMB,17750,KIMBERLY CLARK CORP,,,-0.004669,-0.1939096954847742,0.0001234567901235,-3.575583109524346e-11,-0.015955,4.111230972072396,81.0,392121.0,31761801.0,0.0050000000000025,80.98,80.97
2012-06-26,KMB,17750,KIMBERLY CLARK CORP,,,0.008272,0.3153650517957942,0.0002448879637565,4.776499024273617e-11,0.004773,5.407769540524481,81.67,392121.0,32024522.07,0.009999999999998,81.7,81.68
2012-06-27,KMB,17750,KIMBERLY CLARK CORP,,,0.002326,-0.1248762084414053,0.0001221597849986,1.53119394248617e-11,0.008985,4.732467784178863,81.86,392121.0,32099025.06,0.0049999999999954,81.85,81.84
2012-06-28,KMB,17750,KIMBERLY CLARK CORP,,,0.008551,0.0233335129600689,0.0001211240310078,5.454089463650799e-11,-0.00211,4.84289288255411,82.56,392121.0,32373509.76,0.0050000000000025,82.56,82.55
2012-06-29,KMB,17750,KIMBERLY CLARK CORP,,,0.014656,0.2808846761453396,0.0001193744777367,7.192699990579212e-11,0.02492,6.203187281476891,83.77,392121.0,32847976.17,0.0050000000000025,83.76,83.75
2012-07-02,KMB,17750,KIMBERLY CLARK CORP,,,0.001552,-0.2118894918598914,0.0001191895113228,9.649562940704306e-12,0.002459,4.888797080493011,83.9,392121.0,32898951.9,0.0049999999999954,83.85,83.84
2012-07-03,KMB,17750,KIMBERLY CLARK CORP,,,0.001192,-0.2381324986958789,0.0002380952380951,9.716176782250045e-12,0.006232,3.724615616098092,84.0,392121.0,32938164.0,0.009999999999998,84.06,84.04
2012-07-05,KMB,17750,KIMBERLY CLARK CORP,,,0.00119,0.0887367339952072,0.0001189060642093,8.898699227032067e-12,-0.004687,4.055125841258183,84.1,392121.0,32977376.1,0.0050000000000025,84.08,84.07
2012-07-06,KMB,17750,KIMBERLY CLARK CORP,,,-0.002259,-0.1677881894220488,0.0001191753068763,-2.034436773474057e-11,-0.009433,3.374723618474909,83.91,392121.0,32902873.11,0.0049999999999954,83.91,83.9
2012-07-09,KMB,17750,KIMBERLY CLARK CORP,,,0.004648,0.1472077382301821,0.0001186239620402,3.631935811629431e-11,-0.001639,3.871509049502577,84.3,392121.0,33055800.3,0.0049999999999954,84.32,84.31
2012-07-10,KMB,17750,KIMBERLY CLARK CORP,,,0.005575,0.2526184045846782,0.0001179662616492,3.45846607432748e-11,-0.008126,4.849523488923062,84.77,392121.0,33240097.17,0.0050000000000025,84.76,84.75
2012-07-11,KMB,17750,KIMBERLY CLARK CORP,,,-0.004955,0.1134833824148084,0.0002371072910491,-2.774314317438332e-11,-1.5e-05,5.399863817546114,84.35,392121.0,33075406.35,0.009999999999998,84.35,84.33
2012-07-12,KMB,17750,KIMBERLY CLARK CORP,,,-0.000237,0.0670161518843865,0.0002371635242499,-1.2439196929855038e-12,-0.004987,5.761741911297788,84.33,392121.0,33067563.93,0.009999999999998,84.36,84.34
2012-07-13,KMB,17750,KIMBERLY CLARK CORP,,,0.010435,-0.2902226353295268,0.0002347142354184,7.636701941228409e-11,0.016497,4.08955398971236,85.21,392121.0,33412630.41,0.0100000000000051,85.23,85.21
2012-07-16,KMB,17750,KIMBERLY CLARK CORP,,,-0.000117,-0.1007732601646296,0.0001173708920188,-9.52315836768182e-13,-0.002314,3.677436301549777,85.2,392121.0,33408709.2,0.0050000000000025,85.23,85.22
2012-07-17,KMB,17750,KIMBERLY CLARK CORP,,,0.007277,0.3907073509015257,0.0001165229550221,4.228271385739045e-11,0.00741,5.114237697037394,85.82,392121.0,33651824.22,0.0050000000000025,85.78,85.77
2012-07-18,KMB,17750,KIMBERLY CLARK CORP,,,0.002913,-0.1932781489977062,0.000232369001975,2.0920104547953165e-11,0.006681,4.125767301419715,86.07,392121.0,33749854.47,0.009999999999998,86.05,86.03
2012-07-19,KMB,17750,KIMBERLY CLARK CORP,,,-0.002208,0.122141179379404,0.0002328830926874,-1.4162329752504564e-11,0.002717,4.6296933854601,85.88,392121.0,33675351.48,0.009999999999998,85.88,85.86
2012-07-20,KMB,17750,KIMBERLY CLARK CORP,,,-0.012226,0.7951415665968933,0.0001178828244725,-4.4224597624979945e-11,-0.010062,8.310955036838118,84.83,392121.0,33263624.43,0.0050000000000025,84.9,84.89
2012-07-23,KMB,17750,KIMBERLY CLARK CORP,,,-0.001533,-0.3044892448372149,0.0001180637544274,-7.985164366769174e-12,-0.008909,5.780358613795231,84.7,392121.0,33212648.7,0.0050000000000025,84.73,84.72
2012-07-24,KMB,17750,KIMBERLY CLARK CORP,,,-0.014286,0.4503661872408011,0.0001197748233321,-5.2050347573246004e-11,-0.009041,8.383636683574712,83.49,392121.0,32738182.29,0.0050000000000025,83.51,83.5
2012-07-25,KMB,17750,KIMBERLY CLARK CORP,,,-0.001078,-0.2446310153921032,0.0002398081534773,-5.205243022077184e-12,-0.000314,6.332739128993347,83.4,392121.0,32702891.4,0.0100000000000051,83.43,83.41
2012-07-26,KMB,17750,KIMBERLY CLARK CORP,,,0.027818,0.1437661082474226,0.0002333177788148,1.1426015722605088e-10,0.016541,7.243172388114893,85.72,392121.0,33612612.12,0.0100000000000051,85.73,85.71
2012-07-27,KMB,17750,KIMBERLY CLARK CORP,,,0.018665,0.1397084712344201,0.0002290426019239,6.60346024854908e-11,0.019081,8.255104929345789,87.32,392121.0,34240005.72,0.009999999999998,87.32,87.3
2012-07-30,KMB,17750,KIMBERLY CLARK CORP,,,0.006986,-0.2505406240346,0.0001137268281588,3.2749201216698916e-11,-0.000483,6.186865788876393,87.93,392121.0,34479199.53,0.0050000000000025,87.9,87.89
2012-07-31,KMB,17750,KIMBERLY CLARK CORP,,,-0.0116,0.0652926628194559,0.0001150615579333,-5.164502677714499e-11,-0.004317,6.549417131272175,86.91,394600.0,34294686.0,0.0049999999999954,86.91,86.9
2012-08-01,KMB,17750,KIMBERLY CLARK CORP,,,0.002992,0.2977867203219315,0.0001147183664105,1.0233671803819416e-11,-0.00303,8.499746578813989,87.17,394600.0,34397282.0,0.0050000000000025,87.17,87.16
2012-08-02,KMB,17750,KIMBERLY CLARK CORP,,,-0.003327,-0.1166070363744782,0.0001151012891343,-1.2924566774115774e-11,-0.007374,7.508616320324379,86.88,394600.0,34282848.0,0.0049999999999954,86.85,86.84
2012-08-03,KMB,17750,KIMBERLY CLARK CORP,,,-0.01761,0.6042390900806642,0.0001171646162859,-4.340799656640529e-11,0.01904,12.045615813482009,85.35,394600.0,33679110.0,0.0050000000000025,85.34,85.33
2012-08-06,KMB,17750,KIMBERLY CLARK CORP,,,-0.019215,0.0295800723722965,0.0001194600406163,-4.690475050971416e-11,0.002329,12.401926001013685,83.71,394600.0,33031966.0,0.0049999999999954,83.71,83.7
2012-08-07,KMB,17750,KIMBERLY CLARK CORP,,,-0.011827,0.4314438677510319,0.0001208897485492,-2.041002478291617e-11,0.005107,17.752660922453117,82.72,394600.0,32641312.0,0.0049999999999954,82.74,82.73
2012-08-08,KMB,17750,KIMBERLY CLARK CORP,,,0.006407,-0.3035602124136356,0.0001201201201201,1.5774891049041952e-11,0.000621,12.363659401926,83.25,394600.0,32850450.0,0.0050000000000025,83.22,83.21
2012-08-09,KMB,17750,KIMBERLY CLARK CORP,,,-0.004805,-0.4457334945784738,0.00012070006035,-2.1447571834691578e-11,0.000414,6.852762290927521,82.85,394600.0,32692610.0,0.0050000000000025,82.83,82.82
2012-08-10,KMB,17750,KIMBERLY CLARK CORP,,,-0.000362,-0.1792093487666876,0.0001207437816951,-1.9693286313889557e-12,0.002188,5.624683223517486,82.82,394600.0,32680772.0,0.0049999999999954,82.8,82.79
2012-08-13,KMB,17750,KIMBERLY CLARK CORP,,,-0.003985,-0.0538409551700833,0.0001212268153716,-2.3004231393127016e-11,-0.001252,5.321844906234161,82.49,394600.0,32550554.0,0.0050000000000025,82.5,82.49
2012-08-14,KMB,17750,KIMBERLY CLARK CORP,,,0.005455,0.0720952380952379,0.0001205690860863,2.921312803592948e-11,-0.000128,5.705524581855043,82.94,394600.0,32728124.0,0.0050000000000025,82.93,82.92
2012-08-15,KMB,17750,KIMBERLY CLARK CORP,,,0.001085,-0.3545349560273607,0.0001204383957606,8.992269432990421e-12,0.00114,3.68271667511404,83.03,394600.0,32763638.0,0.0050000000000025,83.03,83.02
2012-08-16,KMB,17750,KIMBERLY CLARK CORP,,,0.005058,0.2996146435452793,-0.000119832234871,3.209316128234831e-11,0.007101,4.786112519006589,83.45,394600.0,32929370.0,-0.0049999999999954,83.45,83.46
2012-08-17,KMB,17750,KIMBERLY CLARK CORP,,,0.005992,0.1197712591337498,0.0001191185229302,3.3750623671195924e-11,0.001872,5.359351241763812,83.95,394600.0,33126670.0,0.0049999999999954,83.96,83.95
2012-08-20,KMB,17750,KIMBERLY CLARK CORP,,,0.001549,-0.0086533005485152,0.0002378686964794,8.787469850866028e-12,-2.1e-05,5.312975164723771,84.08,394600.0,33177968.0,0.009999999999998,84.08,84.06
2012-08-21,KMB,17750,KIMBERLY CLARK CORP,,,0.00107,-0.0227999046029095,0.0001188071759534,6.205089972673769e-12,-0.003498,5.191839837810441,84.17,394600.0,33213482.0,0.0050000000000025,84.18,84.17
2012-08-22,KMB,17750,KIMBERLY CLARK CORP,,,-0.003802,-0.0004881144140186,0.0001192605843769,-2.2143318933478284e-11,0.000226,5.18930562595033,83.85,394600.0,33087210.0,0.0050000000000025,83.87,83.86
2012-08-23,KMB,17750,KIMBERLY CLARK CORP,,,-0.005128,-0.4167114323387215,0.000119875329657,-5.1466903087901776e-11,-0.008072,3.026862645717182,83.42,394600.0,32917532.0,0.0049999999999954,83.44,83.43
2012-08-24,KMB,17750,KIMBERLY CLARK CORP,,,0.002877,0.0967849966510381,0.0001195314367677,2.6251293403142123e-11,0.006455,3.319817536746072,83.66,394600.0,33012236.0,0.0049999999999954,83.66,83.65
2012-08-27,KMB,17750,KIMBERLY CLARK CORP,,,-0.000478,-0.2519083969465648,0.0,-5.832995719215694e-12,-0.000489,2.4835276229092758,83.62,394600.0,32996452.0,0.0,83.62,83.62
2012-08-28,KMB,17750,KIMBERLY CLARK CORP,,,0.000598,0.0579591836734694,0.000119517150711,6.893446771340082e-12,-0.000808,2.6274708565636087,83.67,394600.0,33016182.0,0.0049999999999954,83.69,83.68
2012-08-29,KMB,17750,KIMBERLY CLARK CORP,,,-0.002151,0.2365933641975308,0.0001197748233321,-2.009481670598422e-11,0.000844,3.249113025848961,83.49,394600.0,32945154.0,0.0050000000000025,83.48,83.47
2012-08-30,KMB,17750,KIMBERLY CLARK CORP,,,-0.00012,0.6818500896965916,0.0001197891710588,-6.666373198104325e-13,-0.007806,5.464521033958439,83.48,394600.0,32941208.0,0.0049999999999954,83.49,83.48
2012-08-31,KMB,17750,KIMBERLY CLARK CORP,,,0.001437,-0.1756249130454945,0.0001196172248804,9.669776786291067e-12,0.005073,4.501495349349567,83.6,394891.0,33012887.6,0.0050000000000025,83.61,83.6
2012-09-04,KMB,17750,KIMBERLY CLARK CORP,,,0.001555,0.9618024302430244,0.0001194315060313,5.325495136026656e-12,-0.001166,8.831044516081652,83.73,394891.0,33064223.430000003,0.0050000000000025,83.76,83.75
2012-09-05,KMB,17750,KIMBERLY CLARK CORP,,,-0.004658,-0.0640036704613884,0.0002421307506052,-1.727650862901891e-11,-0.001068,8.265825253044511,82.6,394891.0,32617996.6,0.009999999999998,82.63,82.61
2012-09-06,KMB,17750,KIMBERLY CLARK CORP,,,0.012349,-0.4097913666860696,0.0001195886151638,7.665714034042127e-11,0.020436,4.878561425811173,83.62,394891.0,33020785.42,0.0050000000000025,83.62,83.61
2012-09-07,KMB,17750,KIMBERLY CLARK CORP,,,-0.008252,0.1188165066182196,0.0001205836247438,-4.6165726611557286e-11,0.00405,5.458215051748457,82.93,394891.0,32748310.630000003,0.0050000000000025,82.92,82.91
2012-09-10,KMB,17750,KIMBERLY CLARK CORP,,,-0.006753,-0.1130648603507469,0.0001214034235764,-4.2885249746948136e-11,-0.006148,4.841082729158173,82.37,394891.0,32527171.67,0.0049999999999954,82.38,82.37
2012-09-11,KMB,17750,KIMBERLY CLARK CORP,,,-0.000243,-0.1091175393628707,0.000121432908318,-1.732616800030032e-12,0.003135,4.312835693900342,82.35,394891.0,32519273.85,0.0049999999999954,82.35,82.34
2012-09-12,KMB,17750,KIMBERLY CLARK CORP,,,-0.000121,-0.0809699958898478,0.0001214476560603,-9.388682841354972e-13,0.002093,3.963625405491642,82.34,394891.0,32515324.94,0.0050000000000025,82.36,82.35
2012-09-13,KMB,17750,KIMBERLY CLARK CORP,,,0.011295,0.5129056989522105,0.0001200912693646,5.7281709775104746e-11,0.01631,5.996591464480072,83.27,394891.0,32882573.57,0.0049999999999954,83.27,83.26
2012-09-14,KMB,17750,KIMBERLY CLARK CORP,,,-0.007085,0.407347972972973,0.0001209482341558,-2.571320407470776e-11,0.003959,8.43929084228306,82.68,394891.0,32649587.880000003,0.0050000000000025,82.67,82.66
2012-09-17,KMB,17750,KIMBERLY CLARK CORP,,,0.004112,-0.4217727900138031,0.000120452902915,2.570328680780055e-11,-0.003125,4.879827597995396,83.02,394891.0,32783850.82,0.0050000000000025,83.01,83.0
2012-09-18,KMB,17750,KIMBERLY CLARK CORP,,,0.007348,-0.1019200830306175,0.0001195743154369,5.077037269336648e-11,-0.00128,4.382475164032607,83.63,394891.0,33024734.33,0.0049999999999954,83.63,83.62
2012-09-19,KMB,17750,KIMBERLY CLARK CORP,,,0.008849,0.196116953657691,0.0001185255422544,5.0668237845835475e-11,0.001185,5.241952842683171,84.37,394891.0,33316953.67,0.0050000000000025,84.37,84.36
2012-09-20,KMB,17750,KIMBERLY CLARK CORP,,,0.007467,0.0968115942028986,0.0001176470588235,3.869232682502176e-11,-0.000541,5.749434654119744,85.0,394891.0,33565735.0,0.0050000000000025,85.01,85.0
2012-09-21,KMB,17750,KIMBERLY CLARK CORP,,,0.003765,0.5230355884425653,0.0001172058134084,1.2761499392186564e-11,-7.5e-05,8.756593591649342,85.32,394891.0,33692100.12,0.0050000000000025,85.31,85.3
2012-09-24,KMB,17750,KIMBERLY CLARK CORP,,,0.003282,-0.5043523525839382,0.0001168224299066,2.2370687610319798e-11,-0.002233,4.340185013079559,85.6,394891.0,33802669.599999994,0.0050000000000025,85.59,85.58
2012-09-25,KMB,17750,KIMBERLY CLARK CORP,,,-0.001168,0.233094112842056,0.0001169590643273,-6.463905892613936e-12,-0.010502,5.351856588273726,85.5,394891.0,33763180.5,0.0049999999999954,85.52,85.51
2012-09-26,KMB,17750,KIMBERLY CLARK CORP,,,-0.001637,-0.2470899971609728,0.0003514526710403,-1.2052288052894482e-11,-0.005737,4.029466359071237,85.36,394891.0,33707895.76,0.0150000000000005,85.4,85.37
2012-09-27,KMB,17750,KIMBERLY CLARK CORP,,,0.003866,-0.0023881347410759,0.0001166997315905,2.8421391100499348e-11,0.009649,4.019843450471143,85.69,394891.0,33838209.79,0.0049999999999954,85.71,85.7
2012-09-28,KMB,17750,KIMBERLY CLARK CORP,,,0.00105,0.1472218722439209,0.0002331545814874,6.721550451976897e-12,-0.004478,4.611652329376967,85.78,394891.0,33873749.980000004,0.009999999999998,85.77,85.75
2012-10-01,KMB,17750,KIMBERLY CLARK CORP,,,0.007578,-0.0337707978694196,0.0001157005669326,4.982830735488699e-11,0.002652,4.45591315071754,86.43,394891.0,34130429.13,0.0049999999999954,86.41,86.4
2012-10-02,KMB,17750,KIMBERLY CLARK CORP,,,-0.000694,-0.0810979768129119,0.0001157809424569,-4.969507951330873e-12,0.000872,4.094547609340299,86.37,394891.0,34106735.67,0.0050000000000025,86.34,86.33
2012-10-03,KMB,17750,KIMBERLY CLARK CORP,,,0.000926,0.0095862452841857,0.0001156737998842,6.56174581554068e-12,0.003624,4.133798947051211,86.45,394891.0,34138326.95,0.0049999999999954,86.46,86.45
2012-10-04,KMB,17750,KIMBERLY CLARK CORP,,,0.003933,-0.2359103160989953,0.00011522064754,3.633150058325776e-11,0.007174,3.1585931307626662,86.79,394891.0,34272589.89,0.0050000000000025,86.78,86.77
2012-10-05,KMB,17750,KIMBERLY CLARK CORP,,,0.001152,-0.0820171570592479,0.0001150880423524,1.1579163737114789e-11,-0.000322,2.8995343018706428,86.89,394891.0,34312078.99,0.0050000000000025,86.9,86.89
2012-10-08,KMB,17750,KIMBERLY CLARK CORP,,,-0.002762,-0.0927510917030567,0.0001154068090017,-3.0684790764611214e-11,-0.003457,2.6305993299416803,86.65,394891.0,34217305.150000006,0.0050000000000025,86.67,86.66
2012-10-09,KMB,17750,KIMBERLY CLARK CORP,,,-0.006694,0.473815941470928,0.0001161845009876,-5.079941538933913e-11,-0.009891,3.8770192280907896,86.07,394891.0,33988268.37,0.0050000000000025,86.08,86.07
2012-10-10,KMB,17750,KIMBERLY CLARK CORP,,,-0.000929,-0.3041149575440888,0.0001162925921619,-1.0140399673210612e-11,-0.006188,2.6979596901423437,85.99,394891.0,33956677.09,0.0050000000000025,86.03,86.02
2012-10-11,KMB,17750,KIMBERLY CLARK CORP,,,0.0,-0.1121644452787685,0.0001162925921619,0.0,0.000195,2.395344538113049,85.99,394891.0,33956677.09,0.0050000000000025,86.0,85.99
2012-10-12,KMB,17750,KIMBERLY CLARK CORP,,,-0.003954,0.2023469711385981,0.0001167542323408,-4.059142132032068e-11,-0.002966,2.880035250233609,85.65,394891.0,33822414.150000006,0.0049999999999954,85.66,85.65
2012-10-15,KMB,17750,KIMBERLY CLARK CORP,,,0.007239,-0.0874879099621911,0.0001159151501101,8.085467061545136e-11,0.008078,2.628066985573234,86.27,394891.0,34067246.57,0.0050000000000025,86.28,86.27
2012-10-16,KMB,17750,KIMBERLY CLARK CORP,,,0.004521,0.1689150125264984,0.0001153934918071,4.3005026499029565e-11,0.01027,3.071986953361814,86.66,394891.0,34221254.059999995,0.0050000000000025,86.67,86.66
2012-10-17,KMB,17750,KIMBERLY CLARK CORP,,,0.009001,-0.1318110625669771,0.0001143641354071,9.773942107858279e-11,0.004117,2.667065088847302,87.44,394891.0,34529269.04,0.0050000000000025,87.43,87.42
2012-10-18,KMB,17750,KIMBERLY CLARK CORP,,,0.002745,0.2432586403342196,0.0001140510948904,2.390944367454197e-11,-0.002444,3.315851716043161,87.68,394891.0,34624042.88,0.0049999999999954,87.69,87.68
2012-10-19,KMB,17750,KIMBERLY CLARK CORP,,,-0.009124,0.5672063540552925,0.0001151012891343,-5.1176071442064957e-11,-0.016571,5.196623878487988,86.88,394891.0,34308130.08,0.0049999999999954,86.88,86.87
2012-10-22,KMB,17750,KIMBERLY CLARK CORP,,,-0.003913,-0.1299156961161737,0.0001155535012711,-2.5324046512112534e-11,0.00044,4.521500869860291,86.54,394891.0,34173867.14,0.0050000000000025,86.51,86.5
2012-10-23,KMB,17750,KIMBERLY CLARK CORP,,,-0.006933,0.0754410529263511,0.0004654410053524,-4.201258319588296e-11,-0.014444,4.862607656289963,85.94,394891.0,33936932.54,0.019999999999996,85.99,85.95
2012-10-24,KMB,17750,KIMBERLY CLARK CORP,,,-0.020014,0.7085720237475264,0.0001187366421278,-7.243340513121804e-11,-0.003085,8.308115403997558,84.22,394891.0,33257720.02,0.0050000000000025,84.23,84.22
2012-10-25,KMB,17750,KIMBERLY CLARK CORP,,,-0.016386,0.1101255791270421,0.0001207146306132,-5.4310149013711656e-11,0.002996,9.22305142431709,82.84,394891.0,32712770.44,0.0050000000000025,82.87,82.86
2012-10-26,KMB,17750,KIMBERLY CLARK CORP,,,-0.001086,-0.4131682271217155,0.0001208459214502,-6.140395391141349e-12,-0.000729,5.412379618679585,82.75,394891.0,32677230.25,0.0050000000000025,82.76,82.75
2012-10-31,KMB,17750,KIMBERLY CLARK CORP,,,0.008459,0.2311327375660881,0.0004793289394847,3.852319670031218e-11,0.000156,6.707366811113944,83.45,392300.0,32737435.0,0.0200000000000031,83.45,83.41
2012-11-01,KMB,17750,KIMBERLY CLARK CORP,,,0.003715,-0.2205753809903849,0.0001193887297039,2.162607298503329e-11,0.010927,5.227886821310221,83.76,392300.0,32859048.000000004,0.0050000000000025,83.78,83.77
2012-11-02,KMB,17750,KIMBERLY CLARK CORP,,,-0.005014,-0.1103418011604661,0.0001199904007679,-3.297335687002324e-11,-0.009379,4.651032373183788,83.34,392300.0,32694282.0,0.0050000000000025,83.34,83.33
2012-11-05,KMB,17750,KIMBERLY CLARK CORP,,,-0.00252,-0.258303189740217,0.0001202935161795,-2.2400034048051757e-11,0.002164,3.449655875605404,83.13,392300.0,32611899.0,0.0050000000000025,83.14,83.13
2012-11-06,KMB,17750,KIMBERLY CLARK CORP,,,0.003609,-0.1549545555309244,0.0001198609612848,3.7826006407593416e-11,0.007853,2.9151159826663267,83.43,392300.0,32729589.000000004,0.0049999999999954,83.41,83.4
2012-11-07,KMB,17750,KIMBERLY CLARK CORP,,,-0.004075,0.7123119972018188,0.0001203514261642,-2.5045044511282303e-11,-0.023705,4.991588070354321,83.09,392300.0,32596207.0,0.0049999999999954,83.1,83.09
2012-11-08,KMB,17750,KIMBERLY CLARK CORP,,,-0.005897,-0.1105607190276785,0.0001210653753027,-4.0989982095642546e-11,-0.012205,4.4397145042059645,82.6,392300.0,32403980.0,0.0050000000000025,82.61,82.6
2012-11-09,KMB,17750,KIMBERLY CLARK CORP,,,0.006416,0.039501636332319,0.0001202935161795,4.2629284717344946e-11,0.001699,4.615090491970431,83.13,392300.0,32611899.0,0.0050000000000025,83.15,83.14
2012-11-12,KMB,17750,KIMBERLY CLARK CORP,,,0.006135,-0.2013808340237504,0.0002391200382593,5.0729698966741455e-11,0.00013,3.685699719602345,83.64,392300.0,32811972.0,0.0100000000000051,83.65,83.63
2012-11-13,KMB,17750,KIMBERLY CLARK CORP,,,0.008967,0.5027318625077806,0.0001184974523048,4.890310451108806e-11,-0.003985,5.538618404282437,84.39,392300.0,33106197.0,0.0050000000000025,84.4,84.39
2012-11-14,KMB,17750,KIMBERLY CLARK CORP,,,-0.00628,0.1208578792341679,0.0001192463629859,-3.0749246922543876e-11,-0.013852,6.208004078511343,83.86,392300.0,32898278.0,0.0050000000000025,83.87,83.86
2012-11-15,KMB,17750,KIMBERLY CLARK CORP,,,-0.000358,-0.183953354685062,0.0001192890373375,-2.148811279400915e-12,-0.001594,5.066020902370635,83.83,392300.0,32886509.0,0.0050000000000025,83.83,83.82
2012-11-16,KMB,17750,KIMBERLY CLARK CORP,,,0.014315,0.4395189695078998,0.0002352111019639,5.88459387712755e-11,0.00484,7.292633188886056,85.03,392300.0,33357269.0,0.009999999999998,85.03,85.01
2012-11-19,KMB,17750,KIMBERLY CLARK CORP,,,0.011408,-0.1749099933587332,0.0001162790697675,5.6196213849056414e-11,0.019862,6.017078766250319,86.0,392300.0,33737800.0,0.0050000000000025,86.0,85.99
2012-11-20,KMB,17750,KIMBERLY CLARK CORP,,,0.002558,-0.1963567040881169,0.0001159823706797,1.5639583774304787e-11,0.000663,4.835585011470813,86.22,392300.0,33824106.0,0.0050000000000025,86.23,86.22
2012-11-21,KMB,17750,KIMBERLY CLARK CORP,,,0.000696,-0.4178703215603584,0.0002318034306907,7.304862254857325e-12,0.00232,2.8149375477950547,86.28,392300.0,33847644.0,0.009999999999998,86.28,86.26
2012-11-23,KMB,17750,KIMBERLY CLARK CORP,,,0.012286,-0.3688309336231097,0.0002289901534233,2.0182015960975084e-10,0.013026,1.776701503951058,87.34,392300.0,34263482.0,0.009999999999998,87.33,87.31
2012-11-26,KMB,17750,KIMBERLY CLARK CORP,,,-0.010992,1.4962697274031562,0.0001157675387821,-7.313735193362397e-11,-0.00203,4.435126178944685,86.38,392300.0,33886874.0,0.0050000000000025,86.36,86.35
2012-11-27,KMB,17750,KIMBERLY CLARK CORP,,,-0.009261,0.2178860854072073,0.0001168497312456,-5.1068681503806966e-11,-0.005227,5.401478460361968,85.58,392300.0,33573034.0,0.0050000000000025,85.58,85.57
2012-11-28,KMB,17750,KIMBERLY CLARK CORP,,,0.005258,0.0624823029731005,0.000116238521446,2.7146759605716705e-11,0.007856,5.738975274024981,86.03,392300.0,33749569.0,0.0050000000000025,86.0,85.99
2012-11-29,KMB,17750,KIMBERLY CLARK CORP,,,-0.004185,-0.0085724438127386,0.0001167269756041,-2.1885327400340484e-11,0.00427,5.689778230945705,85.67,392300.0,33608341.0,0.0050000000000025,85.67,85.66
2012-11-30,KMB,17750,KIMBERLY CLARK CORP,,,0.000584,0.3534787867927065,0.0001166588894074,2.2550988518720245e-12,0.000162,7.7209509156984915,85.72,391286.0,33541035.92,0.0050000000000025,85.72,85.71
2012-12-03,KMB,17750,KIMBERLY CLARK CORP,,,-0.00035,-0.3780742113799609,0.0001166997315906,-2.173873333158554e-12,-0.004745,4.801858487142397,85.69,391286.0,33529297.34,0.0050000000000025,85.7,85.69
2012-12-04,KMB,17750,KIMBERLY CLARK CORP,,,0.0014,0.4139656181808504,0.0001165365342035,6.1411204834893626e-12,-0.00171,6.789662804189264,85.81,391286.0,33576251.660000004,0.0050000000000025,85.79,85.78
2012-12-05,KMB,17750,KIMBERLY CLARK CORP,,,-0.00268,-0.3301840629352204,0.0002357378595003,-1.7751544351240007e-11,0.001585,4.547824353541911,84.84,391286.0,33196704.24,0.0100000000000051,84.84,84.82
2012-12-06,KMB,17750,KIMBERLY CLARK CORP,,,0.001768,-0.2033155380724922,0.0002353218025651,1.4673377545846567e-11,0.003307,3.623180998042353,84.99,391286.0,33255397.14,0.0100000000000051,84.98,84.96
2012-12-07,KMB,17750,KIMBERLY CLARK CORP,,,0.010825,-0.0416872398956055,0.0001164008846467,9.274544209486087e-11,0.002921,3.472140582591761,85.91,391286.0,33615380.26,0.0050000000000025,85.92,85.91
2012-12-10,KMB,17750,KIMBERLY CLARK CORP,,,-0.002328,0.0447519505373177,0.0001166725002917,-1.9135802499579677e-11,0.000338,3.627525646202522,85.71,391286.0,33537123.06,0.0050000000000025,85.72,85.71
2012-12-11,KMB,17750,KIMBERLY CLARK CORP,,,0.000817,0.0912357334084825,0.0001165772907438,6.149115277787751e-12,0.006549,3.958485608991889,85.78,391286.0,33564513.08,0.0050000000000025,85.79,85.78
2012-12-12,KMB,17750,KIMBERLY CLARK CORP,,,-0.003264,0.1796113370779262,0.0001169590643273,-2.0894006128012275e-11,0.000448,4.669474502026651,85.5,391286.0,33454953.0,0.0049999999999954,85.52,85.51
2012-12-13,KMB,17750,KIMBERLY CLARK CORP,,,0.003275,-0.1738821082589896,0.0002331545814874,2.5294198170519688e-11,-0.006321,3.8575364311526608,85.78,391286.0,33564513.08,0.009999999999998,85.8,85.78
2012-12-14,KMB,17750,KIMBERLY CLARK CORP,,,-0.00851,0.3646482045846031,0.0001175778953557,-4.857694385264484e-11,-0.004135,5.264180164892176,85.05,391286.0,33278874.3,0.0050000000000025,85.06,85.05
2012-12-17,KMB,17750,KIMBERLY CLARK CORP,,,0.005526,-0.0736964753859598,0.0001169317118801,3.386607127098152e-11,0.011871,4.876228640942942,85.52,391286.0,33462778.72,0.0049999999999954,85.52,85.51
2012-12-18,KMB,17750,KIMBERLY CLARK CORP,,,0.007484,0.2443396226415093,0.0001160631383471,3.658565105681496e-11,0.011487,6.067684506984661,86.16,391286.0,33713201.76,0.0049999999999954,86.16,86.15
2012-12-19,KMB,17750,KIMBERLY CLARK CORP,,,-0.013463,-0.414034200994019,0.0001176470588234,-1.1385008287386258e-10,-0.007589,3.5554556002514786,85.0,391286.0,33259310.0,0.0049999999999954,85.02,85.01
2012-12-20,KMB,17750,KIMBERLY CLARK CORP,,,-0.000588,0.0476566992524438,0.0001177163037079,-4.749035099851895e-12,0.005488,3.7248968784980807,84.95,391286.0,33239745.7,0.0049999999999954,84.96,84.95
2012-12-21,KMB,17750,KIMBERLY CLARK CORP,,,-0.010594,1.9161578044596916,0.0001189767995239,-2.9655323486771265e-11,-0.009379,10.86238710303972,84.05,391286.0,32887588.3,0.0049999999999954,84.07,84.06
2012-12-24,KMB,17750,KIMBERLY CLARK CORP,,,-0.003093,-0.8294708608804084,0.0002386919680153,-5.092951552643829e-11,-0.00244,1.8523535214651177,83.79,391286.0,32785853.94,0.0100000000000051,83.79,83.77
2012-12-26,KMB,17750,KIMBERLY CLARK CORP,,,-0.00358,0.8595474613686533,0.0002395496466642,-3.1814354320303117e-11,-0.004787,3.444539288397745,83.49,391286.0,32668468.14,0.009999999999998,83.49,83.47
2012-12-27,KMB,17750,KIMBERLY CLARK CORP,,,0.00527,0.1061730227036652,0.0001191469081377,4.211578280809291e-11,-0.001218,3.8102564364684657,83.93,391286.0,32840633.980000004,0.0050000000000025,83.93,83.92
2012-12-28,KMB,17750,KIMBERLY CLARK CORP,,,-0.009532,-0.1922328794687772,0.0001202935161793,-9.521197344704672e-11,-0.01105,3.0777998701716904,83.13,391286.0,32527605.18,0.0049999999999954,83.13,83.12
2012-12-31,KMB,17750,KIMBERLY CLARK CORP,,,0.015638,0.4120235821639126,0.0002368826246596,1.0892003776609724e-10,0.016942,4.345925997863455,84.43,391286.0,33036276.980000004,0.0100000000000051,84.43,84.41
2013-01-02,KMB,17750,KIMBERLY CLARK CORP,,,0.023096,0.5230814466333431,0.0001157675387821,1.0323425002748919e-10,0.025403,6.619199255787327,86.38,391286.0,33799284.68,0.0050000000000025,86.37,86.36
2013-01-03,KMB,17750,KIMBERLY CLARK CORP,,,-0.004283,-0.3058301158301159,0.0001162655505172,-2.7697055056785463e-11,-0.002086,4.594848780687272,86.01,391286.0,33654508.86,0.0049999999999954,86.02,86.01
2013-01-04,KMB,17750,KIMBERLY CLARK CORP,,,0.004069,-0.0527281828800266,0.0001157943492356,2.7665269628342225e-11,0.004865,4.352570753873126,86.36,391286.0,33791458.96,0.0049999999999954,86.35,86.34
2013-01-07,KMB,17750,KIMBERLY CLARK CORP,,,-0.022001,0.5716047208032411,0.0001183992422447,-9.732129300713355e-11,-0.003123,6.840520744417127,84.46,391286.0,33048015.56,0.0049999999999954,84.46,84.45
2013-01-08,KMB,17750,KIMBERLY CLARK CORP,,,-0.005091,-0.1002017484868863,0.0001190051172199,-2.5155914788541187e-11,-0.003242,6.155088605265713,84.03,391286.0,32879762.58,0.0049999999999954,84.05,84.04
2013-01-09,KMB,17750,KIMBERLY CLARK CORP,,,0.006902,-0.2341388473675468,0.0002363786786431,4.422568826227359e-11,0.002656,4.713943253783677,84.61,391286.0,33106708.46,0.009999999999998,84.61,84.59
2013-01-10,KMB,17750,KIMBERLY CLARK CORP,,,0.003782,0.0380048793711031,0.0002354880489816,2.3258534452316065e-11,0.007597,4.893096098505952,84.93,391286.0,33231919.980000004,0.0100000000000051,84.9,84.88
2013-01-11,KMB,17750,KIMBERLY CLARK CORP,,,0.002002,-0.3425258539642745,0.0001175088131608,1.8688643465864005e-11,-4.8e-05,3.217084178835941,85.1,391286.0,33298438.6,0.0049999999999954,85.1,85.09
2013-01-14,KMB,17750,KIMBERLY CLARK CORP,,,0.006463,0.0266920877025738,0.0001167542323409,5.838615007887505e-11,-0.000931,3.3029548718839927,85.65,391286.0,33513645.9,0.0050000000000025,85.67,85.66
2013-01-15,KMB,17750,KIMBERLY CLARK CORP,,,0.000584,0.1576911173011452,0.0001166861143524,4.554517496444123e-12,0.001129,3.823801516026641,85.7,391286.0,33533210.2,0.0050000000000025,85.7,85.69
2013-01-16,KMB,17750,KIMBERLY CLARK CORP,,,-0.00245,-0.171100120304772,0.0001169727453503,-2.3107823424311945e-11,0.000197,3.169548616612912,85.49,391286.0,33451040.14,0.0050000000000025,85.48,85.47
2013-01-17,KMB,17750,KIMBERLY CLARK CORP,,,0.009826,-0.027656829543622,0.0001158345882079,9.438516159981676e-11,0.005643,3.0818889507930263,86.33,391286.0,33779720.38,0.0049999999999954,86.35,86.34
2013-01-18,KMB,17750,KIMBERLY CLARK CORP,,,0.005676,0.3145368604361886,0.0001151808339092,4.1241888296040376e-11,0.003403,4.051256625588445,86.82,391286.0,33971450.52,0.0050000000000025,86.84,86.83
2013-01-22,KMB,17750,KIMBERLY CLARK CORP,,,0.004377,-0.1252207923290437,0.0002293577981652,3.619741409709408e-11,0.004428,3.543955061003972,87.2,391286.0,34120139.2,0.0100000000000051,87.18,87.16
2013-01-23,KMB,17750,KIMBERLY CLARK CORP,,,-0.002294,0.197086608494988,0.0001149425287356,-1.5884226561418087e-11,0.001507,4.242421144635893,87.0,391286.0,34041882.0,0.0050000000000025,87.0,86.99
2013-01-24,KMB,17750,KIMBERLY CLARK CORP,,,-0.004828,0.468012048192771,0.0001155001155,-2.2882947910647034e-11,7e-06,6.227925353833258,86.58,391286.0,33877541.88,0.0049999999999954,86.6,86.59
2013-01-25,KMB,17750,KIMBERLY CLARK CORP,,,-0.003696,0.3181911444868481,0.0001159285879896,-1.3338482122164631e-11,0.005445,8.20959604994812,86.26,391286.0,33752330.36,0.0049999999999954,86.27,86.26
2013-01-28,KMB,17750,KIMBERLY CLARK CORP,,,0.00626,-0.3583413753385425,0.0001152073732717,3.498923717650047e-11,-0.00185,5.267758110435845,86.8,391286.0,33963624.8,0.0049999999999954,86.8,86.79
2013-01-29,KMB,17750,KIMBERLY CLARK CORP,,,0.015438,0.445032020182418,0.0,5.880583025638817e-11,0.005106,7.612079144155426,88.14,391286.0,34487948.04,0.0,88.15,88.15
2013-01-30,KMB,17750,KIMBERLY CLARK CORP,,,0.000113,-0.3547758939063287,0.0001134429948949,6.670339485452373e-13,-0.0039,4.911496961301963,88.15,391286.0,34491860.9,0.0049999999999954,88.16,88.15
2013-01-31,KMB,17750,KIMBERLY CLARK CORP,,,0.015428,1.2190134249141429,0.0001117193609651,4.0417547214725256e-11,-0.002563,10.954276907269458,89.51,389300.0,34846243.0,0.0049999999999954,89.52,89.51
2013-02-01,KMB,17750,KIMBERLY CLARK CORP,,,0.005586,-0.2756477898933052,0.000333296300411,2.0090570131609057e-11,0.010053,7.9347546879013615,90.01,389300.0,35040893.0,0.0150000000000005,90.01,89.98
2013-02-04,KMB,17750,KIMBERLY CLARK CORP,,,-0.007888,-0.4874716736808028,0.0001119820828667,-5.5792993282772576e-11,-0.011539,4.066786539943489,89.3,389300.0,34764490.0,0.0050000000000025,89.31,89.3
2013-02-05,KMB,17750,KIMBERLY CLARK CORP,,,0.010526,0.3892748863062152,0.0001108156028367,5.3032281675880556e-11,0.010416,5.649884407911636,90.24,389300.0,35130432.0,0.0049999999999954,90.27,90.26
2013-02-06,KMB,17750,KIMBERLY CLARK CORP,,,0.007314,-0.1135712661968629,0.0001100110011,4.1268936864451177e-11,0.000549,5.008219881839199,90.9,389300.0,35387370.0,0.0049999999999954,90.91,90.9
2013-02-07,KMB,17750,KIMBERLY CLARK CORP,,,0.00088,-0.0511873621582807,0.0001099142668717,5.228636945089959e-12,-0.001805,4.751862316979193,90.98,389300.0,35418514.0,0.0049999999999954,90.99,90.98
2013-02-08,KMB,17750,KIMBERLY CLARK CORP,,,-0.000879,-0.106816584680253,0.0001100110011,-5.852428128487363e-12,0.005658,4.2442846134086825,90.9,389300.0,35387370.0,0.0049999999999954,90.91,90.9
2013-02-11,KMB,17750,KIMBERLY CLARK CORP,,,-0.005501,0.1123282696846819,0.0001106194690266,-3.3109401986780794e-11,-0.000606,4.721037760082199,90.4,389300.0,35192720.0,0.0050000000000025,90.42,90.41
2013-02-12,KMB,17750,KIMBERLY CLARK CORP,,,-0.005531,0.067141846672833,0.000111234705228,-3.136894685240607e-11,0.001595,5.038016953506293,89.9,389300.0,34998070.0,0.0050000000000025,89.9,89.89
2013-02-13,KMB,17750,KIMBERLY CLARK CORP,,,-0.000111,-0.0364044256360577,0.0001112470797642,-6.533904362041027e-13,0.000592,4.854610839969175,89.89,389300.0,34994177.0,0.0050000000000025,89.89,89.88
2013-02-14,KMB,17750,KIMBERLY CLARK CORP,,,0.003337,-0.0402666807767606,0.0001108770373654,2.0398978591293362e-11,0.000691,4.659131774980735,90.19,389300.0,35110967.0,0.0049999999999954,90.19,90.18
2013-02-15,KMB,17750,KIMBERLY CLARK CORP,,,0.011199,0.2141360679236961,0.000109649122807,5.576062693287574e-11,-0.001045,5.65681993321346,91.2,389300.0,35504160.0,0.0050000000000025,91.2,91.19
2013-02-19,KMB,17750,KIMBERLY CLARK CORP,,,0.011075,0.0860049041867223,0.0001084481075804,5.022005316333372e-11,0.007337,6.143334189571025,92.21,389300.0,35897353.0,0.0049999999999954,92.21,92.2
2013-02-20,KMB,17750,KIMBERLY CLARK CORP,,,-0.005097,0.0306071249372805,0.0001090037061259,-2.2541053640224932e-11,-0.012404,6.331363986642692,91.74,389300.0,35714382.0,0.0049999999999954,91.74,91.73
2013-02-21,KMB,17750,KIMBERLY CLARK CORP,,,0.001308,-0.2780753002271989,0.0001088613106902,8.002168954858736e-12,-0.006303,4.57076804520935,91.86,389300.0,35761098.0,0.0050000000000025,91.86,91.85
2013-02-22,KMB,17750,KIMBERLY CLARK CORP,,,0.028739,1.6489828031920872,0.0001058201058201,6.451892441369699e-11,0.008773,12.10788594913948,94.5,389300.0,36788850.0,0.0050000000000025,94.51,94.5
2013-02-25,KMB,17750,KIMBERLY CLARK CORP,,,-0.002751,0.0024397488119483,0.0001061120543294,-6.177948857380836e-12,-0.01831,12.1374261494991,94.24,389300.0,36687632.0,0.0050000000000025,94.25,94.24
2013-02-26,KMB,17750,KIMBERLY CLARK CORP,,,-0.000212,-0.1794671012253709,0.0002122691572914,-5.803443468802256e-13,0.006109,9.959157462111484,94.22,389300.0,36679846.0,0.009999999999998,94.24,94.22
2013-02-27,KMB,17750,KIMBERLY CLARK CORP,,,0.010295,-0.5257279925717675,0.000105053051791,5.881668306449509e-11,0.012726,4.723349601849473,95.19,389300.0,37057467.0,0.0049999999999954,95.21,95.2
2013-02-28,KMB,17750,KIMBERLY CLARK CORP,,,-0.00956,0.5306721775070697,0.0002121340687313,-3.6026463743916545e-11,-0.000864,7.261197764832749,94.28,387622.0,36545002.16,0.009999999999998,94.3,94.28
2013-03-01,KMB,17750,KIMBERLY CLARK CORP,,,0.000212,-0.1743764655723726,0.0001060445387061,9.674430762426372e-13,0.002324,5.995015762779202,94.3,387622.0,36552754.6,0.0049999999999954,94.3,94.29
2013-03-04,KMB,17750,KIMBERLY CLARK CORP,,,0.007847,-0.32571649883811,0.0001052188552187,5.269336632218756e-11,0.004611,4.042340218047479,95.04,387622.0,36839594.88,0.0049999999999954,95.05,95.04
2013-03-05,KMB,17750,KIMBERLY CLARK CORP,,,0.008733,0.2249664943519049,0.0001043079169709,4.745863493314853e-11,0.009566,4.951731325879336,95.87,387622.0,37161321.14,0.0050000000000025,95.87,95.86
2013-03-06,KMB,17750,KIMBERLY CLARK CORP,,,-0.004381,-0.1345733041575492,0.000105663567202,-2.786780373921425e-11,0.001085,4.285360480055312,94.64,387622.0,36684546.08,0.0050000000000025,94.64,94.63
2013-03-07,KMB,17750,KIMBERLY CLARK CORP,,,-0.007079,0.2234663777015231,0.0001064169415771,-3.706763417921982e-11,0.001816,5.242994463678532,93.97,387622.0,36424839.34,0.0050000000000025,93.98,93.97
2013-03-08,KMB,17750,KIMBERLY CLARK CORP,,,0.002341,0.1395463268218275,0.0001061683830555,1.0731904863465026e-11,0.004481,5.974635082632049,94.19,387622.0,36510116.18,0.0050000000000025,94.2,94.19
2013-03-11,KMB,17750,KIMBERLY CLARK CORP,,,-0.003291,-0.0405026123753184,0.000106518960375,-1.5775793105348528e-11,0.003249,5.7326467537962245,93.88,387622.0,36389953.36,0.0050000000000025,93.89,93.88
2013-03-12,KMB,17750,KIMBERLY CLARK CORP,,,0.00213,-0.1359974798613923,0.0001062925170067,1.1792440295040876e-11,-0.002403,4.953021242344346,94.08,387622.0,36467477.76,0.0049999999999954,94.1,94.09
2013-03-13,KMB,17750,KIMBERLY CLARK CORP,,,-0.007228,0.1006302411583937,0.0001070663811563,-3.662277237224261e-11,0.001314,5.451444964424104,93.4,387622.0,36203894.8,0.0050000000000025,93.4,93.39
2013-03-14,KMB,17750,KIMBERLY CLARK CORP,,,0.004068,-0.1128200274478254,0.0001066325442525,2.313869899286253e-11,0.005603,4.836412793907466,93.78,387622.0,36351191.16,0.0050000000000025,93.78,93.77
2013-03-15,KMB,17750,KIMBERLY CLARK CORP,,,-0.005545,0.7676428228516563,0.0001072271070127,-1.794237154883094e-11,-0.001618,8.54905036349846,93.26,387622.0,36149627.72,0.0050000000000025,93.26,93.25
2013-03-18,KMB,17750,KIMBERLY CLARK CORP,,,-0.00386,-0.3444685859134528,0.0001076426264799,-1.9127217152931567e-11,-0.00551,5.604171073881256,92.9,387622.0,36010083.800000004,0.0049999999999954,92.91,92.9
2013-03-19,KMB,17750,KIMBERLY CLARK CORP,,,0.010764,-0.1424757169820006,0.0001064962726303,6.153778605294445e-11,-0.002423,4.805712782040235,93.9,387622.0,36397705.8,0.0049999999999954,93.91,93.9
2013-03-20,KMB,17750,KIMBERLY CLARK CORP,,,0.017465,0.4754133562379214,0.0001046682018003,6.651252162866099e-11,0.006697,7.090412824865462,95.54,387622.0,37033405.88,0.0050000000000025,95.56,95.55
2013-03-21,KMB,17750,KIMBERLY CLARK CORP,,,-0.006385,-0.0136079173337214,0.0001053407774148,-2.481006506065565e-11,-0.008282,6.993927073282734,94.93,387622.0,36796956.46,0.0049999999999954,94.94,94.93
2013-03-22,KMB,17750,KIMBERLY CLARK CORP,,,0.00769,-0.3700848395426042,0.0001045369015261,4.7074355726226856e-11,0.007174,4.405580694594218,95.66,387622.0,37079920.52,0.0049999999999954,95.66,95.65
2013-03-25,KMB,17750,KIMBERLY CLARK CORP,,,-0.011708,0.6706681501434679,0.0001057753331922,-4.340755699318062e-11,-0.00334,7.360263349345496,94.54,387622.0,36645783.88,0.0049999999999954,94.55,94.54
2013-03-26,KMB,17750,KIMBERLY CLARK CORP,,,0.029406,0.1908166841920784,0.0001027538018907,8.893796133505152e-11,0.007785,8.764724396448086,97.32,387622.0,37723373.04,0.0050000000000025,97.33,97.32
2013-03-27,KMB,17750,KIMBERLY CLARK CORP,,,-0.004213,-0.4261494083711072,0.0001031885254358,-2.229858728260915e-11,-0.000588,5.029642280365923,96.91,387622.0,37564448.02,0.0049999999999954,96.91,96.9
2013-03-28,KMB,17750,KIMBERLY CLARK CORP,,,0.011041,0.2112741075092326,0.0003061849357011,4.7718087022041725e-11,0.004057,6.105080285101949,97.98,386809.0,37899545.82,0.0150000000000005,97.95,97.92
2013-04-01,KMB,17750,KIMBERLY CLARK CORP,,,-0.00051,-0.3399957654033453,0.0001021137547228,-3.341332921122045e-12,-0.004474,4.029378840719838,97.93,386809.0,37880205.370000005,0.0050000000000025,97.93,97.92
2013-04-02,KMB,17750,KIMBERLY CLARK CORP,,,0.018993,0.6620685230334915,0.0001002104419279,7.347218388494238e-11,0.005172,6.697103738537624,99.79,386809.0,38599670.11,0.0049999999999954,99.8,99.79
2013-04-03,KMB,17750,KIMBERLY CLARK CORP,,,-0.01904,0.0678247442578652,0.0001021554806414,-7.031452358523801e-11,-0.010546,7.151333086872333,97.89,386809.0,37864733.01,0.0049999999999954,97.88,97.87
2013-04-04,KMB,17750,KIMBERLY CLARK CORP,,,0.005925,-0.342780709999277,0.0001015537727225,3.309714540053579e-11,0.004048,4.6999940539129135,98.47,386809.0,38089082.23,0.0049999999999954,98.46,98.45
2013-04-05,KMB,17750,KIMBERLY CLARK CORP,,,0.00853,0.5727172717271727,0.0001006947940791,3.004080139532444e-11,-0.004295,7.391761825603851,99.31,386809.0,38414001.79,0.0050000000000025,99.26,99.25
2013-04-08,KMB,17750,KIMBERLY CLARK CORP,,,0.00141,-0.5019585898153329,0.0001005530417294,9.956445845408172e-12,0.006303,3.681403483372931,99.45,386809.0,38468155.05,0.0049999999999954,99.41,99.4
2013-04-09,KMB,17750,KIMBERLY CLARK CORP,,,-0.001408,0.0896067415730337,0.0001006947940791,-9.137552852760872e-12,0.003544,4.011282053933595,99.31,386809.0,38414001.79,0.0050000000000025,99.29,99.28
2013-04-10,KMB,17750,KIMBERLY CLARK CORP,,,0.009969,0.112593451920598,9.970089730812678e-05,5.7575059101211106e-11,0.012189,4.462926147013126,100.3,386809.0,38796942.7,0.0050000000000025,100.31,100.3
2013-04-11,KMB,17750,KIMBERLY CLARK CORP,,,0.008175,0.2917801077448878,9.889240506334172e-05,3.625315746154283e-11,0.003552,5.765119219046093,101.12,386809.0,39114126.08,0.0050000000000025,101.08,101.07
2013-04-12,KMB,17750,KIMBERLY CLARK CORP,,,0.001088,-0.3793273542600897,9.878494517440595e-05,7.76519184666561e-12,-0.002837,3.578251798691344,101.23,386809.0,39156675.07,0.0050000000000025,101.25,101.24
2013-04-15,KMB,17750,KIMBERLY CLARK CORP,,,-0.010076,0.2852395058160537,9.979044007574998e-05,-5.652304650088095e-11,-0.022966,4.598910573435468,100.21,386809.0,38762129.89,0.0049999999999954,100.21,100.2
2013-04-16,KMB,17750,KIMBERLY CLARK CORP,,,0.013671,-0.0224295913204789,9.84445757037892e-05,7.739136253293422e-11,0.014307,4.4957588887538815,101.58,386809.0,39292058.22,0.0049999999999954,101.6,101.59
2013-04-17,KMB,17750,KIMBERLY CLARK CORP,,,-0.009057,0.0641748131109833,9.934432743895406e-05,-4.861999208981664e-11,-0.014328,4.784273375231703,100.66,386809.0,38936193.94,0.0050000000000025,100.62,100.61
2013-04-18,KMB,17750,KIMBERLY CLARK CORP,,,0.006954,0.4147843942505134,0.0001973164956591,2.620385972830464e-11,-0.006701,6.768715309106045,101.36,386809.0,39206960.24,0.0100000000000051,101.34,101.32
2013-04-19,KMB,17750,KIMBERLY CLARK CORP,,,0.046764,0.7384462607898556,9.425070688034984e-05,9.683496037767871e-11,0.008848,11.767047819466455,106.1,386809.0,41040434.9,0.0050000000000025,106.22,106.21
2013-04-22,KMB,17750,KIMBERLY CLARK CORP,,,-0.004807,-0.2305343176026012,9.470593806223036e-05,-1.2998642157026966e-11,0.004662,9.05433948020858,105.59,386809.0,40843162.31,0.0049999999999954,105.55,105.54
2013-04-23,KMB,17750,KIMBERLY CLARK CORP,,,-0.000947,0.2757901950147046,9.479571523371994e-05,-2.0091209508591127e-12,0.010419,11.55143753118464,105.49,386809.0,40804481.41,0.0050000000000025,105.5,105.49
2013-04-24,KMB,17750,KIMBERLY CLARK CORP,,,-0.019812,-0.2360458350118616,9.671179883950788e-05,-5.613165837431816e-11,6e-06,8.824768813548806,103.4,386809.0,39996050.6,0.0050000000000025,103.4,103.39
2013-04-25,KMB,17750,KIMBERLY CLARK CORP,,,0.00058,-0.3969825692104878,9.66557123526495e-05,2.7234897573118937e-12,0.004035,5.321489417257613,103.46,386809.0,40019259.14,0.0050000000000025,103.48,103.47
2013-04-26,KMB,17750,KIMBERLY CLARK CORP,,,-0.003286,0.1260687912942091,9.69743987587773e-05,-1.3747697239793744e-11,-0.001842,5.992363155976205,103.12,386809.0,39887744.08,0.0050000000000025,103.12,103.11
2013-04-29,KMB,17750,KIMBERLY CLARK CORP,,,0.001842,-0.0332628672505285,0.0001935921014422,7.956904919150416e-12,0.007186,5.793039975802011,103.31,386809.0,39961237.79,0.009999999999998,103.27,103.25
2013-04-30,KMB,17750,KIMBERLY CLARK CORP,,,-0.001162,-0.2189396644055694,9.6908615175801e-05,-6.433996733766609e-12,0.002485,4.549519105796724,103.19,384700.0,39697193.0,0.0049999999999954,103.19,103.18
2013-05-01,KMB,17750,KIMBERLY CLARK CORP,,,0.000969,0.4910867329448063,9.681479330032824e-05,3.594801498567016e-12,-0.009308,6.783727579932415,103.29,384700.0,39735663.0,0.0049999999999954,103.3,103.29
2013-05-02,KMB,17750,KIMBERLY CLARK CORP,,,0.012199,-0.0897421159520251,9.56480153037314e-05,4.9118507206466935e-11,0.009408,6.17494151286717,104.55,384700.0,40220385.0,0.0050000000000025,104.58,104.57
2013-05-03,KMB,17750,KIMBERLY CLARK CORP,,,0.007939,0.0200378867606818,9.48946669196328e-05,3.10911130649024e-11,0.010535,6.298674291655836,105.38,384700.0,40539686.0,0.0049999999999954,105.38,105.37
2013-05-06,KMB,17750,KIMBERLY CLARK CORP,,,-0.008635,-0.2675498328587347,9.572125969182652e-05,-4.657161806617642e-11,0.001908,4.613465037691708,104.47,384700.0,40189609.0,0.0050000000000025,104.47,104.46
2013-05-07,KMB,17750,KIMBERLY CLARK CORP,,,0.000383,-0.0801217038539553,9.568462348091958e-05,2.244714614310029e-12,0.00523,4.243826358201196,104.51,384700.0,40204997.0,0.0049999999999954,104.52,104.51
2013-05-08,KMB,17750,KIMBERLY CLARK CORP,,,-0.002296,-0.0303197353914002,9.590486237657156e-05,-1.3909264355788998e-11,0.004139,4.115154665973486,104.27,384700.0,40112669.0,0.0050000000000025,104.29,104.28
2013-05-09,KMB,17750,KIMBERLY CLARK CORP,,,-0.012468,0.5965510706841008,9.711566475677494e-05,-4.7906552252694383e-11,-0.003687,6.570054587990642,102.97,384700.0,39612559.0,0.0050000000000025,102.97,102.96
2013-05-10,KMB,17750,KIMBERLY CLARK CORP,,,0.004467,-0.2283679525222551,9.668374746210108e-05,2.214460851730424e-11,0.004322,5.06966467377177,103.43,384700.0,39789521.0,0.0050000000000025,103.42,103.41
2013-05-13,KMB,17750,KIMBERLY CLARK CORP,,,0.002707,-0.3428190534789519,9.642271719221982e-05,2.0364851013435717e-11,4.3e-05,3.331687028853652,103.71,384700.0,39897237.0,0.0050000000000025,103.68,103.67
2013-05-14,KMB,17750,KIMBERLY CLARK CORP,,,0.013017,0.1231177342591869,9.518370454982976e-05,8.607198903261551e-11,0.010142,3.741876787106837,105.06,384700.0,40416582.0,0.0050000000000025,105.06,105.05
2013-05-15,KMB,17750,KIMBERLY CLARK CORP,,,-0.004188,0.7626259117749219,9.55840183520446e-05,-1.5776844238313436e-11,0.005114,6.595528983623603,104.62,384700.0,40247314.0,0.0049999999999954,104.63,104.62
2013-05-16,KMB,17750,KIMBERLY CLARK CORP,,,-0.008316,-0.127970677491822,9.638554216858704e-05,-3.622625728440291e-11,-0.00501,5.751494671172342,103.75,384700.0,39912625.0,0.0049999999999954,103.74,103.73
2013-05-17,KMB,17750,KIMBERLY CLARK CORP,,,0.005783,0.1646479255174906,9.583133684706188e-05,2.150617489957169e-11,0.0103,6.698466337405771,104.35,384700.0,40143445.0,0.0049999999999954,104.35,104.34
2013-05-20,KMB,17750,KIMBERLY CLARK CORP,,,-0.014183,-0.3211998913423105,9.721007096340154e-05,-7.882062865728439e-11,-0.000708,4.546919677670912,102.87,384700.0,39574089.0,0.0050000000000025,102.87,102.86
2013-05-21,KMB,17750,KIMBERLY CLARK CORP,,,-0.009332,0.7032357649211067,9.812579727215304e-05,-3.073574128631771e-11,0.001722,7.744476215232649,101.91,384700.0,39204777.0,0.0050000000000025,101.89,101.88
2013-05-22,KMB,17750,KIMBERLY CLARK CORP,,,0.002355,-0.1942066928473131,9.789525208032418e-05,9.6031706855936e-12,-0.008274,6.24044710163764,102.15,384700.0,39297105.0,0.0050000000000025,102.15,102.14
2013-05-23,KMB,17750,KIMBERLY CLARK CORP,,,0.003818,1.8170950139542632,9.752291788575302e-05,5.505581849587677e-12,-0.002924,17.57993241486873,102.54,384700.0,39447138.0,0.0050000000000025,102.58,102.57
2013-05-24,KMB,17750,KIMBERLY CLARK CORP,,,0.00946,-0.0504509832914387,9.660902328282404e-05,1.423154505364614e-11,-0.000551,16.693007538341565,103.51,384700.0,39820297.0,0.0050000000000025,103.51,103.5
2013-05-28,KMB,17750,KIMBERLY CLARK CORP,,,0.009854,0.0863620791678345,9.5666315890224e-05,1.3512640857487887e-11,0.006341,18.13465037691708,104.53,384700.0,40212691.0,0.0050000000000025,104.51,104.5
2013-05-29,KMB,17750,KIMBERLY CLARK CORP,,,-0.048216,-0.3206524855226191,0.0001005126143331,-1.022559018585621e-10,-0.007048,12.319729659474916,99.49,384700.0,38273803.0,0.0050000000000025,99.5,99.49
2013-05-30,KMB,17750,KIMBERLY CLARK CORP,,,0.008242,-0.561104781195932,9.9690958030016e-05,3.950064305005236e-11,0.00367,5.407070444502209,100.31,384700.0,38589257.0,0.0049999999999954,100.32,100.31
2013-05-31,KMB,17750,KIMBERLY CLARK CORP,,,-0.034692,0.9441853757030912,0.0001032737787874,-8.859261476467529e-11,-0.014307,10.514971243148798,96.83,384604.0,37241205.32,0.0049999999999954,96.88,96.87
2013-06-03,KMB,17750,KIMBERLY CLARK CORP,,,-0.001343,0.0757894216265671,0.0001034126163392,-3.192275634246695e-12,0.005936,11.31189483208703,96.7,384604.0,37191206.8,0.0050000000000025,96.67,96.66
2013-06-04,KMB,17750,KIMBERLY CLARK CORP,,,0.0091,-0.3112444260561762,0.0001024800163967,3.112191387321555e-11,-0.005511,7.791130617466277,97.58,384604.0,37529658.32,0.0049999999999954,97.57,97.56
2013-06-05,KMB,17750,KIMBERLY CLARK CORP,,,-0.010863,-0.3549474386784582,0.0001044822902518,-5.87195984792451e-11,-0.01378,5.025688760387308,95.71,384604.0,36810448.84,0.0050000000000025,95.72,95.71
2013-06-06,KMB,17750,KIMBERLY CLARK CORP,,,0.006687,0.6350561332712505,0.0001037882719251,2.1960263712324288e-11,0.00849,8.217283231583655,96.35,384604.0,37056595.4,0.0049999999999954,96.35,96.34
2013-06-07,KMB,17750,KIMBERLY CLARK CORP,,,0.007992,-0.3634666497911657,0.0002059308072488,4.090567707740034e-11,0.012832,5.230574825014821,97.12,384604.0,37352740.48,0.0100000000000051,97.12,97.1
2013-06-10,KMB,17750,KIMBERLY CLARK CORP,,,0.004633,0.0296266838991896,0.0001024905196268,2.2924664579326392e-11,-0.000347,5.385539411966594,97.57,384604.0,37525812.28,0.0049999999999954,97.6,97.59
2013-06-11,KMB,17750,KIMBERLY CLARK CORP,,,0.003895,-0.070631970260223,-0.0001020929045431,2.065723964651989e-11,-0.010153,5.005148152385311,97.95,384604.0,37671961.8,-0.0050000000000025,97.94,97.95
2013-06-12,KMB,17750,KIMBERLY CLARK CORP,,,-0.011639,0.1848311688311688,0.000103295114141,-5.271184818871782e-11,-0.00837,5.930255535563853,96.81,384604.0,37233513.24,0.0049999999999954,96.82,96.81
2013-06-13,KMB,17750,KIMBERLY CLARK CORP,,,0.00785,0.0935198176078568,0.0001024905196269,3.22581524025274e-11,0.014784,6.484851951617768,97.57,384604.0,37525812.28,0.0050000000000025,97.58,97.57
2013-06-14,KMB,17750,KIMBERLY CLARK CORP,,,0.002972,-0.0969087045427208,0.0001021867974658,1.3483358287527116e-11,-0.005885,5.856413349835155,97.86,384604.0,37637347.44,0.0050000000000025,97.86,97.85
2013-06-17,KMB,17750,KIMBERLY CLARK CORP,,,0.017167,-0.1398508257858284,0.0001004621257786,8.901792676994469e-11,0.007567,5.037389106717559,99.54,384604.0,38283482.16,0.0050000000000025,99.54,99.53
2013-06-18,KMB,17750,KIMBERLY CLARK CORP,,,-0.001005,-0.1435428925363889,0.0001005631536604,-6.090879854685788e-12,0.007791,4.314307703508024,99.44,384604.0,38245021.76,0.0049999999999954,99.44,99.43
2013-06-19,KMB,17750,KIMBERLY CLARK CORP,,,-0.029566,0.4048695232929549,0.0001036269430052,-1.314329800047699e-10,-0.013851,6.06103940676644,96.5,384604.0,37114286.0,0.0050000000000025,96.5,96.49
2013-06-20,KMB,17750,KIMBERLY CLARK CORP,,,-0.019067,1.3300158723349491,0.000105641242341,-3.708481207246684e-11,-0.02501,14.12231802061341,94.66,384604.0,36406614.64,0.0050000000000025,94.67,94.66
2013-06-21,KMB,17750,KIMBERLY CLARK CORP,,,0.011832,-0.3055877750161097,0.0001044059302567,3.2752630559135517e-11,0.00267,9.806710278624248,95.78,384604.0,36837371.12,0.0049999999999954,95.8,95.79
2013-06-24,KMB,17750,KIMBERLY CLARK CORP,,,-0.007204,-0.3720603441418989,0.0001051635292879,-3.19877581908065e-11,-0.012145,6.158022277459413,95.09,384604.0,36571994.36,0.0049999999999954,95.1,95.09
2013-06-25,KMB,17750,KIMBERLY CLARK CORP,,,0.005363,-0.1951950684006079,0.0002092050209204,2.943094609927739e-11,0.009497,4.956006697798255,95.6,384604.0,36768142.4,0.009999999999998,95.63,95.61
2013-06-26,KMB,17750,KIMBERLY CLARK CORP,,,0.01454,0.1213997166990188,0.000103103412723,7.013443840897567e-11,0.00959,5.557664506869403,96.99,384604.0,37302741.96,0.0050000000000025,97.0,96.99
2013-06-27,KMB,17750,KIMBERLY CLARK CORP,,,0.003402,-0.2112748538011696,0.0001027538018905,2.073482614817363e-11,0.0062,4.383469750704621,97.32,384604.0,37429661.28,0.0049999999999954,97.35,97.34
2013-06-28,KMB,17750,KIMBERLY CLARK CORP,,,-0.00185,0.4761848270953199,0.0001029442042412,-7.652460234114488e-12,-0.00429,6.470811536021467,97.14,384604.0,37360432.56,0.0049999999999954,96.91,96.9
2013-07-01,KMB,17750,KIMBERLY CLARK CORP,,,0.000309,-0.4045083778679632,0.0001029124215293,2.145744821359452e-12,0.005404,3.85331405809612,97.17,384604.0,37371970.68,0.0050000000000025,97.17,97.16
2013-07-02,KMB,17750,KIMBERLY CLARK CORP,,,-0.001338,-0.1544534412955466,0.0001030502885407,-1.1003214912425264e-11,-0.000545,3.2581564414306663,97.04,384604.0,37321972.16,0.0049999999999954,97.02,97.01
2013-07-03,KMB,17750,KIMBERLY CLARK CORP,,,-0.000103,-0.2494613358870002,0.0001030609089971,-1.1286840645096637e-12,0.000824,2.4453723830225376,97.03,384604.0,37318126.12,0.0049999999999954,97.07,97.06
2013-07-05,KMB,17750,KIMBERLY CLARK CORP,,,0.00371,-0.0115895800106325,0.0001026799466064,4.0979195558288194e-11,0.010202,2.4170315441337062,97.39,384604.0,37456583.56,0.0050000000000025,97.4,97.39
2013-07-08,KMB,17750,KIMBERLY CLARK CORP,,,0.006982,0.6626506024096386,0.0001019679820536,4.606239976051247e-11,0.005252,4.018678952897006,98.07,384604.0,37718114.28,0.0050000000000025,98.08,98.07
2013-07-09,KMB,17750,KIMBERLY CLARK CORP,,,0.004691,-0.2640398550724637,0.0001014919313915,4.1854826387456036e-11,0.00723,2.95758754459132,98.53,384604.0,37895032.12,0.0050000000000025,98.54,98.53
2013-07-10,KMB,17750,KIMBERLY CLARK CORP,,,0.000609,0.6249670329670329,0.0001014301653312,3.341861647191204e-12,0.000182,4.80598225707481,98.59,384604.0,37918108.36,0.0050000000000025,98.59,98.58
2013-07-11,KMB,17750,KIMBERLY CLARK CORP,,,0.010752,-0.0621618697251676,0.0001003512293026,6.224265459827596e-11,0.013554,4.5072334141090575,99.65,384604.0,38325788.6,0.0050000000000025,99.64,99.63
2013-07-12,KMB,17750,KIMBERLY CLARK CORP,,,0.002308,-0.3372368041534468,0.000100120144173,2.0112916072008142e-11,0.003087,2.98722842196129,99.88,384604.0,38414247.52,0.0050000000000025,99.87,99.86
2013-07-15,KMB,17750,KIMBERLY CLARK CORP,,,0.002403,0.2067194707981547,9.988014382731628e-05,1.7311885863910794e-11,0.001375,3.604746700502335,100.12,384604.0,38506552.48,0.0049999999999954,100.13,100.12
2013-07-16,KMB,17750,KIMBERLY CLARK CORP,,,0.000699,0.5574870167339874,0.0001996207206307,3.231021250426764e-12,-0.003709,5.614346184647066,100.19,384604.0,38533474.76,0.009999999999998,100.21,100.19
2013-07-17,KMB,17750,KIMBERLY CLARK CORP,,,-0.00549,-0.3496503496503497,0.0001003613006825,-3.9235458288591335e-11,0.002774,3.651288078127112,99.64,384604.0,38321942.56,0.0050000000000025,99.65,99.64
2013-07-18,KMB,17750,KIMBERLY CLARK CORP,,,-0.007326,0.596881008331553,0.0001011020119299,-3.3028911455939976e-11,0.005033,5.830672587908602,98.91,384604.0,38041181.64,0.0049999999999954,98.91,98.9
2013-07-19,KMB,17750,KIMBERLY CLARK CORP,,,0.005864,0.3030546265328875,0.0005025630716654,2.0170629699506908e-11,0.00161,7.597684891472787,99.49,384604.0,38264251.96,0.0249999999999985,99.39,99.34
2013-07-22,KMB,17750,KIMBERLY CLARK CORP,,,-0.018193,0.1087574004996407,0.0002047502047503,-5.7486658153345395e-11,0.002033,8.423989350084762,97.68,384604.0,37568118.720000006,0.0100000000000051,97.68,97.66
2013-07-23,KMB,17750,KIMBERLY CLARK CORP,,,0.005323,-0.274113398561684,0.00010183299389,2.304860219732028e-11,-0.001852,6.114860999885597,98.2,384604.0,37768112.8,0.0050000000000025,98.2,98.19
2013-07-24,KMB,17750,KIMBERLY CLARK CORP,,,-0.003564,-0.3168211582617569,0.0001021972406745,-2.2669506800518103e-11,-0.003811,4.1775436552921965,97.85,384604.0,37633501.4,0.0050000000000025,97.87,97.86
2013-07-25,KMB,17750,KIMBERLY CLARK CORP,,,0.006336,-0.2552436671438352,0.0001015537727227,5.377274811722819e-11,0.002556,3.1112520930619545,98.47,384604.0,37871955.88,0.0050000000000025,98.48,98.47
2013-07-26,KMB,17750,KIMBERLY CLARK CORP,,,-0.000812,0.1105632625773023,0.000101636345157,-6.210302676462252e-12,0.000828,3.455242275171345,98.39,384604.0,37841187.56,0.0050000000000025,98.4,98.39
2013-07-29,KMB,17750,KIMBERLY CLARK CORP,,,-0.002541,-0.296335314922116,0.0002037905033626,-2.768857175939592e-11,-0.003736,2.431331967426236,98.14,384604.0,37745036.56,0.0100000000000051,98.15,98.13
2013-07-30,KMB,17750,KIMBERLY CLARK CORP,,,-0.001834,0.1835097850497273,0.0001020824826458,-1.6916894657334737e-11,0.000374,2.8775051741531548,97.96,384604.0,37675807.84,0.0049999999999954,97.99,97.98
2013-07-31,KMB,17750,KIMBERLY CLARK CORP,,,0.008575,0.7526881720430108,0.0001012145748988,4.474480485420864e-11,-0.000136,5.059207094418362,98.8,383400.0,37879920.0,0.0050000000000025,98.78,98.77
2013-08-01,KMB,17750,KIMBERLY CLARK CORP,,,-0.000101,-0.0618652368923029,0.0001012248203259,-5.618347448986282e-13,0.012541,4.74621804903495,98.79,383400.0,37876086.0,0.0050000000000025,98.75,98.74
2013-08-02,KMB,17750,KIMBERLY CLARK CORP,,,0.0083,-0.0051107325383304,0.0002007830539103,4.602572214579858e-11,0.00164,4.721961398017736,99.61,383400.0,38190474.0,0.0100000000000051,99.59,99.57
2013-08-05,KMB,17750,KIMBERLY CLARK CORP,,,-0.002911,-0.3207578435704816,0.0001006846556583,-2.383451513554757e-11,-0.00148,3.20735524256651,99.32,383400.0,38079288.0,0.0049999999999954,99.32,99.31
2013-08-06,KMB,17750,KIMBERLY CLARK CORP,,,0.004229,-0.0217939334797104,0.0001002606777622,3.52483503413639e-11,-0.005723,3.137454355764215,99.74,383400.0,38240316.0,0.0050000000000025,99.75,99.74
2013-08-07,KMB,17750,KIMBERLY CLARK CORP,,,-0.00782,-0.0463878959181977,0.0001010509296684,-6.888835062401571e-11,-0.003806,2.9919144496609285,98.96,383400.0,37941264.0,0.0049999999999954,98.96,98.95
2013-08-08,KMB,17750,KIMBERLY CLARK CORP,,,-0.003941,0.1886496382181153,0.000101450745663,-2.9322874122318054e-11,0.003885,3.556338028169014,98.57,383400.0,37791738.0,0.0050000000000025,98.59,98.58
2013-08-09,KMB,17750,KIMBERLY CLARK CORP,,,-0.000406,-0.1238723872387238,0.0001014919313915,-3.4493323409451264e-12,-0.00357,3.115805946791862,98.53,383400.0,37776402.0,0.0050000000000025,98.54,98.53
2013-08-12,KMB,17750,KIMBERLY CLARK CORP,,,-0.002334,-0.1333500753390256,0.0001017293997965,-2.29340692673744e-11,-0.001153,2.700312989045383,98.3,383400.0,37688220.0,0.0050000000000025,98.31,98.3
2013-08-13,KMB,17750,KIMBERLY CLARK CORP,,,-0.001628,0.0452042886119965,0.0001018952516813,-1.532995746577121e-11,0.002776,2.822378716744914,98.14,383400.0,37626876.0,0.0050000000000025,98.15,98.14
2013-08-14,KMB,17750,KIMBERLY CLARK CORP,,,-0.013858,0.6188891969318917,0.0001033271337052,-8.173920646695969e-11,-0.005177,4.569118414188837,96.78,383400.0,37105452.0,0.0049999999999954,96.77,96.76
2013-08-15,KMB,17750,KIMBERLY CLARK CORP,,,-0.010126,-0.1306085169539902,0.0001043841336115,-6.94020838445163e-11,-0.014282,3.972352634324465,95.8,383400.0,36729720.0,0.0049999999999954,95.8,95.79
2013-08-16,KMB,17750,KIMBERLY CLARK CORP,,,-0.008977,0.4004596191726854,0.0001053296819042,-4.433140580690354e-11,-0.003305,5.563119457485655,94.94,383400.0,36399996.0,0.0049999999999954,94.96,94.95
2013-08-19,KMB,17750,KIMBERLY CLARK CORP,,,-0.003581,-0.3066247831590791,0.0001057082452431,-2.559613403310872e-11,-0.0059,3.8573291601460618,94.6,383400.0,36269640.0,0.0050000000000025,94.61,94.6
2013-08-20,KMB,17750,KIMBERLY CLARK CORP,,,0.004123,-0.1693826492663466,0.0001052742393936,3.5334230626823246e-11,0.003821,3.20396452790819,94.99,383400.0,36419166.0,0.0050000000000025,95.0,94.99
2013-08-21,KMB,17750,KIMBERLY CLARK CORP,,,-0.00958,-0.006675350048844,0.0001062925170068,-8.345208268522947e-11,-0.00578,3.1825769431403232,94.08,383400.0,36070272.0,0.0050000000000025,94.08,94.07
2013-08-22,KMB,17750,KIMBERLY CLARK CORP,,,0.016263,0.6981642353712507,0.0001045915699193,8.208931526471942e-11,0.008619,5.40453834115806,95.61,383400.0,36656874.0,0.0049999999999954,95.63,95.62
2013-08-23,KMB,17750,KIMBERLY CLARK CORP,,,0.002929,-0.4819265479465277,0.0001042861612264,2.8454044362565532e-11,0.003947,2.7999478351591027,95.89,383400.0,36764226.0,0.0050000000000025,95.89,95.88
2013-08-26,KMB,17750,KIMBERLY CLARK CORP,,,-0.014183,-0.0517931998136935,0.000105786522797,-1.4739859051279982e-10,-0.00404,2.6549295774647885,94.53,383400.0,36242802.0,0.0050000000000025,94.54,94.53
2013-08-27,KMB,17750,KIMBERLY CLARK CORP,,,-0.010579,0.8309264171333137,0.0001069175665562,-6.069007547340682e-11,-0.015874,4.860980699008868,93.53,383400.0,35859402.0,0.0050000000000025,93.54,93.53
2013-08-28,KMB,17750,KIMBERLY CLARK CORP,,,-0.010692,-0.2491817352578205,0.0001080730573868,-8.257822694058428e-11,0.002748,3.649713093375065,92.53,383400.0,35476002.0,0.0050000000000025,92.53,92.52
2013-08-29,KMB,17750,KIMBERLY CLARK CORP,,,0.004539,-0.1401414993210891,0.0001075847229693,4.0585692948622566e-11,0.001963,3.1382368283776736,92.95,383400.0,35637030.0,0.0050000000000025,92.95,92.94
2013-08-30,KMB,17750,KIMBERLY CLARK CORP,,,0.005702,0.4140625,0.0001069747539581,3.585106659626729e-11,-0.003174,4.441822154808493,93.48,383041.0,35806672.68,0.0050000000000025,93.47,93.46
2013-09-03,KMB,17750,KIMBERLY CLARK CORP,,,-0.008986,0.085517808863289,0.0001079447322969,-5.251997208410938e-11,0.004164,4.821677052848129,92.64,383041.0,35484918.24,0.0049999999999954,92.6,92.59
2013-09-04,KMB,17750,KIMBERLY CLARK CORP,,,0.007124,-0.1829552222643348,0.0001081197967348,5.1043434853451815e-11,0.008117,3.939526055957456,92.49,383041.0,35427462.09,0.0050000000000025,92.5,92.49
2013-09-05,KMB,17750,KIMBERLY CLARK CORP,,,-0.002379,-0.1290921139827701,0.0001083775875149,-1.961880084446444e-11,0.00121,3.430964309303704,92.27,383041.0,35343193.07,0.0050000000000025,92.26,92.25
2013-09-06,KMB,17750,KIMBERLY CLARK CORP,,,0.008562,0.1821640541774463,0.0001074575542661,5.922062175759834e-11,5.4e-05,4.0559626776245885,93.06,383041.0,35645795.46,0.0050000000000025,93.08,93.07
2013-09-09,KMB,17750,KIMBERLY CLARK CORP,,,0.00591,-0.0106204943357363,0.0001068261937827,4.1073632506398326e-11,0.009993,4.012886348980919,93.61,383041.0,35856468.01,0.0050000000000025,93.59,93.58
2013-09-10,KMB,17750,KIMBERLY CLARK CORP,,,0.003098,-0.169344870210136,0.0001064962726305,2.5840026050216064e-11,0.007346,3.3333246310447184,93.9,383041.0,35967549.9,0.0050000000000025,93.89,93.88
2013-09-11,KMB,17750,KIMBERLY CLARK CORP,,,0.007029,-0.0089285714285713,0.0001057529610829,5.87432877708058e-11,0.003052,3.3035628039818192,94.56,383041.0,36220356.96,0.0050000000000025,94.58,94.57
2013-09-12,KMB,17750,KIMBERLY CLARK CORP,,,0.003067,0.0712027817290974,0.0001054296257248,2.385486256717444e-11,-0.00338,3.538785665242102,94.85,383041.0,36331438.85,0.0050000000000025,94.86,94.85
2013-09-13,KMB,17750,KIMBERLY CLARK CORP,,,0.008856,-0.1327185540390999,0.000209008255826,7.872478366774357e-11,0.002715,3.069123148696876,95.69,383041.0,36653193.29,0.009999999999998,95.71,95.69
2013-09-16,KMB,17750,KIMBERLY CLARK CORP,,,0.007733,-0.0745151412044913,0.0001037021673752,7.370669671996145e-11,0.005693,2.840427003897755,96.43,383041.0,36936643.63,0.0049999999999954,96.44,96.43
2013-09-17,KMB,17750,KIMBERLY CLARK CORP,,,-0.000726,-0.0807904411764706,0.0001037775010378,-7.533493226019863e-12,0.004218,2.610947653123295,96.36,383041.0,36909830.76,0.0050000000000025,96.37,96.36
2013-09-18,KMB,17750,KIMBERLY CLARK CORP,,,0.01401,0.4125587441255873,0.0001023436700439,1.0149605842121815e-10,0.012178,3.6881169378734913,97.71,383041.0,37426936.11,0.0049999999999954,97.71,97.7
2013-09-19,KMB,17750,KIMBERLY CLARK CORP,,,-0.00522,0.072910030438168,0.0001028806584362,-3.543161819865653e-11,-0.001843,3.9570176560733703,97.2,383041.0,37231585.2,0.0050000000000025,97.2,97.19
2013-09-20,KMB,17750,KIMBERLY CLARK CORP,,,-0.010288,0.1067493567328627,0.0002079002079001,-6.375193260439163e-11,-0.007217,4.379426745439783,96.2,383041.0,36848544.2,0.009999999999998,96.22,96.2
2013-09-23,KMB,17750,KIMBERLY CLARK CORP,,,-0.004262,-0.2854843517138599,0.0001043950307965,-3.712094287125215e-11,-0.00472,3.1291689401395675,95.79,383041.0,36691497.39,0.0050000000000025,95.79,95.78
2013-09-24,KMB,17750,KIMBERLY CLARK CORP,,,-0.004385,0.0508092774904054,0.00020970955227,-3.6505612810814384e-11,-0.002597,3.2881597531334767,95.37,383041.0,36530620.17,0.009999999999998,95.39,95.37
2013-09-25,KMB,17750,KIMBERLY CLARK CORP,,,-0.00713,0.3217943628423978,0.0001056077727321,-4.5229662396665125e-11,-0.002739,4.34627102581708,94.69,383041.0,36270152.29,0.0050000000000025,94.7,94.69
2013-09-26,KMB,17750,KIMBERLY CLARK CORP,,,0.008132,-0.4493632868813071,0.0001047559187094,9.292845325023435e-11,0.003485,2.3932163919789264,95.46,383041.0,36565093.86,0.0050000000000025,95.48,95.47
2013-09-27,KMB,17750,KIMBERLY CLARK CORP,,,-0.007019,0.0788698592778445,0.0001054963603754,-7.487148164571336e-11,-0.004074,2.581969032035735,94.79,383041.0,36308456.39,0.0049999999999954,94.8,94.79
2013-09-30,KMB,17750,KIMBERLY CLARK CORP,,,-0.006013,0.7953488372093023,0.0001061345786456,-3.594206022734462e-11,-0.006029,4.635535099375785,94.22,383041.0,36090123.02,0.0049999999999954,94.21,94.2
2013-10-01,KMB,17750,KIMBERLY CLARK CORP,,,0.001698,-0.2285424645190358,0.0001059546514091,1.3134107029698955e-11,0.007999,3.576118483399949,94.38,383041.0,36151409.58,0.0049999999999954,94.38,94.37
2013-10-02,KMB,17750,KIMBERLY CLARK CORP,,,-0.001271,0.0633669148780844,0.0001060895395713,-9.257160839986764e-12,-0.000667,3.802726078931498,94.26,383041.0,36105444.66,0.0049999999999954,94.24,94.23
2013-10-03,KMB,17750,KIMBERLY CLARK CORP,,,0.00191,0.2139914870245778,0.0002117746717492,1.1437245462904608e-11,-0.008979,4.616477087309192,94.44,383041.0,36174392.04,0.009999999999998,94.45,94.43
2013-10-04,KMB,17750,KIMBERLY CLARK CORP,,,-0.001906,-0.3312220777017474,0.0001060895395714,-1.7098483208446226e-11,0.007053,3.0873979547881296,94.26,383041.0,36105444.66,0.0050000000000025,94.25,94.24
2013-10-07,KMB,17750,KIMBERLY CLARK CORP,,,-0.004244,-0.1671740233384069,0.0001065416577882,-4.590951321485434e-11,-0.008506,2.571265217039429,93.86,383041.0,35952228.26,0.0050000000000025,93.87,93.86
2013-10-08,KMB,17750,KIMBERLY CLARK CORP,,,-0.007138,1.0448776525535588,0.0002146153020709,-3.803187751199272e-11,-0.012332,5.257922781112205,93.19,383041.0,35695590.79,0.009999999999998,93.2,93.18
2013-10-09,KMB,17750,KIMBERLY CLARK CORP,,,0.011696,0.0221946375372392,0.0001060670343657,6.025938864047462e-11,0.000574,5.374620471437783,94.28,383041.0,36113105.48,0.0050000000000025,94.31,94.3
2013-10-10,KMB,17750,KIMBERLY CLARK CORP,,,0.017501,-0.3946179627920532,0.0001042426769519,1.4638137601989678e-10,0.02183,3.2536986902185405,95.93,383041.0,36745123.13,0.0050000000000025,95.93,95.92
2013-10-11,KMB,17750,KIMBERLY CLARK CORP,,,0.010633,-0.047901789296317,0.0002062919030429,9.242802145011595e-11,0.006286,3.097840701125989,96.95,383041.0,37135824.95,0.0100000000000051,97.01,96.99
2013-10-14,KMB,17750,KIMBERLY CLARK CORP,,,0.000103,0.2511377043654137,0.0001031353135314,7.155420513087277e-13,0.004075,3.875825303296514,96.96,383041.0,37139655.36,0.0050000000000025,96.97,96.96
2013-10-15,KMB,17750,KIMBERLY CLARK CORP,,,-0.004229,-0.1223225111141048,0.0001035732780943,-3.3615609597896416e-11,-0.007064,3.4017246195576973,96.55,383041.0,36982608.55,0.0050000000000025,96.56,96.55
2013-10-16,KMB,17750,KIMBERLY CLARK CORP,,,0.015018,0.176438986953185,0.0001020408163264,9.997057731044666e-11,0.013828,4.001921465326166,98.0,383041.0,37538018.0,0.0049999999999954,97.99,97.98
2013-10-17,KMB,17750,KIMBERLY CLARK CORP,,,0.010612,-0.0516667753930458,0.000100969305331,7.370752343499174e-11,0.006744,3.7951550878365503,99.04,383041.0,37936380.64,0.0049999999999954,99.02,99.01
2013-10-18,KMB,17750,KIMBERLY CLARK CORP,,,0.001414,0.2345738460480153,0.0002016535591852,7.943894040453611e-12,0.006549,4.685399213139063,99.18,383041.0,37990006.38,0.009999999999998,99.14,99.12
2013-10-21,KMB,17750,KIMBERLY CLARK CORP,,,-0.003529,0.0656934306569343,0.0003035515531719,-1.8669758986796147e-11,9.2e-05,4.993199161447469,98.83,383041.0,37855942.03,0.0149999999999934,98.82,98.79
2013-10-22,KMB,17750,KIMBERLY CLARK CORP,,,0.04189,0.8872215831851928,0.0002913469942701,1.127074441518e-10,0.005738,9.42327322662587,102.97,383041.0,39441731.77,0.0150000000000005,103.0,102.97
2013-10-23,KMB,17750,KIMBERLY CLARK CORP,,,0.019326,-0.1978113312093087,9.52743902439512e-05,6.359084323445548e-11,-0.004725,7.559243005317969,104.96,383041.0,40203983.36,0.0050000000000025,104.98,104.97
2013-10-24,KMB,17750,KIMBERLY CLARK CORP,,,-0.007146,-0.3863581419443964,9.596008060638044e-05,-3.859358036998076e-11,0.003258,4.638667923277143,104.21,383041.0,39916702.61,0.0049999999999954,104.21,104.2
2013-10-25,KMB,17750,KIMBERLY CLARK CORP,,,0.012475,-0.1811121116614138,9.477774618510951e-05,8.126133221033103e-11,0.004395,3.7985489803963546,105.51,383041.0,40414655.91,0.0049999999999954,105.52,105.51
2013-10-28,KMB,17750,KIMBERLY CLARK CORP,,,0.01706,0.6626804123711341,9.318796011560074e-05,6.571538523360348e-11,0.00133,6.315772985137361,107.31,383041.0,41104129.71,0.0050000000000025,107.31,107.3
2013-10-29,KMB,17750,KIMBERLY CLARK CORP,,,0.008014,-0.0907324735449734,9.24470740501536e-05,3.368054059360604e-11,0.005584,5.742727279847327,108.17,383041.0,41433544.97,0.0050000000000025,108.18,108.17
2013-10-30,KMB,17750,KIMBERLY CLARK CORP,,,-0.002496,-0.2325317088693912,9.26784059314654e-05,-1.3702482004787304e-11,-0.004876,4.4073610918935575,107.9,383041.0,41330123.9,0.0050000000000025,107.97,107.96
2013-10-31,KMB,17750,KIMBERLY CLARK CORP,,,0.000927,-0.1838644710342376,9.25925925925084e-05,6.229738230028548e-12,-0.003839,3.6058623397016487,108.0,382100.0,41266800.0,0.0049999999999954,108.02,108.01
2013-11-01,KMB,17750,KIMBERLY CLARK CORP,,,9.3e-05,0.1093046886340542,9.258401999806412e-05,5.63354740894255e-13,0.002903,4.0,108.01,382100.0,41270621.0,0.0049999999999954,108.02,108.01
2013-11-04,KMB,17750,KIMBERLY CLARK CORP,,,0.007777,-0.1893483381313792,9.186954524579804e-05,5.7665008343519436e-11,0.003571,3.2426066474744832,108.85,382100.0,41591585.0,0.0050000000000025,108.87,108.86
2013-11-05,KMB,17750,KIMBERLY CLARK CORP,,,-0.000367,-0.1953995157384987,9.190331770968574e-05,-3.383340114302873e-12,-0.002806,2.609002878827532,108.81,382100.0,41576301.0,0.0049999999999954,108.82,108.81
2013-11-06,KMB,17750,KIMBERLY CLARK CORP,,,0.007536,0.2411475574280268,9.121590805441135e-05,5.5556702747732334e-11,0.004266,3.2381575503794817,109.63,382100.0,41889623.0,0.0050000000000025,109.62,109.61
2013-11-07,KMB,17750,KIMBERLY CLARK CORP,,,-0.015963,0.2771356986987796,9.269558768994164e-05,-9.364002444601218e-11,-0.013183,4.135566605600628,107.88,382100.0,41220948.0,0.0049999999999954,107.91,107.9
2013-11-08,KMB,17750,KIMBERLY CLARK CORP,,,0.00139,0.0512593342614859,9.256687957053705e-05,7.74548294022277e-12,0.013428,4.3475529965977495,108.03,382100.0,41278263.0,0.0050000000000025,108.04,108.03
2013-11-11,KMB,17750,KIMBERLY CLARK CORP,,,-0.000648,-0.4502769082590898,9.26268988513422e-05,-6.572736580784532e-12,0.000723,2.3899502747971737,107.96,382100.0,41251516.0,0.0049999999999954,107.96,107.95
2013-11-12,KMB,17750,KIMBERLY CLARK CORP,,,0.002316,0.3337713534822601,9.241290084100468e-05,1.757210823872392e-11,-0.00237,3.187647212771526,108.21,382100.0,41347041.0,0.0050000000000025,108.2,108.19
2013-11-13,KMB,17750,KIMBERLY CLARK CORP,,,0.005822,-0.0371100164203612,0.0001837559720691,4.560996203045085e-11,0.008095,3.069353572363256,108.84,382100.0,41587764.0,0.0100000000000051,108.84,108.82
2013-11-14,KMB,17750,KIMBERLY CLARK CORP,,,0.007993,0.0986527967257844,9.11493938565775e-05,5.654304269268538e-11,0.004837,3.372153886417168,109.71,382100.0,41920191.0,0.0050000000000025,109.7,109.69
2013-11-15,KMB,17750,KIMBERLY CLARK CORP,,,-0.004102,1.5767171129220023,0.0001830496064433,-1.1307934785557752e-11,0.004222,8.689086626537556,109.26,382100.0,41748246.0,0.009999999999998,109.3,109.28
2013-11-18,KMB,17750,KIMBERLY CLARK CORP,,,-0.011532,-0.2361977048884069,9.259259259263995e-05,-4.2106462312306386e-11,-0.003698,6.636744307772834,108.0,382100.0,41266800.0,0.0050000000000025,108.0,107.99
2013-11-19,KMB,17750,KIMBERLY CLARK CORP,,,-0.001111,-0.2227611498876138,9.269558768994164e-05,-5.225002431436775e-12,-0.002043,5.158335514263282,107.88,382100.0,41220948.0,0.0049999999999954,107.88,107.87
2013-11-20,KMB,17750,KIMBERLY CLARK CORP,,,-0.000556,-0.360832064941654,9.274717121119373e-05,-4.093302682447261e-12,-0.003636,3.297042658989793,107.82,382100.0,41198022.0,0.0049999999999954,107.82,107.81
2013-11-21,KMB,17750,KIMBERLY CLARK CORP,,,0.000927,2.731147801238292,9.2661230541189e-05,1.827400504449277e-12,0.008129,12.301753467678616,107.92,382100.0,41236232.0,0.0050000000000025,107.93,107.92
2013-11-22,KMB,17750,KIMBERLY CLARK CORP,,,0.010007,0.3740665886607808,9.174311926610198e-05,1.4214302881269163e-11,0.004961,16.903428421879088,109.0,382100.0,41648900.0,0.0050000000000025,108.98,108.97
2013-11-25,KMB,17750,KIMBERLY CLARK CORP,,,-0.005872,-0.8403573419210999,9.228497600595344e-05,-5.255526904341784e-11,-0.001263,2.6985082439152053,108.36,382100.0,41404356.0,0.0050000000000025,108.36,108.35
2013-11-26,KMB,17750,KIMBERLY CLARK CORP,,,-0.002123,0.6459121326738435,9.24812725423575e-05,-1.1569014295405369e-11,0.00015,4.441507458780424,108.13,382100.0,41316473.0,0.0050000000000025,108.18,108.17
2013-11-27,KMB,17750,KIMBERLY CLARK CORP,,,0.000832,-0.2869011843733428,9.24043614859094e-05,6.352704408877647e-12,0.002485,3.1672337084532844,108.22,382100.0,41350862.0,0.0050000000000025,108.23,108.22
2013-11-29,KMB,17750,KIMBERLY CLARK CORP,,,0.008686,0.2241778218476284,9.160864785627432e-05,5.370993690721042e-11,-0.000786,3.8819407869740776,109.16,381639.0,41659713.24,0.0049999999999954,109.1,109.09
2013-12-02,KMB,17750,KIMBERLY CLARK CORP,,,-0.018413,0.5681403982450219,9.3327111525946e-05,-7.396832405846955e-11,-0.002719,6.087428171649124,107.15,381639.0,40892618.85,0.0050000000000025,107.14,107.13
2013-12-03,KMB,17750,KIMBERLY CLARK CORP,,,-0.006253,0.2918818870523416,9.391435011274528e-05,-1.956640226750727e-11,-0.003193,7.864238193685656,106.48,381639.0,40636920.72,0.0050000000000025,106.48,106.47
2013-12-04,KMB,17750,KIMBERLY CLARK CORP,,,-0.013805,-0.1023889647819278,9.596928982730436e-05,-4.917802695119744e-11,-0.001304,7.059026986235684,104.2,381639.0,39766783.8,0.0050000000000025,104.2,104.19
2013-12-05,KMB,17750,KIMBERLY CLARK CORP,,,-0.002879,-0.2297698589458054,0.0001924927815206,-1.3353896819230723e-11,-0.00434,5.437075351313676,103.9,381639.0,39652292.1,0.009999999999998,103.92,103.9
2013-12-06,KMB,17750,KIMBERLY CLARK CORP,,,0.016169,-0.1080963855421687,9.471490812645296e-05,8.274951907375645e-11,0.011238,4.849347157916251,105.58,381639.0,40293445.62,0.0049999999999954,105.57,105.56
2013-12-09,KMB,17750,KIMBERLY CLARK CORP,,,0.002368,-0.3030745123466796,9.449116507611374e-05,1.7348044572811506e-11,0.001817,3.3796336328310264,105.83,381639.0,40388855.37,0.0050000000000025,105.84,105.83
2013-12-10,KMB,17750,KIMBERLY CLARK CORP,,,-0.008693,0.2563963405179097,9.531979792207718e-05,-5.1133292399641646e-11,-0.00318,4.24615932858015,104.91,381639.0,40037747.49,0.0050000000000025,104.92,104.91
2013-12-11,KMB,17750,KIMBERLY CLARK CORP,,,0.00448,0.0183893859919777,9.489466691976766e-05,2.5760656111030816e-11,-0.011317,4.324243591456848,105.38,381639.0,40217117.82,0.0050000000000025,105.39,105.38
2013-12-12,KMB,17750,KIMBERLY CLARK CORP,,,-0.014709,-0.0605950433254559,9.6311278050709e-05,-9.13786098720992e-11,-0.003771,4.062215863682695,103.83,381639.0,39625577.37,0.0050000000000025,103.83,103.82
2013-12-13,KMB,17750,KIMBERLY CLARK CORP,,,0.000867,-0.3618654453976649,9.622786759050344e-05,8.433191266645485e-12,-0.000101,2.592240310869696,103.92,381639.0,39659924.88,0.0050000000000025,103.92,103.91
2013-12-16,KMB,17750,KIMBERLY CLARK CORP,,,0.001059,0.4589103406449004,9.612611746616472e-05,7.0531115081144856e-12,0.00632,3.781846194964351,104.03,381639.0,39701905.17,0.0050000000000025,104.04,104.03
2013-12-17,KMB,17750,KIMBERLY CLARK CORP,,,-0.012304,0.227672694519504,0.0001946472019464,-6.758110425953472e-11,-0.003101,4.642869308430218,102.75,381639.0,39213407.25,0.009999999999998,102.77,102.75
2013-12-18,KMB,17750,KIMBERLY CLARK CORP,,,0.02326,0.0042327445115413,9.511128019788012e-05,1.2432777213676295e-10,0.016648,4.662521388013279,105.14,381639.0,40125524.46,0.0050000000000025,105.17,105.16
2013-12-19,KMB,17750,KIMBERLY CLARK CORP,,,-0.007228,-0.1275148926604473,9.580379383014857e-05,-4.4603531195165436e-11,-0.00058,4.067980473693726,104.38,381639.0,39835478.82,0.0049999999999954,104.38,104.37
2013-12-20,KMB,17750,KIMBERLY CLARK CORP,,,0.007664,0.3009339774557165,9.507510933628926e-05,3.607741931742257e-11,0.004819,5.2921740178545695,105.18,381639.0,40140790.02,0.0049999999999954,105.24,105.23
2013-12-23,KMB,17750,KIMBERLY CLARK CORP,,,-0.006085,-0.4656632173095014,9.565716472168658e-05,-5.393567895952234e-11,0.005318,2.82780323813866,104.54,381639.0,39896541.06,0.0050000000000025,104.58,104.57
2013-12-24,KMB,17750,KIMBERLY CLARK CORP,,,0.002391,-0.6415863602668643,9.54289531442972e-05,5.898930376634492e-11,0.002916,1.013523251030424,104.79,381639.0,39991950.81,0.0049999999999954,104.77,104.76
2013-12-26,KMB,17750,KIMBERLY CLARK CORP,,,0.001909,0.6623578076525336,9.524716639671308e-05,2.8277891236623734e-11,0.004745,1.6848382895878042,104.99,381639.0,40068278.61,0.0049999999999954,104.99,104.98
2013-12-27,KMB,17750,KIMBERLY CLARK CORP,,,0.001048,0.0409020217729394,9.514747859173078e-05,1.4898335210552004e-11,-0.000337,1.7537515819924063,105.1,381639.0,40110258.9,0.0049999999999954,105.1,105.09
2013-12-30,KMB,17750,KIMBERLY CLARK CORP,,,0.007897,0.5036605408635888,9.44019635607562e-05,7.407514966613372e-11,-0.000179,2.6370470523190765,105.93,381639.0,40427019.27,0.0049999999999954,105.94,105.93
2013-12-31,KMB,17750,KIMBERLY CLARK CORP,,,-0.013877,0.3125993640699522,9.57304231285192e-05,-1.0056404858090701e-10,0.00396,3.461386283896562,104.46,381639.0,39866009.94,0.0050000000000025,104.47,104.46
2014-01-02,KMB,17750,KIMBERLY CLARK CORP,,,-0.005935,0.0847085541256624,9.630200308171337e-05,-3.988780712468954e-11,-0.008862,3.754595311275839,103.84,381639.0,39629393.76,0.0050000000000025,103.84,103.83
2014-01-03,KMB,17750,KIMBERLY CLARK CORP,,,0.004911,-0.0619024356200711,9.583133684719804e-05,3.5011731532238406e-11,-0.000333,3.5221767167401654,104.35,381639.0,39824029.65,0.0050000000000025,104.36,104.35
2014-01-06,KMB,17750,KIMBERLY CLARK CORP,,,9.6e-05,0.1750483558994198,9.58221540820728e-05,5.823948586181881e-13,-0.002512,4.138727960192748,104.36,381639.0,39827846.04,0.0050000000000025,104.36,104.35
2014-01-07,KMB,17750,KIMBERLY CLARK CORP,,,-0.003641,0.0655270655270654,9.617234083468843e-05,-2.0805911644647603e-11,0.006082,4.409926658438996,103.98,381639.0,39682823.22,0.0049999999999954,103.99,103.98
2014-01-08,KMB,17750,KIMBERLY CLARK CORP,,,-0.006732,0.1015448603683897,9.682416731207306e-05,-3.5159409587651356e-11,-0.000212,4.857732045205023,103.28,381639.0,39415675.92,0.0049999999999954,103.27,103.26
2014-01-09,KMB,17750,KIMBERLY CLARK CORP,,,0.004357,-0.2171638168185986,9.640412609650925e-05,2.8941829904421748e-11,0.000348,3.802808413186283,103.73,381639.0,39587413.47,0.0049999999999954,103.74,103.73
2014-01-10,KMB,17750,KIMBERLY CLARK CORP,,,0.010894,0.15951216151037,9.536524890334845e-05,6.173692783174151e-11,0.002307,4.409402602983448,104.86,381639.0,40018665.54,0.0050000000000025,104.86,104.85
2014-01-13,KMB,17750,KIMBERLY CLARK CORP,,,-0.00124,0.1146898027097693,9.548362455843708e-05,-6.3119572690266236e-12,-0.012576,4.915116117587563,104.73,381639.0,39969052.47,0.0050000000000025,104.73,104.72
2014-01-14,KMB,17750,KIMBERLY CLARK CORP,,,0.006684,0.0510715428084016,9.484966328374386e-05,3.2155363632999577e-11,0.010818,5.166138680795202,105.43,381639.0,40236199.77,0.0050000000000025,105.42,105.41
2014-01-15,KMB,17750,KIMBERLY CLARK CORP,,,-0.000474,-0.2580137959018056,9.48946669196328e-05,-3.0747195379005297e-12,0.005166,3.833203629608085,105.38,381639.0,40217117.82,0.0049999999999954,105.38,105.37
2014-01-16,KMB,17750,KIMBERLY CLARK CORP,,,0.006358,-0.1149771002802652,9.429514380000854e-05,4.6306366284158456e-11,-0.001347,3.39247299149196,106.05,381639.0,40472815.95,0.0049999999999954,106.05,106.04
2014-01-17,KMB,17750,KIMBERLY CLARK CORP,,,-0.005563,1.1201822816096394,0.0001896453631708,-1.9216705925674908e-11,-0.003895,7.192661127400502,105.46,381639.0,40247648.94,0.009999999999998,105.49,105.47
2014-01-21,KMB,17750,KIMBERLY CLARK CORP,,,0.009198,-0.2811657559198542,9.395847035601714e-05,4.3798399064232293e-11,0.002774,5.170331124439588,106.43,381639.0,40617838.77,0.0049999999999954,106.41,106.4
2014-01-22,KMB,17750,KIMBERLY CLARK CORP,,,-0.003946,-0.1726130143928643,9.433072351669764e-05,-2.2799769386052824e-11,0.000575,4.277864683640823,106.01,381639.0,40457550.39,0.0050000000000025,106.03,106.02
2014-01-23,KMB,17750,KIMBERLY CLARK CORP,,,-0.005566,0.3987504593899302,0.0003794346423827,-2.312065619529406e-11,-0.00889,5.98366519145056,105.42,381639.0,40232383.38,0.019999999999996,105.49,105.45
2014-01-24,KMB,17750,KIMBERLY CLARK CORP,,,0.018782,0.4736819057628305,0.0003724394785846,5.196533954460523e-11,-0.020875,8.818019122783573,107.4,381639.0,40988028.6,0.019999999999996,107.49,107.45
2014-01-27,KMB,17750,KIMBERLY CLARK CORP,,2017-04-23,0.000466,-0.4023712596202419,0.0001861330851558,2.1563747435024635e-12,-0.004876,5.269901660993766,107.45,381639.0,41007110.55,0.009999999999998,107.46,107.44
2014-01-28,KMB,17750,KIMBERLY CLARK CORP,,,0.011168,-0.0671241050119332,0.0001840773124712,5.478561522435735e-11,0.006141,4.916164228498659,108.65,381639.0,41465077.35,0.009999999999998,108.67,108.65
2014-01-29,KMB,17750,KIMBERLY CLARK CORP,,,-0.015094,0.462370749387059,9.344921035408752e-05,-5.1409497433607166e-11,-0.010209,7.189254766939437,107.01,381639.0,40839189.39,0.0049999999999954,107.02,107.01
2014-01-30,KMB,17750,KIMBERLY CLARK CORP,,,0.012989,-0.1626635565112804,9.22509225091412e-05,5.2156665468456716e-11,0.011267,6.0198250178833925,108.4,381639.0,41369667.6,0.0049999999999954,108.38,108.37
2014-01-31,KMB,17750,KIMBERLY CLARK CORP,,,0.008948,0.3748150082702184,9.143275121153073e-05,2.5902810126337133e-11,-0.006465,8.29438025210084,109.37,380800.0,41648096.0,0.0050000000000025,109.37,109.36
2014-02-03,KMB,17750,KIMBERLY CLARK CORP,,,-0.035476,-0.1534589203735951,9.479571523371994e-05,-1.2577503155171394e-10,-0.022832,7.021533613445378,105.49,380800.0,40170592.0,0.0050000000000025,105.51,105.5
2014-02-04,KMB,17750,KIMBERLY CLARK CORP,,,0.000664,-0.0682549180940983,9.473285335359149e-05,2.524891206468613e-12,0.007641,6.542279411764706,105.56,380800.0,40197248.0,0.0050000000000025,105.54,105.53
2014-02-05,KMB,17750,KIMBERLY CLARK CORP,,,0.000379,-0.2921767751776181,9.469696969701816e-05,2.0352813607321944e-12,-0.002028,4.63077731092437,105.6,380800.0,40212480.0,0.0050000000000025,105.61,105.6
2014-02-06,KMB,17750,KIMBERLY CLARK CORP,,,0.007102,-0.02597255302257,9.402914903624932e-05,3.8879542178336114e-11,0.01244,4.510504201680672,106.35,380800.0,40498080.0,0.0050000000000025,106.34,106.33
2014-02-07,KMB,17750,KIMBERLY CLARK CORP,,,0.005172,-0.0943176525384257,9.35453695042574e-05,3.110161038028875e-11,0.013302,4.0850840336134455,106.9,380800.0,40707520.0,0.0050000000000025,106.9,106.89
2014-02-10,KMB,17750,KIMBERLY CLARK CORP,,,0.006642,0.1693880174852147,9.29281665271899e-05,3.393045363499295e-11,0.001569,4.777048319327731,107.61,380800.0,40977888.0,0.0049999999999954,107.6,107.59
2014-02-11,KMB,17750,KIMBERLY CLARK CORP,,,0.009107,-0.0614589632235721,9.208951100474368e-05,4.9121957284588045e-11,0.011062,4.483455882352941,108.59,380800.0,41351072.0,0.0050000000000025,108.59,108.58
2014-02-12,KMB,17750,KIMBERLY CLARK CORP,,,-0.005802,0.0419961342470567,9.262689885147385e-05,-3.020917746689018e-11,-0.000269,4.671743697478991,107.96,380800.0,41111168.0,0.0050000000000025,107.98,107.97
2014-02-13,KMB,17750,KIMBERLY CLARK CORP,,,0.007318,-0.1889263631253512,9.19540229885528e-05,4.6636602691100215e-11,0.00581,3.789128151260504,108.75,380800.0,41412000.0,0.0050000000000025,108.72,108.71
2014-02-14,KMB,17750,KIMBERLY CLARK CORP,,,0.013701,0.0282070829579319,9.07111756168824e-05,8.377148942614383e-11,0.004809,3.896008403361345,110.24,380800.0,41979392.0,0.0050000000000025,110.25,110.24
2014-02-18,KMB,17750,KIMBERLY CLARK CORP,,,-0.004626,0.0466433000808843,9.1132780461049e-05,-2.7149680732431478e-11,0.001158,4.077731092436975,109.73,380800.0,41785184.0,0.0049999999999954,109.74,109.73
2014-02-19,KMB,17750,KIMBERLY CLARK CORP,,,-0.008658,0.0522926326635755,9.192866335715116e-05,-4.8709814403117426e-11,-0.006524,4.290966386554622,108.78,380800.0,41423424.0,0.0049999999999954,108.8,108.79
2014-02-20,KMB,17750,KIMBERLY CLARK CORP,,,0.01094,0.0872705018359853,9.093389106124504e-05,5.5995540257205425e-11,0.006031,4.665441176470588,109.97,380800.0,41876576.0,0.0050000000000025,109.98,109.97
2014-02-21,KMB,17750,KIMBERLY CLARK CORP,,,-0.001091,-0.0735112011707755,9.103322712794828e-05,-6.033854847906485e-12,-0.001919,4.322478991596639,109.85,380800.0,41830880.0,0.0050000000000025,109.86,109.85
2014-02-24,KMB,17750,KIMBERLY CLARK CORP,,,0.002822,0.114277035236938,9.077705156141172e-05,1.3967223134298719e-11,0.006187,4.816439075630252,110.16,380800.0,41948928.0,0.0050000000000025,110.12,110.11
2014-02-25,KMB,17750,KIMBERLY CLARK CORP,,,-0.001543,-0.2758301074096286,9.091735612333043e-05,-1.0562075026217972e-11,-0.001348,3.4879201680672267,109.99,380800.0,41884192.0,0.0050000000000025,110.0,109.99
2014-02-26,KMB,17750,KIMBERLY CLARK CORP,,,-0.013001,0.3037946092455956,9.211495946933404e-05,-6.915670081780339e-11,2.2e-05,4.547531512605042,108.56,380800.0,41339648.0,0.0049999999999954,108.55,108.54
2014-02-27,KMB,17750,KIMBERLY CLARK CORP,,,0.003132,0.03487902061558,9.182736455455375e-05,1.6048396059657607e-11,0.004948,4.706144957983193,108.9,380800.0,41469120.0,0.0049999999999954,108.94,108.93
2014-02-28,KMB,17750,KIMBERLY CLARK CORP,,,0.013315,0.093800569164667,0.0001812415043044,6.155572466621334e-11,0.002783,5.166537955683007,110.35,379403.0,41867121.05,0.009999999999998,110.35,110.33
2014-03-03,KMB,17750,KIMBERLY CLARK CORP,,,-0.011871,-0.2797612488521579,9.170946441677472e-05,-7.711246625549122e-11,-0.007379,3.721140844959054,109.04,379403.0,41370103.120000005,0.0050000000000025,109.0,108.99
2014-03-04,KMB,17750,KIMBERLY CLARK CORP,,,0.016691,0.2419500613396117,0.0001804077214504,8.586703771900108e-11,0.015268,4.621471100650232,110.86,379403.0,42060616.58,0.009999999999998,110.85,110.83
2014-03-05,KMB,17750,KIMBERLY CLARK CORP,,,-0.012448,-0.154944108589027,9.204712812964944e-05,-7.732917674496684e-11,-5.3e-05,3.905401380590032,108.64,379403.0,41218341.92,0.0050000000000025,108.65,108.64
2014-03-06,KMB,17750,KIMBERLY CLARK CORP,,,0.006904,0.1454207640979645,0.0001828320687448,3.7187045282227566e-11,0.001718,4.47332783346468,109.39,379403.0,41502894.17,0.009999999999998,109.46,109.44
2014-03-07,KMB,17750,KIMBERLY CLARK CORP,,,-0.004022,0.0207583811868294,9.178522257921172e-05,-2.1308868505903612e-11,0.000538,4.566186877805395,108.95,379403.0,41335956.85,0.0050000000000025,108.95,108.94
2014-03-10,KMB,17750,KIMBERLY CLARK CORP,,,0.002019,-0.325900399728704,0.0001832005129613,1.583632831186211e-11,-0.000463,3.0780647490926536,109.17,379403.0,41419425.51,0.009999999999998,109.17,109.15
2014-03-11,KMB,17750,KIMBERLY CLARK CORP,,,-0.001099,0.0957838789478235,0.0001834021091242,-7.875327147736092e-12,-0.005082,3.372893730413307,109.05,379403.0,41373897.15,0.009999999999998,109.07,109.05
2014-03-12,KMB,17750,KIMBERLY CLARK CORP,,,0.006419,0.687956264271079,9.111617312077554e-05,2.7076856192574768e-11,0.000305,5.69329710097179,109.75,379403.0,41639479.25,0.0050000000000025,109.76,109.75
2014-03-13,KMB,17750,KIMBERLY CLARK CORP,,,-0.006105,-0.0666742590694492,0.0001833516685001,-2.7761484582939058e-11,-0.011701,5.313700735102253,109.08,379403.0,41385279.24,0.009999999999998,109.11,109.09
2014-03-14,KMB,17750,KIMBERLY CLARK CORP,,,0.005317,-0.1997838330107527,0.0001823819077148,3.005475868842683e-11,-0.002822,4.25210923477147,109.66,379403.0,41605332.98,0.0100000000000051,109.65,109.63
2014-03-17,KMB,17750,KIMBERLY CLARK CORP,,,0.012676,-0.1057279563220627,9.004952723990009e-05,7.912046663288813e-11,0.009614,3.802542415320912,111.05,379403.0,42132703.15,0.0049999999999954,111.05,111.04
2014-03-18,KMB,17750,KIMBERLY CLARK CORP,,,-0.002251,-0.0856361977852575,0.0001805054151624,-1.540075039023969e-11,0.00722,3.47690714095566,110.8,379403.0,42037852.4,0.009999999999998,110.8,110.78
2014-03-19,KMB,17750,KIMBERLY CLARK CORP,,,-0.008484,0.0613395454190541,9.102494083370568e-05,-5.515855321244808e-11,-0.006132,3.690179044446143,109.86,379403.0,41681213.58,0.0049999999999954,109.85,109.84
2014-03-20,KMB,17750,KIMBERLY CLARK CORP,,,-0.000819,-0.0264316299600375,9.1099571832059e-05,-5.473757873314225e-12,0.006041,3.5926415974570576,109.77,379403.0,41647067.31,0.0050000000000025,109.76,109.75
2014-03-21,KMB,17750,KIMBERLY CLARK CORP,,,0.003553,0.6943727307475318,0.0001815541031226,1.3965216481168502e-11,-0.002933,6.08727395408049,110.16,379403.0,41795034.48,0.009999999999998,110.19,110.17
2014-03-24,KMB,17750,KIMBERLY CLARK CORP,,,0.004539,-0.3096617060614064,9.036688957170716e-05,2.57266918115434e-11,-0.004865,4.202278316196762,110.66,379403.0,41984735.98,0.0050000000000025,110.67,110.66
2014-03-25,KMB,17750,KIMBERLY CLARK CORP,,,-0.000904,0.2471435192996298,0.0001808972503618,-4.112144746283988e-12,0.004404,5.240844168338152,110.56,379403.0,41946795.68,0.0100000000000051,110.59,110.57
2014-03-26,KMB,17750,KIMBERLY CLARK CORP,,,0.000724,-0.0414727075948806,9.038322487338127e-05,3.433364471710766e-12,-0.007,5.023492170594328,110.64,379403.0,41977147.92,0.0049999999999954,110.63,110.62
2014-03-27,KMB,17750,KIMBERLY CLARK CORP,,,-0.009038,0.0875311134523444,9.120758847140748e-05,-3.9769957708681526e-11,-0.0019,5.463204033705585,109.64,379403.0,41597744.92,0.0050000000000025,109.65,109.64
2014-03-28,KMB,17750,KIMBERLY CLARK CORP,,,0.001642,-0.1178406913307692,9.105809506456844e-05,8.177047324346957e-12,0.00464,4.819416293492671,109.82,379403.0,41666037.46,0.0049999999999954,109.8,109.79
2014-03-31,KMB,17750,KIMBERLY CLARK CORP,,,0.003916,0.1062389356090043,9.07029478458514e-05,1.7559815270339787e-11,0.007924,5.341548626295276,110.25,378684.0,41749911.0,0.0050000000000025,110.26,110.25
2014-04-01,KMB,17750,KIMBERLY CLARK CORP,,,-0.005896,0.0018603303705484,0.0001824817518249,-2.654578654362312e-11,0.007039,5.351485671430533,109.6,378684.0,41503766.4,0.0100000000000051,109.59,109.57
2014-04-02,KMB,17750,KIMBERLY CLARK CORP,,,-0.000912,-0.0484248382203598,9.132420091328871e-05,-4.319030777669054e-12,0.002853,5.092340843552936,109.5,378684.0,41465898.0,0.0050000000000025,109.51,109.5
2014-04-03,KMB,17750,KIMBERLY CLARK CORP,,,0.002283,-0.1991367919733995,9.111617312064606e-05,1.346941145995138e-11,-0.001126,4.078268424332689,109.75,378684.0,41560569.0,0.0049999999999954,109.74,109.73
2014-04-04,KMB,17750,KIMBERLY CLARK CORP,,,0.000182,0.1569566976932415,9.1099571832059e-05,9.2793564234032e-13,-0.012537,4.718379968522568,109.77,378684.0,41568142.68,0.0050000000000025,109.78,109.77
2014-04-07,KMB,17750,KIMBERLY CLARK CORP,,,0.003097,0.2026600999006589,9.081827263637186e-05,1.3088855482364532e-11,-0.01075,5.674607324312619,110.11,378684.0,41696895.24,0.0049999999999954,110.13,110.12
2014-04-08,KMB,17750,KIMBERLY CLARK CORP,,,0.005722,-0.1530883719588269,9.030160736852903e-05,2.839177001568168e-11,0.003751,4.805890927527965,110.74,378684.0,41935466.16,0.0049999999999954,110.74,110.73
2014-04-09,KMB,17750,KIMBERLY CLARK CORP,,,0.004425,0.2426559716558034,8.990380293090996e-05,1.7590960796358967e-11,0.010918,5.9720690602190745,111.23,378684.0,42121021.32,0.0050000000000025,111.23,111.22
2014-04-10,KMB,17750,KIMBERLY CLARK CORP,,,-0.001438,0.1171447433526109,0.0001800666246512,-5.124492841313729e-12,-0.020885,6.671665557562506,111.07,378684.0,42060431.88,0.0100000000000051,111.09,111.07
2014-04-11,KMB,17750,KIMBERLY CLARK CORP,,,-0.011884,-0.174116043322397,0.0001822323462414,-5.18952801848568e-11,-0.009487,5.510021548309409,109.75,378684.0,41560569.0,0.009999999999998,109.78,109.76
2014-04-14,KMB,17750,KIMBERLY CLARK CORP,,,0.005558,-0.2316696835983872,9.061254077568972e-05,3.141438976219077e-11,0.008217,4.2335165995922726,110.36,378684.0,41791566.24,0.0050000000000025,110.36,110.35
2014-04-15,KMB,17750,KIMBERLY CLARK CORP,,,0.001722,0.3458558538890257,9.045680687463503e-05,7.219342224185123e-12,0.006757,5.697703098097622,110.55,378684.0,41863516.2,0.0049999999999954,110.55,110.54
2014-04-16,KMB,17750,KIMBERLY CLARK CORP,,,0.016825,-0.1357619868846775,8.896005693435553e-05,8.026754676594384e-11,0.010488,4.924171604820906,112.41,378684.0,42567868.44,0.0049999999999954,112.41,112.4
2014-04-17,KMB,17750,KIMBERLY CLARK CORP,,,0.001156,0.5490959696037712,8.885729518398005e-05,3.556005826774926e-12,0.001364,7.628014386665399,112.54,378684.0,42617097.36,0.0050000000000025,112.61,112.6
2014-04-21,KMB,17750,KIMBERLY CLARK CORP,,,-0.014217,-0.025572187563071,0.0001802776275463,-4.5528324843395335e-11,0.003775,7.432949372035787,110.94,378684.0,42011202.96,0.009999999999998,110.94,110.92
2014-04-22,KMB,17750,KIMBERLY CLARK CORP,,,-0.022895,0.5936731611705384,9.225092250927228e-05,-4.7084067785151646e-11,0.004092,11.845691922552842,108.4,378684.0,41049345.6,0.0050000000000025,108.39,108.38
2014-04-23,KMB,17750,KIMBERLY CLARK CORP,,,0.00286,-0.4761122606711796,0.0001839757152055,1.1194917909722372e-11,-0.002213,6.205812762091876,108.71,378684.0,41166737.64,0.009999999999998,108.69,108.67
2014-04-24,KMB,17750,KIMBERLY CLARK CORP,,,0.002944,-0.2034721081580669,9.171787581404306e-05,1.4424978732350824e-11,0.001717,4.943102956554806,109.03,378684.0,41287916.52,0.0050000000000025,109.03,109.02
2014-04-25,KMB,17750,KIMBERLY CLARK CORP,,,0.001926,-0.0212209796172178,0.0001830831197364,9.623062962938916e-12,-0.008096,4.838205469467947,109.24,378684.0,41367440.16,0.0100000000000051,109.26,109.24
2014-04-28,KMB,17750,KIMBERLY CLARK CORP,,,0.018217,0.5403260975760185,8.990380293090996e-05,5.8033796627046744e-11,0.003236,7.452414150056511,111.23,378684.0,42121021.32,0.0050000000000025,111.23,111.22
2014-04-29,KMB,17750,KIMBERLY CLARK CORP,,,-0.001079,-0.3403623529912016,9.000090000904614e-05,-5.2166166789167795e-12,0.004761,4.915892934478351,111.11,378684.0,42075579.24,0.0050000000000025,111.12,111.11
2014-04-30,KMB,17750,KIMBERLY CLARK CORP,,,0.01026,0.0862895298054868,8.908685968811496e-05,4.5199751380221325e-11,0.002992,5.366911630054858,112.25,376791.0,42294789.75,0.0049999999999954,112.24,112.23
2014-05-01,KMB,17750,KIMBERLY CLARK CORP,,,-0.009087,-0.1377096474935268,8.99038029307822e-05,-4.6851133074888486e-11,-0.000143,4.627836121351094,111.23,376791.0,41910462.93,0.0049999999999954,111.24,111.23
2014-05-02,KMB,17750,KIMBERLY CLARK CORP,,,-0.001798,-0.2728230967347526,9.006574799595519e-05,-1.2771172738196331e-11,-0.001348,3.365255539543142,111.03,376791.0,41835104.73,0.0049999999999954,111.02,111.01
2014-05-05,KMB,17750,KIMBERLY CLARK CORP,,,-0.007205,-0.0523723223538207,9.07194048807504e-05,-5.439736617028039e-11,0.001871,3.189009291623208,110.23,376791.0,41533671.93,0.0050000000000025,110.23,110.22
2014-05-06,KMB,17750,KIMBERLY CLARK CORP,,,-0.003357,0.2337810734110637,9.102494083383502e-05,-2.061186728483648e-11,-0.008988,3.934539306936737,109.86,376791.0,41394259.26,0.0050000000000025,109.86,109.85
2014-05-07,KMB,17750,KIMBERLY CLARK CORP,,,0.009922,0.095882695367754,9.013068949982078e-05,5.504443747506466e-11,0.005616,4.311793540716206,110.95,376791.0,41804961.45,0.0050000000000025,110.95,110.94
2014-05-08,KMB,17750,KIMBERLY CLARK CORP,,,-0.002163,-0.2230050257133097,0.0001806521542769,-1.5477220881719786e-11,-0.001374,3.350241911298306,110.71,376791.0,41714531.61,0.009999999999998,110.72,110.7
2014-05-09,KMB,17750,KIMBERLY CLARK CORP,,,0.000903,0.0162475907856909,9.024456276513955e-05,6.352323081704683e-12,0.001519,3.4046752709061523,110.81,376791.0,41752210.71,0.0050000000000025,110.81,110.8
2014-05-12,KMB,17750,KIMBERLY CLARK CORP,,,-0.005505,0.1386887487323158,9.074410163344024e-05,-3.4197509768274844e-11,0.009673,3.8768654240679847,110.2,376791.0,41522368.2,0.0050000000000025,110.2,110.19
2014-05-13,KMB,17750,KIMBERLY CLARK CORP,,,0.0098,-0.1876492365659707,8.986340762033523e-05,7.421370596702719e-11,0.000422,3.149374586972619,111.28,376791.0,41929302.48,0.0049999999999954,111.27,111.26
2014-05-14,KMB,17750,KIMBERLY CLARK CORP,,,-0.002336,-0.2570804007227031,9.007386056558192e-05,-2.3867391676560617e-11,-0.004701,2.3397321061278005,111.02,376791.0,41831336.82,0.0049999999999954,111.02,111.01
2014-05-15,KMB,17750,KIMBERLY CLARK CORP,,,-0.002522,0.362409963815379,9.030160736852903e-05,-1.8961212117326836e-11,-0.009362,3.187674334047257,110.74,376791.0,41725835.34,0.0049999999999954,110.74,110.73
2014-05-16,KMB,17750,KIMBERLY CLARK CORP,,,0.00289,0.0184233115502874,9.004141905281033e-05,2.1273422992890764e-11,0.003747,3.2464018514242645,111.06,376791.0,41846408.46,0.0050000000000025,111.04,111.03
2014-05-19,KMB,17750,KIMBERLY CLARK CORP,,,-0.012066,0.6639029115895407,0.0001822821728034,-5.403146489767483e-11,0.003845,5.401697492774509,109.72,376791.0,41341508.52,0.009999999999998,109.77,109.75
2014-05-20,KMB,17750,KIMBERLY CLARK CORP,,,-0.001458,-0.3472019755211857,9.127418765977652e-05,-1.0016036284121072e-11,-0.006498,3.526217452115364,109.56,376791.0,41281221.96,0.0050000000000025,109.58,109.57
2014-05-21,KMB,17750,KIMBERLY CLARK CORP,,,0.004199,-0.1851763485711404,9.08925649881013e-05,3.525339898794717e-11,0.008116,2.8732453800648106,110.02,376791.0,41454545.82,0.0049999999999954,110.02,110.01
2014-05-22,KMB,17750,KIMBERLY CLARK CORP,,,0.001,-0.1787970401242179,9.080177971492888e-05,1.0213406488409744e-11,0.002362,2.359517610558638,110.13,376791.0,41495992.83,0.0050000000000025,110.14,110.13
2014-05-23,KMB,17750,KIMBERLY CLARK CORP,,,0.005448,-0.0583626250639731,9.030976248537088e-05,5.877117414156572e-11,0.004248,2.221809968921763,110.73,376791.0,41722067.43,0.0050000000000025,110.72,110.71
2014-05-27,KMB,17750,KIMBERLY CLARK CORP,,,-0.001535,0.4913815552141889,9.044862518081498e-05,-1.1120239743687118e-11,0.005988,3.313566406840928,110.56,376791.0,41658012.96,0.0049999999999954,110.57,110.56
2014-05-28,KMB,17750,KIMBERLY CLARK CORP,,,-0.000181,-0.1909465752305525,9.046499004876882e-05,-1.621010076895941e-12,-0.001114,2.680852249655645,110.54,376791.0,41650477.14,0.0049999999999954,110.55,110.54
2014-05-29,KMB,17750,KIMBERLY CLARK CORP,,,0.006513,-0.0159287847693494,8.987956138778641e-05,5.889007317863864e-11,0.005367,2.638149531172454,111.26,376791.0,41921766.66,0.0050000000000025,111.23,111.22
2014-05-30,KMB,17750,KIMBERLY CLARK CORP,,,0.009797,0.5612993960952928,8.90075656431252e-05,5.618674986824904e-11,0.001844,4.118941269828632,112.35,376791.0,42332468.85,0.0050000000000025,112.39,112.38
2014-06-02,KMB,17750,KIMBERLY CLARK CORP,,,-0.002403,-0.4074749674609209,8.922198429697641e-05,-2.3314860721772343e-11,0.000728,2.440575809931766,112.08,376791.0,42230735.28,0.0050000000000025,112.08,112.07
2014-06-03,KMB,17750,KIMBERLY CLARK CORP,,,-0.008744,0.2994833550278548,9.000900090000815e-05,-6.586164077550461e-11,-0.000379,3.171487641689956,111.1,376791.0,41861480.1,0.0049999999999954,111.1,111.09
2014-06-04,KMB,17750,KIMBERLY CLARK CORP,,,0.009901,0.3071654276026203,8.979885057475859e-05,5.691880074928795e-11,0.001892,4.145658999286076,111.36,376791.0,41959445.76,0.0050000000000025,111.36,111.35
2014-06-05,KMB,17750,KIMBERLY CLARK CORP,,,-0.002335,-0.2097004763621068,9.000900090000815e-05,-1.7024995613693983e-11,0.006525,3.2763123323009307,111.1,376791.0,41861480.1,0.0049999999999954,111.1,111.09
2014-06-06,KMB,17750,KIMBERLY CLARK CORP,,,0.005041,-0.0846482541302648,8.955758552754e-05,3.995261796090739e-11,0.004628,2.998978213386201,111.66,376791.0,42072483.06,0.0050000000000025,111.64,111.63
2014-06-09,KMB,17750,KIMBERLY CLARK CORP,,,0.002866,-0.0182417866384422,8.930166101094049e-05,2.307051812572165e-11,0.000939,2.944271492684273,111.98,376791.0,42193056.18,0.0050000000000025,111.97,111.96
2014-06-10,KMB,17750,KIMBERLY CLARK CORP,,,-0.004019,-0.1353302535211267,8.966197435672121e-05,-3.75662345140364e-11,-0.000246,2.545822485144284,111.53,376791.0,42023500.23,0.0050000000000025,111.53,111.52
2014-06-11,KMB,17750,KIMBERLY CLARK CORP,,,-0.003945,-0.1526338998564492,9.001710324953555e-05,-4.368902135990807e-11,-0.003537,2.1572436708944744,111.09,376791.0,41857712.19,0.0049999999999954,111.1,111.09
2014-06-12,KMB,17750,KIMBERLY CLARK CORP,,,-0.008642,0.4588634769878079,0.0001816035594297,-6.617504522620978e-11,-0.007089,3.147124002431056,110.13,376791.0,41495992.83,0.009999999999998,110.13,110.11
2014-06-13,KMB,17750,KIMBERLY CLARK CORP,,,0.004813,-0.1317877767733056,9.036688957157876e-05,4.2245934759585566e-11,0.003135,2.73237152692076,110.66,376791.0,41695692.06,0.0049999999999954,110.66,110.65
2014-06-16,KMB,17750,KIMBERLY CLARK CORP,,,0.00253,0.044552238733484,0.0001802776275463,2.1206154620111307e-11,0.000837,2.854104795496708,110.94,376791.0,41801193.54,0.009999999999998,110.94,110.92
2014-06-17,KMB,17750,KIMBERLY CLARK CORP,,,0.001442,-0.0883437898979078,9.000900090013606e-05,1.3238831992167429e-11,0.002173,2.6019623610967355,111.1,376791.0,41861480.1,0.0050000000000025,111.11,111.1
2014-06-18,KMB,17750,KIMBERLY CLARK CORP,,,0.008191,0.2351396782524613,8.927774305870115e-05,6.038965167098955e-11,0.007719,3.213786953510036,112.01,376791.0,42204359.91,0.0050000000000025,112.01,112.0
2014-06-19,KMB,17750,KIMBERLY CLARK CORP,,,0.009821,0.1623881228084953,8.840951286362935e-05,6.168590501853977e-11,0.001277,3.735667783996964,113.11,376791.0,42618830.01,0.0050000000000025,113.09,113.08
2014-06-20,KMB,17750,KIMBERLY CLARK CORP,,,-0.003978,0.7689650076799242,8.876264867748194e-05,-1.4181005385234657e-11,0.00173,6.608265590207834,112.66,376791.0,42449274.06,0.0050000000000025,112.67,112.66
2014-06-23,KMB,17750,KIMBERLY CLARK CORP,,,-0.006657,-0.597300331133142,8.935751943530619e-05,-5.932535951879024e-11,-0.000132,2.6611463649609464,111.91,376791.0,42166680.81,0.0050000000000025,111.9,111.89
2014-06-24,KMB,17750,KIMBERLY CLARK CORP,,,-0.00286,0.0144340857049394,8.96137646742998e-05,-2.5196930595443462e-11,-0.006435,2.699557579666181,111.59,376791.0,42046107.69,0.0050000000000025,111.59,111.58
2014-06-25,KMB,17750,KIMBERLY CLARK CORP,,,-0.001703,0.0187166537713987,8.976660682230804e-05,-1.4753088081658624e-11,0.004897,2.7500842642207486,111.4,376791.0,41974517.4,0.0050000000000025,111.4,111.39
2014-06-26,KMB,17750,KIMBERLY CLARK CORP,,,-0.004937,0.0512339715906184,9.02119981958062e-05,-4.088664927553827e-11,-0.001179,2.8909820032856413,110.85,376791.0,41767282.35,0.0050000000000025,110.86,110.85
2014-06-27,KMB,17750,KIMBERLY CLARK CORP,,,0.004691,0.1431530089158501,8.97907874651244e-05,3.3825711513941306e-11,0.001911,3.304834775777553,111.37,376791.0,41963213.67,0.0049999999999954,111.41,111.4
2014-06-30,KMB,17750,KIMBERLY CLARK CORP,,,-0.001347,-0.0340948514011847,0.0001798237727027,-1.0069315559614011e-11,-0.000372,3.19215692519195,111.22,376791.0,41906695.02,0.009999999999998,111.21,111.19
2014-07-01,KMB,17750,KIMBERLY CLARK CORP,,,0.002697,-0.0455687509561214,0.0001793400286944,2.1066810169142892e-11,0.006678,3.0466943212550195,111.52,376791.0,42019732.32,0.0100000000000051,111.51,111.49
2014-07-02,KMB,17750,KIMBERLY CLARK CORP,,,-0.000717,-0.2060712546615015,8.973438621684418e-05,-7.0593891312134194e-12,0.000659,2.4188581999039256,111.44,376791.0,41989589.04,0.0050000000000025,111.42,111.41
2014-07-03,KMB,17750,KIMBERLY CLARK CORP,,,0.003948,-0.0570120385690648,8.938148015723011e-05,4.105892812682929e-11,0.00548,2.280954162917904,111.88,376791.0,42155377.08,0.0049999999999954,111.82,111.81
2014-07-07,KMB,17750,KIMBERLY CLARK CORP,,,0.002324,-0.0658833686469027,8.917424647753616e-05,2.5814123815298888e-11,-0.003924,2.1306772189356966,112.14,376791.0,42253342.74,0.0049999999999954,112.13,112.12
2014-07-08,KMB,17750,KIMBERLY CLARK CORP,,,0.003121,0.4006165765675993,8.889679082577035e-05,2.4674161710952145e-11,-0.007049,2.9842618321562884,112.49,376791.0,42385219.59,0.0049999999999954,112.52,112.51
2014-07-09,KMB,17750,KIMBERLY CLARK CORP,,,0.005067,-0.0534726971487216,8.844861135684695e-05,4.21086513540071e-11,0.004644,2.824685302992906,113.06,376791.0,42599990.46,0.0050000000000025,113.06,113.05
2014-07-10,KMB,17750,KIMBERLY CLARK CORP,,,-0.002211,-0.1390066484014146,8.864462370349175e-05,-2.1388028513469847e-11,-0.004131,2.432035266235128,112.81,376791.0,42505792.71,0.0049999999999954,112.82,112.81
2014-07-11,KMB,17750,KIMBERLY CLARK CORP,,,-0.001773,-0.1199276710582745,8.880206020784225e-05,-1.9522841211701817e-11,0.001471,2.140366940823958,112.61,376791.0,42430434.51,0.0050000000000025,112.61,112.6
2014-07-14,KMB,17750,KIMBERLY CLARK CORP,,,0.003641,0.5199529803303529,8.84799150593268e-05,2.628127723579612e-11,0.004844,3.253257110705935,113.02,376791.0,42584918.82,0.0050000000000025,113.03,113.02
2014-07-15,KMB,17750,KIMBERLY CLARK CORP,,,0.006813,0.3173475564489418,8.788118463841387e-05,3.707789010300999e-11,-0.001932,4.285670305288608,113.79,376791.0,42875047.89,0.0050000000000025,113.79,113.78
2014-07-16,KMB,17750,KIMBERLY CLARK CORP,,,0.003955,-0.112299216869932,0.0001750700280112,2.4151405611464622e-11,0.004201,3.804392886241975,114.24,376791.0,43044603.84,0.0100000000000051,114.23,114.21
2014-07-17,KMB,17750,KIMBERLY CLARK CORP,,,-0.013743,-0.0902368463460114,8.875477056883736e-05,-9.353174286897894e-11,-0.011834,3.4610964699262987,112.67,376791.0,42453041.97,0.0049999999999954,112.66,112.65
2014-07-18,KMB,17750,KIMBERLY CLARK CORP,,,0.005503,0.0530591744561426,8.826904404617269e-05,3.5370478472482814e-11,0.010265,3.644739391333657,113.29,376791.0,42686652.39,0.0049999999999954,113.27,113.26
2014-07-21,KMB,17750,KIMBERLY CLARK CORP,,,-0.00865,0.6894448065069303,0.0001780785326328,-3.3196069934104956e-11,-0.00232,6.157586035759877,112.31,376791.0,42317397.21,0.009999999999998,112.38,112.36
2014-07-22,KMB,17750,KIMBERLY CLARK CORP,,,-0.030897,0.8157959728859203,9.187798603446256e-05,-6.738290368583344e-11,0.005016,11.180919926431365,108.84,376791.0,41009932.44,0.0049999999999954,108.85,108.84
2014-07-23,KMB,17750,KIMBERLY CLARK CORP,,,0.006064,-0.4437566314650107,9.132420091328871e-05,2.3632092021651604e-11,0.001754,6.219312563198166,109.5,376791.0,41258614.5,0.0050000000000025,109.5,109.49
2014-07-24,KMB,17750,KIMBERLY CLARK CORP,,,-9.1e-05,-0.1298683398047522,9.13325417846846e-05,-4.0760458558652543e-13,0.000488,5.411620765888782,109.49,376791.0,41254846.59,0.0050000000000025,109.48,109.47
2014-07-25,KMB,17750,KIMBERLY CLARK CORP,,,-0.008768,-0.2748927196488561,9.214042200317991e-05,-5.464124638143752e-11,-0.004849,3.924005615845389,108.53,376791.0,40893127.23,0.0050000000000025,108.54,108.53
2014-07-28,KMB,17750,KIMBERLY CLARK CORP,,,-0.002027,-0.2445266582348684,9.23275782475386e-05,-1.6754671134739875e-11,0.000288,2.9644816357078594,108.31,376791.0,40810233.21,0.0049999999999954,108.3,108.29
2014-07-29,KMB,17750,KIMBERLY CLARK CORP,,,-0.011264,0.4873812657230594,0.0001867588010084,-6.330997341261583e-11,-0.004528,4.409314447531921,107.09,376791.0,40350548.19,0.009999999999998,107.11,107.09
2014-07-30,KMB,17750,KIMBERLY CLARK CORP,,,-0.009245,0.5244801040092935,9.425070688021587e-05,-3.440314760317964e-11,6.1e-05,6.721912147583143,106.1,376791.0,39977525.1,0.0049999999999954,106.1,106.09
2014-07-31,KMB,17750,KIMBERLY CLARK CORP,,,-0.021018,-0.1511231243751866,9.627418888987104e-05,-9.411594346083807e-11,-0.019999,5.749856922031868,103.87,373922.0,38839278.14,0.0049999999999954,103.88,103.87
2014-08-01,KMB,17750,KIMBERLY CLARK CORP,,,0.009916,0.2528067467969737,0.000190657769304,3.5094486355080374e-11,-0.002859,7.203459545038805,104.9,373922.0,39224417.8,0.009999999999998,104.94,104.92
2014-08-04,KMB,17750,KIMBERLY CLARK CORP,,,0.003146,-0.1882632172181358,9.50299344292588e-05,1.3673565725580276e-11,0.007189,5.84731307598911,105.23,373922.0,39347812.06,0.0049999999999954,105.24,105.23
2014-08-05,KMB,17750,KIMBERLY CLARK CORP,,,-0.005797,-0.3595119735789565,0.0001911680367043,-3.956764513744094e-11,-0.009685,3.7451340119062255,104.62,373922.0,39119719.64,0.0100000000000051,104.62,104.6
2014-08-06,KMB,17750,KIMBERLY CLARK CORP,,,0.019977,0.8715877314001548,9.371192952854376e-05,7.142768578073903e-11,1.6e-05,7.009346869133135,106.71,373922.0,39901216.62,0.0049999999999954,106.71,106.7
2014-08-07,KMB,17750,KIMBERLY CLARK CORP,,,-0.004967,-0.4145055855722488,9.417969485783684e-05,-3.0483870810330594e-11,-0.005557,4.103933440664096,106.18,373922.0,39703037.96,0.0050000000000025,106.15,106.14
2014-08-08,KMB,17750,KIMBERLY CLARK CORP,,,0.010642,-0.0966008949849174,9.318796011560074e-05,7.153557579749118e-11,0.011531,3.707489797337413,107.31,373922.0,40125569.82,0.0050000000000025,107.29,107.28
2014-08-11,KMB,17750,KIMBERLY CLARK CORP,,,0.006989,-0.0102379550923601,9.254118082551468e-05,4.713660497297911e-11,0.002759,3.6695326832868886,108.06,373922.0,40406011.32,0.0050000000000025,108.06,108.05
2014-08-12,KMB,17750,KIMBERLY CLARK CORP,,,-0.004072,-0.2436020490934095,9.29195316854758e-05,-3.645630591015442e-11,-0.001637,2.775627002422965,107.62,373922.0,40241485.64,0.0049999999999954,107.63,107.62
2014-08-13,KMB,17750,KIMBERLY CLARK CORP,,,0.002973,0.0594728809443976,0.0,2.5048431090962547e-11,0.006707,2.9407015366841214,107.94,373922.0,40361140.68,0.0,107.94,107.94
2014-08-14,KMB,17750,KIMBERLY CLARK CORP,,,0.001297,-0.1590824968874847,9.252405625467354e-05,1.2978045173262394e-11,0.004346,2.472887393627548,108.08,373922.0,40413489.76,0.0050000000000025,108.08,108.07
2014-08-15,KMB,17750,KIMBERLY CLARK CORP,,,-0.003331,0.3150636931998223,9.28332714445332e-05,-2.5429987202390625e-11,-6.1e-05,3.2520044287311256,107.72,373922.0,40278877.84,0.0050000000000025,107.72,107.71
2014-08-18,KMB,17750,KIMBERLY CLARK CORP,,,0.008541,0.0606194428271145,9.204712812964944e-05,6.095751222600865e-11,0.008532,3.4491391252721155,108.64,373922.0,40622886.08,0.0050000000000025,108.64,108.63
2014-08-19,KMB,17750,KIMBERLY CLARK CORP,,,-0.001657,-0.3230077482594911,9.219988936017996e-05,-1.7497559527092977e-11,0.005001,2.3350404629842587,108.46,373922.0,40555580.12,0.0050000000000025,108.48,108.47
2014-08-20,KMB,17750,KIMBERLY CLARK CORP,,,0.001014,-0.0433867851379473,9.21064750852456e-05,1.118191824112936e-11,0.002478,2.233730564128348,108.57,373922.0,40596711.54,0.0050000000000025,108.58,108.57
2014-08-21,KMB,17750,KIMBERLY CLARK CORP,,,0.005619,0.2499841363151473,9.159186664215886e-05,4.929463282588936e-11,0.00295,2.79212776996272,109.18,373922.0,40824803.96,0.0049999999999954,109.19,109.18
2014-08-22,KMB,17750,KIMBERLY CLARK CORP,,,-0.003755,-0.191227713933784,9.193711501337792e-05,-4.0884458096334437e-11,-0.001993,2.2581955595017145,108.77,373922.0,40671495.94,0.0050000000000025,108.78,108.77
2014-08-25,KMB,17750,KIMBERLY CLARK CORP,,,0.004045,0.2164286839359583,9.15667063456196e-05,3.60600977246353e-11,0.004788,2.746933852514696,109.21,373922.0,40836021.62,0.0050000000000025,109.22,109.21
2014-08-26,KMB,17750,KIMBERLY CLARK CORP,,,-0.009889,0.2965216976475433,9.248127254222608e-05,-6.867476234812027e-11,0.001051,3.5614593417878595,108.13,373922.0,40432185.86,0.0049999999999954,108.13,108.12
2014-08-27,KMB,17750,KIMBERLY CLARK CORP,,,0.007306,0.2736132845939201,9.181050312160407e-05,3.9548083835978124e-11,5e-05,4.535921930242136,108.92,373922.0,40727584.24,0.0050000000000025,108.81,108.8
2014-08-28,KMB,17750,KIMBERLY CLARK CORP,,,-0.007161,-0.3642302460790493,0.0001849454410948,-6.141024873392585e-11,-0.00169,2.883801969394687,108.14,373922.0,40435925.08,0.009999999999998,108.16,108.14
2014-08-29,KMB,17750,KIMBERLY CLARK CORP,,,-0.001295,0.2612868015620637,9.259259259263995e-05,-8.816286801121371e-12,0.00332,3.637301362316205,108.0,373922.0,40383576.0,0.0050000000000025,108.0,107.99
2014-09-02,KMB,17750,KIMBERLY CLARK CORP,,,0.0,0.3299396279742101,9.25925925925084e-05,0.0,-0.000544,4.837391220628901,108.0,373922.0,40383576.0,0.0049999999999954,107.99,107.98
2014-09-03,KMB,17750,KIMBERLY CLARK CORP,,,0.003611,-0.2872633730409049,9.298000929791635e-05,2.6043285159519588e-11,-0.000779,3.447785901872583,107.55,373922.0,40215311.1,0.0049999999999954,107.55,107.54
2014-09-04,KMB,17750,KIMBERLY CLARK CORP,,,-9.3e-05,0.0763634586639963,9.298865538395855e-05,-6.232074888221902e-13,-0.001534,3.7110707580725393,107.54,373922.0,40211571.88,0.0049999999999954,107.55,107.54
2014-09-05,KMB,17750,KIMBERLY CLARK CORP,,,-0.000372,0.2449535221752443,9.302325581400108e-05,-2.0030928669257238e-12,0.005036,4.620110611303962,107.5,373922.0,40196615.0,0.0050000000000025,107.5,107.49
2014-09-08,KMB,17750,KIMBERLY CLARK CORP,,,-0.004837,-0.3084840419527878,9.347541596551604e-05,-3.784756084912997e-11,-0.003073,3.1948802156599503,106.98,373922.0,40002175.56,0.0049999999999954,106.96,106.95
2014-09-09,KMB,17750,KIMBERLY CLARK CORP,,,-0.001215,0.6565347101543901,9.35891436593834e-05,-5.745999888127511e-12,-0.006545,5.292429972026252,106.85,373922.0,39953565.7,0.0050000000000025,106.87,106.86
2014-09-10,KMB,17750,KIMBERLY CLARK CORP,,,0.000374,-0.2496589110621964,9.355412105908052e-05,2.356349234562393e-12,0.003646,3.971127668337247,106.89,373922.0,39968522.58,0.0050000000000025,106.9,106.89
2014-09-11,KMB,17750,KIMBERLY CLARK CORP,,,0.00159,-0.0412703415467252,9.34055669718393e-05,1.0432270880729167e-11,0.000882,3.807237873139318,107.06,373922.0,40032089.32,0.0050000000000025,107.06,107.05
2014-09-12,KMB,17750,KIMBERLY CLARK CORP,,,-0.009714,-0.1395993284677685,9.432182607060098e-05,-7.480291608934375e-11,-0.005963,3.275750022732013,106.02,373922.0,39643210.44,0.0050000000000025,106.01,106.0
2014-09-15,KMB,17750,KIMBERLY CLARK CORP,,,0.00349,0.3028994795387285,0.0001879875928188,2.0555210886780658e-11,-0.00071,4.267972999716519,106.39,373922.0,39781561.58,0.009999999999998,106.41,106.39
2014-09-16,KMB,17750,KIMBERLY CLARK CORP,,,0.004324,0.0243901674865858,9.35891436593834e-05,2.4753868312948742e-11,0.007484,4.372069576007831,106.85,373922.0,39953565.7,0.0050000000000025,106.86,106.85
2014-09-17,KMB,17750,KIMBERLY CLARK CORP,,,-0.001217,-0.1623983905192826,9.370314842583504e-05,-8.327970457948013e-12,0.001296,3.6620525136258366,106.72,373922.0,39904955.84,0.0050000000000025,106.73,106.72
2014-09-18,KMB,17750,KIMBERLY CLARK CORP,,,0.0,-0.2730015292239517,9.370314842583504e-05,0.0,0.004891,2.6623065773075667,106.72,373922.0,39904955.84,0.0050000000000025,106.73,106.72
2014-09-19,KMB,17750,KIMBERLY CLARK CORP,,,0.001968,0.8262201216480243,9.3519124661041e-05,1.012356138515575e-11,-0.000477,4.86195784147496,106.93,373922.0,39983479.46,0.0050000000000025,106.95,106.94
2014-09-22,KMB,17750,KIMBERLY CLARK CORP,,,0.00692,0.0022343320353819,9.287638153609088e-05,3.527360920665586e-11,-0.008013,4.872821069634844,107.67,373922.0,40260181.74,0.0049999999999954,107.69,107.68
2014-09-23,KMB,17750,KIMBERLY CLARK CORP,,,-0.011145,-0.2637351781367741,9.392317084616236e-05,-7.802922360774433e-11,-0.005776,3.587686736806072,106.47,373922.0,39811475.34,0.0049999999999954,106.49,106.48
2014-09-24,KMB,17750,KIMBERLY CLARK CORP,,,0.022448,0.6961487571887008,9.18611060076328e-05,9.062538241086398e-11,0.007832,6.085250399816005,108.86,373922.0,40705148.92,0.0049999999999954,108.88,108.87
2014-09-25,KMB,17750,KIMBERLY CLARK CORP,,,-0.015249,-0.289884587781801,0.0001865671641791,-8.803556765791262e-11,-0.016169,4.321230096116302,107.2,373922.0,40084438.4,0.0100000000000051,107.23,107.21
2014-09-26,KMB,17750,KIMBERLY CLARK CORP,,,0.006063,-0.2549246411845999,9.272137227622536e-05,4.669590621368688e-11,0.008576,3.21964206438776,107.85,373922.0,40327487.7,0.0049999999999954,107.85,107.84
2014-09-29,KMB,17750,KIMBERLY CLARK CORP,,,0.000556,-0.0433883353614725,9.266981744050704e-05,4.473926201908164e-12,-0.002547,3.0799471547542,107.91,373922.0,40349923.02,0.0050000000000025,107.93,107.92
2014-09-30,KMB,17750,KIMBERLY CLARK CORP,,,-0.003151,0.2745445704461386,9.29627219485462e-05,-1.9956203519160728e-11,-0.002786,3.925529923352999,107.57,373922.0,40222789.54,0.0050000000000025,107.58,107.57
2014-10-01,KMB,17750,KIMBERLY CLARK CORP,,,-0.007623,0.0662196612441938,9.367681498833832e-05,-4.56280636976987e-11,-0.013249,4.185477185081381,106.75,373922.0,39916173.5,0.0050000000000025,106.76,106.75
2014-10-02,KMB,17750,KIMBERLY CLARK CORP,,,0.000562,-0.0977060040561211,0.0001872483849827,3.726064222232896e-12,5e-06,3.776530934259017,106.81,373922.0,39938608.82,0.0100000000000051,106.84,106.82
2014-10-03,KMB,17750,KIMBERLY CLARK CORP,,,0.008333,0.1956593170024247,9.285051067785622e-05,4.5825178123396736e-11,0.011166,4.515444397494664,107.7,373922.0,40271399.4,0.0050000000000025,107.7,107.69
2014-10-06,KMB,17750,KIMBERLY CLARK CORP,,,-0.008078,0.0829353290405727,9.360666479458128e-05,-4.1354862534700935e-11,-0.001565,4.889934264365295,106.83,373922.0,39946087.26,0.0050000000000025,106.84,106.83
2014-10-07,KMB,17750,KIMBERLY CLARK CORP,,,0.00131,-0.1013686972710278,9.348415443573813e-05,7.453216183918036e-12,-0.015126,4.394247998245623,106.97,373922.0,39998436.34,0.0049999999999954,106.96,106.95
2014-10-08,KMB,17750,KIMBERLY CLARK CORP,,,0.02094,0.2996897339550826,9.156670634548947e-05,8.978607776982055e-11,0.017462,5.711159011772509,109.21,373922.0,40836021.62,0.0049999999999954,109.19,109.18
2014-10-09,KMB,17750,KIMBERLY CLARK CORP,,,-0.006959,-0.2431529813704152,9.220839096362486e-05,-3.9701224841148686e-11,-0.020661,4.322473670979509,108.45,373922.0,40551840.9,0.0050000000000025,108.47,108.46
2014-10-10,KMB,17750,KIMBERLY CLARK CORP,,,-0.000184,-0.1253684413723467,9.222539887489732e-05,-1.200410670119629e-12,-0.011451,3.7805718839758025,108.43,373922.0,40544362.46,0.0050000000000025,108.45,108.44
2014-10-13,KMB,17750,KIMBERLY CLARK CORP,,,-0.016877,0.1774668072966294,9.380863039404424e-05,-9.511540343388576e-11,-0.016468,4.451497905980392,106.6,373922.0,39860085.2,0.0050000000000025,106.61,106.6
2014-10-14,KMB,17750,KIMBERLY CLARK CORP,,,-0.001782,0.0269610390546664,9.397613006287854e-05,-9.796796738731467e-12,0.001579,4.571514914875295,106.41,373922.0,39789040.02,0.0049999999999954,106.44,106.43
2014-10-15,KMB,17750,KIMBERLY CLARK CORP,,,-0.009398,0.5890797301961519,9.486765961475104e-05,-3.2822131445176054e-11,-0.0081,7.264501687517717,105.41,373922.0,39415118.02,0.0049999999999954,105.41,105.4
2014-10-16,KMB,17750,KIMBERLY CLARK CORP,,,-0.00351,-0.3099147129777124,9.52018278751439e-05,-1.7826364742380928e-11,0.000145,5.013125732104556,105.04,373922.0,39276766.88,0.0050000000000025,105.0,104.99
2014-10-17,KMB,17750,KIMBERLY CLARK CORP,,,0.011615,0.2603922715065954,0.000188217579522,4.626515867388319e-11,0.012884,6.318504928835425,106.26,373922.0,39732951.72,0.0100000000000051,106.23,106.21
2014-10-20,KMB,17750,KIMBERLY CLARK CORP,,,0.016751,-0.3007113265397684,0.0002776749352091,9.38435271602996e-11,0.009143,4.41845892993726,108.04,373922.0,40398532.88,0.0150000000000005,107.97,107.94
2014-10-21,KMB,17750,KIMBERLY CLARK CORP,,,0.029526,0.2389140512505152,0.0001798076058618,1.296849739499859e-10,0.019574,5.474090853172587,111.23,373922.0,41591344.06,0.0100000000000051,111.23,111.21
2014-10-22,KMB,17750,KIMBERLY CLARK CORP,,,0.012766,0.1145585751603779,8.87705281846881e-05,4.967383923110922e-11,-0.007299,6.101194901610496,112.65,373922.0,42122313.3,0.0050000000000025,112.67,112.66
2014-10-23,KMB,17750,KIMBERLY CLARK CORP,,,-0.005681,-0.2262126589669106,8.927774305857427e-05,-2.8730980997873543e-11,0.012303,4.721027380041827,112.01,373922.0,41883003.22,0.0049999999999954,111.99,111.98
2014-10-24,KMB,17750,KIMBERLY CLARK CORP,,,0.009731,-0.3085114337765451,8.841732979668538e-05,7.048428962261303e-11,0.007053,3.2645364541267967,113.1,373922.0,42290578.2,0.0050000000000025,113.11,113.1
2014-10-27,KMB,17750,KIMBERLY CLARK CORP,,,0.00168,-0.110617671105169,8.826904404617269e-05,1.3659244159755003e-11,-0.001502,2.9034210343333635,113.29,373922.0,42361623.38,0.0049999999999954,113.32,113.31
2014-10-28,KMB,17750,KIMBERLY CLARK CORP,,,0.003884,0.2437942878617753,8.79275477007396e-05,2.52909176407748e-11,0.011939,3.611258497761565,113.73,373922.0,42526149.06,0.0050000000000025,113.73,113.72
2014-10-29,KMB,17750,KIMBERLY CLARK CORP,,,-0.00255,-0.0821510905860719,8.815232722135847e-05,-1.8136904724282964e-11,-0.001385,3.3145896737822325,113.44,373922.0,42417711.68,0.0049999999999954,113.46,113.45
2014-10-30,KMB,17750,KIMBERLY CLARK CORP,,,0.001587,-0.1059611198339839,8.801267382495075e-05,1.2605351048248203e-11,0.00623,2.963372040158108,113.62,373922.0,42485017.64,0.0049999999999954,113.6,113.59
2014-10-31,KMB,17750,KIMBERLY CLARK CORP,,,0.005721,0.6642531609013871,8.751203290444478e-05,2.714895595904493e-11,0.011731,4.951226322643004,114.27,372455.0,42560432.85,0.0049999999999954,114.27,114.26
2014-11-03,KMB,17750,KIMBERLY CLARK CORP,,,0.016595,0.2464919372987171,8.979885057463097e-05,6.482939570139373e-11,-0.000119,6.171663690915681,111.36,372455.0,41476588.8,0.0049999999999954,111.35,111.34
2014-11-04,KMB,17750,KIMBERLY CLARK CORP,,,0.016164,0.3301391632628823,8.837044892192574e-05,4.6717840686448215e-11,-0.00283,8.209171577774496,113.16,372455.0,42147007.8,0.0050000000000025,113.12,113.11
2014-11-05,KMB,17750,KIMBERLY CLARK CORP,,,-0.007777,-0.1693318205738129,8.906305664402302e-05,-2.7271497067343977e-11,0.005701,6.81909760910714,112.28,372455.0,41819247.4,0.0049999999999954,112.27,112.26
2014-11-06,KMB,17750,KIMBERLY CLARK CORP,,,0.006858,-0.2880777948875642,8.845643520558077e-05,3.3550087666665266e-11,0.003776,4.854667006752494,113.05,372455.0,42106037.75,0.0049999999999954,113.05,113.04
2014-11-07,KMB,17750,KIMBERLY CLARK CORP,,,0.001681,0.12721546114941,0.0002649240551042,7.283290977182069e-12,0.00035,5.472255708743338,113.24,372455.0,42176804.2,0.0150000000000005,113.24,113.21
2014-11-10,KMB,17750,KIMBERLY CLARK CORP,,,0.006005,-0.3487272154566182,0.0001755617977527,3.9710916778374097e-11,0.00312,3.563931213166691,113.92,372455.0,42430073.6,0.009999999999998,113.92,113.9
2014-11-11,KMB,17750,KIMBERLY CLARK CORP,,,-0.004828,-0.0141923634402186,8.820675663760355e-05,-3.254421607227246e-11,0.000697,3.51335060611349,113.37,372455.0,42225223.35,0.0050000000000025,113.36,113.35
2014-11-12,KMB,17750,KIMBERLY CLARK CORP,,,8.8e-05,0.0706544955733952,8.819897689191319e-05,5.539895523681935e-13,-0.000701,3.7615846209609214,113.38,372455.0,42228947.9,0.0050000000000025,113.4,113.39
2014-11-13,KMB,17750,KIMBERLY CLARK CORP,,,0.006086,0.5291912112666406,8.766546857197437e-05,2.4903137594233602e-11,0.00053,5.752182142809199,114.07,372455.0,42485941.85,0.0050000000000025,114.06,114.05
2014-11-14,KMB,17750,KIMBERLY CLARK CORP,,,-0.012448,-0.2337636393084672,8.877052818456196e-05,-6.731303745917459e-11,0.00024,4.407531111140943,112.65,372455.0,41957055.75,0.0049999999999954,112.66,112.65
2014-11-17,KMB,17750,KIMBERLY CLARK CORP,,,0.008877,0.0759164647811565,8.798944126709296e-05,4.422308451707276e-11,0.000735,4.742135291511726,113.65,372455.0,42329510.75,0.0050000000000025,113.65,113.64
2014-11-18,KMB,17750,KIMBERLY CLARK CORP,,,-0.00044,-0.1766183604418898,8.802816901412955e-05,-2.6633326777661013e-12,0.005134,3.9045871313313016,113.6,372455.0,42310888.0,0.0050000000000025,113.59,113.58
2014-11-19,KMB,17750,KIMBERLY CLARK CORP,,,0.002113,-0.1560741616315394,8.78425860857793e-05,1.5123468243818107e-11,-0.001501,3.295181968291472,113.84,372455.0,42400277.2,0.0050000000000025,113.84,113.83
2014-11-20,KMB,17750,KIMBERLY CLARK CORP,,,-0.00975,0.5511546825692348,8.870753126945015e-05,-4.543146999761504e-11,0.001967,5.111336940033024,112.73,372455.0,41986852.15,0.0050000000000025,112.7,112.69
2014-11-21,KMB,17750,KIMBERLY CLARK CORP,,,0.007806,-0.0097733780242396,8.802042073753107e-05,3.644761119631053e-11,0.005237,5.061381911908821,113.61,372455.0,42314612.55,0.0049999999999954,113.57,113.56
2014-11-24,KMB,17750,KIMBERLY CLARK CORP,,,-0.005193,0.0095764923185954,8.847991505920108e-05,-2.4142423977787244e-11,0.002864,5.109852196909694,113.02,372455.0,42094864.1,0.0049999999999954,113.05,113.04
2014-11-25,KMB,17750,KIMBERLY CLARK CORP,,,0.007255,-0.1630247111428706,8.784258608565447e-05,4.0008083382059446e-11,-0.00115,4.276820018525728,113.84,372455.0,42400277.2,0.0049999999999954,113.88,113.87
2014-11-26,KMB,17750,KIMBERLY CLARK CORP,,,0.002811,-0.1842091551192367,8.759635599163556e-05,1.8948431902032608e-11,0.002806,3.488990616316065,114.16,372455.0,42519462.8,0.0050000000000025,114.15,114.14
2014-11-28,KMB,17750,KIMBERLY CLARK CORP,,,0.021286,0.0225441941928077,0.0001715412985675,1.3739693921493022e-10,-0.002542,3.567647098307178,116.59,372455.0,43424528.45,0.009999999999998,116.64,116.62
2014-12-01,KMB,17750,KIMBERLY CLARK CORP,,,-0.005832,0.1777032905173736,8.627383314645083e-05,-3.21517801514101e-11,-0.006829,4.201629727081124,115.91,372455.0,43171259.05,0.0050000000000025,115.92,115.91
2014-12-02,KMB,17750,KIMBERLY CLARK CORP,,,0.002674,0.0993291661288322,8.604371020482806e-05,1.337399620356161e-11,0.006384,4.618974104254205,116.22,372455.0,43286720.1,0.0050000000000025,116.23,116.22
2014-12-03,KMB,17750,KIMBERLY CLARK CORP,,,-0.005851,0.6603181892162107,0.0001743679163033,-1.7858953982995655e-11,0.003765,7.66896672081191,114.7,372455.0,42720588.5,0.009999999999998,114.63,114.61
2014-12-04,KMB,17750,KIMBERLY CLARK CORP,,,-0.000872,-0.3947457327458693,8.726003490405861e-05,-4.401324053545358e-12,-0.001162,4.641674833201327,114.6,372455.0,42683343.0,0.0050000000000025,114.59,114.58
2014-12-05,KMB,17750,KIMBERLY CLARK CORP,,,-0.004887,0.1679057620393158,8.768853034027635e-05,-2.1224076740036805e-11,0.001665,5.42103878320871,114.04,372455.0,42474768.2,0.0050000000000025,114.04,114.03
2014-12-08,KMB,17750,KIMBERLY CLARK CORP,,,0.000702,-0.0398594814602397,8.762705923581235e-05,3.17310342928662e-12,-0.007257,5.204958988334162,114.12,372455.0,42504564.6,0.0049999999999954,114.13,114.12
2014-12-09,KMB,17750,KIMBERLY CLARK CORP,,,-0.00368,-0.1273229881363634,8.795074758127444e-05,-1.9131221385921502e-11,-0.000238,4.542248056812232,113.7,372455.0,42348133.5,0.0049999999999954,113.71,113.7
2014-12-10,KMB,17750,KIMBERLY CLARK CORP,,,-0.004661,-0.1215794224200148,8.836264027561107e-05,-2.7714090421082727e-11,-0.016351,3.9900041615765662,113.17,372455.0,42150732.35,0.0049999999999954,113.19,113.18
2014-12-11,KMB,17750,KIMBERLY CLARK CORP,,,0.007688,-0.0476072557847838,8.768853034027635e-05,4.763135435636322e-11,0.004536,3.800051012874039,114.04,372455.0,42474768.2,0.0050000000000025,114.04,114.03
2014-12-12,KMB,17750,KIMBERLY CLARK CORP,,,-0.011926,0.1869596735219889,0.0001774937877173,-6.300119206094869e-11,-0.016214,4.510507309607872,112.68,372455.0,41968229.400000006,0.009999999999998,112.71,112.69
2014-12-15,KMB,17750,KIMBERLY CLARK CORP,,,-0.002929,0.0300096252234427,8.90075656431252e-05,-1.5066272288137396e-11,-0.006343,4.645865943536803,112.35,372455.0,41845319.25,0.0050000000000025,112.36,112.35
2014-12-16,KMB,17750,KIMBERLY CLARK CORP,,,0.000445,0.0478052169008353,8.89679715301682e-05,2.183597862164068e-12,-0.008489,4.867962572659785,112.4,372455.0,41863942.0,0.0049999999999954,112.41,112.4
2014-12-17,KMB,17750,KIMBERLY CLARK CORP,,,0.012989,0.0279858165338093,8.782715615660377e-05,6.120633506341023e-11,0.020352,5.004196480111691,113.86,372455.0,42407726.3,0.0049999999999954,113.85,113.84
2014-12-18,KMB,17750,KIMBERLY CLARK CORP,,,0.013613,0.2451683032538236,8.664760419366525e-05,5.082462520938704e-11,0.024015,6.231066840289431,115.41,372455.0,42985031.55,0.0049999999999954,115.41,115.4
2014-12-19,KMB,17750,KIMBERLY CLARK CORP,,,0.003726,0.318780399105133,8.632596685075022e-05,1.0509343791564369e-11,0.00457,8.217408814487657,115.84,372455.0,43145187.2,0.0049999999999954,115.88,115.87
2014-12-22,KMB,17750,KIMBERLY CLARK CORP,,,0.005266,-0.5049187826629615,8.587376556466395e-05,2.984394351724029e-11,0.00381,4.068284759232659,116.45,372455.0,43372384.75,0.0050000000000025,116.45,116.44
2014-12-23,KMB,17750,KIMBERLY CLARK CORP,,,0.013139,0.3318798906849218,8.476012883543919e-05,5.5182796629971024e-11,0.001746,5.418466660401927,117.98,372455.0,43942240.9,0.0050000000000025,117.97,117.96
2014-12-24,KMB,17750,KIMBERLY CLARK CORP,,,-0.00178,-0.5032418544844621,8.491126772527058e-05,-1.5076138405616248e-11,-0.000139,2.691667449759031,117.77,372455.0,43864025.35,0.0050000000000025,117.83,117.82
2014-12-26,KMB,17750,KIMBERLY CLARK CORP,,,0.00433,-0.0121822398443929,0.000169090294217,3.696617702098403e-11,0.00331,2.6588769113047213,118.28,372455.0,44053977.4,0.009999999999998,118.31,118.29
2014-12-29,KMB,17750,KIMBERLY CLARK CORP,,,-0.007102,0.3801710975934858,8.514986376026155e-05,-4.4244537051877966e-11,0.000862,3.6697050650414154,117.44,372455.0,43741115.2,0.0050000000000025,117.47,117.46
2014-12-30,KMB,17750,KIMBERLY CLARK CORP,,,-0.000766,-0.0071166227685104,0.0001704303365998,-4.809971086136661e-12,-0.004889,3.643589158421823,117.35,372455.0,43707594.25,0.009999999999998,117.33,117.31
2014-12-31,KMB,17750,KIMBERLY CLARK CORP,,,-0.015424,0.0950781571809327,8.655011251506755e-05,-8.982895075325405e-11,-0.010311,3.9900149011289954,115.54,372455.0,43033450.7,0.0049999999999954,115.49,115.48
2015-01-02,KMB,17750,KIMBERLY CLARK CORP,,,8.7e-05,-0.1356240255541178,8.65426222413752e-05,5.861358557476541e-13,-0.00034,3.448873018216966,115.55,372455.0,43037175.25,0.0049999999999954,115.55,115.54
2015-01-05,KMB,17750,KIMBERLY CLARK CORP,,,-0.005712,0.251010081351446,8.703977717809126e-05,-3.0938136151968396e-11,-0.018278,4.314574915090414,114.89,372455.0,42791354.95,0.0049999999999954,114.94,114.93
2015-01-06,KMB,17750,KIMBERLY CLARK CORP,,,-0.009661,0.0933543250248134,0.0002636667252592,-4.832628407466781e-11,-0.008893,4.717359144057672,113.78,372455.0,42377929.9,0.0150000000000005,113.78,113.75
2015-01-07,KMB,17750,KIMBERLY CLARK CORP,,,0.006943,-0.1750781443866946,8.728288382640225e-05,4.1811013205357415e-11,0.01163,3.891452658710448,114.57,372455.0,42672169.35,0.0049999999999954,114.57,114.56
2015-01-08,KMB,17750,KIMBERLY CLARK CORP,,,0.021122,0.4544294810717053,8.54773912300634e-05,8.564619395012872e-11,0.017888,5.659843471023345,116.99,372455.0,43573510.45,0.0050000000000025,116.97,116.96
2015-01-09,KMB,17750,KIMBERLY CLARK CORP,,,-0.008975,-0.4212653762718585,0.0001725030188027,-6.345172983454801e-11,-0.008404,3.2755473815628733,115.94,372455.0,43182432.7,0.009999999999998,115.97,115.95
2015-01-12,KMB,17750,KIMBERLY CLARK CORP,,,-0.001553,-0.0321895025713241,8.638562543197232e-05,-1.1362265010149235e-11,-0.008094,3.170109140701561,115.76,372455.0,43115390.8,0.0050000000000025,115.79,115.78
2015-01-13,KMB,17750,KIMBERLY CLARK CORP,,,0.002764,0.0970100523154033,8.614748449349686e-05,1.83832379582482e-11,-0.002579,3.477641594286558,116.08,372455.0,43234576.4,0.0050000000000025,116.08,116.07
2015-01-14,KMB,17750,KIMBERLY CLARK CORP,,,0.001292,0.1020208219939549,0.0001720726146434,7.787460290612092e-12,-0.005813,3.8324334483360407,116.23,372455.0,43290444.65,0.0100000000000051,116.18,116.16
2015-01-15,KMB,17750,KIMBERLY CLARK CORP,,,0.0,-0.23242812676675,8.603630732173376e-05,0.0,-0.009248,2.941668120981058,116.23,372455.0,43290444.65,0.0050000000000025,116.25,116.24
2015-01-16,KMB,17750,KIMBERLY CLARK CORP,,,0.012217,0.1937837189074138,8.499787505316715e-05,7.939250552189919e-11,0.013424,3.511715509256152,117.65,372455.0,43819330.75,0.0050000000000025,117.64,117.63
2015-01-20,KMB,17750,KIMBERLY CLARK CORP,,,-0.00102,0.2911879298692004,0.0001701693184719,-5.138884344523922e-12,0.00155,4.534284678686015,117.53,372455.0,43774636.15,0.0100000000000051,117.51,117.49
2015-01-21,KMB,17750,KIMBERLY CLARK CORP,,,0.00051,-0.0964373286152378,8.504124500387036e-05,2.8422279961592297e-12,0.004732,4.097010377092535,117.59,372455.0,43796983.45,0.0050000000000025,117.59,117.58
2015-01-22,KMB,17750,KIMBERLY CLARK CORP,,,0.011821,0.2134726387199597,0.0002521432173474,5.3654900228929067e-11,0.01527,4.971609993153535,118.98,372455.0,44314695.9,0.0150000000000005,118.98,118.95
2015-01-23,KMB,17750,KIMBERLY CLARK CORP,,,-0.061607,1.871836219778463,0.000179131213614,-1.0376259009034204e-10,-0.005492,14.27764964895088,111.65,372455.0,41584600.75,0.0100000000000051,111.68,111.66
2015-01-26,KMB,17750,KIMBERLY CLARK CORP,,,-0.016122,-0.191465351531898,9.103322712794828e-05,-3.4134196971680246e-11,0.002568,11.543974439865218,109.85,372455.0,40914181.75,0.0050000000000025,109.86,109.85
2015-01-27,KMB,17750,KIMBERLY CLARK CORP,,,0.007829,-0.1703586673306026,9.032607713851608e-05,1.982439290683085e-11,-0.013388,9.57735833859124,110.71,372455.0,41234493.05,0.0050000000000025,110.7,110.69
2015-01-28,KMB,17750,KIMBERLY CLARK CORP,,,-0.009755,-0.3360985777101231,0.0002736477241631,-3.7572899844454346e-11,-0.013496,6.358421822770536,109.63,372455.0,40832241.65,0.0150000000000005,109.63,109.6
2015-01-29,KMB,17750,KIMBERLY CLARK CORP,,,0.005382,0.1376169335190138,0.0001814552712755,1.812441901563626e-11,0.009535,7.2334483360405954,110.22,372455.0,41051990.1,0.009999999999998,110.22,110.2
2015-01-30,KMB,17750,KIMBERLY CLARK CORP,,,-0.020504,0.0747757906622312,0.0001852537977028,-6.559015378729891e-11,-0.012992,7.774335154582433,107.96,372455.0,40210241.8,0.009999999999998,108.0,107.98
2015-02-02,KMB,17750,KIMBERLY CLARK CORP,,,0.019915,-0.2499207415414475,0.0001816365452728,8.327398035265495e-11,0.012962,5.831367547757448,110.11,372455.0,41011020.05,0.009999999999998,110.16,110.14
2015-02-03,KMB,17750,KIMBERLY CLARK CORP,,,0.000545,-0.1605112890794421,9.07688118362995e-05,2.7131516439802643e-12,0.014439,4.895367225570874,110.17,372455.0,41033367.35,0.0050000000000025,110.17,110.16
2015-02-04,KMB,17750,KIMBERLY CLARK CORP,,,-0.002814,-0.0322332425092031,9.102494083370568e-05,-1.4516259174879739e-11,-0.004156,4.737573666617443,109.86,372455.0,40917906.3,0.0049999999999954,109.85,109.84
2015-02-05,KMB,17750,KIMBERLY CLARK CORP,,,0.001456,0.1441044174294274,9.089256498823049e-05,6.5553258911336806e-12,0.010291,5.420278959874347,110.02,372455.0,40977499.1,0.0050000000000025,110.0,109.99
2015-02-06,KMB,17750,KIMBERLY CLARK CORP,,,-0.008817,-0.2046131136659715,9.170105456204406e-05,-5.0352530029816746e-11,-0.003418,4.311218804956304,109.05,372455.0,40616217.75,0.0049999999999954,109.05,109.04
2015-02-09,KMB,17750,KIMBERLY CLARK CORP,,,-0.007611,0.2512207805148421,9.24043614859094e-05,-3.5004700806613045e-11,-0.004247,5.394286558107691,108.22,372455.0,40307080.1,0.0050000000000025,108.2,108.19
2015-02-10,KMB,17750,KIMBERLY CLARK CORP,,,0.00924,-0.3281013812453058,9.155832265157586e-05,6.266978840400939e-11,0.010676,3.624413687559571,109.22,372455.0,40679535.1,0.0050000000000025,109.25,109.24
2015-02-11,KMB,17750,KIMBERLY CLARK CORP,,,0.000732,0.0124280426184746,9.149130832575589e-05,4.900215532097495e-12,-2.9e-05,3.669458055335544,109.3,372455.0,40709331.5,0.0050000000000025,109.28,109.27
2015-02-12,KMB,17750,KIMBERLY CLARK CORP,,,0.008051,0.0017662880439712,0.0001815211472136,5.337094708203869e-11,0.009645,3.6759393752265375,110.18,372455.0,41037091.900000006,0.009999999999998,110.16,110.14
2015-02-13,KMB,17750,KIMBERLY CLARK CORP,,,0.007442,0.2154482946004812,0.0001801801801801,4.028914483052673e-11,0.004075,4.467914244673853,111.0,372455.0,41342505.0,0.009999999999998,110.96,110.94
2015-02-17,KMB,17750,KIMBERLY CLARK CORP,,,0.002432,-0.0763326897410427,8.987148377811545e-05,1.4219727413457246e-11,0.001598,4.126866332845578,111.27,372455.0,41443067.85,0.0049999999999954,111.3,111.29
2015-02-18,KMB,17750,KIMBERLY CLARK CORP,,,0.003864,-0.4386456847824955,8.952551477162852e-05,4.00915334531568e-11,-0.000314,2.316634224268704,111.7,372455.0,41603223.5,0.0049999999999954,111.69,111.68
2015-02-19,KMB,17750,KIMBERLY CLARK CORP,,,-0.009311,0.2280058226187413,9.036688957170716e-05,-7.940977361694406e-11,-0.001062,2.8448403162798197,110.66,372455.0,41215870.3,0.0050000000000025,110.68,110.67
2015-02-20,KMB,17750,KIMBERLY CLARK CORP,,,0.002711,0.3785036453294952,0.0001802451333813,1.6727207632503685e-11,0.006126,3.9216227463720448,110.96,372455.0,41327606.8,0.009999999999998,110.96,110.94
2015-02-23,KMB,17750,KIMBERLY CLARK CORP,,,0.00027,0.2544001621220462,0.0001801964140913,1.3277129449175938e-12,-0.000303,4.919284208830597,110.99,372455.0,41338780.45,0.009999999999998,111.05,111.03
2015-02-24,KMB,17750,KIMBERLY CLARK CORP,,,-0.005406,-0.1539134117667606,9.05879155719803e-05,-3.1590447202802905e-11,0.002759,4.16214039279913,110.39,372455.0,41115307.45,0.0049999999999954,110.38,110.37
2015-02-25,KMB,17750,KIMBERLY CLARK CORP,,,-0.002083,-0.2341702091974635,0.0001815541031226,-1.592731437177856e-11,-0.000766,3.1874911063081446,110.16,372455.0,41029642.8,0.009999999999998,110.13,110.11
2015-02-26,KMB,17750,KIMBERLY CLARK CORP,,,-0.002269,0.143582741533208,0.0001819670639615,-1.5205717055711704e-11,-0.001476,3.6451598179645854,109.91,372455.0,40936529.05,0.0100000000000051,109.93,109.91
2015-02-27,KMB,17750,KIMBERLY CLARK CORP,,,-0.002275,0.0602412389570863,9.1190953857424e-05,-1.4412458970334642e-11,-0.002956,3.938624069346511,109.66,365469.0,40077330.54,0.0050000000000025,109.67,109.66
2015-03-02,KMB,17750,KIMBERLY CLARK CORP,,,0.006839,-0.1157550305847044,9.057150620419453e-05,4.8664976794097634e-11,0.006125,3.482708519737652,110.41,365469.0,40351432.29,0.0050000000000025,110.4,110.39
2015-03-03,KMB,17750,KIMBERLY CLARK CORP,,,-0.001359,0.0986453722515796,9.069472156725118e-05,-8.814065319142959e-12,-0.004539,3.826261598110921,110.26,365469.0,40296611.940000005,0.0050000000000025,110.25,110.24
2015-03-04,KMB,17750,KIMBERLY CLARK CORP,,,-0.00916,0.2503740042048656,9.227646027503106e-05,-4.834162670582706e-11,-0.004389,4.78425803556526,108.37,365469.0,39605875.53,0.0050000000000025,108.34,108.33
2015-03-05,KMB,17750,KIMBERLY CLARK CORP,,,0.00083,-0.2705116048173919,9.219988936004892e-05,5.99963686409976e-12,0.001196,3.490060716503999,108.46,365469.0,39638767.74,0.0049999999999954,108.46,108.45
2015-03-06,KMB,17750,KIMBERLY CLARK CORP,,,-0.015121,0.5857920249876716,9.361542782242002e-05,-6.998390679866734e-11,-0.014174,5.534510450954801,106.82,365469.0,39039398.58,0.0049999999999954,106.85,106.84
2015-03-09,KMB,17750,KIMBERLY CLARK CORP,,,0.001872,-0.3523660547428872,9.344047841516453e-05,1.3353082649091656e-11,0.003944,3.58433683841858,107.02,365469.0,39112492.38,0.0049999999999954,106.99,106.98
2015-03-10,KMB,17750,KIMBERLY CLARK CORP,,,-0.021024,0.5992668500813763,9.544716999145858e-05,-9.578513332808581e-11,-0.016961,5.732311085208321,104.77,365469.0,38290187.13,0.0050000000000025,104.79,104.78
2015-03-11,KMB,17750,KIMBERLY CLARK CORP,,,-0.005918,-0.1940708798452683,0.0001920307249159,-3.365414352264615e-11,-0.001918,4.619836429355157,104.15,365469.0,38063596.35,0.009999999999998,104.14,104.12
2015-03-12,KMB,17750,KIMBERLY CLARK CORP,,,0.014786,-0.218083672953263,9.46163307787408e-05,1.0596913230821144e-10,0.012601,3.612325532398097,105.69,365469.0,38626418.61,0.0050000000000025,105.67,105.66
2015-03-13,KMB,17750,KIMBERLY CLARK CORP,,,0.000946,0.0645913135427926,9.452689290094435e-05,6.362476266546092e-12,-0.006075,3.845650383479857,105.79,365469.0,38662965.510000005,0.0049999999999954,105.77,105.76
2015-03-16,KMB,17750,KIMBERLY CLARK CORP,,,0.00605,0.2733050817308993,9.395847035601714e-05,3.1764242009716246e-11,0.013534,4.896686175845284,106.43,365469.0,38896865.67,0.0049999999999954,106.41,106.4
2015-03-17,KMB,17750,KIMBERLY CLARK CORP,,,-0.010899,0.5938873047244979,9.499382540139752e-05,-3.629707274748639e-11,-0.00332,7.804765930899748,105.27,365469.0,38472921.63,0.0050000000000025,105.28,105.27
2015-03-18,KMB,17750,KIMBERLY CLARK CORP,,,0.016909,-0.2783340344972654,9.341429238678295e-05,7.673342806183713e-11,0.012158,5.632433941045616,107.05,365469.0,39123456.45,0.0050000000000025,107.03,107.02
2015-03-19,KMB,17750,KIMBERLY CLARK CORP,,,-0.002802,0.0849660914849792,9.36768149882052e-05,-1.1752694036404431e-11,-0.004873,6.1109998385636,106.75,365469.0,39013815.75,0.0049999999999954,106.77,106.76
2015-03-20,KMB,17750,KIMBERLY CLARK CORP,,,0.016206,0.7300084490734005,9.21828908555044e-05,3.866474201358726e-11,0.009013,10.572081353001211,108.48,365469.0,39646077.120000005,0.0050000000000025,108.48,108.47
2015-03-23,KMB,17750,KIMBERLY CLARK CORP,,,0.004701,-0.5421044948868565,0.0001835030736765,2.4379577610503258e-11,-0.001746,4.840908531229735,108.99,365469.0,39832466.31,0.0100000000000051,109.01,108.99
2015-03-24,KMB,17750,KIMBERLY CLARK CORP,,,-0.004496,-0.0806216588043648,9.21658986174277e-05,-2.5475626576747072e-11,-0.006139,4.450626455321792,108.5,365469.0,39653386.5,0.0049999999999954,108.52,108.51
2015-03-25,KMB,17750,KIMBERLY CLARK CORP,,,-0.009585,-0.0181289907695106,9.3057882002521e-05,-5.5849482554701455e-11,-0.014559,4.369941089394723,107.46,365469.0,39273298.74,0.0049999999999954,107.49,107.48
2015-03-26,KMB,17750,KIMBERLY CLARK CORP,,,-0.010609,0.0678583012226077,9.40556809631783e-05,-5.850860266086771e-11,-0.002377,4.666477868163921,106.32,365469.0,38856664.08,0.0050000000000025,106.33,106.32
2015-03-27,KMB,17750,KIMBERLY CLARK CORP,,,0.00047,-0.2940696694661183,9.40114693993148e-05,3.670093270931254e-12,0.002369,3.294208263902,106.37,365469.0,38874937.53,0.0050000000000025,106.39,106.38
2015-03-30,KMB,17750,KIMBERLY CLARK CORP,,,0.01288,0.0452725280767751,9.281603861151955e-05,9.499653357943989e-11,0.012237,3.443345400020248,107.74,365469.0,39375630.06,0.0050000000000025,107.76,107.75
2015-03-31,KMB,17750,KIMBERLY CLARK CORP,,,-0.005847,0.0727609508946025,9.33619643357774e-05,-4.0436074156316256e-11,-0.008796,3.696607338444688,107.11,365200.0,39116572.0,0.0050000000000025,107.14,107.13
2015-04-01,KMB,17750,KIMBERLY CLARK CORP,,,-0.002427,0.0844162337657528,9.35891436592504e-05,-1.5515477622126195e-11,-0.003965,4.008661007667032,106.85,365200.0,39021620.0,0.0049999999999954,106.85,106.84
2015-04-02,KMB,17750,KIMBERLY CLARK CORP,,,0.001591,0.0628642937014118,0.0001868809568305,9.55426570787946e-12,0.00353,4.260662650602409,107.02,365200.0,39083704.0,0.0100000000000051,107.04,107.02
2015-04-06,KMB,17750,KIMBERLY CLARK CORP,,,0.004111,-0.047464835982658,9.3057882002521e-05,2.5811408573198038e-11,0.006609,4.058430996714129,107.46,365200.0,39244392.0,0.0049999999999954,107.49,107.48
2015-04-07,KMB,17750,KIMBERLY CLARK CORP,,,-0.004653,-0.2828992422438111,0.0001869857890799,-4.0930075118779503e-11,-0.002062,2.910303943044907,106.96,365200.0,39061792.0,0.009999999999998,106.95,106.93
2015-04-08,KMB,17750,KIMBERLY CLARK CORP,,,0.00187,0.2298533273493828,9.331840238886624e-05,1.3350159811936016e-11,0.002683,3.5792469879518074,107.16,365200.0,39134832.0,0.0049999999999954,107.16,107.15
2015-04-09,KMB,17750,KIMBERLY CLARK CORP,,,0.000933,-0.1126948049215808,9.323140033554824e-05,7.499777684644739e-12,0.004457,3.175884446878422,107.26,365200.0,39171352.0,0.0049999999999954,107.27,107.26
2015-04-10,KMB,17750,KIMBERLY CLARK CORP,,,-0.003729,0.1202949045250481,9.358038555110335e-05,-2.6856498625886055e-11,0.005203,3.557927163198248,106.86,365200.0,39025272.0,0.0049999999999954,106.85,106.84
2015-04-13,KMB,17750,KIMBERLY CLARK CORP,,,0.001217,-0.2168760654324645,9.346667912893838e-05,1.1178642600491746e-11,-0.004581,2.786297918948521,106.99,365200.0,39072748.0,0.0050000000000025,107.01,107.0
2015-04-14,KMB,17750,KIMBERLY CLARK CORP,,,0.006169,0.1252284886532042,9.289363678579568e-05,5.004972522143078e-11,0.00163,3.135221796276013,107.65,365200.0,39313780.0,0.0049999999999954,107.66,107.65
2015-04-15,KMB,17750,KIMBERLY CLARK CORP,,,-0.000372,0.0941027072017663,0.0001858563330546,-2.759517656903136e-12,0.005148,3.43025465498357,107.61,365200.0,39299172.0,0.0100000000000051,107.65,107.63
2015-04-16,KMB,17750,KIMBERLY CLARK CORP,,,0.00065,-0.1804963403896613,0.0001857355126299,5.879904619132648e-12,-0.000778,2.811106243154436,107.68,365200.0,39324736.0,0.009999999999998,107.71,107.69
2015-04-17,KMB,17750,KIMBERLY CLARK CORP,,,-0.008358,0.3856777996836207,0.0001873009926952,-5.5022733571928956e-11,-0.011311,3.895287513691128,106.78,365200.0,38996056.0,0.009999999999998,106.8,106.78
2015-04-20,KMB,17750,KIMBERLY CLARK CORP,,,0.005432,0.4420772706088114,9.31445603575904e-05,2.4663711922497916e-11,0.009235,5.617305585980285,107.36,365200.0,39207872.0,0.0049999999999954,107.35,107.34
2015-04-21,KMB,17750,KIMBERLY CLARK CORP,,,0.053931,1.4414684319307414,8.837825894834393e-05,9.516428353053768e-11,-0.001481,13.71447426067908,113.15,365200.0,41322380.0,0.0050000000000025,113.15,113.14
2015-04-22,KMB,17750,KIMBERLY CLARK CORP,,,-0.011489,-0.4767568342462432,8.940545373272343e-05,-3.91951872716376e-11,0.005088,7.176004928806134,111.85,365200.0,40847620.0,0.0050000000000025,111.93,111.92
2015-04-23,KMB,17750,KIMBERLY CLARK CORP,,,-0.001341,-0.3866913015224692,8.952551477175573e-05,-7.469352977374441e-12,0.002358,4.401106243154436,111.7,365200.0,40792840.0,0.0050000000000025,111.7,111.69
2015-04-24,KMB,17750,KIMBERLY CLARK CORP,,,-0.000537,-0.1961968140042457,0.000179147259047,-3.723163541194055e-12,0.002253,3.537623220153341,111.64,365200.0,40770928.0,0.0100000000000051,111.65,111.63
2015-04-27,KMB,17750,KIMBERLY CLARK CORP,,,-0.001075,0.2217169527996656,8.967001434724818e-05,-6.107208660956767e-12,-0.004141,4.32197426067908,111.52,365200.0,40727104.0,0.0050000000000025,111.53,111.52
2015-04-28,KMB,17750,KIMBERLY CLARK CORP,,,0.003677,-0.0520741137301735,0.0001786831055123,2.1956332441591672e-11,0.002769,4.096911281489595,111.93,365200.0,40876836.0,0.009999999999998,111.96,111.94
2015-04-29,KMB,17750,KIMBERLY CLARK CORP,,,-0.01081,0.0738909177431772,0.0001806358381502,-6.076480648181151e-11,-0.00374,4.399635815991238,110.72,365200.0,40434944.0,0.009999999999998,110.71,110.69
2015-04-30,KMB,17750,KIMBERLY CLARK CORP,,,-0.009303,0.0851963625885094,9.116601331028458e-05,-4.8640738194505245e-11,-0.010129,4.788906313942087,109.69,364099.0,39938019.31,0.0050000000000025,109.68,109.67
2015-05-01,KMB,17750,KIMBERLY CLARK CORP,,,0.012307,-0.2930376523540463,9.005763688752615e-05,8.991261653835264e-11,0.010923,3.3855764503610284,111.04,364099.0,40429552.96,0.0049999999999954,111.02,111.01
2015-05-04,KMB,17750,KIMBERLY CLARK CORP,,,-0.005403,0.154204845520145,9.054690329582494e-05,-3.4385359169380527e-11,0.002941,3.907648743885592,110.44,364099.0,40211093.56,0.0049999999999954,110.44,110.43
2015-05-05,KMB,17750,KIMBERLY CLARK CORP,,,-0.009417,0.2060767333604634,9.140767824501934e-05,-5.016320823795429e-11,-0.011837,4.712924232145653,109.4,364099.0,39832430.6,0.0050000000000025,109.39,109.38
2015-05-06,KMB,17750,KIMBERLY CLARK CORP,,,0.004205,-0.2231885037684203,9.102494083370568e-05,2.8714470835108585e-11,-0.004456,3.661053724399133,109.86,364099.0,39999916.14,0.0049999999999954,109.88,109.87
2015-05-07,KMB,17750,KIMBERLY CLARK CORP,,,-0.001638,0.1440592774417735,9.117432531003934e-05,-9.792923011102712e-12,0.003774,4.188462478611586,109.68,364099.0,39934378.32,0.0050000000000025,109.68,109.67
2015-05-08,KMB,17750,KIMBERLY CLARK CORP,,,0.009391,-0.4078235296046268,9.032607713838772e-05,9.392900617746979e-11,0.013458,2.4803089269676653,110.71,364099.0,40309400.29,0.0049999999999954,110.71,110.7
2015-05-11,KMB,17750,KIMBERLY CLARK CORP,,,-0.007136,-0.0931824272100527,9.09752547307598e-05,-7.927439414726461e-11,-0.00509,2.2491877209220568,109.92,364099.0,40021762.08,0.0050000000000025,109.92,109.91
2015-05-12,KMB,17750,KIMBERLY CLARK CORP,,,-0.001547,0.1427550929447925,0.0001822323462414,-1.5062165986641596e-11,-0.00295,2.570270723072571,109.75,364099.0,39959865.25,0.009999999999998,109.74,109.72
2015-05-13,KMB,17750,KIMBERLY CLARK CORP,,,0.005923,0.583253636065409,9.057971014484517e-05,3.620960686610539e-11,-0.000305,4.069390467977116,110.4,364099.0,40196529.6,0.0049999999999954,110.41,110.4
2015-05-14,KMB,17750,KIMBERLY CLARK CORP,,,0.011051,-0.2014333913088081,8.958967926886673e-05,8.36757405184348e-11,0.010779,3.249679345452748,111.62,364099.0,40640730.38,0.0049999999999954,111.63,111.62
2015-05-15,KMB,17750,KIMBERLY CLARK CORP,,,0.001613,-0.2414366065052126,8.944543828269335e-05,1.6074618951207588e-11,0.000768,2.465087792056556,111.8,364099.0,40706268.2,0.0050000000000025,111.79,111.78
2015-05-18,KMB,17750,KIMBERLY CLARK CORP,,,0.002147,0.1177891471762693,8.925383791494917e-05,1.9100607422589064e-11,0.003048,2.7554483807975303,112.04,364099.0,40793651.96,0.0049999999999954,112.02,112.01
2015-05-19,KMB,17750,KIMBERLY CLARK CORP,,,0.00357,-0.0543530265455676,8.8936321593658e-05,3.346621343671912e-11,-0.000643,2.605681421811101,112.44,364099.0,40939291.56,0.0049999999999954,112.44,112.43
2015-05-20,KMB,17750,KIMBERLY CLARK CORP,,,-0.003291,0.1034914190187683,8.922994556977886e-05,-2.804973401463849e-11,-0.000931,2.8753470896651736,112.07,364099.0,40804574.93,0.0050000000000025,112.09,112.08
2015-05-21,KMB,17750,KIMBERLY CLARK CORP,,,-0.002141,0.0174522953718128,8.942144326214e-05,-1.797357728765073e-11,0.002338,2.9255284963704926,111.83,364099.0,40717191.17,0.0050000000000025,111.86,111.85
2015-05-22,KMB,17750,KIMBERLY CLARK CORP,,,-0.005186,-0.0398438952216616,8.988764044948419e-05,-4.557921344414534e-11,-0.002234,2.8089640454931213,111.25,364099.0,40506013.75,0.0050000000000025,111.29,111.28
2015-05-26,KMB,17750,KIMBERLY CLARK CORP,,,-0.012045,0.3922361575413522,9.098353198075804e-05,-7.696460086001095e-11,-0.010282,3.910741309369155,109.91,364099.0,40018121.09,0.0050000000000025,109.93,109.92
2015-05-27,KMB,17750,KIMBERLY CLARK CORP,,,0.003821,0.1861609372026207,0.000181274358742,2.0505068611391597e-11,0.009163,4.638768576678321,110.33,364099.0,40171042.67,0.0100000000000051,110.34,110.32
2015-05-28,KMB,17750,KIMBERLY CLARK CORP,,,-0.005438,-0.3181866355313383,9.11327804611785e-05,-4.3035427514398695e-11,-0.001267,3.162774410256551,109.73,364099.0,39952583.27,0.0050000000000025,109.73,109.72
2015-05-29,KMB,17750,KIMBERLY CLARK CORP,,,-0.007929,0.6118762065123662,9.186110600776332e-05,-3.9240153796495846e-11,-0.006318,5.098000818458716,108.86,364099.0,39635817.14,0.0050000000000025,108.9,108.89
2015-06-01,KMB,17750,KIMBERLY CLARK CORP,,,0.002664,-0.275620266817227,9.161704076963e-05,1.8152013355142137e-11,0.002059,3.692888472640683,109.15,364099.0,39741405.85,0.0050000000000025,109.14,109.13
2015-06-02,KMB,17750,KIMBERLY CLARK CORP,,,-0.007146,-0.0723565850077756,9.227646027503106e-05,-5.286730772083389e-11,-0.001009,3.4256836739458225,108.37,364099.0,39457408.63,0.0050000000000025,108.36,108.35
2015-06-03,KMB,17750,KIMBERLY CLARK CORP,,,0.004522,0.0175717236115475,9.26097425448315e-05,3.299555672945733e-11,0.002119,3.485878840644989,107.98,364099.0,39315410.02,0.0049999999999954,107.96,107.95
2015-06-04,KMB,17750,KIMBERLY CLARK CORP,,,-0.01065,-0.0945324041427507,9.360666479458128e-05,-8.674644630305149e-11,-0.008623,3.156350333288474,106.83,364099.0,38896696.17,0.0050000000000025,106.86,106.85
2015-06-05,KMB,17750,KIMBERLY CLARK CORP,,,-0.010203,0.221553848509951,0.0001891431813884,-6.873394597617449e-11,-0.001436,3.855651896874202,105.74,364099.0,38499828.26,0.0100000000000051,105.73,105.71
2015-06-08,KMB,17750,KIMBERLY CLARK CORP,,,-0.002459,-0.1040012423077005,9.480470231328324e-05,-1.8533766907045594e-11,-0.006474,3.454659309693243,105.48,364099.0,38405162.52,0.0050000000000025,105.51,105.5
2015-06-09,KMB,17750,KIMBERLY CLARK CORP,,,0.003508,-0.188253177277201,9.447331128960904e-05,3.2458123924267757e-11,0.000418,2.804308718233228,105.85,364099.0,38539879.15,0.0050000000000025,105.86,105.85
2015-06-10,KMB,17750,KIMBERLY CLARK CORP,,,0.011904,0.3676288825381031,9.33619643357774e-05,7.958831802165302e-11,0.012042,3.8352535986091696,107.11,364099.0,38998643.89,0.0050000000000025,107.11,107.1
2015-06-11,KMB,17750,KIMBERLY CLARK CORP,,,0.002708,0.3800576047756678,9.310986964623012e-05,1.3083790810156567e-11,0.001739,5.292870895003832,107.4,364099.0,39104232.6,0.0050000000000025,107.43,107.42
2015-06-12,KMB,17750,KIMBERLY CLARK CORP,,,-0.006145,-0.5619872878255685,9.3685591155995e-05,-6.820201202621384e-11,-0.006994,2.3183447359097387,106.74,364099.0,38863927.26,0.0049999999999954,106.74,106.73
2015-06-15,KMB,17750,KIMBERLY CLARK CORP,,,-0.00965,0.5055579446681522,9.459842966598152e-05,-7.183171968707227e-11,-0.004622,3.490402335628497,105.71,364099.0,38488905.29,0.0049999999999954,105.69,105.68
2015-06-16,KMB,17750,KIMBERLY CLARK CORP,,,0.011257,-0.21185000299012,9.354536950412444e-05,1.051334959205056e-10,0.00569,2.750960590388878,106.9,364099.0,38922183.1,0.0049999999999954,106.91,106.9
2015-06-17,KMB,17750,KIMBERLY CLARK CORP,,,0.007109,0.536130396496882,9.288500835956628e-05,4.2916292918517816e-11,0.00198,4.225834182461363,107.66,364099.0,39198898.34,0.0049999999999954,107.71,107.7
2015-06-18,KMB,17750,KIMBERLY CLARK CORP,,,0.014304,0.0487182686845761,9.157509157513844e-05,8.117907374281859e-11,0.009903,4.431709507578983,109.2,364099.0,39759610.8,0.0050000000000025,109.17,109.16
2015-06-19,KMB,17750,KIMBERLY CLARK CORP,,,-0.003571,0.0514458214369157,9.190331770981632e-05,-1.9343870188170418e-11,-0.005304,4.659702443566173,108.81,364099.0,39617612.19,0.0050000000000025,108.78,108.77
2015-06-22,KMB,17750,KIMBERLY CLARK CORP,,,0.00147,-0.5551013118644248,9.176837661746458e-05,1.7871935478980715e-11,0.006095,2.073095504244725,108.97,364099.0,39675868.03,0.0050000000000025,108.98,108.97
2015-06-23,KMB,17750,KIMBERLY CLARK CORP,,,-0.005598,0.3440817051133262,9.228497600595344e-05,-5.0921294086326075e-11,0.000636,2.78640974020802,108.36,364099.0,39453767.64,0.0050000000000025,108.33,108.32
2015-06-24,KMB,17750,KIMBERLY CLARK CORP,,,-0.000738,0.0203375162267416,0.000184706316956,-6.5841511721623014e-12,-0.007353,2.843078393513852,108.28,364099.0,39424639.72,0.009999999999998,108.33,108.31
2015-06-25,KMB,17750,KIMBERLY CLARK CORP,,,-0.007111,0.3650336855487353,9.301460329276454e-05,-4.6809082321230755e-11,-0.002974,3.880897777802191,107.51,364099.0,39144283.49,0.0050000000000025,107.53,107.52
2015-06-26,KMB,17750,KIMBERLY CLARK CORP,,,0.003628,0.065663102932632,9.26784059314654e-05,2.232925403978473e-11,-0.00039,4.135729568057039,107.9,364099.0,39286282.1,0.0050000000000025,107.92,107.91
2015-06-29,KMB,17750,KIMBERLY CLARK CORP,,,-0.016497,-0.325910553421237,9.423294383721368e-05,-1.5315055893397974e-10,-0.020866,2.787851655730996,106.12,364099.0,38638185.88,0.0050000000000025,106.14,106.13
2015-06-30,KMB,17750,KIMBERLY CLARK CORP,,,-0.001414,0.2260116210566136,0.0002830989902802,-1.07221713014798e-11,0.002658,3.417938527708124,105.97,364099.0,38583571.03,0.0150000000000005,105.97,105.94
2015-07-01,KMB,17750,KIMBERLY CLARK CORP,,,0.017741,-0.0040499233407367,0.0002781641168289,1.3272008261504582e-10,0.006936,3.404096138687555,107.85,364099.0,39268077.15,0.0150000000000005,107.92,107.89
2015-07-02,KMB,17750,KIMBERLY CLARK CORP,,,-0.002782,-0.0645007213004709,0.0001859600185959,-2.2309094896267528e-11,-0.000308,3.18452948236606,107.55,364099.0,39158847.45,0.009999999999998,107.52,107.5
2015-07-06,KMB,17750,KIMBERLY CLARK CORP,,,0.000465,-0.157871949936351,9.293680297402524e-05,4.425861182926817e-12,-0.003862,2.681781603355132,107.6,364099.0,39177052.4,0.0050000000000025,107.61,107.6
2015-07-07,KMB,17750,KIMBERLY CLARK CORP,,,0.020167,0.5504519506694769,9.1099571832059e-05,1.2135465192449464e-10,0.006081,4.157973518191481,109.77,364099.0,39967147.23,0.0050000000000025,109.81,109.8
2015-07-08,KMB,17750,KIMBERLY CLARK CORP,,,-0.006741,-0.0256064743439852,0.000183435751628,-4.191241833783105e-11,-0.016653,4.0515024759749405,109.03,364099.0,39697713.97,0.0100000000000051,109.09,109.07
2015-07-09,KMB,17750,KIMBERLY CLARK CORP,,,-0.003027,0.1393995721107306,9.199632014711045e-05,-1.6568043649034797e-11,0.002262,4.616280187531413,108.7,364099.0,39577561.3,0.0049999999999954,108.69,108.68
2015-07-10,KMB,17750,KIMBERLY CLARK CORP,,,0.009384,-0.4641497444940839,9.114108640179654e-05,9.496140054649775e-11,0.012338,2.4736349179756054,109.72,364099.0,39948942.28,0.0050000000000025,109.73,109.72
2015-07-13,KMB,17750,KIMBERLY CLARK CORP,,,0.01039,-0.1015157975146783,9.0203860725157e-05,1.158177540459102e-10,0.011066,2.222521896517156,110.86,364099.0,40364015.14,0.0049999999999954,110.88,110.87
2015-07-14,KMB,17750,KIMBERLY CLARK CORP,,,0.000812,0.2601437437130662,9.013068949982078e-05,7.177002550066345e-12,0.004453,2.800697063161393,110.95,364099.0,40396784.05,0.0050000000000025,110.92,110.91
2015-07-15,KMB,17750,KIMBERLY CLARK CORP,,,0.002253,-0.1424405063688365,0.0002697841726618,2.3168959115024326e-11,-0.000735,2.4017643552989707,111.2,364099.0,40487808.8,0.0150000000000005,111.23,111.2
2015-07-16,KMB,17750,KIMBERLY CLARK CORP,,,0.007464,0.191864879699936,8.92618048737402e-05,6.39234771657468e-11,0.008015,2.8625785843960023,112.03,364099.0,40790010.97,0.0050000000000025,112.04,112.03
2015-07-17,KMB,17750,KIMBERLY CLARK CORP,,,0.003303,0.7274197850444515,8.896797153029463e-05,1.6321778090294994e-11,0.001106,4.9448748829301925,112.4,364099.0,40924727.6,0.0050000000000025,112.39,112.38
2015-07-20,KMB,17750,KIMBERLY CLARK CORP,,,0.004804,-0.4110026304914842,0.0001770851779705,4.011133038350792e-11,0.000771,2.912518298594613,112.94,364099.0,41121341.06,0.009999999999998,112.94,112.92
2015-07-21,KMB,17750,KIMBERLY CLARK CORP,,,-0.003984,0.9173582788357716,8.889679082577035e-05,-1.7418629882763783e-11,-0.004262,5.584341072071058,112.49,364099.0,40957496.51,0.0049999999999954,112.52,112.51
2015-07-22,KMB,17750,KIMBERLY CLARK CORP,,,-0.002578,0.0801282476897857,8.91265597148406e-05,-1.0462207044830759e-11,-0.002388,6.031804536678211,112.2,364099.0,40851907.8,0.0050000000000025,112.2,112.19
2015-07-23,KMB,17750,KIMBERLY CLARK CORP,,,-0.00508,-0.3277936994063312,0.0002687449610319,-3.0825736592386855e-11,-0.005676,4.0546170135045685,111.63,364099.0,40644371.37,0.0150000000000005,111.61,111.58
2015-07-24,KMB,17750,KIMBERLY CLARK CORP,,,0.001881,-0.1716589377910182,0.0001788268955651,1.3753496524879686e-11,-0.010703,3.358605763816984,111.84,364099.0,40720832.16,0.0100000000000051,111.87,111.85
2015-07-27,KMB,17750,KIMBERLY CLARK CORP,,,0.00465,0.3857138768384081,8.899964400146952e-05,2.4422445051882575e-11,-0.005775,4.654066613750656,112.36,364099.0,40910163.64,0.0050000000000025,112.34,112.33
2015-07-28,KMB,17750,KIMBERLY CLARK CORP,,,0.008277,-0.2501172883984512,0.0001765380880924,5.749577814325693e-11,0.012386,3.4900040922935798,113.29,364099.0,41248775.71,0.009999999999998,113.32,113.3
2015-07-29,KMB,17750,KIMBERLY CLARK CORP,,,0.001854,0.0303476725948625,8.810572687229176e-05,1.2476266745678536e-11,0.007319,3.5959175938412358,113.5,364099.0,41325236.5,0.0050000000000025,113.48,113.47
2015-07-30,KMB,17750,KIMBERLY CLARK CORP,,,0.009427,0.3342847540996128,8.728288382652628e-05,4.710042799618317e-11,2.8e-05,4.797978022460924,114.57,364099.0,41714822.43,0.0050000000000025,114.58,114.57
2015-07-31,KMB,17750,KIMBERLY CLARK CORP,,,0.003491,0.1803337151440318,0.000260937635905,1.4725931110644788e-11,-0.002272,5.66047903369707,114.97,364275.0,41880696.75,0.0150000000000005,115.02,114.99
2015-08-03,KMB,17750,KIMBERLY CLARK CORP,,,0.006263,-0.4078912846009959,0.0001728757887457,4.4340703987221777e-11,-0.002757,3.351618969185368,115.69,364275.0,42142974.75,0.009999999999998,115.7,115.68
2015-08-04,KMB,17750,KIMBERLY CLARK CORP,,,0.00268,0.3150884872034079,8.620689655164573e-05,1.4389238876699558e-11,-0.00225,4.407675519868231,116.0,364275.0,42255900.0,0.0049999999999954,115.99,115.98
2015-08-05,KMB,17750,KIMBERLY CLARK CORP,,,0.013879,-0.1078215950862166,8.502678343670526e-05,8.238027481709123e-11,0.003115,3.932432914693569,117.61,364275.0,42842382.75,0.0049999999999954,117.6,117.59
2015-08-06,KMB,17750,KIMBERLY CLARK CORP,,,-0.008078,-0.0441546764473255,8.571918395341263e-05,-5.057123592830695e-11,-0.007753,3.7587976116944617,116.66,364275.0,42496321.5,0.0050000000000025,116.68,116.67
2015-08-07,KMB,17750,KIMBERLY CLARK CORP,,,0.000429,-0.0110996205183035,0.0001713649216005,2.714678294354932e-12,-0.002875,3.717076384599547,116.71,364275.0,42514535.25,0.009999999999998,116.7,116.68
2015-08-10,KMB,17750,KIMBERLY CLARK CORP,,,0.001628,-0.3008305527614439,8.554319931569816e-05,1.4710471561894385e-11,0.012808,2.598866241163956,116.9,364275.0,42583747.5,0.0050000000000025,116.89,116.88
2015-08-11,KMB,17750,KIMBERLY CLARK CORP,,,-0.002224,0.2212723750451568,8.573388203022219e-05,-1.6491548783029348e-11,-0.009557,3.1739235467709834,116.64,364275.0,42489036.0,0.0050000000000025,116.64,116.63
2015-08-12,KMB,17750,KIMBERLY CLARK CORP,,,-0.008488,0.4143391043443889,8.646779074786775e-05,-4.488284279347328e-11,0.00095,4.489004186397639,115.65,364275.0,42128403.75,0.0049999999999954,115.69,115.68
2015-08-13,KMB,17750,KIMBERLY CLARK CORP,,,0.001124,-0.419538022739281,8.637070305756707e-05,1.0227738412399595e-11,-0.001275,2.605696245968019,115.78,364275.0,42175759.5,0.0050000000000025,115.76,115.75
2015-08-14,KMB,17750,KIMBERLY CLARK CORP,,,0.003282,0.0477933817254712,8.608815426989416e-05,2.840881824675856e-11,0.003912,2.730231281312196,116.16,364275.0,42314184.0,0.0049999999999954,116.19,116.18
2015-08-17,KMB,17750,KIMBERLY CLARK CORP,,,0.000603,-0.2917083519765121,8.603630732173376e-05,7.36475236394826e-12,0.005211,1.933800013725894,116.23,364275.0,42339683.25,0.0050000000000025,116.22,116.21
2015-08-18,KMB,17750,KIMBERLY CLARK CORP,,,-0.001635,0.2472861229212064,8.617718028270524e-05,-1.6036257473225535e-11,-0.002626,2.412001921625146,116.04,364275.0,42270471.0,0.0050000000000025,116.01,116.0
2015-08-19,KMB,17750,KIMBERLY CLARK CORP,,,-0.005774,0.3669534002858989,8.667764583518345e-05,-4.1669967424484194e-11,-0.008255,3.297094228261616,115.37,364275.0,42026406.75,0.0050000000000025,115.4,115.39
2015-08-20,KMB,17750,KIMBERLY CLARK CORP,,,-0.011441,-0.1317623177738793,0.0001753616834721,-9.619873017373474e-11,-0.0211,2.862661450826985,114.05,364275.0,41545563.75,0.009999999999998,114.08,114.06
2015-08-21,KMB,17750,KIMBERLY CLARK CORP,,,-0.023148,1.062644083790118,0.0002692756485055,-9.659744675729435e-11,-0.031851,5.904651705442317,111.41,364275.0,40583877.75,0.0150000000000005,111.44,111.41
2015-08-24,KMB,17750,KIMBERLY CLARK CORP,,,-0.045149,0.649065491601954,0.0001880052641473,-1.1965382706175874e-10,-0.039414,9.73715736737355,106.38,364275.0,38751574.5,0.009999999999998,106.42,106.4
2015-08-25,KMB,17750,KIMBERLY CLARK CORP,,,-0.028483,-0.2592208126127888,9.675858732453708e-05,-1.0488778665596323e-10,-0.013522,7.213083522064374,103.35,364275.0,37647821.25,0.0049999999999954,103.38,103.37
2015-08-26,KMB,17750,KIMBERLY CLARK CORP,,,0.027383,-0.1125940326068506,9.4179694857703e-05,1.1060267548530371e-10,0.039034,6.400933360785121,106.18,364275.0,38678719.5,0.0049999999999954,106.21,106.2
2015-08-27,KMB,17750,KIMBERLY CLARK CORP,,,0.014598,-0.0899511086331861,9.282465422821048e-05,6.385858658206836e-11,0.024298,5.8251623086953535,107.73,364275.0,39243345.75,0.0050000000000025,107.72,107.71
2015-08-28,KMB,17750,KIMBERLY CLARK CORP,,,-0.004827,-0.2413541059425691,9.32748810744418e-05,-2.7968262911047657e-11,0.000609,4.419235467709835,107.21,364275.0,39053922.75,0.0049999999999954,107.24,107.23
2015-08-31,KMB,17750,KIMBERLY CLARK CORP,,,-0.006343,-0.1496592469827316,9.387027128499864e-05,-4.3496396779097255e-11,-0.008392,3.757856015373001,106.53,364275.0,38806215.75,0.0049999999999954,106.55,106.54
2015-09-01,KMB,17750,KIMBERLY CLARK CORP,,,-0.023468,0.4101124046948885,0.0001922522349321,-1.1686763225555911e-10,-0.029576,5.298999382334775,104.03,364275.0,37895528.25,0.009999999999998,104.07,104.05
2015-09-02,KMB,17750,KIMBERLY CLARK CORP,,,0.015765,-0.0978115757555977,9.54289531444328e-05,8.638804552895075e-11,0.018293,4.780695902820671,104.79,364275.0,38172377.25,0.0050000000000025,104.81,104.8
2015-09-03,KMB,17750,KIMBERLY CLARK CORP,,,0.008111,-0.339796197274974,0.0001893222264294,6.678016705423605e-11,0.001165,3.156233614714158,105.64,364275.0,38482011.0,0.0100000000000051,105.62,105.6
2015-09-04,KMB,17750,KIMBERLY CLARK CORP,,,-0.020068,0.0516639892427572,0.000193199381762,-1.6032613315113928e-10,-0.01533,3.3192972342323794,103.52,364275.0,37709748.0,0.0100000000000051,103.54,103.52
2015-09-08,KMB,17750,KIMBERLY CLARK CORP,,,0.023764,0.1889661800110327,0.0001887148518589,1.5597342765013863e-10,0.025083,3.946532152906458,105.98,364275.0,38605864.5,0.0100000000000051,106.01,105.99
2015-09-09,KMB,17750,KIMBERLY CLARK CORP,,,-0.019909,-0.1296876858536626,9.627418889000784e-05,-1.5319308929804606e-10,-0.013898,3.4347155308489463,103.87,364275.0,37837244.25,0.0050000000000025,103.89,103.88
2015-09-10,KMB,17750,KIMBERLY CLARK CORP,,,-0.002022,0.0677903516757367,0.0001929384526335,-1.4600368384450855e-11,0.005278,3.667556104591312,103.66,364275.0,37760746.5,0.009999999999998,103.66,103.64
2015-09-11,KMB,17750,KIMBERLY CLARK CORP,,,0.003762,-0.3017098066690169,9.610764055747348e-05,3.875561479631373e-11,0.004487,2.561018461327294,104.05,364275.0,37902813.75,0.0050000000000025,104.04,104.03
2015-09-14,KMB,17750,KIMBERLY CLARK CORP,,,-0.002595,0.0841298510582422,9.635767970712197e-05,-2.4722951513776784e-11,-0.00409,2.776476563036168,103.78,364275.0,37804459.5,0.0050000000000025,103.76,103.75
2015-09-15,KMB,17750,KIMBERLY CLARK CORP,,,0.017923,0.3659072909755874,9.466111321473984e-05,1.2281112518074195e-10,0.012831,3.7924095806739415,105.64,364275.0,38482011.0,0.0050000000000025,105.64,105.63
2015-09-16,KMB,17750,KIMBERLY CLARK CORP,,,0.015335,0.0192539884761271,9.323140033554824e-05,1.0153574651329451e-10,0.008705,3.865428591036992,107.26,364275.0,39072136.5,0.0049999999999954,107.24,107.23
2015-09-17,KMB,17750,KIMBERLY CLARK CORP,,,0.005407,0.0611464271535902,9.272997032645692e-05,3.355630651467872e-11,-0.002561,4.101785738796239,107.84,364275.0,39283416.0,0.0050000000000025,107.89,107.88
2015-09-18,KMB,17750,KIMBERLY CLARK CORP,,,9.3e-05,0.9456216059933956,0.0001854427445527,2.966211272622351e-13,-0.016164,7.980522956557546,107.85,364275.0,39287058.75,0.0100000000000051,107.84,107.82
2015-09-21,KMB,17750,KIMBERLY CLARK CORP,,,0.00853,-0.5666799100823672,9.193711501337792e-05,6.225444417342384e-11,0.004566,3.458120925125249,108.77,364275.0,39622191.75,0.0050000000000025,108.78,108.77
2015-09-22,KMB,17750,KIMBERLY CLARK CORP,,,-0.00855,0.1694219370059864,9.272997032645692e-05,-5.3820218479902375e-11,-0.012318,4.044002470660902,107.84,364275.0,39283416.0,0.0050000000000025,107.86,107.85
2015-09-23,KMB,17750,KIMBERLY CLARK CORP,,,0.000185,0.0179522635152793,9.271277582042376e-05,1.143781639917576e-12,-0.002049,4.116601468670647,107.86,364275.0,39290701.5,0.0049999999999954,107.85,107.84
2015-09-24,KMB,17750,KIMBERLY CLARK CORP,,,0.002874,0.412935665105113,0.0001848941481001,1.2539763763785755e-11,-0.003363,5.816493034108847,108.17,364275.0,39403626.75,0.009999999999998,108.21,108.19
2015-09-25,KMB,17750,KIMBERLY CLARK CORP,,,0.004992,-0.0057862859359741,9.19878576028435e-05,2.179890869320777e-11,-0.000466,5.782837142268891,108.71,364275.0,39600335.25,0.0050000000000025,108.75,108.74
2015-09-28,KMB,17750,KIMBERLY CLARK CORP,,,-0.017478,-0.3409097274539375,0.0001872483849826,-1.1785949864402646e-10,-0.025666,3.811411708187496,106.81,364275.0,38908212.75,0.009999999999998,106.81,106.79
2015-09-29,KMB,17750,KIMBERLY CLARK CORP,,,0.008707,0.4167208056456271,9.281603861151955e-05,4.108583055784494e-11,0.001233,5.399706265870565,107.74,364275.0,39246988.5,0.0050000000000025,107.75,107.74
2015-09-30,KMB,17750,KIMBERLY CLARK CORP,,,0.012066,-0.1613642857215484,9.170946441677472e-05,6.708178683592032e-11,0.019076,4.528386521172191,109.04,364275.0,39720546.0,0.0050000000000025,109.04,109.03
2015-10-01,KMB,17750,KIMBERLY CLARK CORP,,,-0.002751,0.5576826315578893,9.196247930835852e-05,-9.845764151871395e-12,0.001974,7.053789033010775,108.74,364275.0,39611263.5,0.0049999999999954,108.74,108.73
2015-10-02,KMB,17750,KIMBERLY CLARK CORP,,,0.003679,0.1274888412967563,9.162543522086415e-05,1.1635411644779988e-11,0.014315,7.953068423581086,109.14,364275.0,39756973.5,0.0050000000000025,109.14,109.13
2015-10-05,KMB,17750,KIMBERLY CLARK CORP,,,0.026388,-0.1400553794409865,8.926977325469475e-05,9.455322303888484e-11,0.01829,6.839198407796308,112.02,364275.0,40806085.5,0.0049999999999954,112.02,112.01
2015-10-06,KMB,17750,KIMBERLY CLARK CORP,,,-0.00491,-0.5515738662066214,8.971023593796641e-05,-3.942738796003439e-11,-0.003588,3.066875300253929,111.47,364275.0,40605734.25,0.0050000000000025,111.48,111.47
2015-10-07,KMB,17750,KIMBERLY CLARK CORP,,,0.005024,0.3205688220224743,8.92618048737402e-05,3.0396863305371596e-11,0.008036,4.050019902546153,112.03,364275.0,40809728.25,0.0050000000000025,112.04,112.03
2015-10-08,KMB,17750,KIMBERLY CLARK CORP,,,0.015799,-0.2983920109589709,0.0001757469244289,1.3412393519887348e-10,0.008818,2.841526319401551,113.8,364275.0,41454495.0,0.0100000000000051,113.79,113.77
2015-10-09,KMB,17750,KIMBERLY CLARK CORP,,,0.008172,0.3646566457056681,0.0001743223219732,5.042511762986573e-11,0.000725,3.8777077757188936,114.73,364275.0,41793270.75,0.009999999999998,114.78,114.76
2015-10-12,KMB,17750,KIMBERLY CLARK CORP,,,0.006101,-0.2696828152167141,8.663259118084654e-05,5.1234955694934845e-11,0.001276,2.8319566261752795,115.43,364275.0,42048263.25,0.0050000000000025,115.42,115.41
2015-10-13,KMB,17750,KIMBERLY CLARK CORP,,,-0.003292,-0.0439487364907896,0.0001738374619731,-2.9011892488960847e-11,-0.006825,2.7074957106581565,115.05,364275.0,41909838.75,0.0100000000000051,115.04,115.02
2015-10-14,KMB,17750,KIMBERLY CLARK CORP,,,-0.002955,0.3967998718407581,8.71763577718169e-05,-1.8699279573381107e-11,-0.004716,3.7818296616567153,114.71,364275.0,41785985.25,0.0050000000000025,114.68,114.67
2015-10-15,KMB,17750,KIMBERLY CLARK CORP,,,0.012379,0.0944813759322196,8.611039352454246e-05,7.069707249170409e-11,0.014853,4.139142131631322,116.13,364275.0,42303255.75,0.0050000000000025,116.14,116.13
2015-10-16,KMB,17750,KIMBERLY CLARK CORP,,,0.009903,-0.1888271943100679,8.526603001368619e-05,6.903824338042249e-11,0.00457,3.357559536064786,117.28,364275.0,42722172.0,0.0050000000000025,117.29,117.28
2015-10-19,KMB,17750,KIMBERLY CLARK CORP,,,0.00145,0.1220685567115671,0.0001702852277564,8.995856094873319e-12,0.000271,3.7674119827053736,117.45,364275.0,42784098.75,0.009999999999998,117.53,117.51
2015-10-20,KMB,17750,KIMBERLY CLARK CORP,,,-0.001958,0.40725633100015,0.000170619348234,-8.64898766317782e-12,-0.001421,5.301714364147965,117.22,364275.0,42700315.5,0.009999999999998,117.27,117.25
2015-10-21,KMB,17750,KIMBERLY CLARK CORP,,,0.007422,0.1867961281677144,0.0001693623507493,2.742117205871494e-11,-0.005825,6.292054080021962,118.09,364275.0,43017234.75,0.009999999999998,118.14,118.12
2015-10-22,KMB,17750,KIMBERLY CLARK CORP,,,0.022949,0.1053263514828288,8.27814569535671e-05,7.498674359585303e-11,0.016628,6.954773179603322,120.8,364275.0,44004420.0,0.0049999999999954,120.8,120.79
2015-10-23,KMB,17750,KIMBERLY CLARK CORP,,,0.003642,-0.1010175847164933,8.248102936317144e-05,1.3189565214416496e-11,0.01103,6.252218790748747,121.24,364275.0,44164701.0,0.0049999999999954,121.21,121.2
2015-10-26,KMB,17750,KIMBERLY CLARK CORP,,,0.000825,-0.3677427314802415,8.241305422783185e-05,4.7216369733480516e-12,-0.001913,3.953010774826711,121.34,364275.0,44201128.5,0.0050000000000025,121.33,121.32
2015-10-27,KMB,17750,KIMBERLY CLARK CORP,,,-0.002472,-0.1892758456176219,8.261731658948203e-05,-1.7493998059786534e-11,-0.002554,3.2048013176858143,121.04,364275.0,44091846.0,0.0049999999999954,121.02,121.01
2015-10-28,KMB,17750,KIMBERLY CLARK CORP,,,-0.001487,-0.0175154120721688,0.000165480721496,-1.072684869516022e-11,0.01184,3.148667901997117,120.86,364275.0,44026276.5,0.0100000000000051,120.84,120.82
2015-10-29,KMB,17750,KIMBERLY CLARK CORP,,,0.007529,0.0410922238467768,8.212203334158756e-05,5.177875033840988e-11,-0.00045,3.2780536682451444,121.77,364275.0,44357766.75,0.0050000000000025,121.79,121.78
2015-10-30,KMB,17750,KIMBERLY CLARK CORP,,,-0.016917,1.0284428693096883,8.353521009109612e-05,-5.834245658310661e-11,-0.00481,6.672810018898384,119.71,362994.0,43454011.74,0.0050000000000025,119.72,119.71
2015-11-02,KMB,17750,KIMBERLY CLARK CORP,,,0.015454,-0.3068801373963231,0.000164527805199,7.572402063612391e-11,0.011874,4.625057163479286,121.56,362994.0,44125550.64,0.009999999999998,121.55,121.53
2015-11-03,KMB,17750,KIMBERLY CLARK CORP,,,-0.00436,-0.3105342409290069,8.262414277456099e-05,-3.1121763776144346e-11,0.002728,3.18881854796498,121.03,362994.0,43933163.82,0.0050000000000025,121.03,121.02
2015-11-04,KMB,17750,KIMBERLY CLARK CORP,,,-0.009667,0.2351082743999681,8.343066911400897e-05,-5.6413514937045535e-11,-0.003545,3.938536174151639,119.86,362994.0,43508460.84,0.0050000000000025,119.9,119.89
2015-11-05,KMB,17750,KIMBERLY CLARK CORP,,,0.000167,0.2378165514298804,8.341675008345943e-05,7.871892707216343e-13,-0.001132,4.8751852647702165,119.88,362994.0,43515720.72,0.0050000000000025,119.87,119.86
2015-11-06,KMB,17750,KIMBERLY CLARK CORP,,,-0.010844,-0.1951908357692962,8.43312531623453e-05,-6.42088037974826e-11,-0.000348,3.9235937784095607,118.58,362994.0,43043828.52,0.0049999999999954,118.57,118.56
2015-11-09,KMB,17750,KIMBERLY CLARK CORP,,,-0.004723,-0.1909929569504037,8.473140145730304e-05,-3.4731740619482393e-11,-0.009823,3.1742150007989114,118.02,362994.0,42840551.88,0.0049999999999954,118.05,118.04
2015-11-10,KMB,17750,KIMBERLY CLARK CORP,,,0.007626,-0.1382486519513184,0.00016818028927,6.458388150871783e-11,0.001511,2.735384055934809,118.92,362994.0,43167246.48,0.009999999999998,118.95,118.93
2015-11-11,KMB,17750,KIMBERLY CLARK CORP,,,0.0037,-0.0959042347481388,8.378016085783266e-05,3.453112449056176e-11,-0.003228,2.473049141308121,119.36,362994.0,43326963.84,0.0049999999999954,119.38,119.37
2015-11-12,KMB,17750,KIMBERLY CLARK CORP,,,-0.013991,0.162597387551771,8.496898632003668e-05,-1.1390627725757329e-10,-0.01399,2.875160470971972,117.69,362994.0,42720763.86,0.0050000000000025,117.72,117.71
2015-11-13,KMB,17750,KIMBERLY CLARK CORP,,,-0.003144,0.2483189066233833,0.0001704739174905,-2.056948409884197e-11,-0.011207,3.589117175490504,117.32,362994.0,42586456.08,0.009999999999998,117.31,117.29
2015-11-16,KMB,17750,KIMBERLY CLARK CORP,,,0.018837,0.2373329403420865,8.366100560533018e-05,9.775999251793997e-11,0.014903,4.44093290798195,119.53,362994.0,43388672.82,0.0050000000000025,119.54,119.53
2015-11-17,KMB,17750,KIMBERLY CLARK CORP,,,-0.002928,-0.0332753940368429,0.0002517200872629,-1.5764901437999347e-11,-0.001339,4.293159115577668,119.18,362994.0,43261624.92,0.0150000000000005,119.16,119.13
2015-11-18,KMB,17750,KIMBERLY CLARK CORP,,,0.014768,-0.0954279125071949,0.0001653712584752,8.662277759951006e-11,0.016162,3.883471903116856,120.94,362994.0,43900494.36,0.009999999999998,120.96,120.94
2015-11-19,KMB,17750,KIMBERLY CLARK CORP,,,0.005953,-0.1243071994506542,8.219628472797236e-05,3.9638451236781015e-11,-0.001123,3.400728386695097,121.66,362994.0,44161850.04,0.0050000000000025,121.67,121.66
2015-11-20,KMB,17750,KIMBERLY CLARK CORP,,,-0.011754,0.7106543512706935,0.0001663478333194,-4.629554272531801e-11,0.00381,5.817470812189733,120.23,362994.0,43642768.620000005,0.009999999999998,120.28,120.26
2015-11-23,KMB,17750,KIMBERLY CLARK CORP,,,0.011312,-0.543654493734216,8.22436055597098e-05,9.654151285411172e-11,-0.001235,2.654776662975145,121.59,362994.0,44136440.46,0.0050000000000025,121.58,121.57
2015-11-24,KMB,17750,KIMBERLY CLARK CORP,,,-0.003948,0.129478202036386,0.0001651391297167,-2.9949656670813536e-11,0.001222,2.998512372105324,121.11,362994.0,43962203.34,0.009999999999998,121.14,121.12
2015-11-25,KMB,17750,KIMBERLY CLARK CORP,,,-0.005284,-0.0032018242588948,8.300821781360601e-05,-4.042698677706764e-11,-0.000129,2.988911662451721,120.47,362994.0,43729887.18,0.0050000000000025,120.48,120.47
2015-11-27,KMB,17750,KIMBERLY CLARK CORP,,,0.003154,-0.5144600200745283,0.0002482416218452,4.954245368489396e-11,0.000594,1.4512361085858168,120.85,362994.0,43867824.9,0.0150000000000005,120.89,120.86
2015-11-30,KMB,17750,KIMBERLY CLARK CORP,,,-0.014067,3.87016837829116,8.392782207294087e-05,-4.601780951579824e-11,-0.004641,7.067764205468961,119.15,362994.0,43250735.1,0.0049999999999954,119.16,119.15
2015-12-01,KMB,17750,KIMBERLY CLARK CORP,,,0.016618,-0.2844093054293104,8.255593164361352e-05,7.47275690050165e-11,0.010681,5.057626296853392,121.13,362994.0,43969463.22,0.0049999999999954,121.13,121.12
2015-12-02,KMB,17750,KIMBERLY CLARK CORP,,,-0.003963,-0.276961884385104,0.0001669867245553,-2.492692158579564e-11,-0.010996,3.656856587161221,119.77,362994.0,43475791.38,0.009999999999998,119.8,119.78
2015-12-03,KMB,17750,KIMBERLY CLARK CORP,,,-0.012691,0.6508308994084,8.456659619454644e-05,-4.8976159908678726e-11,-0.014374,6.0368518487908895,118.25,362994.0,42924040.5,0.0050000000000025,118.26,118.25
2015-12-04,KMB,17750,KIMBERLY CLARK CORP,,,0.025793,0.1285902102867604,8.244023083257135e-05,8.597947997257102e-11,0.020526,6.813131897496929,121.3,362994.0,44031172.2,0.0049999999999954,121.27,121.26
2015-12-07,KMB,17750,KIMBERLY CLARK CORP,,,0.006678,-0.1963337088365089,8.18933748259021e-05,2.751523253986136e-11,-0.00699,5.475484443269035,122.11,362994.0,44325197.34,0.0049999999999954,122.1,122.09
2015-12-08,KMB,17750,KIMBERLY CLARK CORP,,,-0.004504,-0.2691973306070534,8.22639025995814e-05,-2.5508538079222668e-11,-0.00649,4.001498647360562,121.56,362994.0,44125550.64,0.0050000000000025,121.58,121.57
2015-12-09,KMB,17750,KIMBERLY CLARK CORP,,,-0.01053,-0.1038264533362707,0.0001662786830729,-6.725440123978844e-11,-0.007739,3.5860372347752305,120.28,362994.0,43660918.32,0.0100000000000051,120.29,120.27
2015-12-10,KMB,17750,KIMBERLY CLARK CORP,,,0.000416,0.2236511972712815,0.0001662095902934,2.170438743716023e-12,0.002251,4.388058755792107,120.33,362994.0,43679068.02,0.0100000000000051,120.34,120.32
2015-12-11,KMB,17750,KIMBERLY CLARK CORP,,,-0.009391,-0.23135797152129,8.389261744958812e-05,-6.434867028307063e-11,-0.019423,3.3728463831358093,119.2,362994.0,43268884.8,0.0049999999999954,119.19,119.18
2015-12-14,KMB,17750,KIMBERLY CLARK CORP,,,0.028943,0.8675815123950135,0.0001630656339176,1.0320492386209536e-10,0.004756,6.299065549292826,122.65,362994.0,44521214.1,0.009999999999998,122.69,122.67
2015-12-15,KMB,17750,KIMBERLY CLARK CORP,,,0.014594,-0.0603291547909204,0.0001607200257151,5.458370521371774e-11,0.010619,5.919048248731384,124.44,362994.0,45170973.36,0.009999999999998,124.44,124.42
2015-12-16,KMB,17750,KIMBERLY CLARK CORP,,,0.011893,-0.2218950292262933,0.000158831003812,5.649463244653884e-11,0.014515,4.6056408645872935,125.92,362994.0,45708204.48,0.0100000000000051,125.9,125.88
2015-12-17,KMB,17750,KIMBERLY CLARK CORP,,,-0.000635,0.2064522496441003,7.946598855693829e-05,-2.501815977206911e-12,-0.015041,5.55648578213414,125.84,362994.0,45679164.96,0.0050000000000025,126.01,126.0
2015-12-18,KMB,17750,KIMBERLY CLARK CORP,,,-0.018277,0.3270622135866108,8.094544277149833e-05,-5.527215244511305e-11,-0.017797,7.373802321801462,123.54,362994.0,44844278.760000005,0.0049999999999954,123.55,123.54
2015-12-21,KMB,17750,KIMBERLY CLARK CORP,,,0.01117,-0.3429478533956301,0.0001601024655779,5.084291260416592e-11,0.007778,4.844972644175937,124.92,362994.0,45345210.48,0.009999999999998,124.95,124.93
2015-12-22,KMB,17750,KIMBERLY CLARK CORP,,,0.011607,0.0654547460163665,0.0001582654110944,4.9017393605138456e-11,0.008817,5.162099098056717,126.37,362994.0,45871551.78,0.0100000000000051,126.43,126.41
2015-12-23,KMB,17750,KIMBERLY CLARK CORP,,,0.00546,-0.2777494635264709,0.0001574059499448,3.1751930442032734e-11,0.012418,3.728328842900984,127.06,362994.0,46122017.64,0.009999999999998,127.06,127.04
2015-12-24,KMB,17750,KIMBERLY CLARK CORP,,,-0.001417,-0.4905254399971626,0.0003152585119798,-1.6197221457898292e-11,-0.001599,1.899488696782867,126.88,362994.0,46056678.72,0.0200000000000031,126.86,126.82
2015-12-28,KMB,17750,KIMBERLY CLARK CORP,,,0.01064,1.7029062962742727,0.0001559697418701,4.4523042630520487e-11,-0.002179,5.134139958236224,128.23,362994.0,46546720.62,0.0100000000000051,128.25,128.23
2015-12-29,KMB,17750,KIMBERLY CLARK CORP,,,0.010216,-0.1602221862118774,7.711904254421921e-05,5.039012993786312e-11,0.01063,4.311536829809859,129.53999,362994.0,47022239.13006,0.0049949999999938,129.5,129.49001
2015-12-30,KMB,17750,KIMBERLY CLARK CORP,,,-0.000849,0.0130199314787529,7.718458450020858e-05,-4.137359277027956e-12,-0.007217,4.367672743902103,129.42999,362994.0,46982309.79006,0.004995000000008,129.42999,129.42
2015-12-31,KMB,17750,KIMBERLY CLARK CORP,,,-0.016457,-0.0928714381316467,7.855459544387366e-05,-8.988844902465845e-11,-0.009412,3.962040694887519,127.3,362994.0,46209136.2,0.0050000000000025,127.29,127.28
2016-01-04,KMB,17750,KIMBERLY CLARK CORP,,,-0.006441,0.9074347950941352,7.906388361800376e-05,-1.8563649633203823e-11,-0.015304,7.5573342810074,126.48,362994.0,45911481.120000005,0.0050000000000025,126.54,126.53
2016-01-05,KMB,17750,KIMBERLY CLARK CORP,,,0.020557,0.1800644997369924,0.0002324140068172,4.919567847003124e-11,0.002012,8.91814189766222,129.08,362994.0,46855265.52,0.0149999999999863,129.14,129.11
2016-01-06,KMB,17750,KIMBERLY CLARK CORP,,,-0.000465,0.2140507692992037,7.742985583620935e-05,-9.170335865823752e-13,-0.013115,10.82707703157628,129.02,362994.0,46833485.88,0.0049949999999938,129.0,128.99001
2016-01-07,KMB,17750,KIMBERLY CLARK CORP,,,-0.016742,-0.193714562547517,7.882705344478256e-05,-4.164694423159669e-11,-0.0237,8.729714540736211,126.86,362994.0,46049418.84,0.0050000000000025,126.87,126.86
2016-01-08,KMB,17750,KIMBERLY CLARK CORP,,,-0.012849,-0.1603725534376366,0.000159706140701,-3.856335697179178e-11,-0.010838,7.329707929056679,125.23,362994.0,45457738.620000005,0.009999999999998,125.21,125.19
2016-01-11,KMB,17750,KIMBERLY CLARK CORP,,,0.003833,-0.274955273919057,7.954816641480483e-05,1.5805858113299996e-11,0.000853,5.314366077676215,125.71,362994.0,45631975.74,0.0050000000000025,125.72,125.71
2016-01-12,KMB,17750,KIMBERLY CLARK CORP,,,0.003341,-0.177739371504492,7.928327915646648e-05,1.6699277060060748e-11,0.007803,4.369793991085252,126.13,362994.0,45784433.22,0.0050000000000025,126.17,126.16
2016-01-13,KMB,17750,KIMBERLY CLARK CORP,,,-0.005312,0.2138703033459021,7.970667941966289e-05,-2.198973960803148e-11,-0.024965,5.304363157517755,125.46,362994.0,45541227.24,0.0049999999999954,125.49,125.48
2016-01-14,KMB,17750,KIMBERLY CLARK CORP,,,0.013949,0.2384749139422848,0.0001572203443125,4.5983488021923294e-11,0.016696,6.569320705025428,127.21,362994.0,46176466.74,0.009999999999998,127.19,127.17
2016-01-15,KMB,17750,KIMBERLY CLARK CORP,,,-0.014543,0.2746139433302692,7.977026164638565e-05,-3.8167739992085526e-11,-0.021599,8.373347768833645,125.36,362994.0,45504927.84,0.0049999999999954,125.35,125.34
2016-01-19,KMB,17750,KIMBERLY CLARK CORP,,,0.004148,-0.1386548663831747,7.944073721008196e-05,1.2586536322720088e-11,0.000532,7.212342352766162,125.88,362994.0,45693684.72,0.0050000000000025,125.86,125.85
2016-01-20,KMB,17750,KIMBERLY CLARK CORP,,,-0.017397,0.1190048116203095,8.084727948897166e-05,-4.80100369221872e-11,-0.011694,8.070645795798278,123.69,362994.0,44898727.86,0.0049999999999954,123.74,123.73
2016-01-21,KMB,17750,KIMBERLY CLARK CORP,,,0.010187,-0.2337991313478036,8.003201280504925e-05,3.632115677462716e-11,0.005195,6.183735819324838,124.95,362994.0,45356100.3,0.0049999999999954,124.94,124.93
2016-01-22,KMB,17750,KIMBERLY CLARK CORP,,,0.014166,0.0572006705695609,0.0001578282828283,4.710795692778832e-11,0.020284,6.537449654815231,126.72,362994.0,45998599.68,0.0100000000000051,126.73,126.71
2016-01-25,KMB,17750,KIMBERLY CLARK CORP,,,-0.031802,1.1601935058395192,0.0002445187056809,-5.0564394002192056e-11,-0.015638,14.122156289084668,122.69,362994.0,44535733.86,0.0150000000000005,122.66,122.63
2016-01-26,KMB,17750,KIMBERLY CLARK CORP,,,0.017931,-0.5669447382476653,0.000160140924013,6.467449780422066e-11,0.014144,6.115674088276942,124.89,362994.0,45334320.66,0.009999999999998,124.92,124.9
2016-01-27,KMB,17750,KIMBERLY CLARK CORP,,,-0.005525,0.1118582240254635,0.0001610305958132,-1.802260207578244e-11,-0.010863,6.799762530510146,124.2,362994.0,45083854.8,0.0100000000000051,124.23,124.21
2016-01-28,KMB,17750,KIMBERLY CLARK CORP,,,0.016667,-0.3898041262048404,7.91953749901411e-05,8.763847177600914e-11,0.005529,4.149187038904224,126.27,362994.0,45835252.38,0.0050000000000025,126.25,126.24
2016-01-29,KMB,17750,KIMBERLY CLARK CORP,,,0.017027,1.292753613565894,0.0001557389814671,3.839596832257252e-11,0.02476,9.568259905791075,128.42,360900.0,46346777.99999999,0.0100000000000051,128.44,128.42
2016-02-01,KMB,17750,KIMBERLY CLARK CORP,,,0.004594,-0.4203797363882908,0.0001550267541297,1.7791159101601516e-11,-0.000443,5.545957328899973,129.00999,360900.0,46559705.391,0.0100000000000051,129.0,128.98
2016-02-02,KMB,17750,KIMBERLY CLARK CORP,,,-0.007751,0.0330186416831872,0.0001563159250306,-2.928480311928228e-11,-0.018743,5.729077306733167,128.00999,360900.0,46198805.391,0.0100050000000067,128.03,128.00999
2016-02-03,KMB,17750,KIMBERLY CLARK CORP,,,0.018436,0.1947892847055363,7.662805860256311e-05,5.724349612556723e-11,0.004992,6.845040177334441,130.37,360900.0,47050533.0,0.004995000000008,130.36,130.35001
2016-02-04,KMB,17750,KIMBERLY CLARK CORP,,,-0.012426,0.0489787987653695,0.0001552621359221,-3.724384557796753e-11,0.001527,7.180302022720976,128.75,360900.0,46465875.0,0.0099949999999893,128.73,128.71001
2016-02-05,KMB,17750,KIMBERLY CLARK CORP,,,0.003107,-0.2929947120655437,7.735192236574042e-05,1.3130903813561315e-11,-0.018481,5.076511499030202,129.14999,360900.0,46610231.391,0.004995000000008,129.14999,129.14
2016-02-08,KMB,17750,KIMBERLY CLARK CORP,,,0.002168,0.0959165728314792,0.0001545236926929,8.342469151176696e-12,-0.014154,5.563433083956775,129.42999,360900.0,46711283.391,0.0100000000000051,129.47,129.45
2016-02-09,KMB,17750,KIMBERLY CLARK CORP,,,0.010508,0.1910219075893882,0.0002293753520433,3.3596656320804676e-11,-0.000664,6.626170684400111,130.78999,360900.0,47202107.391,0.0150000000000005,130.86,130.83
2016-02-10,KMB,17750,KIMBERLY CLARK CORP,,,-0.006346,-0.3692228562109405,0.0001539704405992,-3.237165345937865e-11,-0.000189,4.1796370185647,129.96001,360900.0,46902567.609000005,0.0100049999999924,129.95,129.92999
2016-02-11,KMB,17750,KIMBERLY CLARK CORP,,,-0.027239,0.6484983403284605,0.0002373042240151,-8.664857211882581e-11,-0.012301,6.890124688279302,126.42,360900.0,45624978.0,0.0150000000000005,126.4,126.37
2016-02-12,KMB,17750,KIMBERLY CLARK CORP,,,0.017481,-0.1458800327831142,0.0003109694472517,6.398691398215786e-11,0.019518,5.884993072873372,128.63,360900.0,46422567.0,0.019999999999996,128.63,128.59
2016-02-16,KMB,17750,KIMBERLY CLARK CORP,,,0.000622,-0.1921400032204997,7.777172886570749e-05,2.81649587248328e-12,0.016517,4.754250484898864,128.71001,360900.0,46451442.609000005,0.0050050000000112,128.71001,128.7
2016-02-17,KMB,17750,KIMBERLY CLARK CORP,,,0.013907,0.0234402547136656,0.0001532567049809,6.068641833070377e-11,0.01648,4.865691327237462,130.5,360900.0,47097450.0,0.0100000000000051,130.5,130.48
2016-02-18,KMB,17750,KIMBERLY CLARK CORP,,,-0.005747,-0.1425444241207999,0.0001540655105971,-2.9416484187979456e-11,-0.004666,4.172114159046828,129.75,360900.0,46826775.0,0.0099949999999893,129.78999,129.77
2016-02-19,KMB,17750,KIMBERLY CLARK CORP,,,0.005241,-0.1971394339968493,0.0001533389675182,3.323942528466509e-11,-2.6e-05,3.349625935162095,130.42999,360900.0,47072183.391,0.0100000000000051,130.41,130.39
2016-02-22,KMB,17750,KIMBERLY CLARK CORP,,,0.007207,0.3365280259413672,7.61970008372846e-05,3.395447810628335e-11,0.014454,4.4768689387642,131.37,360900.0,47411433.0,0.005004999999997,131.35001,131.34
2016-02-23,KMB,17750,KIMBERLY CLARK CORP,,,0.001218,-0.3814013970398007,7.60282825210287e-05,9.265146073342515e-12,-0.012454,2.7693848711554447,131.53,360900.0,47469177.0,0.0049999999999954,131.53,131.52
2016-02-24,KMB,17750,KIMBERLY CLARK CORP,,,0.006234,0.4326568754871327,0.0001511900150214,3.2895041126479416e-11,0.00444,3.967578276530895,132.35001,360900.0,47765118.609,0.0100049999999924,132.35001,132.33
2016-02-25,KMB,17750,KIMBERLY CLARK CORP,,,0.008689,-0.1061988310628053,7.498127340840825e-05,5.085518370138712e-11,0.011348,3.5462261014131338,133.5,360900.0,48180150.0,0.0050050000000112,133.52,133.50999
2016-02-26,KMB,17750,KIMBERLY CLARK CORP,,,-0.016479,0.2378583768351028,0.0001522467631376,-7.922128154125449e-11,-0.00187,4.389725685785536,131.3,360900.0,47386170.00000001,0.0099949999999893,131.28999,131.27
2016-02-29,KMB,17750,KIMBERLY CLARK CORP,,,-0.007616,0.4155942362704923,7.682271680754029e-05,-2.606270389381799e-11,-0.008121,6.21407037960654,130.3,360900.0,47025270.00000001,0.0050050000000112,130.27,130.25999
2016-03-01,KMB,17750,KIMBERLY CLARK CORP,,,0.010284,-0.2429839948846414,7.596475235483824e-05,4.6015705296600325e-11,0.023869,4.704150734275423,131.64,360900.0,47508875.99999999,0.0049999999999954,131.59,131.58
2016-03-02,KMB,17750,KIMBERLY CLARK CORP,,,0.006457,-0.021594743091944,0.000152086330312,2.954520378748329e-11,0.004094,4.602565807702965,131.57001,360900.0,47483616.609,0.0100050000000067,131.56,131.53999
2016-03-03,KMB,17750,KIMBERLY CLARK CORP,,,0.000456,-0.0810618000729651,0.0001518650763504,2.269534385900404e-12,0.003499,4.229473538376282,131.63,360900.0,47505267.0,0.0099950000000035,131.64999,131.63
2016-03-04,KMB,17750,KIMBERLY CLARK CORP,,,0.006913,0.1860035625913496,0.000150897853546,2.8811139522250703e-11,0.003306,5.016170684400111,132.53999,360900.0,47833682.391,0.0100000000000051,132.58,132.56
2016-03-07,KMB,17750,KIMBERLY CLARK CORP,,,-0.007168,-0.006251878104396,7.591762291979749e-05,-3.027886565512741e-11,0.000885,4.984810196730396,131.59,360900.0,47490831.0,0.004995000000008,131.58,131.57001
2016-03-08,KMB,17750,KIMBERLY CLARK CORP,,,0.005776,0.6197575566225575,7.555722889624946e-05,1.4976753528777852e-11,-0.01124,8.074183984483236,132.35001,360900.0,47765118.609,0.0049999999999954,132.34,132.33
2016-03-09,KMB,17750,KIMBERLY CLARK CORP,,,-0.002871,-0.333431366728518,0.0001516253694022,-1.1200246455232098e-11,0.005052,5.381997783319479,131.97,360900.0,47627973.0,0.0100050000000067,131.96001,131.94
2016-03-10,KMB,17750,KIMBERLY CLARK CORP,,,-0.000682,-0.052433556446452,7.575068243870301e-05,-2.809735036669793e-12,0.000156,5.099800498753117,131.88,360900.0,47595492.0,0.004995000000008,131.89999,131.89
2016-03-11,KMB,17750,KIMBERLY CLARK CORP,,,0.00963,-0.0721400171038805,0.000150206545265,4.2350899137170246e-11,0.016396,4.731900803546689,133.14999,360900.0,48053831.391,0.0099999999999909,133.14,133.12
2016-03-14,KMB,17750,KIMBERLY CLARK CORP,,,0.011791,0.1031009935335702,0.0002226098574821,4.646016797237893e-11,-0.001261,5.219764477694652,134.72,360900.0,48620448.0,0.0149949999999989,134.75999,134.73
2016-03-15,KMB,17750,KIMBERLY CLARK CORP,,,-0.000668,-0.2270225335529587,0.0001484810220605,-3.407453935098904e-12,-0.001837,4.034760321418675,134.63,360900.0,48587967.0,0.0099950000000035,134.62,134.60001
2016-03-16,KMB,17750,KIMBERLY CLARK CORP,,,0.004457,-0.005535163050383,0.0002217703172372,2.2760171549709425e-11,0.0056,4.012427265170407,135.23,360900.0,48804507.0,0.0149949999999989,135.27,135.24001
2016-03-17,KMB,17750,KIMBERLY CLARK CORP,,,0.005768,-0.092057441379477,0.0001471215459983,3.225536899850083e-11,0.006595,3.643053477417568,136.00999,360900.0,49086005.391,0.0100050000000067,136.03,136.00999
2016-03-18,KMB,17750,KIMBERLY CLARK CORP,,,-0.003456,2.468034147209643,7.377896368437762e-05,-5.592042855792788e-12,0.004406,12.634233859794955,135.53999,360900.0,48916382.391,0.0049999999999954,135.62,135.61
2016-03-21,KMB,17750,KIMBERLY CLARK CORP,,,-0.002066,-0.6108217764565393,7.393169258692764e-05,-8.607492270349929e-12,0.000986,4.916968689387642,135.25999,360900.0,48815330.391,0.0049999999999954,135.28,135.27
2016-03-22,KMB,17750,KIMBERLY CLARK CORP,,,-0.011977,0.0898821887887186,7.482789583950095e-05,-4.633911150794831e-11,-0.000877,5.3589165973954005,133.64,360900.0,48230675.99999999,0.0049999999999954,133.63,133.62
2016-03-23,KMB,17750,KIMBERLY CLARK CORP,,,0.002544,0.1513567762287406,0.0002239140170174,8.527138797536987e-12,-0.006386,6.17002493765586,133.98,360900.0,48353382.0,0.0150000000000005,134.23,134.2
2016-03-24,KMB,17750,KIMBERLY CLARK CORP,,,-0.003209,-0.5069019500063321,7.480344440296631e-05,-2.1883598505877635e-11,-0.000378,3.0424272651704074,133.55,360900.0,48198195.00000001,0.004995000000008,133.58,133.57001
2016-03-28,KMB,17750,KIMBERLY CLARK CORP,,,0.005167,0.1717476676029041,7.441894558848535e-05,2.991681125698894e-11,0.000545,3.564957051814907,134.24001,360900.0,48447219.609000005,0.0049949999999938,134.25999,134.25
2016-03-29,KMB,17750,KIMBERLY CLARK CORP,,,0.005587,0.0309087644655303,7.400547640516309e-05,3.1204384869515765e-11,0.008817,3.6751454696591854,134.99001,360900.0,48717894.609000005,0.0049949999999938,135.00999,135.0
2016-03-30,KMB,17750,KIMBERLY CLARK CORP,,,0.005334,-0.1482410506951356,7.368653203983188e-05,3.4790687220749276e-11,0.00435,3.13033804377944,135.71001,360900.0,48977742.609000005,0.0049999999999954,135.73,135.72
2016-03-31,KMB,17750,KIMBERLY CLARK CORP,,,-0.008842,0.0764415497738857,7.441826439822427e-05,-5.4053945065509285e-11,-0.00204,3.371774752543877,134.50999,360670.0,48513718.09329999,0.0050050000000112,134.55,134.53999
2016-04-01,KMB,17750,KIMBERLY CLARK CORP,,,0.012564,0.1446684395501021,0.0002202643171806,6.626779760712048e-11,0.006331,3.859564144508831,136.2,360670.0,49123253.99999999,0.0150000000000005,136.24001,136.21001
2016-04-04,KMB,17750,KIMBERLY CLARK CORP,,,0.000441,-0.1696013516959775,7.331572532764557e-05,2.7998535795574337e-12,-0.003208,3.204976848642804,136.25999,360670.0,49144890.59329999,0.0049949999999938,136.25999,136.25
2016-04-05,KMB,17750,KIMBERLY CLARK CORP,,,-7.3e-05,0.1847424474820902,0.0001467889908257,-3.9122579683952533e-13,-0.010145,3.797072115784512,136.25,360670.0,49141287.5,0.0100000000000051,136.27,136.25
2016-04-06,KMB,17750,KIMBERLY CLARK CORP,,,0.007486,-0.0441266456856201,0.0001456982589058,4.1659587771401596e-11,0.010508,3.6295200598885407,137.27,360670.0,49509170.900000006,0.0100000000000051,137.27,137.25
2016-04-07,KMB,17750,KIMBERLY CLARK CORP,,,-0.004517,-0.2236217007789565,0.0001462861431603,-3.252429396039066e-11,-0.011976,2.817880611084925,136.64999,360670.0,49285551.8933,0.0099950000000035,136.67999,136.66
2016-04-08,KMB,17750,KIMBERLY CLARK CORP,,,0.006147,0.0311376774161808,0.000145392381599,4.266215652526353e-11,0.002787,2.905622868550198,137.49001,360670.0,49588521.90670001,0.0099949999999893,137.48,137.46001
2016-04-11,KMB,17750,KIMBERLY CLARK CORP,,,-0.001746,0.6109081262744867,7.278688524581225e-05,-7.535496095161275e-12,-0.00274,4.680691490836499,137.25,360670.0,49501957.5,0.0049949999999938,137.25,137.24001
2016-04-12,KMB,17750,KIMBERLY CLARK CORP,,,0.006412,-0.1280925964867594,7.232317382187904e-05,3.153661668070084e-11,0.009662,4.08112956442177,138.13,360670.0,49819347.1,0.004995000000008,138.11,138.10001
2016-04-13,KMB,17750,KIMBERLY CLARK CORP,,,-0.017882,0.352296049909609,0.0001475011057055,-6.622196995510482e-11,0.01004,5.518895389136884,135.66,360670.0,48928492.2,0.0100050000000067,135.71001,135.69
2016-04-14,KMB,17750,KIMBERLY CLARK CORP,,,0.002801,0.0250886711881437,7.34342894320099e-05,1.0090737338354722e-11,0.000173,5.657357140876702,136.03999,360670.0,49065543.1933,0.0049949999999938,136.00999,136.0
2016-04-15,KMB,17750,KIMBERLY CLARK CORP,,,0.003161,-0.3037169942350641,7.327617791449333e-05,1.630338907640153e-11,-0.000984,3.9391216347353537,136.47,360670.0,49220634.9,0.0049999999999954,136.45,136.44
2016-04-18,KMB,17750,KIMBERLY CLARK CORP,,,0.001319,-0.1018073192311238,7.317966141081243e-05,7.564082696889575e-12,0.006541,3.538090220977625,136.64999,360670.0,49285551.8933,0.0049999999999954,136.63,136.62
2016-04-19,KMB,17750,KIMBERLY CLARK CORP,,,0.003366,0.297943002140143,0.0002188024214132,1.4822123805286064e-11,0.003085,4.59223944325838,137.11,360670.0,49451463.7,0.0149999999999863,137.14,137.11
2016-04-20,KMB,17750,KIMBERLY CLARK CORP,,,-0.010648,-0.0588474312662751,7.379285468428033e-05,-5.0356287007974535e-11,0.000762,4.321997948262955,135.64999,360670.0,48924881.8933,0.005004999999997,135.66,135.64999
2016-04-21,KMB,17750,KIMBERLY CLARK CORP,,,-0.02875,0.9142964367163516,0.0015940037950664,-7.312795993128053e-11,-0.005194,8.273585271855158,131.75,360670.0,47518272.5,0.1050050000000055,131.99001,131.78
2016-04-22,KMB,17750,KIMBERLY CLARK CORP,,,-0.036964,0.9187606441481564,0.0003940731399747,-5.088165423410749e-11,4.8e-05,15.875029805639503,126.88,360670.0,45761809.6,0.0249999999999985,127.17,127.12
2016-04-25,KMB,17750,KIMBERLY CLARK CORP,,,-0.005281,-0.3465952406776037,0.000158466048649,-1.1184473324696656e-11,-0.001812,10.372820029389748,126.21,360670.0,45520160.7,0.009999999999998,126.2,126.18
2016-04-26,KMB,17750,KIMBERLY CLARK CORP,,,-0.019016,-0.1160697269433451,0.000161537840239,-4.644495799556431e-11,0.001873,9.168849640946018,123.81,360670.0,44654552.7,0.009999999999998,123.83,123.81
2016-04-27,KMB,17750,KIMBERLY CLARK CORP,,,0.015265,0.0016126744783453,7.955449482899853e-05,3.666374711795266e-11,0.001649,9.183636010757755,125.7,360670.0,45336219.0,0.0050000000000025,125.72,125.71
2016-04-28,KMB,17750,KIMBERLY CLARK CORP,,,0.004296,-0.2789631375778848,0.0001584283903675,1.4249024605309619e-11,-0.009231,6.621740094823523,126.24,360670.0,45530980.8,0.009999999999998,126.22,126.2
2016-04-29,KMB,17750,KIMBERLY CLARK CORP,,,-0.008317,0.3020228509171729,0.000159757169103,-2.1364675719614028e-11,-0.005063,8.634632686156033,125.19,360128.0,45084424.32,0.0100000000000051,125.18,125.16
2016-05-02,KMB,17750,KIMBERLY CLARK CORP,,,0.00024,-0.3598175698078161,7.985944737255156e-05,9.627932454425344e-13,0.00781,5.527740136840235,125.22,360128.0,45095228.16,0.0049999999999954,125.24,125.23
2016-05-03,KMB,17750,KIMBERLY CLARK CORP,,,0.007267,-0.0710556218082738,7.928327915646648e-05,3.11560610514214e-11,-0.008677,5.134963124222499,126.13,360128.0,45422944.64,0.0050000000000025,126.14,126.13
2016-05-04,KMB,17750,KIMBERLY CLARK CORP,,,0.014271,0.3108762283397972,7.816774798722047e-05,4.601782625210087e-11,-0.005937,6.73130109294473,127.93,360128.0,46071175.04,0.0050000000000025,127.93,127.92
2016-05-05,KMB,17750,KIMBERLY CLARK CORP,,,-0.004456,-0.1064113723273917,7.851758793973866e-05,-1.6151713128408207e-11,-0.000239,6.01501410609561,127.36,360128.0,45865902.08,0.0050000000000025,127.4,127.39
2016-05-06,KMB,17750,KIMBERLY CLARK CORP,,,0.004397,-0.3280261290061975,0.0001563477173232,2.3614137585699948e-11,0.003175,4.041932312955393,127.92,360128.0,46067573.76,0.009999999999998,127.95,127.93
2016-05-09,KMB,17750,KIMBERLY CLARK CORP,,,0.001642,-0.0458411679477993,7.804573480052216e-05,9.22689814301346e-12,0.000753,3.8566454149635687,128.13,360128.0,46143200.64,0.0049999999999954,128.14,128.13
2016-05-10,KMB,17750,KIMBERLY CLARK CORP,,,0.008585,-0.1670957875592381,7.745879439775982e-05,5.742688987315975e-11,0.012484,3.2122162120135065,129.23,360128.0,46539341.44,0.0050050000000112,129.27,129.25999
2016-05-11,KMB,17750,KIMBERLY CLARK CORP,,,-0.003095,0.1279199937068262,0.0001553209656134,-1.841211558886732e-11,-0.009562,3.62312288963924,128.83,360128.0,46395290.24,0.0100049999999924,128.85001,128.83
2016-05-12,KMB,17750,KIMBERLY CLARK CORP,,,0.009547,-0.2039396438348605,7.696447793321605e-05,7.067034678333711e-11,-0.00017,2.884224497956282,130.06,360128.0,46838247.68,0.005004999999997,130.07001,130.06
2016-05-13,KMB,17750,KIMBERLY CLARK CORP,,,-0.006689,0.3764857657241334,0.0001548881492376,-3.6213843676592025e-11,-0.008478,3.970093966589657,129.19,360128.0,46524936.32,0.0100050000000067,129.21001,129.19
2016-05-16,KMB,17750,KIMBERLY CLARK CORP,,,0.003019,-0.3546003404810098,7.709523074561006e-05,2.524868303132751e-11,0.009797,2.562297294295361,129.58,360128.0,46665386.24,0.004995000000008,129.58,129.57001
2016-05-17,KMB,17750,KIMBERLY CLARK CORP,,,-0.024387,0.7741524023169748,0.00015820281601,-1.1783254599082399e-10,-0.009411,4.5459059001244,126.42,360128.0,45527381.76,0.009999999999998,126.42,126.4
2016-05-18,KMB,17750,KIMBERLY CLARK CORP,,,-0.002373,0.0077667447718781,7.928956549322166e-05,-1.1404504538688013e-11,0.000205,4.5812127910076414,126.12,360128.0,45419343.36,0.0050000000000025,126.12,126.11
2016-05-19,KMB,17750,KIMBERLY CLARK CORP,,,0.005392,-0.1758612893625558,0.0001577287066245,3.1274686309966137e-11,-0.003707,3.7755548027368047,126.8,360128.0,45664230.4,0.009999999999998,126.85,126.83
2016-05-20,KMB,17750,KIMBERLY CLARK CORP,,,-0.005836,0.3554732978201536,7.932730445812236e-05,-2.5119404888840948e-11,0.006019,5.117663719566377,126.06,360128.0,45397735.68,0.0049999999999954,126.02,126.01
2016-05-23,KMB,17750,KIMBERLY CLARK CORP,,,-0.000873,-0.2287557229624951,7.93965859468449e-05,-4.876356890502003e-12,-0.002085,3.946968855518038,125.95,360128.0,45358121.6,0.0050000000000025,126.0,125.99
2016-05-24,KMB,17750,KIMBERLY CLARK CORP,,,0.006431,0.1069927551016101,7.888923950765939e-05,3.224266357848096e-11,0.013681,4.3692659276701615,126.76,360128.0,45649825.28,0.0049999999999954,126.74,126.73
2016-05-25,KMB,17750,KIMBERLY CLARK CORP,,,0.00355,0.606151910238037,7.861017215620553e-05,1.1042187431933858e-11,0.006975,7.017704816065399,127.21,360128.0,45811882.88,0.0049999999999954,127.19,127.18
2016-05-26,KMB,17750,KIMBERLY CLARK CORP,,,0.005581,-0.4807618649674431,7.817385866170353e-05,3.324719454060368e-11,-0.00021,3.64385996090279,127.92,360128.0,46067573.76,0.0050000000000025,127.93,127.92
2016-05-27,KMB,17750,KIMBERLY CLARK CORP,,,0.004143,-0.014669393776824,0.000233553912028,2.494481483540715e-11,0.004287,3.5904067442687047,128.45,360128.0,46258441.6,0.0150000000000005,128.44,128.41
2016-05-31,KMB,17750,KIMBERLY CLARK CORP,,,-0.010977,2.5043217123509094,7.871536523922311e-05,-1.9069472048272025e-11,-0.001,12.58194031011196,127.04,360128.0,45750661.120000005,0.0049999999999954,127.05,127.04
2016-06-01,KMB,17750,KIMBERLY CLARK CORP,,,0.007399,-0.7057382640761898,0.0001562744178778,4.336033403075128e-11,0.00113,3.702383596943309,127.98,360128.0,46089181.440000005,0.0100000000000051,127.98,127.96
2016-06-02,KMB,17750,KIMBERLY CLARK CORP,,,0.000156,-0.0258795258795259,7.812500000003997e-05,9.383473998826632e-13,0.002825,3.6065676648302825,128.0,360128.0,46096384.0,0.0050000000000025,127.98,127.97
2016-06-03,KMB,17750,KIMBERLY CLARK CORP,,,0.01625,0.4413824484572992,0.0001537515375154,6.672869536230196e-11,-0.002912,5.1984433312599965,130.08,360128.0,46845450.24,0.0100000000000051,130.08,130.06
2016-06-06,KMB,17750,KIMBERLY CLARK CORP,,,0.000692,-0.2435969136346518,7.674579396186644e-05,3.754150630846155e-12,0.004897,3.932118580060423,130.17,360128.0,46877861.76,0.004995000000008,130.14999,130.14
2016-06-07,KMB,17750,KIMBERLY CLARK CORP,,,0.00023,-0.2310139499147638,7.688172043006205e-05,1.622239212474241e-12,0.001289,3.023744335347432,130.2,360128.0,46888665.6,0.005004999999997,130.19,130.17999
2016-06-08,KMB,17750,KIMBERLY CLARK CORP,,,0.00384,-0.0641121830044951,7.705347511165746e-05,2.9033387049136828e-11,0.003309,2.8298854851608315,129.78,360128.0,46737411.84,0.0049999999999954,129.78,129.77
2016-06-09,KMB,17750,KIMBERLY CLARK CORP,,,0.007012,-0.2200082227723695,7.651694850402407e-05,6.749689182251797e-11,-0.001718,2.2072874089212724,130.69,360128.0,47065128.32,0.0049999999999954,130.7,130.69
2016-06-10,KMB,17750,KIMBERLY CLARK CORP,,,0.002219,0.5579326360601127,7.642388150879907e-05,1.368005570770215e-11,-0.009175,3.438805091523014,130.98,360128.0,47169565.44,0.0050050000000112,131.02,131.00999
2016-06-13,KMB,17750,KIMBERLY CLARK CORP,,,-0.005573,-0.1298729822918096,0.0002303262955854,-3.970673770579421e-11,-0.008115,2.992197218766661,130.25,360128.0,46906672.0,0.0150000000000005,130.22,130.19
2016-06-14,KMB,17750,KIMBERLY CLARK CORP,,,0.016584,0.8110663397594968,7.544747375588062e-05,6.417812732922337e-11,-0.001799,5.4190676648302825,132.41,360128.0,47684548.48,0.004995000000008,132.42999,132.42
2016-06-15,KMB,17750,KIMBERLY CLARK CORP,,,-0.002794,-0.2755664961020887,7.565889697519784e-05,-1.4967212631514658e-11,-0.001841,3.9257541762928736,132.03999,360128.0,47551297.51871999,0.004995000000008,132.08,132.07001
2016-06-16,KMB,17750,KIMBERLY CLARK CORP,,,0.007649,-0.2570750346236385,0.0001502442690716,5.473496425808981e-11,0.003133,2.9165407854984893,133.05,360128.0,47915030.400000006,0.0099949999999893,133.03999,133.02
2016-06-17,KMB,17750,KIMBERLY CLARK CORP,,,-0.004885,0.8702424385525283,7.545317790444057e-05,-1.8782515892866844e-11,-0.003258,5.454638350808602,132.39999,360128.0,47680943.59872,0.004995000000008,132.39999,132.39
2016-06-20,KMB,17750,KIMBERLY CLARK CORP,,,0.003625,-0.2544441774657294,0.0001505117399157,1.8627105505544418e-11,0.005808,4.066737382264084,132.88,360128.0,47853808.64,0.0100000000000051,132.91,132.89
2016-06-21,KMB,17750,KIMBERLY CLARK CORP,,,0.001204,-0.3278497227127042,0.0001504059042699,9.193373068537786e-12,0.002712,2.733458659143416,133.03999,360128.0,47911425.51871999,0.0100050000000067,133.06,133.03999
2016-06-22,KMB,17750,KIMBERLY CLARK CORP,,,0.000902,0.1096632957298644,0.0001501201562031,6.201148488284447e-12,-0.001652,3.033218744446419,133.16,360128.0,47954644.48,0.0099950000000035,133.17999,133.16
2016-06-23,KMB,17750,KIMBERLY CLARK CORP,,,0.006008,-0.1417049710394224,0.0002239474302816,4.783629497445016e-11,0.013364,2.603396570108406,133.96001,360128.0,48242750.48128001,0.0150000000000005,133.95,133.92
2016-06-24,KMB,17750,KIMBERLY CLARK CORP,,,-0.021499,1.4112799662100182,0.0001525022886787,-7.25499256367818e-11,-0.03592,6.277517993602275,131.08,360128.0,47205578.24,0.0099950000000035,131.12,131.10001
2016-06-27,KMB,17750,KIMBERLY CLARK CORP,,,-0.002518,-0.2784669418014694,0.0002294455066921,-1.180627620119011e-11,-0.018097,4.529436755820153,130.75,360128.0,47086736.0,0.0150000000000005,130.78,130.75
2016-06-28,KMB,17750,KIMBERLY CLARK CORP,,,0.021186,0.0921279542318216,7.482025164760134e-05,8.906929844879614e-11,0.01777,4.946724497956282,133.52,360128.0,48084290.56,0.0049949999999938,133.5,133.49001
2016-06-29,KMB,17750,KIMBERLY CLARK CORP,,,0.008838,-0.1830364410195267,0.0001485523385299,4.5082615476720794e-11,0.017033,4.041293651146259,134.7,360128.0,48509241.6,0.0100049999999924,134.7,134.67999
2016-06-30,KMB,17750,KIMBERLY CLARK CORP,,,0.020638,0.2142810517918651,0.00014554844341,8.494377718325581e-11,0.013565,4.907266305313666,137.48,360128.0,49510397.44,0.0100050000000067,137.46001,137.44
2016-07-01,KMB,17750,KIMBERLY CLARK CORP,,,-0.003491,-0.168172589636745,0.0002918978102188,-1.733402979290219e-11,0.001949,4.081998622711924,137.0,360128.0,49337536.0,0.0199949999999944,137.03999,137.0
2016-07-05,KMB,17750,KIMBERLY CLARK CORP,,,0.006861,0.0495911001182278,7.249528780622666e-05,3.2236457836677926e-11,-0.006848,4.2844294250933,137.94,360128.0,49676056.32,0.0049999999999954,137.87,137.86
2016-07-06,KMB,17750,KIMBERLY CLARK CORP,,,-0.008627,0.2860941719817258,0.0001463254113346,-3.179141148956609e-11,0.005353,5.510179713879509,136.75,360128.0,49247504.0,0.0100050000000067,136.78,136.75999
2016-07-07,KMB,17750,KIMBERLY CLARK CORP,,,-0.018501,0.8663162615842812,0.0002235136343317,-3.721946068094012e-11,-0.000872,10.28373800426515,134.22,360128.0,48336380.16,0.0150000000000005,134.22,134.19
2016-07-08,KMB,17750,KIMBERLY CLARK CORP,,,0.012964,-0.5896771723322665,7.35510390150082e-05,6.274718726726397e-11,0.015253,4.219652456904212,135.96001,360128.0,48963006.48128001,0.0049999999999954,135.92,135.91
2016-07-11,KMB,17750,KIMBERLY CLARK CORP,,,0.001324,-0.3402026171102549,7.338034376389125e-05,9.699695001706111e-12,0.003409,2.784115647769682,136.14,360128.0,49027825.92,0.004995000000008,136.11,136.10001
2016-07-12,KMB,17750,KIMBERLY CLARK CORP,,,-0.009769,0.4169600593633993,0.0001482827683404,-5.1006583152306245e-11,0.007009,3.944980673538297,134.81,360128.0,48548855.68,0.0099949999999893,134.78999,134.77
2016-07-13,KMB,17750,KIMBERLY CLARK CORP,,,0.00675,-0.2353350254593165,0.0001474358974359,4.578117711712905e-11,0.000135,3.016588546294651,135.72,360128.0,48876572.16,0.0100050000000067,135.74001,135.72
2016-07-14,KMB,17750,KIMBERLY CLARK CORP,,,0.001253,-0.0419953643274132,0.0002207667966737,8.859781162313551e-12,0.005259,2.889905811267105,135.89,360128.0,48937793.92,0.0150000000000005,135.85001,135.82001
2016-07-15,KMB,17750,KIMBERLY CLARK CORP,,,0.00206,0.0525858623128248,0.0002203128442388,1.3809809028623714e-11,-0.000929,3.041874000355429,136.17,360128.0,49038629.76,0.0150000000000005,136.17,136.14
2016-07-18,KMB,17750,KIMBERLY CLARK CORP,,,-0.007784,0.0092718701846887,7.401376656051294e-05,-5.2108557897105494e-11,0.002382,3.070077861204905,135.11,360128.0,48656894.080000006,0.0049999999999954,135.13,135.12
2016-07-19,KMB,17750,KIMBERLY CLARK CORP,,,0.00037,0.4263341597165755,7.398638650481582e-05,1.7359050978168309e-12,-0.001435,4.378956926426159,135.16,360128.0,48674900.48,0.0049999999999954,135.12,135.11
2016-07-20,KMB,17750,KIMBERLY CLARK CORP,,,-0.01095,0.3197202256204086,7.473070576992228e-05,-3.9358476542760316e-11,0.00427,5.778998022925182,133.67999,360128.0,48141907.43872,0.004995000000008,133.67999,133.67
2016-07-21,KMB,17750,KIMBERLY CLARK CORP,,,-0.002394,-0.2778737436808655,7.491001799652183e-05,-1.1944720394428532e-11,-0.003612,4.173166207570642,133.36,360128.0,48026670.080000006,0.004995000000008,133.33,133.32001
2016-07-22,KMB,17750,KIMBERLY CLARK CORP,,,0.009523,0.1764672221357213,0.0003713882492758,4.0006405787213215e-11,0.004554,4.909593255731296,134.63,360128.0,48484032.64,0.0250000000000056,134.61,134.56
2016-07-25,KMB,17750,KIMBERLY CLARK CORP,,,-0.015153,0.3849713983853691,7.54204691152493e-05,-4.6670735495901857e-11,-0.003011,6.799646236893549,132.59,360128.0,47749371.52,0.0049999999999954,132.59,132.58
2016-07-26,KMB,17750,KIMBERLY CLARK CORP,,,-0.002338,0.1514948690001361,7.567281524056926e-05,-6.26823263118141e-12,0.000323,7.829757752799005,132.28,360128.0,47637731.84,0.0050050000000112,132.27,132.25999
2016-07-27,KMB,17750,KIMBERLY CLARK CORP,,,-0.013456,-0.4028368115217318,7.67049808430843e-05,-6.123605774401876e-11,-0.001199,4.6756431046738935,130.5,360128.0,46996704.0,0.0050050000000112,130.52,130.50999
2016-07-28,KMB,17750,KIMBERLY CLARK CORP,,,-0.002682,0.3468883438351853,0.0001537456898766,-9.08625241055047e-12,0.001606,6.297569197618625,130.14999,360128.0,46870655.59872,0.0100049999999924,130.17,130.14999
2016-07-29,KMB,17750,KIMBERLY CLARK CORP,,,-0.00461,-0.1940733646658562,7.719027402540257e-05,-1.946875417895911e-11,0.001631,5.082322125704879,129.55,359636.0,46590843.8,0.0049999999999954,129.56,129.55
2016-08-01,KMB,17750,KIMBERLY CLARK CORP,,,0.009726,0.4287772200903168,7.652320159026451e-05,2.8471048142377688e-11,-0.00127,7.261506078368128,130.81,359636.0,47043985.16,0.0050050000000112,130.8,130.78999
2016-08-02,KMB,17750,KIMBERLY CLARK CORP,,,0.0,-0.3372496026228614,7.652320159026451e-05,0.0,-0.006362,4.812566038994984,130.81,359636.0,47043985.16,0.0050050000000112,130.8,130.78999
2016-08-03,KMB,17750,KIMBERLY CLARK CORP,,,-0.014678,0.3164714936456101,0.0003102645666849,-4.9980010093502206e-11,0.003134,6.335606001623864,128.89,359636.0,46353484.03999999,0.0199950000000086,128.86,128.82001
2016-08-04,KMB,17750,KIMBERLY CLARK CORP,,,0.009621,-0.4330901044190243,7.684623069231465e-05,5.7237074352655625e-11,0.000213,3.5917177368227877,130.13,359636.0,46799432.68,0.0049999999999954,130.14,130.13
2016-08-05,KMB,17750,KIMBERLY CLARK CORP,,,-0.00561,0.2078398341424667,0.0002318392760308,-2.778778385684348e-11,0.008603,4.338219755530592,129.39999,359636.0,46536894.80364,0.0150000000000005,129.36,129.33
2016-08-08,KMB,17750,KIMBERLY CLARK CORP,,,0.001237,-0.0535303618813214,7.72615004630602e-05,6.465727053077663e-12,-0.000907,4.105993282096342,129.56,359636.0,46594440.16,0.005004999999997,129.60001,129.59
2016-08-09,KMB,17750,KIMBERLY CLARK CORP,,,0.003319,-0.4149078022541365,7.685205963125728e-05,2.9552319629725296e-11,0.00039,2.4023846333515,129.99001,359636.0,46749087.236360006,0.0049949999999938,129.97,129.96001
2016-08-10,KMB,17750,KIMBERLY CLARK CORP,,,0.002,0.1245682790422044,0.0002303262955854,1.5803771241683478e-11,-0.002865,2.7016455527255334,130.25,359636.0,46842589.0,0.0150000000000005,130.24001,130.21001
2016-08-11,KMB,17750,KIMBERLY CLARK CORP,,,-0.010058,0.6559068514186261,7.763300760060882e-05,-4.8483786856527577e-11,0.004735,4.473673380862873,128.94,359636.0,46371465.84,0.0050050000000112,128.96001,128.95
2016-08-12,KMB,17750,KIMBERLY CLARK CORP,,,-0.000931,0.4502583762510146,7.762769153636073e-05,-3.097373211144398e-12,-0.000796,6.487982293207576,128.82001,359636.0,46328313.11636,0.0049999999999954,128.81,128.8
2016-08-15,KMB,17750,KIMBERLY CLARK CORP,,,0.001164,-0.4764926422184431,7.753741180112356e-05,7.388710930326164e-12,0.002793,3.3965064676506245,128.97,359636.0,46382254.92,0.0049999999999954,128.98,128.97
2016-08-16,KMB,17750,KIMBERLY CLARK CORP,,,-0.011165,0.1818844934040437,7.841292244965981e-05,-6.064230893086371e-11,-0.005479,4.014278325862817,127.53,359636.0,45864379.08,0.0050000000000025,127.54,127.53
2016-08-17,KMB,17750,KIMBERLY CLARK CORP,,,0.000157,0.4951502376913428,0.0001568012544101,5.702479281463973e-13,0.001869,6.0019491930729965,127.55,359636.0,45871571.8,0.0100000000000051,127.54,127.52
2016-08-18,KMB,17750,KIMBERLY CLARK CORP,,,-0.000784,-0.3742398137239595,7.846214201640568e-05,-4.554207577689874e-12,0.0022,3.7557808450766887,127.45,359636.0,45835608.2,0.0049999999999954,127.44,127.43
2016-08-19,KMB,17750,KIMBERLY CLARK CORP,,,-0.005257,0.3218038755798784,7.887679444711402e-05,-2.322505800775445e-11,-0.00144,4.964405676851039,126.78,359636.0,45594652.08,0.0050000000000025,126.76,126.75
2016-08-22,KMB,17750,KIMBERLY CLARK CORP,,,0.004811,-0.3205761913856946,7.849909726042166e-05,3.113356374164966e-11,-0.000563,3.372935412472611,127.39,359636.0,45814030.04,0.0050000000000025,127.4,127.39
2016-08-23,KMB,17750,KIMBERLY CLARK CORP,,,0.009891,0.4232817187387936,0.0001554605639688,4.4531609313531837e-11,0.001952,4.80063731105896,128.64999,359636.0,46267167.80364,0.0099999999999909,128.64,128.62
2016-08-24,KMB,17750,KIMBERLY CLARK CORP,,,-7.8e-05,-0.1795002786012249,7.765858208967782e-05,-4.28033813586043e-13,-0.00524,3.938921576260441,128.64,359636.0,46263575.03999999,0.004995000000008,128.64999,128.64
2016-08-25,KMB,17750,KIMBERLY CLARK CORP,,,-0.001866,0.09851910731354,0.0003894860116423,-9.338960562755322e-12,-0.001365,4.326980613731662,128.39999,359636.0,46177258.80364,0.0250050000000072,128.46001,128.41
2016-08-26,KMB,17750,KIMBERLY CLARK CORP,,,-0.001246,-0.0650989822239416,0.0001558016098094,-6.678528113212875e-12,-0.001579,4.045298579675005,128.24001,359636.0,46119724.236360006,0.0099899999999877,128.25999,128.24001
2016-08-29,KMB,17750,KIMBERLY CLARK CORP,,,0.003743,0.022006619307344,0.0002330640149161,1.9557185125497912e-11,0.005228,4.134321925502452,128.72,359636.0,46292345.92,0.0150000000000005,128.75,128.72
2016-08-30,KMB,17750,KIMBERLY CLARK CORP,,,-0.004428,-0.3345674852423006,7.803356051756933e-05,-3.4923484455928424e-11,-0.001954,2.75111223570499,128.14999,359636.0,46087349.80364,0.0049999999999954,128.17,128.16
2016-08-31,KMB,17750,KIMBERLY CLARK CORP,,,-0.000702,0.0850779109338093,0.0001561767921287,-5.106122444838049e-12,-0.002376,2.9851711174632127,128.06,359636.0,46054986.16,0.0100000000000051,128.05,128.03
2016-09-01,KMB,17750,KIMBERLY CLARK CORP,,,0.000469,0.6077758889690985,0.0001561036528255,2.120791683037641e-12,-4.1e-05,4.799486147104294,128.12,359636.0,46076564.32,0.0100000000000051,128.08,128.06
2016-09-02,KMB,17750,KIMBERLY CLARK CORP,,,0.005464,-0.526879589911869,7.770531922792181e-05,5.193950153618382e-11,0.004201,2.2707348541302874,128.82001,359636.0,46328313.11636,0.005004999999997,128.82001,128.81
2016-09-06,KMB,17750,KIMBERLY CLARK CORP,,,0.003416,0.1231928957506263,0.0001545721920601,2.8811761521682263e-11,0.002982,2.5504732562924737,129.25999,359636.0,46486545.76364,0.0099899999999877,129.25999,129.24001
2016-09-07,KMB,17750,KIMBERLY CLARK CORP,,,-0.009748,0.564266573052695,7.869058860564303e-05,-5.3461804915589285e-11,-0.000146,3.9896200602831753,127.08,359636.0,45702542.88,0.0050000000000025,127.09,127.08
2016-09-08,KMB,17750,KIMBERLY CLARK CORP,,,-0.009207,0.1502281485157279,7.942180922885486e-05,-4.4307702414606056e-11,-0.002223,4.588973295220724,125.91,359636.0,45281768.76,0.0050000000000025,125.89,125.88
2016-09-09,KMB,17750,KIMBERLY CLARK CORP,,,-0.023429,0.3967207154802588,8.132726089789457e-05,-8.266118643315742e-11,-0.024522,6.40951406422049,122.96,359636.0,44220842.56,0.0050000000000025,122.97,122.96
2016-09-12,KMB,17750,KIMBERLY CLARK CORP,,,0.005449,-0.2101673165322686,8.088651621778789e-05,2.420859440242622e-11,0.014677,5.062443693067435,123.63,359636.0,44461798.68,0.0050000000000025,123.64,123.63
2016-09-13,KMB,17750,KIMBERLY CLARK CORP,,,-0.01003,-0.1291256851310832,0.0001634120434675,-5.168638424807807e-11,-0.014831,4.408752182762571,122.39,359636.0,44015850.04,0.009999999999998,122.41,122.39
2016-09-14,KMB,17750,KIMBERLY CLARK CORP,,,-0.004249,0.0635875591121291,8.205464839575699e-05,-2.067463375610935e-11,-0.000588,4.689093972794715,121.87,359636.0,43828839.32,0.0049999999999954,121.85,121.84
2016-09-15,KMB,17750,KIMBERLY CLARK CORP,,,0.004677,-0.3083895735625757,8.167265599481473e-05,3.275144169234337e-11,0.010109,3.243026282129709,122.44,359636.0,44033831.84,0.0050000000000025,122.45,122.44
2016-09-16,KMB,17750,KIMBERLY CLARK CORP,,,-0.005145,0.83016250410483,0.0002462851982595,-1.9787874877441112e-11,-0.003772,5.935265101380285,121.81,359636.0,43807261.16,0.0150000000000005,121.81,121.78
2016-09-19,KMB,17750,KIMBERLY CLARK CORP,,,0.002955,-0.5195510966088632,8.185315543918406e-05,2.358535538257253e-11,-1.9e-05,2.8515916092938416,122.17,359636.0,43936730.12,0.0050000000000025,122.18,122.17
2016-09-20,KMB,17750,KIMBERLY CLARK CORP,,,0.010641,0.3267182494990419,8.099133392731122e-05,6.334200485082109e-11,0.000299,3.7832586281684817,123.47,359636.0,44404256.92,0.0050000000000025,123.47,123.46
2016-09-21,KMB,17750,KIMBERLY CLARK CORP,,,0.011906,0.2741930742115954,8.003841844077882e-05,5.496673572800115e-11,0.010917,4.820601941963541,124.94,359636.0,44932921.84,0.0049999999999954,124.94,124.93
2016-09-22,KMB,17750,KIMBERLY CLARK CORP,,,0.018329,0.0296724505699497,7.859781498078374e-05,8.070226444969304e-11,0.0065,4.963641014803858,127.23,359636.0,45756488.28,0.0050000000000025,127.22,127.21
2016-09-23,KMB,17750,KIMBERLY CLARK CORP,,,-0.00393,-0.2338592037214638,7.890791446374896e-05,-2.267467148490104e-11,-0.005737,3.802847879522629,126.73,359636.0,45576670.28,0.0049999999999954,126.74,126.73
2016-09-26,KMB,17750,KIMBERLY CLARK CORP,,,-0.009627,-0.0225139492015814,7.967492630073393e-05,-5.737595956889503e-11,-0.008588,3.7172307555417134,125.51,359636.0,45137914.36,0.0050000000000025,125.53,125.52
2016-09-27,KMB,17750,KIMBERLY CLARK CORP,,,0.001434,-0.15102741519243,7.956082425006687e-05,1.0052453632251287e-11,0.006444,3.155827002858446,125.69,359636.0,45202648.84,0.0049999999999954,125.69,125.68
2016-09-28,KMB,17750,KIMBERLY CLARK CORP,,,0.006285,0.2533021307565362,7.906388361800376e-05,3.493424007995446e-11,0.005296,3.955204706981504,126.48,359636.0,45486761.28,0.0050000000000025,126.47,126.46
2016-09-29,KMB,17750,KIMBERLY CLARK CORP,,,-0.009962,-0.1354748269515492,7.985944737255156e-05,-6.469386082522848e-11,-0.009321,3.4193740337452314,125.22,359636.0,45033619.92,0.0049999999999954,125.21,125.2
2016-09-30,KMB,17750,KIMBERLY CLARK CORP,,,0.007347,0.5613500524505379,7.927699381643503e-05,3.033522098087853e-11,0.007968,5.338839826936124,126.14,359636.0,45364485.04,0.0050000000000025,126.14,126.13
2016-10-03,KMB,17750,KIMBERLY CLARK CORP,,,-0.01094,-0.2123409993234513,8.015389547936129e-05,-5.798206328116001e-11,-0.003261,4.2051852428566665,124.76,359636.0,44868187.36,0.0050000000000025,124.76,124.75
2016-10-04,KMB,17750,KIMBERLY CLARK CORP,,,-0.013867,0.1253273082172215,8.128098837686025e-05,-6.622841221532655e-11,-0.004956,4.732209789898676,123.03,359636.0,44246017.08,0.0050000000000025,123.06,123.05
2016-10-05,KMB,17750,KIMBERLY CLARK CORP,,,-0.003251,0.1485005050318091,8.154611432769401e-05,-1.3563191774038788e-11,0.004297,5.4349453336151,122.63,359636.0,44102162.68,0.0050000000000025,122.64,122.63
2016-10-06,KMB,17750,KIMBERLY CLARK CORP,,,0.004893,-0.2215688922859999,8.114907084318035e-05,2.6096378670284864e-11,0.000482,4.230730516411038,123.23,359636.0,44317944.28,0.0050000000000025,123.25,123.24
2016-10-07,KMB,17750,KIMBERLY CLARK CORP,,,-0.001785,-0.0812501684167771,0.0,-1.0380589273334128e-11,-0.003253,3.8869829494266415,123.01,359636.0,44238824.36,0.0,123.05,123.05
2016-10-10,KMB,17750,KIMBERLY CLARK CORP,,,-0.00691,-0.2588219892853489,8.185985592669545e-05,-5.4594727538980726e-11,0.004606,2.880946290137806,122.16,359636.0,43933133.76,0.0050000000000025,122.18,122.17
2016-10-11,KMB,17750,KIMBERLY CLARK CORP,,,-0.006303,0.6919491705369794,0.0002471373259741,-2.9619570960411254e-11,-0.012447,4.874414685960248,121.39,359636.0,43656214.04,0.0150000000000005,121.43,121.4
2016-10-12,KMB,17750,KIMBERLY CLARK CORP,,,0.004037,-0.125538572117181,0.0002461437479488,2.1607275727169724e-11,0.001147,4.262487626377782,121.88,359636.0,43832435.68,0.0150000000000005,121.91,121.88
2016-10-13,KMB,17750,KIMBERLY CLARK CORP,,,-0.002051,0.1019326211525013,8.221655841490682e-05,-9.98259895115428e-12,-0.003099,4.696974162764573,121.63,359636.0,43742526.68,0.0050000000000025,121.64,121.63
2016-10-14,KMB,17750,KIMBERLY CLARK CORP,,,-0.00929,0.1216989570808921,8.298755186726237e-05,-4.0688438302514704e-11,0.000202,5.268591019808918,120.5,359636.0,43336138.0,0.0050000000000025,120.5,120.49
2016-10-17,KMB,17750,KIMBERLY CLARK CORP,,,0.001577,-0.3479574091910649,8.285690612316776e-05,1.0576130372324199e-11,-0.003038,3.435345738468896,120.69,359636.0,43404468.84,0.0050000000000025,120.67,120.66
2016-10-18,KMB,17750,KIMBERLY CLARK CORP,,,-0.001243,0.5134984629381112,8.296001327364456e-05,-5.514731176363902e-12,0.00616,5.199390494833665,120.54,359636.0,43350523.440000005,0.0050000000000025,120.54,120.53
2016-10-19,KMB,17750,KIMBERLY CLARK CORP,,,-0.002738,0.0414875115514938,8.318775476254152e-05,-1.1695618280160218e-11,0.002192,5.415100268048805,120.21,359636.0,43231843.56,0.0050000000000025,120.22,120.21
2016-10-20,KMB,17750,KIMBERLY CLARK CORP,,,-0.008652,0.1085385359942283,8.391373667873723e-05,-3.3630174063110884e-11,-0.001376,6.002847323404776,119.17,359636.0,42857822.12,0.0050000000000025,119.15,119.14
2016-10-21,KMB,17750,KIMBERLY CLARK CORP,,,0.00344,0.0271048340775601,0.0001672520488375,1.2973724279633572e-11,-8.4e-05,6.165553504098589,119.58,359636.0,43005272.88,0.009999999999998,119.61,119.59
2016-10-24,KMB,17750,KIMBERLY CLARK CORP,,,-0.047416,1.517809281779417,8.778860503898608e-05,-7.455984605307174e-11,0.00475,15.523687839927035,113.91,359636.0,40966136.76,0.0049999999999954,113.91,113.9
2016-10-25,KMB,17750,KIMBERLY CLARK CORP,,,-0.00158,-0.3872720104705871,8.79275477007396e-05,-4.061217684452473e-12,-0.003798,9.511798040240688,113.73,359636.0,40901402.28,0.0050000000000025,113.73,113.72
2016-10-26,KMB,17750,KIMBERLY CLARK CORP,,,-0.000615,-0.3293510115368256,8.798169980636025e-05,-2.3585571877709945e-12,-0.00174,6.379077734153422,113.66,359636.0,40876227.76,0.0049999999999954,113.66,113.65
2016-10-27,KMB,17750,KIMBERLY CLARK CORP,,,0.001408,-0.1078091804096165,8.785802143740219e-05,6.043733006962961e-12,-0.002987,5.691354591865108,113.82,359636.0,40933769.52,0.0050000000000025,113.83,113.82
2016-10-28,KMB,17750,KIMBERLY CLARK CORP,,,0.006414,0.2610703648984569,8.729812309039822e-05,2.1692806330034756e-11,-0.003108,7.17719861192984,114.55,359636.0,41196303.8,0.0050000000000025,114.56,114.55
2016-10-31,KMB,17750,KIMBERLY CLARK CORP,,,-0.001222,-0.0562820323580813,8.740494712005172e-05,-4.384770562918034e-12,-0.000122,6.801259231338387,114.41,358155.0,40976513.55,0.0050000000000025,114.36,114.35
2016-11-01,KMB,17750,KIMBERLY CLARK CORP,,,-0.003584,-0.2660107844928271,8.771929824565891e-05,-1.7583815730403054e-11,-0.006787,4.992050927670981,114.0,358155.0,40829670.0,0.0050000000000025,114.01,114.0
2016-11-02,KMB,17750,KIMBERLY CLARK CORP,,,-0.003947,-0.1124430066535118,8.806693086737917e-05,-2.190451853778349e-11,-0.006525,4.430729711996203,113.55,358155.0,40668500.25,0.0049999999999954,113.55,113.54
2016-11-03,KMB,17750,KIMBERLY CLARK CORP,,,0.000881,-0.0901550708052489,8.798944126696793e-05,5.368992698287548e-12,-0.004423,4.0312769610922645,113.65,358155.0,40704315.75,0.0049999999999954,113.69,113.68
2016-11-04,KMB,17750,KIMBERLY CLARK CORP,,,-0.011439,0.0643978274330214,8.90075656431252e-05,-6.625174914586783e-11,-0.001666,4.290882439167399,112.35,358155.0,40238714.25,0.0050000000000025,112.36,112.35
2016-11-07,KMB,17750,KIMBERLY CLARK CORP,,,0.014508,0.0252641688806813,8.773469029658813e-05,8.078402355521003e-11,0.022224,4.399288017757675,113.98,358155.0,40822506.9,0.0050000000000025,113.98,113.97
2016-11-08,KMB,17750,KIMBERLY CLARK CORP,,,0.01316,0.1865301876649741,8.659508139942081e-05,6.095606279527061e-11,0.003772,5.219888037302285,115.48,358155.0,41359739.4,0.0050000000000025,115.5,115.49
2016-11-09,KMB,17750,KIMBERLY CLARK CORP,,,-0.000953,0.3048361378721593,8.667764583518345e-05,-3.3861939200070005e-12,0.011077,6.8110985467186,115.37,358155.0,41320342.35,0.0050000000000025,115.37,115.36
2016-11-10,KMB,17750,KIMBERLY CLARK CORP,,,-0.02791,0.2245886229933316,0.0001783325902808,-8.330712672257209e-11,0.001951,8.340793790398012,112.15,358155.0,40167083.25,0.009999999999998,112.14,112.12
2016-11-11,KMB,17750,KIMBERLY CLARK CORP,,,0.006777,-0.4874657591796195,8.856611460459761e-05,3.9201599817323247e-11,-0.001398,4.274942413200988,112.91,358155.0,40439281.05,0.0050000000000025,112.89,112.88
2016-11-14,KMB,17750,KIMBERLY CLARK CORP,,,0.001594,0.4637670368599667,8.842514811204266e-05,6.289134212106228e-12,-0.000116,6.257519788918206,113.09,358155.0,40503748.95,0.0049999999999954,113.1,113.09
2016-11-15,KMB,17750,KIMBERLY CLARK CORP,,,0.006897,0.1543730439834336,8.781944322465008e-05,2.3411620641696302e-11,0.007481,7.223512166520082,113.87,358155.0,40783109.85,0.0049999999999954,113.88,113.87
2016-11-16,KMB,17750,KIMBERLY CLARK CORP,,,-0.004654,-0.3204693064186396,8.823010411156799e-05,-2.3356871180618135e-11,-0.001582,4.908598232608787,113.34,358155.0,40593287.7,0.0050000000000025,113.36,113.35
2016-11-17,KMB,17750,KIMBERLY CLARK CORP,,,-0.008647,0.1933756873425447,8.899964400146952e-05,-3.6681580308127276e-11,0.004676,5.857801789727911,112.36,358155.0,40242295.8,0.0050000000000025,112.37,112.36
2016-11-18,KMB,17750,KIMBERLY CLARK CORP,,,0.006675,-0.2355728143122906,8.840951286350371e-05,3.6796664504952016e-11,-0.002387,4.477862936438134,113.11,358155.0,40510912.05,0.0049999999999954,113.13,113.12
2016-11-21,KMB,17750,KIMBERLY CLARK CORP,,,0.0061,0.0663106719234503,8.787346221445621e-05,3.134454735865337e-11,0.007461,4.7747930365344615,113.8,358155.0,40758039.0,0.0050000000000025,113.76,113.75
2016-11-22,KMB,17750,KIMBERLY CLARK CORP,,,0.006503,-0.1656039707247929,8.730574471792304e-05,3.978861079933128e-11,0.002165,3.984068350295263,114.54,358155.0,41023073.7,0.0049999999999954,114.55,114.54
2016-11-23,KMB,17750,KIMBERLY CLARK CORP,,,0.000175,0.3843223908378501,8.729050279334075e-05,7.733391580166353e-13,0.000808,5.515235023942148,114.56,358155.0,41030236.8,0.0050000000000025,114.56,114.55
2016-11-25,KMB,17750,KIMBERLY CLARK CORP,,,0.011173,-0.4953432602190341,0.0001726519337017,9.675649545362348e-11,0.003914,2.783300526308442,115.84,358155.0,41488675.2,0.0100000000000051,115.79,115.77
2016-11-28,KMB,17750,KIMBERLY CLARK CORP,,,0.011481,1.1147521249371772,8.534607834774358e-05,4.648070394815527e-11,-0.005254,5.885990702349542,117.17,358155.0,41965021.35,0.0050000000000025,117.17,117.16
2016-11-29,KMB,17750,KIMBERLY CLARK CORP,,,-0.005718,-0.0458237927381899,8.583690987116657e-05,-2.440051835269753e-11,0.001335,5.616272284346163,116.5,358155.0,41725057.5,0.0049999999999954,116.52,116.51
2016-11-30,KMB,17750,KIMBERLY CLARK CORP,,,-0.007639,1.512523017694293,0.0001729954156214,-1.3074102529442747e-11,-0.002653,14.111013388058243,115.61,358155.0,41406299.55,0.009999999999998,115.42,115.4
2016-12-01,KMB,17750,KIMBERLY CLARK CORP,,,-0.01384,-0.6071203993723696,8.771160424528651e-05,-6.113704481972294e-11,-0.003516,5.543929304351468,114.01,358155.0,40833251.55,0.0050000000000025,114.01,114.0
2016-12-02,KMB,17750,KIMBERLY CLARK CORP,,,0.000877,-0.2781460989350247,8.763473841035068e-05,5.362136658183107e-12,0.000397,4.001906995574542,114.11,358155.0,40869067.05,0.0050000000000025,114.12,114.11
2016-12-05,KMB,17750,KIMBERLY CLARK CORP,,,-0.004206,0.4862488950347554,8.800492827590342e-05,-1.7375875935809563e-11,0.005821,5.947829850204521,113.63,358155.0,40697152.65,0.0049999999999954,113.63,113.62
2016-12-06,KMB,17750,KIMBERLY CLARK CORP,,,0.006688,-0.3151726679325617,8.742022904104481e-05,4.007721779663493e-11,0.003411,4.073236447906632,114.39,358155.0,40969350.45,0.0050000000000025,114.4,114.39
2016-12-07,KMB,17750,KIMBERLY CLARK CORP,,,0.007606,0.2821791136854372,8.745845723273487e-05,3.556303321574239e-11,0.013163,5.222618698608144,114.34,358155.0,40951442.7,0.0049999999999954,114.32,114.31
2016-12-08,KMB,17750,KIMBERLY CLARK CORP,,,-0.008221,-0.2138147571754609,8.818342151679996e-05,-4.9297780668602985e-11,0.002159,4.105945749745222,113.4,358155.0,40614777.0,0.0050000000000025,113.42,113.41
2016-12-09,KMB,17750,KIMBERLY CLARK CORP,,,0.01067,0.2608303611197056,0.0001745048425093,5.0211248857958966e-11,0.005939,5.176901062389189,114.61,358155.0,41048144.55,0.009999999999998,114.63,114.61
2016-12-12,KMB,17750,KIMBERLY CLARK CORP,,,0.001483,-0.2174326221473864,8.712319219380655e-05,8.904556771359918e-12,-0.001137,4.051273889796318,114.78,358155.0,41109030.9,0.0050000000000025,114.79,114.78
2016-12-13,KMB,17750,KIMBERLY CLARK CORP,,,0.004879,0.7545252049643552,0.0001734003814808,1.6616082353381636e-11,0.00654,7.108062151861624,115.34,358155.0,41309597.7,0.009999999999998,115.32,115.3
2016-12-14,KMB,17750,KIMBERLY CLARK CORP,,,-0.006329,-0.0828348629186719,0.0001745048425093,-2.36506352336337e-11,-0.008117,6.519266797894766,114.61,358155.0,41048144.55,0.009999999999998,114.63,114.61
2016-12-15,KMB,17750,KIMBERLY CLARK CORP,,,0.006806,-0.4201116275245106,8.666262241099849e-05,4.3562179234420007e-11,0.003883,3.7804470131646912,115.39,358155.0,41327505.45,0.0050000000000025,115.39,115.38
2016-12-16,KMB,17750,KIMBERLY CLARK CORP,,,0.007366,1.3389193093577036,8.602890571236335e-05,2.0009982098282224e-11,-0.001751,8.842160517094554,116.24,358155.0,41631937.2,0.0050000000000025,116.23,116.22
2016-12-19,KMB,17750,KIMBERLY CLARK CORP,,,-0.011786,-0.5460891279196075,8.705493166179946e-05,-7.137725096710631e-11,0.001975,4.013552791389203,114.87,358155.0,41141264.85,0.0049999999999954,114.88,114.87
2016-12-20,KMB,17750,KIMBERLY CLARK CORP,,,-0.003918,0.2669690025697855,8.739730816295329e-05,-1.880167322625997e-11,0.003638,5.085046976867558,114.42,358155.0,40980095.1,0.0050000000000025,114.43,114.42
2016-12-21,KMB,17750,KIMBERLY CLARK CORP,,,0.001661,-0.3272795657891485,8.725242125473446e-05,1.1828958612193108e-11,-0.002457,3.4208150102609207,114.61,358155.0,41048144.55,0.0050000000000025,114.62,114.61
2016-12-22,KMB,17750,KIMBERLY CLARK CORP,,,0.003577,-0.2244425726137014,8.694140149543658e-05,3.2728869757705234e-11,-0.001863,2.653038488922394,115.02,358155.0,41194988.1,0.0050000000000025,115.03,115.02
2016-12-23,KMB,17750,KIMBERLY CLARK CORP,,,-0.001739,-0.1800001894340027,8.709284096851695e-05,-1.943809580847313e-11,0.001252,2.1754910583406626,114.82,358155.0,41123357.1,0.0050000000000025,114.79,114.78
2016-12-27,KMB,17750,KIMBERLY CLARK CORP,,,0.002526,-0.0413417988277163,8.687342541908526e-05,2.9378402680873166e-11,0.002248,2.085552344655247,115.11,358155.0,41227222.05,0.0049999999999954,115.1,115.09
2016-12-28,KMB,17750,KIMBERLY CLARK CORP,,,-0.00834,0.2437696716384341,8.760402978529044e-05,-7.86426354669078e-11,-0.008357,2.593946754896623,114.15,358155.0,40883393.25,0.0049999999999954,114.16,114.15
2016-12-29,KMB,17750,KIMBERLY CLARK CORP,,,0.008147,0.042721748911505,8.68960722975766e-05,7.307980087310583e-11,-0.000293,2.704764696849129,115.08,358155.0,41216477.4,0.0050000000000025,115.09,115.08
2016-12-30,KMB,17750,KIMBERLY CLARK CORP,,,-0.008342,0.4632656326614881,8.762705923581235e-05,-5.156852887303238e-11,-0.004637,3.9577892253354,114.12,358155.0,40872648.6,0.0049999999999954,114.13,114.12
2017-01-03,KMB,17750,KIMBERLY CLARK CORP,,,0.003856,0.1613973031431348,8.729050279334075e-05,2.044558431150353e-11,0.008487,4.59656573271349,114.56,358155.0,41030236.8,0.0050000000000025,114.56,114.55
2017-01-04,KMB,17750,KIMBERLY CLARK CORP,,,0.005412,0.1213157154632587,8.682062858139533e-05,2.5453547035528718e-11,0.005722,5.154201393251525,115.18,358155.0,41252292.900000006,0.0050000000000025,115.18,115.17
2017-01-05,KMB,17750,KIMBERLY CLARK CORP,,,0.007206,-0.1006103457036635,8.61994655632351e-05,3.741265601919422e-11,-0.000771,4.635635409250185,116.01,358155.0,41549561.55,0.0049999999999954,116.02,116.01
2017-01-06,KMB,17750,KIMBERLY CLARK CORP,,,0.00362,0.1018722188359044,0.0002576655501159,1.6995429704913147e-11,0.003517,5.107877874104787,116.43,358155.0,41699986.650000006,0.0150000000000005,116.43,116.4
2017-01-09,KMB,17750,KIMBERLY CLARK CORP,,,-0.015374,0.0297838868445161,8.722958827626401e-05,-7.118575306640655e-11,-0.003549,5.260010330722732,114.64,358155.0,41058889.2,0.0049999999999954,114.66,114.65
2017-01-10,KMB,17750,KIMBERLY CLARK CORP,,,-0.002442,0.3383015756152532,8.744316194478066e-05,-8.469541650152015e-12,0.0,7.039480113358741,114.36,358155.0,40958605.8,0.0050000000000025,114.36,114.35
2017-01-11,KMB,17750,KIMBERLY CLARK CORP,,,0.000437,-0.4093208658489424,8.740494712005172e-05,2.56480420426884e-12,0.00283,4.1580740182323295,114.41,358155.0,40976513.55,0.0050000000000025,114.42,114.41
2017-01-12,KMB,17750,KIMBERLY CLARK CORP,,,0.000437,-0.1694903759312667,8.736676568237914e-05,3.086880316292387e-12,-0.002145,3.453320489732099,114.46,358155.0,40994421.3,0.0050000000000025,114.47,114.46
2017-01-13,KMB,17750,KIMBERLY CLARK CORP,,,0.001136,-0.1653048453134803,8.726764988223332e-05,9.602754268200708e-12,0.00185,2.8824698803590625,114.59,358155.0,41040981.45,0.0050000000000025,114.61,114.6
2017-01-17,KMB,17750,KIMBERLY CLARK CORP,,,0.012567,0.5194896020907214,8.618460742903478e-05,6.904429411291585e-11,-0.002968,4.379883011545281,116.03,358155.0,41556724.65,0.0049999999999954,116.02,116.01
2017-01-18,KMB,17750,KIMBERLY CLARK CORP,,,0.003189,0.284744405636087,8.591065292088406e-05,1.3594125492157856e-11,0.001764,5.627030196423337,116.4,358155.0,41689242.0,0.0049999999999954,116.41,116.4
2017-01-19,KMB,17750,KIMBERLY CLARK CORP,,,-0.004296,0.0917260484412376,0.0001725625539257,-1.6846779821035834e-11,-0.003609,6.14317544080077,115.9,358155.0,41510164.5,0.009999999999998,115.92,115.9
2017-01-20,KMB,17750,KIMBERLY CLARK CORP,,,0.002761,-0.0654778705113923,8.604371020482806e-05,1.1553990570476032e-11,0.003366,5.740933394759252,116.22,358155.0,41624774.1,0.0050000000000025,116.22,116.21
2017-01-23,KMB,17750,KIMBERLY CLARK CORP,,,0.006539,0.2774800792162417,0.000256454094717,2.1281001239392812e-11,-0.00269,7.333928047912217,116.98,358155.0,41896971.9,0.0150000000000005,117.02,116.99
2017-01-24,KMB,17750,KIMBERLY CLARK CORP,,,0.041118,0.6016649135049794,8.210854749983673e-05,8.024925817889614e-11,0.006565,11.746495232511064,121.79,358155.0,43619697.45,0.0050000000000025,121.79,121.78
2017-01-25,KMB,17750,KIMBERLY CLARK CORP,,,0.001724,-0.180538883868235,0.0002459016393442,4.098922949982293e-12,0.008026,9.625796093869972,122.0,358155.0,43694910.0,0.0150000000000005,122.0,121.97
2017-01-26,KMB,17750,KIMBERLY CLARK CORP,,,0.00123,-0.2239390728484505,0.0001637331150224,3.763640607979832e-12,-0.000735,7.470204241180494,122.15,358155.0,43748633.25,0.009999999999998,122.21,122.19
2017-01-27,KMB,17750,KIMBERLY CLARK CORP,,,-0.009578,-0.3892597657775712,8.265829062647466e-05,-4.8450830622515765e-11,-0.000866,4.562354287947955,120.98,358155.0,43329591.9,0.0049999999999954,120.99,120.98
2017-01-30,KMB,17750,KIMBERLY CLARK CORP,,,-0.003224,0.2435175608770952,0.0001658512314453,-1.315745185474874e-11,-0.00601,5.673367676006198,120.59,358155.0,43189911.45,0.009999999999998,120.57,120.55
2017-01-31,KMB,17750,KIMBERLY CLARK CORP,,,0.004478,0.4089023078872706,8.255593164373084e-05,1.2913368460815364e-11,-0.00089,8.028076275939428,121.13,356600.0,43194958.0,0.0050000000000025,121.14,121.13
2017-02-01,KMB,17750,KIMBERLY CLARK CORP,,,-0.000991,-0.3179443847517755,8.263779852908947e-05,-4.194109605939462e-12,0.000298,5.475594503645541,121.01,356600.0,43152166.0,0.0050000000000025,121.03,121.02
2017-02-02,KMB,17750,KIMBERLY CLARK CORP,,,0.003306,-0.3096778290655982,8.236553825883465e-05,2.020151548077136e-11,0.00057,3.779924284913068,121.41,356600.0,43294806.0,0.0050000000000025,121.42,121.41
2017-02-03,KMB,17750,KIMBERLY CLARK CORP,,,0.001071,0.1809349360978871,0.0001645548790522,5.535792827424038e-12,0.007265,4.463844643858665,121.54,356600.0,43341164.0,0.0100000000000051,121.48,121.46
2017-02-06,KMB,17750,KIMBERLY CLARK CORP,,,-0.002468,-0.120484455716051,8.248102936328865e-05,-1.4540029847344376e-11,-0.002115,3.926020751542344,121.24,356600.0,43234184.0,0.0050000000000025,121.25,121.24
2017-02-07,KMB,17750,KIMBERLY CLARK CORP,,,0.00998,0.6021789704282585,8.166598611670808e-05,3.633513642376214e-11,0.000227,6.290187885586091,122.45,356600.0,43665670.0,0.0049999999999954,122.46,122.45
2017-02-08,KMB,17750,KIMBERLY CLARK CORP,,,0.00392,-0.1795690837736131,8.134710811034829e-05,1.7327711608553756e-11,0.000693,5.160664610207515,122.93,356600.0,43836838.0,0.0050000000000025,122.93,122.92
2017-02-09,KMB,17750,KIMBERLY CLARK CORP,,,0.005288,0.3260279748931285,0.0001618384851917,1.7534912175941395e-11,0.005752,6.843185642176108,123.58,356600.0,44068628.0,0.009999999999998,123.53,123.51
2017-02-10,KMB,17750,KIMBERLY CLARK CORP,,,-0.000243,-0.5754642909830019,0.0001618777822743,-1.898495785303809e-12,0.003566,2.905176668536175,123.55,356600.0,44057930.0,0.009999999999998,123.57,123.55
2017-02-13,KMB,17750,KIMBERLY CLARK CORP,,,-0.000971,0.2115501560831902,8.101758081496317e-05,-6.2676280641900505e-12,0.005246,3.5197672462142457,123.43,356600.0,44015138.0,0.0049999999999954,123.44,123.43
2017-02-14,KMB,17750,KIMBERLY CLARK CORP,,,-0.004456,0.491958325266562,8.138020833337498e-05,-1.9364754827880216e-11,0.004007,5.251346045989905,122.88,356600.0,43819008.0,0.0050000000000025,122.89,122.88
2017-02-15,KMB,17750,KIMBERLY CLARK CORP,,,0.012451,-0.0867683418507659,8.03793907241452e-05,5.852157529959403e-11,0.004992,4.7956954570947845,124.41,356600.0,44364606.0,0.0049999999999954,124.41,124.4
2017-02-16,KMB,17750,KIMBERLY CLARK CORP,,,0.017764,0.6031260507149978,7.89764650134664e-05,5.1172643072657396e-11,-0.000864,7.688104318564218,126.62,356600.0,45152692.0,0.0050000000000025,126.62,126.61
2017-02-17,KMB,17750,KIMBERLY CLARK CORP,,,0.041936,1.4283321503163506,0.0001515955545817,4.7745756392868517e-11,0.001679,18.669270891755467,131.92999,356600.0,47046234.434,0.0100000000000051,131.91,131.89
2017-02-21,KMB,17750,KIMBERLY CLARK CORP,,,0.020541,-0.4359736488169216,0.0002227421271538,4.062930457008615e-11,0.006048,10.529960740325295,134.64,356600.0,48012623.99999999,0.0149949999999989,134.63,134.60001
2017-02-22,KMB,17750,KIMBERLY CLARK CORP,,,0.001411,-0.1582707143359332,7.41674701475258e-05,3.31100587146608e-12,-0.001082,8.863376332024677,134.83,356600.0,48080378.00000001,0.0049999999999954,134.81,134.8
2017-02-23,KMB,17750,KIMBERLY CLARK CORP,,,-0.003634,-0.4445619297113279,0.0001488759863034,-1.540860801915823e-11,0.000419,4.923056646102075,134.34,356600.0,47905644.0,0.0100000000000051,134.33,134.31
2017-02-24,KMB,17750,KIMBERLY CLARK CORP,,,-0.005062,0.5865210115051476,7.481669908716822e-05,-1.3597487996693636e-11,0.001493,7.810532809871004,133.66,356600.0,47663156.0,0.0049999999999954,133.64,133.63
2017-02-27,KMB,17750,KIMBERLY CLARK CORP,,,-0.007706,-0.3639443838870386,7.547312071170986e-05,-3.279669971756209e-11,0.001018,4.967933258553001,132.63,356600.0,47295858.0,0.005004999999997,132.60001,132.59
2017-02-28,KMB,17750,KIMBERLY CLARK CORP,,,-0.000603,0.348355832272595,7.54432289701313e-05,-1.904478045339748e-12,-0.002578,6.714527857968073,132.55,355751.0,47154795.05,0.0049999999999954,132.56,132.55
2017-03-01,KMB,17750,KIMBERLY CLARK CORP,,,0.005206,-0.3377418679616527,0.0003002101245713,2.4699069818863087e-11,0.013674,4.446750676737381,133.24001,355751.0,47400266.797510006,0.019999999999996,133.23,133.19
2017-03-02,KMB,17750,KIMBERLY CLARK CORP,,,0.009457,0.0172295212954254,7.427509293671176e-05,4.3694144426515024e-11,-0.00586,4.523366062217675,134.5,355751.0,47848509.5,0.0049949999999938,134.5,134.49001
2017-03-03,KMB,17750,KIMBERLY CLARK CORP,,,-0.00632,-0.1055281159737309,7.474748034037378e-05,-3.285289070918193e-11,0.000504,4.04602376381233,133.64999,355751.0,47546117.59249,0.004995000000008,133.64999,133.64
2017-03-06,KMB,17750,KIMBERLY CLARK CORP,,,-0.002394,0.2649361494591062,7.507687692187863e-05,-9.861729912464385e-12,-0.003277,5.117961720416808,133.33,355751.0,47432280.830000006,0.005004999999997,133.41,133.39999
2017-03-07,KMB,17750,KIMBERLY CLARK CORP,,,0.000375,0.1772804165385122,7.497375918421731e-05,1.3116485153756646e-12,-0.002913,6.025276106040461,133.38,355751.0,47450068.38,0.0049999999999954,133.38,133.37
2017-03-08,KMB,17750,KIMBERLY CLARK CORP,,,-0.00045,0.0042094744198502,7.563278612516976e-05,-1.5795782249438299e-12,-0.002284,6.050639351681372,132.35001,355751.0,47083648.40751,0.005004999999997,132.35001,132.34
2017-03-09,KMB,17750,KIMBERLY CLARK CORP,,,0.00272,-0.3161697377168445,0.0001507798846521,1.3924176151988491e-11,0.0008,4.137610294841054,132.71001,355751.0,47211718.76751,0.0100049999999924,132.7,132.67999
2017-03-10,KMB,17750,KIMBERLY CLARK CORP,,,0.008892,0.4670870588107414,0.000149376353723,3.075386566161728e-11,0.003269,6.070234517963407,133.89,355751.0,47631501.38999999,0.0099999999999909,133.89,133.87
2017-03-13,KMB,17750,KIMBERLY CLARK CORP,,,-0.00112,-0.0590286974899652,0.0001493943360702,-4.121247466668724e-12,0.000367,5.7119164809094,133.74001,355751.0,47578142.297510006,0.0099899999999877,133.75999,133.74001
2017-03-14,KMB,17750,KIMBERLY CLARK CORP,,,-0.001496,-0.4394046318441748,7.480905158063686e-05,-9.834284564623912e-12,-0.003379,3.202073922490731,133.53999,355751.0,47506984.98249,0.0049949999999938,133.53999,133.53
2017-03-15,KMB,17750,KIMBERLY CLARK CORP,,,0.010933,0.3369609205532942,0.0002222222222222,5.317523077031201e-11,0.008375,4.2810476990929045,135.0,355751.0,48026385.0,0.0150000000000005,134.97,134.94
2017-03-16,KMB,17750,KIMBERLY CLARK CORP,,,-0.003481,0.2133603241524715,7.440719542126292e-05,-1.4002284422060324e-11,-0.001627,5.194453423883559,134.53,355751.0,47859182.03,0.0050050000000112,134.52,134.50999
2017-03-17,KMB,17750,KIMBERLY CLARK CORP,,,-0.00944,1.8544362021979164,7.496623705296806e-05,-1.3429687007257911e-11,-0.001314,14.82723590376415,133.25999,355751.0,47407374.70249,0.004995000000008,133.36,133.35001
2017-03-20,KMB,17750,KIMBERLY CLARK CORP,,,0.003602,-0.6018625526180689,7.477193997511218e-05,1.2824575616773849e-11,-0.00201,5.903277854454379,133.74001,355751.0,47578142.297510006,0.0049999999999954,133.73,133.72
2017-03-21,KMB,17750,KIMBERLY CLARK CORP,,,-0.000449,0.0423766140325898,7.473070576992228e-05,-1.5343199173541384e-12,-0.012408,6.1534387816197285,133.67999,355751.0,47556790.12249,0.004995000000008,133.67999,133.67
2017-03-22,KMB,17750,KIMBERLY CLARK CORP,,,-0.006284,-0.1006773584664326,7.520325203264191e-05,-2.4028561287063347e-11,0.00189,5.533926819601351,132.84,355751.0,47257962.84,0.004995000000008,132.83,132.82001
2017-03-23,KMB,17750,KIMBERLY CLARK CORP,,,0.00143,-0.1995397978361355,0.000150342028114,6.8213001677478205e-12,-0.00106,4.429688180778128,133.03,355751.0,47325555.53,0.0100000000000051,133.05,133.03
2017-03-24,KMB,17750,KIMBERLY CLARK CORP,,,-0.00436,-0.0117465571311266,0.000301925254813,-2.113717315268885e-11,-0.000844,4.377654595489542,132.45,355751.0,47119219.95,0.0199949999999944,132.50999,132.47
2017-03-27,KMB,17750,KIMBERLY CLARK CORP,,,-0.000679,0.2543536958496939,7.555152614075932e-05,-2.6260644497762573e-12,-0.00102,5.491127221005703,132.36,355751.0,47087202.36000001,0.0049999999999954,132.37,132.36
2017-03-28,KMB,17750,KIMBERLY CLARK CORP,,,0.002795,-0.356339014494178,0.0002259474120394,1.6747419412537528e-11,0.007251,3.5344243586103765,132.73,355751.0,47218830.23,0.0149949999999989,132.75999,132.73
2017-03-29,KMB,17750,KIMBERLY CLARK CORP,,,-0.001507,-0.3363260761507107,7.545461404958051e-05,-1.3626348088444908e-11,0.001085,2.345705282627456,132.53,355751.0,47147680.03,0.0049999999999954,132.53,132.52
2017-03-30,KMB,17750,KIMBERLY CLARK CORP,,,-0.002188,0.0245408256809274,7.569569905524433e-05,-1.935243422541979e-11,0.002935,2.4032708270672463,132.24001,355751.0,47044515.797510006,0.0050050000000112,132.27,132.25999
2017-03-31,KMB,17750,KIMBERLY CLARK CORP,,,-0.004613,0.2393522081579853,7.597052343683739e-05,-3.3073867653807425e-11,-0.002255,2.9784990063274592,131.63,355751.0,46827504.13,0.0049999999999954,131.63,131.62
2017-04-03,KMB,17750,KIMBERLY CLARK CORP,,,-0.000912,0.1888545154604928,7.596381081002084e-05,-5.505082006852877e-12,-0.001642,3.541001992966991,131.50999,355751.0,46784810.45249,0.0049949999999938,131.50999,131.5
2017-04-04,KMB,17750,KIMBERLY CLARK CORP,,,0.005399,0.5434499073203065,0.0001513386779608,2.1001549336535864e-11,0.00056,5.465359197865923,132.22,355751.0,47037397.22,0.0100049999999924,132.2,132.17999
2017-04-05,KMB,17750,KIMBERLY CLARK CORP,,,-0.003933,-0.3977957184745001,7.600607441171224e-05,-2.5505244596171138e-11,-0.003055,3.2912627090296303,131.7,355751.0,46852406.7,0.0050050000000112,131.71001,131.7
2017-04-06,KMB,17750,KIMBERLY CLARK CORP,,,-0.00448,-0.0940557021701811,0.0001525436656241,-3.221306301322735e-11,0.001929,2.981700683905316,131.11,355751.0,46642513.61000001,0.0099999999999909,131.14,131.12
2017-04-07,KMB,17750,KIMBERLY CLARK CORP,,,0.001678,0.2597302079768615,0.0002284321937105,9.56181405790382e-12,-0.000827,3.7561384226607935,131.33,355751.0,46720778.830000006,0.0150000000000005,131.37,131.34
2017-04-10,KMB,17750,KIMBERLY CLARK CORP,,,0.004492,0.0003390084190832,7.587932080044027e-05,2.547382624533222e-11,0.000688,3.757411785209318,131.92,355751.0,46930671.92,0.005004999999997,131.94,131.92999
2017-04-11,KMB,17750,KIMBERLY CLARK CORP,,,0.005382,-0.1568583297860482,0.0001507954459773,3.600530111226295e-11,-0.001434,3.16803044826297,132.63,355751.0,47183255.13,0.0099999999999909,132.63,132.61
2017-04-12,KMB,17750,KIMBERLY CLARK CORP,,,0.003544,0.6909753955085489,0.0001503380803651,1.3971494371573036e-11,-0.00376,5.357061540234603,133.10001,355751.0,47350461.65751,0.0100049999999924,133.10001,133.08
2017-04-13,KMB,17750,KIMBERLY CLARK CORP,,,-0.003231,-0.3260208418600258,7.529961558766981e-05,-1.8960290937013468e-11,-0.006815,3.610547826991351,132.67,355751.0,47197485.17,0.004995000000008,132.67999,132.67
2017-04-17,KMB,17750,KIMBERLY CLARK CORP,,,0.005276,-0.065570171341019,0.0001499587613404,3.295950726413228e-11,0.008613,3.373803587340584,133.37,355751.0,47446510.870000005,0.0099999999999909,133.39,133.37
2017-04-18,KMB,17750,KIMBERLY CLARK CORP,,,0.004049,0.7988000673202058,7.46770218802995e-05,1.4005091364565396e-11,-0.002903,6.068798120033394,133.91,355751.0,47638616.41,0.0049999999999954,133.87,133.86
2017-04-19,KMB,17750,KIMBERLY CLARK CORP,,,-0.005377,-0.3405449144758569,7.515579247686823e-05,-2.835530841848036e-11,-0.001716,4.002099783275381,133.19,355751.0,47382475.69,0.005004999999997,133.19,133.17999
2017-04-20,KMB,17750,KIMBERLY CLARK CORP,,,-0.014716,0.8945398458016887,0.0003048845538369,-4.157371786651487e-11,0.007557,7.582137506289511,131.23,355751.0,46685203.73,0.0200050000000118,131.3,131.25999
2017-04-21,KMB,17750,KIMBERLY CLARK CORP,,,-0.009678,0.1977416378204854,7.68698001792069e-05,-2.3050213287639767e-11,-0.003035,9.08144179496333,129.96001,355751.0,46233403.51751,0.0049949999999938,129.97,129.96001
2017-04-24,KMB,17750,KIMBERLY CLARK CORP,,2020-03-12,0.003386,0.0820680885941638,0.0001532975577682,7.427691763310909e-12,0.01084,9.826738364755125,130.39999,355751.0,46389926.84249,0.0099950000000035,130.39999,130.38
2017-04-25,KMB,17750,KIMBERLY CLARK CORP,,,0.018558,-0.2203744873954195,7.528986031540658e-05,5.126560611852359e-11,0.006091,7.66117593485331,132.82001,355751.0,47250851.37751,0.0049999999999954,132.81,132.8
2017-04-26,KMB,17750,KIMBERLY CLARK CORP,,,-0.020253,-0.2122348761003144,0.0001536156151541,-7.248925191172667e-11,-0.000486,6.035207209537008,130.13,355751.0,46293877.63,0.0099950000000035,130.14999,130.13
2017-04-27,KMB,17750,KIMBERLY CLARK CORP,,,-0.000999,-0.3717235568559559,7.684615384605947e-05,-5.696827175200019e-12,0.000553,3.791778519245202,130.0,355751.0,46247630.0,0.0049949999999938,130.0,129.99001
2017-04-28,KMB,17750,KIMBERLY CLARK CORP,,,-0.001923,0.7350008784747011,0.0001541425818883,-6.332615611375915e-12,-0.001913,6.593993711400622,129.75,354928.0,46051908.0,0.0100000000000051,129.75,129.73
2017-05-01,KMB,17750,KIMBERLY CLARK CORP,,,-0.001464,-0.4501500389037226,7.718431614688874e-05,-8.780861927175569e-12,0.001732,3.62570718568273,129.56,354928.0,45984471.68,0.0049999999999954,129.59,129.58
2017-05-02,KMB,17750,KIMBERLY CLARK CORP,,,-0.021766,0.995897782595688,0.0001578033769922,-6.686419759640533e-11,0.001189,7.236540932245413,126.74,354928.0,44983574.72,0.009999999999998,126.72,126.7
2017-05-03,KMB,17750,KIMBERLY CLARK CORP,,,0.000237,0.1979866464261923,0.0003155320659461,6.075871687833309e-13,-0.001271,8.669279403146554,126.77,354928.0,44994222.56,0.019999999999996,126.71,126.67
2017-05-04,KMB,17750,KIMBERLY CLARK CORP,,,0.011201,-0.4001803722493232,7.80872142914619e-05,4.7343320517662997e-11,0.000582,5.200003944461975,128.19,354928.0,45498220.32,0.0050050000000112,128.21001,128.2
2017-05-05,KMB,17750,KIMBERLY CLARK CORP,,,0.00312,-0.3483542449259791,7.776654483234237e-05,2.0173994227724304e-11,0.004089,3.3885604967768117,128.59,354928.0,45640191.52,0.0049999999999954,128.59,128.58
2017-05-08,KMB,17750,KIMBERLY CLARK CORP,,,-0.0021,-0.0044682982801125,7.78522383221148e-05,-1.3668293952081914e-11,3.8e-05,3.3734193977370057,128.32001,354928.0,45544364.50928,0.004995000000008,128.36,128.35001
2017-05-09,KMB,17750,KIMBERLY CLARK CORP,,,-0.000857,0.8663257388787133,7.791903299896575e-05,-2.9913060034221296e-12,-0.001025,6.295899450029301,128.21001,354928.0,45505322.429280005,0.0049949999999938,128.25999,128.25
2017-05-10,KMB,17750,KIMBERLY CLARK CORP,,,0.007332,-0.3743647047714772,7.742935171726227e-05,4.060773746594217e-11,0.001131,3.938936911148177,129.14999,354928.0,45838947.65072,0.0049999999999954,129.14,129.13
2017-05-11,KMB,17750,KIMBERLY CLARK CORP,,,-0.008053,0.0709593938366526,7.805791897580911e-05,-4.198386110422706e-11,-0.002163,4.218441486724068,128.11,354928.0,45469826.080000006,0.0049999999999954,128.12,128.11
2017-05-12,KMB,17750,KIMBERLY CLARK CORP,,,-0.000937,-0.0881774034007839,7.81311039925394e-05,-5.362421034043741e-12,-0.001478,3.846470270026597,127.99,354928.0,45427234.72,0.0050000000000025,128.0,127.99
2017-05-15,KMB,17750,KIMBERLY CLARK CORP,,,7.8e-05,-0.2693932113505516,7.804687499990415e-05,6.109396163574917e-13,0.004776,2.810257291619709,128.0,354928.0,45430784.0,0.0049949999999938,128.00999,128.0
2017-05-16,KMB,17750,KIMBERLY CLARK CORP,,,-0.004531,0.412477354504887,7.848061528806401e-05,-2.5239957687068705e-11,-0.000687,3.969424784745075,127.42,354928.0,45224925.76,0.0050000000000025,127.43,127.42
2017-05-17,KMB,17750,KIMBERLY CLARK CORP,,,0.004238,0.2413461947957924,7.814942169420839e-05,1.8937644721822807e-11,-0.018178,4.927430352071406,127.96,354928.0,45416586.88,0.0049999999999954,127.99,127.98
2017-05-18,KMB,17750,KIMBERLY CLARK CORP,,,-0.009691,0.0477407579580795,7.891414141418178e-05,-4.173580883205436e-11,0.003687,5.162669611864942,126.72,354928.0,44976476.16,0.0050000000000025,126.72,126.71
2017-05-19,KMB,17750,KIMBERLY CLARK CORP,,,0.003788,-0.1831900221351949,7.861635220129808e-05,1.989698304462307e-11,0.006767,4.216920051390705,127.2,354928.0,45146841.6,0.0050000000000025,127.2,127.19
2017-05-22,KMB,17750,KIMBERLY CLARK CORP,,,-0.000943,-0.2633287966951358,7.869058860564303e-05,-6.730156510930149e-12,0.00516,3.1064835684984,127.08,354928.0,45104250.24,0.0050000000000025,127.08,127.07
2017-05-23,KMB,17750,KIMBERLY CLARK CORP,,,-0.002203,0.0698109340110177,7.886435331223111e-05,-1.4729190822517328e-11,0.001838,3.3233500879051525,126.8,354928.0,45004870.4,0.0049999999999954,126.82,126.81
2017-05-24,KMB,17750,KIMBERLY CLARK CORP,,,0.0097,-0.0480835912000339,7.810669374358279e-05,6.747529947137659e-11,0.002489,3.1635514808637244,128.03,354928.0,45441431.84,0.0049999999999954,128.03,128.02
2017-05-25,KMB,17750,KIMBERLY CLARK CORP,,,0.010701,0.4623590507225918,7.735703843558318e-05,5.0364083569707586e-11,0.004442,4.626248140467926,129.39999,354928.0,45927679.65072,0.005004999999997,129.41,129.39999
2017-05-26,KMB,17750,KIMBERLY CLARK CORP,,,0.00085,-0.347573211691946,0.0001542738131627,6.126531711919471e-12,0.000311,3.018288216201596,129.50999,354928.0,45966721.73072,0.0099899999999877,129.50999,129.49001
2017-05-30,KMB,17750,KIMBERLY CLARK CORP,,,-0.00417,1.38557699936991,7.761494921316974e-05,-1.265181830283816e-11,-0.001205,7.20035894603976,128.97,354928.0,45775064.16,0.0050050000000112,129.02,129.00999
2017-05-31,KMB,17750,KIMBERLY CLARK CORP,,,0.005893,1.0297310738849332,0.0001541663454868,8.757156549744824e-12,-0.00046,14.614792295902268,129.73,354928.0,46044809.44,0.0100000000000051,129.75,129.73
2017-06-01,KMB,17750,KIMBERLY CLARK CORP,,,0.002004,-0.6784678976071672,0.0001539349062284,9.24337325063349e-12,0.007571,4.699124892936032,129.99001,354928.0,46137094.26928,0.0100049999999924,129.92,129.89999
2017-06-02,KMB,17750,KIMBERLY CLARK CORP,,,0.005,-0.3500408609641988,7.662278015917085e-05,3.530616351192115e-11,0.003708,3.0542391696344047,130.64,354928.0,46367793.92,0.005004999999997,130.57001,130.56
2017-06-05,KMB,17750,KIMBERLY CLARK CORP,,,0.001225,-0.2333227248197705,7.65290519879396e-05,1.1268664519015588e-11,-0.001218,2.341615764324032,130.8,354928.0,46424582.400000006,0.0050050000000112,130.8,130.78999
2017-06-06,KMB,17750,KIMBERLY CLARK CORP,,,0.001223,0.4890368846294992,7.643554700417707e-05,7.546166906054338e-12,-0.002779,3.48675224270838,130.96001,354928.0,46481374.429280005,0.0050050000000112,130.96001,130.95
2017-06-07,KMB,17750,KIMBERLY CLARK CORP,,,0.001603,-0.0676475864331507,7.680491551452308e-05,1.0670409529479022e-11,0.001568,3.250881868998783,130.2,354928.0,46211625.6,0.0049999999999954,130.2,130.19
2017-06-08,KMB,17750,KIMBERLY CLARK CORP,,,-0.016513,0.1833789929010278,7.817258883244107e-05,-9.444546135033157e-11,0.000267,3.847025312175991,128.05,354928.0,45448530.400000006,0.005004999999997,128.07001,128.06
2017-06-09,KMB,17750,KIMBERLY CLARK CORP,,,0.005623,0.0984981144954251,0.0001551603634384,2.911312106073934e-11,-0.00083,4.2259500518415,128.77,354928.0,45704078.56,0.0099899999999877,128.75999,128.74001
2017-06-12,KMB,17750,KIMBERLY CLARK CORP,,,0.000388,-0.1851293546004154,7.75500638450203e-05,2.464308654921644e-12,-0.000979,3.4436026461704907,128.82001,354928.0,45721828.50928,0.004995000000008,128.83,128.82001
2017-06-13,KMB,17750,KIMBERLY CLARK CORP,,,0.004269,-0.3003785700084518,0.0002318930200201,3.85901243585361e-11,0.004511,2.4092182076364783,129.37,354928.0,45917035.36,0.0150000000000005,129.37,129.34
2017-06-14,KMB,17750,KIMBERLY CLARK CORP,,,0.00773,0.4071107555967204,7.670476336573525e-05,4.9278462259794167e-11,-0.000996,3.3900368525447413,130.37,354928.0,46271963.36,0.0049999999999954,130.38,130.37
2017-06-15,KMB,17750,KIMBERLY CLARK CORP,,,0.003452,-0.1732469317721877,7.636446442723978e-05,2.6526265520762505e-11,-0.00224,2.8027233692467206,130.82001,354928.0,46431684.50928,0.004995000000008,130.83,130.82001
2017-06-16,KMB,17750,KIMBERLY CLARK CORP,,,-0.004663,0.7818489794071968,7.679901107442434e-05,-2.0203641516256584e-11,0.000284,4.994029775052969,130.21001,354928.0,46215178.429280005,0.0049999999999954,130.2,130.19
2017-06-19,KMB,17750,KIMBERLY CLARK CORP,,,0.019737,-0.0997742762991242,7.538785961758172e-05,9.315489249508127e-11,0.008347,4.49575406843078,132.78,354928.0,47127339.84,0.0050050000000112,132.77,132.75999
2017-06-20,KMB,17750,KIMBERLY CLARK CORP,,,0.001431,-0.0314031293457477,7.5129728510098e-05,6.963059328517827e-12,-0.006697,4.354573321913176,132.97,354928.0,47194776.16,0.0049949999999938,133.03999,133.03
2017-06-21,KMB,17750,KIMBERLY CLARK CORP,,,-0.008573,-0.0918624964414193,7.577941288034705e-05,-4.633200462502705e-11,-0.000583,3.954551345625028,131.83,354928.0,46790158.24,0.004995000000008,131.83,131.82001
2017-06-22,KMB,17750,KIMBERLY CLARK CORP,,,-0.000607,-0.3174729495483338,0.0001518026565465,-4.8092872582010495e-12,-0.000456,2.699088265789118,131.75,354928.0,46761764.0,0.0100000000000051,131.75,131.73
2017-06-23,KMB,17750,KIMBERLY CLARK CORP,,,0.004175,0.5287103515514906,7.566137566154573e-05,2.1548352941939668e-11,0.001561,4.126124171662985,132.3,354928.0,46956974.400000006,0.0050050000000112,132.3,132.28999
2017-06-26,KMB,17750,KIMBERLY CLARK CORP,,,0.009221,0.0620965709942866,7.482025164760134e-05,4.440022145792323e-11,0.000316,4.382342334219898,133.52,354928.0,47389986.56,0.0049949999999938,133.47,133.46001
2017-06-27,KMB,17750,KIMBERLY CLARK CORP,,,-0.015428,-0.2287240198120631,7.599269161768458e-05,-9.782719491138634e-11,-0.008073,3.379995379344543,131.46001,354928.0,46658838.429280005,0.0049949999999938,131.47,131.46001
2017-06-28,KMB,17750,KIMBERLY CLARK CORP,,,0.000304,-0.196912445661461,0.0001520912547529,2.399543164868933e-12,0.008808,2.714432222873372,131.5,354928.0,46673032.0,0.0100000000000051,131.44,131.42
2017-06-29,KMB,17750,KIMBERLY CLARK CORP,,,-0.019011,0.4339961055730164,0.0001551162790698,-1.0667140507433365e-10,-0.0086,3.8924852364423206,129.0,354928.0,45785712.0,0.0100050000000067,129.03,129.00999
2017-06-30,KMB,17750,KIMBERLY CLARK CORP,,,0.000853,-0.0214382086233453,7.7453334365974e-05,4.886902335042681e-12,0.001533,3.8090373258801775,129.11,354928.0,45824754.080000006,0.0049999999999954,129.12,129.11
2017-07-03,KMB,17750,KIMBERLY CLARK CORP,,,-0.005267,-0.407725525062614,0.000155804730655,-5.1217498442400867e-11,0.002311,2.2559955822025874,128.42999,354928.0,45583399.49072,0.0100049999999924,128.45,128.42999
2017-07-05,KMB,17750,KIMBERLY CLARK CORP,,,0.001791,0.4501158962728357,7.772423441622031e-05,1.1988664831063608e-11,0.001453,3.271455055673264,128.66,354928.0,45665036.48,0.0049999999999954,128.63,128.62
2017-07-06,KMB,17750,KIMBERLY CLARK CORP,,,-0.017721,0.4250734843872052,7.912644405764454e-05,-8.474057275409343e-11,-0.009369,4.662063855204436,126.38,354928.0,44855800.64,0.0050000000000025,126.42,126.41
2017-07-07,KMB,17750,KIMBERLY CLARK CORP,,,0.003323,0.0237850192512587,7.886435331234319e-05,1.546976932593544e-11,0.006403,4.772951133751071,126.8,354928.0,45004870.4,0.0050000000000025,126.76,126.75
2017-07-10,KMB,17750,KIMBERLY CLARK CORP,,,0.001656,-0.3477274042031718,7.873395795610673e-05,1.1799566000918208e-11,0.000928,3.113265225623225,127.01,354928.0,45079405.28,0.0050000000000025,127.03,127.02
2017-07-11,KMB,17750,KIMBERLY CLARK CORP,,,-0.009448,0.2445481160377742,7.948493760436464e-05,-5.4608047405638047e-11,-0.000783,3.874608371275301,125.81,354928.0,44653491.68,0.0050000000000025,125.83,125.82
2017-07-12,KMB,17750,KIMBERLY CLARK CORP,,,-0.008823,0.8087037078781594,8.019246190862162e-05,-2.8445549161289697e-11,0.007306,7.008018527701393,124.7,354928.0,44259521.6,0.0050000000000025,124.73,124.72
2017-07-13,KMB,17750,KIMBERLY CLARK CORP,,,-0.006415,-0.2789117861556633,8.071025020181691e-05,-2.8866986827245118e-11,0.001875,5.053399562728215,123.9,354928.0,43975579.2,0.0050000000000025,123.93,123.92
2017-07-14,KMB,17750,KIMBERLY CLARK CORP,,,0.004923,-0.3276562743052632,8.031483414990856e-05,3.278765419005197e-11,0.004674,3.397621489428842,124.51,354928.0,44192085.28,0.0050000000000025,124.51,124.5
2017-07-17,KMB,17750,KIMBERLY CLARK CORP,,,0.001446,-0.0164705355536187,0.0001603977865106,9.777639848532806e-12,-5.3e-05,3.341660843889465,124.69,354928.0,44255972.32,0.0100000000000051,124.62,124.6
2017-07-18,KMB,17750,KIMBERLY CLARK CORP,,,-0.000962,-0.1120341571048076,0.0001605522999117,-7.332679712746163e-12,0.000598,2.9672806879141684,124.57,354928.0,44213380.96,0.0100000000000051,124.59,124.57
2017-07-19,KMB,17750,KIMBERLY CLARK CORP,,,-0.004977,0.6570148627335921,8.067769261791774e-05,-2.300889773538449e-11,0.005373,4.916828201776135,123.95,354928.0,43993325.6,0.0049999999999954,123.91,123.9
2017-07-20,KMB,17750,KIMBERLY CLARK CORP,,,-0.001936,-0.1284473274044192,0.0001616684180744,-1.0289200053133684e-11,-0.000154,4.285274759951314,123.71,354928.0,43908142.88,0.009999999999998,123.74,123.72
2017-07-21,KMB,17750,KIMBERLY CLARK CORP,,,0.012691,0.2354125409937382,7.982120051089652e-05,5.391171642226256e-11,-0.000368,5.294082180047784,125.28,354928.0,44465379.84,0.0050000000000025,125.25,125.24
2017-07-24,KMB,17750,KIMBERLY CLARK CORP,,,-0.011734,-0.0802977938476374,0.0004846135207172,-5.4841861998363485e-11,-0.001064,4.868979060541856,123.81,354928.0,43943635.68,0.0300000000000011,123.89,123.83
2017-07-25,KMB,17750,KIMBERLY CLARK CORP,,,0.007027,0.2686540476825623,8.020532563354912e-05,2.5707022745194432e-11,0.002923,6.177049993238065,124.68,354928.0,44252423.04,0.0049999999999954,124.69,124.68
2017-07-26,KMB,17750,KIMBERLY CLARK CORP,,,-0.01957,0.0947871016708568,0.0001636125654449,-6.670009219486469e-11,0.000283,6.762554658973087,122.24,354928.0,43386398.72,0.009999999999998,122.22,122.2
2017-07-27,KMB,17750,KIMBERLY CLARK CORP,,,0.016116,0.1388289406804377,8.050881571524761e-05,4.7466930829581424e-11,-0.000973,7.701392958571879,124.21,354928.0,44085606.88,0.0049999999999954,124.21,124.2
2017-07-28,KMB,17750,KIMBERLY CLARK CORP,,,-0.01417,-0.1853408159681573,8.166598611682414e-05,-5.196675007139349e-11,-0.001341,6.2740105035387455,122.45,354928.0,43460933.6,0.0050000000000025,122.45,122.44
2017-07-31,KMB,17750,KIMBERLY CLARK CORP,,,0.005798,0.0343125763981135,0.0003247807729782,2.0439544918742738e-11,-0.000728,6.519135133299179,123.16,353303.0,43512797.48,0.0200000000000031,123.15,123.11
2017-08-01,KMB,17750,KIMBERLY CLARK CORP,,,-0.011936,-0.2772940609491887,8.217602103698665e-05,-5.892573206210684e-11,0.002449,4.711417678310119,121.69,353303.0,42993442.07,0.0049999999999954,121.69,121.68
2017-08-02,KMB,17750,KIMBERLY CLARK CORP,,,-0.002712,-0.0916868021420701,8.239947264330014e-05,-1.4780174465179386e-11,0.000493,4.279442857830247,121.36,353303.0,42876852.08,0.0049999999999954,121.35,121.34
2017-08-03,KMB,17750,KIMBERLY CLARK CORP,,,0.002637,-0.0465620328849027,0.0001643655489809,1.503363250378317e-11,-0.002184,4.080183298754893,121.68,353303.0,42989909.04,0.009999999999998,121.7,121.68
2017-08-04,KMB,17750,KIMBERLY CLARK CORP,,,-0.002959,-0.2738624846605125,8.242664029006682e-05,-2.3300577748085702e-11,0.001889,2.9627741626875514,121.32,353303.0,42862719.96,0.0049999999999954,121.32,121.31
2017-08-07,KMB,17750,KIMBERLY CLARK CORP,,,0.000824,0.0163848916224109,8.235875473555349e-05,6.378710743988935e-12,0.001647,3.0113188962448665,121.42,353303.0,42898050.26,0.0049999999999954,121.41,121.4
2017-08-08,KMB,17750,KIMBERLY CLARK CORP,,,0.000165,0.5154139267681039,8.234519104088534e-05,8.427268613294704e-13,-0.002414,4.563394593309425,121.44,353303.0,42905116.32,0.0050000000000025,121.45,121.44
2017-08-09,KMB,17750,KIMBERLY CLARK CORP,,,0.0014,-0.0932814227969293,8.223007976321944e-05,7.87500584310668e-12,-0.000364,4.137714652861708,121.61,353303.0,42965177.83,0.0050000000000025,121.61,121.6
2017-08-10,KMB,17750,KIMBERLY CLARK CORP,,,-0.00444,-0.0683338497961852,8.25968448004535e-05,-2.6926397232420865e-11,-0.014474,3.854968681273581,121.07,353303.0,42774394.21,0.0049999999999954,121.1,121.09
2017-08-11,KMB,17750,KIMBERLY CLARK CORP,,,-0.003552,-0.2113964163727301,8.289124668427475e-05,-2.7412882403041523e-11,0.001276,3.040042116823237,120.64,353303.0,42622473.92,0.0049999999999954,120.63,120.62
2017-08-14,KMB,17750,KIMBERLY CLARK CORP,,,0.008704,-0.1402310494052451,8.217602103710342e-05,7.745604339281191e-11,0.010044,2.6137338205449714,121.69,353303.0,42993442.07,0.0050000000000025,121.68,121.67
2017-08-15,KMB,17750,KIMBERLY CLARK CORP,,,0.004438,0.206520185393745,0.0002454389266137,3.258863809394348e-11,-0.000499,3.1535226137338204,122.23,353303.0,43184225.690000005,0.0150000000000005,122.24,122.21
2017-08-16,KMB,17750,KIMBERLY CLARK CORP,,,0.000818,-0.097590178692437,0.0002452382898716,6.650790072431387e-12,0.00142,2.845769778348896,122.33,353303.0,43219555.99,0.0150000000000005,122.33,122.3
2017-08-17,KMB,17750,KIMBERLY CLARK CORP,,,-0.000409,0.3514922634245025,8.177952240763098e-05,-2.4615418617902616e-12,-0.015437,3.8460358389257943,122.28,353303.0,43201890.84,0.0050000000000025,122.29,122.28
2017-08-18,KMB,17750,KIMBERLY CLARK CORP,,,-0.007278,-0.2008402903704401,8.237910865808647e-05,-5.521218155200993e-11,-0.001835,3.0735968842608186,121.39,353303.0,42887451.17,0.0050000000000025,121.39,121.38
2017-08-21,KMB,17750,KIMBERLY CLARK CORP,,,0.010627,0.0166569820178632,8.151287903481338e-05,7.846360055613725e-11,0.001163,3.124793732292112,122.68,353303.0,43343212.04,0.0049999999999954,122.66,122.65
2017-08-22,KMB,17750,KIMBERLY CLARK CORP,,,-0.002038,-0.2253906027088792,8.167932696238761e-05,-1.9465469749717103e-11,0.009941,2.4204945896298646,122.43,353303.0,43254886.29,0.0050000000000025,122.4,122.39
2017-08-23,KMB,17750,KIMBERLY CLARK CORP,,,-0.001307,0.0660934459661728,8.17862108448934e-05,-1.1724894955869928e-11,-0.003454,2.580473418000979,122.27,353303.0,43198357.81,0.0050000000000025,122.26,122.25
2017-08-24,KMB,17750,KIMBERLY CLARK CORP,,,-0.010469,0.2843612240577653,8.265145879817262e-05,-7.389615181665092e-11,-0.002074,3.3142599977922638,120.99,353303.0,42746129.97,0.0049999999999954,120.99,120.98
2017-08-25,KMB,17750,KIMBERLY CLARK CORP,,,0.004381,-0.1482187784494141,8.229098090841759e-05,3.6146273533848615e-11,0.001673,2.8230244294557365,121.52,353303.0,42933380.56,0.0049999999999954,121.55,121.54
2017-08-28,KMB,17750,KIMBERLY CLARK CORP,,,0.006995,0.129994194807812,0.0001634387513279,5.0719455773809526e-11,0.000487,3.1900012170856176,122.37,353303.0,43233688.11,0.009999999999998,122.35,122.33
2017-08-29,KMB,17750,KIMBERLY CLARK CORP,,,8.2e-05,0.5024058660008499,0.0001634253963065,3.957108505965113e-13,0.000843,4.792676541099283,122.38,353303.0,43237221.14,0.009999999999998,122.41,122.39
2017-08-30,KMB,17750,KIMBERLY CLARK CORP,,,-0.000654,-0.3563696688118294,8.176614881443268e-05,-4.906698181253692e-12,0.004615,3.0847119894255077,122.3,353303.0,43208956.9,0.0050000000000025,122.29,122.28
2017-08-31,KMB,17750,KIMBERLY CLARK CORP,,,0.008095,0.3951201921753509,8.110957904132627e-05,4.31832604279114e-11,0.005721,4.303543983492922,123.29,353303.0,43558726.870000005,0.0050000000000025,123.28,123.27
2017-09-01,KMB,17750,KIMBERLY CLARK CORP,,,-0.000649,-0.293916623642265,8.116224332444701e-05,-4.906470378917699e-12,0.001982,3.0386608661687,123.21,353303.0,43530462.63,0.0050000000000025,123.2,123.19
2017-09-05,KMB,17750,KIMBERLY CLARK CORP,,,-0.002435,0.209042184565859,0.0001627206899356,-1.52630291933711e-11,-0.007551,3.6738691717873895,122.91,353303.0,43424471.73,0.009999999999998,122.91,122.89
2017-09-06,KMB,17750,KIMBERLY CLARK CORP,,,-0.021154,0.9423354127038056,8.311861025687903e-05,-6.974218232987269e-11,0.003129,7.135886194003447,120.31,353303.0,42505883.93,0.0050000000000025,120.31,120.3
2017-09-07,KMB,17750,KIMBERLY CLARK CORP,,,0.002244,-0.2509866607433968,8.360504974492856e-05,9.935061726990105e-12,-0.000178,5.344873946725615,119.61,353303.0,42258571.83,0.0049999999999954,119.6,119.59
2017-09-08,KMB,17750,KIMBERLY CLARK CORP,,,-0.012374,-0.0397164735537715,8.465250148134179e-05,-5.776511424537508e-11,-0.001489,5.132594401972245,118.13,353303.0,41735683.39,0.0049999999999954,118.13,118.12
2017-09-11,KMB,17750,KIMBERLY CLARK CORP,,,0.012444,0.0104595830615084,8.361204013382205e-05,5.67839506586566e-11,0.010839,5.1862791994407065,119.6,353303.0,42255038.8,0.0050000000000025,119.56,119.55
2017-09-12,KMB,17750,KIMBERLY CLARK CORP,,,0.008361,-0.1091071030950791,8.291873963508214e-05,4.246999414910686e-11,0.003364,4.620419300147465,120.6,353303.0,42608341.8,0.0049999999999954,120.66,120.65
2017-09-13,KMB,17750,KIMBERLY CLARK CORP,,,-0.005141,-0.1195246531504379,8.334722453746554e-05,-2.9812117995741377e-11,0.000757,4.06816528588775,119.98,353303.0,42389293.940000005,0.0050000000000025,120.0,119.99
2017-09-14,KMB,17750,KIMBERLY CLARK CORP,,,0.007085,-0.1606872632271037,0.0001655218074981,4.8606611988506845e-11,-0.001101,3.41446293974294,120.83,353303.0,42689601.49,0.009999999999998,120.83,120.81
2017-09-15,KMB,17750,KIMBERLY CLARK CORP,,,0.002235,1.1125636221960642,0.0001651527663089,7.2419222651286394e-12,0.001847,7.213270195837567,121.1,353303.0,42784993.3,0.0100000000000051,121.09,121.07
2017-09-18,KMB,17750,KIMBERLY CLARK CORP,,,0.006358,-0.6053596864000753,8.20546483958736e-05,5.1873164092981054e-11,0.001456,2.8466472121663275,121.87,353303.0,43057036.61,0.0050000000000025,121.89,121.88
2017-09-19,KMB,17750,KIMBERLY CLARK CORP,,,-0.000903,0.1236148107492176,8.212877792382651e-05,-6.562732198622488e-12,0.00111,3.1985349685680564,121.76,353303.0,43018173.28,0.0050000000000025,121.75,121.74
2017-09-20,KMB,17750,KIMBERLY CLARK CORP,,,-0.013141,0.7667894928728944,0.0001664447403461,-5.477536239483135e-11,0.000634,5.651137975052575,120.16,353303.0,42452888.48,0.009999999999998,120.17,120.15
2017-09-21,KMB,17750,KIMBERLY CLARK CORP,,,-0.016977,-0.2715655496142373,8.465966813402391e-05,-9.882431148092233e-11,-0.003046,4.116483584911535,118.12,353303.0,41732150.36,0.0049999999999954,118.13,118.12
2017-09-22,KMB,17750,KIMBERLY CLARK CORP,,,-0.00508,0.0637109228351047,8.509189925123483e-05,-2.7941814010507374e-11,0.000648,4.3787485529418095,117.52,353303.0,41520168.56,0.0050000000000025,117.45,117.44
2017-09-25,KMB,17750,KIMBERLY CLARK CORP,,,-0.000255,0.0011124577818717,8.511362669155592e-05,-1.4013902090056408e-12,-0.002222,4.3836197258443885,117.49,353303.0,41509569.47,0.0049999999999954,117.44,117.43
2017-09-26,KMB,17750,KIMBERLY CLARK CORP,,,0.001617,-0.2592400561486518,8.497620666205731e-05,1.1977044754248784e-11,7.2e-05,3.2472099019821514,117.68,353303.0,41576697.04,0.0049999999999954,117.69,117.68
2017-09-27,KMB,17750,KIMBERLY CLARK CORP,,,-0.009942,0.838709818008122,8.582954252858223e-05,-4.045196973908596e-11,0.004085,5.970676727907773,116.51,353303.0,41163332.53,0.0050000000000025,116.51,116.5
2017-09-28,KMB,17750,KIMBERLY CLARK CORP,,,0.003862,-0.3492949373725383,8.54993160055157e-05,2.405580204592865e-11,0.001205,3.8851495741615554,116.96,353303.0,41322318.88,0.0050000000000025,116.92,116.91
2017-09-29,KMB,17750,KIMBERLY CLARK CORP,,,0.006156,0.2131906879833314,0.0001699524133243,3.1413173628034684e-11,0.003705,4.713427284795204,117.68,353303.0,41576697.04,0.0100000000000051,117.65,117.63
2017-10-02,KMB,17750,KIMBERLY CLARK CORP,,,-0.006033,-0.1263826603285477,0.0001709840129947,-3.545303777056125e-11,0.003874,4.117731805277623,116.97,353303.0,41325851.91,0.009999999999998,117.02,117.0
2017-10-03,KMB,17750,KIMBERLY CLARK CORP,,,-0.011883,0.2140483239357522,8.652015919713718e-05,-5.821059671063598e-11,0.002159,4.999125396614238,115.58,353303.0,40834760.74,0.0050000000000025,115.58,115.57
2017-10-04,KMB,17750,KIMBERLY CLARK CORP,,,0.01393,-0.054036731842152,8.533151292776786e-05,7.114509004152576e-11,0.001247,4.728988998112103,117.19,353303.0,41403578.57,0.0050000000000025,117.2,117.19
2017-10-05,KMB,17750,KIMBERLY CLARK CORP,,,0.002389,-0.0852381482505628,8.512811781735861e-05,1.3306551134820664e-11,0.005647,4.325898732815742,117.47,353303.0,41502503.41,0.0050000000000025,117.47,117.46
2017-10-06,KMB,17750,KIMBERLY CLARK CORP,,,-0.017707,1.180308475856036,0.0001733252448218,-4.6050589822129805e-11,-0.001074,9.431793672853049,115.39,353303.0,40767633.17,0.009999999999998,115.41,115.39
2017-10-09,KMB,17750,KIMBERLY CLARK CORP,,,0.000867,-0.2019463544641043,8.658758334059327e-05,2.822935878286144e-12,-0.001804,7.527077324562769,115.49,353303.0,40802963.47,0.0050000000000025,115.48,115.47
2017-10-10,KMB,17750,KIMBERLY CLARK CORP,,,0.008312,-0.377735971231949,8.58737655645419e-05,4.313379228039465e-11,0.002322,4.683829460831071,116.45,353303.0,41142134.35,0.0049999999999954,116.46,116.45
2017-10-11,KMB,17750,KIMBERLY CLARK CORP,,,0.011936,0.1863354787948594,8.486082824160645e-05,5.1595301959071915e-11,0.001803,5.556593066008497,117.84,353303.0,41633225.52,0.0049999999999954,117.85,117.84
2017-10-12,KMB,17750,KIMBERLY CLARK CORP,,,-0.002376,-0.0470582901758949,8.506294658051306e-05,-1.0803503198946945e-11,-0.001687,5.295109297118904,117.56,353303.0,41534300.68,0.0050000000000025,117.54,117.53
2017-10-13,KMB,17750,KIMBERLY CLARK CORP,,,0.008506,-0.2994032429288777,0.0001686909581647,5.473899391789517e-11,0.000878,3.709736401898653,118.56,353303.0,41887603.68,0.0100000000000051,118.59,118.57
2017-10-16,KMB,17750,KIMBERLY CLARK CORP,,,-0.002868,-0.0721300168388316,8.458805616639236e-05,-1.9948520428068043e-11,0.001751,3.4421530527620767,118.22,353303.0,41767480.66,0.0049999999999954,118.21,118.2
2017-10-17,KMB,17750,KIMBERLY CLARK CORP,,,0.000508,0.298813524618809,0.000169090294217,2.719118232418292e-12,0.000672,4.4707149387353065,118.28,353303.0,41788678.84,0.009999999999998,118.28,118.26
2017-10-18,KMB,17750,KIMBERLY CLARK CORP,,,-0.008285,0.0690983382894898,0.0002557544757033,-4.1826597933667017e-11,0.000742,4.779633911967914,117.3,353303.0,41442441.9,0.0150000000000005,117.33,117.3
2017-10-19,KMB,17750,KIMBERLY CLARK CORP,,,-0.014919,0.2512318946572398,8.65426222414982e-05,-6.11068643544738e-11,0.000328,5.980430395439608,115.55,353303.0,40824161.65,0.0050000000000025,115.56,115.55
2017-10-20,KMB,17750,KIMBERLY CLARK CORP,,,-0.01826,1.3354638923491082,8.815232722135847e-05,-3.261982545459955e-11,0.005117,13.967079249256305,113.44,353303.0,40078692.32,0.0049999999999954,113.41,113.4
2017-10-23,KMB,17750,KIMBERLY CLARK CORP,,,-0.008022,-0.0765594288992587,8.886519150453315e-05,-1.5644167780359988e-11,-0.003972,12.897767638542554,112.53,353303.0,39757186.59,0.0050000000000025,112.58,112.57
2017-10-24,KMB,17750,KIMBERLY CLARK CORP,,,-0.004354,-0.3277011161292305,8.925383791494917e-05,-1.2685017203339339e-11,0.001618,8.67115478781669,112.04,353303.0,39584068.120000005,0.0049999999999954,112.05,112.04
2017-10-25,KMB,17750,KIMBERLY CLARK CORP,,,0.003213,0.0858573972309857,8.896797153029463e-05,8.593050341197694e-12,-0.004663,9.41563756888563,112.4,353303.0,39711257.2,0.0050000000000025,112.4,112.39
2017-10-26,KMB,17750,KIMBERLY CLARK CORP,,,0.010587,-0.3558241469524342,8.80359186548562e-05,4.349419668124595e-11,0.001271,6.065326362923609,113.59,353303.0,40131687.77,0.0050000000000025,113.59,113.58
2017-10-27,KMB,17750,KIMBERLY CLARK CORP,,,-0.010388,0.1485838336682381,8.896005693448195e-05,-3.7545923794474525e-11,0.008073,6.966535806375831,112.41,353303.0,39714790.23,0.0050000000000025,112.42,112.41
2017-10-30,KMB,17750,KIMBERLY CLARK CORP,,,-0.010142,-0.2183092010800805,8.987148377824315e-05,-4.7374683258634254e-11,-0.003192,5.445676940190149,111.27,353303.0,39312024.81,0.0050000000000025,111.26,111.25
2017-10-31,KMB,17750,KIMBERLY CLARK CORP,,,0.011144,0.1949069997827412,8.8880988356636e-05,4.3084065222505926e-11,0.000944,6.535676617665036,112.51,351757.0,39576180.07,0.0050000000000025,112.51,112.5
2017-11-01,KMB,17750,KIMBERLY CLARK CORP,,,-0.004089,0.1291247819675767,8.924587237844816e-05,-1.4058209345290274e-11,0.001592,7.379594435931623,112.05,351757.0,39414371.85,0.0050000000000025,112.01,112.0
2017-11-02,KMB,17750,KIMBERLY CLARK CORP,,,-0.004462,-0.1722751619524282,8.964589870018033e-05,-1.861653110729265e-11,0.00019,6.108273609338265,111.55,351757.0,39238493.35,0.0050000000000025,111.58,111.57
2017-11-03,KMB,17750,KIMBERLY CLARK CORP,,,-0.006813,-0.1155104559746964,9.026085386772377e-05,-3.235816552914813e-11,0.003097,5.402704139505397,110.79,351757.0,38971158.03,0.0050000000000025,110.79,110.78
2017-11-06,KMB,17750,KIMBERLY CLARK CORP,,,-0.008304,0.0437135840718907,9.101665604810336e-05,-3.8104208582498715e-11,0.001271,5.638875701123219,109.87,351757.0,38647541.59,0.0050000000000025,109.89,109.88
2017-11-07,KMB,17750,KIMBERLY CLARK CORP,,,0.018749,0.1120914699871036,8.93415527562326e-05,7.593741786612536e-11,-0.000189,6.27094556753668,111.93,351757.0,39372161.010000005,0.0050000000000025,111.93,111.92
2017-11-08,KMB,17750,KIMBERLY CLARK CORP,,,0.011614,-0.0909110279080752,0.0001766316347257,5.1149117511959516e-11,0.001444,5.700847460036332,113.23,351757.0,39829445.11,0.009999999999998,113.25,113.23
2017-11-09,KMB,17750,KIMBERLY CLARK CORP,,,0.00053,-0.2158620624311517,8.826904404617269e-05,2.975155417148237e-12,-0.003762,4.470250769707497,113.29,351757.0,39850550.53,0.0049999999999954,113.3,113.29
2017-11-10,KMB,17750,KIMBERLY CLARK CORP,,,0.007503,0.075294987032908,8.761170492382264e-05,3.887718594396657e-11,-0.000898,4.80683824344647,114.14,351757.0,40149543.98,0.0050000000000025,114.14,114.13
2017-11-13,KMB,17750,KIMBERLY CLARK CORP,,,0.011127,0.035950791293553,0.0001732952083874,5.504188062199293e-11,0.000984,4.979647881918483,115.41,351757.0,40596275.37,0.009999999999998,115.41,115.39
2017-11-14,KMB,17750,KIMBERLY CLARK CORP,,,-0.007452,0.0741436813566367,8.729812309039822e-05,-3.457593966452873e-11,-0.00231,5.348857307743698,114.55,351757.0,40293764.35,0.0050000000000025,114.56,114.55
2017-11-15,KMB,17750,KIMBERLY CLARK CORP,,,-0.009777,-0.0681095595105601,8.816009873935569e-05,-4.915968205858725e-11,-0.005526,4.984548992628434,113.43,351757.0,39899796.510000005,0.0050000000000025,113.43,113.42
2017-11-16,KMB,17750,KIMBERLY CLARK CORP,,,0.01296,-0.1707092137907434,8.703220191475296e-05,7.757280845085932e-11,0.008196,4.133640552995392,114.9,351757.0,40416879.3,0.0050000000000025,114.9,114.89
2017-11-17,KMB,17750,KIMBERLY CLARK CORP,,,-0.005048,0.0233804229190865,8.747375787268297e-05,-2.9674579108197046e-11,-0.002626,4.230286817319911,114.32,351757.0,40212860.24,0.0050000000000025,114.33,114.32
2017-11-20,KMB,17750,KIMBERLY CLARK CORP,,,0.00901,0.4298889876770206,8.669267446905172e-05,3.671066976633961e-11,0.001276,6.0488405348010135,115.35,351757.0,40575169.95,0.0050000000000025,115.36,115.35
2017-11-21,KMB,17750,KIMBERLY CLARK CORP,,,0.014304,0.568560648430575,8.547008547012919e-05,3.6631562213434186e-11,0.006541,9.487973231520623,117.0,351757.0,41155569.0,0.0050000000000025,117.0,116.99
2017-11-22,KMB,17750,KIMBERLY CLARK CORP,,,-0.00812,-0.5557431232904295,8.6169754416244e-05,-4.719114621799185e-11,-0.00075,4.215097354139363,116.05,351757.0,40821399.85,0.0050000000000025,116.06,116.05
2017-11-24,KMB,17750,KIMBERLY CLARK CORP,,,0.003705,-0.3167594035165814,0.0003434065934066,3.1398783964097665e-11,0.002056,2.8799256304778584,116.48,351757.0,40972655.36,0.0200000000000031,116.54,116.5
2017-11-27,KMB,17750,KIMBERLY CLARK CORP,,,0.002404,0.4061670190733972,8.564576909905033e-05,1.4453713696012384e-11,-0.000384,4.049656438962124,116.76,351757.0,41071147.32,0.0050000000000025,116.79,116.78
2017-11-28,KMB,17750,KIMBERLY CLARK CORP,,,0.00531,0.2702108466509183,8.519338899293667e-05,2.500136207750183e-11,0.009848,5.143917533979423,117.38,351757.0,41289236.66,0.0049999999999954,117.55,117.54
2017-11-29,KMB,17750,KIMBERLY CLARK CORP,,,0.014994,0.1766013101515466,8.393486654348585e-05,5.91144750003486e-11,-0.000369,6.052340109791703,119.14,351757.0,41908328.98,0.0049999999999954,119.13,119.12
2017-11-30,KMB,17750,KIMBERLY CLARK CORP,,,0.005204,1.4076139773870064,8.350033400126006e-05,8.47759315743698e-12,0.008191,14.571698644234514,119.76,351757.0,42126418.32,0.0049999999999954,119.71,119.7
2017-12-01,KMB,17750,KIMBERLY CLARK CORP,,,0.006263,-0.5983974472154714,8.29806655049798e-05,2.524700876113849e-11,-0.002024,5.852031373931435,120.51,351757.0,42390236.07,0.0050000000000025,120.5,120.49
2017-12-04,KMB,17750,KIMBERLY CLARK CORP,,,0.021575,0.2867835839130859,0.000243684509788,6.616107708578778e-11,-0.001052,7.530297904519313,123.11,351757.0,43304804.27,0.0150000000000005,123.11,123.08
2017-12-05,KMB,17750,KIMBERLY CLARK CORP,,,-0.002112,-0.2235469555483825,8.140008140000737e-05,-8.358890760568014e-12,-0.003739,5.846922733591656,122.85,351757.0,43213347.45,0.0049999999999954,122.85,122.84
2017-12-06,KMB,17750,KIMBERLY CLARK CORP,,,-0.005617,-0.0607508353203389,0.0001637197118532,-2.3802604412579943e-11,-0.000114,5.491717293472482,122.16,351757.0,42970635.12,0.009999999999998,122.16,122.14
2017-12-07,KMB,17750,KIMBERLY CLARK CORP,,,-0.011706,0.0113285880678142,8.350033400137872e-05,-5.0032652473269765e-11,0.002932,5.553930696475123,119.76,351757.0,42126418.32,0.0050000000000025,119.76,119.75
2017-12-08,KMB,17750,KIMBERLY CLARK CORP,,,0.002922,-0.2216587139658707,8.325701440338778e-05,1.5998813364180068e-11,0.005506,4.322853560838874,120.11,351757.0,42249533.27,0.0049999999999954,120.1,120.09
2017-12-11,KMB,17750,KIMBERLY CLARK CORP,,,-0.013488,0.3474017390572368,8.439530762093946e-05,-5.555913578833449e-11,0.003202,5.824620405564068,118.49,351757.0,41679686.93,0.0050000000000025,118.48,118.47
2017-12-12,KMB,17750,KIMBERLY CLARK CORP,,,-0.017639,-0.0040783834451602,0.000171821305842,-7.426521539493369e-11,0.001549,5.800865370127673,116.4,351757.0,40944514.8,0.0100000000000051,116.43,116.41
2017-12-13,KMB,17750,KIMBERLY CLARK CORP,,,0.008505,0.1442277486590264,8.518613169780318e-05,3.1030959520121734e-11,-0.000473,6.637511122735297,117.39,351757.0,41292754.23,0.0050000000000025,117.43,117.42
2017-12-14,KMB,17750,KIMBERLY CLARK CORP,,,-0.001193,-0.073759921123561,0.0001705756929637,-4.704960833897635e-12,-0.004071,6.147928825865583,117.25,351757.0,41243508.25,0.009999999999998,117.32,117.3
2017-12-15,KMB,17750,KIMBERLY CLARK CORP,,,0.010746,0.8662720448797891,8.438106488896215e-05,2.246701149932004e-11,0.008974,11.473707701623564,118.51,351757.0,41686722.07,0.0049999999999954,118.52,118.51
2017-12-18,KMB,17750,KIMBERLY CLARK CORP,,,0.009619,-0.3647652836737358,8.357709987455833e-05,3.135714155247751e-11,0.005363,7.288497457051316,119.65,351757.0,42087725.05,0.0049999999999954,119.69,119.68
2017-12-19,KMB,17750,KIMBERLY CLARK CORP,,,0.007689,-0.0585061900787119,8.293937131948997e-05,2.6419973381042883e-11,-0.00323,6.862075239440864,120.57,351757.0,42411341.49,0.0049999999999954,120.57,120.56
2017-12-20,KMB,17750,KIMBERLY CLARK CORP,,,-0.000995,-0.2092035613806212,8.30220008301445e-05,-4.327662132399117e-12,-0.000828,5.426504660888056,120.45,351757.0,42369130.65,0.0049999999999954,120.46,120.45
2017-12-21,KMB,17750,KIMBERLY CLARK CORP,,,-0.001411,-0.0076639332023966,8.313934153645757e-05,-6.1931541376637306e-12,0.001986,5.384916291644516,120.28,351757.0,42309331.96,0.0050000000000025,120.31,120.3
2017-12-22,KMB,17750,KIMBERLY CLARK CORP,,,0.003159,-0.4822873409207774,8.287750704451273e-05,2.669782089221692e-11,-0.000458,2.7878393322663086,120.66,351757.0,42442999.62,0.0049999999999954,120.71,120.7
2017-12-26,KMB,17750,KIMBERLY CLARK CORP,,,0.005387,-0.3659021335002987,0.0001648668700024,7.141403813491315e-11,-0.001058,1.767762972734018,121.31,351757.0,42671641.67,0.009999999999998,121.31,121.29
2017-12-27,KMB,17750,KIMBERLY CLARK CORP,,,0.004699,0.8318235253440287,8.204791598297601e-05,3.38471873724887e-11,0.000791,3.2382298006862693,121.88,351757.0,42872143.16,0.0050000000000025,121.86,121.85
2017-12-28,KMB,17750,KIMBERLY CLARK CORP,,,-0.013538,0.3780399799836709,8.317391665977806e-05,-7.173472391510005e-11,0.001834,4.462410129720233,120.23,351757.0,42291744.11,0.0050000000000025,120.22,120.21
2017-12-29,KMB,17750,KIMBERLY CLARK CORP,,,0.003576,-0.1546591543266032,8.287750704451273e-05,2.2335213267997497e-11,-0.005183,3.7722575527992337,120.66,351757.0,42442999.62,0.0049999999999954,120.69,120.68
2018-01-02,KMB,17750,KIMBERLY CLARK CORP,,,-0.013178,0.5515133565148713,8.398421096826158e-05,-5.37585499096656e-11,0.008303,5.852707977382114,119.07,351757.0,41883705.99,0.0049999999999954,119.1,119.09
2018-01-03,KMB,17750,KIMBERLY CLARK CORP,,,-0.016713,0.2124007458963799,0.0001708233686367,-5.719076428926945e-11,0.006399,7.095827517291767,117.08,351757.0,41183709.56,0.009999999999998,117.07,117.05
2018-01-04,KMB,17750,KIMBERLY CLARK CORP,,,0.011531,-0.1958287777237803,0.0002533141940386,4.8507726061505946e-11,0.004029,5.7062602876417525,118.43,351757.0,41658581.510000005,0.0150000000000005,118.42,118.39
2018-01-05,KMB,17750,KIMBERLY CLARK CORP,,,-0.002195,-0.2918384011295241,8.462384700012792e-05,-1.3067743149888475e-11,0.007034,4.040954408867485,118.17,351757.0,41567124.69,0.0050000000000025,118.18,118.17
2018-01-08,KMB,17750,KIMBERLY CLARK CORP,,,0.010663,0.5054325420666734,0.0001674621116971,4.172323537489252e-11,0.001662,6.083384268116911,119.43,351757.0,42010338.510000005,0.009999999999998,119.47,119.45
2018-01-09,KMB,17750,KIMBERLY CLARK CORP,,,-0.022021,0.0854499309071146,8.561643835608651e-05,-8.117015957726789e-11,0.001303,6.603209033508928,116.8,351757.0,41085217.6,0.0049999999999954,116.8,116.79
2018-01-10,KMB,17750,KIMBERLY CLARK CORP,,,-0.015753,0.1624225855406904,8.69867780096634e-05,-5.0752177935141714e-11,-0.001112,7.675719317597091,114.96,351757.0,40437984.72,0.0049999999999954,114.96,114.95
2018-01-11,KMB,17750,KIMBERLY CLARK CORP,,,-0.019659,0.2044772050838743,8.873114463181114e-05,-5.363855718891645e-11,0.007034,9.245228950667649,112.7,351757.0,39643013.9,0.0050000000000025,112.7,112.69
2018-01-12,KMB,17750,KIMBERLY CLARK CORP,,,0.002485,0.0433225074214178,8.85112409275173e-05,6.482549280100412e-12,0.00675,9.645755450495654,112.98,351757.0,39741505.86,0.0049999999999954,112.96,112.95
2018-01-16,KMB,17750,KIMBERLY CLARK CORP,,,0.011329,-0.0439727883778244,8.751969193072917e-05,3.056666853330648e-11,-0.003524,9.221604687326762,114.26,351757.0,40191754.82,0.0050000000000025,114.28,114.27
2018-01-17,KMB,17750,KIMBERLY CLARK CORP,,,0.021005,-0.1738273807835588,8.57191839532908e-05,6.718629098751155e-11,0.009415,7.618637297907362,116.66,351757.0,41035971.62,0.0049999999999954,116.63,116.62
2018-01-18,KMB,17750,KIMBERLY CLARK CORP,,,-0.011315,-0.0418607497493385,0.0001734003814808,-3.8205503945041176e-11,-0.001616,7.299715428548685,115.34,351757.0,40571652.38,0.009999999999998,115.33,115.31
2018-01-19,KMB,17750,KIMBERLY CLARK CORP,,,0.001301,0.0088370020788821,8.658758334059327e-05,4.348737903050135e-12,0.004385,7.364223028966019,115.49,351757.0,40624415.93,0.0050000000000025,115.5,115.49
2018-01-22,KMB,17750,KIMBERLY CLARK CORP,,,0.012295,-0.053398738504264,0.0005132152938157,4.2888426409400064e-11,0.008067,6.970982809155184,116.91,351757.0,41123910.87,0.0300000000000011,116.98,116.92
2018-01-23,KMB,17750,KIMBERLY CLARK CORP,,,0.007955,0.4805904509292473,8.486082824172704e-05,1.859412497583264e-11,0.002174,10.321170580827106,117.84,351757.0,41451044.88,0.0050000000000025,117.86,117.85
2018-01-24,KMB,17750,KIMBERLY CLARK CORP,,,0.015869,0.4607976104958375,8.35352100909774e-05,2.499524367793521e-11,-0.00056,15.07714132199217,119.71,351757.0,42108830.47,0.0049999999999954,119.77,119.76
2018-01-25,KMB,17750,KIMBERLY CLARK CORP,,,0.031159,-0.3016432575530452,8.101101749842122e-05,6.815355485694456e-11,0.000603,10.529223299038826,123.44,351757.0,43420884.08,0.0050000000000025,123.45,123.44
2018-01-26,KMB,17750,KIMBERLY CLARK CORP,,,-0.009802,-0.1184579429158945,0.0001636259510758,-2.4561493143710456e-11,0.011841,9.281953166532578,122.23,351757.0,42995258.11,0.009999999999998,122.2,122.18
2018-01-29,KMB,17750,KIMBERLY CLARK CORP,,,-0.020617,-0.0697193132479344,0.0001670704201821,-5.6702070003817375e-11,-0.006732,8.634821766162435,119.71,351757.0,42108830.47,0.0100000000000051,119.68,119.66
2018-01-30,KMB,17750,KIMBERLY CLARK CORP,,,-0.010108,-0.2095218247168017,8.438818565405161e-05,-3.5527191163503247e-11,-0.010899,6.825638153611727,118.5,351757.0,41683204.5,0.0050000000000025,118.51,118.5
2018-01-31,KMB,17750,KIMBERLY CLARK CORP,,,-0.012658,0.5339550830790607,0.0002564102564102,-2.937518271593397e-11,0.000489,10.4898148675591,117.0,351100.0,41078700.0,0.0150000000000005,117.03,117.0
2018-02-01,KMB,17750,KIMBERLY CLARK CORP,,,0.007692,-0.4012724499276943,8.481764206959386e-05,2.958677132712388e-11,-0.000648,6.280541156365707,117.9,351100.0,41394690.0,0.0050000000000025,117.92,117.91
2018-02-02,KMB,17750,KIMBERLY CLARK CORP,,,-0.014334,0.1854688544454714,0.0002581533430858,-4.7185205981615626e-11,-0.021209,7.445385929934492,116.21,351100.0,40801331.0,0.0150000000000005,116.18,116.15
2018-02-05,KMB,17750,KIMBERLY CLARK CORP,,,-0.03726,0.3268276541415222,0.0001787629603147,-9.601914500900329e-11,-0.040979,9.87874394759328,111.88,351100.0,39281068.0,0.0100000000000051,111.76,111.74
2018-02-06,KMB,17750,KIMBERLY CLARK CORP,,,0.0202,0.4411746304592832,8.761170492382264e-05,3.54049784542122e-11,0.017441,14.236995158074622,114.14,351100.0,40074554.0,0.0050000000000025,114.2,114.19
2018-02-07,KMB,17750,KIMBERLY CLARK CORP,,,-0.015595,-0.5160833743947566,8.899964400146952e-05,-5.737912730123101e-11,-0.005002,6.88951865565366,112.36,351100.0,39449596.0,0.0050000000000025,112.36,112.35
2018-02-08,KMB,17750,KIMBERLY CLARK CORP,,,-0.005963,0.1612478347685528,8.953353030714581e-05,-1.9006663733946423e-11,-0.037536,8.000438621475363,111.69,351100.0,39214359.0,0.0050000000000025,111.7,111.69
2018-02-09,KMB,17750,KIMBERLY CLARK CORP,,,-0.002238,0.211412148436749,0.0002692031586504,-5.901771991756043e-12,0.014936,9.691828538877813,111.44,351100.0,39126584.0,0.0150000000000005,111.47,111.44
2018-02-12,KMB,17750,KIMBERLY CLARK CORP,,,0.020011,-0.2079354625792104,0.0001759479194158,6.531693704657312e-11,0.013915,7.676553688407861,113.67,351100.0,39909537.0,0.009999999999998,113.67,113.65
2018-02-13,KMB,17750,KIMBERLY CLARK CORP,,,-0.008885,-0.2914555226662728,8.876264867748194e-05,-4.1297470042301166e-11,0.002613,5.4391797208772426,112.66,351100.0,39554926.0,0.0050000000000025,112.67,112.66
2018-02-14,KMB,17750,KIMBERLY CLARK CORP,,,0.000621,-0.1210009341800998,0.0001774150625387,3.281704263100507e-12,0.013402,4.781033893477642,112.73,351100.0,39579503.0,0.009999999999998,112.77,112.75
2018-02-15,KMB,17750,KIMBERLY CLARK CORP,,,0.027411,0.2436291455903387,0.0001726817475392,1.1336990311756243e-10,0.012069,5.94583309598405,115.82,351100.0,40664402.0,0.009999999999998,115.85,115.83
2018-02-16,KMB,17750,KIMBERLY CLARK CORP,,,0.002418,-0.0354041182573906,8.613264427210082e-05,1.0342728628239502e-11,0.000373,5.735326117915124,116.1,351100.0,40762710.0,0.0049999999999954,116.13,116.12
2018-02-20,KMB,17750,KIMBERLY CLARK CORP,,,-0.014212,-0.0834465178805099,8.737439930092534e-05,-6.728103181965055e-11,-0.005841,5.256733124465964,114.45,351100.0,40183395.0,0.0049999999999954,114.41,114.4
2018-02-21,KMB,17750,KIMBERLY CLARK CORP,,,-0.021931,0.1748700585542459,8.933357155610958e-05,-9.035174354560583e-11,-0.005497,6.175978353745371,111.94,351100.0,39302134.0,0.0049999999999954,111.96,111.95
2018-02-22,KMB,17750,KIMBERLY CLARK CORP,,,0.007772,-0.4387124801580531,8.864462370361772e-05,5.660609712889819e-11,0.000974,3.46649957277129,112.81,351100.0,39607591.0,0.0050000000000025,112.83,112.82
2018-02-23,KMB,17750,KIMBERLY CLARK CORP,,,0.007446,0.0602840550560024,8.798944126709296e-05,5.077025923911098e-11,0.016028,3.675474223867844,113.65,351100.0,39902515.0,0.0050000000000025,113.65,113.64
2018-02-26,KMB,17750,KIMBERLY CLARK CORP,,,0.007127,-0.0321529006345804,8.736676568225499e-05,4.985423466096363e-11,0.011757,3.55729706636286,114.46,351100.0,40186906.0,0.0049999999999954,114.49,114.48
2018-02-27,KMB,17750,KIMBERLY CLARK CORP,,,-0.018522,0.5695482746942073,8.901548869507848e-05,-8.410616266625653e-11,-0.012707,5.583349473084591,112.34,351100.0,39442574.0,0.0050000000000025,112.36,112.35
2018-02-28,KMB,17750,KIMBERLY CLARK CORP,,,-0.01264,0.1781714562054854,0.0001803101334295,-4.9340446438211525e-11,-0.011096,6.585533181639322,110.92,350706.0,38900309.52,0.0100000000000051,110.9,110.88
2018-03-01,KMB,17750,KIMBERLY CLARK CORP,,,0.005229,-0.2072639858398864,8.96860986547544e-05,2.561421481253241e-11,-0.013324,5.220589325531927,111.5,350706.0,39103719.0,0.0050000000000025,111.45,111.44
2018-03-02,KMB,17750,KIMBERLY CLARK CORP,,,0.009417,0.0222601879302548,0.0001776988005331,4.470364097897064e-11,0.005072,5.336800625024949,112.55,350706.0,39471960.3,0.0100000000000051,112.54,112.52
2018-03-05,KMB,17750,KIMBERLY CLARK CORP,,,0.005597,-0.0158074595223033,8.835483300941081e-05,2.684611051926696e-11,0.011032,5.252439365166264,113.18,350706.0,39692905.080000006,0.0050000000000025,113.23,113.22
2018-03-06,KMB,17750,KIMBERLY CLARK CORP,,,-0.001149,0.0939962932843736,8.845643520558077e-05,-5.0434691414788616e-12,0.002639,5.746149196192823,113.05,350706.0,39647313.3,0.0049999999999954,113.05,113.04
2018-03-07,KMB,17750,KIMBERLY CLARK CORP,,,-0.011411,-0.3729166552948106,8.947745168222187e-05,-8.079638911844161e-11,-0.000484,3.603314457123631,111.76,350706.0,39194902.56,0.0050000000000025,111.76,111.75
2018-03-08,KMB,17750,KIMBERLY CLARK CORP,,,0.011543,0.3484376088071257,8.924587237844816e-05,6.045477621021628e-11,0.004463,4.858844730343935,112.05,350706.0,39296607.3,0.0050000000000025,112.04,112.03
2018-03-09,KMB,17750,KIMBERLY CLARK CORP,,,-0.000982,-0.0069048242221656,8.933357155610958e-05,-5.1839296129542376e-12,0.017379,4.825295261558114,111.94,350706.0,39258029.64,0.0049999999999954,111.94,111.93
2018-03-12,KMB,17750,KIMBERLY CLARK CORP,,,0.010005,0.8631829624289411,8.844861135684695e-05,2.8066322970412237e-11,-0.001274,8.99040792002418,113.06,350706.0,39650820.36,0.0050000000000025,113.08,113.07
2018-03-13,KMB,17750,KIMBERLY CLARK CORP,,,-0.000884,-0.5014240451127343,8.852691218134841e-05,-4.9782151054399935e-12,-0.006364,4.482401213552092,112.96,350706.0,39615749.76,0.0050000000000025,112.95,112.94
2018-03-14,KMB,17750,KIMBERLY CLARK CORP,,,-0.016643,0.5906234394928769,0.0001800504141159,-5.992036375054185e-11,-0.005724,7.129812435487274,111.08,350706.0,38956422.48,0.009999999999998,111.11,111.09
2018-03-15,KMB,17750,KIMBERLY CLARK CORP,,,-0.00126,-0.3182028324297691,9.013881377325688e-05,-6.662019351942944e-12,-0.000782,4.861085923822233,110.94,350706.0,38907323.64,0.0050000000000025,110.95,110.94
2018-03-16,KMB,17750,KIMBERLY CLARK CORP,,,0.009735,1.2583827424959466,8.926977325482161e-05,2.2571807997449527e-11,0.001703,10.978192560150095,112.02,350706.0,39286086.12,0.0050000000000025,112.01,112.0
2018-03-19,KMB,17750,KIMBERLY CLARK CORP,,,-0.008302,-0.6275566099532535,9.001710324966347e-05,-5.211628508772781e-11,-0.014204,4.088755253688275,111.09,350706.0,38959929.54,0.0050000000000025,111.11,111.1
2018-03-20,KMB,17750,KIMBERLY CLARK CORP,,,-0.008732,0.0501600124411503,9.081002542685355e-05,-5.2657196799931983e-11,0.001482,4.293847268082097,110.12,350706.0,38619744.72,0.0050000000000025,110.15,110.14
2018-03-21,KMB,17750,KIMBERLY CLARK CORP,,,-0.015619,1.017972239451005,9.22509225091412e-05,-4.7415350651620905e-11,-0.001844,8.664864587432207,108.4,350706.0,38016530.4,0.0049999999999954,108.41,108.4
2018-03-22,KMB,17750,KIMBERLY CLARK CORP,,,-0.008487,-0.2676710038765046,0.0001860811313733,-3.5482592062900074e-11,-0.025163,6.345531584860253,107.48,350706.0,37693880.88,0.0100000000000051,107.51,107.49
2018-03-23,KMB,17750,KIMBERLY CLARK CORP,,,-0.025493,0.3307273786114595,9.547450830633108e-05,-8.218793674971189e-11,-0.020967,8.444172611817306,104.74,350706.0,36732946.44,0.0050000000000025,104.7,104.69
2018-03-26,KMB,17750,KIMBERLY CLARK CORP,,,0.007829,-0.2505076952896278,0.000189465706707,3.341484377352155e-11,0.027157,6.328842392203156,105.56,350706.0,37020525.36,0.009999999999998,105.58,105.56
2018-03-27,KMB,17750,KIMBERLY CLARK CORP,,,0.018378,0.1386759465714646,0.0001860465116278,6.764289084507594e-11,-0.017276,7.206500601643542,107.5,350706.0,37700895.0,0.009999999999998,107.49,107.47
2018-03-28,KMB,17750,KIMBERLY CLARK CORP,,,0.018233,0.0452985977874962,0.0002740727206285,6.305139462576112e-11,-0.002917,7.532944973852743,109.46,350706.0,38388278.76,0.0150000000000005,109.45,109.42
2018-03-29,KMB,17750,KIMBERLY CLARK CORP,,,0.006121,0.283655878893911,0.0001816035594298,1.6389289818127526e-11,0.01377,9.687415194321057,110.13,350065.0,38552658.45,0.0100000000000051,110.15,110.13
2018-04-02,KMB,17750,KIMBERLY CLARK CORP,,,-0.027604,-0.4106601596768129,0.0002801382015127,-1.2897356185775944e-10,-0.022337,5.709179723765587,107.09,350065.0,37488460.85,0.0150000000000005,107.12,107.09
2018-04-03,KMB,17750,KIMBERLY CLARK CORP,,,0.007377,0.2216734447989177,0.0001853911753801,2.800665912750941e-11,0.012615,6.974753260108837,107.88,350065.0,37765012.2,0.0100000000000051,107.87,107.85
2018-04-04,KMB,17750,KIMBERLY CLARK CORP,,,0.01307,-0.0340139342083545,0.0001829993595022,5.0704529797196834e-11,0.011566,6.7375144615999885,109.29,350065.0,38258603.85,0.009999999999998,109.31,109.29
2018-04-05,KMB,17750,KIMBERLY CLARK CORP,,,0.001098,0.0500714840530356,9.13993236450518e-05,4.052080413064162e-12,0.006863,7.074871809521089,109.41,350065.0,38300611.65,0.0050000000000025,109.47,109.46
2018-04-06,KMB,17750,KIMBERLY CLARK CORP,,,-0.007403,-0.2600634320749879,0.0001841620626151,-3.719770676615131e-11,-0.02192,5.234956365246454,108.6,350065.0,38017059.0,0.0100000000000051,108.59,108.57
2018-04-09,KMB,17750,KIMBERLY CLARK CORP,,,-0.00221,0.0847288651214821,0.0001845699520117,-1.0259833728302673e-11,0.003337,5.678508277034265,108.36,350065.0,37933043.4,0.009999999999998,108.35,108.33
2018-04-10,KMB,17750,KIMBERLY CLARK CORP,,,0.001015,-0.3011267969818603,0.0002765741679727,6.735580931918137e-12,0.016727,3.968557267935955,108.47,350065.0,37971550.55,0.0150000000000005,108.47,108.44
2018-04-11,KMB,17750,KIMBERLY CLARK CORP,,,-0.006269,0.1506680208716482,9.277298450695904e-05,-3.638215428134968e-11,-0.005525,4.56649193721166,107.79,350065.0,37733506.35,0.0050000000000025,107.75,107.74
2018-04-12,KMB,17750,KIMBERLY CLARK CORP,,,-0.015122,-0.0538193847122019,0.0001883948756594,-9.417657474773066e-11,0.008251,4.3207261508576975,106.16,350065.0,37162900.4,0.0100000000000051,106.18,106.16
2018-04-13,KMB,17750,KIMBERLY CLARK CORP,,,-0.003014,0.3151404760881566,9.448223733929426e-05,-1.4315807157308375e-11,-0.002887,5.6823618470855415,105.84,350065.0,37050879.6,0.0049999999999954,105.85,105.84
2018-04-16,KMB,17750,KIMBERLY CLARK CORP,,,0.009165,0.1300992963991483,9.362419249138764e-05,3.817037023682629e-11,0.008109,6.421633125276735,106.81,350065.0,37390442.65,0.0050000000000025,106.81,106.8
2018-04-17,KMB,17750,KIMBERLY CLARK CORP,,,-0.001966,0.0724176141431296,9.380863039404424e-05,-7.650118959466555e-12,0.010662,6.886672475111765,106.6,350065.0,37316929.0,0.0050000000000025,106.61,106.6
2018-04-18,KMB,17750,KIMBERLY CLARK CORP,,,-0.000657,0.1484248063803337,0.0001877405425701,-2.2275771656066328e-12,0.000831,7.908825503835002,106.53,350065.0,37292424.45,0.009999999999998,106.55,106.53
2018-04-19,KMB,17750,KIMBERLY CLARK CORP,,,-0.029945,0.4758948827260536,9.676795045485886e-05,-7.091526793616772e-11,-0.005726,11.672595089483382,103.34,350065.0,36175717.1,0.0050000000000025,103.34,103.33
2018-04-20,KMB,17750,KIMBERLY CLARK CORP,,,-0.03203,0.2632288401330636,0.0002999100269919,-6.203381999222639e-11,-0.008537,14.745158756230984,100.03,350065.0,35017001.95,0.0150000000000005,100.03,100.0
2018-04-23,KMB,17750,KIMBERLY CLARK CORP,,,-0.015095,0.4836247840854406,0.0001015022330491,-2.000720813730383e-11,5.6e-05,21.87628297601874,98.52,350065.0,34488403.8,0.0050000000000025,98.51,98.5
2018-04-24,KMB,17750,KIMBERLY CLARK CORP,,,0.019082,-0.187495339914321,0.000199203187251,3.054513818151499e-11,-0.013381,17.774581863368233,100.4,350065.0,35146526.0,0.0100000000000051,100.4,100.38
2018-04-25,KMB,17750,KIMBERLY CLARK CORP,,,0.018924,-0.3534031611348869,9.775171065498648e-05,4.5978589489605095e-11,0.001837,11.492988445003071,102.3,350065.0,35811649.5,0.0050000000000025,102.29,102.28
2018-04-26,KMB,17750,KIMBERLY CLARK CORP,,,0.003812,-0.3413939775204043,9.73804654786748e-05,1.4009330427585783e-11,0.010434,7.569351406167426,102.69,350065.0,35948174.85,0.0050000000000025,102.7,102.69
2018-04-27,KMB,17750,KIMBERLY CLARK CORP,,,0.017723,-0.1642164493832472,9.568462348091958e-05,7.657344937772358e-11,0.001114,6.326339394112522,104.51,350065.0,36585293.15,0.0049999999999954,104.52,104.51
2018-04-30,KMB,17750,KIMBERLY CLARK CORP,,,-0.009281,0.3452978601391654,9.658103148546569e-05,-3.008617532075587e-11,-0.008188,8.52874224584847,103.54,349329.0,36169524.66,0.0050000000000025,103.53,103.52
2018-05-01,KMB,17750,KIMBERLY CLARK CORP,,,-0.003187,-0.3280508381562743,0.0001937796725123,-1.542425649966734e-11,0.002549,5.730881203679053,103.21,349329.0,36054246.09,0.009999999999998,103.25,103.23
2018-05-02,KMB,17750,KIMBERLY CLARK CORP,,,-0.020734,0.2806810115871272,9.89413277926696e-05,-8.001360012934174e-11,-0.007206,7.339430737213343,101.07,349329.0,35306682.03,0.0050000000000025,101.12,101.11
2018-05-03,KMB,17750,KIMBERLY CLARK CORP,,,0.012664,-0.2356155289881414,0.0001954079140204,6.313558114110966e-11,-0.002254,5.610146881592997,102.35,349329.0,35753823.15,0.009999999999998,102.39,102.37
2018-05-04,KMB,17750,KIMBERLY CLARK CORP,,,0.013483,-0.2238682060856613,0.0001928082521931,8.545506515291816e-11,0.012811,4.354213363333706,103.73,349329.0,36235897.17,0.009999999999998,103.75,103.73
2018-05-07,KMB,17750,KIMBERLY CLARK CORP,,,-0.005495,-0.0547633777389742,0.0001938735944164,-3.7048572299117047e-11,0.003458,4.115761932161372,103.16,349329.0,36036779.64,0.009999999999998,103.16,103.14
2018-05-08,KMB,17750,KIMBERLY CLARK CORP,,,-0.012699,0.274226832805311,9.818360333829274e-05,-6.805763557898969e-11,-0.000266,5.244414291398653,101.85,349329.0,35579158.65,0.0050000000000025,101.86,101.85
2018-05-09,KMB,17750,KIMBERLY CLARK CORP,,,0.01188,-0.1752191289861606,9.703085581206e-05,7.628797547671912e-11,0.009682,4.325492587217208,103.06,349329.0,36001846.74,0.0049999999999954,103.05,103.04
2018-05-10,KMB,17750,KIMBERLY CLARK CORP,,,0.007471,-0.1842880967823059,9.6311278050709e-05,5.83779539864265e-11,0.009371,3.528355790672976,103.83,349329.0,36270830.07,0.0050000000000025,103.84,103.83
2018-05-11,KMB,17750,KIMBERLY CLARK CORP,,,0.010305,1.172172159178034,9.532888465209834e-05,3.669198881045381e-11,0.001708,7.664196216174437,104.9,349329.0,36644612.1,0.0050000000000025,104.9,104.89
2018-05-14,KMB,17750,KIMBERLY CLARK CORP,,,-0.000953,-0.4562683065117957,9.541984732829308e-05,-6.2466290161557456e-12,0.000884,4.167266387846414,104.8,349329.0,36609679.2,0.0050000000000025,104.81,104.8
2018-05-15,KMB,17750,KIMBERLY CLARK CORP,,,-0.007634,0.490809185936842,9.615384615389536e-05,-3.3822900845503406e-11,-0.006842,6.212599011247277,104.0,349329.0,36330216.0,0.0050000000000025,104.0,103.99
2018-05-16,KMB,17750,KIMBERLY CLARK CORP,,,0.008558,-0.2278479671151729,0.0001906759462293,4.868861420848444e-11,0.004061,4.797070956032852,104.89,349329.0,36641118.81,0.009999999999998,104.89,104.87
2018-05-17,KMB,17750,KIMBERLY CLARK CORP,,,-0.000191,0.0650357211909131,9.535615523986952e-05,-1.02048621372333e-12,-0.000856,5.109051925262432,104.87,349329.0,36634132.23,0.0050000000000025,104.86,104.85
2018-05-18,KMB,17750,KIMBERLY CLARK CORP,,,-0.011443,0.4004986720754844,9.645992090277712e-05,-4.4160007733125495e-11,-0.002632,7.155220436894733,103.67,349329.0,36214937.43,0.0049999999999954,103.63,103.62
2018-05-21,KMB,17750,KIMBERLY CLARK CORP,,,0.010128,-0.1671292877129503,9.549274255161494e-05,4.6457818184721607e-11,0.007387,5.95937354184737,104.72,349329.0,36581732.88,0.0050000000000025,104.7,104.69
2018-05-22,KMB,17750,KIMBERLY CLARK CORP,,,0.000573,-0.1596617705408155,9.543806069865544e-05,3.125984767374752e-12,-0.003136,5.007889410841928,104.78,349329.0,36602692.62,0.0050000000000025,104.79,104.78
2018-05-23,KMB,17750,KIMBERLY CLARK CORP,,,-0.002195,0.0611729386229915,9.56480153037314e-05,-1.1309279843460978e-11,0.003248,5.314236722402091,104.55,349329.0,36522346.95,0.0050000000000025,104.56,104.55
2018-05-24,KMB,17750,KIMBERLY CLARK CORP,,,-0.001817,-0.1582796322162531,9.58221540820728e-05,-1.1142367640206042e-11,-0.002023,4.473101288470182,104.36,349329.0,36455974.44,0.0050000000000025,104.37,104.36
2018-05-25,KMB,17750,KIMBERLY CLARK CORP,,,0.01054,0.1252559862381799,9.4822681585349e-05,5.684053262089541e-11,-0.002357,5.033384001900787,105.46,349329.0,36840236.34,0.0049999999999954,105.46,105.45
2018-05-29,KMB,17750,KIMBERLY CLARK CORP,,,-0.005974,0.1441386515551608,9.539254030339709e-05,-2.832737097518737e-11,-0.011564,5.758889184694085,104.83,349329.0,36620159.07,0.0050000000000025,104.84,104.83
2018-05-30,KMB,17750,KIMBERLY CLARK CORP,,,0.005628,0.0763933039293709,9.485866059576092e-05,2.465396227506992e-11,0.012696,6.198829756475987,105.42,349329.0,36826263.18,0.0050000000000025,105.42,105.41
2018-05-31,KMB,17750,KIMBERLY CLARK CORP,,,-0.04335,2.2003804323481098,0.0001983143282103,-6.202506714386822e-11,-0.00688,19.838613456082943,100.85,349329.0,35229829.65,0.0100000000000051,100.87,100.85
2018-06-01,KMB,17750,KIMBERLY CLARK CORP,,,0.000198,-0.7325723359041575,9.913750371770712e-05,1.059133932908582e-12,0.010849,5.305394055460612,100.87,349329.0,35236816.230000004,0.0050000000000025,100.87,100.86
2018-06-04,KMB,17750,KIMBERLY CLARK CORP,,,0.004759,-0.2317819619624804,9.866798223981368e-05,3.2980342717805876e-11,0.00448,4.07569941230187,101.35,349329.0,35404494.15,0.0050000000000025,101.34,101.33
2018-06-05,KMB,17750,KIMBERLY CLARK CORP,,,-0.005328,0.0012530201719391,9.919650828295918e-05,-3.707489885484672e-11,0.000703,4.080806345880244,100.81,349329.0,35215856.49,0.0050000000000025,100.81,100.8
2018-06-06,KMB,17750,KIMBERLY CLARK CORP,,,-0.000595,0.4344236305578783,9.925558312660164e-05,-2.888110817811997e-12,0.008567,5.853605054261169,100.75,349329.0,35194896.75,0.0050000000000025,100.78,100.77
2018-06-07,KMB,17750,KIMBERLY CLARK CORP,,,0.020546,0.5227651731142968,0.0001964250638381,6.480420658761447e-11,-0.000714,8.913665913794732,101.82,349329.0,35568678.78,0.009999999999998,101.85,101.83
2018-06-08,KMB,17750,KIMBERLY CLARK CORP,,,0.014241,-0.4221992920551788,9.68335431392554e-05,7.664736806445409e-11,0.003126,5.150322475374217,103.27,349329.0,36075205.83,0.0049999999999954,103.27,103.26
2018-06-11,KMB,17750,KIMBERLY CLARK CORP,,,0.003583,0.2359621756189147,9.648784253189036e-05,1.554694853111658e-11,0.001069,6.365603771802513,103.64,349329.0,36204457.56,0.0050000000000025,103.65,103.64
2018-06-12,KMB,17750,KIMBERLY CLARK CORP,,,-0.001061,-0.1083806645710507,9.659036028209328e-05,-5.168868088438079e-12,0.001743,5.675695404618569,103.53,349329.0,36166031.37,0.0050000000000025,103.54,103.53
2018-06-13,KMB,17750,KIMBERLY CLARK CORP,,,-0.006182,-0.0203779218584898,9.719117504135596e-05,-3.0934531860221904e-11,-0.004026,5.560036527170661,102.89,349329.0,35942460.81,0.0050000000000025,102.9,102.89
2018-06-14,KMB,17750,KIMBERLY CLARK CORP,,,-0.008261,0.2263610536472047,9.800078400632218e-05,-3.398846388072127e-11,0.002472,6.818612253777957,102.04,349329.0,35645531.160000004,0.0050000000000025,102.06,102.05
2018-06-15,KMB,17750,KIMBERLY CLARK CORP,,,0.01372,0.4478796476316145,0.0001933488012375,3.845939966523589e-11,-0.001017,9.872529907336636,103.44,349329.0,36134591.76,0.0100000000000051,103.43,103.41
2018-06-18,KMB,17750,KIMBERLY CLARK CORP,,,-0.026102,-0.3555601562416184,9.926543577517278e-05,-1.165806188656167e-10,-0.002126,6.362251630983972,100.74,349329.0,35191403.46,0.0049999999999954,100.74,100.73
2018-06-19,KMB,17750,KIMBERLY CLARK CORP,,,0.015882,0.0012719801270539,9.77135040061648e-05,6.973683510911655e-11,-0.004023,6.370344288621901,102.34,349329.0,35750329.86,0.0049999999999954,102.35,102.34
2018-06-20,KMB,17750,KIMBERLY CLARK CORP,,,-0.006742,-0.1968741040719061,9.837678307924364e-05,-3.711078922109883e-11,0.001712,5.11618846416988,101.65,349329.0,35509292.85,0.0050000000000025,101.67,101.66
2018-06-21,KMB,17750,KIMBERLY CLARK CORP,,,-0.014855,0.6328436191587778,9.986019572603471e-05,-5.0832246189165606e-11,-0.006345,8.353935688133536,100.14,349329.0,34981806.06,0.0050000000000025,100.15,100.14
2018-06-22,KMB,17750,KIMBERLY CLARK CORP,,,0.008288,-0.2162502330146058,9.90393186093979e-05,3.588840796851323e-11,0.001862,6.547395148985626,100.97,349329.0,35271749.13,0.0049999999999954,100.99,100.98
2018-06-25,KMB,17750,KIMBERLY CLARK CORP,,,0.02882,0.1084791633419974,0.0001925298421254,1.0942871734041306e-10,-0.013725,7.257651096817041,103.88,349329.0,36288296.52,0.009999999999998,103.88,103.86
2018-06-26,KMB,17750,KIMBERLY CLARK CORP,,,-0.005391,-0.1842509864679163,9.678668215258532e-05,-2.5228861362521088e-11,0.002205,5.920421722788546,103.32,349329.0,36092672.28,0.0050000000000025,103.33,103.32
2018-06-27,KMB,17750,KIMBERLY CLARK CORP,,,0.000774,0.0817638739468371,9.671179883937046e-05,3.3458052937450658e-12,-0.008604,6.404498338242745,103.4,349329.0,36120618.6,0.0049999999999954,103.41,103.4
2018-06-28,KMB,17750,KIMBERLY CLARK CORP,,,0.010928,-0.0264343664195358,9.5666315890224e-05,4.7997071810384346e-11,0.006179,6.235199482436328,104.53,349329.0,36515360.37,0.0050000000000025,104.54,104.53
2018-06-29,KMB,17750,KIMBERLY CLARK CORP,,,0.007749,-0.0613492454098366,9.4930700588484e-05,3.5980179048408756e-11,0.000758,5.852674699209056,105.34,349329.0,36798316.86,0.0049999999999954,105.35,105.34
2018-07-02,KMB,17750,KIMBERLY CLARK CORP,,,-0.003512,-0.1913725985065363,0.0001905306277985,-2.0237265501566196e-11,0.003068,4.7326331338079575,104.97,349329.0,36669065.13,0.0100000000000051,104.98,104.96
2018-07-03,KMB,17750,KIMBERLY CLARK CORP,,,-0.003525,-0.2734227090221298,0.00019120458891,-2.8054861964643252e-11,-0.004947,3.438623761554294,104.6,349329.0,36539813.4,0.009999999999998,104.66,104.64
2018-07-05,KMB,17750,KIMBERLY CLARK CORP,,,0.020746,1.215482542201162,9.365926758444232e-05,7.301254687845869e-11,0.008621,7.618210912921629,106.77,349329.0,37297857.33,0.0049999999999954,106.77,106.76
2018-07-06,KMB,17750,KIMBERLY CLARK CORP,,,0.000749,-0.2518820018472438,9.35891436592504e-05,3.520866476045076e-12,0.008481,5.6993206976804105,106.85,349329.0,37325803.65,0.0049999999999954,106.85,106.84
2018-07-09,KMB,17750,KIMBERLY CLARK CORP,,,-0.01591,-0.1220530222437865,9.510223490256886e-05,-8.656351411200492e-11,0.008823,5.00370138179195,105.15,349329.0,36731944.35,0.0050000000000025,105.15,105.14
2018-07-10,KMB,17750,KIMBERLY CLARK CORP,,,-0.003709,0.7044626296813732,9.545628102334017e-05,-1.1883594820767584e-11,0.003473,8.528622015349427,104.76,349329.0,36595706.04,0.0050000000000025,104.76,104.75
2018-07-11,KMB,17750,KIMBERLY CLARK CORP,,,0.003436,-0.363941805024343,0.0001902587519025,1.7248742656016493e-11,-0.007094,5.424699924712806,105.12,349329.0,36721464.48,0.009999999999998,105.14,105.12
2018-07-12,KMB,17750,KIMBERLY CLARK CORP,,,9.5e-05,0.0676863649436281,9.512032721383912e-05,4.4662485081449466e-13,0.008749,5.791878143526589,105.13,349329.0,36724957.77,0.0049999999999954,105.13,105.12
2018-07-13,KMB,17750,KIMBERLY CLARK CORP,,,0.004661,-0.0375505802238058,9.467903806102172e-05,2.2662142601956588e-11,0.001079,5.574389758651586,105.62,349329.0,36896128.98,0.0050000000000025,105.61,105.6
2018-07-16,KMB,17750,KIMBERLY CLARK CORP,,,-0.002083,-0.1428442311800568,0.0001897533206832,-1.1840142654131306e-11,-0.001028,4.778120339279018,105.4,349329.0,36819276.6,0.0100000000000051,105.4,105.38
2018-07-17,KMB,17750,KIMBERLY CLARK CORP,,,0.010152,0.0004403475810239,9.392317084616236e-05,5.7100700020007966e-11,0.003974,4.780224373012261,106.47,349329.0,37193058.63,0.0049999999999954,106.46,106.45
2018-07-18,KMB,17750,KIMBERLY CLARK CORP,,,-0.024138,0.2509103996656028,0.0001924927815206,-1.1121839148421425e-10,0.00216,5.979632380936023,103.9,349329.0,36295283.1,0.009999999999998,103.92,103.9
2018-07-19,KMB,17750,KIMBERLY CLARK CORP,,,-0.003369,1.2079422306627683,9.657170449049642e-05,-7.054302449844286e-12,-0.003953,13.202682857707204,103.55,349329.0,36173017.95,0.0049999999999954,103.55,103.54
2018-07-20,KMB,17750,KIMBERLY CLARK CORP,,,0.010913,-0.5401924944927234,9.552923194488828e-05,4.9159510900358047e-11,-0.000948,6.070692670806031,104.68,349329.0,36567759.72,0.0049999999999954,104.69,104.68
2018-07-23,KMB,17750,KIMBERLY CLARK CORP,,,0.00726,0.76164125566036,9.484066767834898e-05,1.8430658963602502e-11,0.001838,10.69438265932688,105.44,349329.0,36833249.76,0.0050000000000025,105.4,105.39
2018-07-24,KMB,17750,KIMBERLY CLARK CORP,,,0.006829,0.1283185817019811,9.419743782973924e-05,1.5260687603854397e-11,0.004781,12.066670674349968,106.16,349329.0,37084766.64,0.0050000000000025,106.15,106.14
2018-07-25,KMB,17750,KIMBERLY CLARK CORP,,,0.001884,-0.4064570019533891,9.40203083866596e-05,7.079918902460149e-12,0.009102,7.1620878884948,106.36,349329.0,37154632.44,0.0050000000000025,106.37,106.36
2018-07-26,KMB,17750,KIMBERLY CLARK CORP,,,0.015983,-0.0489475104169789,9.254118082538316e-05,6.216050910388334e-11,-0.003032,6.811521516965382,108.06,349329.0,37748491.74,0.0049999999999954,108.07,108.06
2018-07-27,KMB,17750,KIMBERLY CLARK CORP,,,-0.000185,-0.0724130076462662,9.255831173630974e-05,-7.758070637096608e-13,-0.006562,6.318278757274661,108.04,349329.0,37741505.16,0.0049999999999954,108.05,108.04
2018-07-30,KMB,17750,KIMBERLY CLARK CORP,,,-0.000278,-0.0487803772996767,9.258401999806412e-05,-1.2259326332029477e-12,-0.005754,6.01007073561027,108.01,349329.0,37731025.29,0.0049999999999954,108.02,108.01
2018-07-31,KMB,17750,KIMBERLY CLARK CORP,,,0.054162,2.190770910296396,8.782715615672858e-05,7.100904391609461e-11,0.004885,19.268542993974084,113.86,347665.0,39585136.9,0.0050000000000025,113.86,113.85
2018-08-01,KMB,17750,KIMBERLY CLARK CORP,,,-0.01335,-0.3604558472774585,8.901548869495198e-05,-2.7737445725238742e-11,-0.00104,12.32308400327902,112.34,347665.0,39056686.1,0.0049999999999954,112.35,112.34
2018-08-02,KMB,17750,KIMBERLY CLARK CORP,,,0.026972,-0.3277493082308566,8.667764583518345e-05,8.117244355771019e-11,0.004926,8.284201745933585,115.37,347665.0,40110111.05,0.0050000000000025,115.36,115.35
2018-08-03,KMB,17750,KIMBERLY CLARK CORP,,,0.011528,0.1274422968153834,8.568980291337537e-05,3.042125661724906e-11,0.004644,9.33995944371737,116.7,347665.0,40572505.5,0.0049999999999954,116.71,116.7
2018-08-06,KMB,17750,KIMBERLY CLARK CORP,,,-0.000857,-0.334788648724723,8.576329331038512e-05,-3.402645129927789e-12,0.003538,6.2130470424115165,116.6,347665.0,40537739.0,0.0049999999999954,116.6,116.59
2018-08-07,KMB,17750,KIMBERLY CLARK CORP,,,-0.022298,-0.1973709977366359,8.771929824553426e-05,-1.128185718089653e-10,0.002824,4.986771748666101,114.0,347665.0,39633810.0,0.0049999999999954,113.99,113.98
2018-08-08,KMB,17750,KIMBERLY CLARK CORP,,,-0.016404,-0.0175765951482529,8.918219923307871e-05,-8.589122087080867e-11,-0.000262,4.899121280543051,112.13,347665.0,38983676.45,0.0050000000000025,112.17,112.16
2018-08-09,KMB,17750,KIMBERLY CLARK CORP,,,-0.008205,-0.0594896941323456,8.991997122565522e-05,-4.605661580746961e-11,-0.001442,4.607674054046281,111.21,347665.0,38663824.65,0.0050000000000025,111.22,111.21
2018-08-10,KMB,17750,KIMBERLY CLARK CORP,,,-0.010071,0.4811605023200183,9.0834771550596e-05,-3.855492659180088e-11,-0.007114,6.824704816418104,110.09,347665.0,38274439.85,0.0050000000000025,110.11,110.1
2018-08-13,KMB,17750,KIMBERLY CLARK CORP,,,0.008538,0.3420905453719396,9.006574799608319e-05,2.4148443875808197e-11,-0.004006,9.159371809069077,111.03,347665.0,38601244.95,0.0050000000000025,111.04,111.03
2018-08-14,KMB,17750,KIMBERLY CLARK CORP,,,0.000901,-0.5357780902043183,8.998470260047607e-05,5.48455229901964e-12,0.006389,4.251981073734774,111.13,347665.0,38636011.45,0.0049999999999954,111.07,111.06
2018-08-15,KMB,17750,KIMBERLY CLARK CORP,,,0.047962,3.0713140066226288,8.586639189425654e-05,6.842796193973571e-11,-0.007602,17.311150101390705,116.46,347665.0,40489065.9,0.0050000000000025,116.47,116.46
2018-08-16,KMB,17750,KIMBERLY CLARK CORP,,,0.015456,-0.394292845653247,8.455944529008215e-05,3.585169038452293e-11,0.007919,10.48548746638287,118.26,347665.0,41114862.9,0.0050000000000025,118.26,118.25
2018-08-17,KMB,17750,KIMBERLY CLARK CORP,,,0.010993,-0.0591575166434092,8.364001338232607e-05,2.680796234608341e-11,0.003323,9.865192067076064,119.56,347665.0,41566827.4,0.0049999999999954,119.57,119.56
2018-08-20,KMB,17750,KIMBERLY CLARK CORP,,,-0.012128,-0.3552770992442084,8.466683600038198e-05,-4.643686637395743e-11,0.002428,6.360315245998303,118.11,347665.0,41062713.15,0.0050000000000025,118.12,118.11
2018-08-21,KMB,17750,KIMBERLY CLARK CORP,,,-0.009906,-0.016012145117329,8.551393877206359e-05,-3.8931925400975273e-11,0.002069,6.258472955287417,116.94,347665.0,40655945.1,0.0050000000000025,116.95,116.94
2018-08-22,KMB,17750,KIMBERLY CLARK CORP,,,-0.008551,-0.4102471123955121,8.625150940133608e-05,-5.747568855503525e-11,-0.000398,3.690952497375347,115.94,347665.0,40308280.1,0.0049999999999954,115.96,115.95
2018-08-23,KMB,17750,KIMBERLY CLARK CORP,,,0.002156,-0.1273792778295142,8.60659264996205e-05,1.6571241831584496e-11,-0.001691,3.2208016337566336,116.19,347665.0,40395196.35,0.0049999999999954,116.19,116.18
2018-08-24,KMB,17750,KIMBERLY CLARK CORP,,,0.001291,0.0705320783024934,8.59549596010908e-05,9.257048685753043e-12,0.006199,3.447971466785555,116.34,347665.0,40447346.1,0.0049999999999954,116.35,116.34
2018-08-27,KMB,17750,KIMBERLY CLARK CORP,,,-0.009541,0.1144043866095956,8.678295582751987e-05,-6.198132927732607e-11,0.00767,3.842434527490544,115.23,347665.0,40061437.95,0.0050000000000025,115.23,115.22
2018-08-28,KMB,17750,KIMBERLY CLARK CORP,,,0.000694,-0.088644189597868,8.672274737655802e-05,4.943528970874327e-12,0.000269,3.5018250327182776,115.31,347665.0,40089251.15,0.0049999999999954,115.32,115.31
2018-08-29,KMB,17750,KIMBERLY CLARK CORP,,,-0.001648,0.5809331215265856,8.68658790826173e-05,-7.437680414161989e-12,0.005701,5.536151180015245,115.12,347665.0,40023194.8,0.0049999999999954,115.13,115.12
2018-08-30,KMB,17750,KIMBERLY CLARK CORP,,,-0.006428,0.476499512138351,8.742787200551587e-05,-1.9775321603161845e-11,-0.00443,8.174124516416665,114.38,347665.0,39765922.7,0.0049999999999954,114.38,114.37
2018-08-31,KMB,17750,KIMBERLY CLARK CORP,,,0.010142,-0.4091859653740494,8.655011251519054e-05,5.228031780226392e-11,0.000134,4.829387485079027,115.54,347665.0,40169214.1,0.0050000000000025,115.54,115.53
2018-09-04,KMB,17750,KIMBERLY CLARK CORP,,,-0.016098,0.1328402647037627,0.0001759324419423,-7.445024945169792e-11,-0.001654,5.470924596953965,113.68,347665.0,39522557.2,0.0100000000000051,113.68,113.66
2018-09-05,KMB,17750,KIMBERLY CLARK CORP,,,0.026478,0.6676173957663551,8.569714628507255e-05,7.15374442157512e-11,-0.002803,9.123409028806464,116.69,347665.0,40569028.85,0.0050000000000025,116.7,116.69
2018-09-06,KMB,17750,KIMBERLY CLARK CORP,,,0.003085,-0.2083713495739133,8.6169754416244e-05,1.0586938790078879e-11,-0.003652,7.222351976759237,116.05,347665.0,40346523.25,0.0050000000000025,116.08,116.07
2018-09-07,KMB,17750,KIMBERLY CLARK CORP,,,-0.004998,-0.4772997089956466,8.660258075695087e-05,-3.2978790412876616e-11,-0.002213,3.7751254799879193,115.47,347665.0,40144877.55,0.0050000000000025,115.48,115.47
2018-09-10,KMB,17750,KIMBERLY CLARK CORP,,,0.001992,-0.1216453748974268,8.643042350911941e-05,1.493460426935622e-11,0.001898,3.31589892568996,115.7,347665.0,40224840.5,0.0050000000000025,115.7,115.69
2018-09-11,KMB,17750,KIMBERLY CLARK CORP,,,-0.004754,-0.1608262160160024,8.684324793739388e-05,-4.267574106484953e-11,0.00374,2.782615448779716,115.15,347665.0,40033624.75,0.0049999999999954,115.16,115.15
2018-09-12,KMB,17750,KIMBERLY CLARK CORP,,,0.010074,0.1412843259066918,8.59771300834418e-05,7.84470965429866e-11,0.000357,3.175755396718105,116.31,347665.0,40436916.15,0.0050000000000025,116.31,116.3
2018-09-13,KMB,17750,KIMBERLY CLARK CORP,,,-0.002235,0.2301324428334779,8.6169754416244e-05,-1.4179877978616126e-11,0.005282,3.906599744006443,116.05,347665.0,40346523.25,0.0050000000000025,116.03,116.02
2018-09-14,KMB,17750,KIMBERLY CLARK CORP,,,0.003447,-0.1346610336713326,8.58737655645419e-05,2.518579366177159e-11,0.000275,3.380532984338372,116.45,347665.0,40485589.25,0.0049999999999954,116.44,116.43
2018-09-17,KMB,17750,KIMBERLY CLARK CORP,,,0.005496,0.1861399667997683,8.540438978567867e-05,3.367013276754189e-11,-0.00557,4.009785281808638,117.09,347665.0,40708094.85,0.0050000000000025,117.11,117.1
2018-09-18,KMB,17750,KIMBERLY CLARK CORP,,,-0.000171,0.0943874806142051,8.541898009742134e-05,-9.57408517101734e-13,0.005369,4.388258812362476,117.07,347665.0,40701141.55,0.0050000000000025,117.09,117.08
2018-09-19,KMB,17750,KIMBERLY CLARK CORP,,,-0.007859,-0.4171818589395691,8.609556607839101e-05,-7.609599637075448e-11,0.001253,2.557556843513152,116.15,347665.0,40381289.75,0.0050000000000025,116.15,116.14
2018-09-20,KMB,17750,KIMBERLY CLARK CORP,,,0.005338,0.3120315169264023,8.563843452933891e-05,3.9184720643946405e-11,0.007841,3.3555951850200625,116.77,347665.0,40596842.05,0.0049999999999954,116.77,116.76
2018-09-21,KMB,17750,KIMBERLY CLARK CORP,,,-0.000428,0.8274301123842063,0.0001713502398904,-1.7199949780776158e-12,-0.000369,6.132115686077115,116.72,347665.0,40579458.8,0.0100000000000051,116.73,116.71
2018-09-24,KMB,17750,KIMBERLY CLARK CORP,,,-0.023475,-0.147295726579115,8.773469029658813e-05,-1.1329407490247548e-10,-0.003516,5.228881250629198,113.98,347665.0,39626856.7,0.0050000000000025,114.0,113.99
2018-09-25,KMB,17750,KIMBERLY CLARK CORP,,,-0.012897,-0.1707916666437464,8.888098835650969e-05,-7.604386223818279e-11,-0.001305,4.335831907152,112.51,347665.0,39115789.15,0.0049999999999954,112.52,112.51
2018-09-26,KMB,17750,KIMBERLY CLARK CORP,,,0.004977,-0.1827948072762878,8.844078889188217e-05,3.573186810567295e-11,-0.003289,3.5432643493017704,113.07,347665.0,39310481.55,0.0050000000000025,113.08,113.07
2018-09-27,KMB,17750,KIMBERLY CLARK CORP,,,-0.001327,-0.1378644969554392,8.85582713425887e-05,-1.1065218577071169e-11,0.002763,3.05477399220514,112.92,347665.0,39258331.8,0.0050000000000025,112.95,112.94
2018-09-28,KMB,17750,KIMBERLY CLARK CORP,,,0.006376,0.7566518335502119,8.799718409015414e-05,3.007400958488231e-11,-7e-06,5.36617433448866,113.64,347665.0,39508650.6,0.0050000000000025,113.62,113.61
2018-10-01,KMB,17750,KIMBERLY CLARK CORP,,,-0.000352,-0.3940425518229489,8.802816901400446e-05,-2.740920597735479e-12,0.003641,3.2516733061999337,113.6,347665.0,39494744.0,0.0049999999999954,113.6,113.59
2018-10-02,KMB,17750,KIMBERLY CLARK CORP,,,0.008891,0.2680936547152437,8.725242125473446e-05,5.4113906976037264e-11,-0.000397,4.123426286799074,114.61,347665.0,39845885.65,0.0050000000000025,114.61,114.6
2018-10-03,KMB,17750,KIMBERLY CLARK CORP,,,-0.018061,0.4699397518504489,8.885729518398005e-05,-7.615810690535746e-11,0.000711,6.061188212791049,112.54,347665.0,39126219.1,0.0050000000000025,112.53,112.52
2018-10-04,KMB,17750,KIMBERLY CLARK CORP,,,-0.001333,-0.1274468350652007,8.897588753452368e-05,-6.450477108186787e-12,-0.00817,5.288708958336329,112.39,347665.0,39074069.35,0.0050000000000025,112.43,112.42
2018-10-05,KMB,17750,KIMBERLY CLARK CORP,,,0.009431,0.2116844573255329,8.81445570736458e-05,3.731238995966774e-11,-0.005528,6.40824644413444,113.45,347665.0,39442594.25,0.0050000000000025,113.45,113.44
2018-10-08,KMB,17750,KIMBERLY CLARK CORP,,,0.007228,-0.3487126799265504,8.751203290456915e-05,4.359263453891697e-11,-0.000395,4.173609652970532,114.27,347665.0,39727679.55,0.0050000000000025,114.29,114.28
2018-10-09,KMB,17750,KIMBERLY CLARK CORP,,,-0.0014,0.0209838885527264,8.763473841022615e-05,-8.28156932217332e-12,-0.001418,4.2611882127910485,114.11,347665.0,39672053.15,0.0049999999999954,114.13,114.12
2018-10-10,KMB,17750,KIMBERLY CLARK CORP,,,-0.010253,0.7056199737287254,8.854258898534724e-05,-3.592768315194449e-11,-0.032864,7.267967727553823,112.94,347665.0,39265285.1,0.0050000000000025,112.92,112.91
2018-10-11,KMB,17750,KIMBERLY CLARK CORP,,,-0.042589,0.358746059272967,9.24812725423575e-05,-1.1471995827647211e-10,-0.020573,9.87532250873686,108.13,347665.0,37593016.45,0.0050000000000025,108.17,108.16
2018-10-12,KMB,17750,KIMBERLY CLARK CORP,,,0.009341,-0.3484014232354606,9.162543522086415e-05,3.8257539568343385e-11,0.014206,6.434746091783757,109.14,347665.0,37944158.1,0.0050000000000025,109.14,109.13
2018-10-15,KMB,17750,KIMBERLY CLARK CORP,,,0.010537,-0.3787503307800688,0.0001813401033639,6.874201943938716e-11,-0.005905,3.997583881034904,110.29,347665.0,38343972.85,0.0100000000000051,110.29,110.27
2018-10-16,KMB,17750,KIMBERLY CLARK CORP,,,-0.001995,0.1001856355499273,9.085127646035164e-05,-1.1853576480881479e-11,0.021496,4.398084362820531,110.07,347665.0,38267486.55,0.0049999999999954,110.07,110.06
2018-10-17,KMB,17750,KIMBERLY CLARK CORP,,,-0.011356,0.7876649706355539,0.0001837897445322,-3.817736979916364e-11,-0.000253,7.862301353314254,108.82,347665.0,37832905.3,0.009999999999998,108.8,108.78
2018-10-18,KMB,17750,KIMBERLY CLARK CORP,,,0.006065,-0.3208121467143866,9.13408841798056e-05,2.9839768435540687e-11,-0.014392,5.3399795780420805,109.48,347665.0,38062364.2,0.0050000000000025,109.51,109.5
2018-10-19,KMB,17750,KIMBERLY CLARK CORP,,,0.006851,1.2896762982864751,9.07194048807504e-05,1.4621081693230513e-11,-0.000361,12.226824673176765,110.23,347665.0,38323112.95,0.0050000000000025,110.25,110.24
2018-10-22,KMB,17750,KIMBERLY CLARK CORP,,,-0.034746,0.0017445967725431,9.398496240606311e-05,-7.668872586915057e-11,-0.004299,12.24815555204004,106.4,347665.0,36991556.0,0.0050000000000025,106.4,106.39
2018-10-23,KMB,17750,KIMBERLY CLARK CORP,,,-0.021241,0.0333084796471794,9.602458229311616e-05,-4.635490839819078e-11,-0.005512,12.656122991960652,104.14,347665.0,36205833.1,0.0050000000000025,104.11,104.1
2018-10-24,KMB,17750,KIMBERLY CLARK CORP,,,0.010275,-0.2212992867647509,9.504799923952957e-05,2.8503131672531636e-11,-0.030864,9.855332000632792,105.21,347665.0,36577834.65,0.0049999999999954,105.19,105.18
2018-10-25,KMB,17750,KIMBERLY CLARK CORP,,,-0.006083,-0.144417068405658,9.562972171755874e-05,-1.98434127301311e-11,0.018625,8.432053844936936,104.57,347665.0,36355329.05,0.0050000000000025,104.59,104.58
2018-10-26,KMB,17750,KIMBERLY CLARK CORP,,,-0.021612,0.2914430348657526,9.77421561920156e-05,-5.5796541053887266e-11,-0.017327,10.889517207656796,102.31,347665.0,35569606.15,0.0050000000000025,102.29,102.28
2018-10-29,KMB,17750,KIMBERLY CLARK CORP,,,-9.8e-05,-0.3712550555957045,9.775171065498648e-05,-4.024448171116303e-13,-0.00656,6.846728891317792,102.3,347665.0,35566129.5,0.0050000000000025,102.31,102.3
2018-10-30,KMB,17750,KIMBERLY CLARK CORP,,,0.038416,0.2159376197293863,9.413536665730127e-05,1.2494231907794509e-10,0.015667,8.325195231041375,106.23,347665.0,36932452.95,0.0050000000000025,106.25,106.24
2018-10-31,KMB,17750,KIMBERLY CLARK CORP,,,-0.018168,-0.1358056425920724,9.587727708537985e-05,-6.963955509986742e-11,0.010851,7.222924565623547,104.3,346301.0,36119194.3,0.0050000000000025,104.29,104.28
2018-11-01,KMB,17750,KIMBERLY CLARK CORP,,,0.016587,-0.2688999266783032,9.431293030279276e-05,8.55451576351365e-11,0.010558,5.28068067952446,106.03,346301.0,36718295.03,0.0050000000000025,106.03,106.02
2018-11-02,KMB,17750,KIMBERLY CLARK CORP,,,-0.005187,-0.0884757246248028,9.480470231328324e-05,-2.9500830033238084e-11,-0.006317,4.813468629891338,105.48,346301.0,36527829.48,0.0050000000000025,105.47,105.46
2018-11-05,KMB,17750,KIMBERLY CLARK CORP,,,0.013178,-0.0594663535921876,9.35716290821102e-05,7.865158261874195e-11,0.0056,4.527229202341315,106.87,346301.0,37009187.870000005,0.0050000000000025,106.87,106.86
2018-11-06,KMB,17750,KIMBERLY CLARK CORP,,,0.001029,0.0412123098590111,9.347541596551604e-05,5.892332683282945e-12,0.006259,4.71380677503097,106.98,346301.0,37047280.98,0.0049999999999954,106.99,106.98
2018-11-07,KMB,17750,KIMBERLY CLARK CORP,,,0.004767,0.004258770543422,0.0001860638198901,2.7052408317718083e-11,0.021209,4.733881796471856,107.49,346301.0,37223894.49,0.009999999999998,107.5,107.48
2018-11-08,KMB,17750,KIMBERLY CLARK CORP,,,-0.002605,-0.27533141224438,9.32748810744418e-05,-2.0453227080427168e-11,-0.002509,3.4304954360512965,107.21,346301.0,37126930.21,0.0049999999999954,107.21,107.2
2018-11-09,KMB,17750,KIMBERLY CLARK CORP,,,0.020894,0.8806271801640426,0.0001827318410232,8.544615495211376e-11,-0.009199,6.451482958466768,109.45,346301.0,37902644.45,0.009999999999998,109.45,109.43
2018-11-12,KMB,17750,KIMBERLY CLARK CORP,,,0.008497,-0.0414545991661277,9.059612248600396e-05,3.5945889977403237e-11,-0.019701,6.184039318396424,110.38,346301.0,38224704.38,0.0050000000000025,110.4,110.39
2018-11-13,KMB,17750,KIMBERLY CLARK CORP,,,-0.003714,-0.3354475449664937,0.0001818677821223,-2.3730802219088527e-11,-0.001482,4.109618511064074,109.97,346301.0,38082720.97,0.009999999999998,109.97,109.95
2018-11-14,KMB,17750,KIMBERLY CLARK CORP,,,0.009184,0.0205710511430508,0.0002703189763921,5.6975566860327736e-11,-0.007567,4.194157683633602,110.98,346301.0,38432484.98,0.0150000000000005,110.99,110.96
2018-11-15,KMB,17750,KIMBERLY CLARK CORP,,,-0.001712,0.1085875433150125,0.000270782561603,-9.596982521060916e-12,0.010594,4.649590962775158,110.79,346301.0,38366687.79,0.0150000000000005,110.84,110.81
2018-11-16,KMB,17750,KIMBERLY CLARK CORP,,,0.004332,-0.1336769435049231,8.987148377824315e-05,2.7910138576499543e-11,0.002223,4.028047854323262,111.27,346301.0,38532912.27,0.0050000000000025,111.28,111.27
2018-11-19,KMB,17750,KIMBERLY CLARK CORP,,,-0.007369,0.198693542339795,0.0001810774105929,-3.9901231840261846e-11,-0.016643,4.828394951212962,110.45,346301.0,38248945.45,0.009999999999998,110.45,110.43
2018-11-20,KMB,17750,KIMBERLY CLARK CORP,,,0.010412,0.070781386992712,8.960573476707094e-05,5.2108985572977726e-11,-0.018151,5.170155442808424,111.6,346301.0,38647191.6,0.0050000000000025,111.62,111.61
2018-11-21,KMB,17750,KIMBERLY CLARK CORP,,,-0.008333,-0.2001591796384109,0.0002710761724044,-5.257878678290596e-11,0.003043,4.135301370772825,110.67,346301.0,38325131.67,0.0150000000000005,110.7,110.67
2018-11-23,KMB,17750,KIMBERLY CLARK CORP,,,0.019427,-0.2242226053535504,0.000354547066123,1.5499640071262894e-10,-0.006555,3.2080733234960337,112.82,346301.0,39069678.82,0.0200000000000031,112.87,112.83
2018-11-26,KMB,17750,KIMBERLY CLARK CORP,,,0.001773,0.6788963409090705,8.84799150593268e-05,8.410687915681619e-12,0.015532,5.386022564185492,113.02,346301.0,39138939.02,0.0050000000000025,112.97,112.96
2018-11-27,KMB,17750,KIMBERLY CLARK CORP,,,0.021501,0.2394411278237815,8.661758336934521e-05,8.055952646268818e-11,0.003262,6.6756578814384016,115.45,346301.0,39980450.45,0.0049999999999954,115.44,115.43
2018-11-28,KMB,17750,KIMBERLY CLARK CORP,,,-0.0123,-0.1690012963997116,8.769622029282562e-05,-5.614845669039984e-11,0.022974,5.54746304515436,114.03,346301.0,39488703.03,0.0049999999999954,114.05,114.04
2018-11-29,KMB,17750,KIMBERLY CLARK CORP,,,0.008068,-0.308204396249633,0.0004349717268377,5.2811797898530136e-11,-0.002198,3.83771054660541,114.95,346301.0,39807299.95,0.0249999999999985,114.94,114.89
2018-11-30,KMB,17750,KIMBERLY CLARK CORP,,,0.003654,0.6831880740675529,0.0003467105833406,1.4158493433576355e-11,0.008186,6.459588623769496,115.37,346301.0,39952746.370000005,0.0200000000000031,115.37,115.33
2018-12-03,KMB,17750,KIMBERLY CLARK CORP,,,-0.018896,-0.0263366118870146,0.0001766940542451,-7.664686106584728e-11,0.010941,6.289464945235503,113.19,346301.0,39197810.19,0.0100000000000051,113.18,113.16
2018-12-04,KMB,17750,KIMBERLY CLARK CORP,,,-0.006008,0.1625134064997648,8.8880988356636e-05,-2.108984474968092e-11,-0.032365,7.311587318546582,112.51,346301.0,38962325.510000005,0.0050000000000025,112.5,112.49
2018-12-06,KMB,17750,KIMBERLY CLARK CORP,,,0.012443,-0.1614776402936797,0.0002656983438136,5.190541041314823e-11,-0.001522,6.130929451546487,112.91,346301.0,39100845.91,0.0150000000000005,112.91,112.88
2018-12-07,KMB,17750,KIMBERLY CLARK CORP,,,0.005225,0.0960616481100931,8.810572687229176e-05,1.978223638466284e-11,-0.02332,6.719876639108752,113.5,346301.0,39305163.5,0.0050000000000025,113.5,113.49
2018-12-10,KMB,17750,KIMBERLY CLARK CORP,,,0.001674,0.104700700442611,0.0001759169671915,5.727610962379969e-12,0.001762,7.423452430111377,113.69,346301.0,39370960.69,0.0100000000000051,113.68,113.66
2018-12-11,KMB,17750,KIMBERLY CLARK CORP,,,0.018207,-0.208993954680134,0.0001727712508638,7.734645185436555e-11,-0.000356,5.871995749362549,115.76,346301.0,40087803.760000005,0.009999999999998,115.78,115.76
2018-12-12,KMB,17750,KIMBERLY CLARK CORP,,,-0.015895,0.3117255264133667,8.77808988764494e-05,-5.230920356383357e-11,0.005419,7.702446715429641,113.92,346301.0,39450609.92,0.0050000000000025,113.93,113.92
2018-12-13,KMB,17750,KIMBERLY CLARK CORP,,,0.039326,0.0294714071752459,0.0002533783783783,1.2095709149325056e-10,-0.0002,7.929448658825704,118.4,346301.0,41002038.4,0.0150000000000005,118.4,118.37
2018-12-14,KMB,17750,KIMBERLY CLARK CORP,,,-0.008277,-0.1892918947580022,8.516436722867404e-05,-3.1664280711278527e-11,-0.019087,6.428468297810286,117.42,346301.0,40662663.42,0.0049999999999954,117.46,117.45
2018-12-17,KMB,17750,KIMBERLY CLARK CORP,,,-0.027593,-0.2173341388968123,8.758101243654856e-05,-1.3869833232763444e-10,-0.020773,5.031342675880231,114.18,346301.0,39540648.18,0.0050000000000025,114.18,114.17
2018-12-18,KMB,17750,KIMBERLY CLARK CORP,,,-0.006481,-0.0174533491662739,0.0002644569816643,-3.33722110134206e-11,8.6e-05,4.943528895382919,113.44,346301.0,39284385.44,0.0150000000000005,113.47,113.44
2018-12-19,KMB,17750,KIMBERLY CLARK CORP,,,0.003879,0.6680456018257552,8.781173164726822e-05,1.1928163381613632e-11,-0.015396,8.246031631442012,113.88,346301.0,39436757.88,0.0049999999999954,113.85,113.84
2018-12-20,KMB,17750,KIMBERLY CLARK CORP,,,0.001668,0.1215852730538389,8.766546857184979e-05,4.565554848196643e-12,-0.015772,9.248627638961482,114.07,346301.0,39502555.07,0.0049999999999954,114.05,114.04
2018-12-21,KMB,17750,KIMBERLY CLARK CORP,,,0.016481,0.7139991800947232,8.624407072018211e-05,2.589233136219088e-11,-0.020588,15.852140190181371,115.95,346301.0,40153600.95,0.0050000000000025,115.95,115.94
2018-12-24,KMB,17750,KIMBERLY CLARK CORP,,,-0.078482,-0.5138255672714209,0.000280767430978,-2.75208453067226e-10,-0.027112,7.7069052644953375,106.85,346301.0,37002261.85,0.0150000000000005,106.99,106.96
2018-12-26,KMB,17750,KIMBERLY CLARK CORP,,,0.0365,-0.1511347895338507,9.029345372465116e-05,1.4547106835921444e-10,0.049594,6.542123759388509,110.75,346301.0,38352835.75,0.0050000000000025,110.75,110.74
2018-12-27,KMB,17750,KIMBERLY CLARK CORP,,,0.019142,-0.1512987609157006,8.85975015503757e-05,8.820261262027356e-11,0.008563,5.552308540835862,112.87,346301.0,39086993.870000005,0.0049999999999954,112.88,112.87
2018-12-28,KMB,17750,KIMBERLY CLARK CORP,,,0.003012,-0.1181181316538119,0.0001766628389717,1.5690342586678214e-11,-0.001242,4.896480229626827,113.21,346301.0,39204736.21,0.009999999999998,113.21,113.19
2018-12-31,KMB,17750,KIMBERLY CLARK CORP,,,0.006448,0.1064997853338176,0.0002632964718272,3.01619717407302e-11,0.008492,5.417954322973367,113.94,346301.0,39457535.94,0.0150000000000005,114.0,113.97
2019-01-02,KMB,17750,KIMBERLY CLARK CORP,,,-0.01887,0.4041214277681515,0.0001789068789694,-6.407301965429892e-11,0.001269,7.607465759555994,111.79,346301.0,38712988.79,0.009999999999998,111.77,111.75
2019-01-03,KMB,17750,KIMBERLY CLARK CORP,,,-0.010287,0.2392747999315232,0.0002711496746204,-2.847837484863922e-11,-0.024757,9.427740607159668,110.64,346301.0,38314742.64,0.0150000000000005,110.59,110.56
2019-01-04,KMB,17750,KIMBERLY CLARK CORP,,,0.011208,-0.3085695575520485,8.938148015723011e-05,4.437780292181012e-11,0.034336,6.518626859292927,111.88,346301.0,38744155.88,0.0049999999999954,111.88,111.87
2019-01-07,KMB,17750,KIMBERLY CLARK CORP,,,0.013497,-0.2337859322665341,8.819119851830765e-05,6.881807239254263e-11,0.00701,4.994663601895461,113.39,346301.0,39267070.39,0.0049999999999954,113.41,113.4
2019-01-08,KMB,17750,KIMBERLY CLARK CORP,,,0.013758,0.5920815514289828,0.0002609830361026,4.346313319691723e-11,0.009695,7.951911776171596,114.95,346301.0,39807299.95,0.0150000000000005,114.93,114.9
2019-01-09,KMB,17750,KIMBERLY CLARK CORP,,,-0.008177,-0.2801472897915755,8.771160424528651e-05,-3.6181128564592246e-11,0.004098,5.72420524341541,114.01,346301.0,39481777.010000005,0.0050000000000025,114.01,114.0
2019-01-10,KMB,17750,KIMBERLY CLARK CORP,,,0.023244,0.1898544013059591,8.57191839532908e-05,8.447459736696832e-11,0.004518,6.810970802856475,116.66,346301.0,40399474.66,0.0049999999999954,116.66,116.65
2019-01-11,KMB,17750,KIMBERLY CLARK CORP,,,0.004629,-0.2839417191049441,8.532423208183366e-05,2.3385595496502357e-11,-0.000146,4.877052044319826,117.2,346301.0,40586477.2,0.0049999999999954,117.21,117.2
2019-01-14,KMB,17750,KIMBERLY CLARK CORP,,,-0.008106,0.8611847278273557,0.0001720430107526,-2.2182629312101333e-11,-0.005258,9.077094781707244,116.25,346301.0,40257491.25,0.009999999999998,116.24,116.22
2019-01-15,KMB,17750,KIMBERLY CLARK CORP,,,0.003871,-0.3635027217283667,8.568980291337537e-05,1.65788784856819e-11,0.010722,5.777546123170306,116.7,346301.0,40413326.7,0.0049999999999954,116.71,116.7
2019-01-16,KMB,17750,KIMBERLY CLARK CORP,,,-0.016795,0.4387890662095093,8.71535645807121e-05,-5.084764775089714e-11,0.002222,8.312670191538574,114.74,346301.0,39734576.74,0.0049999999999954,114.71,114.7
2019-01-17,KMB,17750,KIMBERLY CLARK CORP,,,-0.003225,-0.1662661367026483,8.743551630676852e-05,-1.1748863572846329e-11,0.007591,6.930554633108192,114.37,346301.0,39606445.370000005,0.0050000000000025,114.37,114.36
2019-01-18,KMB,17750,KIMBERLY CLARK CORP,,,0.021859,0.1179688157536194,0.0003422606314709,6.970690803969938e-11,0.013183,7.748143955691725,116.87,346301.0,40472197.870000005,0.0200000000000031,116.86,116.82
2019-01-22,KMB,17750,KIMBERLY CLARK CORP,,,-0.014033,0.0758902649458295,0.0001735659116549,-4.218572903199868e-11,-0.014157,8.336152653327597,115.23,346301.0,39904264.23,0.009999999999998,115.33,115.31
2019-01-23,KMB,17750,KIMBERLY CLARK CORP,,,-0.026729,0.7049741272224297,8.916629514048252e-05,-4.842239158887714e-11,0.002203,14.21292459450016,112.15,346301.0,38837657.15,0.0050000000000025,112.15,112.14
2019-01-24,KMB,17750,KIMBERLY CLARK CORP,,,-0.006331,-0.3644894807952132,0.0001794687724335,-1.8162317732552396e-11,0.001376,9.03246308846928,111.44,346301.0,38591783.44,0.009999999999998,111.44,111.42
2019-01-25,KMB,17750,KIMBERLY CLARK CORP,,,-0.029792,-0.0236739642021246,9.24898261191742e-05,-9.022747633324694e-11,0.008489,8.818628880655845,108.12,346301.0,37442064.120000005,0.0050000000000025,108.12,108.11
2019-01-28,KMB,17750,KIMBERLY CLARK CORP,,,-0.000647,-0.1579920757064736,9.254974548811574e-05,-2.3286730589181235e-12,-0.007847,7.425355398915972,108.05,346301.0,37417823.05,0.0049999999999954,108.05,108.04
2019-01-29,KMB,17750,KIMBERLY CLARK CORP,,,0.000925,-0.0432401236987673,9.246417013398894e-05,3.476492239475233e-12,-0.001456,7.104282112959536,108.15,346301.0,37452453.15,0.0049999999999954,108.16,108.15
2019-01-30,KMB,17750,KIMBERLY CLARK CORP,,,-0.002589,-0.0629646942143385,9.270418095860864e-05,-1.0411216372861953e-11,0.015549,6.656963162104643,107.87,346301.0,37355488.870000005,0.0050000000000025,107.83,107.82
2019-01-31,KMB,17750,KIMBERLY CLARK CORP,,,0.032539,0.8786741756976169,0.000179565451607,6.745522938069425e-11,0.008597,12.50626478121634,111.38,346301.0,38571005.38,0.009999999999998,111.41,111.39
2019-02-01,KMB,17750,KIMBERLY CLARK CORP,,,0.003232,-0.491344126391271,8.94934669768293e-05,1.3129774170017866e-11,0.000899,6.361385037871679,111.74,346301.0,38695673.74,0.0049999999999954,111.77,111.76
2019-02-04,KMB,17750,KIMBERLY CLARK CORP,,,0.009218,-0.1397941128139761,8.867606632974298e-05,4.313554446225965e-11,0.006776,5.472100860234304,112.77,346301.0,39052363.77,0.0050000000000025,112.76,112.75
2019-02-05,KMB,17750,KIMBERLY CLARK CORP,,,-0.004877,0.0669759376546839,8.911067545896557e-05,-2.1494137691045695e-11,0.004708,5.8385999462895,112.22,346301.0,38861898.22,0.0050000000000025,112.23,112.22
2019-02-06,KMB,17750,KIMBERLY CLARK CORP,,,0.017287,0.0749384370148469,0.0002627890679747,6.967221454485944e-11,-0.002224,6.276135500619404,114.16,346301.0,39533722.16,0.0150000000000005,114.16,114.13
2019-02-07,KMB,17750,KIMBERLY CLARK CORP,,,-0.007008,-0.2013446935537896,8.82145377558673e-05,-3.5614661206401896e-11,-0.009357,5.01246892154513,113.36,346301.0,39256681.36,0.0050000000000025,113.37,113.36
2019-02-08,KMB,17750,KIMBERLY CLARK CORP,,,0.020554,0.2700534559111154,8.643789437281447e-05,8.058850365421766e-11,0.000676,6.366103476455454,115.69,346301.0,40063562.69,0.0049999999999954,115.71,115.7
2019-02-11,KMB,17750,KIMBERLY CLARK CORP,,,0.009508,-0.1131236312635286,8.562376915836215e-05,4.1638300240706727e-11,0.000709,5.645946734199439,116.79,346301.0,40444493.79,0.0050000000000025,116.79,116.78
2019-02-12,KMB,17750,KIMBERLY CLARK CORP,,,-0.006764,0.083705631708723,0.0001724137931035,-2.7519703928996754e-11,0.01289,6.118544272179404,116.0,346301.0,40170916.0,0.0100000000000051,115.98,115.96
2019-02-13,KMB,17750,KIMBERLY CLARK CORP,,,0.000776,-0.166795981608961,0.0003445602549746,3.786288494776671e-12,0.003024,5.0979956742833545,116.09,346301.0,40202083.09,0.0200000000000031,116.14,116.1
2019-02-14,KMB,17750,KIMBERLY CLARK CORP,,,0.006547,-0.1435867865309574,8.55798031664965e-05,3.705758014869344e-11,-0.002652,4.365990857664286,116.85,346301.0,40465271.85,0.0050000000000025,116.84,116.83
2019-02-15,KMB,17750,KIMBERLY CLARK CORP,,,0.013607,0.2262129558774217,8.443093549480848e-05,6.196714935779785e-11,0.010879,5.353634554910324,118.44,346301.0,41015890.44,0.0050000000000025,118.47,118.46
2019-02-19,KMB,17750,KIMBERLY CLARK CORP,,,0.009541,0.0598014314155199,8.363301831555495e-05,4.061109473852237e-11,0.001499,5.67378956456955,119.57,346301.0,41407210.57,0.0049999999999954,119.57,119.56
2019-02-20,KMB,17750,KIMBERLY CLARK CORP,,,-0.00828,0.1557791758001545,8.433125316246514e-05,-3.074801297204895e-11,0.001777,6.5576478266017135,118.58,346301.0,41064372.58,0.0050000000000025,118.47,118.46
2019-02-21,KMB,17750,KIMBERLY CLARK CORP,,,0.009698,-0.3217097035562679,0.0001670425123193,5.2584985437444725e-11,-0.003526,4.447988888279271,119.73,346301.0,41462618.73,0.009999999999998,119.74,119.72
2019-02-22,KMB,17750,KIMBERLY CLARK CORP,,,-0.005262,0.0202610717223372,8.396305625529065e-05,-2.8113202873027008e-11,0.006411,4.538109910164857,119.1,346301.0,41244449.1,0.0050000000000025,119.09,119.08
2019-02-25,KMB,17750,KIMBERLY CLARK CORP,,,-0.011083,0.0793406772413511,0.0002547121752419,-5.5475149707722694e-11,0.001232,4.898166623833024,117.78,346301.0,40787331.78,0.0150000000000005,117.77,117.74
2019-02-26,KMB,17750,KIMBERLY CLARK CORP,,,-8.5e-05,-0.2968536292034146,8.491126772514991e-05,-6.051335205808904e-13,-0.00079,3.444128085105154,117.77,346301.0,40783868.77,0.0049999999999954,117.8,117.79
2019-02-27,KMB,17750,KIMBERLY CLARK CORP,,,-0.00934,0.1317140449650164,0.0001714236736092,-5.930863555113307e-11,-0.000544,3.897768126571971,116.67,346301.0,40402937.67,0.009999999999998,116.69,116.67
2019-02-28,KMB,17750,KIMBERLY CLARK CORP,,,0.001371,0.2324646373798804,0.0002567833604382,7.054055388930472e-12,-0.002826,4.829928694197984,116.83,344432.0,40239990.56,0.0150000000000005,116.86,116.83
2019-03-01,KMB,17750,KIMBERLY CLARK CORP,,,-0.009843,0.0764320604574946,0.000259336099585,-4.751583528859909e-11,0.006895,5.199090096158312,115.68,344432.0,39843893.760000005,0.0150000000000005,115.68,115.65
2019-03-04,KMB,17750,KIMBERLY CLARK CORP,,,0.00657,-0.0817559066594517,8.588114050146776e-05,3.4314224826838675e-11,-0.003881,4.7740337715427135,116.44,344432.0,40105662.08,0.0049999999999954,116.44,116.43
2019-03-05,KMB,17750,KIMBERLY CLARK CORP,,,0.002061,-0.1552407363485431,8.570449091524601e-05,1.2716266704712647e-11,-0.001131,4.03290925349561,116.68,344432.0,40188325.760000005,0.0049999999999954,116.66,116.65
2019-03-06,KMB,17750,KIMBERLY CLARK CORP,,,-0.004714,-0.179567089469664,8.611039352454246e-05,-3.5618869853232177e-11,-0.006524,3.308731476750128,116.13,344432.0,39998888.16,0.0050000000000025,116.14,116.13
2019-03-07,KMB,17750,KIMBERLY CLARK CORP,,,0.000689,0.278012307470914,8.682062858139533e-05,4.107164476492795e-12,-0.008126,4.228599549403075,115.18,344432.0,39671677.760000005,0.0050000000000025,115.17,115.16
2019-03-08,KMB,17750,KIMBERLY CLARK CORP,,,0.006077,-0.1381392618428867,8.629616845016497e-05,4.177761084638239e-11,-0.002132,3.644463929019371,115.88,344432.0,39912780.16,0.0050000000000025,115.87,115.86
2019-03-11,KMB,17750,KIMBERLY CLARK CORP,,,0.014757,-0.0057852095565097,0.0002551237350114,1.0055653910243148e-10,0.014666,3.623379941468853,117.59,344432.0,40501758.88,0.0150000000000005,117.58,117.55
2019-03-12,KMB,17750,KIMBERLY CLARK CORP,,,0.001616,-0.1813057288094307,0.0002547121752419,1.3428598396359473e-11,0.002953,2.9664404004273703,117.78,344432.0,40567200.96,0.0150000000000005,117.85,117.82
2019-03-13,KMB,17750,KIMBERLY CLARK CORP,,,0.005858,0.0212119165695281,8.440955516168748e-05,4.738992094544928e-11,0.00695,3.029364286709713,118.47,344432.0,40804859.04,0.0050000000000025,118.47,118.46
2019-03-14,KMB,17750,KIMBERLY CLARK CORP,,,-0.000169,0.2427042102337528,8.442380751376206e-05,-1.1003450021068514e-12,-0.000868,3.76460375342593,118.45,344432.0,40797970.4,0.0050000000000025,118.45,118.44
2019-03-15,KMB,17750,KIMBERLY CLARK CORP,,,0.01469,1.2149886245324488,8.320159747071401e-05,4.255584281150195e-11,0.004985,8.338554489710596,120.19,344432.0,41397282.08,0.0050000000000025,120.2,120.19
2019-03-18,KMB,17750,KIMBERLY CLARK CORP,,,-0.005159,-0.655711134671395,8.36330183156738e-05,-4.3634103425329226e-11,0.003706,2.8708714637432062,119.57,344432.0,41183734.24,0.0050000000000025,119.62,119.61
2019-03-19,KMB,17750,KIMBERLY CLARK CORP,,,0.003094,0.4027992961307416,0.0001667500416874,1.859702537427141e-11,-0.000131,4.027256468620802,119.94,344432.0,41311174.08,0.009999999999998,120.0,119.98
2019-03-20,KMB,17750,KIMBERLY CLARK CORP,,,-0.003085,0.0725490874591598,8.36330183156738e-05,-1.7342151672238054e-11,-0.002944,4.31943025038324,119.57,344432.0,41183734.24,0.0050000000000025,119.56,119.55
2019-03-21,KMB,17750,KIMBERLY CLARK CORP,,,0.015807,-0.1795261300621744,0.0001646632636258,1.0661577376723928e-10,0.010853,3.543979653458448,121.46,344432.0,41834710.72,0.009999999999998,121.46,121.44
2019-03-22,KMB,17750,KIMBERLY CLARK CORP,,,0.004858,0.1414824766929365,0.0004096681687832,2.8566416537112412e-11,-0.018975,4.045390672179124,122.05,344432.0,42037925.6,0.0249999999999985,122.1,122.05
2019-03-25,KMB,17750,KIMBERLY CLARK CORP,,,-0.001147,0.1161866047732032,8.202772537110085e-05,-6.049553448620433e-12,-0.000839,4.515410879360803,121.91,344432.0,41989705.12,0.0049999999999954,121.91,121.9
2019-03-26,KMB,17750,KIMBERLY CLARK CORP,,,0.009597,-0.3158761409726527,0.0002437439064023,7.328456290089479e-11,0.007183,3.0891003158823804,123.08,344432.0,42392690.56,0.0150000000000005,123.09,123.06
2019-03-27,KMB,17750,KIMBERLY CLARK CORP,,,0.002194,0.1708886873405171,8.107012565873625e-05,1.4277308838535019e-11,-0.004644,3.616992613926697,123.35,344432.0,42485687.2,0.0050000000000025,123.34,123.33
2019-03-28,KMB,17750,KIMBERLY CLARK CORP,,,0.004378,-0.198054595892786,0.000161433529744,3.53706944067879e-11,0.00359,2.9006306034282527,123.89,344432.0,42671680.48,0.009999999999998,123.91,123.89
2019-03-29,KMB,17750,KIMBERLY CLARK CORP,,,8.1e-05,0.8739968170398471,0.0002421307506053,3.4917966613204333e-13,0.006734,5.440874839077153,123.9,344109.0,42635105.1,0.0150000000000005,123.95,123.92
2019-04-01,KMB,17750,KIMBERLY CLARK CORP,,,-0.00912,-0.0513199597917803,8.145312372722086e-05,-4.182327639769447e-11,0.011569,5.161649361103604,122.77,344109.0,42246261.93,0.0049999999999954,122.77,122.76
2019-04-02,KMB,17750,KIMBERLY CLARK CORP,,,-0.000977,-0.3427155058355901,8.153281695886764e-05,-6.823215589612303e-12,1.7e-05,3.392672089367032,122.65,344109.0,42204968.85,0.0050000000000025,122.65,122.64
2019-04-03,KMB,17750,KIMBERLY CLARK CORP,,,-0.007175,-0.0447214396517535,8.212203334158756e-05,-5.283401936496027e-11,0.002148,3.240946909264216,121.77,344109.0,41902152.93,0.0050000000000025,121.76,121.75
2019-04-04,KMB,17750,KIMBERLY CLARK CORP,,,0.001807,-0.3961733762897459,0.000163947864579,2.1996506687176805e-11,0.002085,1.9569700298451944,121.99,344109.0,41977856.91,0.009999999999998,121.99,121.97
2019-04-05,KMB,17750,KIMBERLY CLARK CORP,,,-0.000574,0.8701728958986414,8.202099737537004e-05,-3.7383070834359595e-12,0.004636,3.659872307902438,121.92,344109.0,41953769.28,0.0050000000000025,121.92,121.91
2019-04-08,KMB,17750,KIMBERLY CLARK CORP,,,-0.002297,-0.0700757109564512,8.220979940801468e-05,-1.6124083094994585e-11,0.001047,3.4034041539163464,121.64,344109.0,41857418.76,0.0049999999999954,121.63,121.62
2019-04-09,KMB,17750,KIMBERLY CLARK CORP,,,-0.002466,0.1222166056720706,0.0002472391626833,-1.5463323256223343e-11,-0.006067,3.819356657338227,121.34,344109.0,41754186.06,0.0150000000000005,121.37,121.34
2019-04-10,KMB,17750,KIMBERLY CLARK CORP,,,0.002637,-0.3185330315192787,8.219628472797236e-05,2.4200885721030575e-11,0.003478,2.6027654028229428,121.66,344109.0,41864300.94,0.0050000000000025,121.67,121.66
2019-04-11,KMB,17750,KIMBERLY CLARK CORP,,,0.00748,0.4593489535357595,0.0001631720649424,4.669035800515378e-11,3.8e-05,3.798342966908741,122.57,344109.0,42177440.13,0.009999999999998,122.58,122.56
2019-04-12,KMB,17750,KIMBERLY CLARK CORP,,,0.004977,-0.2900239012611664,0.0001623640201331,4.3540509294623215e-11,0.006609,2.6967327213179546,123.18,344109.0,42387346.620000005,0.009999999999998,123.22,123.2
2019-04-15,KMB,17750,KIMBERLY CLARK CORP,,,-0.001461,0.0825360733644406,0.0001626016260162,-1.1824118973848084e-11,-0.000629,2.9193104510489407,123.0,344109.0,42325407.0,0.009999999999998,123.02,123.0
2019-04-16,KMB,17750,KIMBERLY CLARK CORP,,,0.002602,0.2195745206114909,8.10898475511281e-05,1.7222219500996815e-11,0.000509,3.560316643854128,123.32,344109.0,42435521.88,0.0050000000000025,123.33,123.32
2019-04-17,KMB,17750,KIMBERLY CLARK CORP,,,0.001054,-0.0413537424794124,0.0002430133657351,7.2695324480231185e-12,-0.002274,3.4130842262190177,123.45,344109.0,42480256.05,0.0150000000000005,123.45,123.42
2019-04-18,KMB,17750,KIMBERLY CLARK CORP,,,0.00081,0.1962880372728874,8.093889113723283e-05,4.6662013185067295e-12,0.001579,4.083031830030601,123.55,344109.0,42514666.95,0.0050000000000025,123.58,123.57
2019-04-22,KMB,17750,KIMBERLY CLARK CORP,,,0.054229,3.6756908145718734,7.669865642984823e-05,6.337665035565412e-11,0.001012,19.09099442327867,130.25,344109.0,44820197.25,0.0049949999999938,130.25,130.24001
2019-04-23,KMB,17750,KIMBERLY CLARK CORP,,,-0.035547,-0.1774046360213736,7.960515841419284e-05,-5.2364061621509894e-11,0.008841,15.704163506330843,125.62,344109.0,43226972.58,0.0049999999999954,125.6,125.59
2019-04-24,KMB,17750,KIMBERLY CLARK CORP,,,-0.009712,-0.5184611461554747,8.038585208995904e-05,-3.0001717598332503e-11,-0.002192,7.562164895425577,124.4,344109.0,42807159.6,0.0049999999999954,124.44,124.43
2019-04-25,KMB,17750,KIMBERLY CLARK CORP,,,-0.003135,-0.2793369018399367,8.063865817276925e-05,-1.3480511730903076e-11,-0.000369,5.449773182334667,124.01,344109.0,42672957.09,0.0050000000000025,124.01,124.0
2019-04-26,KMB,17750,KIMBERLY CLARK CORP,,,0.01395,-0.0817062297767415,7.952918721174738e-05,6.442355030037949e-11,0.004685,5.004492762467707,125.74,344109.0,43268265.66,0.0050000000000025,125.72,125.71
2019-04-29,KMB,17750,KIMBERLY CLARK CORP,,,-0.003897,-0.3471419338467014,0.0002395209580838,-2.7674373626424195e-11,0.001071,3.2672234669828457,125.25,344109.0,43099652.25,0.0150000000000005,125.28,125.25
2019-04-30,KMB,17750,KIMBERLY CLARK CORP,,,0.02499,0.7203875187786684,7.789375292094489e-05,1.0063932850219563e-10,0.000951,5.626024229555403,128.38,343795.0,44136402.1,0.0049999999999954,128.34,128.33
2019-05-01,KMB,17750,KIMBERLY CLARK CORP,,,-0.022667,-0.2106081121952808,7.970032677126727e-05,-1.183205917922009e-10,-0.007502,4.441137887403831,125.47,343795.0,43135958.65,0.0049999999999954,125.49,125.48
2019-05-02,KMB,17750,KIMBERLY CLARK CORP,,,0.014266,-0.3360428492554235,0.0001571585730001,1.1057996158942636e-10,-0.002124,2.948725257784436,127.26,343795.0,43751351.7,0.009999999999998,127.28,127.26
2019-05-03,KMB,17750,KIMBERLY CLARK CORP,,,0.001886,0.0593376913796896,0.0003137254901961,1.3774099401854622e-11,0.009638,3.123695807094344,127.5,343795.0,43833862.5,0.0200000000000031,127.5,127.46
2019-05-06,KMB,17750,KIMBERLY CLARK CORP,,,0.003137,0.6957001092269286,7.818608287728785e-05,1.346872963644916e-11,-0.004471,5.2968513212815775,127.9,343795.0,43971380.5,0.0050000000000025,127.93,127.92
2019-05-07,KMB,17750,KIMBERLY CLARK CORP,,,-0.013448,-0.3551724270481941,0.0001585037248376,-9.076245588103194e-11,-0.016512,3.415555781788566,126.18,343795.0,43380053.1,0.0100000000000051,126.18,126.16
2019-05-08,KMB,17750,KIMBERLY CLARK CORP,,,0.005627,-0.1082817898387993,0.0002364252502167,4.2350734168894285e-11,-0.001605,3.0457132884422404,126.89,343795.0,43624147.55,0.0150000000000005,126.92,126.89
2019-05-09,KMB,17750,KIMBERLY CLARK CORP,,,-0.003862,0.1309730388950063,7.911392405067338e-05,-2.580027702790257e-11,-0.003021,3.4446196134324234,126.4,343795.0,43455688.0,0.0050000000000025,126.4,126.39
2019-05-10,KMB,17750,KIMBERLY CLARK CORP,,,0.008228,-0.2043583960386508,7.84682988072105e-05,6.852202826544126e-11,0.00372,2.740682674268096,127.44,343795.0,43813234.8,0.0049999999999954,127.46,127.45
2019-05-13,KMB,17750,KIMBERLY CLARK CORP,,,0.004551,0.6327712996679165,0.0001562255897516,2.3107094699783665e-11,-0.024131,4.47490801204206,128.02,343795.0,44012635.900000006,0.0100000000000051,128.02,128.0
2019-05-14,KMB,17750,KIMBERLY CLARK CORP,,,-0.003671,-0.1729941350098248,0.000235201881615,-2.2620992909705804e-11,0.008016,3.700775171250309,127.55,343795.0,43851052.25,0.0150000000000005,127.58,127.55
2019-05-15,KMB,17750,KIMBERLY CLARK CORP,,,0.008781,-0.1054092248103446,0.000155514105852,5.995839553099332e-11,0.005839,3.310679329251444,128.67,343795.0,44236102.65,0.0100049999999924,128.67,128.64999
2019-05-16,KMB,17750,KIMBERLY CLARK CORP,,,0.000389,0.0965757185719493,0.000310674331883,2.421298158275272e-12,0.008895,3.630410564435201,128.72,343795.0,44253292.4,0.0199949999999944,128.75,128.71001
2019-05-17,KMB,17750,KIMBERLY CLARK CORP,,,0.001631,-0.1762326769044889,0.000155200508431,1.2303825214007469e-11,-0.005837,2.990613592402449,128.92999,343795.0,44325485.91205,0.0100050000000067,128.96001,128.94
2019-05-20,KMB,17750,KIMBERLY CLARK CORP,,,0.009152,0.4541150290130504,0.0001537160863883,4.704860081291078e-11,-0.006749,4.348696170683111,130.11,343795.0,44731167.45,0.0099999999999909,130.13,130.11
2019-05-21,KMB,17750,KIMBERLY CLARK CORP,,,-0.000231,-0.0451292924698674,0.000230627306273,-1.2439366360364105e-12,0.008496,4.15244258933376,130.08,343795.0,44720853.6,0.0150000000000005,130.08,130.05
2019-05-22,KMB,17750,KIMBERLY CLARK CORP,,,0.006919,-0.2648087089491443,0.0003054664834327,5.0330911748988035e-11,-0.002824,3.052839628266845,130.98,343795.0,45030269.1,0.0200050000000118,130.99001,130.95
2019-05-23,KMB,17750,KIMBERLY CLARK CORP,,,-0.000534,0.1314600243342152,0.0003056298220153,-3.4349915490765144e-12,-0.011914,3.454166000087261,130.91,343795.0,45006203.45,0.0200050000000118,130.96001,130.92
2019-05-24,KMB,17750,KIMBERLY CLARK CORP,,,-0.002139,-0.2657459842950674,7.655209369969307e-05,-1.8779272594463227e-11,0.001354,2.536235256475516,130.63,343795.0,44909940.85,0.0049999999999954,130.7,130.69
2019-05-28,KMB,17750,KIMBERLY CLARK CORP,,,-0.015387,0.9735797556038512,0.0002334007152853,-6.951870529023258e-11,-0.008376,5.005462557628819,128.62,343795.0,44218912.9,0.0150100000000037,128.57001,128.53999
2019-05-29,KMB,17750,KIMBERLY CLARK CORP,,,-0.001555,-0.2774246260430147,0.0002336084722006,-9.738023049705425e-12,-0.006912,3.616823979406332,128.42,343795.0,44150153.9,0.0150000000000005,128.47,128.44
2019-05-30,KMB,17750,KIMBERLY CLARK CORP,,,0.014017,-0.2847924236356062,7.686991245601675e-05,1.210370544909296e-10,0.002098,2.586779912447825,130.22,343795.0,44768984.9,0.0050050000000112,130.24001,130.23
2019-05-31,KMB,17750,KIMBERLY CLARK CORP,,,-0.017893,0.6584431735636811,7.819219641883741e-05,-9.486083508068681e-11,-0.013195,4.290027487310752,127.89,343795.0,43967942.55,0.0050000000000025,127.89,127.88
2019-06-03,KMB,17750,KIMBERLY CLARK CORP,,,0.024552,0.2161740875590723,7.631840036625891e-05,1.0446258233819229e-10,-0.002765,5.217420264983493,131.03,343795.0,45047458.85,0.0049999999999954,131.03,131.02
2019-06-04,KMB,17750,KIMBERLY CLARK CORP,,,0.003053,0.1752015221971286,0.000228258405863,1.1019568964562551e-11,0.021432,6.131520237350747,131.42999,343795.0,45184973.41205,0.0150000000000005,131.42999,131.39999
2019-06-05,KMB,17750,KIMBERLY CLARK CORP,,,0.01575,-0.2861997185939565,0.0002247191011236,7.840700327171516e-11,0.008162,4.376680870867814,133.5,343795.0,45896632.5,0.0150000000000005,133.53,133.5
2019-06-06,KMB,17750,KIMBERLY CLARK CORP,,,0.008315,-0.2068265632383209,7.478664470741243e-05,5.2156473097028096e-11,0.006136,3.4714670079553223,133.58,343795.0,45924136.1,0.004995000000008,133.61,133.60001
2019-06-07,KMB,17750,KIMBERLY CLARK CORP,,,0.009957,0.5197721272286846,0.0002223704692016,4.069052480668611e-11,0.010498,5.2758387992844575,134.91,343795.0,46381383.45,0.0150000000000005,134.91,134.88
2019-06-10,KMB,17750,KIMBERLY CLARK CORP,,,-0.001482,-0.5043458317230003,7.423353320210506e-05,-1.2237099712422707e-11,0.00466,2.6149914920228623,134.71001,343795.0,46312627.88795,0.0049999999999954,134.7,134.69
2019-06-11,KMB,17750,KIMBERLY CLARK CORP,,,-0.000742,0.2773316752333927,7.421439714743445e-05,-4.800130699770063e-12,-0.00035,3.340211463226632,134.61,343795.0,46278244.95,0.004995000000008,134.61,134.60001
2019-06-12,KMB,17750,KIMBERLY CLARK CORP,,,0.012629,0.0840833963223692,0.0002200865673831,7.442263357396915e-11,-0.002038,3.6210677874896375,136.31,343795.0,46862696.45,0.0150000000000005,136.34,136.31
2019-06-13,KMB,17750,KIMBERLY CLARK CORP,,,0.00741,0.1767387872970227,0.0002184677964995,3.683562996638452e-11,0.004097,4.261050916970869,137.32001,343795.0,47209932.83795,0.0150000000000005,137.36,137.33
2019-06-14,KMB,17750,KIMBERLY CLARK CORP,,,0.002403,-0.0615620699447344,0.0001453686992638,1.2698597379795206e-11,-0.001612,3.998731802382234,137.64999,343795.0,47323378.31205,0.0100049999999924,137.67,137.64999
2019-06-17,KMB,17750,KIMBERLY CLARK CORP,,,-0.003269,0.5153039402245072,0.0001457725947522,-1.1437713762175594e-11,0.000932,6.059294056050844,137.2,343795.0,47168673.99999999,0.0100000000000051,137.22,137.2
2019-06-18,KMB,17750,KIMBERLY CLARK CORP,,,-0.008163,-0.1454750126610837,0.0002204585537918,-3.369838935995596e-11,0.009717,5.177818176529618,136.08,343795.0,46783623.6,0.0150000000000005,136.08,136.05
2019-06-19,KMB,17750,KIMBERLY CLARK CORP,,,-0.00147,0.3488175998310214,0.0002207830438622,-4.5056994650442615e-12,0.002985,6.983932285228115,135.88,343795.0,46714864.6,0.0150000000000005,135.91,135.88
2019-06-20,KMB,17750,KIMBERLY CLARK CORP,,,0.003165,-0.2282293388576038,0.0002200865673831,1.2530204402639594e-11,0.009472,5.389994037144229,136.31,343795.0,46862696.45,0.0150000000000005,136.31,136.28
2019-06-21,KMB,17750,KIMBERLY CLARK CORP,,,-0.005282,0.5069817215157904,0.0002212552548123,-1.3950022577225468e-11,-0.001259,8.122622493055454,135.59,343795.0,46615164.05,0.0150000000000005,135.66,135.63
2019-06-24,KMB,17750,KIMBERLY CLARK CORP,,,0.016225,-0.4741715090722813,0.000145220999,8.019127109643959e-11,-0.001732,4.271106327898893,137.78999,343795.0,47371509.61205,0.0100050000000067,137.81,137.78999
2019-06-25,KMB,17750,KIMBERLY CLARK CORP,,,-0.006967,-0.1740653847594465,0.0002192501644376,-4.1983522721353837e-11,-0.009496,3.527654561584665,136.83,343795.0,47041469.85,0.0150000000000005,136.86,136.83
2019-06-26,KMB,17750,KIMBERLY CLARK CORP,,,-0.024995,0.0770900155839016,0.0001498388426655,-1.434257565787158e-10,-0.001234,3.799601506711849,133.41,343795.0,45865690.95,0.0099950000000035,133.42999,133.41
2019-06-27,KMB,17750,KIMBERLY CLARK CORP,,,0.003823,-0.0150005664924319,0.0001492682198327,2.2186319823874615e-11,0.003823,3.742605331665673,133.92,343795.0,46041026.4,0.0099950000000035,133.89999,133.88
2019-06-28,KMB,17750,KIMBERLY CLARK CORP,,,-0.004779,3.2954179292742847,7.51050420167623e-05,-6.487733961590688e-12,0.005757,16.07605404383426,133.28,343795.0,45820997.6,0.005004999999997,133.32001,133.31
2019-07-01,KMB,17750,KIMBERLY CLARK CORP,,,0.016056,-0.6470855911676543,0.0002953773445576,6.078636116661209e-11,0.007672,5.673471109236609,135.42,343795.0,46556718.9,0.019999999999996,135.42,135.38
2019-07-02,KMB,17750,KIMBERLY CLARK CORP,,,0.0048,-0.3937024707884241,0.0002204012478576,2.9829406903483515e-11,0.002928,3.4398115155834144,136.07001,343795.0,46780189.08795,0.0149949999999989,136.13,136.10001
2019-07-03,KMB,17750,KIMBERLY CLARK CORP,,,0.016756,0.149103239499742,0.0002168413287429,8.912466399534578e-11,0.007672,3.9526985558254193,138.35001,343795.0,47564041.68795,0.0150000000000005,138.31,138.28
2019-07-05,KMB,17750,KIMBERLY CLARK CORP,,,-0.009324,-0.3579693550309879,0.0002188822413541,-7.797269193318519e-11,-0.001806,2.537753603164677,137.06,343795.0,47120542.7,0.0150000000000005,137.06,137.03
2019-07-08,KMB,17750,KIMBERLY CLARK CORP,,,0.010433,0.6549497001032705,7.213516700582035e-05,5.21743386721249e-11,-0.004835,4.199854564493376,138.49001,343795.0,47612172.987950005,0.0049949999999938,138.50999,138.5
2019-07-09,KMB,17750,KIMBERLY CLARK CORP,,,-0.011698,-0.1857095663170783,0.0002191130269598,-7.269260111673252e-11,0.001237,3.4199013947265087,136.87,343795.0,47055221.65,0.0149949999999989,136.89999,136.87
2019-07-10,KMB,17750,KIMBERLY CLARK CORP,,,0.006795,0.0982985256156734,0.0002177068214804,3.818622281969989e-11,0.004511,3.7560726595791096,137.8,343795.0,47374951.00000001,0.0150000000000005,137.8,137.77
2019-07-11,KMB,17750,KIMBERLY CLARK CORP,,,-0.002758,-0.2862182001503889,7.276961141020889e-05,-2.1774355364919787e-11,0.002285,2.6810163033202925,137.42,343795.0,47244308.9,0.0049999999999954,137.42,137.41
2019-07-12,KMB,17750,KIMBERLY CLARK CORP,,,0.009751,0.1708859523499544,7.199481637313271e-05,6.511353740808607e-11,0.00462,3.139164327578935,138.75999,343795.0,47704990.76205,0.0049949999999938,138.75999,138.75
2019-07-15,KMB,17750,KIMBERLY CLARK CORP,,,0.003531,-0.0963706497879505,7.181328545774438e-05,2.6001510521339838e-11,0.000176,2.8366410215389983,139.25,343795.0,47873453.75,0.0049999999999954,139.28,139.27
2019-07-16,KMB,17750,KIMBERLY CLARK CORP,,,-0.005242,0.4578511786534978,0.0002887669650593,-2.6617508789297398e-11,-0.003404,4.135400456667491,138.52,343795.0,47622483.400000006,0.0200000000000102,138.52,138.48
2019-07-17,KMB,17750,KIMBERLY CLARK CORP,,,-0.003537,0.1284512530508605,0.00021734405564,-1.597208604338648e-11,-0.006531,4.666597827193531,138.03,343795.0,47454023.85,0.0150000000000005,138.03,138.0
2019-07-18,KMB,17750,KIMBERLY CLARK CORP,,,-0.00355,0.3416978682372271,7.270612714157464e-05,-1.1990704606327486e-11,0.003582,6.261164356666036,137.53999,343795.0,47285560.86205,0.0049999999999954,137.53,137.52
2019-07-19,KMB,17750,KIMBERLY CLARK CORP,,,-0.013087,-0.3045424581091233,0.0002210107395748,-6.440312544402447e-11,-0.006177,4.354373972861734,135.74001,343795.0,46666736.737950005,0.0150000000000005,135.78999,135.75999
2019-07-22,KMB,17750,KIMBERLY CLARK CORP,,,-0.010903,0.7096389340900406,7.440787087810861e-05,-3.1729974301286904e-11,0.002829,7.444407277592751,134.25999,343795.0,46157913.26205,0.004995000000008,134.33,134.32001
2019-07-23,KMB,17750,KIMBERLY CLARK CORP,,,0.005884,0.728194658800086,0.0001480932987783,9.850442397970488e-12,0.006848,12.86538489506828,135.05,343795.0,46429514.75000001,0.0100000000000051,135.05,135.03
2019-07-24,KMB,17750,KIMBERLY CLARK CORP,,,-0.002962,-0.5853994580668791,7.426662267105186e-05,-1.1995725618638862e-11,0.004688,5.333995549673498,134.64999,343795.0,46291993.31205,0.0049999999999954,134.63,134.62
2019-07-25,KMB,17750,KIMBERLY CLARK CORP,,,0.005496,-0.1720219369495381,7.39345594208884e-05,2.673554860498066e-11,-0.005262,4.416431303538446,135.39,343795.0,46546405.05,0.005004999999997,135.41,135.39999
2019-07-26,KMB,17750,KIMBERLY CLARK CORP,,,0.013147,0.2080604762942859,0.0002916818546331,5.225258888669981e-11,0.007388,5.335316104073649,137.17,343795.0,47158360.15,0.0200050000000118,137.21001,137.17
2019-07-29,KMB,17750,KIMBERLY CLARK CORP,,,0.007873,-0.353251320018209,0.0003616636528029,4.800426769097884e-11,-0.001616,3.450608647595224,138.25,343795.0,47529658.75,0.0250000000000056,138.3,138.25
2019-07-30,KMB,17750,KIMBERLY CLARK CORP,,,0.000362,0.2585994122913053,7.237888647883225e-05,1.7530875408036028e-12,-0.002579,4.342934015910644,138.3,343795.0,47546848.50000001,0.0050050000000112,138.3,138.28999
2019-07-31,KMB,17750,KIMBERLY CLARK CORP,,,-0.019161,0.2315128670351669,0.000294876542195,-7.682041762429839e-11,-0.010886,5.342085996513655,135.64999,344200.0,46690726.558,0.019999999999996,135.62,135.58
2019-08-01,KMB,17750,KIMBERLY CLARK CORP,,,-0.003022,-0.1946119801212348,0.0001478852301179,-1.5089066050748684e-11,-0.008999,4.302452062754213,135.24001,344200.0,46549611.442,0.0100000000000051,135.27,135.25
2019-08-02,KMB,17750,KIMBERLY CLARK CORP,,,0.004658,-0.0493360812044535,0.0002207256936777,2.4351291050512098e-11,-0.007283,4.090185938407903,135.87,344200.0,46766454.0,0.0149949999999989,135.89999,135.87
2019-08-05,KMB,17750,KIMBERLY CLARK CORP,,,-0.016486,0.1464411489357471,0.0002245004864177,-7.64373538644695e-11,-0.029778,4.689157466589192,133.63,344200.0,45995446.0,0.0150000000000005,133.7,133.67
2019-08-06,KMB,17750,KIMBERLY CLARK CORP,,,0.00666,-0.0716334739356929,7.44127267322517e-05,3.304168714102748e-11,0.013017,4.353256827425915,134.52,344200.0,46301784.0,0.0050050000000112,134.55,134.53999
2019-08-07,KMB,17750,KIMBERLY CLARK CORP,,,0.011968,0.1691601190877414,7.338573422475687e-05,5.0184382808622006e-11,0.000767,5.089654270772806,136.13,344200.0,46855946.0,0.004995000000008,136.17999,136.17
2019-08-08,KMB,17750,KIMBERLY CLARK CORP,,,0.017704,-0.2409400528238859,0.0003607622607737,9.609947706718914e-11,0.018762,3.86335270191749,138.53999,344200.0,47685464.558,0.0249899999999883,138.53999,138.49001
2019-08-09,KMB,17750,KIMBERLY CLARK CORP,,,-0.001227,0.0384360857474173,7.227000072263427e-05,-6.42166470197946e-12,-0.006617,4.011844857640907,138.37,344200.0,47626954.0,0.0049999999999954,138.39,138.38
2019-08-12,KMB,17750,KIMBERLY CLARK CORP,,,-0.001734,-0.3614326257878145,0.0004343734163467,-1.4236373044644743e-11,-0.012184,2.5618332364904126,138.13,344200.0,47544346.0,0.0299999999999869,138.14,138.08
2019-08-13,KMB,17750,KIMBERLY CLARK CORP,,,0.009339,1.2843273231622745,7.172572084342925e-05,3.3254868956088795e-11,0.014994,5.8520656595002905,139.42,344200.0,47988363.99999999,0.0049999999999954,139.45,139.44
2019-08-14,KMB,17750,KIMBERLY CLARK CORP,,,-0.019438,-0.0624634795244556,0.0002195888947708,-7.529099081778474e-11,-0.029293,5.486525276002324,136.71001,344200.0,47055585.442,0.0150100000000037,136.71001,136.67999
2019-08-15,KMB,17750,KIMBERLY CLARK CORP,,,0.018726,-0.30757409998189,0.0002154089179292,1.0282669779554307e-10,0.002464,3.7990122022080186,139.27,344200.0,47936734.0,0.0150000000000005,139.28,139.25
2019-08-16,KMB,17750,KIMBERLY CLARK CORP,,,0.010411,0.269834508496352,0.0002131893121091,4.455617904442183e-11,0.014426,4.824116792562464,140.72,344200.0,48435824.0,0.0150000000000005,140.78,140.75
2019-08-19,KMB,17750,KIMBERLY CLARK CORP,,,0.014355,0.0107464131948897,0.0003503572684352,5.992203936475449e-11,0.012106,4.875958744915747,142.74001,344200.0,49131111.442,0.0250050000000072,142.74001,142.69
2019-08-20,KMB,17750,KIMBERLY CLARK CORP,,,-0.018145,0.2438490024161281,0.0001427756077614,-6.20190844630624e-11,-0.007915,6.064956420685648,140.14999,344200.0,48239626.558,0.0100050000000067,140.21001,140.19
2019-08-21,KMB,17750,KIMBERLY CLARK CORP,,,0.012558,-0.451862415319718,7.046719751949057e-05,7.733557987243971e-11,0.008247,3.324430563625799,141.91,344200.0,48845422.0,0.0049999999999954,141.89,141.88
2019-08-22,KMB,17750,KIMBERLY CLARK CORP,,,-0.000916,-0.1355319422268714,0.0003526590492312,-6.531356938563143e-12,-0.000506,2.8738640325392213,141.78,344200.0,48800676.0,0.0250000000000056,141.83,141.78
2019-08-23,KMB,17750,KIMBERLY CLARK CORP,,,-0.023769,0.4431167507763975,0.00043349468969,-1.2029979609271107e-10,-0.025946,4.1473213248111565,138.41,344200.0,47640722.0,0.0300000000000011,138.47,138.41
2019-08-26,KMB,17750,KIMBERLY CLARK CORP,,,0.013294,-0.2213949063683006,0.0002139037433155,8.528192861482708e-11,0.010983,3.229125508425334,140.25,344200.0,48274050.0,0.0150000000000005,140.3,140.27
2019-08-27,KMB,17750,KIMBERLY CLARK CORP,,,0.006346,0.2114974380659759,7.078078503624879e-05,3.339117204544949e-11,-0.003203,3.912077280650784,141.14,344200.0,48580387.99999999,0.004995000000008,141.11,141.10001
2019-08-28,KMB,17750,KIMBERLY CLARK CORP,,,0.005739,-0.3610409517154003,0.000211271574498,4.6990440034471485e-11,0.006545,2.49965717606043,141.95,344200.0,48859189.99999999,0.0149949999999989,142.00999,141.98
2019-08-29,KMB,17750,KIMBERLY CLARK CORP,,,-0.000775,0.2297793305764184,0.0002116469261139,-5.163979084080315e-12,0.012687,3.074026728646136,141.84,344200.0,48821328.0,0.0150100000000037,141.82001,141.78999
2019-08-30,KMB,17750,KIMBERLY CLARK CORP,,,-0.005147,0.2444559957659156,0.0003544043653888,-2.7701183652159176e-11,0.000643,3.825490993608368,141.11,344200.0,48570062.00000001,0.0250050000000072,141.09,141.03999
2019-09-03,KMB,17750,KIMBERLY CLARK CORP,,,0.002835,0.1596161411492374,0.0002119991669846,1.3120598962899692e-11,-0.006899,4.436101104009297,141.50999,344200.0,48707738.558,0.0150000000000005,141.55,141.52
2019-09-04,KMB,17750,KIMBERLY CLARK CORP,,,0.008268,-0.1514828024776902,0.0002802775637986,4.4726451870405546e-11,0.010842,3.764108076699593,142.67999,344200.0,49110452.558,0.0199950000000086,142.67999,142.64
2019-09-05,KMB,17750,KIMBERLY CLARK CORP,,,-0.015209,0.8215854202589368,0.0003584743332378,-4.620258014287614e-11,0.01301,6.856644392794887,139.48,344200.0,48009016.0,0.0250000000000056,139.53,139.48
2019-09-06,KMB,17750,KIMBERLY CLARK CORP,,,-0.010252,-0.0955921827311797,0.0002898225280697,-3.479248004743663e-11,0.000911,6.201202789076119,138.05,344200.0,47516810.00000001,0.0200050000000118,138.08,138.03999
2019-09-09,KMB,17750,KIMBERLY CLARK CORP,,,-0.034625,0.6074003000298906,7.511067757180219e-05,-7.572626547101235e-11,-9.4e-05,9.967815223707149,133.27,344200.0,45871534.0,0.005004999999997,133.32001,133.31
2019-09-10,KMB,17750,KIMBERLY CLARK CORP,,,-0.015908,-0.1138376214906663,0.0003049180560363,-3.989543156633494e-11,0.000322,8.833102847181872,131.14999,344200.0,45141826.558,0.0199949999999944,131.14,131.10001
2019-09-11,KMB,17750,KIMBERLY CLARK CORP,,,0.005795,-0.1366988844062238,0.0002274277916761,1.6737448923700123e-11,0.00723,7.62562754212667,131.91,344200.0,45403422.0,0.0150000000000005,131.91,131.88
2019-09-12,KMB,17750,KIMBERLY CLARK CORP,,,0.01266,-0.3414272112943715,0.0002245845186405,5.482795264462125e-11,0.002879,5.022030796048809,133.58,344200.0,45978236.00000001,0.0150000000000005,133.61,133.58
2019-09-13,KMB,17750,KIMBERLY CLARK CORP,,,-0.008759,-0.0327088719488737,0.0002265689902575,-3.956273424518658e-11,-0.000724,4.857765833817548,132.41,344200.0,45575522.0,0.0150000000000005,132.41,132.38
2019-09-16,KMB,17750,KIMBERLY CLARK CORP,,,-0.027415,0.3549962530867927,0.0001553036185743,-9.396244156578408e-11,-0.003136,6.582254503195816,128.78,344200.0,44326076.0,0.0100000000000051,128.8,128.78
2019-09-17,KMB,17750,KIMBERLY CLARK CORP,,,0.024383,-0.1455990699201804,7.572771376604119e-05,9.548370168924008e-11,0.002582,5.623884369552585,131.92,344200.0,45406863.99999999,0.004995000000008,131.92999,131.92
2019-09-18,KMB,17750,KIMBERLY CLARK CORP,,,0.008869,-0.1966600903736605,0.0001502742505072,4.285313884588679e-11,0.000343,4.517890761185357,133.09,344200.0,45809578.0,0.0100000000000051,133.08,133.06
2019-09-19,KMB,17750,KIMBERLY CLARK CORP,,,0.007739,-0.0280594035720853,0.0002981658216523,3.8177280404859296e-11,2e-05,4.391121441022661,134.12,344200.0,46164104.0,0.0199950000000086,134.11,134.07001
2019-09-20,KMB,17750,KIMBERLY CLARK CORP,,,0.00686,0.8417181413025068,0.0002221564145554,1.8249553295229345e-11,-0.004896,8.087208018593842,135.03999,344200.0,46480764.558,0.0150000000000005,134.98,134.95
2019-09-23,KMB,17750,KIMBERLY CLARK CORP,,,0.013255,-0.1677644589754984,7.301030475784661e-05,4.181601726103991e-11,-9.7e-05,6.730461940732132,136.83,344200.0,47096886.00000001,0.004995000000008,136.86,136.85001
2019-09-24,KMB,17750,KIMBERLY CLARK CORP,,,0.007089,-0.3417272972535478,7.256894049340279e-05,3.373449194497471e-11,-0.008416,4.4304793724578735,137.8,344200.0,47430760.00000001,0.0049999999999954,137.73,137.72
2019-09-25,KMB,17750,KIMBERLY CLARK CORP,,,-0.001597,0.2433554474150656,0.000145442651548,-6.121991534226585e-12,0.006159,5.508660662405578,137.58,344200.0,47355036.00000001,0.0100049999999924,137.57001,137.55
2019-09-26,KMB,17750,KIMBERLY CLARK CORP,,,0.018389,-0.1096572351075718,0.0002141174791235,7.77454281362982e-11,-0.002429,4.904596165020337,140.11,344200.0,48225862.00000001,0.0150000000000005,140.17999,140.14999
2019-09-27,KMB,17750,KIMBERLY CLARK CORP,,,0.013918,-0.0841874180321556,0.0002111079825425,6.337008589479579e-11,-0.005316,4.491690877396862,142.06,344200.0,48897052.0,0.0149949999999989,142.13,142.10001
2019-09-30,KMB,17750,KIMBERLY CLARK CORP,,,-7e-05,-0.0945648236785594,0.0004223864836325,-3.520292197207043e-13,0.005048,4.066934921557234,142.05,344200.0,48893610.00000001,0.0300000000000011,142.08,142.02
2019-10-01,KMB,17750,KIMBERLY CLARK CORP,,,-0.002746,-0.1171063243701596,0.0002822956374416,-1.5684359949464044e-11,-0.012258,3.5906711214410225,141.66,344200.0,48759372.0,0.0199949999999944,141.64,141.60001
2019-10-02,KMB,17750,KIMBERLY CLARK CORP,,,-0.013201,0.5184621197838999,0.0002147507128372,-5.031996149674463e-11,-0.017903,5.452298082510168,139.78999,344200.0,48115714.558,0.0150100000000037,139.82001,139.78999
2019-10-03,KMB,17750,KIMBERLY CLARK CORP,,,-0.000501,-0.4086261863364099,0.0002147151445748,-3.230922955434421e-12,0.007972,3.224346310284718,139.72,344200.0,48091624.0,0.0150000000000005,139.74001,139.71001
2019-10-04,KMB,17750,KIMBERLY CLARK CORP,,,0.013456,0.1755897352723865,0.0004238700265629,7.283571068177463e-11,0.014217,3.790508425334108,141.60001,344200.0,48738723.442,0.0300100000000043,141.60001,141.53999
2019-10-07,KMB,17750,KIMBERLY CLARK CORP,,,-0.01017,-0.0210087737115167,7.134703196340543e-05,-5.6808030410527117e-11,-0.004478,3.710874491574666,140.16,344200.0,48243072.0,0.0049999999999954,140.13,140.12
2019-10-08,KMB,17750,KIMBERLY CLARK CORP,,,-0.021761,0.2801313412924151,7.29341404710882e-05,-9.706620619004419e-11,-0.015561,4.750406740267287,137.11,344200.0,47193262.00000001,0.0049999999999954,137.06,137.05
2019-10-09,KMB,17750,KIMBERLY CLARK CORP,,,0.00175,-0.1353332232476499,0.0003640334645769,9.011953009318572e-12,0.009105,4.1075188843695525,137.35001,344200.0,47275873.442,0.0249999999999914,137.39,137.34
2019-10-10,KMB,17750,KIMBERLY CLARK CORP,,,0.003932,-0.1916801998574063,0.0002175647255058,2.495209904393341e-11,0.006416,3.320188843695526,137.89,344200.0,47461737.99999999,0.0150000000000005,137.92,137.89
2019-10-11,KMB,17750,KIMBERLY CLARK CORP,,,-0.001886,0.0127510371374395,0.0002179030734578,-1.1840014383575922e-11,0.010939,3.3625246949448,137.63,344200.0,47372246.0,0.0149949999999989,137.63,137.60001
2019-10-14,KMB,17750,KIMBERLY CLARK CORP,,,-0.018383,0.1109962924914094,7.409325876433377e-05,-1.058210454584272e-10,-0.001387,3.73575246949448,135.10001,344200.0,46501423.442,0.005004999999997,135.10001,135.09
2019-10-15,KMB,17750,KIMBERLY CLARK CORP,,,-0.009104,0.2670646407112516,0.0002987226413684,-4.174084685846541e-11,0.009956,4.733439860546194,133.87,344200.0,46078054.0,0.0199949999999944,133.89999,133.86
2019-10-16,KMB,17750,KIMBERLY CLARK CORP,,,0.0062,-0.0575264692343102,0.0002227171492204,2.997555288184905e-11,-0.002,4.461141778036025,134.7,344200.0,46363739.99999999,0.0150000000000005,134.73,134.7
2019-10-17,KMB,17750,KIMBERLY CLARK CORP,,,0.00683,-0.2939216228977059,7.373543725107584e-05,4.6450154208057906e-11,0.002763,3.149915746658919,135.62,344200.0,46680404.0,0.0049999999999954,135.63,135.62
2019-10-18,KMB,17750,KIMBERLY CLARK CORP,,,0.011798,0.6286491158004834,0.0002186270222999,4.869155513625559e-11,-0.003919,5.1301074956420685,137.22,344200.0,47231124.0,0.0150000000000005,137.25,137.22
2019-10-21,KMB,17750,KIMBERLY CLARK CORP,,,0.014357,0.3921280247912682,0.0007183705725985,4.196035539304452e-11,0.006872,7.141766414875073,139.19,344200.0,47909198.0,0.0499949999999955,139.28999,139.19
2019-10-22,KMB,17750,KIMBERLY CLARK CORP,,,-0.070479,0.8713934934399048,7.72916988714709e-05,-1.1841615730545527e-10,-0.003569,13.365055200464846,129.38,344200.0,44532596.0,0.0049999999999954,129.53,129.52
2019-10-23,KMB,17750,KIMBERLY CLARK CORP,,,0.03795,-0.3446769872606978,7.454017980061285e-05,9.374132692564816e-11,0.002847,8.7584282393957,134.28999,344200.0,46222614.558,0.0050050000000112,134.27,134.25999
2019-10-24,KMB,17750,KIMBERLY CLARK CORP,,,0.006702,-0.3390438893258291,0.0002218359346105,2.4879989422053097e-11,0.00192,5.788936664729809,135.19,344200.0,46532398.0,0.0149949999999989,135.14999,135.12
2019-10-25,KMB,17750,KIMBERLY CLARK CORP,,,-0.007323,-0.0505166239074312,0.0001490312965723,-2.8842937499142598e-11,0.004073,5.496499128413713,134.2,344200.0,46191639.99999999,0.0100000000000051,134.22,134.2
2019-10-28,KMB,17750,KIMBERLY CLARK CORP,,,-0.017288,0.0257783862212226,7.590233545643069e-05,-6.754842730120166e-11,0.005581,5.638190005810575,131.88,344200.0,45393096.0,0.005004999999997,131.85001,131.84
2019-10-29,KMB,17750,KIMBERLY CLARK CORP,,,0.008038,-0.3546809985237019,0.0002256657138558,4.828000438572244e-11,-0.000832,3.638431144683324,132.94,344200.0,45757948.0,0.0150000000000005,132.92999,132.89999
2019-10-30,KMB,17750,KIMBERLY CLARK CORP,,,0.005491,-0.1039343696799931,7.488591306945522e-05,3.660603152273493e-11,0.003253,3.2602730970366065,133.67,344200.0,46009213.99999999,0.005004999999997,133.69,133.67999
2019-10-31,KMB,17750,KIMBERLY CLARK CORP,,,-0.00591,0.31693854672933,7.518061408802042e-05,-3.009521882809035e-11,-0.003023,4.311038896635415,132.88,342806.0,45552061.28,0.004995000000008,132.89999,132.89
2019-11-01,KMB,17750,KIMBERLY CLARK CORP,,,-0.006322,-0.3176377846195486,7.56588969749826e-05,-4.747923165809838e-11,0.009662,2.941690052099438,132.03999,342806.0,45264100.81194,0.0049949999999938,132.03999,132.03
2019-11-04,KMB,17750,KIMBERLY CLARK CORP,,,-0.020297,0.6836336519477326,7.72263450836128e-05,-9.241424518533255e-11,0.003704,4.952728365314493,129.36,342806.0,44345384.16,0.004995000000008,129.36,129.35001
2019-11-05,KMB,17750,KIMBERLY CLARK CORP,,,0.007808,-0.0825921399437515,0.0001534095267316,3.845092201968708e-11,-0.001186,4.5436719310630505,130.37,342806.0,44691618.22,0.0100000000000051,130.36,130.34
2019-11-06,KMB,17750,KIMBERLY CLARK CORP,,,0.010355,0.0286762052853175,0.0002277558457333,4.9064153026989426e-11,0.000703,4.67396720010735,131.72,342806.0,45154406.32,0.0150000000000005,131.72,131.69
2019-11-07,KMB,17750,KIMBERLY CLARK CORP,,,0.000304,-0.2357027306361498,0.0002276867203769,1.884055306893086e-12,0.00273,3.5723003681382477,131.75999,342806.0,45168115.13193999,0.0150000000000005,131.74001,131.71001
2019-11-08,KMB,17750,KIMBERLY CLARK CORP,,,-0.002277,-0.1078951107539895,0.0001521375207563,-1.5854664892813426e-11,0.002561,3.186866624271454,131.46001,342806.0,45065280.18806,0.0100000000000051,131.47,131.45
2019-11-11,KMB,17750,KIMBERLY CLARK CORP,,,-0.001978,-0.4412340030957173,0.0001523628048781,-2.4697339967130416e-11,-0.001962,1.780712706312025,131.2,342806.0,44976147.2,0.0099950000000035,131.17999,131.16
2019-11-12,KMB,17750,KIMBERLY CLARK CORP,,,0.001143,1.082317807348482,0.0002283212616428,6.845841422341e-12,0.001565,3.708009778125237,131.35001,342806.0,45027571.52806,0.0149949999999989,131.38,131.35001
2019-11-13,KMB,17750,KIMBERLY CLARK CORP,,,0.008146,-0.078027547186436,0.0001511101042137,5.249084833561377e-11,0.000712,3.418682870194804,132.42,342806.0,45394370.52,0.0100049999999924,132.42,132.39999
2019-11-14,KMB,17750,KIMBERLY CLARK CORP,,,-0.000227,-0.2009582360946973,0.0001510688118438,-1.83102369782683e-12,0.000837,2.7316703908332998,132.39,342806.0,45384086.34,0.0100000000000051,132.41,132.39
2019-11-15,KMB,17750,KIMBERLY CLARK CORP,,,-0.005741,0.2711128292146902,0.0002278355997872,-3.664138268380728e-11,0.007695,3.4722612789741136,131.63,342806.0,45123553.78,0.0149949999999989,131.63,131.60001
2019-11-18,KMB,17750,KIMBERLY CLARK CORP,,,0.006761,0.5213708674700415,0.0001507696951401,2.817303281139593e-11,0.000503,5.282597154075483,132.52,342806.0,45428651.120000005,0.0099899999999877,132.50999,132.49001
2019-11-19,KMB,17750,KIMBERLY CLARK CORP,,,0.003169,-0.0624289720173216,0.0001505190311419,1.4039979652915915e-11,-0.000593,4.952810044164921,132.94,342806.0,45572629.64,0.0100050000000067,132.96001,132.94
2019-11-20,KMB,17750,KIMBERLY CLARK CORP,,,0.012487,-0.2931496425191109,0.0002228825985971,7.730106035029574e-11,-0.003756,3.500895550252913,134.60001,342806.0,46141691.02806,0.0150000000000005,134.60001,134.57001
2019-11-21,KMB,17750,KIMBERLY CLARK CORP,,,-0.009213,-0.0427504399530717,0.0001499700059986,-6.013436656274629e-11,-0.001583,3.3512307252498497,133.36,342806.0,45716608.16,0.0099999999999909,133.38,133.36
2019-11-22,KMB,17750,KIMBERLY CLARK CORP,,,0.001275,-0.0103741049527255,7.496442746965102e-05,8.398612447728874e-12,0.002175,3.3164647059853096,133.53,342806.0,45774885.18,0.0050050000000112,133.52,133.50999
2019-11-25,KMB,17750,KIMBERLY CLARK CORP,,,-0.001348,0.2155494219388796,0.0001499062504757,-7.31476577150661e-12,0.007507,4.031326756241139,133.35001,342806.0,45713183.52806,0.0099950000000035,133.37,133.35001
2019-11-26,KMB,17750,KIMBERLY CLARK CORP,,,0.009149,0.4476704513796679,7.431076210807226e-05,3.3982804517152445e-11,0.002196,5.836032624866543,134.57001,342806.0,46131406.84806,0.0049999999999954,134.56,134.55
2019-11-27,KMB,17750,KIMBERLY CLARK CORP,,,0.012558,-0.4102853755347698,7.346250355678509e-05,7.811673845840424e-11,0.004174,3.4415937877400045,136.25999,342806.0,46710742.13193999,0.0050050000000112,136.27,136.25999
2019-11-29,KMB,17750,KIMBERLY CLARK CORP,,,0.000587,-0.0613638424850334,0.0004400762798885,3.887850065507041e-12,-0.004011,3.2304043686516573,136.34,342806.0,46738170.04,0.0300000000000011,136.45,136.39
2019-12-02,KMB,17750,KIMBERLY CLARK CORP,,,-0.000293,0.375389424978463,0.0003668378576667,-1.4113696694905616e-12,-0.008631,4.443064007047718,136.3,342806.0,46724457.8,0.0249999999999914,136.38,136.33
2019-12-03,KMB,17750,KIMBERLY CLARK CORP,,,-0.001981,-0.1287452178406142,0.0002205395868558,-1.0974218888127455e-11,-0.006638,3.871040763580568,136.03,342806.0,46631900.18,0.0150000000000005,136.03,136.0
2019-12-04,KMB,17750,KIMBERLY CLARK CORP,,,0.010733,0.1324829542371757,0.0002181976712344,5.1944808877675647e-11,0.006324,4.383887679912253,137.49001,342806.0,47132400.36806001,0.0150000000000005,137.5,137.47
2019-12-05,KMB,17750,KIMBERLY CLARK CORP,,,0.000436,0.1243819132392836,0.0002929241136828,1.8900292511001277e-12,0.0015,4.929164016965864,136.52,342806.0,46799875.120000005,0.0199949999999944,136.50999,136.47
2019-12-06,KMB,17750,KIMBERLY CLARK CORP,,,0.003369,-0.3805617053913989,0.0002189370711052,2.3497632891984352e-11,0.009136,3.053312952515417,136.98,342806.0,46957565.88,0.0149949999999989,137.00999,136.98
2019-12-09,KMB,17750,KIMBERLY CLARK CORP,,,0.0,0.5676033301041183,7.293035479623107e-05,0.0,-0.003163,4.786383552213205,136.98,342806.0,46957565.88,0.0049949999999938,137.00999,137.0
2019-12-10,KMB,17750,KIMBERLY CLARK CORP,,,-0.006278,-0.4047126982492087,0.000146929180135,-4.721900597127548e-11,-0.001097,2.8492733499413663,136.12,342806.0,46662752.72,0.0099999999999909,136.14,136.12
2019-12-11,KMB,17750,KIMBERLY CLARK CORP,,,0.00573,0.355885038925086,0.0002921840973106,3.1604273119325887e-11,0.002908,3.86328710699346,136.89999,342806.0,46930137.97194,0.019999999999996,136.95,136.91
2019-12-12,KMB,17750,KIMBERLY CLARK CORP,,,-0.007158,-0.2364730684603407,7.357268981747282e-05,-5.2080910548728514e-11,0.008575,2.949723750459444,135.92,342806.0,46594191.52,0.0049999999999954,135.92,135.91
2019-12-13,KMB,17750,KIMBERLY CLARK CORP,,,0.000147,0.1551806151804371,7.363542739460424e-05,9.257429578100608e-13,7.3e-05,3.4074636966680862,135.94,342806.0,46601047.64,0.0050050000000112,135.96001,135.95
2019-12-16,KMB,17750,KIMBERLY CLARK CORP,,,-0.000883,0.8140654174004087,7.362685365721079e-05,-3.068063536304547e-12,0.007148,6.181362053172932,135.82001,342806.0,46559914.34806,0.0049999999999954,135.84,135.83
2019-12-17,KMB,17750,KIMBERLY CLARK CORP,,,-0.004491,-0.4654498708829792,0.0002218770636878,-2.932332238095497e-11,0.000335,3.304247883642643,135.21001,342806.0,46350802.68806,0.0150000000000005,135.19,135.16
2019-12-18,KMB,17750,KIMBERLY CLARK CORP,,,-0.000148,-0.0662655069761528,0.00029595384274,-1.035077122670436e-12,-0.000432,3.0852902224581835,135.19,342806.0,46343943.14,0.0200050000000118,135.24001,135.2
2019-12-19,KMB,17750,KIMBERLY CLARK CORP,,,0.011465,0.0769910065276422,0.0002193213237295,7.360747795560987e-11,0.004459,3.322829822115132,136.74001,342806.0,46875295.86806001,0.0149949999999989,136.77,136.74001
2019-12-20,KMB,17750,KIMBERLY CLARK CORP,,,0.009288,1.1366104051845074,7.245852274890322e-05,2.7652208898345708e-11,0.004945,7.0995927725885775,138.00999,342806.0,47310652.63193999,0.0049999999999954,137.98,137.97
2019-12-23,KMB,17750,KIMBERLY CLARK CORP,,,-0.007536,-0.4613541963272815,7.308169672207419e-05,-4.1969162218098045e-11,0.000866,3.824165854739999,136.97,342806.0,46954137.82,0.0050050000000112,136.99001,136.98
2019-12-24,KMB,17750,KIMBERLY CLARK CORP,,,0.001898,-0.7390878502334572,0.0002185382205057,4.04359552793725e-11,-0.000195,0.9977713342240218,137.23,342806.0,47043267.38,0.0149949999999989,137.25999,137.23
2019-12-26,KMB,17750,KIMBERLY CLARK CORP,,,0.0,1.6012828833885897,0.0002186110908693,0.0,0.005128,2.595485493252744,137.23,342806.0,47043267.38,0.0150000000000005,137.23,137.2
2019-12-27,KMB,17750,KIMBERLY CLARK CORP,,,0.006121,0.2602219954414058,7.24270245217691e-05,3.95374765534168e-11,3.4e-05,3.270887907446194,138.07001,342806.0,47331227.84806,0.0049999999999954,138.06,138.05
2019-12-30,KMB,17750,KIMBERLY CLARK CORP,,,-0.008546,-0.3487496432648401,0.0004383081306158,-8.549271613032768e-11,-0.005781,2.130166916565054,136.89,342806.0,46926713.34,0.0300000000000011,136.95,136.89
2019-12-31,KMB,17750,KIMBERLY CLARK CORP,,,0.004821,0.3318045996214911,7.270083605954856e-05,3.603910327027804e-11,0.002946,2.8369660974428688,137.55,342806.0,47152965.3,0.0049999999999954,137.53,137.52
2020-01-02,KMB,17750,KIMBERLY CLARK CORP,,,-0.012505,0.4061596106645664,0.0002944857542515,-6.732103983230972e-11,0.008379,3.989227143048838,135.83,342806.0,46563338.98,0.019999999999996,135.87,135.83
2020-01-03,KMB,17750,KIMBERLY CLARK CORP,,,-0.000295,-0.0106812935136387,0.0003682892973184,-1.605760825964955e-12,-0.00706,3.946617037041359,135.78999,342806.0,46549623.31194,0.025004999999993,135.82001,135.77
2020-01-06,KMB,17750,KIMBERLY CLARK CORP,,,0.002209,-0.1268578279341633,0.0005143654934234,1.374077208212107e-11,0.003533,3.4459577720343284,136.09,342806.0,46652468.54,0.0349999999999965,136.16,136.09
2020-01-07,KMB,17750,KIMBERLY CLARK CORP,,,-0.000882,0.362014568757169,0.000294108994631,-4.031673636802397e-12,-0.002803,4.693444688832751,135.97,342806.0,46611331.82,0.0199949999999944,136.00999,135.97
2020-01-08,KMB,17750,KIMBERLY CLARK CORP,,,0.009708,0.0822335934008766,7.276568379084106e-05,4.060969847046487e-11,0.004902,5.079403511023728,137.28999,342806.0,47063832.31194,0.0049949999999938,137.28999,137.28
2020-01-09,KMB,17750,KIMBERLY CLARK CORP,,,0.015806,-0.0078908829863604,7.177684843147868e-05,6.560723207452294e-11,0.006655,5.039322532277732,139.46001,342806.0,47807728.18806,0.0050050000000112,139.46001,139.45
2020-01-10,KMB,17750,KIMBERLY CLARK CORP,,,0.005521,-0.2648598271500599,7.138272837497327e-05,3.100174123511705e-11,-0.002855,3.704608437425249,140.23,342806.0,48071685.38,0.0050050000000112,140.24001,140.23
2020-01-13,KMB,17750,KIMBERLY CLARK CORP,,,0.004778,-0.0424012686993784,7.090135350624335e-05,2.7884373736763832e-11,0.006976,3.5475283396439967,140.89999,342806.0,48301361.97194,0.004995000000008,140.89999,140.89
2020-01-14,KMB,17750,KIMBERLY CLARK CORP,,,0.000639,0.7987589979228922,-0.0001417830951285,2.0718831062363865e-12,-0.001515,6.381148521321097,140.99001,342806.0,48332221.36806001,-0.0099950000000035,140.88,140.89999
2020-01-15,KMB,17750,KIMBERLY CLARK CORP,,,0.008298,-0.4307893591576853,0.0001406162070906,4.6878719239964e-11,0.00187,3.6322176391311705,142.16,342806.0,48733300.96,0.0099950000000035,142.17999,142.16
2020-01-16,KMB,17750,KIMBERLY CLARK CORP,,,0.008934,0.2936868447555547,6.965070554642131e-05,3.8668430083910706e-11,0.008367,4.698952177033074,143.42999,342806.0,49168661.15194,0.004995000000008,143.42999,143.42
2020-01-17,KMB,17750,KIMBERLY CLARK CORP,,,0.00746,0.0180999969580879,0.0002767474048442,3.147973766702419e-11,0.003862,4.784003197143574,144.5,342806.0,49535467.0,0.0199949999999944,144.5,144.46001
2020-01-21,KMB,17750,KIMBERLY CLARK CORP,,,0.000623,-0.089153254450498,6.923023722245023e-05,2.8844605405213522e-12,-0.002652,4.3574937428166365,144.59,342806.0,49566319.54,0.005004999999997,144.60001,144.59
2020-01-22,KMB,17750,KIMBERLY CLARK CORP,,,-0.001383,0.3981128349316329,0.0005540549899576,-4.586249256102163e-12,0.000289,6.09226792996622,144.39,342806.0,49497758.34,0.039999999999992,144.64,144.56
2020-01-23,KMB,17750,KIMBERLY CLARK CORP,,,0.001801,0.7732225470752216,0.0001382647866066,3.3620537366997697e-12,0.001141,10.802946856239387,144.64999,342806.0,49586884.47194,0.0100000000000051,144.66,144.64
2020-01-24,KMB,17750,KIMBERLY CLARK CORP,,,-0.008503,-0.4308877316674385,6.965555710511891e-05,-2.813026729619769e-11,-0.009042,6.148089590030513,143.42,342806.0,49165236.52,0.004995000000008,143.42999,143.42
2020-01-27,KMB,17750,KIMBERLY CLARK CORP,,,0.003765,0.1510365809104374,0.0002779244041454,1.0780660863294278e-11,-0.015731,7.076676020839775,143.96001,342806.0,49350355.18806,0.0200050000000118,143.96001,143.92
2020-01-28,KMB,17750,KIMBERLY CLARK CORP,,,0.00646,-0.5040015631138117,0.0001381047691351,3.705408296891362e-11,0.010054,3.510020244686499,144.89,342806.0,49669161.34,0.0100049999999924,144.92,144.89999
2020-01-29,KMB,17750,KIMBERLY CLARK CORP,,,-0.011664,-0.0793006641978099,6.983240223457336e-05,-7.352391549161155e-11,-0.000867,3.2316733079351003,143.2,342806.0,49089819.2,0.0049999999999954,143.23,143.22
2020-01-30,KMB,17750,KIMBERLY CLARK CORP,,,0.009986,-0.1061103754433188,0.0003456406001521,6.972257422347359e-11,0.003134,2.888759239919955,144.63,342806.0,49580031.78,0.024995000000004,144.67999,144.63
2020-01-31,KMB,17750,KIMBERLY CLARK CORP,,,-0.009611,0.7287929523247876,0.000209438689651,-3.9192366614486245e-11,-0.017706,4.994066614936728,143.24001,342806.0,49103534.86806001,0.0150000000000005,143.28,143.25
2020-02-03,KMB,17750,KIMBERLY CLARK CORP,,,0.00377,-0.2756092888067495,6.955070246203161e-05,2.114303129144426e-11,0.007255,3.6176554669404855,143.78,342806.0,49288646.68,0.0049999999999954,143.78,143.77
2020-02-04,KMB,17750,KIMBERLY CLARK CORP,,,-0.002782,0.0761550581621315,6.974473427249899e-05,-1.4538449087011124e-11,0.01498,3.893158229435891,143.38,342806.0,49151524.28,0.0049999999999954,143.39,143.38
2020-02-05,KMB,17750,KIMBERLY CLARK CORP,,,0.011787,-0.0901724714108668,0.000275797871662,6.691386252441727e-11,0.011251,3.5421025302941023,145.07001,342806.0,49730869.84806,0.0200049999999976,145.10001,145.06
2020-02-06,KMB,17750,KIMBERLY CLARK CORP,,,-0.003722,-0.1242120676563552,0.000484397702899,-2.4216415896136414e-11,0.003326,3.102130651155464,144.53,342806.0,49545751.18,0.0350049999999981,144.60001,144.53
2020-02-07,KMB,17750,KIMBERLY CLARK CORP,,,0.002007,-0.0547417834194854,6.898218001791432e-05,1.3786684551747344e-11,-0.005401,2.9323144869109643,144.82001,342806.0,49645168.34806,0.004995000000008,144.83,144.82001
2020-02-10,KMB,17750,KIMBERLY CLARK CORP,,,0.009598,0.2353028954004865,6.839476996131047e-05,5.286536302455456e-11,0.007326,3.622296575905906,146.21001,342806.0,50121668.68806,0.0049999999999954,146.23,146.22
2020-02-11,KMB,17750,KIMBERLY CLARK CORP,,,-0.006566,-0.1377432564656995,0.0002753184165231,-4.221975587731465e-11,0.001688,3.123349649656073,145.25,342806.0,49792571.5,0.0199949999999944,145.28999,145.25
2020-02-12,KMB,17750,KIMBERLY CLARK CORP,,,-0.006609,-0.1088527817704816,6.923557205865585e-05,-4.8004403028010815e-11,0.006463,2.783364351849151,144.28999,342806.0,49463474.31194,0.0049949999999938,144.28999,144.28
2020-02-13,KMB,17750,KIMBERLY CLARK CORP,,,0.003119,0.1529229034306831,0.0004144672920776,1.958880912326068e-11,-0.00163,3.209004509839384,144.74001,342806.0,49617743.86806001,0.0299949999999995,144.8,144.74001
2020-02-14,KMB,17750,KIMBERLY CLARK CORP,,,0.005665,-0.1442113473191608,6.876889255305373e-05,4.1340202684704364e-11,0.001844,2.7462296459221838,145.56,342806.0,49898841.36,0.0050050000000112,145.55,145.53999
2020-02-18,KMB,17750,KIMBERLY CLARK CORP,,,-0.011816,0.4677509814918676,0.0001390433815351,-5.945017847386335e-11,-0.00292,4.030781258204349,143.84,342806.0,49309215.04,0.0100000000000051,143.86,143.84
2020-02-19,KMB,17750,KIMBERLY CLARK CORP,,,-0.000487,-0.2416694167506166,0.0002086666202963,-3.2326930683413865e-12,0.004706,3.0566647024847877,143.77,342806.0,49285218.620000005,0.0150000000000005,143.8,143.77
2020-02-20,KMB,17750,KIMBERLY CLARK CORP,,,-0.011129,0.3019879886586063,7.026798902733455e-05,-5.737794433023384e-11,-0.003816,3.9797407279919255,142.17,342806.0,48736729.02,0.004995000000008,142.17999,142.17
2020-02-21,KMB,17750,KIMBERLY CLARK CORP,,,-0.005768,0.1451059497360878,0.0001415634848556,-2.6120443272317587e-11,-0.010518,4.557224786030583,141.35001,342806.0,48455631.52806,0.0100049999999924,141.35001,141.33
2020-02-24,KMB,17750,KIMBERLY CLARK CORP,,,-0.008702,0.708963516582557,7.136739937190197e-05,-2.3261477349199674e-11,-0.033514,7.788130896192015,140.12,342806.0,48033976.72,0.0049999999999954,140.17,140.16
2020-02-25,KMB,17750,KIMBERLY CLARK CORP,,,-0.008136,-0.4802847984394441,0.0002158583968916,-4.219019724550376e-11,-0.03028,4.047610018494425,138.98,342806.0,47643177.88,0.0150000000000005,139.05,139.02
2020-02-26,KMB,17750,KIMBERLY CLARK CORP,,,-0.005181,0.2275284765539136,7.225517664211991e-05,-2.20007972390602e-11,-0.003779,4.96855655968682,138.25999,342806.0,47396354.13193999,0.0049949999999938,138.25,138.24001
2020-02-27,KMB,17750,KIMBERLY CLARK CORP,,,-0.030739,0.6464355517771603,7.454668118390078e-05,-8.179545493755011e-11,-0.044163,8.180408160884,134.00999,342806.0,45939428.63193999,0.0049949999999938,134.0,133.99001
2020-02-28,KMB,17750,KIMBERLY CLARK CORP,,,-0.021043,0.4510773303645519,0.0010671545087276,-3.9417854116952734e-11,-0.008238,11.905481632318692,131.19,341796.0,44840217.24,0.0699999999999931,131.19,131.05
2020-03-02,KMB,17750,KIMBERLY CLARK CORP,,,0.075539,-0.2394733569806298,0.0002126151514801,1.7298793262675078e-10,0.046039,9.054435979356109,141.10001,341796.0,48227419.01796,0.0150000000000005,141.16,141.13
2020-03-03,KMB,17750,KIMBERLY CLARK CORP,,,-0.002197,-0.050135874394543,7.102777690367693e-05,-5.308458359201955e-12,-0.028108,8.600483914381678,140.78999,341796.0,48121455.42203999,0.0049999999999954,140.73,140.72
2020-03-04,KMB,17750,KIMBERLY CLARK CORP,,,0.052987,0.0445276602924673,0.0002698819561553,1.1640317346439102e-10,0.042203,8.983443340472094,148.25,341796.0,50671257.0,0.0200050000000118,148.24001,148.2
2020-03-05,KMB,17750,KIMBERLY CLARK CORP,,,-0.026105,-0.1570412684558403,0.0002093364036005,-7.037705333216012e-11,-0.033922,7.572672003183185,143.31,341796.0,48982784.76,0.0150000000000005,143.34,143.31
2020-03-06,KMB,17750,KIMBERLY CLARK CORP,,,0.02198,0.3042074960910772,6.820974544510634e-05,4.445757953750283e-11,-0.017054,9.876335591990545,146.46001,341796.0,50059445.57796001,0.0049949999999938,146.47,146.46001
2020-03-09,KMB,17750,KIMBERLY CLARK CORP,,,-0.035095,0.092534508480039,0.0005659495778411,-6.733542559003726e-11,-0.07597,10.790237451579303,141.32001,341796.0,48302614.13796,0.039990000000003,141.39999,141.32001
2020-03-10,KMB,17750,KIMBERLY CLARK CORP,,,-0.002123,0.0461451277907625,0.0002126648702311,-3.901929058978448e-12,0.049396,11.288154337675104,141.02,341796.0,48200071.92,0.0149949999999989,141.02,140.99001
2020-03-11,KMB,17750,KIMBERLY CLARK CORP,,,-0.048646,-0.2261468034956817,0.0001490011926058,-1.2144386781087224e-10,-0.048868,8.735374316843965,134.16,341796.0,45855351.36,0.0099950000000035,134.14999,134.13
2020-03-12,KMB,17750,KIMBERLY CLARK CORP,,,-0.088327,0.2785626630262221,0.0014716703458425,-1.8917380554989183e-10,-0.095113,11.168723449074887,122.31,341796.0,41805068.76,0.0900000000000034,122.26,122.08
2020-03-13,KMB,17750,KIMBERLY CLARK CORP,,2021-03-31,0.097048,0.1728919363183296,7.460128741993556e-05,1.6153637051962478e-10,0.092871,13.099705672389378,134.17999,341796.0,45862183.86204,0.005004999999997,134.19,134.17999
2020-03-16,KMB,17750,KIMBERLY CLARK CORP,,,0.00395,-0.035981602826802,0.000297008366342,6.793340630022081e-12,-0.119841,12.628357265737458,134.71001,341796.0,46043342.57796001,0.0200050000000118,134.71001,134.67
2020-03-17,KMB,17750,KIMBERLY CLARK CORP,,,0.069483,0.2318587445514954,0.0002082320949377,9.070479129414011e-11,0.059955,15.5563523271191,144.07001,341796.0,49242553.13796,0.0150000000000005,144.10001,144.07001
2020-03-18,KMB,17750,KIMBERLY CLARK CORP,,,-0.067467,-0.1856931759216821,0.0006699664555291,-1.1598207523215956e-10,-0.051831,12.667643857739703,134.35001,341796.0,45920296.01796,0.0450050000000032,134.02,133.92999
2020-03-19,KMB,17750,KIMBERLY CLARK CORP,,,-0.059099,0.0075142906634331,0.0014239379795902,-1.0717282170519264e-10,0.004708,12.762832215707617,126.41,341796.0,43206432.36,0.0900000000000034,126.59,126.41
2020-03-20,KMB,17750,KIMBERLY CLARK CORP,,,-0.064315,-0.1137328258011569,0.0014372675008454,-1.4064433962176266e-10,-0.04336,11.311279242589146,118.28,341796.0,40427630.88,0.0850000000000008,118.44,118.27
2020-03-23,KMB,17750,KIMBERLY CLARK CORP,,,-0.05022,-0.0839858774232763,0.0022253872173758,-1.2622966205531055e-10,-0.029294,10.361291530620605,112.34,341796.0,38397362.64,0.125,112.34,112.09
2020-03-24,KMB,17750,KIMBERLY CLARK CORP,,,0.044864,-0.1311661218800897,0.0005963537229511,1.242184971313155e-10,0.093828,9.002241102880081,117.38,341796.0,40120014.48,0.0350000000000036,117.45,117.38
2020-03-25,KMB,17750,KIMBERLY CLARK CORP,,,-0.00869,-0.0053218630258081,0.0005156411137848,-2.4401463562382e-11,0.011535,8.954332408805252,116.36,341796.0,39771382.56,0.0300000000000011,116.42,116.36
2020-03-26,KMB,17750,KIMBERLY CLARK CORP,,,0.065744,0.1050554556281457,0.0006451092653818,1.5675274506592027e-10,0.062414,9.89503387985816,124.01,341796.0,42386121.96,0.0399999999999991,123.85,123.77
2020-03-27,KMB,17750,KIMBERLY CLARK CORP,,,0.007096,-0.3233622592940505,0.0011209864680919,2.4828212974250668e-11,-0.033687,6.695353368676052,124.89,341796.0,42686902.44,0.0700000000000002,125.03,124.89
2020-03-30,KMB,17750,KIMBERLY CLARK CORP,,,0.060373,0.0546606975478982,0.0004530695803873,1.8888747862383375e-10,0.033516,7.061326054137556,132.42999,341796.0,45264040.86204,0.0300000000000011,132.44,132.38
2020-03-31,KMB,17750,KIMBERLY CLARK CORP,,,-0.034433,-0.0076941148101145,0.0016422929537812,-1.1243651836026476e-10,-0.016013,7.013890353189246,127.87,341460.0,43662490.2,0.1050000000000039,128.08,127.87
2020-04-01,KMB,17750,KIMBERLY CLARK CORP,,,-0.017283,-0.1851982681987154,0.00079579818558,-7.048088080157786e-11,-0.044142,5.714930006442922,125.66,341460.0,42907863.6,0.0499999999999971,125.82,125.72
2020-04-02,KMB,17750,KIMBERLY CLARK CORP,,,0.028808,0.2781026124565702,0.0005413830445543,8.934397909312185e-11,0.022829,7.304266971241141,129.28,341460.0,44143948.8,0.034994999999995,129.28,129.21001
2020-04-03,KMB,17750,KIMBERLY CLARK CORP,,,0.00495,-0.4392736501725061,0.0002309113300492,2.7243427646253664e-11,-0.015137,4.095694956949569,129.92,341460.0,44362483.2,0.0150000000000005,129.95,129.92
2020-04-06,KMB,17750,KIMBERLY CLARK CORP,,,0.024861,0.6232978385660228,0.0002253098178978,8.224543570102163e-11,0.070331,6.648532771041996,133.14999,341460.0,45465395.5854,0.0150000000000005,133.03999,133.00999
2020-04-07,KMB,17750,KIMBERLY CLARK CORP,,,-0.013218,-0.0605517203709968,7.603318365184682e-05,-4.716989501982325e-11,-0.001603,6.245952673812452,131.39,341460.0,44864429.4,0.004995000000008,131.39999,131.39
2020-04-08,KMB,17750,KIMBERLY CLARK CORP,,,0.009514,-0.0951624269778402,7.53920386006552e-05,3.7168880655538276e-11,0.034056,5.651572658583729,132.64,341460.0,45291254.4,0.0049999999999954,132.56,132.55
2020-04-09,KMB,17750,KIMBERLY CLARK CORP,,,-0.00867,0.1695219055377124,0.0003801049220391,-2.9215197526930384e-11,0.014487,6.609638024951678,131.49001,341460.0,44898578.814600006,0.0249899999999883,131.53999,131.49001
2020-04-13,KMB,17750,KIMBERLY CLARK CORP,,,0.009278,-0.1767172797347898,0.0002260567985791,3.762566409568945e-11,-0.010105,5.441600773150588,132.71001,341460.0,45315160.0146,0.0150000000000005,132.74001,132.71001
2020-04-14,KMB,17750,KIMBERLY CLARK CORP,,,0.05561,0.37451973506113,7.138268256114572e-05,1.55427645370321e-10,0.030573,7.479587653019387,140.09,341460.0,47835131.4,0.0049999999999954,140.06,140.05
2020-04-15,KMB,17750,KIMBERLY CLARK CORP,,,-0.017275,-0.2728094973335735,7.25648289386775e-05,-6.756364220636876e-11,-0.02203,5.4390851051367655,137.67,341460.0,47008798.2,0.0049949999999938,137.78999,137.78
2020-04-16,KMB,17750,KIMBERLY CLARK CORP,,,0.014963,-0.1507729252704296,7.163815930739642e-05,6.789526612102229e-11,0.005817,4.619018333040473,139.73,341460.0,47712205.8,0.0050050000000112,139.74001,139.73
2020-04-17,KMB,17750,KIMBERLY CLARK CORP,,,0.015816,0.2360040831595031,0.0007045230379032,5.715871121563865e-11,0.026794,5.709125519826626,141.94,341460.0,48466832.4,0.0499999999999971,141.94,141.84
2020-04-20,KMB,17750,KIMBERLY CLARK CORP,,,-0.01564,-0.0691604452154929,0.0005725737188661,-6.168703759497196e-11,-0.017881,5.314279857084285,139.72,341460.0,47708791.2,0.039999999999992,139.82001,139.74001
2020-04-21,KMB,17750,KIMBERLY CLARK CORP,,,-0.001789,0.1132990266800542,0.0008604000860398,-6.349411190685874e-12,-0.030675,5.916382592397353,139.47,341460.0,47623426.2,0.059999999999988,139.7,139.58
2020-04-22,KMB,17750,KIMBERLY CLARK CORP,,,0.023876,0.530214215565922,0.0002100840336134,5.408602243867511e-11,0.02293,9.05333274761319,142.8,341460.0,48760488.00000001,0.0150000000000005,142.8,142.77
2020-04-23,KMB,17750,KIMBERLY CLARK CORP,,,-0.017087,-0.2187975419161395,7.124536905094688e-05,-5.0409285286433515e-11,-0.000539,7.072485796286534,140.36,341460.0,47927325.6,0.0049999999999954,140.38,140.37
2020-04-24,KMB,17750,KIMBERLY CLARK CORP,,,0.009262,-0.3739241589236475,7.066214880696089e-05,4.324328457177704e-11,0.013918,4.427912493410648,141.66,341460.0,48371223.6,0.005004999999997,141.66,141.64999
2020-04-27,KMB,17750,KIMBERLY CLARK CORP,,,-0.009177,-0.1277088273129821,7.124536905094688e-05,-4.9574350049560346e-11,0.014714,3.862428981432672,140.36,341460.0,47927325.6,0.0049999999999954,140.37,140.36
2020-04-28,KMB,17750,KIMBERLY CLARK CORP,,,0.00456,0.1478036038563461,7.085106382970022e-05,2.1363765530087167e-11,-0.005242,4.433309904527617,141.0,341460.0,48145860.0,0.0049949999999938,141.0,140.99001
2020-04-29,KMB,17750,KIMBERLY CLARK CORP,,,-0.014468,0.6488712496647504,7.203511283586192e-05,-4.171228591872666e-11,0.026584,7.309957242429567,138.96001,341460.0,47449285.0146,0.0050050000000112,138.96001,138.95
2020-04-30,KMB,17750,KIMBERLY CLARK CORP,,,-0.003454,0.3453513500086937,0.0002165655690352,-7.427538076099821e-12,-0.009212,9.860826846220933,138.48,340547.0,47158948.56,0.0149949999999989,138.50999,138.48
2020-05-01,KMB,17750,KIMBERLY CLARK CORP,,,-0.012276,-0.5669286719325803,0.0005118438368184,-6.171410812243816e-11,-0.028059,4.270441378135764,136.78,340547.0,46580018.66,0.0350050000000123,136.86,136.78999
2020-05-04,KMB,17750,KIMBERLY CLARK CORP,,,-0.007677,0.6456886747173527,0.0004419804022692,-2.3632963693490333e-11,0.00425,7.027817012042391,135.73,340547.0,46222444.31,0.0299949999999995,135.78999,135.73
2020-05-05,KMB,17750,KIMBERLY CLARK CORP,,,0.010315,-0.1675450904231894,7.299642674850508e-05,3.775535286436309e-11,0.009041,5.85034077528212,137.13,340547.0,46699210.11,0.0050050000000112,137.02,137.00999
2020-05-06,KMB,17750,KIMBERLY CLARK CORP,,,-0.01721,-0.1320588701792285,7.427469021291147e-05,-7.384807008372163e-11,-0.006979,5.077751382334891,134.77,340547.0,45895519.190000005,0.005004999999997,134.69,134.67999
2020-05-07,KMB,17750,KIMBERLY CLARK CORP,,,0.014321,0.0765862852060446,7.315288953907027e-05,5.6273962308105575e-11,0.011505,5.466637497907778,136.7,340547.0,46552774.9,0.0049999999999954,136.7,136.69
2020-05-08,KMB,17750,KIMBERLY CLARK CORP,,,0.013241,-0.3886397367492333,0.0003609847925049,8.399339688555646e-11,0.016872,3.3420849398174117,138.50999,340547.0,47169161.56452999,0.0250000000000056,138.5,138.45
2020-05-11,KMB,17750,KIMBERLY CLARK CORP,,,0.000433,0.2553848965458465,7.223785290911128e-05,2.186992060967007e-12,0.000177,4.195602956420112,138.57001,340547.0,47189601.19547,0.005004999999997,138.57001,138.56
2020-05-12,KMB,17750,KIMBERLY CLARK CORP,,,-0.005412,-0.1377673572228444,7.26309626591529e-05,-3.187495708682766e-11,-0.020544,3.617585825157761,137.82001,340547.0,46934190.94547,0.005004999999997,137.85001,137.84
2020-05-13,KMB,17750,KIMBERLY CLARK CORP,,,-0.005877,0.1352732804202741,7.306036589027196e-05,-3.066953119225248e-11,-0.017463,4.106948526928735,137.00999,340547.0,46658341.06452999,0.0050050000000112,137.02,137.00999
2020-05-14,KMB,17750,KIMBERLY CLARK CORP,,,-0.003065,-0.0017059807279947,7.31385899408167e-05,-1.607151381552813e-11,0.011525,4.099942151890929,136.59,340547.0,46515314.73,0.004995000000008,136.61,136.60001
2020-05-15,KMB,17750,KIMBERLY CLARK CORP,,,0.015008,0.3809699453454069,7.212925562601634e-05,5.614295360176989e-11,0.003926,5.661896889416145,138.64,340547.0,47213436.08,0.0049999999999954,138.64,138.63
2020-05-18,KMB,17750,KIMBERLY CLARK CORP,,,-0.006564,-0.097244393825766,7.267842881015394e-05,-2.7379834330381247e-11,0.031501,5.111309158500882,137.73,340547.0,46903538.31,0.0050050000000112,137.74001,137.73
2020-05-19,KMB,17750,KIMBERLY CLARK CORP,,,-0.017861,-0.3651603058873139,7.39262216307452e-05,-1.1948984501279072e-10,-0.010484,3.244861942698071,135.27,340547.0,46065792.690000005,0.0049999999999954,135.23,135.22
2020-05-20,KMB,17750,KIMBERLY CLARK CORP,,,0.01168,0.3785379194011373,7.299962930230076e-05,5.6028114812741816e-11,0.016651,4.473165231230931,136.85001,340547.0,46603860.35547,0.004995000000008,136.83,136.82001
2020-05-21,KMB,17750,KIMBERLY CLARK CORP,,,0.004457,0.0487125842647948,7.28211790470734e-05,2.0296342552795302e-11,-0.007774,4.691064669487618,137.46001,340547.0,46811594.02547,0.0050050000000112,137.46001,137.45
2020-05-22,KMB,17750,KIMBERLY CLARK CORP,,,0.016587,-0.0970568277989494,7.148990471653558e-05,8.228831652596237e-11,0.002354,4.235764813667423,139.74001,340547.0,47588041.18547001,0.0049949999999938,139.75,139.74001
2020-05-26,KMB,17750,KIMBERLY CLARK CORP,,,-0.026764,0.3890328927254993,7.345588235285096e-05,-9.821790935686248e-11,0.012289,5.883616652033346,136.0,340547.0,46314392.0,0.0049949999999938,136.00999,136.0
2020-05-27,KMB,17750,KIMBERLY CLARK CORP,,,0.017794,-0.0496145031462612,0.0002889755815633,6.750773141721767e-11,0.014827,5.591703935139643,138.42,340547.0,47138515.74,0.019999999999996,138.38,138.34
2020-05-28,KMB,17750,KIMBERLY CLARK CORP,,,0.017194,0.0301201845567622,7.10937500001598e-05,6.225369636771282e-11,-0.002108,5.760127089652824,140.8,340547.0,47949017.6,0.0050050000000112,140.74001,140.73
2020-05-29,KMB,17750,KIMBERLY CLARK CORP,,,0.004545,-0.0082020030648544,0.0007070135746605,1.6516928493283645e-11,0.004812,5.71288250960954,141.44,340547.0,48166967.68,0.0499999999999971,141.44,141.34
2020-06-01,KMB,17750,KIMBERLY CLARK CORP,,,-0.001131,-0.5648225010986865,7.071064552652697e-05,-9.4554703161302e-12,0.003751,2.486117922048939,141.28,340547.0,48112480.16,0.0049949999999938,141.28999,141.28
2020-06-02,KMB,17750,KIMBERLY CLARK CORP,,,0.00545,0.4361452329207218,7.039774727202326e-05,3.155426874893089e-11,0.008211,3.5704264022293546,142.05,340547.0,48374701.35,0.0049999999999954,142.03,142.02
2020-06-03,KMB,17750,KIMBERLY CLARK CORP,,,-0.002746,0.1663568819095022,0.0002117746717492,-1.3668620794517838e-11,0.013649,4.1643914055915925,141.66,340547.0,48241888.02,0.0150000000000005,141.66,141.63
2020-06-04,KMB,17750,KIMBERLY CLARK CORP,,,-0.02026,0.0687237293669098,7.261109497524619e-05,-9.706180745601512e-11,-0.003369,4.450583913527354,137.72,340547.0,46900132.84,0.0049999999999954,137.73,137.72
2020-06-05,KMB,17750,KIMBERLY CLARK CORP,,,0.011327,0.6015262269955854,0.0004307151062607,3.350410604435237e-11,0.026212,7.127726862958711,139.28,340547.0,47431386.16,0.0299949999999995,139.25999,139.2
2020-06-08,KMB,17750,KIMBERLY CLARK CORP,,,-0.002585,-0.1925559236789784,7.191189173636736e-05,-9.494130834094368e-12,0.012042,5.7552408331302285,138.92,340547.0,47308789.24,0.004995000000008,138.92999,138.92
2020-06-09,KMB,17750,KIMBERLY CLARK CORP,,,-0.002447,-0.1861000137760021,7.208832443365674e-05,-1.1069342127002558e-11,-0.007799,4.684190434800483,138.58,340547.0,47193003.260000005,0.004995000000008,138.58,138.57001
2020-06-10,KMB,17750,KIMBERLY CLARK CORP,,,-0.000505,-0.0781745337693951,7.212476154238212e-05,-2.47941929616308e-12,-0.005313,4.318006031472895,138.50999,340547.0,47169161.56452999,0.0049949999999938,138.50999,138.5
2020-06-11,KMB,17750,KIMBERLY CLARK CORP,,,-0.011118,0.4336905399854742,7.293567934575258e-05,-3.85021951495852e-11,-0.058944,6.190684398922909,136.97,340547.0,46644722.59,0.0049949999999938,136.97,136.96001
2020-06-12,KMB,17750,KIMBERLY CLARK CORP,,,-0.00752,-0.2247209611525178,7.363542739439517e-05,-3.3845178571575515e-11,0.013061,4.799507850605056,135.94,340547.0,46293959.18,0.005004999999997,135.94,135.92999
2020-06-15,KMB,17750,KIMBERLY CLARK CORP,,,0.023319,0.1586611586226136,0.000646970023722,8.851591399142925e-11,0.008312,5.5610033270003845,139.11,340547.0,47373493.17,0.0449999999999874,139.2,139.11
2020-06-16,KMB,17750,KIMBERLY CLARK CORP,,,0.010998,-0.2339296529750241,0.000782138794084,5.390213803768596e-11,0.018962,4.26011974852223,140.64,340547.0,47894530.08,0.0549999999999926,140.75999,140.64999
2020-06-17,KMB,17750,KIMBERLY CLARK CORP,,,0.010026,-0.0478752332380506,7.046814501951777e-05,5.1096803708780907e-11,-0.0036,4.056165521939703,142.05,340547.0,48374701.35,0.0050050000000112,142.05,142.03999
2020-06-18,KMB,17750,KIMBERLY CLARK CORP,,,0.002534,-0.1766439950337178,7.014956814821804e-05,1.5645366418634892e-11,0.000594,3.3396682396262483,142.41,340547.0,48497298.27,0.0049949999999938,142.50999,142.5
2020-06-19,KMB,17750,KIMBERLY CLARK CORP,,,0.010884,3.6686192203736168,6.953319883780572e-05,1.4238945445288479e-11,-0.005649,15.591639333190423,143.96001,340547.0,49025149.52547,0.0050050000000112,143.96001,143.95
2020-06-22,KMB,17750,KIMBERLY CLARK CORP,,,-0.013198,-0.7930438824442726,7.03927917780579e-05,-8.454524875396344e-11,0.006495,3.226785142726261,142.06,340547.0,48378106.82,0.0049999999999954,142.06,142.05
2020-06-23,KMB,17750,KIMBERLY CLARK CORP,,,-0.010559,0.6160480929535015,7.114399544671958e-05,-4.230187844121314e-11,0.004307,5.214639976273466,140.56,340547.0,47867286.32,0.0049999999999954,140.56,140.55
2020-06-24,KMB,17750,KIMBERLY CLARK CORP,,,-0.018853,-0.0864643575116987,0.0007976216372997,-8.426705652485812e-11,-0.025855,4.763759481070161,137.91,340547.0,46964836.77,0.0550000000000068,137.96001,137.85001
2020-06-25,KMB,17750,KIMBERLY CLARK CORP,,,0.006381,-0.1948142248829428,7.197925441155902e-05,3.519715992332992e-11,0.010959,3.8357113702367074,138.78999,340547.0,47264514.72453,0.0049949999999938,138.78999,138.78
2020-06-26,KMB,17750,KIMBERLY CLARK CORP,,,-0.01369,0.9262585742283194,0.0005844108408209,-3.974606707036856e-11,-0.024227,7.388571915183514,136.89,340547.0,46617478.83,0.039999999999992,136.89,136.81
2020-06-29,KMB,17750,KIMBERLY CLARK CORP,,,0.018701,-0.5734191361743867,7.171029042661101e-05,1.2494169075983768e-10,0.014686,3.15182339001665,139.45,340547.0,47489279.15,0.0049999999999954,139.45,139.44
2020-06-30,KMB,17750,KIMBERLY CLARK CORP,,,0.013625,0.4018171247987598,0.0002829147306037,6.406345743939799e-11,0.01541,4.41828000246662,141.35001,340547.0,48136321.85547,0.0199949999999944,141.28,141.24001
2020-07-01,KMB,17750,KIMBERLY CLARK CORP,,,0.00382,-0.365541208747388,0.0002114313905137,2.8201867038561763e-11,0.005022,2.803216589780559,141.89,340547.0,48320213.83,0.0150000000000005,141.92,141.89
2020-07-02,KMB,17750,KIMBERLY CLARK CORP,,,0.009232,0.0998400422363918,0.0004189944134078,6.140299250623302e-11,0.004541,3.0830898525020043,143.2,340547.0,48766330.4,0.0300000000000011,143.2,143.14
2020-07-06,KMB,17750,KIMBERLY CLARK CORP,,,-0.003282,0.025156747500088,7.013241785204584e-05,-2.1363371648549064e-11,0.015882,3.160650365441481,142.73,340547.0,48606273.31,0.0050050000000112,142.74001,142.73
2020-07-07,KMB,17750,KIMBERLY CLARK CORP,,,-0.001471,0.2200529567519857,0.0001402610159976,-7.859676338053933e-12,-0.010819,3.8561608236161233,142.52,340547.0,48534758.440000005,0.0099949999999893,142.53999,142.52
2020-07-08,KMB,17750,KIMBERLY CLARK CORP,,,0.005824,-0.0784805711831519,6.96895661187338e-05,3.357275226037218e-11,0.007828,3.553527119604636,143.35001,340547.0,48817415.85547,0.004995000000008,143.36,143.35001
2020-07-09,KMB,17750,KIMBERLY CLARK CORP,,,-0.007883,-0.0004619288794794,7.024328505124266e-05,-4.5824192297333935e-11,-0.005644,3.551885642804077,142.22,340547.0,48432594.34,0.0049949999999938,142.22,142.21001
2020-07-10,KMB,17750,KIMBERLY CLARK CORP,,,0.007172,-0.1126197105781822,6.988270944704975e-05,4.6647688341485766e-11,0.010466,3.151873309704681,143.24001,340547.0,48779955.68547001,0.0050050000000112,143.24001,143.23
2020-07-13,KMB,17750,KIMBERLY CLARK CORP,,,-0.007679,0.3728503271499523,0.0004925425636697,-3.666227017726225e-11,-0.009363,4.327050304363274,142.14,340547.0,48405350.58,0.0350050000000123,142.21001,142.14
2020-07-14,KMB,17750,KIMBERLY CLARK CORP,,,0.012804,-0.0439865523316259,6.953319883780572e-05,6.313508843340998e-11,0.013406,4.1367182797088216,143.96001,340547.0,49025149.52547,0.0050050000000112,143.96001,143.95
2020-07-15,KMB,17750,KIMBERLY CLARK CORP,,,-0.004724,-0.0901105734386656,0.0004187604690117,-2.5721879159000258e-11,0.009082,3.763956223370049,143.28,340547.0,48793574.16,0.0300000000000011,143.34,143.28
2020-07-16,KMB,17750,KIMBERLY CLARK CORP,,,0.002792,-0.1817282517451965,0.0006959215406403,1.8526780041971783e-11,-0.003406,3.079939039251557,143.67999,340547.0,48929789.55453,0.0499949999999955,143.67999,143.58
2020-07-17,KMB,17750,KIMBERLY CLARK CORP,,,0.004802,0.155757085761357,0.0002077301378402,2.7438442462301315e-11,0.002849,3.5596613683280136,144.37,340547.0,49164770.39,0.0149949999999989,144.39999,144.37
2020-07-20,KMB,17750,KIMBERLY CLARK CORP,,,-0.011637,0.5546784773871669,0.0004905739715468,-4.3273414620604096e-11,0.008407,5.5341289161261145,142.69,340547.0,48592651.43,0.0350000000000108,142.77,142.7
2020-07-21,KMB,17750,KIMBERLY CLARK CORP,,,0.007779,-0.4010169630023066,6.954102920716901e-05,4.792079689129936e-11,0.001679,3.314849345317974,143.8,340547.0,48970658.6,0.0049999999999954,143.81,143.8
2020-07-22,KMB,17750,KIMBERLY CLARK CORP,,,0.003477,0.1157812026625044,0.0008316008316006,1.913015394675304e-11,0.005747,3.698646589163904,144.3,340547.0,49140932.1,0.059999999999988,144.42,144.3
2020-07-23,KMB,17750,KIMBERLY CLARK CORP,,,0.020998,1.839589603695885,6.787483879719612e-05,3.984843507023684e-11,-0.01232,10.502638402335068,147.33,340547.0,50172789.510000005,0.0049999999999954,147.34,147.33
2020-07-24,KMB,17750,KIMBERLY CLARK CORP,,,6.8e-05,-0.5081017334136322,6.787023211613211e-05,2.623236719994032e-13,-0.00619,5.16622962469204,147.34,340547.0,50176194.98,0.0049999999999954,147.34,147.33
2020-07-27,KMB,17750,KIMBERLY CLARK CORP,,,0.000272,-0.0606998972344237,6.785181164330917e-05,1.1167995177759538e-12,0.007395,4.852640017383798,147.38,340547.0,50189816.86,0.0049999999999954,147.39,147.38
2020-07-28,KMB,17750,KIMBERLY CLARK CORP,,,0.02307,0.5541598690994292,0.0006632842552062,5.957348831277933e-11,-0.006473,7.541778374203854,150.78,340547.0,51347676.66,0.0500049999999987,150.78,150.67999
2020-07-29,KMB,17750,KIMBERLY CLARK CORP,,,0.008357,-0.2754455229662854,6.577216954559721e-05,2.953729366208496e-11,0.012428,5.464429285825451,152.03999,340547.0,51776762.47453,0.0049999999999954,152.09,152.08
2020-07-30,KMB,17750,KIMBERLY CLARK CORP,,,-0.000526,-0.3585608000451395,0.0001975519743648,-2.899873574885017e-12,-0.00375,3.5050991493097867,151.96001,340547.0,51749525.52547,0.0150100000000037,151.96001,151.92999
2020-07-31,KMB,17750,KIMBERLY CLARK CORP,,,0.000526,0.598010641301352,0.0005918837537413,1.8137226584268877e-12,0.00767,5.592973988922348,152.03999,341047.0,51852782.46953,0.0449950000000001,152.00999,151.92
2020-08-03,KMB,17750,KIMBERLY CLARK CORP,,,-0.002894,-0.4400416887946161,0.0002637862622831,-1.78725519691166e-11,0.007181,3.1318322694525973,151.60001,341047.0,51702728.61047,0.0199949999999944,151.64,151.60001
2020-08-04,KMB,17750,KIMBERLY CLARK CORP,,,0.031003,0.7750111880700532,6.397952655144533e-05,1.0462390344161107e-10,0.003612,5.559037317437186,156.3,341047.0,53305646.1,0.0049999999999954,156.31,156.3
2020-08-05,KMB,17750,KIMBERLY CLARK CORP,,,-0.002943,-0.2867514147686605,0.0004491786447638,-1.3965502940987054e-11,0.00643,3.9649755019102937,155.84,341047.0,53148764.48,0.0349999999999965,155.84,155.77
2020-08-06,KMB,17750,KIMBERLY CLARK CORP,,,0.004043,-0.1910359306722239,6.391001469924526e-05,2.3620478119826708e-11,0.006428,3.207522716810293,156.47,341047.0,53363624.09,0.0049999999999954,156.48,156.47
2020-08-07,KMB,17750,KIMBERLY CLARK CORP,,,0.005049,0.506923749172697,6.36525539650772e-05,1.947654304440709e-11,0.000633,4.833492157972362,157.25999,341047.0,53633047.80953,0.0050050000000112,157.27,157.25999
2020-08-10,KMB,17750,KIMBERLY CLARK CORP,,,0.005278,0.1168462699460342,0.0003794673919918,1.8134113782748492e-11,0.002742,5.398267687444839,158.09,341047.0,53916120.23,0.0299949999999995,158.05,157.99001
2020-08-11,KMB,17750,KIMBERLY CLARK CORP,,,-0.014549,-0.1073336436612978,6.412478747824383e-05,-5.6824520199248276e-11,-0.007969,4.8188519470923366,155.78999,341047.0,53131708.71953,0.0049949999999938,155.78999,155.78
2020-08-12,KMB,17750,KIMBERLY CLARK CORP,,,0.019578,-0.3325798394236532,0.000692394862755,1.1237023979406251e-10,0.013997,3.2161989403220086,158.84,341047.0,54171905.48,0.0549900000000036,158.92999,158.82001
2020-08-13,KMB,17750,KIMBERLY CLARK CORP,,,-0.002392,-0.2368045584045583,6.317051223221871e-05,-1.803219480209534e-11,-0.002047,2.4545883705178464,158.46001,341047.0,54042311.030470006,0.0050050000000112,158.46001,158.45
2020-08-14,KMB,17750,KIMBERLY CLARK CORP,,,-0.001452,0.4024595940893289,0.0003791948429501,-7.816179502584057e-12,-0.000172,3.4424610097728467,158.23,341047.0,53963866.81,0.0300000000000011,158.2,158.14
2020-08-17,KMB,17750,KIMBERLY CLARK CORP,,,-0.002654,0.0235383602446592,6.336734047266272e-05,-1.399519684295932e-11,0.00271,3.523490897149073,157.81,341047.0,53820627.07,0.0049999999999954,157.88,157.87
2020-08-18,KMB,17750,KIMBERLY CLARK CORP,,,-0.001204,0.838331630156548,0.0006344372541555,-3.4578322187812167e-12,0.002303,6.477344764797814,157.62,341047.0,53755828.14,0.0499999999999971,157.62,157.52
2020-08-19,KMB,17750,KIMBERLY CLARK CORP,,,-0.001713,-0.5177211860689455,0.0002542103429163,-1.021835900344203e-11,-0.004404,3.123886150589215,157.35001,341047.0,53663748.86047,0.019999999999996,157.42,157.38
2020-08-20,KMB,17750,KIMBERLY CLARK CORP,,,0.001398,-0.2990974214185952,6.340038945238471e-05,1.1881369978307156e-11,0.003159,2.1895398581427195,157.57001,341047.0,53738779.20047,0.004995000000008,157.58,157.57001
2020-08-21,KMB,17750,KIMBERLY CLARK CORP,,,-0.001714,0.8140159306635812,0.0003813731722822,-8.044034214697871e-12,0.003441,3.971860183493771,157.3,341047.0,53646693.1,0.0299949999999995,157.3,157.24001
2020-08-24,KMB,17750,KIMBERLY CLARK CORP,,,0.000763,-0.2589977343714819,0.0006987676280016,4.828774317575352e-12,0.010044,2.9431573947285856,157.42,341047.0,53687618.74,0.0550000000000068,157.53,157.42
2020-08-25,KMB,17750,KIMBERLY CLARK CORP,,,-0.008703,0.1653839831432968,0.000320474206985,-4.7676947707673945e-11,0.003596,3.429908487686448,156.05,341047.0,53220384.35,0.0250050000000072,156.06,156.00999
2020-08-26,KMB,17750,KIMBERLY CLARK CORP,,,-0.00032,0.0588000957461358,0.0001923076923076,-1.656207097766609e-12,0.010196,3.631587435162896,156.0,341047.0,53203332.0,0.0150000000000005,156.0,155.97
2020-08-27,KMB,17750,KIMBERLY CLARK CORP,,,0.001282,-0.2738477984598019,0.0001280409731114,9.125750665955567e-12,0.001673,2.637085211129258,156.2,341047.0,53271541.4,0.0100000000000051,156.22,156.2
2020-08-28,KMB,17750,KIMBERLY CLARK CORP,,,0.001921,-0.0019724918554099,6.383386581461809e-05,1.367515049463966e-11,0.006733,2.6318835820282835,156.5,341047.0,53373855.5,0.0049949999999938,156.5,156.49001
2020-08-31,KMB,17750,KIMBERLY CLARK CORP,,,0.008051,0.2788815903814188,0.0006338108921025,4.4457159647158235e-11,-0.002195,3.3658674610830763,157.75999,341047.0,53803571.30953,0.0499949999999955,157.75999,157.66
2020-09-01,KMB,17750,KIMBERLY CLARK CORP,,,-0.022186,0.2361734582318091,0.0001297160721974,-1.0135263657745074e-10,0.007525,4.160796019316986,154.25999,341047.0,52609906.80953,0.0100050000000067,154.28,154.25999
2020-09-02,KMB,17750,KIMBERLY CLARK CORP,,,0.014586,-0.0376821582676016,0.0003834898973542,6.824721738571471e-11,0.015366,4.004008245197876,156.50999,341047.0,53377262.55953,0.0300100000000043,156.57001,156.50999
2020-09-03,KMB,17750,KIMBERLY CLARK CORP,,,-0.020382,0.1300474898484498,0.000328472906404,-8.675282066217239e-11,-0.035126,4.524719466818357,152.25,341047.0,51924405.75,0.0250050000000072,152.31,152.25999
2020-09-04,KMB,17750,KIMBERLY CLARK CORP,,,-0.000131,0.0321856316528226,6.569007422972414e-05,-5.402656391382575e-13,-0.008133,4.670350420909728,152.23,341047.0,51917584.81,0.0049999999999954,152.23,152.22
2020-09-08,KMB,17750,KIMBERLY CLARK CORP,,,-0.021415,0.2798785039511957,0.0004698932671007,-7.051586132459362e-11,-0.027756,5.977481109641779,148.97,341047.0,50805771.59,0.0349999999999965,148.94,148.87
2020-09-09,KMB,17750,KIMBERLY CLARK CORP,,,0.016648,-0.1509583528319897,6.609442060100694e-05,6.350842608056816e-11,0.020145,5.075130407245922,151.45,341047.0,51651568.15,0.0050050000000112,151.52,151.50999
2020-09-10,KMB,17750,KIMBERLY CLARK CORP,,,-0.021789,-0.0041875185601591,0.0005399932865333,-8.532900221249059e-11,-0.017585,5.053878204470352,148.14999,341047.0,50526109.63953,0.039999999999992,148.14,148.06
2020-09-11,KMB,17750,KIMBERLY CLARK CORP,,,0.002363,0.2190588358155267,0.0001347474747475,7.573098338201029e-12,0.000533,6.160974880295091,148.5,341047.0,50645479.5,0.0100050000000067,148.53,148.50999
2020-09-14,KMB,17750,KIMBERLY CLARK CORP,,,0.0,-0.2463813225127571,6.734006734000609e-05,0.0,0.012742,4.643025741320112,148.5,341047.0,50645479.5,0.0049999999999954,148.53,148.52
2020-09-15,KMB,17750,KIMBERLY CLARK CORP,,,-0.013603,0.1439794378240468,6.820043691963225e-05,-5.126521974416049e-11,0.005219,5.31152597735796,146.48,341047.0,49956564.56,0.0049949999999938,146.5,146.49001
2020-09-16,KMB,17750,KIMBERLY CLARK CORP,,,0.00867,-0.1848615496720913,6.774957698811559e-05,3.9739892229743785e-11,-0.004619,4.329629054059998,147.75,341047.0,50389694.25,0.005004999999997,147.82001,147.81
2020-09-17,KMB,17750,KIMBERLY CLARK CORP,,,-0.007648,-0.0177210320687901,0.0004092211158095,-3.5962915778564145e-11,-0.008412,4.252903558747035,146.62,341047.0,50004311.14,0.0300000000000011,146.62,146.56
2020-09-18,KMB,17750,KIMBERLY CLARK CORP,,,-0.004433,0.343981826204462,6.843872028490602e-05,-1.557904956552128e-11,-0.011183,5.715825091556296,145.97,341047.0,49782630.59,0.0049949999999938,145.97,145.96001
2020-09-21,KMB,17750,KIMBERLY CLARK CORP,,,-0.000685,-0.3645217801694398,0.0002741482141632,-3.790798970668671e-12,-0.011571,3.632282354045044,145.87,341047.0,49748525.89,0.0199949999999944,145.89999,145.86
2020-09-22,KMB,17750,KIMBERLY CLARK CORP,,,0.007472,-0.1319137634719348,0.0003402966562129,4.7280382931344215e-11,0.010518,3.153134318730263,146.96001,341047.0,50120270.530470006,0.0250050000000072,146.96001,146.91
2020-09-23,KMB,17750,KIMBERLY CLARK CORP,,,-0.014562,0.3447548604336938,6.898218001791432e-05,-6.95332655269633e-11,-0.023721,4.240192700712805,144.82001,341047.0,49390429.95047,0.004995000000008,144.83,144.82001
2020-09-24,KMB,17750,KIMBERLY CLARK CORP,,,0.011462,-0.231829638926634,6.83369743311203e-05,7.044086796905649e-11,0.002987,3.2571903579272066,146.48,341047.0,49956564.56,0.0050050000000112,146.49001,146.48
2020-09-25,KMB,17750,KIMBERLY CLARK CORP,,,-0.00041,-0.0874668611114861,0.0004097800846878,-2.762341926377909e-12,0.015977,2.9722941412767154,146.42,341047.0,49936101.74,0.0300000000000011,146.48,146.42
2020-09-28,KMB,17750,KIMBERLY CLARK CORP,,,0.007786,0.4632975302162787,0.0003387774464625,3.5571902572467105e-11,0.016111,4.349350676006533,147.56,341047.0,50324895.32,0.024995000000004,147.62,147.57001
2020-09-29,KMB,17750,KIMBERLY CLARK CORP,,,-0.008268,-0.3488501907528518,0.0004099357660243,-5.849487818846582e-11,-0.004813,2.832078863030609,146.34,341047.0,49908817.98,0.0299949999999995,146.39999,146.34
2020-09-30,KMB,17750,KIMBERLY CLARK CORP,,,0.00902,0.634579944340451,0.0005417851821751,3.86917106339084e-11,0.008254,4.629259310300339,147.66,341047.0,50359000.02,0.039999999999992,147.66,147.58
2020-10-01,KMB,17750,KIMBERLY CLARK CORP,,,-0.000203,-0.2514924356867104,6.773690984211139e-05,-1.163588665693056e-12,0.005293,3.465035610927526,147.63,341047.0,50348768.61,0.0049999999999954,147.63,147.62
2020-10-02,KMB,17750,KIMBERLY CLARK CORP,,,-0.001355,-0.0676671687511635,0.0002034864141278,-8.341814833433711e-12,-0.009572,3.230566461514102,147.42999,341047.0,50280555.79953,0.0150000000000005,147.42999,147.39999
2020-10-05,KMB,17750,KIMBERLY CLARK CORP,,,0.014244,0.2216296430759456,0.000200628636394,7.077357855085522e-11,0.017976,3.946555753312593,149.53,341047.0,50996757.91,0.0150000000000005,149.53,149.5
2020-10-06,KMB,17750,KIMBERLY CLARK CORP,,,0.003143,0.2084310020869846,6.65999999999182e-05,1.2882459545572572e-11,-0.013988,4.769140323767692,150.0,341047.0,51157050.0,0.0049949999999938,150.0,149.99001
2020-10-07,KMB,17750,KIMBERLY CLARK CORP,,,0.005667,-0.299562680871392,6.63573041857543e-05,3.297495849499438e-11,0.017406,3.340483862927984,150.85001,341047.0,51446943.36047,0.005004999999997,150.85001,150.84
2020-10-08,KMB,17750,KIMBERLY CLARK CORP,,,-0.00358,0.1782390705562022,0.0004657042112966,-1.7743452171475653e-11,0.008007,3.935888601864259,150.31,341047.0,51262774.57,0.0349999999999965,150.38,150.31
2020-10-09,KMB,17750,KIMBERLY CLARK CORP,,,0.014503,-0.0901653327850301,6.5512488326204e-05,7.787479954777368e-11,0.008791,3.5810078962723613,152.49001,341047.0,52006260.44047,0.0049949999999938,152.5,152.49001
2020-10-12,KMB,17750,KIMBERLY CLARK CORP,,,0.005902,-0.0738300095308902,0.0002607079992176,3.401668124423819e-11,0.016419,3.3166220491603795,153.39,341047.0,52313199.33,0.0199949999999944,153.39,153.35001
2020-10-13,KMB,17750,KIMBERLY CLARK CORP,,,0.005411,0.6410384714673192,0.0001296848657762,1.8902004201953197e-11,-0.006307,5.4427043779889575,154.22,341047.0,52596268.34,0.0100000000000051,154.22,154.2
2020-10-14,KMB,17750,KIMBERLY CLARK CORP,,,-0.010245,-0.0351833674708466,0.0005896226415092,-3.7477433646483584e-11,-0.006623,5.251211709822987,152.64,341047.0,52057414.08,0.0449999999999874,152.64,152.55
2020-10-15,KMB,17750,KIMBERLY CLARK CORP,,,0.011006,-0.3966536565209865,0.0002591368416838,6.60034777293841e-11,-0.001528,3.168299383955877,154.32001,341047.0,52630376.45047,0.0199950000000086,154.36,154.32001
2020-10-16,KMB,17750,KIMBERLY CLARK CORP,,,-0.006415,0.256195287722146,6.521880910448642e-05,-3.0822787954752196e-11,0.000135,3.9800027562183513,153.33,341047.0,52292736.510000005,0.0049999999999954,153.34,153.33
2020-10-19,KMB,17750,KIMBERLY CLARK CORP,,,-0.016435,-0.16548202108787,0.0003316093097273,-9.62069096308498e-11,-0.01633,3.321383856184045,150.81,341047.0,51433298.07,0.025004999999993,150.85001,150.8
2020-10-20,KMB,17750,KIMBERLY CLARK CORP,,,-0.015185,0.4454450592717887,0.0005386479935363,-6.244461073586156e-11,0.004727,4.800877884866309,148.52,341047.0,50652300.440000005,0.0400000000000062,148.53,148.45
2020-10-21,KMB,17750,KIMBERLY CLARK CORP,,,-0.000943,0.3309233047806637,0.0005391562205147,-2.9164088216433146e-12,-0.002196,6.38960026037467,148.38,341047.0,50604553.86,0.039999999999992,148.2,148.12
2020-10-22,KMB,17750,KIMBERLY CLARK CORP,,,-0.069349,1.8930782312769083,7.248895647761662e-05,-7.965808710656351e-11,0.005219,18.485613419851223,138.09,341047.0,47095180.23,0.005004999999997,138.10001,138.09
2020-10-23,KMB,17750,KIMBERLY CLARK CORP,,,-0.008762,-0.5778232023885301,0.0006575102279369,-2.405031621013197e-11,0.003446,7.8041970754764,136.88,341047.0,46682513.36,0.0450000000000017,136.97,136.88
2020-10-26,KMB,17750,KIMBERLY CLARK CORP,,,-0.008694,-0.1377120060955862,0.0005158080919742,-2.7917530073281677e-11,-0.01859,6.729465440247239,135.69,341047.0,46276667.43,0.034994999999995,135.75999,135.69
2020-10-27,KMB,17750,KIMBERLY CLARK CORP,,,-0.006854,-0.1722274411519678,0.0005195162154584,-2.6771783488800405e-11,-0.003026,5.570466827152856,134.75999,341047.0,45959490.30953,0.0350050000000123,134.83,134.75999
2020-10-28,KMB,17750,KIMBERLY CLARK CORP,,,-0.013134,0.4359848004333109,0.0009774418394283,-3.6201146445546546e-11,-0.035288,7.999105695109471,132.99001,341047.0,45355843.94047,0.0649949999999961,133.12,132.99001
2020-10-29,KMB,17750,KIMBERLY CLARK CORP,,,-0.001203,-0.0420813827792605,7.528419784680347e-05,-3.4656537598406192e-12,0.011947,7.662492266461808,132.83,341047.0,45301273.010000005,0.0049999999999954,132.84,132.83
2020-10-30,KMB,17750,KIMBERLY CLARK CORP,,,-0.001807,-0.1810964806545056,7.549588958438856e-05,-6.368400408752992e-12,-0.01213,6.291629549269853,132.59,340137.0,45098764.83,0.005004999999997,132.60001,132.59
2020-11-02,KMB,17750,KIMBERLY CLARK CORP,,,0.013274,-0.0817143423226742,0.0006700408879761,5.027699222343197e-11,0.012318,5.777513178513364,134.35001,340137.0,45697409.35137,0.0450100000000048,134.35001,134.25999
2020-11-03,KMB,17750,KIMBERLY CLARK CORP,,,0.007443,-0.0727691479411707,0.0003694126066188,3.017915193381854e-11,0.017799,5.357088467294061,135.35001,340137.0,46037546.35137,0.0249999999999914,135.38,135.33
2020-11-04,KMB,17750,KIMBERLY CLARK CORP,,,-0.001699,0.2298204752203996,0.0005920663114267,-5.611117041259292e-12,0.022047,6.588257084645305,135.12,340137.0,45959311.440000005,0.039999999999992,135.2,135.12
2020-11-05,KMB,17750,KIMBERLY CLARK CORP,,,-0.005921,-0.124107170747598,0.0004466199786614,-2.2458407624470695e-11,0.01946,5.770607137712157,134.32001,340137.0,45687205.24137,0.0299949999999995,134.38,134.32001
2020-11-06,KMB,17750,KIMBERLY CLARK CORP,,,0.013847,-0.1431192324015168,0.0005873109551557,6.045700286634577e-11,-0.000288,4.944722273672079,136.17999,340137.0,46319853.25863,0.039990000000003,136.17999,136.10001
2020-11-09,KMB,17750,KIMBERLY CLARK CORP,,,-0.025848,0.9520543343383576,0.0001507613447912,-5.934706820910099e-11,0.0117,9.652366546421002,132.66,340137.0,45122574.42,0.0100000000000051,132.69,132.67
2020-11-10,KMB,17750,KIMBERLY CLARK CORP,,,0.029323,-0.2626852387982554,0.0003662394727207,8.871071600057988e-11,-0.0014,7.116832335206108,136.55,340137.0,46445707.35,0.0250050000000072,136.59,136.53999
2020-11-11,KMB,17750,KIMBERLY CLARK CORP,,,0.009008,-0.03506467969156,7.265205399929235e-05,2.799003117614252e-11,0.007652,6.867282888953569,137.78,340137.0,46864075.86,0.0050050000000112,137.77,137.75999
2020-11-12,KMB,17750,KIMBERLY CLARK CORP,,,0.00254,-0.0154896552255592,7.239556939108742e-05,7.99625446172913e-12,-0.009979,6.760911044667296,138.13,340137.0,46983123.81,0.0049999999999954,138.14,138.13
2020-11-13,KMB,17750,KIMBERLY CLARK CORP,,,0.015999,-0.2800943279719051,7.132677782523926e-05,6.886153067978918e-11,0.01361,4.867218209133378,140.34,340137.0,47734826.58,0.005004999999997,140.35001,140.34
2020-11-16,KMB,17750,KIMBERLY CLARK CORP,,,0.01247,1.2536283139869564,0.0007740164684355,2.3522634191966495e-11,0.011648,10.968900766455867,142.09,340137.0,48330066.33,0.0549900000000036,142.17999,142.07001
2020-11-17,KMB,17750,KIMBERLY CLARK CORP,,,0.012246,-0.1356683549861174,0.0009038448167975,2.640264135697996e-11,-0.004792,9.48076804346484,143.83,340137.0,48921904.71,0.0649999999999977,143.97,143.84
2020-11-18,KMB,17750,KIMBERLY CLARK CORP,,,-0.019259,-0.1460837395651149,7.09627109031198e-05,-4.9581215784006905e-11,-0.011564,8.095781993726057,141.06,340137.0,47979725.22,0.005004999999997,141.07001,141.06
2020-11-19,KMB,17750,KIMBERLY CLARK CORP,,,0.004821,-0.1366297765713092,0.0001411739705677,1.4306550242793335e-11,0.003946,6.989657108753238,141.74001,340137.0,48211021.78137001,0.0100050000000067,141.74001,141.72
2020-11-20,KMB,17750,KIMBERLY CLARK CORP,,,-0.013969,0.1062171469239405,7.162278703670844e-05,-3.8004263663508605e-11,-0.006793,7.732078544821645,139.75999,340137.0,47537543.71862999,0.0050050000000112,139.74001,139.73
2020-11-23,KMB,17750,KIMBERLY CLARK CORP,,,-0.003864,-0.2068802410373366,0.0007182876023559,-1.330597137274337e-11,0.005636,6.132464271749325,139.22,340137.0,47353873.14,0.0499999999999971,139.22,139.12
2020-11-24,KMB,17750,KIMBERLY CLARK CORP,,,-0.000144,0.2345966542626174,0.0005747126436782,-4.0170686855275546e-13,0.016162,7.571119872286755,139.2,340137.0,47347070.4,0.0400000000000062,139.28,139.2
2020-11-25,KMB,17750,KIMBERLY CLARK CORP,,,0.010776,-0.4659671530720894,0.0002842928216061,5.5690551136283446e-11,-0.001584,4.043226699829774,140.7,340137.0,47857275.9,0.019999999999996,140.7,140.66
2020-11-27,KMB,17750,KIMBERLY CLARK CORP,,,0.004762,-0.1461696810255001,0.0007073636556553,2.868656787489756e-11,0.002397,3.452229542801871,141.37,340137.0,48085167.690000005,0.0499999999999971,141.91,141.81
2020-11-30,KMB,17750,KIMBERLY CLARK CORP,,,-0.014572,5.535044637724605,0.0002870576412317,-1.363122135496796e-11,-0.004595,22.56047416188183,139.31,340137.0,47384485.47,0.0199949999999944,139.39,139.35001
2020-12-01,KMB,17750,KIMBERLY CLARK CORP,,,0.014141,-0.7431112330869318,0.0004953992072479,5.0775267710004766e-11,0.011271,5.79553238841996,141.28,340137.0,48054555.36,0.034994999999995,141.28,141.21001
2020-12-02,KMB,17750,KIMBERLY CLARK CORP,,,-0.02081,0.2444027342709667,0.0003614283648981,-6.132197560213762e-11,0.001791,7.211976350705745,138.34,340137.0,47054552.58,0.0250000000000056,138.36,138.31
2020-12-03,KMB,17750,KIMBERLY CLARK CORP,,,0.003976,-0.0364915656363888,0.0002901610586154,1.2205916848497219e-11,-0.000624,6.948800042335883,137.82001,340137.0,46877684.74137,0.0199949999999944,137.89,137.85001
2020-12-04,KMB,17750,KIMBERLY CLARK CORP,,,-0.003048,-0.0983861523204137,7.270742887256507e-05,-1.0409838615061282e-11,0.008836,6.265134342926527,137.39999,340137.0,46734820.39863,0.004995000000008,137.42999,137.42
2020-12-07,KMB,17750,KIMBERLY CLARK CORP,,,-0.003493,-0.1683492851256965,7.303534910890232e-05,-1.4394827506805064e-11,-0.001936,5.210403455078395,136.92,340137.0,46571558.04,0.0049999999999954,136.92,136.91
2020-12-08,KMB,17750,KIMBERLY CLARK CORP,,,-0.002556,-0.0219940629177244,0.0002929632940643,-1.0797887216673689e-11,0.002787,5.095805513660672,136.57001,340137.0,46452513.49137,0.0200049999999976,136.57001,136.53
2020-12-09,KMB,17750,KIMBERLY CLARK CORP,,,-0.005931,0.2478214613747871,0.0007365203842456,-2.019932954423667e-11,-0.007949,6.358655482937757,135.75999,340137.0,46176995.71862999,0.0499949999999955,135.75999,135.66
2020-12-10,KMB,17750,KIMBERLY CLARK CORP,,,-0.012522,-0.0400926755606353,0.0006713411905117,-4.4991037353126236e-11,-0.001285,6.103719971658479,134.06,340137.0,45598766.22,0.0450000000000017,134.09,134.0
2020-12-11,KMB,17750,KIMBERLY CLARK CORP,,,0.014471,-0.1249582751513533,7.345588235285096e-05,5.857096715962177e-11,-0.001265,5.341009651993168,136.0,340137.0,46258632.0,0.0049949999999938,136.00999,136.0
2020-12-14,KMB,17750,KIMBERLY CLARK CORP,,,0.0,0.0789089958302944,0.0004411764705882,0.0,-0.004359,5.762463360351858,136.0,340137.0,46258632.0,0.0300000000000011,136.0,135.94
2020-12-15,KMB,17750,KIMBERLY CLARK CORP,,,-0.001323,-0.2752650856340244,0.0006627889366228,-6.8573268136978856e-12,0.012921,4.176258390001676,135.82001,340137.0,46197410.74137,0.0450100000000048,135.85001,135.75999
2020-12-16,KMB,17750,KIMBERLY CLARK CORP,,,0.001399,0.4623224216825061,7.359753500476326e-05,4.951793537450725e-12,0.001773,6.107036282439135,136.00999,340137.0,46262029.96862999,0.0050050000000112,136.02,136.00999
2020-12-17,KMB,17750,KIMBERLY CLARK CORP,,,0.002279,0.1805323341817393,7.343015893260336e-05,6.817457702090933e-12,0.005758,7.209553797440443,136.32001,340137.0,46367479.24137,0.005004999999997,136.32001,136.31
2020-12-18,KMB,17750,KIMBERLY CLARK CORP,,,-0.009096,0.6608609448682754,7.40302043232966e-05,-1.6533464344640517e-11,-0.003511,11.974066332095596,135.08,340137.0,45945705.96,0.0049999999999954,135.09,135.08
2020-12-21,KMB,17750,KIMBERLY CLARK CORP,,,-0.006219,-0.5568471794625005,0.0002234803170828,-2.5667852005513457e-11,-0.003906,5.306341268371274,134.24001,340137.0,45659994.28137001,0.0150000000000005,134.24001,134.21001
2020-12-22,KMB,17750,KIMBERLY CLARK CORP,,,-0.011696,-0.1130278250723176,0.0002261249717343,-5.506879585689154e-11,-0.002073,4.706577055715785,132.67,340137.0,45125975.79,0.0150000000000005,132.67,132.64
2020-12-23,KMB,17750,KIMBERLY CLARK CORP,,,0.006256,-0.1817955238396857,0.0004494382022472,3.5776229929712285e-11,0.000746,3.850942414380088,133.5,340137.0,45408289.5,0.0300000000000011,133.56,133.5
2020-12-24,KMB,17750,KIMBERLY CLARK CORP,,,0.002921,-0.5955599428330616,0.0006721935917542,4.1182086929380906e-11,0.003537,1.5574753702184707,133.89,340137.0,45540942.92999999,0.0449999999999874,133.89,133.8
2020-12-28,KMB,17750,KIMBERLY CLARK CORP,,,0.000448,0.999256259969231,0.0004479283314669,3.1578519648650457e-12,0.008723,3.1137923836571733,133.95,340137.0,45561351.15,0.0300000000000011,133.95,133.89
2020-12-29,KMB,17750,KIMBERLY CLARK CORP,,,0.001344,-0.0139352063418927,0.0001491836278236,9.594544513891092e-12,-0.002227,3.070401044285097,134.13,340137.0,45622575.81,0.0100049999999924,134.17,134.14999
2020-12-30,KMB,17750,KIMBERLY CLARK CORP,,,-0.007455,0.1455881465820596,0.000600991512056,-4.680521261866506e-11,0.001342,3.5174150415861845,133.13,340137.0,45282438.81,0.0400050000000078,133.21001,133.13
2020-12-31,KMB,17750,KIMBERLY CLARK CORP,,,0.012769,0.2376306311502061,7.41674701475258e-05,6.39590212982747e-11,0.006439,4.353260597935538,134.83,340137.0,45860671.71,0.0049999999999954,134.78,134.77
2021-01-04,KMB,17750,KIMBERLY CLARK CORP,,,-0.010606,0.2407265458008178,7.503748688432495e-05,-4.3276408206311885e-11,-0.014755,5.401205984647363,133.39999,340137.0,45374272.39863,0.005004999999997,133.41,133.39999
2021-01-05,KMB,17750,KIMBERLY CLARK CORP,,,0.001049,0.2226698963067794,0.0002994608581295,3.4971182069024604e-12,0.007083,6.603891961180348,133.53999,340137.0,45421891.57862999,0.0199950000000086,133.61,133.57001
2021-01-06,KMB,17750,KIMBERLY CLARK CORP,,,-0.005242,-0.1888490393673304,7.527853056301494e-05,-2.1657714593705e-11,0.00571,5.356753308225803,132.84,340137.0,45183799.08,0.0049999999999954,132.87,132.86
2021-01-07,KMB,17750,KIMBERLY CLARK CORP,,,-0.009334,0.0740948282959117,7.591184833508867e-05,-3.624213096158284e-11,0.014847,5.753661024822351,131.60001,340137.0,44762032.60137,0.004995000000008,131.61,131.60001
2021-01-08,KMB,17750,KIMBERLY CLARK CORP,,,0.001216,-0.156880338757701,0.000151791146918,5.593229709470446e-12,0.005492,4.851024734151239,131.75999,340137.0,44816447.71862999,0.0100000000000051,131.8,131.78
2021-01-11,KMB,17750,KIMBERLY CLARK CORP,,,-0.002353,0.3755261322183523,7.615062761523395e-05,-7.886878043654921e-12,-0.006555,6.672711289862614,131.45,340137.0,44711008.65,0.0050050000000112,131.46001,131.45
2021-01-12,KMB,17750,KIMBERLY CLARK CORP,,,-0.008596,-0.0323941812695957,0.0002303560289782,-3.003520630854021e-11,0.000416,6.456554270779127,130.32001,340137.0,44326657.24137,0.0150100000000037,130.32001,130.28999
2021-01-13,KMB,17750,KIMBERLY CLARK CORP,,,0.010359,-0.2283466287936914,7.602339181282054e-05,4.642522923558073e-11,0.002276,4.982221869423203,131.67,340137.0,44785838.79,0.005004999999997,131.69,131.67999
2021-01-14,KMB,17750,KIMBERLY CLARK CORP,,,-0.000759,0.0906506286298312,0.0003799498077108,-3.121204853119479e-12,-0.003753,5.43386341385971,131.57001,340137.0,44751828.49137,0.024995000000004,131.62,131.57001
2021-01-15,KMB,17750,KIMBERLY CLARK CORP,,,-0.002128,0.8088919404109167,7.616726911161243e-05,-4.8480243217749495e-12,-0.00719,9.829271734624578,131.28999,340137.0,44656583.32862999,0.0049999999999954,131.28,131.27
2021-01-19,KMB,17750,KIMBERLY CLARK CORP,,,0.002742,-0.4419284664638131,0.0003037599926896,1.1163015589828112e-11,0.008136,5.4854367504858335,131.64999,340137.0,44779032.64863,0.0199949999999944,131.64999,131.61
2021-01-20,KMB,17750,KIMBERLY CLARK CORP,,,-0.001975,0.0791655054132276,0.0006088743435572,-7.465375266424224e-12,0.013936,5.919694123250338,131.39,340137.0,44690600.42999999,0.039999999999992,131.39,131.31
2021-01-21,KMB,17750,KIMBERLY CLARK CORP,,,-0.002892,-0.1332232766014719,7.625372691035036e-05,-1.26483388301093e-11,0.000317,5.131053075672449,131.00999,340137.0,44561344.96862999,0.0049949999999938,131.00999,131.0
2021-01-22,KMB,17750,KIMBERLY CLARK CORP,,,0.00916,0.4311011361624421,0.0005293850291667,2.773961474148069e-11,-0.003011,7.3430558863046365,132.21001,340137.0,44969516.17137001,0.034994999999995,132.17,132.10001
2021-01-25,KMB,17750,KIMBERLY CLARK CORP,,,0.032524,0.8452866600337519,0.000512782983868,5.169457449503364e-11,0.003616,13.550043070880262,136.50999,340137.0,46432098.46862999,0.0349999999999965,136.48,136.41
2021-01-26,KMB,17750,KIMBERLY CLARK CORP,,,0.004542,-0.3198010966243143,0.0003646175162253,1.0565356940072248e-11,-0.001489,9.216724437506064,137.13,340137.0,46642986.81,0.0249999999999914,137.13,137.08
2021-01-27,KMB,17750,KIMBERLY CLARK CORP,,,0.011084,-0.0729217604496915,0.0001443202412058,2.7506150004684835e-11,-0.025678,8.544624665943429,138.64999,340137.0,47159991.64863,0.0100049999999924,138.67,138.64999
2021-01-28,KMB,17750,KIMBERLY CLARK CORP,,,-0.025171,-0.1667876090330701,0.0002959455460194,-7.690413634262675e-11,0.009761,7.119487147825729,135.16,340137.0,45972916.92,0.019999999999996,135.16,135.12
2021-01-29,KMB,17750,KIMBERLY CLARK CORP,,,-0.02264,0.6680906557273474,0.0004542013282209,-4.2427880325795896e-11,-0.019312,11.926335990552111,132.10001,338700.0,44742273.387,0.0300000000000011,132.09,132.03
2021-02-01,KMB,17750,KIMBERLY CLARK CORP,,,0.00863,-0.6130267734468802,0.0003751125506518,4.143553814825512e-11,0.016052,4.615172719220549,133.24001,338700.0,45128391.387,0.0249899999999883,133.28999,133.24001
2021-02-02,KMB,17750,KIMBERLY CLARK CORP,,,-0.00668,0.1510415767046091,0.000755647846192,-2.8051643926445657e-11,0.013898,5.312255683495719,132.35001,338700.0,44826948.387,0.0500049999999987,132.35001,132.25
2021-02-03,KMB,17750,KIMBERLY CLARK CORP,,,0.000302,-0.0360031146120546,0.0006798096532968,1.315170211533647e-12,0.001009,5.120997933274284,132.39,338700.0,44840492.99999999,0.0449999999999874,132.39,132.3
2021-02-04,KMB,17750,KIMBERLY CLARK CORP,,,-0.006723,-0.0348184645329268,0.0005323954372623,-3.0539263292398317e-11,0.010853,4.942692648361382,131.5,338700.0,44539050.0,0.0350049999999981,131.57001,131.5
2021-02-05,KMB,17750,KIMBERLY CLARK CORP,,,0.005095,-0.0737481258474753,0.0005295452825905,2.4860130061370413e-11,0.003897,4.578178328904635,132.17,338700.0,44765978.99999999,0.034994999999995,132.17,132.10001
2021-02-08,KMB,17750,KIMBERLY CLARK CORP,,,0.000151,-0.0642552151417263,0.0004538164762841,7.87250649161372e-13,0.007399,4.284006495423679,132.19,338700.0,44772753.0,0.0299949999999995,132.27,132.21001
2021-02-09,KMB,17750,KIMBERLY CLARK CORP,,,0.001815,0.2662107949521466,0.0003776334952527,7.459658637177758e-12,-0.001113,5.424455270150576,132.42999,338700.0,44854037.613,0.025004999999993,132.48,132.42999
2021-02-10,KMB,17750,KIMBERLY CLARK CORP,,,0.002794,-0.1600119307905292,0.0005271084337348,1.363276285526209e-11,-0.000345,4.556477708886921,132.8,338700.0,44979360.00000001,0.0349999999999965,132.87,132.8
2021-02-11,KMB,17750,KIMBERLY CLARK CORP,,,-0.005346,-0.1735097801499275,0.0002271178741767,-3.173049512019751e-11,0.001662,3.7658842633599057,132.09,338700.0,44738883.0,0.0150000000000005,132.12,132.09
2021-02-12,KMB,17750,KIMBERLY CLARK CORP,,,0.000303,0.3499594278344655,0.0002269734352531,1.331797857432089e-12,0.004711,5.083790965456156,132.13,338700.0,44752431.0,0.0149949999999989,132.13,132.10001
2021-02-16,KMB,17750,KIMBERLY CLARK CORP,,,-0.014304,0.7193195809231769,0.0005375460275227,-3.709826418824837e-11,-0.000569,8.740661352229111,130.24001,338700.0,44112291.387,0.0350050000000123,130.24001,130.17
2021-02-17,KMB,17750,KIMBERLY CLARK CORP,,,0.004069,-0.4019355762715414,0.0002294104152328,1.7574060061334584e-11,-0.00032,5.227478594626513,130.77,338700.0,44291799.0,0.0150000000000005,130.8,130.77
2021-02-18,KMB,17750,KIMBERLY CLARK CORP,,,0.010859,-0.1791988577541291,0.0004538921249716,5.6525682996390765e-11,-0.004416,4.290720401535282,132.19,338700.0,44772753.0,0.0300000000000011,132.25,132.19
2021-02-19,KMB,17750,KIMBERLY CLARK CORP,,,-0.011801,0.4167066340871981,0.0003062083747989,-4.38783758602921e-11,-0.001855,6.07869205786832,130.63,338700.0,44244381.0,0.019999999999996,130.67,130.63
2021-02-22,KMB,17750,KIMBERLY CLARK CORP,,,0.003292,-0.1325252458529093,0.0005341065160994,1.4063955347695719e-11,-0.007733,5.273111898435193,131.06,338700.0,44390022.0,0.0349999999999965,131.12,131.05
2021-02-23,KMB,17750,KIMBERLY CLARK CORP,,,0.007096,0.0717294427836907,7.583907297243557e-05,2.8086989965363952e-11,0.001256,5.651349276645999,131.99001,338700.0,44705016.387,0.0050050000000112,131.99001,131.98
2021-02-24,KMB,17750,KIMBERLY CLARK CORP,,,-0.00894,0.0093845083255317,0.0001529699564252,-3.537305685479082e-11,0.011352,5.704384410983171,130.81,338700.0,44305347.0,0.0100049999999924,130.82001,130.8
2021-02-25,KMB,17750,KIMBERLY CLARK CORP,,,-0.001911,-0.1658952162830117,7.666973039211152e-05,-9.08251142184698e-12,-0.024479,4.758054325361677,130.56,338700.0,44220672.0,0.005004999999997,130.57001,130.56
2021-02-26,KMB,17750,KIMBERLY CLARK CORP,,,-0.01708,0.8692118720265483,7.792410192465443e-05,-4.41831370915147e-11,-0.00475,8.902643307207622,128.33,338364.0,43422252.120000005,0.0049999999999954,128.34,128.33
2021-03-01,KMB,17750,KIMBERLY CLARK CORP,,,0.000468,-0.2390886933520651,0.0002336630578703,1.5902942660396736e-12,0.023791,6.774121951507843,128.39,338364.0,43442553.95999999,0.0149999999999863,128.39,128.36
2021-03-02,KMB,17750,KIMBERLY CLARK CORP,,,0.005764,0.0527559869273803,0.0003097653527452,1.849830518101097e-11,-0.008081,7.131497440626071,129.13,338364.0,43692943.32,0.019999999999996,129.17,129.13
2021-03-03,KMB,17750,KIMBERLY CLARK CORP,,,0.010842,0.2329064309697055,0.0002298322224776,2.791927046841202e-11,-0.013066,8.792469056991878,130.53,338364.0,44166652.92,0.0150000000000005,130.53999,130.50999
2021-03-04,KMB,17750,KIMBERLY CLARK CORP,,,-0.005439,-0.2162501197456854,0.0006994871541411,-1.812740149723816e-11,-0.013417,6.891096570557152,128.67999,338364.0,43540676.136360005,0.0450050000000032,128.77,128.67999
2021-03-05,KMB,17750,KIMBERLY CLARK CORP,,,0.022614,0.09018230912309,0.0003039744661447,6.760563310957865e-11,0.019496,7.512551571680202,131.59,338364.0,44525318.76,0.019999999999996,131.63,131.59
2021-03-08,KMB,17750,KIMBERLY CLARK CORP,,,0.011855,-0.253858709185803,0.0002253098178978,4.6942663687046595e-11,-0.005359,5.605424927001691,133.14999,338364.0,45053163.21636,0.0150000000000005,133.16,133.13
2021-03-09,KMB,17750,KIMBERLY CLARK CORP,,,-0.006158,0.0662770723909327,0.000302274616489,-2.3010105523439668e-11,0.014155,5.97693608067052,132.33,338364.0,44775708.120000005,0.019999999999996,132.34,132.3
2021-03-10,KMB,17750,KIMBERLY CLARK CORP,,,0.015945,0.0847872308863812,0.0003719875037192,5.406157494542363e-11,0.00603,6.483703940135476,134.44,338364.0,45489656.16,0.0250050000000072,134.49001,134.44
2021-03-11,KMB,17750,KIMBERLY CLARK CORP,,,-0.014058,-0.1046793493818178,0.0003772915880798,-5.399553878972012e-11,0.010395,5.804994030097765,132.55,338364.0,44850148.2,0.025004999999993,132.60001,132.55
2021-03-12,KMB,17750,KIMBERLY CLARK CORP,,,0.006941,0.0740687943850959,0.0001499213306361,2.4650194886449085e-11,0.001015,6.234962939319786,133.47,338364.0,45161443.08,0.0100050000000067,133.49001,133.47
2021-03-15,KMB,17750,KIMBERLY CLARK CORP,,,0.005844,0.0867735356003047,0.0001489757914339,1.8986234122566784e-11,0.006492,6.775992717901431,134.25,338364.0,45425367.0,0.0100000000000051,134.25,134.23
2021-03-16,KMB,17750,KIMBERLY CLARK CORP,,,0.001341,-0.0591681961241338,0.0002974782635929,4.624486763261953e-12,-0.00157,6.375069451832937,134.42999,338364.0,45486269.136360005,0.0199950000000086,134.42999,134.39
2021-03-17,KMB,17750,KIMBERLY CLARK CORP,,,-0.013985,0.0149386164905191,0.0003772915880798,-4.819188245600894e-11,0.002879,6.470304169474294,132.55,338364.0,44850148.2,0.025004999999993,132.60001,132.55
2021-03-18,KMB,17750,KIMBERLY CLARK CORP,,,-0.001132,0.2459341219503059,0.0004531722396655,-3.134400926023618e-12,-0.014761,8.061572744145359,132.39999,338364.0,44799390.21636,0.0300000000000011,132.36,132.3
2021-03-19,KMB,17750,KIMBERLY CLARK CORP,,,-0.01571,1.4023307155431626,0.0008440760555498,-1.8396210006530428e-11,-0.000603,19.36656381884597,130.32001,338364.0,44095599.86364,0.0550000000000068,130.52,130.41
2021-03-22,KMB,17750,KIMBERLY CLARK CORP,,,0.020795,-0.590601512479574,0.000150342028114,5.826749909011447e-11,0.007025,7.928641935903347,133.03,338364.0,45012562.92,0.0100000000000051,133.02,133.0
2021-03-23,KMB,17750,KIMBERLY CLARK CORP,,,0.016913,-0.1806649627045509,0.0004434506209343,5.687777143608394e-11,-0.007631,6.49621413625563,135.28,338364.0,45773881.92,0.0299949999999995,135.27,135.21001
2021-03-24,KMB,17750,KIMBERLY CLARK CORP,,,0.002957,-0.0282527745742316,0.000294811342483,1.0203231249062683e-11,-0.005467,6.312678062678063,135.67999,338364.0,45909224.136360005,0.019999999999996,135.7,135.66
2021-03-25,KMB,17750,KIMBERLY CLARK CORP,,,-7.4e-05,-0.1398550456628166,7.363455443367107e-05,-2.9687830157067863e-13,0.00524,5.429818183967561,135.67,338364.0,45905843.88,0.004995000000008,135.67999,135.67
2021-03-26,KMB,17750,KIMBERLY CLARK CORP,,,0.010761,-0.0625710638969549,7.285057974196859e-05,4.5563005338250623e-11,0.016631,5.09006868342968,137.13,338364.0,46399855.32,0.004995000000008,137.17999,137.17
2021-03-29,KMB,17750,KIMBERLY CLARK CORP,,,0.01298,0.4580751508451508,7.206104672085581e-05,3.720946961472743e-11,-0.000868,7.421702663403908,138.91,338364.0,47002143.24,0.005004999999997,138.94,138.92999
2021-03-30,KMB,17750,KIMBERLY CLARK CORP,,,-0.004319,-0.2588552972101,0.0001445304027185,-1.6777950635904316e-11,-0.003158,5.500555614663498,138.31,338364.0,46799124.84,0.0099950000000035,138.34,138.32001
2021-03-31,KMB,17750,KIMBERLY CLARK CORP,,,0.00535,0.8754812781070176,0.0001438331535419,1.1022480652460416e-11,0.003623,10.327084942027827,139.05,338007.0,46999873.35,0.0100000000000051,139.08,139.06
2021-04-01,KMB,17750,KIMBERLY CLARK CORP,,2023-12-29,-0.014887,-0.0731335659753964,7.293035479623107e-05,-3.359150238523777e-11,0.011825,9.571828394086513,136.98,338007.0,46300198.86,0.0049949999999938,137.00999,137.0
2021-04-05,KMB,17750,KIMBERLY CLARK CORP,,,0.010585,-0.3708949122891067,0.0002167160454176,3.756789652776749e-11,0.014438,6.021685941415415,138.42999,338007.0,46790305.62993,0.0150000000000005,138.45,138.42
2021-04-06,KMB,17750,KIMBERLY CLARK CORP,,,-0.002745,-0.0749430570922662,0.0005795001810938,-1.056072357045691e-11,-0.000974,5.570402388116222,138.05,338007.0,46661866.35,0.0400000000000062,138.05,137.97
2021-04-07,KMB,17750,KIMBERLY CLARK CORP,,,-0.008041,-0.2041660580985588,0.0003651234117132,-3.918727080700138e-11,0.001475,4.433115290511735,136.94,338007.0,46286678.58,0.0250000000000056,137.0,136.95
2021-04-08,KMB,17750,KIMBERLY CLARK CORP,,,0.004455,0.0193263055049839,0.0002181025081788,2.1205043178140872e-11,0.004221,4.51879103095498,137.55,338007.0,46492862.85,0.0150000000000005,137.58,137.55
2021-04-09,KMB,17750,KIMBERLY CLARK CORP,,,-0.006252,-0.0263673224070191,7.315824127581319e-05,-3.075665717107679e-11,0.00772,4.399642610951844,136.69,338007.0,46202176.83,0.0049999999999954,136.7,136.69
2021-04-12,KMB,17750,KIMBERLY CLARK CORP,,,0.00395,0.1544337675087921,0.0002186110908693,1.676624919536701e-11,-0.000196,5.079095995053357,137.23,338007.0,46384700.61,0.0150000000000005,137.25,137.22
2021-04-13,KMB,17750,KIMBERLY CLARK CORP,,,-0.000146,-0.0580928138306238,7.295386101948758e-05,-6.580317275002509e-13,0.003295,4.784037016984855,137.21001,338007.0,46377943.85007001,0.0050050000000112,137.21001,137.2
2021-04-14,KMB,17750,KIMBERLY CLARK CORP,,,-0.006851,-0.0081043240789641,0.0002200777867468,-3.134494331314836e-11,-0.004088,4.745265630593449,136.27,338007.0,46060213.89,0.0149949999999989,136.27,136.24001
2021-04-15,KMB,17750,KIMBERLY CLARK CORP,,,0.01952,0.4452012646413534,0.0001440293776744,6.061348477934917e-11,0.011094,6.857863890392802,138.92999,338007.0,46959309.12993,0.0100050000000067,138.96001,138.94
2021-04-16,KMB,17750,KIMBERLY CLARK CORP,,,0.002087,0.5656132900432527,0.000359143801178,4.130682023225414e-12,0.003609,10.736762848106697,139.22,338007.0,47057334.54,0.0250000000000056,139.27,139.22
2021-04-19,KMB,17750,KIMBERLY CLARK CORP,,,-0.002083,-0.4928148872131141,0.0004320161543235,-8.145686903927897e-12,-0.005306,5.44552627608304,138.92999,338007.0,46959309.12993,0.0300100000000043,138.99001,138.92999
2021-04-20,KMB,17750,KIMBERLY CLARK CORP,,,0.024905,0.3681600716278048,0.0004213779057516,6.945517210517845e-11,-0.006802,7.450351619936865,142.39,338007.0,48128816.73,0.0299999999999869,142.42,142.36
2021-04-21,KMB,17750,KIMBERLY CLARK CORP,,,-0.006461,-0.1533738823184637,0.0007069343323672,-2.1421074977337855e-11,0.009306,6.307662267349492,141.47,338007.0,47817850.29,0.0500049999999987,141.53,141.42999
2021-04-22,KMB,17750,KIMBERLY CLARK CORP,,,-0.008058,0.0706583478499873,0.0006414166607283,-2.5155427607673587e-11,-0.009211,6.753351261956113,140.33,338007.0,47432522.31,0.0450050000000032,140.38,140.28999
2021-04-23,KMB,17750,KIMBERLY CLARK CORP,,,-0.058576,2.6549700352217567,7.561880251317956e-05,-5.314411319474948e-11,0.010929,24.68329649977663,132.11,338007.0,44654104.77,0.004995000000008,132.11,132.10001
2021-04-26,KMB,17750,KIMBERLY CLARK CORP,,,-0.012035,-0.5024974449028523,0.0003830830524058,-2.2214925412841365e-11,0.001782,12.280003076859357,130.52,338007.0,44116673.64,0.0250000000000056,130.52,130.47
2021-04-27,KMB,17750,KIMBERLY CLARK CORP,,,-0.008198,-0.1155477100758494,0.0001545770567785,-1.7250722078864613e-11,-0.000215,10.861076841603872,129.45,338007.0,43755006.15,0.0100049999999924,129.45,129.42999
2021-04-28,KMB,17750,KIMBERLY CLARK CORP,,,0.001468,-0.1403157619473076,0.0003856834310396,3.587975660147644e-12,-0.000846,9.337096569005968,129.64,338007.0,43819227.48,0.0249999999999914,129.64,129.59
2021-04-29,KMB,17750,KIMBERLY CLARK CORP,,,0.023064,-0.0144784353885483,0.0001507954459776,5.5909960197308077e-11,0.006763,9.201910019614978,132.63,338007.0,44829868.41,0.0100000000000051,132.66,132.64
2021-04-30,KMB,17750,KIMBERLY CLARK CORP,,,0.005202,0.0317418520983439,0.0002250224853718,1.2159067958231371e-11,-0.007195,9.51017390170464,133.32001,337432.0,44986437.61432,0.0150000000000005,133.35001,133.32001
2021-05-03,KMB,17750,KIMBERLY CLARK CORP,,,0.010651,-0.3747962394949015,0.000148285576051,3.9400116262729465e-11,0.002748,5.945796486403187,134.74001,337432.0,45465591.05432001,0.0099899999999877,134.75999,134.74001
2021-05-04,KMB,17750,KIMBERLY CLARK CORP,,,-0.000148,0.0199730648725864,0.0003711401425178,-5.368397086029885e-13,-0.006678,6.064552265345314,134.72,337432.0,45458839.04,0.0250000000000056,134.77,134.72
2021-05-05,KMB,17750,KIMBERLY CLARK CORP,,,0.006309,-0.0269056389496739,0.0002951242682654,2.336990431043284e-11,0.000704,5.901381611702506,135.57001,337432.0,45745659.61432,0.0200049999999976,135.60001,135.56
2021-05-06,KMB,17750,KIMBERLY CLARK CORP,,,0.004131,0.2494637965364596,7.345919341798946e-05,1.2196569880099742e-11,0.008165,7.373562673368264,136.13,337432.0,45934618.16,0.0049999999999954,136.09,136.08
2021-05-07,KMB,17750,KIMBERLY CLARK CORP,,,-0.004628,-0.3932223131447753,7.372693726928214e-05,-2.262355298260493e-11,0.007373,4.474113302828422,135.5,337432.0,45722036.0,0.0049949999999938,135.50999,135.5
2021-05-10,KMB,17750,KIMBERLY CLARK CORP,,,0.010332,0.8719388968337607,7.311907035197066e-05,2.670521436750633e-11,-0.010436,8.37526672040589,136.89999,337432.0,46194437.42568,0.005004999999997,136.91,136.89999
2021-05-11,KMB,17750,KIMBERLY CLARK CORP,,,-0.019649,-0.2022859908926949,0.0001489456710418,-6.494166399205107e-11,-0.008674,6.681067592877972,134.21001,337432.0,45286752.09432001,0.0099949999999893,134.23,134.21001
2021-05-12,KMB,17750,KIMBERLY CLARK CORP,,,-0.009165,0.2105765332420157,0.0002255226349826,-2.525351050084136e-11,-0.021449,8.087943644941795,132.98,337432.0,44871707.36,0.0149949999999989,133.00999,132.98
2021-05-13,KMB,17750,KIMBERLY CLARK CORP,,,0.00579,-0.1944582359732823,0.0002242990654205,1.9691206596241327e-11,0.012173,6.515176391095094,133.75,337432.0,45131530.0,0.0150000000000005,133.75,133.72
2021-05-14,KMB,17750,KIMBERLY CLARK CORP,,,0.003215,-0.026858270155643,7.452676065925258e-05,1.1199655953128307e-11,0.014918,6.340190023471396,134.17999,337432.0,45276622.385680005,0.0049999999999954,134.2,134.19
2021-05-17,KMB,17750,KIMBERLY CLARK CORP,,,-0.004099,-0.2791416964610824,0.0002992591483949,-1.989003301418234e-11,-0.00253,4.57037862443396,133.63,337432.0,45091038.16,0.0199950000000086,133.67999,133.64
2021-05-18,KMB,17750,KIMBERLY CLARK CORP,,,-0.005164,0.4619483177191945,7.522190461855653e-05,-1.7229000887099036e-11,-0.008517,6.681657341330994,132.94,337432.0,44858210.08,0.0049999999999954,132.95,132.94
2021-05-19,KMB,17750,KIMBERLY CLARK CORP,,,-0.002708,-0.1897804715238368,0.0001507768894253,-1.118143318230395e-11,-0.002943,5.413609260532493,132.58,337432.0,44736734.56,0.0099950000000035,132.59,132.57001
2021-05-20,KMB,17750,KIMBERLY CLARK CORP,,,0.000754,0.1453705401743557,0.0003015526305058,2.7161061243054106e-12,0.010555,6.200588563028996,132.67999,337432.0,44770474.385680005,0.0200049999999976,132.72,132.67999
2021-05-21,KMB,17750,KIMBERLY CLARK CORP,,,-0.002487,0.1135901221492183,0.0001511144577924,-8.065053559992056e-12,-0.000784,6.9049141753005046,132.35001,337432.0,44659128.57432,0.0099999999999909,132.39,132.37
2021-05-24,KMB,17750,KIMBERLY CLARK CORP,,,-0.001738,-0.3120519464243484,0.0003027550711473,-8.206935305301867e-12,0.009911,4.750222267004908,132.12,337432.0,44581515.84,0.019999999999996,132.13,132.09
2021-05-25,KMB,17750,KIMBERLY CLARK CORP,,,-0.000151,0.3556186781643258,7.577592159148269e-05,-5.260613020858746e-13,-0.002125,6.43949003058394,132.10001,337432.0,44574770.57432,0.005004999999997,132.10001,132.09
2021-05-26,KMB,17750,KIMBERLY CLARK CORP,,,-0.0081,0.1689441251052745,0.0002289552010989,-2.4337882161100008e-11,0.001877,7.527404039925081,131.03,337432.0,44213714.96,0.0150000000000005,131.06,131.03
2021-05-27,KMB,17750,KIMBERLY CLARK CORP,,,0.013966,1.669352244716213,0.0003763359927744,1.550388038880302e-11,0.001165,20.093292870859905,132.86,337432.0,44831215.52,0.0250000000000056,132.86,132.81
2021-05-28,KMB,17750,KIMBERLY CLARK CORP,,,-0.016785,-0.3689105797537506,0.0003062083747989,-3.0029640889342e-11,0.000769,12.680664548709071,130.63,337432.0,44078742.16,0.019999999999996,130.67,130.63
2021-06-01,KMB,17750,KIMBERLY CLARK CORP,,,-0.004746,-0.3704828526837276,7.684024896846567e-05,-1.3552367336383055e-11,-0.000492,7.982695772777923,130.00999,337432.0,43869530.94567999,0.0049949999999938,130.00999,130.0
2021-06-02,KMB,17750,KIMBERLY CLARK CORP,,,0.005615,0.1347901353458935,0.0001530518469442,1.405043760195524e-11,0.001447,9.058684416415751,130.74001,337432.0,44115863.05432001,0.0100050000000067,130.74001,130.72
2021-06-03,KMB,17750,KIMBERLY CLARK CORP,,,0.0,0.2362359284062172,0.0004631172482163,0.0,-0.003629,11.19867113966666,129.60001,337432.0,43731190.57432,0.0300100000000043,129.60001,129.53999
2021-06-04,KMB,17750,KIMBERLY CLARK CORP,,,0.007485,-0.3586232630021779,0.0001530979433945,2.365279164106181e-11,0.008834,7.182567154271083,130.57001,337432.0,44058499.61432,0.0099950000000035,130.59,130.57001
2021-06-07,KMB,17750,KIMBERLY CLARK CORP,,,0.003906,0.0378597705588481,0.0001525785779677,1.1846530225215016e-11,-0.000797,7.454497498755304,131.08,337432.0,44230586.56,0.0100000000000051,131.08,131.06
2021-06-08,KMB,17750,KIMBERLY CLARK CORP,,,-0.010375,-0.0123654977804599,7.708911501688949e-05,-3.219439533438458e-11,0.000175,7.362318926480002,129.72,337432.0,43771679.04,0.0049999999999954,129.73,129.72
2021-06-09,KMB,17750,KIMBERLY CLARK CORP,,,-0.003238,-0.2194855495471126,0.00015467904099,-1.2915061508594676e-11,-0.001824,5.746396310960431,129.3,337432.0,43629957.6,0.0100000000000051,129.3,129.28
2021-06-10,KMB,17750,KIMBERLY CLARK CORP,,,0.002707,-0.1867857853820851,7.720787329018751e-05,1.324124941744674e-11,0.004652,4.67305116290097,129.64999,337432.0,43748055.42568,0.005004999999997,129.66,129.64999
2021-06-11,KMB,17750,KIMBERLY CLARK CORP,,,0.000694,-0.043337389977531,0.0002312316763348,3.5460098772751838e-12,0.001948,4.470533322269376,129.74001,337432.0,43778431.05432001,0.0150000000000005,129.74001,129.71001
2021-06-14,KMB,17750,KIMBERLY CLARK CORP,,,-0.001696,0.0270606383423013,7.720815318090569e-05,-8.451763274189298e-12,0.001815,4.591508807700515,129.52,337432.0,43704192.64,0.0049999999999954,129.53,129.52
2021-06-15,KMB,17750,KIMBERLY CLARK CORP,,,-0.002316,0.213814171618295,0.0004643244079863,-9.530483347650264e-12,-0.002012,5.573238459897105,129.22,337432.0,43602963.04,0.0300000000000011,129.25,129.19
2021-06-16,KMB,17750,KIMBERLY CLARK CORP,,,-0.002554,0.1147544731996199,7.750795251777604e-05,-9.452105361550386e-12,-0.00539,6.212792503378458,128.89,337432.0,43491610.48,0.004995000000008,128.89999,128.89
2021-06-17,KMB,17750,KIMBERLY CLARK CORP,,,0.009233,0.1301023900553093,0.000230627306273,2.9959971691838066e-11,-0.000436,7.021091656985703,130.08,337432.0,43893154.56,0.0150000000000005,130.10001,130.07001
2021-06-18,KMB,17750,KIMBERLY CLARK CORP,,,-0.010686,0.32743766622586,0.0001554899370581,-2.6403732468803465e-11,-0.013125,9.320061523506958,128.69,337432.0,43424124.08,0.0100050000000067,128.71001,128.69
2021-06-21,KMB,17750,KIMBERLY CLARK CORP,,,0.005983,-0.5349072955562473,7.732117431492938e-05,3.1596486649681185e-11,0.014002,4.334692619550013,129.46001,337432.0,43683950.09432001,0.0050050000000112,129.46001,129.45
2021-06-22,KMB,17750,KIMBERLY CLARK CORP,,,0.005175,0.5585630055843311,7.684623069231465e-05,1.7444719410625035e-11,0.005125,6.755891557410085,130.13,337432.0,43910026.16,0.0049999999999954,130.14,130.13
2021-06-23,KMB,17750,KIMBERLY CLARK CORP,,,0.001306,0.1574423136142591,7.682271680754029e-05,3.798660406421574e-12,-0.001083,7.819554754735769,130.3,337432.0,43967389.6,0.0050050000000112,130.3,130.28999
2021-06-24,KMB,17750,KIMBERLY CLARK CORP,,,0.005909,-0.258150254228809,0.0001526665024286,2.3031722227458576e-11,0.005811,5.800934706844639,131.07001,337432.0,44227215.61432,0.0100049999999924,131.07001,131.05
2021-06-25,KMB,17750,KIMBERLY CLARK CORP,,,0.015259,1.4941783091118364,7.5073264066157e-05,2.3487356633751173e-11,0.003331,14.468565518385926,133.07001,337432.0,44902079.61432,0.004995000000008,133.08,133.07001
2021-06-28,KMB,17750,KIMBERLY CLARK CORP,,,-0.008266,-0.4113564967288025,0.0002273243919072,-2.1794960575596525e-11,0.002315,8.516827094051543,131.97,337432.0,44530901.04,0.0150000000000005,131.97,131.94
2021-06-29,KMB,17750,KIMBERLY CLARK CORP,,,0.004319,-0.3421079736242323,7.552437569991141e-05,1.723524857061981e-11,0.000277,5.60315263519761,132.53999,337432.0,44723233.90567999,0.0050050000000112,132.55,132.53999
2021-06-30,KMB,17750,KIMBERLY CLARK CORP,,,0.009356,0.0513137315985809,0.0004484227836746,3.518422305646853e-11,0.001328,5.890671305626023,133.78,337432.0,45141652.96,0.0299949999999995,133.77,133.71001
2021-07-01,KMB,17750,KIMBERLY CLARK CORP,,,-0.001943,-0.1977259155174747,0.000149715398442,-9.125415692648852e-12,0.005222,4.725932928708599,133.52,337432.0,45053920.64,0.0099949999999893,133.53999,133.52
2021-07-02,KMB,17750,KIMBERLY CLARK CORP,,,0.006216,0.1891575807324474,0.0002976553555893,2.4398328484944944e-11,0.0075,5.619878968206928,134.35001,337432.0,45333992.57432,0.0199949999999944,134.39,134.35001
2021-07-06,KMB,17750,KIMBERLY CLARK CORP,,,0.002158,0.2532870122083375,0.0001485442661914,6.743938010875837e-12,-0.002022,7.043321321036535,134.64,337432.0,45431844.48,0.0100000000000051,134.66,134.64
2021-07-07,KMB,17750,KIMBERLY CLARK CORP,,,0.008021,0.0371027693695558,7.375478927219644e-05,2.3977235215458785e-11,0.003359,7.304648047606629,135.72,337432.0,45796271.04,0.0050050000000112,135.74001,135.73
2021-07-08,KMB,17750,KIMBERLY CLARK CORP,,,-0.003095,-0.3278269181303964,0.0002956393200295,-1.3806899974038613e-11,-0.008561,4.90998779013253,135.3,337432.0,45654549.6,0.019999999999996,135.34,135.3
2021-07-09,KMB,17750,KIMBERLY CLARK CORP,,,-0.002069,0.0512648880031048,7.413716486463117e-05,-8.797991731575421e-12,0.011278,5.161697764290286,135.02,337432.0,45560068.64,0.0050050000000112,135.05,135.03999
2021-07-12,KMB,17750,KIMBERLY CLARK CORP,,,-0.00237,0.1266361681140848,0.0002227171492204,-8.966402360316666e-12,0.003451,5.815355390123047,134.7,337432.0,45452090.4,0.0150000000000005,134.7,134.67
2021-07-13,KMB,17750,KIMBERLY CLARK CORP,,,-0.002673,-0.1070220615027262,7.436355515867316e-05,-1.1355084190046588e-11,-0.003517,5.192984067901088,134.34,337432.0,45330614.88,0.004995000000008,134.36,134.35001
2021-07-14,KMB,17750,KIMBERLY CLARK CORP,,,0.006699,0.3515393381989968,0.0003695651900645,2.0915720827910023e-11,0.001165,7.018522250408972,135.24001,337432.0,45634307.05432001,0.0249899999999883,135.28999,135.24001
2021-07-15,KMB,17750,KIMBERLY CLARK CORP,,,0.006655,-0.3994727805988665,0.0002203613926838,3.4371435415839773e-11,-0.003262,4.214813651343086,136.14,337432.0,45937992.48,0.0149999999999863,136.14,136.11
2021-07-16,KMB,17750,KIMBERLY CLARK CORP,,,0.017482,0.636293579091177,0.0002887669650591,5.4231643093903445e-11,-0.007539,6.896672514758529,138.52,337432.0,46741080.64,0.019999999999996,138.56,138.52
2021-07-19,KMB,17750,KIMBERLY CLARK CORP,,,0.003754,0.198481581396708,0.0002159091064377,9.680489229277897e-12,-0.01587,8.265534981863013,139.03999,337432.0,46916541.90567999,0.0150100000000037,139.07001,139.03999
2021-07-20,KMB,17750,KIMBERLY CLARK CORP,,,-0.009422,-0.2980173219899492,0.000145284251797,-3.49406453743099e-11,0.015163,5.802262381753954,137.73,337432.0,46474509.36,0.0100050000000067,137.74001,137.72
2021-07-21,KMB,17750,KIMBERLY CLARK CORP,,,-0.016627,0.1525658764707955,7.390726520964324e-05,-5.440233797760114e-11,0.008242,6.687489627539771,135.44,337432.0,45701790.08,0.005004999999997,135.44,135.42999
2021-07-22,KMB,17750,KIMBERLY CLARK CORP,,,-0.003618,-0.2526344151064468,7.417562060038905e-05,-1.5896927398439286e-11,0.002017,4.997999596955832,134.95,337432.0,45536448.4,0.0050050000000112,134.99001,134.98
2021-07-23,KMB,17750,KIMBERLY CLARK CORP,,,0.005261,1.9730451204724624,0.0004422821760283,7.73450466814931e-12,0.010145,14.859278313852863,135.66,337432.0,45776025.12,0.0300000000000011,135.72,135.66
2021-07-26,KMB,17750,KIMBERLY CLARK CORP,,,-0.004128,-0.3939245264655177,7.394522028544745e-05,-1.0054804129133692e-11,0.002382,9.005844140449039,135.10001,337432.0,45587066.57432,0.004995000000008,135.11,135.10001
2021-07-27,KMB,17750,KIMBERLY CLARK CORP,,,0.008512,-0.3147989706666315,7.332110091734115e-05,3.0003119009625665e-11,-0.004712,6.170813675051566,136.25,337432.0,45975110.0,0.0049949999999938,136.25999,136.25
2021-07-28,KMB,17750,KIMBERLY CLARK CORP,,,-0.009982,0.0248305902806125,0.0002224034398398,-3.4678238671373125e-11,-0.000186,6.324038621114773,134.89,337432.0,45516202.48,0.0150000000000005,134.95,134.92
2021-07-29,KMB,17750,KIMBERLY CLARK CORP,,,0.009563,-0.2053335320274816,0.000220296682354,4.1410949696277465e-11,0.004206,5.025501434363072,136.17999,337432.0,45951486.385680005,0.0150000000000005,136.28999,136.25999
2021-07-30,KMB,17750,KIMBERLY CLARK CORP,,,-0.003378,0.5846771221248228,7.360742705561251e-05,-9.262097296019038e-12,-0.005406,7.979641408472452,135.72,336762.0,45705338.64,0.0049949999999938,135.72,135.71001
2021-08-02,KMB,17750,KIMBERLY CLARK CORP,,,-0.007737,-0.4092172638097081,7.425558773290938e-05,-3.618824195959513e-11,-0.001843,4.71423438511471,134.67,336762.0,45351738.54,0.0049999999999954,134.67,134.66
2021-08-03,KMB,17750,KIMBERLY CLARK CORP,,,0.007203,-0.079713399366959,7.365084046016037e-05,3.6346975948071554e-11,0.008203,4.3384467368646105,135.64,336762.0,45678397.67999999,0.004995000000008,135.64999,135.64
2021-08-04,KMB,17750,KIMBERLY CLARK CORP,,,-0.014303,-0.1277083744004205,7.486910994759971e-05,-8.394149084300365e-11,-0.004632,3.7843907566768222,133.7,336762.0,45025079.4,0.005004999999997,133.69,133.67999
2021-08-05,KMB,17750,KIMBERLY CLARK CORP,,,-0.002169,0.3598477447724058,7.503185668236324e-05,-9.381274188148452e-12,0.006005,5.146195235804515,133.41,336762.0,44927418.42,0.005004999999997,133.41,133.39999
2021-08-06,KMB,17750,KIMBERLY CLARK CORP,,,-0.001199,-0.2270399522689281,0.0003001125703563,-6.717158249227269e-12,0.001675,3.977803315100872,133.25,336762.0,44873536.5,0.0199949999999944,133.25,133.21001
2021-08-09,KMB,17750,KIMBERLY CLARK CORP,,,0.007505,0.1574964559602201,7.441340782113767e-05,3.6053742015301635e-11,-0.00094,4.604293239736075,134.25,336762.0,45210298.5,0.0049949999999938,134.25,134.24001
2021-08-10,KMB,17750,KIMBERLY CLARK CORP,,,-0.002682,0.1194194837835065,7.461348868486185e-05,-1.1540688392336927e-11,0.000993,5.154135561613246,133.89,336762.0,45089064.17999999,0.004995000000008,133.89999,133.89
2021-08-11,KMB,17750,KIMBERLY CLARK CORP,,,0.002241,-0.4205996714902257,7.444668008060327e-05,1.6605962370789232e-11,0.002468,2.986307837582625,134.19,336762.0,45190092.78,0.004995000000008,134.17999,134.17
2021-08-12,KMB,17750,KIMBERLY CLARK CORP,,,0.000671,-0.0292877917816392,7.439678284173169e-05,5.118739660216451e-12,0.002952,2.898845475439628,134.28,336762.0,45220401.36,0.0049949999999938,134.28999,134.28
2021-08-13,KMB,17750,KIMBERLY CLARK CORP,,,0.016384,0.4601181494763993,7.319753810073075e-05,8.421991143365025e-11,0.001607,4.232656891216942,136.48,336762.0,45961277.76,0.0049949999999938,136.50999,136.5
2021-08-16,KMB,17750,KIMBERLY CLARK CORP,,,0.015314,0.2860864123564084,0.0002164248959785,6.028553223579006e-11,0.002621,5.443562515960827,138.57001,336762.0,46665113.70762,0.0149949999999989,138.63,138.60001
2021-08-17,KMB,17750,KIMBERLY CLARK CORP,,,0.004691,-0.1631330171259311,7.175693147527461e-05,2.196347604151349e-11,-0.007061,4.555537738818513,139.22,336762.0,46884005.64,0.0049949999999938,139.22,139.21001
2021-08-18,KMB,17750,KIMBERLY CLARK CORP,,,-0.018676,-0.1659850651704025,7.319572536957184e-05,-1.0683979049474963e-10,-0.010748,3.7993865103544935,136.62,336762.0,46008424.440000005,0.0049999999999954,136.64,136.63
2021-08-19,KMB,17750,KIMBERLY CLARK CORP,,,0.016762,0.1357041756513732,0.0002159671729897,8.304061289811022e-11,0.001257,4.314979124723099,138.91,336762.0,46779609.42,0.0150000000000005,138.94,138.91
2021-08-20,KMB,17750,KIMBERLY CLARK CORP,,,-0.004895,0.0358476685699264,0.0001446863922448,-2.3526250456359035e-11,0.008142,4.469661066272323,138.23,336762.0,46550611.26,0.0100000000000051,138.27,138.25
2021-08-23,KMB,17750,KIMBERLY CLARK CORP,,,-0.005426,-0.1343365585711514,7.273785277851983e-05,-3.0289598534513436e-11,0.008524,3.869222180649836,137.48,336762.0,46298039.76,0.0049999999999954,137.48,137.47
2021-08-24,KMB,17750,KIMBERLY CLARK CORP,,,-0.01222,-0.1924471626015823,0.0002945508100146,-8.551725256474882e-11,0.001496,3.124601350508668,135.8,336762.0,45732279.6,0.019999999999996,135.84,135.8
2021-08-25,KMB,17750,KIMBERLY CLARK CORP,,,-0.000589,0.0590061078815145,7.375478927219644e-05,-3.8945320539332425e-12,0.00222,3.308971914883508,135.72,336762.0,45705338.64,0.0050050000000112,135.74001,135.73
2021-08-26,KMB,17750,KIMBERLY CLARK CORP,,,0.004495,0.2127410404043304,7.335142668518231e-05,2.4397988676210415e-11,-0.005825,4.012926042724535,136.33,336762.0,45910763.46,0.0049999999999954,136.34,136.33
2021-08-27,KMB,17750,KIMBERLY CLARK CORP,,,0.000147,-0.0719305372720606,0.0001466079833804,8.596020485761673e-13,0.008808,3.7242741164383153,136.35001,336762.0,45917502.06762,0.0099950000000035,136.37,136.35001
2021-08-30,KMB,17750,KIMBERLY CLARK CORP,,,0.00286,-0.313843791311392,7.305835358639896e-05,2.430427718562659e-11,0.004307,2.5554338078524297,136.74001,336762.0,46048839.24762,0.0049949999999938,136.72,136.71001
2021-08-31,KMB,17750,KIMBERLY CLARK CORP,,,0.007825,1.179511790400117,7.26362382990645e-05,3.02730845991707e-11,-0.001349,5.569598113801439,137.81,336762.0,46409171.22,0.005004999999997,137.82001,137.81
2021-09-01,KMB,17750,KIMBERLY CLARK CORP,,,0.013569,0.1243598814051178,7.166380810896751e-05,4.606397026722896e-11,0.000312,6.262232674707954,139.67999,336762.0,47038912.79238,0.0050050000000112,139.71001,139.7
2021-09-02,KMB,17750,KIMBERLY CLARK CORP,,,0.005513,-0.1701408613663543,7.127091491650055e-05,2.242898332379357e-11,0.002843,5.196771013356614,140.45,336762.0,47298222.9,0.0050050000000112,140.46001,140.45
2021-09-03,KMB,17750,KIMBERLY CLARK CORP,,,0.002136,-0.1847109409596731,7.111900532875666e-05,1.0636152845455152e-11,-0.000335,4.236870549527559,140.75,336762.0,47399251.5,0.0050050000000112,140.77,140.75999
2021-09-07,KMB,17750,KIMBERLY CLARK CORP,,,-0.006323,0.8976035469159676,0.0001430001430002,-1.6697670982955776e-11,-0.003395,8.0399005826073,139.86,336762.0,47099533.32000001,0.0100000000000051,139.86,139.84
2021-09-08,KMB,17750,KIMBERLY CLARK CORP,,,0.011655,-0.1170216577231006,0.0001413527357868,3.4455827987847345e-11,-0.001319,7.099058088501672,141.49001,336762.0,47648458.74762,0.0100000000000051,141.52,141.5
2021-09-09,KMB,17750,KIMBERLY CLARK CORP,,,-0.018022,0.2230014476973831,7.256894049340279e-05,-4.473042110215689e-11,-0.004606,8.682158319525362,137.8,336762.0,46405803.6,0.0049999999999954,137.81,137.8
2021-09-10,KMB,17750,KIMBERLY CLARK CORP,,,-0.005443,-0.270347945376957,0.0001459321415542,-1.8616271481940023e-11,-0.007723,6.334954656404226,137.05,336762.0,46153232.1,0.0100000000000051,137.05,137.03
2021-09-13,KMB,17750,KIMBERLY CLARK CORP,,,0.008245,0.0677336160782084,7.244174789702966e-05,2.619485484421113e-11,0.002277,6.764044042973969,138.17999,336762.0,46533769.79238,0.005004999999997,138.19,138.17999
2021-09-14,KMB,17750,KIMBERLY CLARK CORP,,,-0.000434,-0.0493987153805326,0.0004344048653343,-1.4511264431674325e-12,-0.005747,6.429908956473711,138.12,336762.0,46513567.440000005,0.0299999999999869,138.14,138.08
2021-09-15,KMB,17750,KIMBERLY CLARK CORP,,,-0.007964,-0.3653120120590261,0.0001459640928332,-4.2292085885441255e-11,0.008474,4.080985978227948,137.02,336762.0,46143129.24,0.0100000000000051,137.02,137.0
2021-09-16,KMB,17750,KIMBERLY CLARK CORP,,,-0.007882,0.3526905286319572,0.0003678093276446,-3.118907775603888e-11,-0.001551,5.520311080228767,135.94,336762.0,45779426.28,0.0250000000000056,135.97,135.92
2021-09-17,KMB,17750,KIMBERLY CLARK CORP,,,-0.005591,2.1480298069262966,7.40494210718175e-05,-7.067268878673548e-12,-0.009111,17.37810382406566,135.17999,336762.0,45523483.79238,0.005004999999997,135.19,135.17999
2021-09-20,KMB,17750,KIMBERLY CLARK CORP,,,-0.004956,-0.6385290531817913,7.441826439822427e-05,-1.7417182119713835e-11,-0.016977,6.281679643190146,134.50999,336762.0,45297853.25238,0.0050050000000112,134.49001,134.48
2021-09-21,KMB,17750,KIMBERLY CLARK CORP,,,-7.4e-05,-0.0152039938906066,7.427509293671176e-05,-2.640975014284998e-13,-0.000812,6.186173024272335,134.5,336762.0,45294489.0,0.0049949999999938,134.50999,134.5
2021-09-22,KMB,17750,KIMBERLY CLARK CORP,,,-0.007881,-0.3248261865492101,7.501498800976094e-05,-4.198890618765759e-11,0.00952,4.176742031464357,133.44,336762.0,44937521.28,0.0050050000000112,133.46001,133.45
2021-09-23,KMB,17750,KIMBERLY CLARK CORP,,,0.001049,-0.2782446351687228,7.478664470741243e-05,7.735409251985007e-12,0.012135,3.0145859687256875,133.58,336762.0,44984667.96,0.004995000000008,133.61,133.60001
2021-09-24,KMB,17750,KIMBERLY CLARK CORP,,,-0.004417,-0.0937501846930352,7.519361792657136e-05,-3.610020731894396e-11,0.001461,2.7319679773846217,132.99001,336762.0,44785981.74762,0.0049999999999954,133.03,133.02
2021-09-27,KMB,17750,KIMBERLY CLARK CORP,,,-0.004211,0.0571453104976722,7.551159673115512e-05,-3.269380914161693e-11,-0.002776,2.888087135721964,132.42999,336762.0,44597388.29238,0.0049999999999954,132.45,132.44
2021-09-28,KMB,17750,KIMBERLY CLARK CORP,,,0.00808,1.0062656925060507,7.48314606740654e-05,3.1017606080740635e-11,-0.020364,5.794270137367042,133.5,336762.0,44957727.0,0.0049949999999938,133.50999,133.5
2021-09-29,KMB,17750,KIMBERLY CLARK CORP,,,0.017079,-0.1529531745665687,0.0002946678450436,7.610223231623148e-11,0.001569,4.908018125560485,135.78,336762.0,45725544.36,0.0200050000000118,135.83,135.78999
2021-09-30,KMB,17750,KIMBERLY CLARK CORP,,,-0.024599,0.1195504206714044,7.55813953490071e-05,-1.0037495993156379e-10,-0.01191,5.494773757134118,132.44,336762.0,44600759.28,0.0050050000000112,132.49001,132.48
2021-10-01,KMB,17750,KIMBERLY CLARK CORP,,,-0.001963,-0.0762465609363439,0.00022711455796,-8.688116207614423e-12,0.011491,5.075816155029368,132.17999,336762.0,44513197.79238,0.0150100000000037,132.21001,132.17999
2021-10-04,KMB,17750,KIMBERLY CLARK CORP,,,-0.000227,0.028441938476911,7.57472626369028e-05,-9.771246751158409e-13,-0.012986,5.220182205830824,132.14999,336762.0,44503094.93238,0.005004999999997,132.16,132.14999
2021-10-05,KMB,17750,KIMBERLY CLARK CORP,,,-0.001665,-0.00781019352556,7.58735750680651e-05,-7.235477634485719e-12,0.010524,5.1794115725646,131.92999,336762.0,44429007.29238,0.005004999999997,131.94,131.92999
2021-10-06,KMB,17750,KIMBERLY CLARK CORP,,,0.008489,-0.1222821085992722,0.0006012777151447,4.1675728554065835e-11,0.004103,4.546062204167929,133.05,336762.0,44806184.1,0.0400000000000062,133.05,132.97
2021-10-07,KMB,17750,KIMBERLY CLARK CORP,,,0.004885,0.1166445996285945,7.486910994759971e-05,2.137271708104561e-11,0.008298,5.076335809859782,133.7,336762.0,45025079.4,0.005004999999997,133.69,133.67999
2021-10-08,KMB,17750,KIMBERLY CLARK CORP,,,-0.006208,-0.3925728729225857,0.0002257846014899,-4.4994265448615916e-11,-0.001914,3.0835040770633264,132.87,336762.0,44745566.940000005,0.0149999999999863,132.89,132.86
2021-10-11,KMB,17750,KIMBERLY CLARK CORP,,,-0.002408,-0.1857094568892544,7.54432289701313e-05,-2.1484722683677945e-11,-0.006866,2.5108682095960946,132.55,336762.0,44637803.1,0.0049999999999954,132.56,132.55
2021-10-12,KMB,17750,KIMBERLY CLARK CORP,,,0.000226,0.1120623488436725,0.0001508523155831,1.8128183525502453e-12,-0.002417,2.7922419988003395,132.58,336762.0,44647905.96,0.0100000000000051,132.58,132.56
2021-10-13,KMB,17750,KIMBERLY CLARK CORP,,,-0.000226,0.1187126523814738,0.000377216144851,-1.6208171448677816e-12,0.003023,3.1237164525688765,132.55,336762.0,44637803.1,0.0250000000000056,132.58,132.53
2021-10-14,KMB,17750,KIMBERLY CLARK CORP,,,0.005658,0.0209154626317435,7.501875468860393e-05,3.9522856632053705e-11,0.017063,3.1890504273047435,133.3,336762.0,44890374.6,0.0049999999999954,133.31,133.3
2021-10-15,KMB,17750,KIMBERLY CLARK CORP,,,0.000225,0.1270989086094245,0.0002250056251406,1.394145634020693e-12,0.00746,3.594375256115595,133.33,336762.0,44900477.46,0.0150000000000005,133.31,133.28
2021-10-18,KMB,17750,KIMBERLY CLARK CORP,,,-0.0135,0.0561238019941361,7.595225423848348e-05,-8.028744211714326e-11,0.003375,3.796105261282449,131.53,336762.0,44294305.86,0.0049949999999938,131.53999,131.53
2021-10-19,KMB,17750,KIMBERLY CLARK CORP,,,-0.013381,1.8963511746079424,0.0002311782384218,-2.7848494490677855e-11,0.007393,10.99485393245081,129.77,336762.0,43701604.74,0.0150000000000005,129.8,129.77
2021-10-20,KMB,17750,KIMBERLY CLARK CORP,,,0.014333,-0.5422782445757078,0.0001518650763504,6.424925860249841e-11,0.003664,5.032583842595067,131.63,336762.0,44327982.06,0.0099950000000035,131.64999,131.63
2021-10-21,KMB,17750,KIMBERLY CLARK CORP,,,-0.002659,-0.4224824063021637,0.0001524223034735,-2.0693809699123325e-11,0.002996,2.9064057108581136,131.28,336762.0,44210115.36,0.0100050000000067,131.28,131.25999
2021-10-22,KMB,17750,KIMBERLY CLARK CORP,,,0.013406,1.2017466874138585,0.0005262327515209,4.675955200166354e-11,-0.001073,6.399169146162572,133.03999,336762.0,44802813.11238,0.0350050000000123,132.99001,132.92
2021-10-25,KMB,17750,KIMBERLY CLARK CORP,,,-0.022023,1.730833500000232,7.685804319415037e-05,-2.876231976048538e-11,0.004748,17.475065476508632,130.11,336762.0,43816103.82000001,0.0049999999999954,130.12,130.11
2021-10-26,KMB,17750,KIMBERLY CLARK CORP,,,0.024287,-0.5084322043834617,0.0001500712838599,6.299646215359846e-11,0.00182,8.590179414542021,133.27,336762.0,44880271.74,0.0100000000000051,133.25,133.23
2021-10-27,KMB,17750,KIMBERLY CLARK CORP,,,-0.030089,-0.0650954112317074,0.0001545721920601,-8.606984685295795e-11,-0.005052,8.03099815299826,129.25999,336762.0,43529852.75238,0.0099899999999877,129.25999,129.24001
2021-10-28,KMB,17750,KIMBERLY CLARK CORP,,,0.006189,-0.2733068716063944,7.696447793343457e-05,2.4212134254433067e-11,0.009829,5.836071171925574,130.06,336762.0,43799265.72,0.0050050000000112,130.05,130.03999
2021-10-29,KMB,17750,KIMBERLY CLARK CORP,,,-0.004383,-0.1088381966319776,7.714880862228468e-05,-1.932568884826321e-11,0.001949,5.201578773866482,129.49001,336717.0,43601487.69717,0.0049949999999938,129.47,129.46001
2021-11-01,KMB,17750,KIMBERLY CLARK CORP,,,0.006101,-0.2868389800509289,0.000230273257599,3.7491727721587815e-11,0.0018,3.7095632237160574,130.28,336717.0,43867490.76,0.0150000000000005,130.28,130.25
2021-11-02,KMB,17750,KIMBERLY CLARK CORP,,,0.009902,-0.0360643453184882,7.608116773719239e-05,6.250721494505187e-11,0.00368,3.575780254635198,131.57001,336717.0,44301859.05717,0.005004999999997,131.60001,131.59
2021-11-03,KMB,17750,KIMBERLY CLARK CORP,,,0.004104,-0.0917704434954062,0.0001513889940202,2.840796755187013e-11,0.006461,3.2476293148252093,132.11,336717.0,44483682.870000005,0.0100000000000051,132.11,132.09
2021-11-04,KMB,17750,KIMBERLY CLARK CORP,,,-0.00651,0.0494974083977424,7.611428571419224e-05,-4.321841243784086e-11,0.004182,3.408378549345593,131.25,336717.0,44194106.25,0.0049949999999938,131.28999,131.28
2021-11-05,KMB,17750,KIMBERLY CLARK CORP,,,0.007467,-0.0681578761635642,0.0002268774105724,5.2803285739592045e-11,0.003733,3.176070706260747,132.23,336717.0,44524088.91,0.0150000000000005,132.23,132.2
2021-11-08,KMB,17750,KIMBERLY CLARK CORP,,,0.002344,-0.01190532962671,0.0002264976781725,1.673620209574466e-11,0.000888,3.1382585375849747,132.53999,336717.0,44628467.81282999,0.0150100000000037,132.57001,132.53999
2021-11-09,KMB,17750,KIMBERLY CLARK CORP,,,-0.000603,0.0433290274958479,0.0001509134719224,-4.129119727176394e-12,-0.003499,3.274236228049074,132.46001,336717.0,44601537.18717001,0.0099949999999893,132.48,132.46001
2021-11-10,KMB,17750,KIMBERLY CLARK CORP,,,0.016986,0.5005746078652795,7.415929966887932e-05,7.621818547072923e-11,-0.008226,4.913235743963031,134.71001,336717.0,45359150.43717001,0.0049949999999938,134.72,134.71001
2021-11-11,KMB,17750,KIMBERLY CLARK CORP,,,-0.005122,-0.1865979194496998,7.469034472483584e-05,-2.840089560841407e-11,0.000551,3.996436176373632,134.02,336717.0,45126812.34,0.0050050000000112,134.02,134.00999
2021-11-12,KMB,17750,KIMBERLY CLARK CORP,,,-0.000821,-0.0842429187585644,0.0001493540437608,-4.975215954149472e-12,0.007223,3.659764728243599,133.91,336717.0,45089773.47,0.0100000000000051,133.91,133.89
2021-11-15,KMB,17750,KIMBERLY CLARK CORP,,,0.006497,0.0397101366950551,7.412078943454318e-05,3.7623303500561105e-11,-1.1e-05,3.805094485873894,134.78,336717.0,45382717.26,0.0049949999999938,134.78999,134.78
2021-11-16,KMB,17750,KIMBERLY CLARK CORP,,,-0.006974,-0.1860681839468015,7.471607890011136e-05,-4.996633567212009e-11,0.003865,3.09708746514135,133.84,336717.0,45066203.28,0.0049999999999954,133.88,133.87
2021-11-17,KMB,17750,KIMBERLY CLARK CORP,,,0.004259,0.3711731978573935,0.0002976713042186,2.2159769034876303e-11,-0.002602,4.246643323621914,134.41,336717.0,45258131.97,0.0200050000000118,134.46001,134.42
2021-11-18,KMB,17750,KIMBERLY CLARK CORP,,,-0.010118,-0.2907042856333619,0.0002254791431792,-7.497934305389455e-11,0.003385,3.01212590988872,133.05,336717.0,44800196.85,0.0150000000000005,133.09,133.06
2021-11-19,KMB,17750,KIMBERLY CLARK CORP,,,0.010447,0.7147305256972256,0.0002231478726569,4.468163395979558e-11,-0.001399,5.164984244929719,134.44,336717.0,45268233.48,0.0150000000000005,134.49001,134.46001
2021-11-22,KMB,17750,KIMBERLY CLARK CORP,,,0.007438,-0.2895060656486145,7.390726520964324e-05,4.444417099415023e-11,-0.003197,3.669689977043036,135.44,336717.0,45604950.48,0.005004999999997,135.44,135.42999
2021-11-23,KMB,17750,KIMBERLY CLARK CORP,,,0.002584,0.1752061875276676,7.3569487706625e-05,1.3104373551051324e-11,0.001657,4.312642367329241,135.78999,336717.0,45722798.06282999,0.0049949999999938,135.78999,135.78
2021-11-24,KMB,17750,KIMBERLY CLARK CORP,,,-0.004124,-0.2995537620339636,0.0002958663018562,-2.9982118273527346e-11,0.002294,3.020774121888708,135.23,336717.0,45534239.91,0.0200050000000118,135.24001,135.2
2021-11-26,KMB,17750,KIMBERLY CLARK CORP,,,0.000296,0.1648219626287672,0.0006653359946771,1.84691698326633e-12,-0.022725,3.5186640413165957,135.27,336717.0,45547708.59,0.0449999999999874,135.39,135.3
2021-11-29,KMB,17750,KIMBERLY CLARK CORP,,,-0.0017,-0.1348850517473924,7.397808604686457e-05,-1.2282021742286356e-11,0.0132,3.0440488600219173,135.03999,336717.0,45470260.31282999,0.0049949999999938,135.03999,135.03
2021-11-30,KMB,17750,KIMBERLY CLARK CORP,,,-0.035027,1.5881014611949662,7.681682142578528e-05,-1.0132747889946015e-10,-0.018961,7.878307302571596,130.31,336717.0,43877592.27,0.005004999999997,130.32001,130.31
2021-12-01,KMB,17750,KIMBERLY CLARK CORP,,,0.011127,-0.3019379815739079,7.581967788543192e-05,4.560396102357746e-11,-0.011815,5.499547097414149,131.75999,336717.0,44365828.55283,0.0049949999999938,131.75999,131.75
2021-12-02,KMB,17750,KIMBERLY CLARK CORP,,,0.007817,-0.1933776543897232,0.0003013028316368,3.9410555444569984e-11,0.014194,4.43605757951039,132.78999,336717.0,44712647.06282999,0.0200050000000118,132.83,132.78999
2021-12-03,KMB,17750,KIMBERLY CLARK CORP,,,0.01958,0.1713755677192681,7.378683802360701e-05,8.265473158109975e-11,-0.008449,5.1962894656343455,135.39,336717.0,45588114.63,0.004995000000008,135.39999,135.39
2021-12-06,KMB,17750,KIMBERLY CLARK CORP,,,0.007608,-0.0099915470209106,0.0002932854420174,3.219550018530326e-11,0.011731,5.144370495104197,136.42,336717.0,45934933.13999999,0.0200050000000118,136.46001,136.42
2021-12-07,KMB,17750,KIMBERLY CLARK CORP,,,0.003372,0.3507707264243038,7.31297486849363e-05,1.0528552017900268e-11,0.020707,6.948865070667653,136.88,336717.0,46089822.96,0.005004999999997,136.91,136.89999
2021-12-08,KMB,17750,KIMBERLY CLARK CORP,,,7.3e-05,-0.3741523317581281,7.297830374765252e-05,3.6416950505255284e-13,0.003085,4.348931001404741,136.89,336717.0,46093190.13,0.004995000000008,136.89999,136.89
2021-12-09,KMB,17750,KIMBERLY CLARK CORP,,,-0.001023,-0.3614803473738338,0.0002212226237003,-8.067929383673125e-12,-0.007181,2.77687791231212,135.61,336717.0,45662192.370000005,0.0150000000000005,135.61,135.58
2021-12-10,KMB,17750,KIMBERLY CLARK CORP,,,0.003392,0.2981266750942759,0.0001470566512046,2.0537828507537497e-11,0.009549,3.604739291452466,136.07001,336717.0,45817085.55717,0.0100049999999924,136.07001,136.05
2021-12-13,KMB,17750,KIMBERLY CLARK CORP,,,0.023591,0.7665946874920186,7.172601952891823e-05,7.899175605375702e-11,-0.009136,6.36811328207367,139.28,336717.0,46897943.76,0.0049949999999938,139.25,139.24001
2021-12-14,KMB,17750,KIMBERLY CLARK CORP,,,-0.008544,0.2503982740834567,0.0001449054964152,-2.3076759325051675e-11,-0.007471,7.962677857072854,138.09,336717.0,46497250.53,0.0100049999999924,138.07001,138.05
2021-12-15,KMB,17750,KIMBERLY CLARK CORP,,,0.001521,-0.0896224743759158,7.230657989870502e-05,4.505690089378992e-12,0.016348,7.249042964863669,138.3,336717.0,46567961.1,0.0049999999999954,138.31,138.3
2021-12-16,KMB,17750,KIMBERLY CLARK CORP,,,0.025452,0.012637266292921,7.05119115418967e-05,7.260805109013016e-11,-0.008743,7.340651051179477,141.82001,336717.0,47753208.30717,0.0049999999999954,141.81,141.8
2021-12-17,KMB,17750,KIMBERLY CLARK CORP,,,-0.017276,0.3098402652078187,0.0001435029059339,-3.828740528615691e-11,-0.010288,9.61508031967498,139.37,336717.0,46928248.29,0.0100000000000051,139.41,139.39
2021-12-20,KMB,17750,KIMBERLY CLARK CORP,,,0.013848,-0.317577027892293,0.0001415428167021,4.435813673323768e-11,-0.011388,6.5615516888069205,141.3,336717.0,47578112.1,0.0100000000000051,141.33,141.31
2021-12-21,KMB,17750,KIMBERLY CLARK CORP,,,-0.014225,-0.3225511522205717,7.186446061215527e-05,-6.823139674360957e-11,0.017778,4.44511563122741,139.28999,336717.0,46901307.56282999,0.0050050000000112,139.3,139.28999
2021-12-22,KMB,17750,KIMBERLY CLARK CORP,,,-0.000502,-0.344849426689632,7.175693147527461e-05,-3.677162784829436e-12,0.01018,2.912220054229516,139.22,336717.0,46877740.74,0.0049949999999938,139.22,139.21001
2021-12-23,KMB,17750,KIMBERLY CLARK CORP,,,-0.00237,0.1376267853974224,0.0001439268485852,-1.5296368149425927e-11,0.006224,3.313019538663032,138.89,336717.0,46766624.13,0.0099950000000035,138.87,138.85001
2021-12-27,KMB,17750,KIMBERLY CLARK CORP,,,0.006552,-0.2603074716507552,7.160228898442418e-05,5.679713704148456e-11,0.013839,2.4506157990241064,139.8,336717.0,47073036.6,0.0050050000000112,139.8,139.78999
2021-12-28,KMB,17750,KIMBERLY CLARK CORP,,,-7.2e-05,0.4396059450000242,0.0002146076410764,-4.3358327230194084e-13,-0.00101,3.527921073186088,139.78999,336717.0,47069666.06282999,0.0150000000000005,139.78999,139.75999
2021-12-29,KMB,17750,KIMBERLY CLARK CORP,,,0.009157,0.0433635179739897,7.081590197672881e-05,5.237197669597723e-11,0.001402,3.68090414205401,141.07001,336717.0,47500670.55717,0.004995000000008,141.08,141.07001
2021-12-30,KMB,17750,KIMBERLY CLARK CORP,,,0.00319,-0.3720311790244331,7.066139061610305e-05,2.896111184046307e-11,-0.00299,2.311493034209737,141.52,336717.0,47652189.84,0.0049999999999954,141.53,141.52
2021-12-31,KMB,17750,KIMBERLY CLARK CORP,,,0.009893,0.581089501862347,0.0001399384270921,5.6249791125813527e-11,-0.002626,3.654677370016958,142.92,336717.0,48123593.63999999,0.0100000000000051,142.91,142.89
