date,TICKER,PERMNO,COMNAM,SHRCLS,NAMEENDT,RET,VOL_CHANGE,BA_SPREAD,ILLIQUIDITY,sprtrn,TURNOVER,PRC,SHROUT,MARKET_CAP,TRAN_COST,ASK,BID
2007-12-07,CINF,23473,CINCINNATI FINANCIAL CORP,,,0.000747,-0.0557996080067531,0.0004977600796416,2.388106694645482e-11,-0.001778,4.6897692154772015,40.18,165999.0,6669839.82,0.0100000000000015,40.18,40.16
2007-12-10,CINF,23473,CINCINNATI FINANCIAL CORP,,,0.010702,-0.1680867106745434,0.0009849790691947,4.0690867788541084e-10,0.00751,3.901481334224905,40.61,165999.0,6741219.39,0.0199999999999995,40.65,40.61
2007-12-11,CINF,23473,CINCINNATI FINANCIAL CORP,,,-0.028564,0.754134228478079,0.000253485424588,-6.373444209752988e-10,-0.025271,6.843721950132229,39.45,165999.0,6548660.550000001,0.004999999999999,39.46,39.45
2007-12-12,CINF,23473,CINCINNATI FINANCIAL CORP,,,0.009125,0.0057981551884553,0.0007535795026375,2.0060050986014946e-10,0.00605,6.883402912065735,39.81,165999.0,6608420.19,0.0150000000000005,39.79,39.76
2007-12-13,CINF,23473,CINCINNATI FINANCIAL CORP,,,0.001005,-0.2408505580945146,0.0007528230865746,2.9073799821140005e-11,0.001224,5.225531479105296,39.85,165999.0,6615060.15,0.0150000000000005,39.85,39.82
2007-12-14,CINF,23473,CINCINNATI FINANCIAL CORP,,,-0.0133,0.2028145113224884,0.0015259409969481,-3.241929249066233e-10,-0.013746,6.285345092440316,39.32,165999.0,6527080.68,0.0300000000000011,39.38,39.32
2007-12-17,CINF,23473,CINCINNATI FINANCIAL CORP,,,-0.017548,0.0990098345634924,0.000258866166192,-3.9615645771896535e-10,-0.015021,6.907656070217291,38.63,165999.0,6412541.37,0.004999999999999,38.64,38.63
2007-12-18,CINF,23473,CINCINNATI FINANCIAL CORP,,,0.017862,-0.2042699517905856,0.0012716174974566,4.978684890336896e-10,0.00628,5.496629497768059,39.32,165999.0,6527080.68,0.0249999999999985,39.32,39.27
2007-12-19,CINF,23473,CINCINNATI FINANCIAL CORP,,,0.005214,-0.0895987111410675,0.0002552974214961,1.6024432402295555e-10,-0.001361,5.004138579148068,39.17,165999.0,6502180.83,0.0050000000000025,39.13,39.12
2007-12-20,CINF,23473,CINCINNATI FINANCIAL CORP,,,-0.001532,0.0898767518737615,0.0007670672462286,-4.3267196972271355e-11,0.0049,5.453894300568075,39.11,165999.0,6492220.89,0.0150000000000005,39.11,39.08
2007-12-21,CINF,23473,CINCINNATI FINANCIAL CORP,,,0.017898,0.974237331568989,0.0015071590052749,2.515363633214775e-10,0.01667,10.767281730612837,39.81,165999.0,6608420.19,0.0299999999999975,39.8,39.74
2007-12-24,CINF,23473,CINCINNATI FINANCIAL CORP,,,0.017332,-0.8276081232746881,0.0009876543209876,1.3888818771669727e-09,0.008077,1.8561919047705109,40.5,165999.0,6722959.5,0.0199999999999995,40.56,40.52
2007-12-26,CINF,23473,CINCINNATI FINANCIAL CORP,,,-0.00321,0.38232411416109,0.0007431260837255,-1.866844104867764e-10,0.000809,2.565858830474882,40.37,165999.0,6701379.63,0.0150000000000005,40.4,40.37
2007-12-27,CINF,23473,CINCINNATI FINANCIAL CORP,,,-0.021551,0.2756321461272979,0.0012658227848102,-1.0041686207440427e-09,-0.014216,3.273092006578353,39.5,165999.0,6556960.5,0.0250000000000021,39.56,39.51
2007-12-28,CINF,23473,CINCINNATI FINANCIAL CORP,,,0.002278,0.0041116816667587,0.001010356150543,1.0546843775144187e-10,0.001436,3.286549918975416,39.59,165999.0,6571900.41,0.0199999999999995,39.53,39.49
2007-12-31,CINF,23473,CINCINNATI FINANCIAL CORP,,,-0.001263,0.6824588865834256,0.0015174506828528,-3.479978175362336e-11,-0.006852,5.529451807228916,39.54,166000.0,6563640.0,0.0300000000000011,39.6,39.54
2008-01-02,CINF,23473,CINCINNATI FINANCIAL CORP,,,-0.030602,0.3332134931347907,0.0010435690060004,-6.524107761609059e-10,-0.014438,7.371939759036144,38.33,166000.0,6362780.0,0.0199999999999995,38.39,38.35
2008-01-03,CINF,23473,CINCINNATI FINANCIAL CORP,,,-0.007566,-0.4351529979358394,0.0005257623554154,-2.8774324361407725e-10,0.0,4.164018072289156,38.04,166000.0,6314640.0,0.0100000000000015,38.06,38.04
2008-01-04,CINF,23473,CINCINNATI FINANCIAL CORP,,,-0.006572,0.3065230380179016,0.0005292405398254,-1.9256745777519558e-10,-0.024552,5.440385542168674,37.79,166000.0,6273140.0,0.0100000000000015,37.78,37.76
2008-01-07,CINF,23473,CINCINNATI FINANCIAL CORP,,,0.008203,-0.0456569785982566,0.0007874015748031,2.4980749702721314e-10,0.003223,5.191993975903615,38.1,166000.0,6324600.0,0.0150000000000005,38.14,38.11
2008-01-08,CINF,23473,CINCINNATI FINANCIAL CORP,,,-0.038058,0.0201190201317831,0.0010914051841746,-1.181078788235073e-09,-0.018352,5.296451807228916,36.65,166000.0,6083900.0,0.0199999999999995,36.69,36.65
2008-01-09,CINF,23473,CINCINNATI FINANCIAL CORP,,,0.0191,0.1308787082964158,0.0008032128514056,5.143202462163575e-10,0.013624,5.989644578313253,37.35,166000.0,6200100.0,0.0150000000000005,37.35,37.32
2008-01-10,CINF,23473,CINCINNATI FINANCIAL CORP,,,0.021419,0.0536970936787488,0.0002621231979029,5.358950258129381e-10,0.007948,6.311271084337349,38.15,166000.0,6332900.0,0.004999999999999,38.14,38.13
2008-01-11,CINF,23473,CINCINNATI FINANCIAL CORP,,,-0.012844,-0.2783851037205382,0.0010621348911311,-4.5111738992244845e-10,-0.013595,4.554307228915663,37.66,166000.0,6251559.999999999,0.0199999999999995,37.69,37.65
2008-01-14,CINF,23473,CINCINNATI FINANCIAL CORP,,,0.004249,-0.3895703127583447,0.0010576414595451,2.434440405296501e-10,0.010871,2.7800843373493977,37.82,166000.0,6278120.0,0.0199999999999995,37.86,37.82
2008-01-15,CINF,23473,CINCINNATI FINANCIAL CORP,,,-0.023268,0.565920683692529,0.0008121277747699,-8.716183091033195e-10,-0.024925,4.35339156626506,36.94,166000.0,6132040.0,0.0150000000000005,36.97,36.94
2008-01-16,CINF,23473,CINCINNATI FINANCIAL CORP,,,0.00758,1.177584849369623,0.000537345513165,1.2941419969340376e-10,-0.005612,9.47987951807229,37.22,166000.0,6178520.0,0.0100000000000015,37.21,37.19
2008-01-17,CINF,23473,CINCINNATI FINANCIAL CORP,,,-0.037883,-0.4675107710687187,0.0002792516056968,-1.2624619853535834e-09,-0.029093,5.047933734939759,35.81,166000.0,5944460.0,0.0050000000000025,35.84,35.83
2008-01-18,CINF,23473,CINCINNATI FINANCIAL CORP,,,-0.019827,0.4829925640575829,0.0002849002849002,-4.5455787221191777e-10,-0.006045,7.486048192771085,35.1,166000.0,5826600.0,0.004999999999999,35.12,35.11
2008-01-22,CINF,23473,CINCINNATI FINANCIAL CORP,,,0.005128,0.0250296937918248,0.0005668934240361,1.1410962728719573e-10,-0.011085,7.6734216867469875,35.28,166000.0,5856480.0,0.009999999999998,35.3,35.28
2008-01-23,CINF,23473,CINCINNATI FINANCIAL CORP,,,0.052438,0.0561270792313948,0.0002693239967682,1.0498030704734218e-09,0.021442,8.10410843373494,37.13,166000.0,6163580.0,0.0050000000000025,37.13,37.12
2008-01-24,CINF,23473,CINCINNATI FINANCIAL CORP,,,-0.007272,0.282687942007698,0.0008138903960933,-1.1433105101251479e-10,0.010063,10.3950421686747,36.86,166000.0,6118760.0,0.0150000000000005,36.88,36.85
2008-01-25,CINF,23473,CINCINNATI FINANCIAL CORP,,,-0.037168,-0.5144650166292202,0.0008453085376162,-1.249995135283138e-09,-0.015872,5.047156626506024,35.49,166000.0,5891340.0,0.0150000000000005,35.53,35.5
2008-01-28,CINF,23473,CINCINNATI FINANCIAL CORP,,,0.061144,0.658866736370711,0.0013276686139138,1.168172993810901e-09,0.017556,8.372560240963855,37.66,166000.0,6251559.999999999,0.0249999999999985,37.65,37.6
2008-01-29,CINF,23473,CINCINNATI FINANCIAL CORP,,,0.021508,-0.2847180800736772,0.0002599428125813,5.623856426363467e-10,0.006152,5.988740963855422,38.47,166000.0,6386020.0,0.0050000000000025,38.45,38.44
2008-01-30,CINF,23473,CINCINNATI FINANCIAL CORP,,,-0.004419,0.282598571013277,0.0002610966057442,-9.048797288804232e-11,-0.004764,7.681150602409638,38.3,166000.0,6357799.999999999,0.0050000000000025,38.31,38.3
2008-01-31,CINF,23473,CINCINNATI FINANCIAL CORP,,,0.006266,0.0893793365232211,0.0,1.1704831838119336e-10,0.016772,8.367686746987951,38.54,166000.0,6397640.0,0.0,38.44,38.44
2008-02-01,CINF,23473,CINCINNATI FINANCIAL CORP,,,0.007784,-0.3683799411966284,0.0007723995880535,2.284305527564041e-10,0.012238,5.285198795180723,38.84,166000.0,6447440.000000001,0.0150000000000005,38.84,38.81
2008-02-04,CINF,23473,CINCINNATI FINANCIAL CORP,,,-0.002575,-0.3409852247068706,0.000774393391843,-1.1496166628016034e-10,-0.010463,3.483024096385542,38.74,166000.0,6430840.0,0.0150000000000005,38.78,38.75
2008-02-05,CINF,23473,CINCINNATI FINANCIAL CORP,,,-0.024781,0.2973734913919839,0.002382212811011,-8.744345062994013e-10,-0.031995,4.51878313253012,37.78,166000.0,6271480.0,0.0449999999999981,37.87,37.78
2008-02-06,CINF,23473,CINCINNATI FINANCIAL CORP,,,0.000794,0.4609968031696345,0.0013224014810897,1.9161741294714738e-11,-0.007624,6.601927710843373,37.81,166000.0,6276460.0,0.0250000000000021,37.81,37.76
2008-02-07,CINF,23473,CINCINNATI FINANCIAL CORP,,,0.005818,-0.0988119570771589,0.0005259006047855,1.5490060643374426e-10,0.007886,5.949578313253012,38.03,166000.0,6312980.0,0.009999999999998,38.01,37.99
2008-02-08,CINF,23473,CINCINNATI FINANCIAL CORP,,,-0.006574,-0.3057956927189332,0.0007940709370037,-2.5379681561096844e-10,-0.004204,4.130222891566265,37.78,166000.0,6271480.0,0.0150000000000005,37.81,37.78
2008-02-11,CINF,23473,CINCINNATI FINANCIAL CORP,,,-0.007411,0.7705395286289576,0.0002666666666666,-1.6280147709773577e-10,0.005889,7.312722891566265,37.5,166000.0,6225000.0,0.004999999999999,37.51,37.5
2008-02-12,CINF,23473,CINCINNATI FINANCIAL CORP,,,0.002933,-0.2473951983339813,0.0005317734645042,8.536002628024792e-11,0.007266,5.503590361445784,37.61,166000.0,6243260.0,0.0100000000000015,37.63,37.61
2008-02-13,CINF,23473,CINCINNATI FINANCIAL CORP,,,0.005584,-0.073545637240093,0.0005288207297726,1.7443983406585724e-10,0.013604,5.098825301204819,37.82,166000.0,6278120.0,0.0100000000000015,37.84,37.82
2008-02-14,CINF,23473,CINCINNATI FINANCIAL CORP,,,-0.009254,0.1096307323326304,0.0010675206832132,-2.6295964537938516e-10,-0.013421,5.657813253012049,37.47,166000.0,6220020.0,0.0199999999999995,37.5,37.46
2008-02-15,CINF,23473,CINCINNATI FINANCIAL CORP,,,0.01708,0.0609520686288393,0.0007871949619522,4.4977618556352686e-10,0.000838,6.02204078179203,38.11,165466.0,6305909.26,0.0150000000000005,38.11,38.08
2008-02-19,CINF,23473,CINCINNATI FINANCIAL CORP,,,-0.001837,0.0498091712220367,0.000788643533123,-4.6164254326793106e-11,-0.000896,6.3219936421983975,38.04,165466.0,6294326.64,0.0150000000000005,38.07,38.04
2008-02-20,CINF,23473,CINCINNATI FINANCIAL CORP,,,0.009989,-0.1984857682288554,0.0002602811035918,3.1009202090769105e-10,0.008341,5.067167877388708,38.42,165466.0,6357203.720000001,0.004999999999999,38.41,38.4
2008-02-21,CINF,23473,CINCINNATI FINANCIAL CORP,,,-0.012493,-0.2537820057153489,0.0013178703215604,-5.262954735065758e-10,-0.012867,3.7812118501686154,37.94,165466.0,6277780.04,0.0250000000000021,37.99,37.94
2008-02-22,CINF,23473,CINCINNATI FINANCIAL CORP,,,0.005008,0.7876201527342239,0.000524521374246,1.1743092836953999e-10,0.007881,6.759370505118876,38.13,165466.0,6309218.58,0.0100000000000015,38.13,38.11
2008-02-25,CINF,23473,CINCINNATI FINANCIAL CORP,,,0.013638,-0.2896527860978536,0.0005174644243209,4.441354977682053e-10,0.013813,4.801500006043538,38.65,165466.0,6395260.899999999,0.0100000000000015,38.64,38.62
2008-02-26,CINF,23473,CINCINNATI FINANCIAL CORP,,,0.007244,-0.1770090058339679,0.0010274852298997,2.845858175293833e-10,0.006918,3.95159126346198,38.93,165466.0,6441591.38,0.0199999999999995,38.97,38.93
2008-02-27,CINF,23473,CINCINNATI FINANCIAL CORP,,,0.01233,0.0741495807932657,0.0005074854097945,4.4546244201614014e-10,-0.000919,4.244600099114018,39.41,165466.0,6521015.06,0.0100000000000015,39.43,39.41
2008-02-28,CINF,23473,CINCINNATI FINANCIAL CORP,,,-0.031464,-0.0028177356454237,0.0005239717055279,-1.1769870368247303e-09,-0.008942,4.232639938114175,38.17,165466.0,6315837.220000001,0.0100000000000015,38.21,38.19
2008-02-29,CINF,23473,CINCINNATI FINANCIAL CORP,,,-0.026199,1.2264042104181003,0.0002690341673391,-4.520308187189641e-10,-0.02709,9.423567379401206,37.17,165466.0,6150371.220000001,0.004999999999999,37.19,37.18
2008-03-03,CINF,23473,CINCINNATI FINANCIAL CORP,,,-0.005919,-0.2164890205735981,0.0008119079837618,-1.311187203510244e-10,0.000534,7.383468507125331,36.95,165466.0,6113968.7,0.0150000000000005,36.96,36.93
2008-03-04,CINF,23473,CINCINNATI FINANCIAL CORP,,,0.00433,-0.027865791720314,0.0008084074373484,9.824297857732735e-11,-0.003448,7.177722311532278,37.11,165466.0,6140443.26,0.0150000000000005,37.14,37.11
2008-03-05,CINF,23473,CINCINNATI FINANCIAL CORP,,,-0.000808,0.0987573136959876,0.0018878101402373,-1.6698383675818837e-11,0.005238,7.944333173021313,37.08,164263.0,6090872.04,0.0350000000000001,37.08,37.01
2008-03-06,CINF,23473,CINCINNATI FINANCIAL CORP,,,-0.0089,-0.0435461623344777,0.0002721088435373,-1.940311462938269e-10,-0.022014,7.598387951029751,36.75,164263.0,6036665.25,0.004999999999999,36.76,36.75
2008-03-07,CINF,23473,CINCINNATI FINANCIAL CORP,,,0.010068,-0.0070064592423569,0.0002693965517242,2.1884045144491527e-10,-0.00841,7.5451501555432445,37.12,164263.0,6097442.56,0.0050000000000025,37.13,37.12
2008-03-10,CINF,23473,CINCINNATI FINANCIAL CORP,,,-0.010506,-0.2502878434454396,0.001089028042472,-3.0783236422810897e-10,-0.015463,5.656690794640302,36.73,164263.0,6033379.989999999,0.0199999999999995,36.76,36.72
2008-03-11,CINF,23473,CINCINNATI FINANCIAL CORP,,,0.053907,0.3325064438190457,0.0010333247222939,1.1247357095635327e-09,0.03713,7.537576934550081,38.71,164263.0,6358620.73,0.0199999999999995,38.72,38.68
2008-03-12,CINF,23473,CINCINNATI FINANCIAL CORP,,,-0.015758,0.1024080378307872,0.0007874015748031,-3.0301368375990933e-10,-0.008996,8.309485398415955,38.1,164263.0,6258420.3,0.0150000000000005,38.14,38.11
2008-03-13,CINF,23473,CINCINNATI FINANCIAL CORP,,,-0.002625,-0.1649719658212333,0.0002631578947367,-6.060811481010195e-11,0.005127,6.9386532572764406,38.0,164263.0,6241994.0,0.004999999999999,38.0,37.99
2008-03-14,CINF,23473,CINCINNATI FINANCIAL CORP,,,-0.025789,0.6781991710564643,0.0008103727714747,-3.641997556323438e-10,-0.020783,11.64444214460956,37.02,164263.0,6081016.260000001,0.014999999999997,37.05,37.02
2008-03-17,CINF,23473,CINCINNATI FINANCIAL CORP,,,0.008104,-0.1295380318713727,0.0010718113612004,1.3042161049624518e-10,-0.008959,10.136044026956773,37.32,164263.0,6130295.16,0.0199999999999995,37.31,37.27
2008-03-18,CINF,23473,CINCINNATI FINANCIAL CORP,,,0.030279,0.0389056425404075,0.0,4.5992646507507373e-10,0.04241,10.530393332643383,38.06,164263.0,6251849.78,0.0,38.04,38.04
2008-03-19,CINF,23473,CINCINNATI FINANCIAL CORP,,,-0.00578,-0.1379450488335335,0.001321353065539,-1.0243713337776548e-10,-0.024287,9.077777710135576,37.84,164263.0,6215711.920000001,0.0249999999999985,37.89,37.84
2008-03-20,CINF,23473,CINCINNATI FINANCIAL CORP,,,0.049419,-0.0280341992686147,0.0005036514731804,8.586650528209407e-10,0.023944,8.823289480893445,39.71,164263.0,6522883.73,0.009999999999998,39.72,39.7
2008-03-24,CINF,23473,CINCINNATI FINANCIAL CORP,,,-0.01788,-0.4117315467730139,0.0007692307692307,-5.377210893038342e-10,0.015321,5.190462855299124,39.0,164263.0,6406257.0,0.0150000000000005,38.99,38.96
2008-03-25,CINF,23473,CINCINNATI FINANCIAL CORP,,,-0.004615,0.4455659798663149,0.0002575991756827,-9.645670400638815e-11,0.002304,7.503156523380189,38.82,164263.0,6376689.66,0.0050000000000025,38.81,38.8
2008-03-26,CINF,23473,CINCINNATI FINANCIAL CORP,,,-0.018032,-0.3006821145144265,0.0002623294858341,-5.488233929528536e-10,-0.008766,5.247091554397521,38.12,164263.0,6261705.56,0.004999999999999,38.12,38.11
2008-03-27,CINF,23473,CINCINNATI FINANCIAL CORP,,,-0.010756,0.332242723369103,0.0005303632988598,-2.4840052647018176e-10,-0.01146,6.990399542197573,37.71,164263.0,6194357.73,0.0100000000000015,37.74,37.72
2008-03-28,CINF,23473,CINCINNATI FINANCIAL CORP,,,0.001856,-0.1618129628726494,0.0007940709370037,5.104266355931251e-11,-0.00795,5.859262280610971,37.78,164263.0,6205856.140000001,0.0150000000000005,37.82,37.79
2008-03-31,CINF,23473,CINCINNATI FINANCIAL CORP,,,0.006882,0.8380763875901336,0.0002628811777076,1.0226521006651651e-10,0.005687,10.853220858895703,38.04,163000.0,6200520.0,0.004999999999999,38.07,38.06
2008-04-01,CINF,23473,CINCINNATI FINANCIAL CORP,,,0.044164,-0.2082981218998629,0.0007552870090634,7.93873382652852e-10,0.035896,8.592515337423313,39.72,163000.0,6474360.0,0.0150000000000005,39.72,39.69
2008-04-02,CINF,23473,CINCINNATI FINANCIAL CORP,,,0.006294,-0.2019934598523468,0.0007505629221916,1.4088936743141715e-10,-0.001934,6.856883435582822,39.97,163000.0,6515110.0,0.0150000000000005,39.97,39.94
2008-04-03,CINF,23473,CINCINNATI FINANCIAL CORP,,,-0.009007,-0.155162695316694,0.0012623074981064,-2.408174020561396e-10,0.001302,5.792950920245398,39.61,163000.0,6456430.0,0.0249999999999985,39.62,39.57
2008-04-04,CINF,23473,CINCINNATI FINANCIAL CORP,,,-0.020197,-0.1193856294565746,0.0007729966503478,-6.258496316619581e-10,0.000796,5.101355828220859,38.81,163000.0,6326030.0,0.0150000000000005,38.84,38.81
2008-04-07,CINF,23473,CINCINNATI FINANCIAL CORP,,,0.010049,-0.0025832179824683,0.0002551020408162,3.090913748293308e-10,0.001562,5.088177914110429,39.2,163000.0,6389600.0,0.004999999999999,39.18,39.17
2008-04-08,CINF,23473,CINCINNATI FINANCIAL CORP,,,-0.014541,0.2338260348480116,0.000517732332384,-3.67845750579889e-10,-0.0051,6.277926380368098,38.63,163000.0,6296690.0,0.009999999999998,38.65,38.63
2008-04-09,CINF,23473,CINCINNATI FINANCIAL CORP,,,-0.022263,0.2884730021049504,0.0007942811755359,-4.4705149906702044e-10,-0.008092,8.088938650306748,37.77,163000.0,6156510.000000001,0.014999999999997,37.8,37.77
2008-04-10,CINF,23473,CINCINNATI FINANCIAL CORP,,,0.000265,-0.0917499243456754,0.0005293806246692,5.857325130469983e-12,0.004474,7.346779141104294,37.78,163000.0,6158140.0,0.0100000000000015,37.82,37.8
2008-04-11,CINF,23473,CINCINNATI FINANCIAL CORP,,,-0.008999,-0.1627456629297926,0.001068376068376,-2.3972670556714766e-10,-0.020374,6.151122699386503,37.44,163000.0,6102720.0,0.0199999999999995,37.48,37.44
2008-04-14,CINF,23473,CINCINNATI FINANCIAL CORP,,,-0.033654,0.5812784937260194,0.0005527915975678,-5.867022705511758e-10,-0.003384,9.726638036809817,36.18,163000.0,5897340.0,0.0100000000000015,36.2,36.18
2008-04-15,CINF,23473,CINCINNATI FINANCIAL CORP,,,0.02377,-0.4183268766690929,0.0005399568034556,6.958711755221727e-10,0.0046,5.657723926380368,37.04,163000.0,6037520.0,0.009999999999998,37.04,37.02
2008-04-16,CINF,23473,CINCINNATI FINANCIAL CORP,,,0.014849,0.1920931155518976,0.0005320563979782,3.59323271723708e-10,0.022691,6.7445337423312886,37.59,163000.0,6127170.000000001,0.0100000000000015,37.59,37.57
2008-04-17,CINF,23473,CINCINNATI FINANCIAL CORP,,,-0.00266,0.0477205353301333,0.0008002133902374,-6.160006974554424e-11,0.000623,7.066386503067485,37.49,163000.0,6110870.0,0.0150000000000005,37.52,37.49
2008-04-18,CINF,23473,CINCINNATI FINANCIAL CORP,,,0.009336,-0.1650742606707118,0.0007928118393233,2.5655286751635203e-10,0.018139,5.899907975460123,37.84,163000.0,6167920.000000001,0.014999999999997,37.87,37.84
2008-04-21,CINF,23473,CINCINNATI FINANCIAL CORP,,,-0.011892,-0.3009686123834727,0.0008023535704732,-4.731184850466661e-10,-0.001554,4.124220858895706,37.39,163000.0,6094570.0,0.014999999999997,37.41,37.38
2008-04-22,CINF,23473,CINCINNATI FINANCIAL CORP,,,-0.017652,0.0505408718211135,0.0008167710318541,-6.805037426410531e-10,-0.00881,4.332662576687117,36.73,163000.0,5986989.999999999,0.0150000000000005,36.75,36.72
2008-04-23,CINF,23473,CINCINNATI FINANCIAL CORP,,,0.017152,0.3974206484061713,0.0005353319057814,4.6519846386259785e-10,0.0029,6.054552147239264,37.36,163000.0,6089680.0,0.009999999999998,37.36,37.34
2008-04-24,CINF,23473,CINCINNATI FINANCIAL CORP,,,0.02409,-0.0859597605411737,0.0007841087297438,6.980023590300832e-10,0.006442,5.528575718759768,38.26,163163.0,6242616.38,0.0150000000000005,38.27,38.24
2008-04-25,CINF,23473,CINCINNATI FINANCIAL CORP,,,-0.012284,0.0741769662516531,0.0010584810796506,-3.354688009865418e-10,0.006495,5.93866869326992,37.79,163163.0,6165929.77,0.0199999999999995,37.79,37.75
2008-04-28,CINF,23473,CINCINNATI FINANCIAL CORP,,,0.004234,-0.2941532821931719,0.0013175230566536,1.631240120732188e-10,-0.001052,4.191789805286738,37.95,163163.0,6192035.850000001,0.0250000000000021,37.95,37.9
2008-04-29,CINF,23473,CINCINNATI FINANCIAL CORP,,,-0.011067,0.2338492130215148,0.000532907007727,-3.4943634822969877e-10,-0.003889,5.17203655240465,37.53,163163.0,6123507.390000001,0.009999999999998,37.55,37.53
2008-04-30,CINF,23473,CINCINNATI FINANCIAL CORP,,,-0.043432,0.7851401553529214,0.0011142061281336,-8.030818179708073e-10,-0.003846,9.232810134650624,35.9,163163.0,5857551.7,0.0199999999999995,35.94,35.9
2008-05-01,CINF,23473,CINCINNATI FINANCIAL CORP,,,0.01337,0.0063314288597122,0.0019241341396371,2.4242203329089565e-10,0.017141,9.291267015193396,36.38,163163.0,5935869.94,0.0350000000000001,36.38,36.31
2008-05-02,CINF,23473,CINCINNATI FINANCIAL CORP,,,0.01017,-0.3512830880922116,0.0002721088435373,2.813920130861397e-10,0.003236,6.027402045806954,36.75,163163.0,5996240.25,0.004999999999999,36.75,36.74
2008-05-05,CINF,23473,CINCINNATI FINANCIAL CORP,,,-0.010612,0.3363062039821078,0.0002750275027502,-2.2208311431505808e-10,-0.004534,8.05445474770628,36.36,163163.0,5932606.68,0.004999999999999,36.37,36.36
2008-05-06,CINF,23473,CINCINNATI FINANCIAL CORP,,,-0.00055,-0.2234168753505013,0.0013758943313152,-1.4829687171540123e-11,0.007652,6.254953635321733,36.34,163163.0,5929343.420000001,0.0249999999999985,36.33,36.28
2008-05-07,CINF,23473,CINCINNATI FINANCIAL CORP,,,-0.025867,0.1936228231676786,0.0002824858757061,-5.998323854928858e-10,-0.018114,7.466055416975663,35.4,163163.0,5775970.2,0.004999999999999,35.41,35.4
2008-05-08,CINF,23473,CINCINNATI FINANCIAL CORP,,,-0.010452,0.3117238446737109,0.0002854695974878,-1.8672564118896935e-10,0.003669,9.793402916102302,35.03,163163.0,5715599.890000001,0.004999999999999,35.05,35.04
2008-05-09,CINF,23473,CINCINNATI FINANCIAL CORP,,,0.0,-0.3819644400442825,0.0005709391949758,0.0,-0.006725,6.052671255125243,35.03,163163.0,5715599.890000001,0.0100000000000015,35.06,35.04
2008-05-12,CINF,23473,CINCINNATI FINANCIAL CORP,,,0.01513,0.0269418331017889,0.0008436445444319,4.1952955567197183e-10,0.011021,6.215741313900823,35.56,163163.0,5802076.28,0.0150000000000005,35.56,35.53
2008-05-13,CINF,23473,CINCINNATI FINANCIAL CORP,,,-0.00225,0.0980773610970056,0.000281848928974,-5.694444381313444e-11,-0.000385,6.82536481922985,35.48,163163.0,5789023.239999999,0.004999999999999,35.54,35.53
2008-05-14,CINF,23473,CINCINNATI FINANCIAL CORP,,,0.015784,-0.3498981275035985,0.0002774694783575,6.04927490993295e-10,0.004006,4.437182449452388,36.04,163163.0,5880394.52,0.0050000000000025,36.02,36.01
2008-05-15,CINF,23473,CINCINNATI FINANCIAL CORP,,,0.00222,-0.0985961015713055,0.0008305647840531,9.41795980090983e-11,0.010585,3.999693557975767,36.12,163163.0,5893447.56,0.0150000000000005,36.1,36.07
2008-05-16,CINF,23473,CINCINNATI FINANCIAL CORP,,,-0.016888,0.1160676798416187,0.0005632216277103,-6.529630649617348e-10,0.00125,4.463928709327482,35.51,163163.0,5793918.13,0.009999999999998,35.54,35.52
2008-05-19,CINF,23473,CINCINNATI FINANCIAL CORP,,,0.003943,0.0737161356933773,0.0002805049088358,1.4142911741485682e-10,0.000898,4.79299228378983,35.65,163163.0,5816760.95,0.004999999999999,35.69,35.68
2008-05-20,CINF,23473,CINCINNATI FINANCIAL CORP,,,-0.003647,-0.1137654260209529,0.0011261261261261,-1.4814455906264815e-10,-0.009274,4.24771547470934,35.52,163163.0,5795549.760000001,0.0199999999999995,35.56,35.52
2008-05-21,CINF,23473,CINCINNATI FINANCIAL CORP,,,-0.005068,0.5706479864948706,0.0005659309564232,-1.3173891995607844e-10,-0.016053,6.671665757555328,35.34,163163.0,5766180.420000001,0.009999999999998,35.37,35.35
2008-05-22,CINF,23473,CINCINNATI FINANCIAL CORP,,,0.010753,-0.3431532590033337,0.0008398656215005,4.2101559567526825e-10,0.002617,4.382261909869272,35.72,163163.0,5828182.359999999,0.0150000000000005,35.69,35.66
2008-05-23,CINF,23473,CINCINNATI FINANCIAL CORP,,,-0.018757,0.0915509011598227,0.0002853067047077,-6.856640059501175e-10,-0.01321,4.78346193683617,35.05,163163.0,5718863.149999999,0.0050000000000025,35.06,35.05
2008-05-27,CINF,23473,CINCINNATI FINANCIAL CORP,,,0.013124,-0.0370142116942819,0.0008448324415657,4.917356183897349e-10,0.006846,4.606405864074576,35.51,163163.0,5793918.13,0.0150000000000005,35.53,35.5
2008-05-28,CINF,23473,CINCINNATI FINANCIAL CORP,,,-0.012954,-0.2077249050352916,0.0002853067047075,-6.206631824914337e-10,0.003963,3.649540643405674,35.05,163163.0,5718863.149999999,0.004999999999999,35.04,35.03
2008-05-29,CINF,23473,CINCINNATI FINANCIAL CORP,,,0.017974,-0.0962987220179018,0.0008408071748879,9.361277270628791e-10,0.005335,3.2980945434933164,35.68,163163.0,5821655.84,0.0150000000000005,35.68,35.65
2008-05-30,CINF,23473,CINCINNATI FINANCIAL CORP,,,-0.018498,0.7890646631743063,0.000856653340948,-5.48653068758211e-10,0.001516,5.9005044035718885,35.02,163163.0,5713968.260000001,0.0150000000000005,34.97,34.94
2008-06-02,CINF,23473,CINCINNATI FINANCIAL CORP,,,-0.007995,-0.1265777818402399,0.0002878526194587,-2.736866400485921e-10,-0.010504,5.153631644429191,34.74,163163.0,5668282.62,0.004999999999999,34.76,34.75
2008-06-03,CINF,23473,CINCINNATI FINANCIAL CORP,,,-0.010651,0.0687837294650142,0.0005819028222287,-3.4481485130300475e-10,-0.005788,5.508117649221944,34.37,163163.0,5607912.31,0.0100000000000015,34.39,34.37
2008-06-04,CINF,23473,CINCINNATI FINANCIAL CORP,,,0.002037,0.2268590585954928,0.0005807200929153,5.3642415104076026e-11,-0.000327,6.757684033757654,34.44,163163.0,5619333.72,0.0100000000000015,34.46,34.44
2008-06-05,CINF,23473,CINCINNATI FINANCIAL CORP,,,0.017712,-0.2558262077772255,0.000570613409415,6.158651740255753e-10,0.019496,5.028891354044728,35.05,163163.0,5718863.149999999,0.009999999999998,35.04,35.02
2008-06-06,CINF,23473,CINCINNATI FINANCIAL CORP,,,-0.049929,0.70440776620936,0.0009009009009009,-1.07211456241428e-09,-0.030889,8.571281479256939,33.3,163163.0,5433327.899999999,0.0150000000000005,33.33,33.3
2008-06-09,CINF,23473,CINCINNATI FINANCIAL CORP,,,-0.0003,-0.1815424349810799,0.00060078101532,-7.873065289272424e-12,0.000794,7.015230168604401,33.29,163163.0,5431696.27,0.0100000000000015,33.31,33.29
2008-06-10,CINF,23473,CINCINNATI FINANCIAL CORP,,,0.000601,-0.1552253749259583,0.0006004202942058,1.8659301082359518e-11,-0.002438,5.926288435490889,33.31,163163.0,5434959.53,0.009999999999998,33.3,33.28
2008-06-11,CINF,23473,CINCINNATI FINANCIAL CORP,,,-0.037526,0.3181877882126396,0.0006238303181535,-9.183051192010037e-10,-0.016894,7.811961045089879,32.06,163163.0,5231005.78,0.0100000000000015,32.09,32.07
2008-06-12,CINF,23473,CINCINNATI FINANCIAL CORP,,,0.00655,-0.1529550306247415,0.0003098853424234,1.8799838402099883e-10,0.00328,6.617082304198869,32.27,163163.0,5265270.010000001,0.0050000000000025,32.27,32.26
2008-06-13,CINF,23473,CINCINNATI FINANCIAL CORP,,,-0.020762,0.7505953246522294,0.0003164556962025,-3.4762269441951954e-10,0.015046,11.58383334456954,31.6,163163.0,5155950.8,0.0050000000000007,31.6,31.59
2008-06-16,CINF,23473,CINCINNATI FINANCIAL CORP,,,-0.003165,-0.3432295284841219,0.0003174603174603,-8.094230344379579e-11,8.1e-05,7.607919687674289,31.5,163163.0,5139634.5,0.0050000000000007,31.5,31.49
2008-06-17,CINF,23473,CINCINNATI FINANCIAL CORP,,,-0.054921,1.054939415836711,0.0003359086328519,-7.232242469150497e-10,-0.006771,15.633814038722017,29.77,163163.0,4857362.51,0.0050000000000007,29.78,29.77
2008-06-18,CINF,23473,CINCINNATI FINANCIAL CORP,,,-0.039301,0.6442419419333087,0.000354484225452,-3.3216064028156223e-10,-0.009712,25.70577275485251,28.21,163163.0,4602828.23,0.0050000000000007,28.21,28.2
2008-06-19,CINF,23473,CINCINNATI FINANCIAL CORP,,,0.013825,-0.2487783815436012,0.002097902097902,1.5341883605691142e-10,0.003752,19.310732212572702,28.6,163163.0,4666461.8,0.0299999999999993,28.66,28.6
2008-06-20,CINF,23473,CINCINNATI FINANCIAL CORP,,,0.006993,0.2449488177118362,0.0,6.190120739380525e-11,-0.018543,24.04087323719225,28.8,163163.0,4699094.4,0.0,28.78,28.78
2008-06-23,CINF,23473,CINCINNATI FINANCIAL CORP,,,-0.068403,-0.2031980983949088,0.0007454342154306,-8.157032531881367e-10,5.3e-05,19.15581351164173,26.83,163163.0,4377663.29,0.0100000000000015,26.85,26.83
2008-06-24,CINF,23473,CINCINNATI FINANCIAL CORP,,,-0.000373,-0.3662609741738974,0.0007457121551081,-7.021296677830671e-12,-0.002815,12.139786593774325,26.82,163163.0,4376031.66,0.0099999999999997,26.82,26.8
2008-06-25,CINF,23473,CINCINNATI FINANCIAL CORP,,,0.00522,0.1013033354806529,0.0007418397626112,8.875869870274664e-11,0.005843,13.369587467746976,26.96,163163.0,4398874.48,0.0099999999999997,26.96,26.94
2008-06-26,CINF,23473,CINCINNATI FINANCIAL CORP,,,-0.020401,-0.1859259693906084,0.0003786444528588,-4.3499019239760336e-10,-0.029365,10.88383395745359,26.41,163163.0,4309134.83,0.0050000000000007,26.42,26.41
2008-06-27,CINF,23473,CINCINNATI FINANCIAL CORP,,,-0.012117,1.0793664290512823,0.0007665772326561,-1.2577270783474948e-10,-0.003717,22.63147895049736,26.09,163163.0,4256922.67,0.0099999999999997,26.09,26.07
2008-06-30,CINF,23473,CINCINNATI FINANCIAL CORP,,,-0.026447,-0.3362097914218089,0.0011811023622047,-4.2479288997539695e-10,0.001267,15.130401234567902,25.4,162000.0,4114800.0,0.0150000000000005,25.43,25.4
2008-07-01,CINF,23473,CINCINNATI FINANCIAL CORP,,,-0.007874,0.6462420317201285,0.0003968253968254,-7.743471856905202e-11,0.003836,24.9083024691358,25.2,162000.0,4082400.0,0.0050000000000007,25.21,25.2
2008-07-02,CINF,23473,CINCINNATI FINANCIAL CORP,,,0.001587,-0.4548047220112288,0.0003961965134707,2.8580929264406583e-11,-0.018204,13.579888888888888,25.24,162000.0,4088880.0,0.0050000000000007,25.26,25.25
2008-07-03,CINF,23473,CINCINNATI FINANCIAL CORP,,,-0.006339,-0.3691892786264364,0.0011961722488037,-1.8213060173954527e-10,0.001094,8.56633950617284,25.08,162000.0,4062960.0,0.0149999999999987,25.06,25.03
2008-07-07,CINF,23473,CINCINNATI FINANCIAL CORP,,,-0.029107,0.7455206172306623,0.0004106776180698,-4.934727781579105e-10,-0.008385,14.952722222222222,24.35,162000.0,3944700.0,0.0050000000000007,24.37,24.36
2008-07-08,CINF,23473,CINCINNATI FINANCIAL CORP,,,0.041068,0.0240713425566425,0.0007889546351086,6.530705451118681e-10,0.01708,15.312654320987654,25.35,162000.0,4106700.0,0.0100000000000015,25.35,25.33
2008-07-09,CINF,23473,CINCINNATI FINANCIAL CORP,,,-0.054438,-0.1092116985467518,0.0004171881518565,-1.027765722515174e-09,-0.022776,13.640333333333333,23.97,162000.0,3883140.0,0.0050000000000007,23.98,23.97
2008-07-10,CINF,23473,CINCINNATI FINANCIAL CORP,,,-0.01043,0.078441115536983,0.0012647554806071,-1.8451564205933799e-10,0.00699,14.710296296296296,23.72,162000.0,3842640.0,0.0150000000000005,23.75,23.72
2008-07-11,CINF,23473,CINCINNATI FINANCIAL CORP,,,-0.018128,0.034009100873328,0.0004293688278231,-3.158781659767834e-10,-0.01109,15.21058024691358,23.29,162000.0,3772980.0,0.0050000000000007,23.3,23.29
2008-07-14,CINF,23473,CINCINNATI FINANCIAL CORP,,,-0.039073,-0.1171901949341629,0.000893655049151,-8.025807351728761e-10,-0.009028,13.428049382716049,22.38,162000.0,3625560.0,0.0099999999999997,22.4,22.38
2008-07-15,CINF,23473,CINCINNATI FINANCIAL CORP,,,-0.024575,0.2956507108760728,0.0004580852038478,-3.994145752209707e-10,-0.010901,17.39806172839506,21.83,162000.0,3536459.9999999995,0.004999999999999,21.83,21.82
2008-07-16,CINF,23473,CINCINNATI FINANCIAL CORP,,,0.055428,0.0159816298537582,0.0004340277777778,8.401271041919124e-10,0.025064,17.676111111111112,23.04,162000.0,3732480.0,0.0050000000000007,23.03,23.02
2008-07-17,CINF,23473,CINCINNATI FINANCIAL CORP,,,0.063802,0.4741025936518912,0.0028559771521827,6.166823714069924e-10,0.012013,26.0564012345679,24.51,162000.0,3970620.000000001,0.0350000000000001,24.52,24.45
2008-07-18,CINF,23473,CINCINNATI FINANCIAL CORP,,,0.02244,-0.3148073611446395,0.0007980845969672,3.095990715312585e-10,0.000286,17.853654320987655,25.06,162000.0,4059720.0,0.0099999999999997,25.04,25.02
2008-07-21,CINF,23473,CINCINNATI FINANCIAL CORP,,,0.009178,0.1247425916885294,0.000395413206801,1.1155882885349908e-10,-0.000539,20.080765432098765,25.29,162000.0,4096980.0,0.004999999999999,25.31,25.3
2008-07-22,CINF,23473,CINCINNATI FINANCIAL CORP,,,0.064848,-0.0926659133302428,0.0018566654288897,8.158263506426621e-10,0.013492,18.219962962962963,26.93,162000.0,4362660.0,0.0250000000000003,26.93,26.88
2008-07-23,CINF,23473,CINCINNATI FINANCIAL CORP,,,0.026365,-0.0235005424114236,0.0014471780028943,3.3094454443972516e-10,0.004064,17.791783950617283,27.64,162000.0,4477680.0,0.0199999999999995,27.64,27.6
2008-07-24,CINF,23473,CINCINNATI FINANCIAL CORP,,,-0.022431,-0.0117789144594068,0.0011102886750554,-2.914571164040994e-10,-0.023125,17.582216049382716,27.02,162000.0,4377240.0,0.0149999999999987,27.06,27.03
2008-07-25,CINF,23473,CINCINNATI FINANCIAL CORP,,,-0.006662,-0.3394388058360036,0.0011177347242921,-1.319229740068279e-10,0.004168,11.61412962962963,26.84,162000.0,4348080.0,0.0150000000000005,26.84,26.81
2008-07-28,CINF,23473,CINCINNATI FINANCIAL CORP,,,-0.027943,-0.1616740783496475,0.0011498658489843,-6.790228248163133e-10,-0.018597,9.736425925925928,26.09,162000.0,4226580.0,0.0150000000000005,26.12,26.09
2008-07-29,CINF,23473,CINCINNATI FINANCIAL CORP,,,0.059793,0.1998324986797066,0.0021699819168173,1.1426678505722014e-09,0.023356,11.68208024691358,27.65,162000.0,4479300.0,0.0299999999999993,27.65,27.59
2008-07-30,CINF,23473,CINCINNATI FINANCIAL CORP,,,-0.003617,-0.2678070295487919,0.0007259528130671,-9.474714903385878e-11,0.016672,8.533467585493376,27.55,162381.0,4473596.55,0.0099999999999997,27.55,27.53
2008-07-31,CINF,23473,CINCINNATI FINANCIAL CORP,,,0.010526,0.4158737306709448,0.0014367816091953,1.9271204312255032e-10,-0.013144,12.082312585832089,27.84,162381.0,4520687.04,0.0199999999999995,27.88,27.84
2008-08-01,CINF,23473,CINCINNATI FINANCIAL CORP,,,-0.000718,-0.2721594668129166,0.0007189072609633,-1.8073647261080878e-11,-0.005578,8.793996834605034,27.82,162381.0,4517439.42,0.0099999999999997,27.84,27.82
2008-08-04,CINF,23473,CINCINNATI FINANCIAL CORP,,,0.0,0.1337408559515622,0.0007189072609633,0.0,-0.008966,9.97011349850044,27.82,162381.0,4517439.42,0.0099999999999997,27.84,27.82
2008-08-05,CINF,23473,CINCINNATI FINANCIAL CORP,,,0.037743,-0.187038939267689,-0.0003463803255975,9.933094679270106e-10,0.028719,8.10531404536245,28.87,162381.0,4687939.47,-0.0050000000000007,28.79,28.8
2008-08-06,CINF,23473,CINCINNATI FINANCIAL CORP,,,-0.006235,0.1408434759286372,0.0006971070059253,-1.447354075185455e-10,0.003354,9.2468946490045,28.69,162381.0,4658710.890000001,0.0099999999999997,28.71,28.69
2008-08-07,CINF,23473,CINCINNATI FINANCIAL CORP,,,-0.046706,0.3850990995790933,0.0010968921389397,-8.211138471395538e-10,-0.017934,12.80786545223887,27.35,162381.0,4441120.350000001,0.0150000000000005,27.43,27.4
2008-08-08,CINF,23473,CINCINNATI FINANCIAL CORP,,,0.03181,-0.3265847787767207,0.0010630758327427,8.04844096567329e-10,0.023893,8.625011546917435,28.22,162381.0,4582391.819999999,0.0150000000000005,28.21,28.18
2008-08-11,CINF,23473,CINCINNATI FINANCIAL CORP,,,0.008859,-0.1711913564644444,0.0007024938531787,2.6806990851441247e-10,0.006943,7.148484120679144,28.47,162381.0,4622987.069999999,0.0099999999999997,28.46,28.44
2008-08-12,CINF,23473,CINCINNATI FINANCIAL CORP,,,-0.024587,0.0971848191471582,0.0021606049693913,-6.951854967020613e-10,-0.012051,7.8432082571236785,27.77,162381.0,4509320.37,0.0299999999999993,27.83,27.77
2008-08-13,CINF,23473,CINCINNATI FINANCIAL CORP,,,-0.011163,-0.0163404491876494,0.0007283321194464,-3.2449396218883787e-10,-0.002916,7.715046711129997,27.46,162381.0,4458982.26,0.0099999999999997,27.48,27.46
2008-08-14,CINF,23473,CINCINNATI FINANCIAL CORP,,,0.029133,0.0184709649043683,0.0003538570417551,8.079614267583416e-10,0.005522,7.857551068166842,28.26,162381.0,4588887.0600000005,0.0050000000000007,28.26,28.25
2008-08-15,CINF,23473,CINCINNATI FINANCIAL CORP,,,0.015216,-0.0039775314538484,0.0006971070059253,4.173288340392051e-10,0.004076,7.8262974116429875,28.69,162381.0,4658710.890000001,0.0099999999999997,28.74,28.72
2008-08-18,CINF,23473,CINCINNATI FINANCIAL CORP,,,-0.032764,-0.15371698448745,0.0010810810810809,-1.097808895542398e-09,-0.015098,6.623262573823292,27.75,162381.0,4506072.75,0.0149999999999987,27.79,27.76
2008-08-19,CINF,23473,CINCINNATI FINANCIAL CORP,,,-0.01045,0.1409382868491815,0.0003641660597231,-3.101318852313065e-10,-0.009315,7.556733854330248,27.46,162381.0,4458982.26,0.004999999999999,27.47,27.46
2008-08-20,CINF,23473,CINCINNATI FINANCIAL CORP,,,0.005098,-0.2267930924886111,0.0003623188405797,1.9468194903927704e-10,0.006197,5.842918814393309,27.6,162381.0,4481715.600000001,0.0050000000000007,27.62,27.61
2008-08-21,CINF,23473,CINCINNATI FINANCIAL CORP,,,-0.008333,-0.1440050844295668,0.0010960906101571,-3.748783293085911e-10,0.002495,5.001508797211496,27.37,162381.0,4444367.97,0.0150000000000005,27.37,27.34
2008-08-22,CINF,23473,CINCINNATI FINANCIAL CORP,,,0.030325,0.0699784522563566,0.000354609929078,1.237486360411053e-09,0.011333,5.351506641786909,28.2,162381.0,4579144.2,0.0050000000000007,28.21,28.2
2008-08-25,CINF,23473,CINCINNATI FINANCIAL CORP,,,-0.019858,-0.1220346082719685,0.0014471780028943,-9.41691803565567e-10,-0.019625,4.698437625091605,27.64,162381.0,4488210.84,0.0199999999999995,27.68,27.64
2008-08-26,CINF,23473,CINCINNATI FINANCIAL CORP,,,0.020984,0.1294169767621704,0.0007087172218284,8.629552581863351e-10,0.003686,5.306495218036593,28.22,162381.0,4582391.819999999,0.0099999999999997,28.22,28.2
2008-08-27,CINF,23473,CINCINNATI FINANCIAL CORP,,,0.023388,0.3826992574918124,0.0006925207756232,6.797123765052008e-10,0.007983,7.337286997863051,28.88,162381.0,4689563.28,0.0099999999999997,28.9,28.88
2008-08-28,CINF,23473,CINCINNATI FINANCIAL CORP,,,0.021814,0.6744113825669193,0.0006777363605557,3.705383925935885e-10,0.01484,12.28563686638215,29.51,162381.0,4791863.3100000005,0.0099999999999997,29.5,29.48
2008-08-29,CINF,23473,CINCINNATI FINANCIAL CORP,,,0.004405,-0.4659390642591258,0.0006747638326585,1.3949030214463303e-10,-0.013724,6.561278721032633,29.64,162381.0,4812972.84,0.0099999999999997,29.63,29.61
2008-09-02,CINF,23473,CINCINNATI FINANCIAL CORP,,,0.019906,0.3316717147209522,0.0006615944426066,4.6411433101265975e-10,-0.004093,8.737469285199623,30.23,162381.0,4908777.63,0.0099999999999997,30.23,30.21
2008-09-03,CINF,23473,CINCINNATI FINANCIAL CORP,,,0.020509,-0.1906781721723796,0.0009724473257698,5.789581732501915e-10,-0.002035,7.071424612485451,30.85,162381.0,5009453.850000001,0.0150000000000005,30.85,30.82
2008-09-04,CINF,23473,CINCINNATI FINANCIAL CORP,,,-0.028201,0.6991103969902417,0.0010006671114076,-4.821355501602124e-10,-0.029922,12.015131080606722,29.98,162381.0,4868182.38,0.0150000000000005,30.01,29.98
2008-09-05,CINF,23473,CINCINNATI FINANCIAL CORP,,,0.019346,-0.0333736710218044,0.0003272251308899,3.3567228774764903e-10,0.004431,11.614142048638696,30.56,162381.0,4962363.359999999,0.004999999999999,30.54,30.53
2008-09-08,CINF,23473,CINCINNATI FINANCIAL CORP,,,0.042212,0.1602574027687342,0.0018838304552589,6.056891579651989e-10,0.02051,13.475394288740675,31.85,162381.0,5171834.850000001,0.0299999999999993,31.86,31.8
2008-09-09,CINF,23473,CINCINNATI FINANCIAL CORP,,,-0.06248,0.2484859342238277,0.000669792364367,-7.659331572938454e-10,-0.034138,16.823840227612838,29.86,162381.0,4848696.66,0.0099999999999997,29.88,29.86
2008-09-10,CINF,23473,CINCINNATI FINANCIAL CORP,,,-0.013396,-0.2523353949233347,0.0003394433129666,-2.2262566415387903e-10,0.006149,12.578589859651068,29.46,162381.0,4783744.26,0.004999999999999,29.45,29.44
2008-09-11,CINF,23473,CINCINNATI FINANCIAL CORP,,,0.007468,0.0407138422853292,0.0016846361185984,1.1837007243029862e-10,0.013806,13.090712583368743,29.68,162381.0,4819468.08,0.0250000000000003,29.68,29.63
2008-09-12,CINF,23473,CINCINNATI FINANCIAL CORP,,,-0.003032,-0.4003720216043502,0.0016897600540722,-8.03903359976162e-11,0.002122,7.849557522123894,29.59,162381.0,4804853.79,0.0249999999999985,29.58,29.53
2008-09-15,CINF,23473,CINCINNATI FINANCIAL CORP,,,-0.036499,0.4080442861749276,-0.0024552788495264,-7.133243444967702e-10,-0.047136,11.052524618027972,28.51,162381.0,4629482.3100000005,-0.0350000000000001,28.45,28.52
2008-09-16,CINF,23473,CINCINNATI FINANCIAL CORP,,,0.030516,0.3319147276455381,0.0010211027910142,4.3451291659927585e-10,0.017515,14.721020316416327,29.38,162381.0,4770753.78,0.0149999999999987,29.38,29.35
2008-09-17,CINF,23473,CINCINNATI FINANCIAL CORP,,,-0.071137,-0.0088064243264973,0.0011152416356877,-1.116121987751113e-09,-0.047133,14.591380764990978,26.9,162381.0,4368048.899999999,0.0150000000000005,27.05,27.02
2008-09-18,CINF,23473,CINCINNATI FINANCIAL CORP,,,0.130483,0.1832834394729723,0.0039460703715882,1.530442877038713e-09,0.043342,17.265739218258293,30.41,162381.0,4938006.21,0.0599999999999987,30.4,30.28
2008-09-19,CINF,23473,CINCINNATI FINANCIAL CORP,,,0.1049,-0.3335128626194346,0.0005952380952381,1.670798396604382e-09,0.040257,11.507393106336332,33.6,162381.0,5456001.600000001,0.0100000000000015,33.35,33.33
2008-09-22,CINF,23473,CINCINNATI FINANCIAL CORP,,,-0.101488,-0.5626004103646509,0.0086121232196091,-4.1130221543439015e-09,-0.038237,5.033329022484158,30.19,162381.0,4902282.390000001,0.1300000000000007,30.73,30.47
2008-09-23,CINF,23473,CINCINNATI FINANCIAL CORP,,,-0.026499,0.0114949279165856,0.0221163661109221,-1.0906255244563343e-09,-0.015633,5.091186776778072,29.39,162381.0,4772377.59,0.325000000000001,30.26,29.61
2008-09-24,CINF,23473,CINCINNATI FINANCIAL CORP,,,-0.002041,-0.0633533806210626,0.0071599045346062,-8.986714198039445e-11,-0.001978,4.768642883095929,29.33,162381.0,4762634.73,0.1050000000000004,30.02,29.81
2008-09-25,CINF,23473,CINCINNATI FINANCIAL CORP,,,0.062052,0.1911390002027542,0.0003210272873194,2.1597589218701492e-09,0.019656,5.680116516094864,31.15,162381.0,5058168.149999999,0.0050000000000007,31.16,31.15
2008-09-26,CINF,23473,CINCINNATI FINANCIAL CORP,,,0.044623,-0.2441130902495059,0.0070682237246464,1.966943727872054e-09,0.003167,4.293525720373689,32.54,162381.0,5283877.74,0.1149999999999984,32.32,32.09
2008-09-29,CINF,23473,CINCINNATI FINANCIAL CORP,,,-0.200676,0.716966896973122,0.0084582852748942,-6.4453110477270804e-09,-0.087897,7.371841533184301,26.01,162381.0,4223529.8100000005,0.1099999999999994,29.0,28.78
2008-09-30,CINF,23473,CINCINNATI FINANCIAL CORP,,,0.093426,0.0111273826340987,0.0010548523206751,2.714070275417632e-09,0.054203,7.471401234567901,28.44,162000.0,4607280.0,0.0150000000000005,29.78,29.75
2008-10-01,CINF,23473,CINCINNATI FINANCIAL CORP,,,0.042897,-0.2956450398928589,0.0013486176668914,1.6964736658690954e-09,-0.004544,5.262518518518519,29.66,162000.0,4804920.0,0.0199999999999995,29.64,29.6
2008-10-02,CINF,23473,CINCINNATI FINANCIAL CORP,,,-0.104855,0.1778041307734175,0.0011299435028247,-3.9331715978512524e-09,-0.040291,6.198216049382716,26.55,162000.0,4301100.0,0.0149999999999987,26.79,26.76
2008-10-03,CINF,23473,CINCINNATI FINANCIAL CORP,,,-0.041808,-0.1149882831678967,0.0031446540880503,-1.8493177588646761e-09,-0.013506,5.485493827160494,25.44,162000.0,4121280.0,0.0400000000000009,25.53,25.45
2008-10-06,CINF,23473,CINCINNATI FINANCIAL CORP,,,-0.041667,0.1770809655094807,0.0028712059064807,-1.6338848630170295e-09,-0.038518,6.45687037037037,24.38,162000.0,3949560.0,0.0350000000000001,24.45,24.38
2008-10-07,CINF,23473,CINCINNATI FINANCIAL CORP,,,-0.075062,0.0282663790985389,0.0004434589800444,-3.0947877387166637e-09,-0.057395,6.639382716049383,22.55,162000.0,3653100.0,0.0050000000000007,22.67,22.66
2008-10-08,CINF,23473,CINCINNATI FINANCIAL CORP,,,-0.011086,-0.1621264805965153,0.0004484304932734,-5.516312082146574e-10,-0.011333,5.562962962962963,22.3,162000.0,3612600.0,0.004999999999999,22.31,22.3
2008-10-09,CINF,23473,CINCINNATI FINANCIAL CORP,,,-0.156951,1.2128317798490902,0.0090425531914894,-4.186360796993944e-09,-0.076167,12.3099012345679,18.8,162000.0,3045600.0,0.0850000000000008,18.98,18.81
2008-10-10,CINF,23473,CINCINNATI FINANCIAL CORP,,,0.028723,-0.0792215841508692,0.000517063081696,8.088139163909148e-10,-0.011759,11.334691358024692,19.34,162000.0,3133080.0,0.0050000000000007,19.42,19.41
2008-10-13,CINF,23473,CINCINNATI FINANCIAL CORP,,,0.182523,-0.2574528106653887,0.0004372540445999,5.853325313353319e-09,0.1158,8.416543209876544,22.87,162000.0,3704940.0,0.0050000000000007,22.92,22.91
2008-10-14,CINF,23473,CINCINNATI FINANCIAL CORP,,,0.05728,0.499089095549623,0.0004135649296938,1.1589654669898667e-09,-0.005322,12.617148148148148,24.18,162000.0,3917160.0,0.004999999999999,24.18,24.17
2008-10-15,CINF,23473,CINCINNATI FINANCIAL CORP,,,-0.084781,-0.3681013200729166,0.001355625847266,-2.9661523628701702e-09,-0.09035,7.972759259259259,22.13,162000.0,3585060.0,0.0149999999999987,22.15,22.12
2008-10-16,CINF,23473,CINCINNATI FINANCIAL CORP,,,0.011749,0.1978411055546394,0.0013398838767307,3.3917507732039914e-10,0.042507,9.550098765432098,22.39,162000.0,3627180.0,0.0150000000000005,22.39,22.36
2008-10-17,CINF,23473,CINCINNATI FINANCIAL CORP,,,-0.000893,-0.3094092492094968,0.0004470272686632,-3.7363008591758127e-11,-0.006213,6.59520987654321,22.37,162000.0,3623940.0,0.004999999999999,22.38,22.37
2008-10-20,CINF,23473,CINCINNATI FINANCIAL CORP,,,0.01654,0.1254399002643145,0.0013192612137202,6.048937562302547e-10,0.047685,7.422512345679013,22.74,162000.0,3683880.0,0.0149999999999987,22.74,22.71
2008-10-21,CINF,23473,CINCINNATI FINANCIAL CORP,,,0.01803,-0.2676259327853951,0.0004319654427646,8.843940871530347e-10,-0.0308,5.436055555555556,23.15,162000.0,3750300.0,0.0050000000000007,23.16,23.15
2008-10-22,CINF,23473,CINCINNATI FINANCIAL CORP,,,-0.053996,0.0526911647311447,0.0009132420091324,-2.6596077811446804e-09,-0.061013,5.722487654320988,21.9,162000.0,3547800.0,0.0099999999999997,21.95,21.93
2008-10-23,CINF,23473,CINCINNATI FINANCIAL CORP,,,0.039726,0.5344121038614174,0.0021958717610891,1.2265066663249267e-09,0.012634,8.780654320987654,22.77,162000.0,3688740.0,0.0250000000000003,22.82,22.77
2008-10-24,CINF,23473,CINCINNATI FINANCIAL CORP,,,-0.023715,-0.2831385776531742,0.0004498425551056,-1.046180358388993e-09,-0.034511,6.279665974886534,22.23,162383.0,3609774.09,0.004999999999999,22.24,22.23
2008-10-27,CINF,23473,CINCINNATI FINANCIAL CORP,,,-0.032838,0.2853269210590059,0.0004651162790698,-1.165326252847265e-09,-0.031764,8.071423732779909,21.5,162383.0,3491234.5,0.0050000000000007,21.5,21.49
2008-10-28,CINF,23473,CINCINNATI FINANCIAL CORP,,,0.12093,0.1044685815259769,0.004564315352697,3.4663541855237878e-09,0.10789,8.914633921038533,24.1,162383.0,3913430.3,0.0549999999999997,24.09,23.98
2008-10-29,CINF,23473,CINCINNATI FINANCIAL CORP,,,-0.002905,-0.2036156771450381,0.0004161464835622,-1.0486379953646676e-10,-0.011079,7.099474698706145,24.03,162383.0,3902063.49,0.0050000000000007,23.96,23.95
2008-10-30,CINF,23473,CINCINNATI FINANCIAL CORP,,,0.022056,-0.4385288775313705,0.0020358306188925,1.387407984769974e-09,0.025804,3.9861500280201754,24.56,162383.0,3988126.48,0.0250000000000003,24.62,24.57
2008-10-31,CINF,23473,CINCINNATI FINANCIAL CORP,,,0.058225,1.0202508021993473,0.000384763370527,1.7131828918325135e-09,0.015365,8.053022791794708,25.99,162383.0,4220334.17,0.004999999999999,25.99,25.98
2008-11-03,CINF,23473,CINCINNATI FINANCIAL CORP,,,0.011158,-0.2812956440213692,0.0003805175038052,4.5176359446093424e-10,-0.002529,5.78774255925805,26.28,162383.0,4267425.24,0.0050000000000007,26.28,26.27
2008-11-04,CINF,23473,CINCINNATI FINANCIAL CORP,,,0.044521,0.2063977459777342,0.0025500910746812,1.4304816092376703e-09,0.040826,6.982319577788315,27.45,162383.0,4457413.35,0.0350000000000001,27.44,27.37
2008-11-05,CINF,23473,CINCINNATI FINANCIAL CORP,,,-0.034973,-0.0725227330857903,0.0007550018875047,-1.2554729874723407e-09,-0.052677,6.475942678728685,26.49,162383.0,4301525.67,0.0099999999999997,26.5,26.48
2008-11-06,CINF,23473,CINCINNATI FINANCIAL CORP,,,-0.068705,-0.204919630690112,0.0012160518848803,-3.330923105073612e-09,-0.050264,5.148894896633268,24.67,162383.0,4005988.61,0.0149999999999987,24.7,24.67
2008-11-07,CINF,23473,CINCINNATI FINANCIAL CORP,,,0.039724,-0.0831008033795283,0.0011695906432748,2.020177008627573e-09,0.028855,4.72101759420629,25.65,162383.0,4165123.95,0.0150000000000005,25.68,25.65
2008-11-10,CINF,23473,CINCINNATI FINANCIAL CORP,,,-0.05653,0.3007019186995263,0.0020661157024793,-2.342662140254971e-09,-0.012653,6.140636642998343,24.2,162383.0,3929668.6,0.0250000000000003,24.25,24.2
2008-11-11,CINF,23473,CINCINNATI FINANCIAL CORP,,,-0.003719,-0.3459260782140834,0.0004147656574036,-2.365092732112643e-10,-0.022041,4.016430291348232,24.11,162383.0,3915054.13,0.0050000000000007,24.12,24.11
2008-11-12,CINF,23473,CINCINNATI FINANCIAL CORP,,,-0.039403,0.2111422876418276,0.0021588946459411,-2.153846610652246e-09,-0.051894,4.86446857121743,23.16,162383.0,3760790.28,0.0249999999999985,23.22,23.17
2008-11-13,CINF,23473,CINCINNATI FINANCIAL CORP,,,0.153281,0.9594205393799524,0.0003743916136279,3.707753200011061e-09,0.069213,9.531539631611684,26.71,162383.0,4337249.93,0.0050000000000007,26.71,26.7
2008-11-14,CINF,23473,CINCINNATI FINANCIAL CORP,,,-0.017971,-0.37551429162144,0.0003812428516964,-7.088393703650652e-10,-0.041699,5.952310278785341,26.23,162383.0,4259306.09,0.004999999999999,26.22,26.21
2008-11-17,CINF,23473,CINCINNATI FINANCIAL CORP,,,-0.033931,0.1885968088694476,0.0007892659826361,-1.1655458603493756e-09,-0.02581,7.074897002765068,25.34,162383.0,4114785.22,0.0099999999999997,25.34,25.32
2008-11-18,CINF,23473,CINCINNATI FINANCIAL CORP,,,0.040253,0.6034706221824915,0.0003793626707131,8.289553857162831e-10,0.009838,11.344389498900748,26.36,162383.0,4280415.88,0.004999999999999,26.36,26.35
2008-11-19,CINF,23473,CINCINNATI FINANCIAL CORP,,,-0.040971,0.7585476859471831,0.000395569620253,-5.002921116879233e-10,-0.061156,19.949649901775437,25.28,162383.0,4105042.24,0.004999999999999,25.29,25.28
2008-11-20,CINF,23473,CINCINNATI FINANCIAL CORP,,,-0.0625,0.0329243793147304,0.0033755274261604,-7.881108457703718e-10,-0.067123,20.60647974233756,23.7,162383.0,3848477.1,0.0400000000000009,23.78,23.7
2008-11-21,CINF,23473,CINCINNATI FINANCIAL CORP,,,0.034177,-0.3968800487247702,0.0008159934720522,6.909435464683515e-10,0.063248,12.428179058152638,24.51,162383.0,3980007.33,0.0099999999999997,24.66,24.64
2008-11-24,CINF,23473,CINCINNATI FINANCIAL CORP,,,0.130967,-0.203493341591824,0.0025252525252525,2.9392138166905652e-09,0.064723,9.89912737170763,27.72,162383.0,4501256.76,0.0350000000000001,27.72,27.65
2008-11-25,CINF,23473,CINCINNATI FINANCIAL CORP,,,-0.004329,-0.2028069302311114,0.0025362318840579,-1.2239890037438626e-10,0.006551,7.891515737484835,27.6,162383.0,4481770.8,0.0350000000000001,27.6,27.53
2008-11-26,CINF,23473,CINCINNATI FINANCIAL CORP,,,0.023551,-0.1026604278909483,-0.0003539823008848,7.249917964735525e-10,0.035328,7.081369355166489,28.25,162383.0,4587319.75,-0.004999999999999,28.23,28.24
2008-11-28,CINF,23473,CINCINNATI FINANCIAL CORP,,,0.035044,-0.3733961565152962,0.0020519835841312,1.663356888335087e-09,0.009643,4.437213255082121,29.24,162383.0,4748078.92,0.0299999999999993,29.22,29.16
2008-12-01,CINF,23473,CINCINNATI FINANCIAL CORP,,,-0.137825,0.6612456420846935,0.0003966679888932,-4.567414627988458e-09,-0.089295,7.37130118300561,25.21,162383.0,4093675.43,0.004999999999999,25.22,25.21
2008-12-02,CINF,23473,CINCINNATI FINANCIAL CORP,,,0.097184,0.1836447575302386,0.0032537960954448,2.4799133044519384e-09,0.039941,8.725002001441037,27.66,162383.0,4491513.78,0.0450000000000017,27.67,27.58
2008-12-03,CINF,23473,CINCINNATI FINANCIAL CORP,,,0.022415,0.2067699422356987,0.0003536067892504,4.6358434085649617e-10,0.025836,10.529070161285356,28.28,162383.0,4592191.24,0.0050000000000007,28.28,28.27
2008-12-04,CINF,23473,CINCINNATI FINANCIAL CORP,,,-0.045262,-0.2965657976466624,0.0014814814814814,-1.39384960091193e-09,-0.029308,7.406508070426091,27.0,162383.0,4384341.0,0.0199999999999995,27.04,27.0
2008-12-05,CINF,23473,CINCINNATI FINANCIAL CORP,,,0.072222,-0.0449092909151228,0.001727115716753,2.1718121650232444e-09,0.036499,7.073887044826121,28.95,162383.0,4700987.85,0.0250000000000003,29.0,28.95
2008-12-08,CINF,23473,CINCINNATI FINANCIAL CORP,,,0.019689,-0.1745187297756815,0.002710027100271,7.03398439712857e-10,0.038387,5.839361263186417,29.52,162383.0,4793546.16,0.0400000000000009,29.53,29.45
2008-12-09,CINF,23473,CINCINNATI FINANCIAL CORP,,,-0.015244,0.388251373900168,0.0003439972480219,-3.9836382267191814e-10,-0.023118,8.106501296317964,29.07,162383.0,4720473.81,0.004999999999999,29.08,29.07
2008-12-10,CINF,23473,CINCINNATI FINANCIAL CORP,,,0.018576,-0.3650716598372175,0.0013508949679162,7.506112435738322e-10,0.011894,5.147047412598609,29.61,162383.0,4808160.63,0.0199999999999995,29.61,29.57
2008-12-11,CINF,23473,CINCINNATI FINANCIAL CORP,,,-0.028369,0.6811842166660884,0.0006951685783802,-7.01762459062968e-10,-0.028524,8.65313487249281,28.77,162383.0,4671758.91,0.0099999999999997,28.79,28.77
2008-12-12,CINF,23473,CINCINNATI FINANCIAL CORP,,,0.049705,-0.1592644624452538,0.0036423841059602,1.3932199874991688e-09,0.007028,7.274997998558963,30.2,162383.0,4903966.6,0.0549999999999997,30.31,30.2
2008-12-15,CINF,23473,CINCINNATI FINANCIAL CORP,,,-0.025166,0.1152229340340089,0.0020380434782608,-6.488454385585043e-10,-0.012686,8.113244613044468,29.44,162383.0,4780555.5200000005,0.0299999999999993,29.45,29.39
2008-12-16,CINF,23473,CINCINNATI FINANCIAL CORP,,,0.077106,0.2993085901356633,0.000315357931252,1.4205106413982695e-09,0.05136,10.541608419600577,31.71,162383.0,5149164.93,0.0050000000000007,31.71,31.7
2008-12-17,CINF,23473,CINCINNATI FINANCIAL CORP,,,-0.041943,-0.0318984120604424,0.0023341113704567,-8.439459856258854e-10,-0.009593,10.205347850452323,29.99,162383.0,4869866.17,0.0349999999999983,29.99,29.92
2008-12-18,CINF,23473,CINCINNATI FINANCIAL CORP,,,-0.016672,-0.1076386018374643,0.001695489996609,-3.8229954474496647e-10,-0.021163,9.106858476564666,29.49,162383.0,4788674.67,0.0250000000000003,29.54,29.49
2008-12-19,CINF,23473,CINCINNATI FINANCIAL CORP,,,0.022041,0.4461607020291467,0.0003317850033177,3.4194979091877896e-10,0.002937,13.16998084774884,30.14,162383.0,4894223.62,0.004999999999999,30.15,30.14
2008-12-22,CINF,23473,CINCINNATI FINANCIAL CORP,,,-0.039151,-0.4961743324194875,0.0003453038674032,-1.254695408577409e-09,-0.018302,6.635374392639624,28.96,162383.0,4702611.68,0.004999999999999,28.97,28.96
2008-12-23,CINF,23473,CINCINNATI FINANCIAL CORP,,,-0.018646,-0.1919854993911675,0.0021111893033074,-7.535923108099732e-10,-0.009717,5.361478726221341,28.42,162383.0,4614924.86,0.0299999999999993,28.48,28.42
2008-12-24,CINF,23473,CINCINNATI FINANCIAL CORP,,,0.004926,-0.663422209408773,0.0003501400560223,5.886072422751285e-10,0.005781,1.804554663973445,28.56,162383.0,4637658.48,0.004999999999999,28.56,28.55
2008-12-26,CINF,23473,CINCINNATI FINANCIAL CORP,,,0.007003,0.3318033368710946,0.000347705146036,6.239424629644663e-10,0.005356,2.4033119230461315,28.76,162383.0,4670135.08,0.004999999999999,28.77,28.76
2008-12-29,CINF,23473,CINCINNATI FINANCIAL CORP,,,-0.006954,0.4179963459976374,0.0003501400560223,-4.3999796697401836e-10,-0.003873,3.40788752517197,28.56,162383.0,4637658.48,0.004999999999999,28.56,28.55
2008-12-30,CINF,23473,CINCINNATI FINANCIAL CORP,,,0.013305,1.0774255804750057,0.0020732550103662,3.9991257793822733e-10,0.024407,7.07963272017391,28.94,162383.0,4699364.0200000005,0.0299999999999993,28.93,28.87
2008-12-31,CINF,23473,CINCINNATI FINANCIAL CORP,,,0.004492,-0.0338470718816436,0.0017199862401101,1.3912255756633828e-10,0.014158,6.856179012345679,29.07,162000.0,4709340.0,0.0250000000000003,29.07,29.02
2009-01-02,CINF,23473,CINCINNATI FINANCIAL CORP,,,-0.00344,0.0608633646678988,0.0003451846738004,-1.0077512198686436e-10,0.031608,7.273469135802469,28.97,162000.0,4693140.0,0.004999999999999,28.97,28.96
2009-01-05,CINF,23473,CINCINNATI FINANCIAL CORP,,,-0.008975,0.8009245507518445,0.0003483106931383,-1.4731573311612295e-10,-0.004668,13.09896913580247,28.71,162000.0,4651020.0,0.0050000000000007,28.71,28.7
2009-01-06,CINF,23473,CINCINNATI FINANCIAL CORP,,,0.007315,-0.2074557747216937,0.0003457814661134,1.5039742565990947e-10,0.007817,10.381512345679011,28.92,162000.0,4685040.0,0.0050000000000007,28.92,28.91
2009-01-07,CINF,23473,CINCINNATI FINANCIAL CORP,,,-0.018672,0.0516772158484486,0.0028188865398167,-3.719806449386079e-10,-0.03001,10.918,28.38,162000.0,4597560.0,0.0399999999999991,28.45,28.37
2009-01-08,CINF,23473,CINCINNATI FINANCIAL CORP,,,0.025018,-0.2701445568423647,0.0013750429700927,6.662142397899702e-10,0.003397,7.968561728395062,29.09,162000.0,4712580.0,0.0199999999999995,29.13,29.09
2009-01-09,CINF,23473,CINCINNATI FINANCIAL CORP,,,-0.03472,0.009997621827134,0.0003561253561254,-9.483470685345494e-10,-0.021303,8.048228395061729,28.08,162000.0,4548960.0,0.0050000000000007,28.09,28.08
2009-01-12,CINF,23473,CINCINNATI FINANCIAL CORP,,,-0.040954,0.2327005483148274,0.0022279985146676,-9.462090039795563e-10,-0.022564,9.921055555555556,26.93,162000.0,4362660.0,0.0299999999999993,26.99,26.93
2009-01-13,CINF,23473,CINCINNATI FINANCIAL CORP,,,0.012254,0.0061261402516532,0.0007336757153339,2.7798841400459785e-10,0.001758,9.981833333333332,27.26,162000.0,4416120.0,0.0100000000000015,27.26,27.24
2009-01-14,CINF,23473,CINCINNATI FINANCIAL CORP,,,-0.061996,-0.0697885108564509,0.0011732499022292,-1.6118547879355967e-09,-0.03346,9.285216049382717,25.57,162000.0,4142340.0,0.0150000000000005,25.6,25.57
2009-01-15,CINF,23473,CINCINNATI FINANCIAL CORP,,,-0.004693,-0.2447365884304333,0.0003929273084479,-1.6231449077972847e-10,0.001329,7.012783950617284,25.45,162000.0,4122900.0,0.0050000000000007,25.46,25.45
2009-01-16,CINF,23473,CINCINNATI FINANCIAL CORP,,,0.004715,0.4087270954016078,0.0019554165037153,1.1521754764726623e-10,0.007562,9.8790987654321,25.57,162000.0,4142340.0,0.0250000000000003,25.61,25.56
2009-01-20,CINF,23473,CINCINNATI FINANCIAL CORP,,,-0.063747,0.3365735365974054,0.0016708437761068,-1.2448310293988452e-09,-0.052816,13.204141975308644,23.94,162000.0,3878280.0,0.0199999999999995,23.98,23.94
2009-01-21,CINF,23473,CINCINNATI FINANCIAL CORP,,,0.042189,0.0189895520064551,0.0004008016032063,7.757713748267691e-10,0.043491,13.454882716049385,24.95,162000.0,4041900.0,0.004999999999999,24.97,24.96
2009-01-22,CINF,23473,CINCINNATI FINANCIAL CORP,,,-0.063327,-0.03026117004658,0.0004278990158323,-1.281977743412466e-09,-0.015162,13.047722222222225,23.37,162000.0,3785940.0,0.0050000000000007,23.37,23.36
2009-01-23,CINF,23473,CINCINNATI FINANCIAL CORP,,,0.009842,-0.1176034225736387,0.0012711864406778,2.2359280588579503e-10,0.005378,11.513265432098766,23.6,162000.0,3823200.0,0.0149999999999987,23.58,23.55
2009-01-26,CINF,23473,CINCINNATI FINANCIAL CORP,,,-0.011017,-0.0862016921972453,0.0012853470437016,-2.7694824442389714e-10,0.005553,10.520802469135802,23.34,162000.0,3781080.0,0.0149999999999987,23.33,23.3
2009-01-27,CINF,23473,CINCINNATI FINANCIAL CORP,,,0.010711,0.0410750013201359,0.0008478168715557,2.5589168793423193e-10,0.010926,10.952944444444444,23.59,162000.0,3821580.0,0.0099999999999997,23.59,23.57
2009-01-28,CINF,23473,CINCINNATI FINANCIAL CORP,,,0.032217,0.3190404294014179,0.0024640657084189,5.653040866215293e-10,0.033558,14.447376543209876,24.35,162000.0,3944700.0,0.0300000000000011,24.44,24.38
2009-01-29,CINF,23473,CINCINNATI FINANCIAL CORP,,,-0.065708,-0.4240814364605475,0.0008791208791208,-2.1427512819825288e-09,-0.03312,8.320512345679012,22.75,162000.0,3685500.0,0.0099999999999997,22.77,22.75
2009-01-30,CINF,23473,CINCINNATI FINANCIAL CORP,,,-0.036044,0.5530605234868757,0.000455996352029,-7.851287572759368e-10,-0.022789,12.92225925925926,21.93,162000.0,3552660.0,0.004999999999999,21.93,21.92
2009-02-02,CINF,23473,CINCINNATI FINANCIAL CORP,,,-0.007752,-0.2501101076427602,0.0018382352941176,-2.2693626801475836e-10,-0.000533,9.690271604938273,21.76,162000.0,3525120.0000000005,0.0199999999999995,21.8,21.76
2009-02-03,CINF,23473,CINCINNATI FINANCIAL CORP,,,0.01057,-0.1799628493385245,0.0009095043201456,3.733922206989962e-10,0.015834,7.946382716049382,21.99,162000.0,3562379.9999999995,0.0100000000000015,22.01,21.99
2009-02-04,CINF,23473,CINCINNATI FINANCIAL CORP,,,0.001364,0.2484483195242186,0.0018165304268846,3.854268753396027e-11,-0.007489,9.920648148148148,22.02,162000.0,3567240.0,0.0199999999999995,22.02,21.98
2009-02-05,CINF,23473,CINCINNATI FINANCIAL CORP,,,-0.029973,0.3464516269533864,0.0009363295880149,-6.4845993497918e-10,0.016366,13.357672839506172,21.36,162000.0,3460320.0,0.0099999999999997,21.36,21.34
2009-02-06,CINF,23473,CINCINNATI FINANCIAL CORP,,,0.048221,0.0641366246707977,0.0017865118356408,9.3527410742332e-10,0.026896,14.21438888888889,22.39,162000.0,3627180.0,0.0199999999999995,22.4,22.36
2009-02-09,CINF,23473,CINCINNATI FINANCIAL CORP,,,-0.00134,-0.4123377850039801,0.0017889087656529,-4.428554807421505e-11,0.001485,8.353259259259259,22.36,162000.0,3622320.0,0.0199999999999995,22.4,22.36
2009-02-10,CINF,23473,CINCINNATI FINANCIAL CORP,,,-0.014758,1.7698562252628531,0.0013617793917385,-1.7872479466870198e-10,-0.049121,23.13732716049383,22.03,162000.0,3568860.0,0.0150000000000005,22.03,22.0
2009-02-11,CINF,23473,CINCINNATI FINANCIAL CORP,,,0.055379,-0.4528917117788662,0.0021505376344086,1.1615038560637086e-09,0.007955,12.658623456790124,23.25,162000.0,3766500.0,0.0250000000000003,23.3,23.25
2009-02-12,CINF,23473,CINCINNATI FINANCIAL CORP,,,0.006452,-0.0009406557867885,0.0008547008547008,1.3458160988774508e-10,0.001739,12.646716049382716,23.4,162000.0,3790800.0,0.0099999999999997,23.41,23.39
2009-02-13,CINF,23473,CINCINNATI FINANCIAL CORP,,,-0.029914,-0.3244710967762089,0.0004405286343613,-9.521643442915502e-10,-0.009998,8.543222222222223,22.7,162000.0,3677400.0,0.0050000000000007,22.71,22.7
2009-02-17,CINF,23473,CINCINNATI FINANCIAL CORP,,,-0.064317,0.307803745948344,0.0004708097928437,-1.672984710319689e-09,-0.045559,11.172858024691358,21.24,162000.0,3440879.9999999995,0.0050000000000007,21.25,21.24
2009-02-18,CINF,23473,CINCINNATI FINANCIAL CORP,,,0.02307,0.1635571874742749,0.000460193281178,5.041048087729801e-10,-0.00095,13.00025925925926,21.73,162000.0,3520260.0,0.004999999999999,21.74,21.73
2009-02-19,CINF,23473,CINCINNATI FINANCIAL CORP,,,-0.030373,-0.207312104886797,0.0009492168960607,-8.634832159897651e-10,-0.012024,10.273250339993725,21.07,162503.0,3423938.21,0.0099999999999997,21.09,21.07
2009-02-20,CINF,23473,CINCINNATI FINANCIAL CORP,,,0.00617,0.3431630121346516,0.0004716981132074,1.2979301627913236e-10,-0.011413,13.798649871079304,21.2,162503.0,3445063.6,0.004999999999999,21.22,21.21
2009-02-23,CINF,23473,CINCINNATI FINANCIAL CORP,,,-0.041981,-0.1925231969360332,0.000984736582964,-1.141602268650461e-09,-0.034699,11.142089684498131,20.31,162503.0,3300435.93,0.0099999999999997,20.32,20.3
2009-02-24,CINF,23473,CINCINNATI FINANCIAL CORP,,,0.056622,0.1615377690441355,0.0009319664492078,1.2545677487414015e-09,0.040103,12.941957994621635,21.46,162503.0,3487314.3800000004,0.0099999999999997,21.46,21.44
2009-02-25,CINF,23473,CINCINNATI FINANCIAL CORP,,,-0.036813,-0.1924157924442265,0.0004837929366232,-1.0486040908169106e-09,-0.010658,10.45172089130662,20.67,162503.0,3358937.01,0.0050000000000007,20.67,20.66
2009-02-26,CINF,23473,CINCINNATI FINANCIAL CORP,,,-0.005322,-0.0971917693689959,0.0014591439688714,-1.6881345701655644e-10,-0.01578,9.435899644929632,20.56,162503.0,3341061.68,0.0149999999999987,20.56,20.53
2009-02-27,CINF,23473,CINCINNATI FINANCIAL CORP,,,-0.000973,0.5113189188202134,0.0014605647517038,-2.0441444674366745e-11,-0.023564,14.260653649471086,20.54,162503.0,3337811.62,0.0149999999999987,20.54,20.51
2009-03-02,CINF,23473,CINCINNATI FINANCIAL CORP,,,-0.01704,-0.2489333947239987,0.0004952947003466,-4.849020318575803e-10,-0.04662,10.710700725525069,20.19,162503.0,3280935.5700000003,0.004999999999999,20.22,20.21
2009-03-03,CINF,23473,CINCINNATI FINANCIAL CORP,,,-0.031699,0.3905893695048781,0.0010230179028132,-6.69916427402623e-10,-0.006407,14.894186568863343,19.55,162503.0,3176933.65,0.0099999999999997,19.58,19.56
2009-03-04,CINF,23473,CINCINNATI FINANCIAL CORP,,,0.021995,-0.3932695684508439,0.0020020020020019,7.496430717404501e-10,0.023753,9.03670063506129,19.98,162504.0,3246829.92,0.0199999999999995,19.98,19.94
2009-03-05,CINF,23473,CINCINNATI FINANCIAL CORP,,,-0.073574,0.4909676540687777,0.0021609940572662,-1.8154144028474475e-09,-0.042532,13.473428346379166,18.51,162504.0,3007949.04,0.0199999999999995,18.63,18.59
2009-03-06,CINF,23473,CINCINNATI FINANCIAL CORP,,,0.003241,-0.0543935882668352,0.0021540118470651,8.429747115930438e-11,0.001216,12.740560232363512,18.57,162504.0,3017699.2800000003,0.0199999999999995,18.61,18.57
2009-03-09,CINF,23473,CINCINNATI FINANCIAL CORP,,,-0.02531,-0.3558084652568209,0.0005524861878453,-1.0484457797921943e-09,-0.010024,8.207361049574164,18.1,162504.0,2941322.4000000004,0.0050000000000007,18.1,18.09
2009-03-10,CINF,23473,CINCINNATI FINANCIAL CORP,,,0.065746,0.7808317881668614,0.0005184033177813,1.434982530801041e-09,0.063663,14.615929454044208,19.29,162504.0,3134702.16,0.0050000000000007,19.28,19.27
2009-03-11,CINF,23473,CINCINNATI FINANCIAL CORP,,,0.010886,-0.1148240508903238,0.001025641025641,2.6553001477647944e-10,0.002446,12.937669226603653,19.5,162504.0,3168828.0,0.0099999999999997,19.49,19.47
2009-03-12,CINF,23473,CINCINNATI FINANCIAL CORP,,,0.054872,0.1380844863283934,0.0004861448711716,1.1148640100524516e-09,0.040729,14.724160636045882,20.57,162504.0,3342707.2800000003,0.0050000000000007,20.48,20.47
2009-03-13,CINF,23473,CINCINNATI FINANCIAL CORP,,,0.02528,-0.2006114341955962,0.0009483167377904,6.266830603286377e-10,0.007739,11.770325653522375,21.09,162504.0,3427209.36,0.0099999999999997,21.09,21.07
2009-03-16,CINF,23473,CINCINNATI FINANCIAL CORP,,,-0.018018,0.1901920035551372,0.0024142926122644,-3.821702895026481e-10,-0.003516,14.008947472062228,20.71,162504.0,3365457.8400000003,0.0249999999999985,20.72,20.67
2009-03-17,CINF,23473,CINCINNATI FINANCIAL CORP,,,0.052632,-0.289407909475469,0.0004587155963303,1.4924625706142196e-09,0.03214,9.954647270221042,21.8,162504.0,3542587.2,0.0050000000000007,21.8,21.79
2009-03-18,CINF,23473,CINCINNATI FINANCIAL CORP,,,0.044037,0.6573454412828328,0.0008940545373267,7.342581429330593e-10,0.020858,16.498289272879436,22.37,162504.0,3635214.48,0.0099999999999997,22.38,22.36
2009-03-19,CINF,23473,CINCINNATI FINANCIAL CORP,,,-0.044703,-0.212493817692998,0.0018717828731866,-9.907753792160016e-10,-0.012979,12.99250479988185,21.37,162504.0,3472710.48,0.0199999999999995,21.4,21.36
2009-03-20,CINF,23473,CINCINNATI FINANCIAL CORP,,,-0.019654,0.0372404366149552,0.0014319809069212,-4.28381338672699e-10,-0.019769,13.47635135135135,20.95,162504.0,3404458.8,0.0150000000000005,20.98,20.95
2009-03-23,CINF,23473,CINCINNATI FINANCIAL CORP,,,0.112172,0.3172303068410806,0.0004291845493562,1.6689005090121256e-09,0.070758,17.751458425638752,23.3,162504.0,3786343.2,0.0050000000000007,23.3,23.29
2009-03-24,CINF,23473,CINCINNATI FINANCIAL CORP,,,-0.047639,-0.0869544417878844,0.0004506534474989,-8.151073158539137e-10,-0.020415,16.207890267316497,22.19,162504.0,3605963.76,0.0050000000000007,22.19,22.18
2009-03-25,CINF,23473,CINCINNATI FINANCIAL CORP,,,0.033348,-0.0386996663055978,0.0008722197993894,5.744022095115097e-10,0.009626,15.580650322453602,22.93,162504.0,3726216.72,0.0099999999999997,22.95,22.93
2009-03-26,CINF,23473,CINCINNATI FINANCIAL CORP,,,0.014392,0.2294422647178937,0.0038693035253654,1.9877129392075032e-10,0.02332,19.155510018214937,23.26,162504.0,3779843.04,0.0449999999999999,23.26,23.17
2009-03-27,CINF,23473,CINCINNATI FINANCIAL CORP,,,-0.024506,-0.3590844651214788,0.00220361392684,-5.413515190543647e-10,-0.020316,12.277063949195096,22.69,162504.0,3687215.76,0.0250000000000003,22.73,22.68
2009-03-30,CINF,23473,CINCINNATI FINANCIAL CORP,,,-0.031291,0.302979541590479,0.0018198362147406,-5.47640532620127e-10,-0.034819,15.996763156599222,21.98,162504.0,3571837.92,0.0199999999999995,22.02,21.98
2009-03-31,CINF,23473,CINCINNATI FINANCIAL CORP,,,0.040491,-0.0477354052912478,0.0013117621337997,7.152181552549298e-10,0.01313,15.280543209876544,22.87,162000.0,3704940.0,0.0150000000000005,22.87,22.84
2009-04-01,CINF,23473,CINCINNATI FINANCIAL CORP,,,0.037167,-0.1436640963575077,0.0012647554806069,7.39170901670247e-10,0.016557,13.085277777777778,23.72,162000.0,3842640.0,0.0149999999999987,23.7,23.67
2009-04-02,CINF,23473,CINCINNATI FINANCIAL CORP,,,0.01855,0.3272285553220446,0.0028973509933774,2.728998557462249e-10,0.028727,17.367154320987655,24.16,162000.0,3913920.0,0.0350000000000001,24.14,24.07
2009-04-03,CINF,23473,CINCINNATI FINANCIAL CORP,,,0.020281,-0.3007440254574496,0.0024340770791074,4.1820823257453717e-10,0.009732,12.144086419753087,24.65,162000.0,3993300.0,0.0299999999999993,24.65,24.59
2009-04-06,CINF,23473,CINCINNATI FINANCIAL CORP,,,-0.008519,-0.0602472777991828,0.0016366612111292,-1.8853585753050568e-10,-0.008332,11.412438271604938,24.44,162000.0,3959280.0,0.0199999999999995,24.47,24.43
2009-04-07,CINF,23473,CINCINNATI FINANCIAL CORP,,,-0.027823,0.0357293725981235,0.0021043771043771,-6.115300048784896e-10,-0.023855,11.820197530864196,23.76,162000.0,3849120.000000001,0.0250000000000003,23.77,23.72
2009-04-08,CINF,23473,CINCINNATI FINANCIAL CORP,,,0.017256,-0.3552550771017593,0.0012412081092262,5.782768437709382e-10,0.011783,7.621012345679012,24.17,162000.0,3915540.000000001,0.0149999999999987,24.2,24.17
2009-04-09,CINF,23473,CINCINNATI FINANCIAL CORP,,,0.069094,1.2613931268649703,0.0,9.57732177142556e-10,0.038053,17.234104938271606,25.84,162000.0,4186080.0,0.0,25.79,25.79
2009-04-13,CINF,23473,CINCINNATI FINANCIAL CORP,,,0.033669,-0.3107680184818718,0.0037439161362784,6.550691706232677e-10,0.002533,11.878296296296297,26.71,162000.0,4327020.0,0.0499999999999989,26.72,26.62
2009-04-14,CINF,23473,CINCINNATI FINANCIAL CORP,,,-0.052415,0.0456517852874107,0.0039510075069141,-1.0292175731844055e-09,-0.020065,12.42056172839506,25.31,162000.0,4100220.0,0.0499999999999989,25.36,25.26
2009-04-15,CINF,23473,CINCINNATI FINANCIAL CORP,,,0.055314,-0.2513255846662071,0.0026207412953949,1.3747126629902835e-09,0.012549,9.298956790123457,26.71,162000.0,4327020.0,0.0350000000000001,26.71,26.64
2009-04-16,CINF,23473,CINCINNATI FINANCIAL CORP,,,-0.001498,-0.054545478684387,0.0003749531308587,-3.943654959735265e-11,0.015539,8.79174074074074,26.67,162000.0,4320540.0,0.0050000000000007,26.66,26.65
2009-04-17,CINF,23473,CINCINNATI FINANCIAL CORP,,,-0.046494,0.6734119143809214,0.0015729453401495,-7.671102876811723e-10,0.004969,14.712203703703704,25.43,162000.0,4119660.0,0.0200000000000013,25.42,25.38
2009-04-20,CINF,23473,CINCINNATI FINANCIAL CORP,,,-0.056626,-0.0338943440336967,0.0012505210504377,-1.0251048021214943e-09,-0.04279,14.213543209876542,23.99,162000.0,3886380.0,0.0150000000000005,24.02,23.99
2009-04-21,CINF,23473,CINCINNATI FINANCIAL CORP,,,0.072947,-0.0537628431238854,0.0003885003885003,1.3007131375040314e-09,0.021252,13.449382716049383,25.74,162000.0,4169880.0,0.004999999999999,25.74,25.73
2009-04-22,CINF,23473,CINCINNATI FINANCIAL CORP,,,-0.04662,-0.0568340370846337,0.002444987775061,-9.24468727632274e-10,-0.007682,12.685,24.54,162000.0,3975480.0,0.0299999999999993,24.56,24.5
2009-04-23,CINF,23473,CINCINNATI FINANCIAL CORP,,,0.014262,-0.2392244169014632,0.0012053033346726,3.6651646045841625e-10,0.009922,9.65043827160494,24.89,162000.0,4032180.0,0.0150000000000005,24.89,24.86
2009-04-24,CINF,23473,CINCINNATI FINANCIAL CORP,,,-0.011249,0.3712311409128095,0.0012190166598942,-2.1322080751830736e-10,0.016797,13.23298148148148,24.61,162000.0,3986820.0,0.0149999999999987,24.65,24.62
2009-04-27,CINF,23473,CINCINNATI FINANCIAL CORP,,,-0.013816,-0.4182889460163834,0.0020601565718994,-4.5649130776764796e-10,-0.010067,7.671206500944261,24.27,162561.0,3945355.47,0.0250000000000003,24.32,24.27
2009-04-28,CINF,23473,CINCINNATI FINANCIAL CORP,,,-0.00206,-0.1936747768113106,0.0016515276630884,-8.458683987975402e-11,-0.00274,6.185487294000406,24.22,162561.0,3937227.42,0.0200000000000013,24.26,24.22
2009-04-29,CINF,23473,CINCINNATI FINANCIAL CORP,,,0.0545,0.4899986971902073,0.0062646828504307,1.424293326308088e-09,0.02161,9.216368009547184,25.54,162561.0,4151807.94,0.08,25.55,25.39
2009-04-30,CINF,23473,CINCINNATI FINANCIAL CORP,,,-0.062255,0.132009141502394,0.0004175365344468,-1.532648680748614e-09,-0.00095,10.43301283825764,23.95,162561.0,3893335.95,0.0050000000000007,23.94,23.93
2009-05-01,CINF,23473,CINCINNATI FINANCIAL CORP,,,-0.040501,-0.161765824430528,0.0017406440382942,-1.239721846981459e-09,0.005396,8.74530791518261,22.98,162561.0,3735651.78,0.0200000000000013,23.03,22.99
2009-05-04,CINF,23473,CINCINNATI FINANCIAL CORP,,,0.003046,0.902000920060268,0.0026030368763556,4.8871624936572375e-11,0.033868,16.633583700887666,23.05,162561.0,3747031.05,0.0299999999999993,23.15,23.09
2009-05-05,CINF,23473,CINCINNATI FINANCIAL CORP,,,-0.014751,-0.3622197271273519,0.0004403346543372,-3.766440028140524e-10,-0.003792,10.608571551602168,22.71,162561.0,3691760.31,0.004999999999999,22.72,22.71
2009-05-06,CINF,23473,CINCINNATI FINANCIAL CORP,,,0.037869,0.2722894221067646,0.0008485362749258,7.322595862193882e-10,0.017404,13.497173368766186,23.57,162561.0,3831562.77,0.0100000000000015,23.6,23.58
2009-05-07,CINF,23473,CINCINNATI FINANCIAL CORP,,,-0.024608,-0.2172462324200109,0.0021748586341886,-6.232366602612528e-10,-0.013202,10.564963306082024,22.99,162561.0,3737277.39,0.0249999999999985,22.99,22.94
2009-05-08,CINF,23473,CINCINNATI FINANCIAL CORP,,,0.07525,0.172558634860616,0.0004045307443364,1.5116077623594883e-09,0.024069,12.38803895153204,24.72,162561.0,4018507.92,0.004999999999999,24.7,24.69
2009-05-11,CINF,23473,CINCINNATI FINANCIAL CORP,,,-0.079693,0.0801082722716917,0.002197802197802,-1.6104697000365544e-09,-0.021512,13.380423348773691,22.75,162561.0,3698262.75,0.0249999999999985,22.81,22.76
2009-05-12,CINF,23473,CINCINNATI FINANCIAL CORP,,,0.008352,0.1045277649433253,0.0008718395815169,1.5154241992456162e-10,-0.000979,14.77904909541649,22.94,162561.0,3729149.34,0.0099999999999997,22.96,22.94
2009-05-13,CINF,23473,CINCINNATI FINANCIAL CORP,,,-0.037489,-0.2379420244853584,0.0013586956521739,-9.273718741494863e-10,-0.026895,11.262492233684586,22.08,162561.0,3589346.88,0.0150000000000005,22.1,22.07
2009-05-14,CINF,23473,CINCINNATI FINANCIAL CORP,,,0.032156,-0.2467711577514608,0.0004387889425185,1.0231513618958696e-09,0.010352,8.483233986011404,22.79,162561.0,3704765.19,0.004999999999999,22.77,22.76
2009-05-15,CINF,23473,CINCINNATI FINANCIAL CORP,,,-0.032032,-0.1236698203029201,0.000453309156845,-1.2015254412760663e-09,-0.01141,7.434113963373749,22.06,162561.0,3586095.66,0.0050000000000007,22.07,22.06
2009-05-18,CINF,23473,CINCINNATI FINANCIAL CORP,,,0.051677,0.4376403085816513,0.0004310344827586,1.2820751754083864e-09,0.030389,10.6875818923358,23.2,162561.0,3771415.2,0.0050000000000007,23.21,23.2
2009-05-19,CINF,23473,CINCINNATI FINANCIAL CORP,,,-0.023707,-0.3126597228937299,0.0013245033112581,-8.764775205846606e-10,-0.001737,7.346005499474043,22.65,162561.0,3682006.65,0.0149999999999987,22.65,22.62
2009-05-20,CINF,23473,CINCINNATI FINANCIAL CORP,,,-0.01457,-0.0168761001328114,0.0013440860215054,-5.560188257090611e-10,-0.005131,7.222033575088736,22.32,162561.0,3628361.52,0.0150000000000005,22.35,22.32
2009-05-21,CINF,23473,CINCINNATI FINANCIAL CORP,,,-0.00672,-0.0044419989080263,0.0004510599909787,-2.5933500849392766e-10,-0.016758,7.189953309834462,22.17,162561.0,3603977.37,0.004999999999999,22.18,22.17
2009-05-22,CINF,23473,CINCINNATI FINANCIAL CORP,,,-0.001804,-0.1581177714693457,0.0013556258472662,-8.284405435071256e-11,-0.001497,6.053093915514792,22.13,162561.0,3597474.93,0.0150000000000005,22.14,22.11
2009-05-26,CINF,23473,CINCINNATI FINANCIAL CORP,,,0.022142,0.5327882097201515,0.0013262599469496,6.490054149709054e-10,0.026302,9.27811098602986,22.62,162561.0,3677129.82,0.0150000000000005,22.61,22.58
2009-05-27,CINF,23473,CINCINNATI FINANCIAL CORP,,,-0.039346,0.0752026011447635,0.000460193281178,-1.1165408822701163e-09,-0.018971,9.975849065889111,21.73,162561.0,3532450.5300000003,0.004999999999999,21.74,21.73
2009-05-28,CINF,23473,CINCINNATI FINANCIAL CORP,,,0.020709,-0.14139807755395,0.0018034265103696,6.70562863240129e-10,0.015419,8.565283186004024,22.18,162561.0,3605602.98,0.0199999999999995,22.22,22.18
2009-05-29,CINF,23473,CINCINNATI FINANCIAL CORP,,,0.019387,-0.0260417227755909,0.0008845643520567,6.322831477914412e-10,0.013575,8.342228455779676,22.61,162561.0,3675504.21,0.0100000000000015,22.6,22.58
2009-06-01,CINF,23473,CINCINNATI FINANCIAL CORP,,,0.012826,0.2580654676094538,0.0021834061135371,3.282872911346017e-10,0.025818,10.49506954312535,22.9,162561.0,3722646.9,0.0250000000000003,22.91,22.86
2009-06-02,CINF,23473,CINCINNATI FINANCIAL CORP,,,0.033624,0.2511703668448715,0.0004224757076468,6.65476902265725e-10,0.001983,13.131120010334582,23.67,162561.0,3847818.87,0.0050000000000007,23.69,23.68
2009-06-03,CINF,23473,CINCINNATI FINANCIAL CORP,,,-0.008872,-0.5178201337201023,0.000852514919011,-3.6742298443385936e-10,-0.013739,6.331561690688418,23.46,162561.0,3813681.06,0.0099999999999997,23.48,23.46
2009-06-04,CINF,23473,CINCINNATI FINANCIAL CORP,,,0.027281,0.375245442135893,0.000414937759336,7.997160713340754e-10,0.011484,8.707451356721476,24.1,162561.0,3917720.1,0.004999999999999,24.13,24.12
2009-06-05,CINF,23473,CINCINNATI FINANCIAL CORP,,,0.00083,0.3300386014191532,0.0004145936981758,1.8278018987288926e-11,-0.002515,11.581246424419142,24.12,162561.0,3920971.32,0.0050000000000007,24.12,24.11
2009-06-08,CINF,23473,CINCINNATI FINANCIAL CORP,,,0.000829,-0.4368815595389287,0.0008285004142501,3.239260316430641e-11,-0.001011,6.521613425114265,24.14,162561.0,3924222.54,0.0099999999999997,24.14,24.12
2009-06-09,CINF,23473,CINCINNATI FINANCIAL CORP,,,-0.004971,-0.170978908843948,0.0012489592006661,-2.354690145584793e-10,0.003503,5.406555077786185,24.02,162561.0,3904715.22,0.0150000000000005,24.02,23.99
2009-06-10,CINF,23473,CINCINNATI FINANCIAL CORP,,,-0.007077,0.0538323690543238,0.00083857442348,-3.2037032691191135e-10,-0.00348,5.697602746046099,23.85,162561.0,3877079.85,0.0099999999999997,23.87,23.85
2009-06-11,CINF,23473,CINCINNATI FINANCIAL CORP,,,0.006289,-0.1323471617606412,0.0008333333333333,3.26073746485206e-10,0.006112,4.943541193767262,24.0,162561.0,3901464.0,0.0099999999999997,24.0,23.98
2009-06-12,CINF,23473,CINCINNATI FINANCIAL CORP,,,-0.006667,-0.0534302605562033,0.0004194630872483,-3.6763518371957046e-10,0.001397,4.679406499713954,23.84,162561.0,3875454.24,0.0050000000000007,23.85,23.84
2009-06-15,CINF,23473,CINCINNATI FINANCIAL CORP,,,-0.01552,0.7900797829336299,0.0025564550489986,-4.856228389107018e-10,-0.023769,8.376510971266171,23.47,162561.0,3815306.67,0.0299999999999993,23.47,23.41
2009-06-16,CINF,23473,CINCINNATI FINANCIAL CORP,,,-0.013208,-0.150337741078392,0.0004317789291881,-4.929157026671575e-10,-0.01272,7.117205233727647,23.16,162561.0,3764912.76,0.004999999999999,23.18,23.17
2009-06-17,CINF,23473,CINCINNATI FINANCIAL CORP,,,-0.015544,0.0634565852478004,0.000446229361892,-5.637354092943455e-10,-0.001382,7.568838774367776,22.41,162561.0,3642992.01,0.0050000000000007,22.42,22.41
2009-06-18,CINF,23473,CINCINNATI FINANCIAL CORP,,,0.011602,-0.004918733613026,0.0013233348037052,4.1800085903247725e-10,0.008411,7.531609672676718,22.67,162561.0,3685257.87,0.0149999999999987,22.72,22.69
2009-06-19,CINF,23473,CINCINNATI FINANCIAL CORP,,,0.001323,0.2520365974977661,0.0,3.8020059889382265e-11,0.003114,9.429850948259425,22.7,162561.0,3690134.7,0.0,22.67,22.67
2009-06-22,CINF,23473,CINCINNATI FINANCIAL CORP,,,-0.042291,0.2595226384052458,0.000459981600736,-1.0075375631152026e-09,-0.0306,11.877110746119918,21.74,162561.0,3534076.14,0.0050000000000007,21.75,21.74
2009-06-23,CINF,23473,CINCINNATI FINANCIAL CORP,,,0.0046,-0.2778306931744317,0.0018315018315017,1.5105635574792132e-10,0.002307,8.577284834615929,21.84,162561.0,3550332.24,0.0199999999999995,21.89,21.85
2009-06-24,CINF,23473,CINCINNATI FINANCIAL CORP,,,0.001831,-0.2471061411485929,0.0013711151736746,7.971518848951061e-11,0.006524,6.457785077601638,21.88,162561.0,3556834.68,0.0150000000000005,21.89,21.86
2009-06-25,CINF,23473,CINCINNATI FINANCIAL CORP,,,0.009141,0.0079368708229501,0.0004528985507245,3.912563133128989e-10,0.021444,6.509039683564938,22.08,162561.0,3589346.88,0.004999999999999,22.08,22.07
2009-06-26,CINF,23473,CINCINNATI FINANCIAL CORP,,,0.002717,-0.0460686729999357,0.0009033423667569,1.2157985726139923e-10,-0.001478,6.209176862839181,22.14,162561.0,3599100.54,0.0099999999999997,22.12,22.1
2009-06-29,CINF,23473,CINCINNATI FINANCIAL CORP,,,0.009485,-0.0447358253167817,0.0008948545861298,4.401350191316623e-10,0.009065,5.931404211342204,22.35,162561.0,3633238.35,0.0100000000000015,22.35,22.33
2009-06-30,CINF,23473,CINCINNATI FINANCIAL CORP,,,0.0,0.1089881406117929,0.0008948545861298,0.0,-0.008531,6.600635802469136,22.35,162000.0,3620700.0,0.0100000000000015,22.35,22.33
2009-07-01,CINF,23473,CINCINNATI FINANCIAL CORP,,,0.010738,0.0005947799641448,0.0008853474988932,4.4427118943773534e-10,0.004362,6.604561728395062,22.59,162000.0,3659580.0,0.0099999999999997,22.61,22.59
2009-07-02,CINF,23473,CINCINNATI FINANCIAL CORP,,,-0.03143,0.0961671646701354,0.0013711151736746,-1.2247889413144796e-09,-0.029145,7.239703703703704,21.88,162000.0,3544560.0,0.0150000000000005,21.91,21.88
2009-07-06,CINF,23473,CINCINNATI FINANCIAL CORP,,,0.024223,0.1761641906087145,0.000892458723784,7.835781422726577e-10,0.002566,8.51508024691358,22.41,162000.0,3630420.0,0.0099999999999997,22.44,22.42
2009-07-07,CINF,23473,CINCINNATI FINANCIAL CORP,,,-0.03436,0.0505885346476802,0.0009242144177448,-1.0956188158830651e-09,-0.019684,8.945845679012345,21.64,162000.0,3505680.0,0.0099999999999997,21.66,21.64
2009-07-08,CINF,23473,CINCINNATI FINANCIAL CORP,,,-0.002311,0.1825179906253471,0.0004631773969429,-6.246016537749611e-11,-0.001669,10.578623456790124,21.59,162000.0,3497580.0,0.004999999999999,21.58,21.57
2009-07-09,CINF,23473,CINCINNATI FINANCIAL CORP,,,0.007411,-0.4926088425470186,0.0004597701149426,3.918595941323904e-10,0.003547,5.3675,21.75,162000.0,3523500.0,0.0050000000000007,21.75,21.74
2009-07-10,CINF,23473,CINCINNATI FINANCIAL CORP,,,-0.009655,-0.095409615484138,0.001392757660167,-5.698591742878559e-10,-0.004022,4.855388888888889,21.54,162000.0,3489480.0,0.0149999999999987,21.54,21.51
2009-07-13,CINF,23473,CINCINNATI FINANCIAL CORP,,,0.058496,1.7096048300666309,0.0004385964912281,1.2037778011223746e-09,0.024934,13.156185185185183,22.8,162000.0,3693600.0,0.0050000000000007,22.8,22.79
2009-07-14,CINF,23473,CINCINNATI FINANCIAL CORP,,,-0.029386,-0.2957192364104195,0.0018075011296881,-8.846433993380837e-10,0.005316,9.265648148148149,22.13,162000.0,3585060.0,0.0199999999999995,22.14,22.1
2009-07-15,CINF,23473,CINCINNATI FINANCIAL CORP,,,0.032083,0.2007508152707964,-0.0008756567425568,7.793547068179043e-10,0.02963,11.125734567901237,22.84,162000.0,3700080.0,-0.0099999999999997,22.78,22.8
2009-07-16,CINF,23473,CINCINNATI FINANCIAL CORP,,,0.009632,-0.256373694842732,0.0004336513443192,3.1164396249482164e-10,0.008642,8.273388888888888,23.06,162000.0,3735720.0,0.0050000000000007,23.05,23.04
2009-07-17,CINF,23473,CINCINNATI FINANCIAL CORP,,,0.001735,0.0828664564135048,0.0012987012987011,5.175045172178883e-11,-0.000383,8.958975308641975,23.1,162000.0,3742200.0,0.0149999999999987,23.13,23.1
2009-07-20,CINF,23473,CINCINNATI FINANCIAL CORP,,,0.006926,-0.19665980870277,0.0004299226139295,2.5538767080347516e-10,0.011432,7.197104938271605,23.26,162000.0,3768120.000000001,0.0050000000000007,23.25,23.24
2009-07-21,CINF,23473,CINCINNATI FINANCIAL CORP,,,0.009028,0.0994038240684911,0.0004260758414998,3.000878195968477e-10,0.003627,7.912524691358024,23.47,162000.0,3802140.0,0.0050000000000007,23.48,23.47
2009-07-22,CINF,23473,CINCINNATI FINANCIAL CORP,,,0.008948,-0.2650119477715046,0.0008445945945945,4.0108267723594287e-10,-0.000534,5.815611111111111,23.68,162000.0,3836160.0,0.0099999999999997,23.68,23.66
2009-07-23,CINF,23473,CINCINNATI FINANCIAL CORP,,,0.022382,0.5276803919633086,0.0008261049153242,6.423344654376404e-10,0.02329,8.884395061728394,24.21,162000.0,3922020.0,0.0099999999999997,24.21,24.19
2009-07-24,CINF,23473,CINCINNATI FINANCIAL CORP,,,0.00537,-0.5783375206354324,0.0004108463434676,3.6353470488257396e-10,0.003042,3.746216049382716,24.34,162000.0,3943080.0,0.0050000000000007,24.34,24.33
2009-07-27,CINF,23473,CINCINNATI FINANCIAL CORP,,,0.016845,0.4140457778795723,0.0004040404040404,7.930937145098506e-10,0.002982,5.297320987654321,24.75,162000.0,4009500.0,0.0050000000000007,24.75,24.74
2009-07-28,CINF,23473,CINCINNATI FINANCIAL CORP,,,0.000404,0.0834675342532795,0.0016155088852988,1.7548642164690686e-11,-0.002606,5.739475308641976,24.76,162000.0,4011120.000000001,0.0199999999999995,24.77,24.73
2009-07-29,CINF,23473,CINCINNATI FINANCIAL CORP,,,-0.004847,-0.0444345258901155,0.0020292207792206,-2.2140359078162966e-10,-0.004563,5.484444444444445,24.64,162000.0,3991680.0,0.0249999999999985,24.65,24.6
2009-07-30,CINF,23473,CINCINNATI FINANCIAL CORP,,,-0.007711,0.8824903205474519,0.0004089979550101,-1.885608085284995e-10,0.011896,10.324413580246912,24.45,162000.0,3960900.0,0.004999999999999,24.45,24.44
2009-07-31,CINF,23473,CINCINNATI FINANCIAL CORP,,,-0.01227,0.2018163827198507,0.0020703933747412,-2.5276032193433306e-10,0.00074,12.40804938271605,24.15,162000.0,3912300.0,0.0250000000000003,24.16,24.11
2009-08-03,CINF,23473,CINCINNATI FINANCIAL CORP,,,0.013251,-0.2763896793399745,0.0008173273395994,3.7229860109757305e-10,0.015342,8.978592592592593,24.47,162000.0,3964140.0,0.0099999999999997,24.47,24.45
2009-08-04,CINF,23473,CINCINNATI FINANCIAL CORP,,,0.021659,-0.2611802284171128,0.0004,8.061885083055952e-10,0.003012,6.607661327512528,25.0,162635.0,4065875.0,0.0050000000000007,25.0,24.99
2009-08-05,CINF,23473,CINCINNATI FINANCIAL CORP,,,-0.0104,1.045220851320027,0.0004042037186741,-1.9126329920385656e-10,-0.002914,13.514126725489591,24.74,162635.0,4023589.9,0.004999999999999,24.77,24.76
2009-08-06,CINF,23473,CINCINNATI FINANCIAL CORP,,,-0.02021,-0.1419829198269233,0.0004125412541254,-4.421155230842231e-10,-0.005625,11.595351554093522,24.24,162635.0,3942272.4,0.0050000000000007,24.25,24.24
2009-08-07,CINF,23473,CINCINNATI FINANCIAL CORP,,,0.016089,-0.0721668672877967,0.0008120178643929,3.733333853480089e-10,0.013439,10.758551357333909,24.63,162635.0,4005700.05,0.0099999999999997,24.62,24.6
2009-08-10,CINF,23473,CINCINNATI FINANCIAL CORP,,,-0.003248,-0.2950820046899013,0.00040733197556,-1.0726501930175071e-10,-0.003345,7.583896455252559,24.55,162635.0,3992689.25,0.004999999999999,24.56,24.55
2009-08-11,CINF,23473,CINCINNATI FINANCIAL CORP,,,-0.003259,0.4627823581348249,0.0004086636697996,-7.381833891902592e-11,-0.01266,11.093589940664678,24.47,162635.0,3979678.45,0.004999999999999,24.49,24.48
2009-08-12,CINF,23473,CINCINNATI FINANCIAL CORP,,,0.01226,-0.052442459453078,0.0012111425111021,2.895161192955779e-10,0.011525,10.511814800012298,24.77,162635.0,4028468.95,0.0150000000000005,24.8,24.77
2009-08-13,CINF,23473,CINCINNATI FINANCIAL CORP,,,0.01413,-0.1984102611797338,0.000796178343949,4.10467392835173e-10,0.00688,8.426162880068865,25.12,162635.0,4085391.2,0.0099999999999997,25.13,25.11
2009-08-14,CINF,23473,CINCINNATI FINANCIAL CORP,,,-0.006768,-0.2308198620975504,0.0008016032064128,-2.5734626824830487e-10,-0.008531,6.481237126079872,24.95,162635.0,4057743.25,0.0099999999999997,24.97,24.95
2009-08-17,CINF,23473,CINCINNATI FINANCIAL CORP,,,-0.020441,0.1863869398411499,0.0004091653027822,-6.68809840387087e-10,-0.024261,7.689255080394749,24.44,162635.0,3974799.4,0.004999999999999,24.45,24.44
2009-08-18,CINF,23473,CINCINNATI FINANCIAL CORP,,,-0.000409,0.0305075719168168,0.0008186655751125,-1.2991232986484746e-11,0.010146,7.923835582746642,24.43,162635.0,3973173.05,0.0099999999999997,24.43,24.41
2009-08-19,CINF,23473,CINCINNATI FINANCIAL CORP,,,0.006959,0.1152594139954201,0.0012195121951219,1.968277654551359e-10,0.006861,8.837132228610077,24.6,162635.0,4000821.0,0.0150000000000005,24.6,24.57
2009-08-20,CINF,23473,CINCINNATI FINANCIAL CORP,,,0.000407,0.1491963343299283,0.0008126777732628,1.001297648293594e-11,0.010949,10.155599963107573,24.61,162635.0,4002447.35,0.0099999999999997,24.62,24.6
2009-08-21,CINF,23473,CINCINNATI FINANCIAL CORP,,,0.011784,-0.00508943750999,0.0004016064257027,2.879981816815413e-10,0.018623,10.10391367171888,24.9,162635.0,4049611.5,0.004999999999999,24.9,24.89
2009-08-24,CINF,23473,CINCINNATI FINANCIAL CORP,,,-0.01004,-0.1194869922409858,0.0008113590263692,-2.8149933425898115e-10,-0.000546,8.896627417222614,24.65,162635.0,4008952.75,0.0100000000000015,24.67,24.65
2009-08-25,CINF,23473,CINCINNATI FINANCIAL CORP,,,0.018661,0.2144373188803949,0.001194743130227,4.229350506593274e-10,0.002369,10.804396347649645,25.11,162635.0,4083764.85,0.0150000000000005,25.11,25.08
2009-08-26,CINF,23473,CINCINNATI FINANCIAL CORP,,,0.005177,-0.4160324566789951,0.0003961965134706,1.9988747551364911e-10,0.000117,6.3094167922034,25.24,162635.0,4104907.4,0.004999999999999,25.24,25.23
2009-08-27,CINF,23473,CINCINNATI FINANCIAL CORP,,,0.007528,0.1930921168036861,0.0003932363350374,2.41799858704471e-10,0.002782,7.527715436406678,25.43,162635.0,4135808.05,0.0050000000000007,25.44,25.43
2009-08-28,CINF,23473,CINCINNATI FINANCIAL CORP,,,0.003146,-0.2973535249577299,0.0007840062720501,1.4336204265781868e-10,-0.001988,5.289322716512436,25.51,162635.0,4148818.85,0.0099999999999997,25.53,25.51
2009-08-31,CINF,23473,CINCINNATI FINANCIAL CORP,,,0.008232,0.4906530702870979,0.0003888024883359,2.4959951618153725e-10,-0.008076,7.884545147108556,25.72,162635.0,4182972.2,0.0050000000000007,25.75,25.74
2009-09-01,CINF,23473,CINCINNATI FINANCIAL CORP,,,-0.033437,0.3470942515146575,0.0004022526146419,-7.78641486907327e-10,-0.022124,10.621225443477726,24.86,162635.0,4043106.1,0.004999999999999,24.88,24.87
2009-09-02,CINF,23473,CINCINNATI FINANCIAL CORP,,,-0.010861,0.0545240980141636,0.0008133387555916,-2.424745349603253e-10,-0.003296,11.200338180588432,24.59,162635.0,3999194.65,0.0099999999999997,24.59,24.57
2009-09-03,CINF,23473,CINCINNATI FINANCIAL CORP,,,0.0122,-0.2329450412749023,0.0004017677782241,3.5080300293972513e-10,0.008535,8.591274940818398,24.89,162635.0,4047985.15,0.004999999999999,24.9,24.89
2009-09-04,CINF,23473,CINCINNATI FINANCIAL CORP,,,0.000402,-0.4784296492661972,0.0008032128514056,2.215349129103273e-11,0.013118,4.4809542841331815,24.9,162635.0,4049611.5,0.0099999999999997,24.91,24.89
2009-09-08,CINF,23473,CINCINNATI FINANCIAL CORP,,,0.005221,0.7857881881552227,0.0011985617259289,1.6027964445448592e-10,0.008845,8.002035232268577,25.03,162635.0,4070754.05,0.0150000000000005,25.05,25.02
2009-09-09,CINF,23473,CINCINNATI FINANCIAL CORP,,,0.015981,-0.0019094659565656,0.0007864726700746,4.838081515214883e-10,0.007782,7.986755618409322,25.43,162635.0,4135808.05,0.0099999999999997,25.43,25.41
2009-09-10,CINF,23473,CINCINNATI FINANCIAL CORP,,,0.00118,0.074343727048346,0.0003927729772192,3.3212070079793836e-11,0.010422,8.580520798106189,25.46,162635.0,4140687.1,0.0050000000000007,25.46,25.45
2009-09-11,CINF,23473,CINCINNATI FINANCIAL CORP,,,0.002749,-0.403928217482997,0.0007833920877398,1.2944870182498868e-10,-0.00135,5.114606327051373,25.53,162635.0,4152071.55,0.0099999999999997,25.53,25.51
2009-09-14,CINF,23473,CINCINNATI FINANCIAL CORP,,,0.01606,0.0987492396136635,0.000385505011565,6.774086782977623e-10,0.006339,5.619669812770929,25.94,162635.0,4218751.9,0.004999999999999,25.93,25.92
2009-09-15,CINF,23473,CINCINNATI FINANCIAL CORP,,,-0.006168,0.4992105738247507,0.0011636927851047,-1.7461196605306262e-10,0.003135,8.425068404709933,25.78,162635.0,4192730.3,0.0150000000000005,25.78,25.75
2009-09-16,CINF,23473,CINCINNATI FINANCIAL CORP,,,0.026959,0.120601863508613,0.000383435582822,6.732206078370349e-10,0.015324,9.441147354505487,26.08,162635.0,4241520.8,0.004999999999999,26.08,26.07
2009-09-17,CINF,23473,CINCINNATI FINANCIAL CORP,,,-0.021089,-0.3095207237435532,0.00039169604387,-7.79140417237958e-10,-0.00306,6.518916592369417,25.53,162635.0,4152071.55,0.0050000000000007,25.55,25.54
2009-09-18,CINF,23473,CINCINNATI FINANCIAL CORP,,,0.015276,0.5110657948847581,0.0003858024691358,3.6787632493851695e-10,0.002637,9.85051188243613,25.92,162635.0,4215499.2,0.0050000000000007,25.92,25.91
2009-09-21,CINF,23473,CINCINNATI FINANCIAL CORP,,,-0.008102,-0.4773869283999505,0.0003889537145078,-3.7638913711664207e-10,-0.003407,5.148006271712731,25.71,162635.0,4181345.85,0.004999999999999,25.7,25.69
2009-09-22,CINF,23473,CINCINNATI FINANCIAL CORP,,,-0.005834,-0.0086557594780983,0.0007824726134585,-2.7499703173841517e-10,0.006575,5.103446367633043,25.56,162635.0,4156950.6,0.0099999999999997,25.58,25.56
2009-09-23,CINF,23473,CINCINNATI FINANCIAL CORP,,,-0.007042,0.2656689947819215,0.0,-2.6412328649098966e-10,-0.010068,6.459273834045562,25.38,162635.0,4127676.3,0.0,25.38,25.38
2009-09-24,CINF,23473,CINCINNATI FINANCIAL CORP,,,0.0,-0.1506762468300929,0.0003940110323089,0.0,-0.009511,5.486014695483752,25.38,162635.0,4127676.3,0.0050000000000007,25.39,25.38
2009-09-25,CINF,23473,CINCINNATI FINANCIAL CORP,,,-0.004728,-0.0469918786664246,0.0007917656373713,-2.201286344023215e-10,-0.006091,5.228216558551357,25.26,162635.0,4108160.1,0.0099999999999997,25.28,25.26
2009-09-28,CINF,23473,CINCINNATI FINANCIAL CORP,,,0.034046,-0.2648457998496984,0.0003828483920368,2.085196067043138e-09,0.01781,3.843545362314385,26.12,162635.0,4248026.2,0.0050000000000007,26.12,26.11
2009-09-29,CINF,23473,CINCINNATI FINANCIAL CORP,,,-0.000766,0.4010430414576984,0.0011494252873563,-3.351126018809573e-11,-0.00223,5.3849724843975775,26.1,162635.0,4244773.5,0.0150000000000005,26.14,26.11
2009-09-30,CINF,23473,CINCINNATI FINANCIAL CORP,,,-0.004215,0.5809999029442157,0.000384763370527,-1.1712833065426338e-10,-0.003328,8.547012345679013,25.99,162000.0,4210380.0,0.004999999999999,25.99,25.98
2009-10-01,CINF,23473,CINCINNATI FINANCIAL CORP,,,-0.015006,0.055301253199443,0.0003906249999999,-4.011614358737109e-10,-0.02576,9.019672839506171,25.6,162000.0,4147200.0,0.004999999999999,25.61,25.6
2009-10-02,CINF,23473,CINCINNATI FINANCIAL CORP,,,-0.003516,-0.1218830991515802,0.0003920031360251,-1.0741879398174643e-10,-0.004506,7.9203271604938275,25.51,162000.0,4132620.000000001,0.0050000000000007,25.51,25.5
2009-10-05,CINF,23473,CINCINNATI FINANCIAL CORP,,,0.00588,0.068271746475119,0.0003897116134061,1.6717864311076066e-10,0.014875,8.461061728395062,25.66,162000.0,4156920.0,0.0050000000000007,25.66,25.65
2009-10-06,CINF,23473,CINCINNATI FINANCIAL CORP,,,0.008963,-0.2981260560359293,0.0003862495171881,3.5985069664113843e-10,0.013705,5.938598765432099,25.89,162000.0,4194180.0,0.0050000000000007,25.89,25.88
2009-10-07,CINF,23473,CINCINNATI FINANCIAL CORP,,,0.0,-0.1579538757220236,0.0003862495171881,0.0,0.002712,5.000574074074074,25.89,162000.0,4194180.0,0.0050000000000007,25.89,25.88
2009-10-08,CINF,23473,CINCINNATI FINANCIAL CORP,,,-0.002704,0.4893401128018635,0.0011618900077458,-8.680039134957983e-11,0.00747,7.447555555555556,25.82,162000.0,4182840.0,0.0149999999999987,25.83,25.8
2009-10-09,CINF,23473,CINCINNATI FINANCIAL CORP,,,0.006197,-0.4084976096225127,0.0011547344110853,3.3423896613636637e-10,0.005641,4.405246913580247,25.98,162000.0,4208760.0,0.0149999999999987,25.99,25.96
2009-10-12,CINF,23473,CINCINNATI FINANCIAL CORP,,,-0.006159,-0.2194521123800182,0.0019364833462432,-4.282221654361824e-10,0.004386,3.438506172839506,25.82,162000.0,4182840.0,0.0250000000000003,25.88,25.83
2009-10-13,CINF,23473,CINCINNATI FINANCIAL CORP,,,-0.002324,0.9074605323155692,0.000388198757764,-8.490824835142964e-11,-0.002788,6.558814814814815,25.76,162000.0,4173120.000000001,0.0050000000000007,25.76,25.75
2009-10-14,CINF,23473,CINCINNATI FINANCIAL CORP,,,0.015528,0.28613363600771,0.0003822629969419,4.3436147858983605e-10,0.017546,8.435512345679012,26.16,162000.0,4237920.0,0.0050000000000007,26.17,26.16
2009-10-15,CINF,23473,CINCINNATI FINANCIAL CORP,,,0.0,-0.3396201976798558,0.0007645259938837,0.0,0.004157,5.570641975308642,26.16,162000.0,4237920.0,0.0099999999999997,26.18,26.16
2009-10-16,CINF,23473,CINCINNATI FINANCIAL CORP,,,-0.015673,0.0741774558864594,0.0007766990291261,-6.278828269209419e-10,-0.008098,5.983858024691358,25.75,162000.0,4171500.0,0.0099999999999997,25.77,25.75
2009-10-19,CINF,23473,CINCINNATI FINANCIAL CORP,,,0.019029,-0.1962419472139552,0.0015243902439024,9.30744552442964e-10,0.009405,4.809574074074074,26.24,162000.0,4250880.0,0.0199999999999995,26.25,26.21
2009-10-20,CINF,23473,CINCINNATI FINANCIAL CORP,,,-0.014863,0.2565715759846294,0.0003868471953577,-5.872689863025089e-10,-0.006239,6.043574074074074,25.85,162000.0,4187700.0,0.004999999999999,25.86,25.85
2009-10-21,CINF,23473,CINCINNATI FINANCIAL CORP,,,-0.007737,0.0054307248082086,0.0003898635477583,-3.0642501127677307e-10,-0.008854,6.076395061728396,25.65,162000.0,4155300.0,0.0050000000000007,25.64,25.63
2009-10-22,CINF,23473,CINCINNATI FINANCIAL CORP,,,0.017934,0.0407435776573179,0.0003829950210646,6.704486758467244e-10,0.010644,6.323969135802469,26.11,162000.0,4229820.0,0.004999999999999,26.11,26.1
2009-10-23,CINF,23473,CINCINNATI FINANCIAL CORP,,,-0.016086,0.1580367853834567,0.00116776956014,-5.277847638060862e-10,-0.012179,7.323388888888889,25.69,162000.0,4161780.0,0.0149999999999987,25.72,25.69
2009-10-26,CINF,23473,CINCINNATI FINANCIAL CORP,,,-0.012845,0.1697394362220148,0.0003943217665615,-3.649796213109884e-10,-0.011717,8.529548066699038,25.36,162701.0,4126097.36,0.0050000000000007,25.37,25.36
2009-10-27,CINF,23473,CINCINNATI FINANCIAL CORP,,,-0.007098,-0.3896910574261079,0.0011914217633042,-3.3282373695966075e-10,-0.003318,5.205659461220275,25.18,162701.0,4096811.18,0.0150000000000005,25.21,25.18
2009-10-28,CINF,23473,CINCINNATI FINANCIAL CORP,,,-0.000794,0.99349796804122,0.0011923688394277,-1.8690808663015615e-11,-0.019541,10.377471558257172,25.16,162701.0,4093557.16,0.0150000000000005,25.19,25.16
2009-10-29,CINF,23473,CINCINNATI FINANCIAL CORP,,,0.02027,0.4008125916164473,0.0007791195948579,3.3386129156562354e-10,0.02252,14.5368928279482,25.67,162701.0,4176534.67,0.0100000000000015,25.67,25.65
2009-10-30,CINF,23473,CINCINNATI FINANCIAL CORP,,,-0.012076,0.0481023115915282,0.0003943217665615,-1.9209159623648543e-10,-0.028065,15.236150976330816,25.36,162701.0,4126097.36,0.0050000000000007,25.37,25.36
2009-11-02,CINF,23473,CINCINNATI FINANCIAL CORP,,,0.012618,-0.3527027915594466,0.0003894080996885,3.062148724000152e-10,0.006456,9.862317994357747,25.68,162701.0,4178161.68,0.0050000000000007,25.67,25.66
2009-11-03,CINF,23473,CINCINNATI FINANCIAL CORP,,,-0.001558,-0.1058762601979672,0.000390015600624,-4.235284440871215e-11,0.002426,8.818132648232034,25.64,162701.0,4171653.64,0.0050000000000007,25.64,25.63
2009-11-04,CINF,23473,CINCINNATI FINANCIAL CORP,,,-0.00195,0.1021607715517811,0.0003907776475186,-4.818951177621297e-11,0.001043,9.71899988322137,25.59,162701.0,4163518.59,0.0050000000000007,25.59,25.58
2009-11-05,CINF,23473,CINCINNATI FINANCIAL CORP,,,0.010942,-0.2982341643631691,0.0003865481252415,3.811502957921364e-10,0.019236,6.820462074603106,25.87,162701.0,4209074.87,0.004999999999999,25.88,25.87
2009-11-06,CINF,23473,CINCINNATI FINANCIAL CORP,,,-0.003479,-0.0485781691562373,0.0003878975950349,-1.2781869607719482e-10,0.002503,6.489136514219335,25.78,162701.0,4194431.78,0.0050000000000007,25.78,25.77
2009-11-09,CINF,23473,CINCINNATI FINANCIAL CORP,,,0.02405,0.0427263402062343,0.0003787878787878,8.274917576315796e-10,0.022239,6.766393568570568,26.4,162701.0,4295306.399999999,0.004999999999999,26.4,26.39
2009-11-10,CINF,23473,CINCINNATI FINANCIAL CORP,,,-0.004924,0.0323335746512623,0.00114198705748,-1.6492649978021888e-10,-6.4e-05,6.985175260139766,26.27,162701.0,4274155.27,0.0150000000000005,26.27,26.24
2009-11-11,CINF,23473,CINCINNATI FINANCIAL CORP,,,0.008375,-0.3357788639633258,0.0003775009437522,4.188153946733551e-10,0.005032,4.639701046705306,26.49,162701.0,4309949.489999999,0.004999999999999,26.49,26.48
2009-11-12,CINF,23473,CINCINNATI FINANCIAL CORP,,,-0.014723,0.2779367425988628,0.0007662835249041,-5.84744610061053e-10,-0.010259,5.9292444422591135,26.1,162701.0,4246496.100000001,0.0099999999999997,26.12,26.1
2009-11-13,CINF,23473,CINCINNATI FINANCIAL CORP,,,0.0,-0.3518670168986227,0.0003831417624521,0.0,0.005739,3.842938887898661,26.1,162701.0,4246496.100000001,0.0050000000000007,26.1,26.09
2009-11-16,CINF,23473,CINCINNATI FINANCIAL CORP,,,-0.004215,1.5424486205517791,0.000384763370527,-1.0202002224189456e-10,0.014468,9.770474674402738,25.99,162701.0,4228598.989999999,0.004999999999999,25.99,25.98
2009-11-17,CINF,23473,CINCINNATI FINANCIAL CORP,,,-0.003078,-0.4519219760628962,0.0007719027402547,-1.3634930488705751e-10,0.000919,5.354982452474171,25.91,162701.0,4215582.91,0.0099999999999997,25.91,25.89
2009-11-18,CINF,23473,CINCINNATI FINANCIAL CORP,,,-0.004631,-0.3261410759806763,0.0007754943776657,-3.0584837712462486e-10,-0.000468,3.608502713566604,25.79,162701.0,4196058.79,0.0099999999999997,25.81,25.79
2009-11-19,CINF,23473,CINCINNATI FINANCIAL CORP,,,-0.010081,1.6119889560165357,0.0011750881316099,-2.574922754852431e-10,-0.013426,9.425369235591669,25.53,162701.0,4153756.53,0.0150000000000005,25.55,25.52
2009-11-20,CINF,23473,CINCINNATI FINANCIAL CORP,,,-0.003917,-0.3134233269014951,0.0,-1.4629503012615235e-10,-0.003215,6.471238652497526,25.43,162701.0,4137486.43,0.0,25.44,25.44
2009-11-23,CINF,23473,CINCINNATI FINANCIAL CORP,,,0.011797,-0.1545289715702783,0.0003886513797123,5.150571545284991e-10,0.013616,5.47124479874125,25.73,162701.0,4186296.73,0.004999999999999,25.74,25.73
2009-11-24,CINF,23473,CINCINNATI FINANCIAL CORP,,,0.001166,-0.0978131315457487,0.0003881987577638,5.6361146791680666e-11,-0.000533,4.936085211522978,25.76,162701.0,4191177.76,0.004999999999999,25.77,25.76
2009-11-25,CINF,23473,CINCINNATI FINANCIAL CORP,,,-0.005047,0.5083837002836487,0.000390167772142,-1.6255487455759824e-10,0.004504,7.445510476272426,25.63,162701.0,4170026.63,0.0050000000000007,25.64,25.63
2009-11-27,CINF,23473,CINCINNATI FINANCIAL CORP,,,-0.016777,-0.3468918401310228,0.0007936507936507,-8.41480299118986e-10,-0.017233,4.862723646443476,25.2,162701.0,4100065.2,0.0099999999999997,25.21,25.19
2009-11-30,CINF,23473,CINCINNATI FINANCIAL CORP,,,0.012698,0.6595775876233931,0.0003918495297804,3.7895468490318446e-10,0.003793,8.070067178443894,25.52,162701.0,4152129.52,0.004999999999999,25.52,25.51
2009-12-01,CINF,23473,CINCINNATI FINANCIAL CORP,,,0.002351,-0.0788631904756101,0.0003909304143861,7.599072348172313e-11,0.012075,7.433635933399303,25.58,162701.0,4161891.58,0.004999999999999,25.61,25.6
2009-12-02,CINF,23473,CINCINNATI FINANCIAL CORP,,,-0.002346,-0.1304069584773369,0.0003918495297806,-8.740570340381385e-11,0.000343,6.46423808089686,25.52,162701.0,4152129.52,0.0050000000000007,25.53,25.52
2009-12-03,CINF,23473,CINCINNATI FINANCIAL CORP,,,-0.011756,0.4374720700402572,0.0003965107057889,-3.0832412982134043e-10,-0.008402,9.29216169537987,25.22,162701.0,4103319.22,0.004999999999999,25.24,25.23
2009-12-04,CINF,23473,CINCINNATI FINANCIAL CORP,,,0.010706,-0.1307787046811708,0.0003923107100824,3.1960978369229277e-10,0.005509,8.076944825170097,25.49,162701.0,4147248.49,0.0050000000000007,25.5,25.49
2009-12-07,CINF,23473,CINCINNATI FINANCIAL CORP,,,-0.003923,-0.0658832822094059,0.0011815675462779,-1.2586851957584926e-10,-0.002468,7.5448091898636145,25.39,162701.0,4130978.39,0.0149999999999987,25.4,25.37
2009-12-08,CINF,23473,CINCINNATI FINANCIAL CORP,,,0.000394,-0.0095857758719006,0.0003937007874016,1.2758721368093469e-11,-0.010252,7.472486339973325,25.4,162701.0,4132605.4,0.0050000000000007,25.41,25.4
2009-12-09,CINF,23473,CINCINNATI FINANCIAL CORP,,,0.005512,-0.3365120856470038,0.0007830853563038,2.6754691491458257e-10,0.003672,4.957904376740156,25.54,162701.0,4155383.54,0.0099999999999997,25.56,25.54
2009-12-10,CINF,23473,CINCINNATI FINANCIAL CORP,,,0.007831,-0.334163509600127,0.0007770007770007,5.664384431134075e-10,0.00584,3.301153649946835,25.74,162701.0,4187923.74,0.0099999999999997,25.74,25.72
2009-12-11,CINF,23473,CINCINNATI FINANCIAL CORP,,,0.003497,0.7324972398115066,0.0011614401858304,1.4549320598776079e-10,0.003683,5.719239586726572,25.83,162701.0,4202566.83,0.0150000000000005,25.86,25.83
2009-12-14,CINF,23473,CINCINNATI FINANCIAL CORP,,,0.012389,-0.3523738186788977,0.0007648183556405,7.861612795872939e-10,0.006959,3.703929293612209,26.15,162701.0,4254631.149999999,0.0099999999999997,26.15,26.13
2009-12-15,CINF,23473,CINCINNATI FINANCIAL CORP,,,-0.006119,1.007868802405444,0.0003847633705271,-1.9457450399133582e-10,-0.005547,7.437004074959589,25.99,162701.0,4228598.989999999,0.0050000000000007,26.0,25.99
2009-12-16,CINF,23473,CINCINNATI FINANCIAL CORP,,,0.002309,-0.2409446879690051,0.0003838771593089,9.650604987294311e-11,0.001128,5.645097448694231,26.05,162701.0,4238361.05,0.004999999999999,26.06,26.05
2009-12-17,CINF,23473,CINCINNATI FINANCIAL CORP,,,-0.00691,1.9933247174899809,0.0011596443757246,-9.715521589532174e-11,-0.011811,16.897609725816068,25.87,162701.0,4209074.87,0.0149999999999987,25.9,25.87
2009-12-18,CINF,23473,CINCINNATI FINANCIAL CORP,,,-0.00116,-0.0258753452749797,-0.0003869969040246,-1.6762370941882016e-11,0.00583,16.46037823983872,25.84,162701.0,4204193.84,-0.004999999999999,25.85,25.86
2009-12-21,CINF,23473,CINCINNATI FINANCIAL CORP,,,0.007546,-0.7172281301808732,0.000390015600624,3.8862661839527847e-10,0.010504,4.654531932809264,25.64,162701.0,4171653.64,0.0050000000000007,25.64,25.63
2009-12-22,CINF,23473,CINCINNATI FINANCIAL CORP,,,0.00936,-0.1081372301752152,0.0003863987635238,5.354849944232327e-10,0.003564,4.151203741833179,25.88,162701.0,4210701.88,0.004999999999999,25.9,25.89
2009-12-23,CINF,23473,CINCINNATI FINANCIAL CORP,,,0.003091,-0.224027065242336,0.0003852080123267,2.2718699743972382e-10,0.002299,3.2212217503272877,25.96,162701.0,4223717.96,0.0050000000000007,25.96,25.95
2009-12-24,CINF,23473,CINCINNATI FINANCIAL CORP,,,0.00886,-0.4538367016729759,0.0011454753722794,1.1818568202658742e-09,0.005256,1.7593130958015009,26.19,162701.0,4261139.19,0.0149999999999987,26.2,26.17
2009-12-28,CINF,23473,CINCINNATI FINANCIAL CORP,,,-0.000382,0.1496810391207439,0.0011459129106188,-4.433870393506671e-11,0.001154,2.0226489081198027,26.18,162701.0,4259512.18,0.0150000000000005,26.18,26.15
2009-12-29,CINF,23473,CINCINNATI FINANCIAL CORP,,,0.00573,0.6945002385387451,0.0003797949107482,3.9025762924821534e-10,-0.001401,3.4273790572891376,26.33,162701.0,4283917.33,0.0050000000000007,26.32,26.31
2009-12-30,CINF,23473,CINCINNATI FINANCIAL CORP,,,0.003418,-0.0933706096069493,0.0003785011355034,2.5589222505852656e-10,0.000195,3.10736258535596,26.42,162701.0,4298560.42,0.0050000000000007,26.42,26.41
2009-12-31,CINF,23473,CINCINNATI FINANCIAL CORP,,,-0.006813,1.2258634296666542,0.0003810975609756,-2.307245935356703e-10,-0.01005,6.946493827160494,26.24,162000.0,4250880.0,0.0050000000000007,26.25,26.24
2010-01-04,CINF,23473,CINCINNATI FINANCIAL CORP,,,0.009909,0.149395022979885,0.000754716981132,2.8909060204204627e-10,0.016043,7.984265432098765,26.5,162000.0,4293000.0,0.0099999999999997,26.5,26.48
2010-01-05,CINF,23473,CINCINNATI FINANCIAL CORP,,,0.000377,0.12087199283158,0.000377216144851,9.809020088304111e-12,0.003116,8.949339506172839,26.51,162000.0,4294620.0,0.0050000000000007,26.5,26.49
2010-01-06,CINF,23473,CINCINNATI FINANCIAL CORP,,,0.002263,-0.1927282032676388,0.0003763643206624,7.277248763936867e-11,0.000546,7.22454938271605,26.57,162000.0,4304340.0,0.0050000000000007,26.57,26.56
2010-01-07,CINF,23473,CINCINNATI FINANCIAL CORP,,,0.003764,-0.1254006187749758,0.0003749531308587,1.3787694588588154e-10,0.004001,6.318586419753086,26.67,162000.0,4320540.0,0.0050000000000007,26.67,26.66
2010-01-08,CINF,23473,CINCINNATI FINANCIAL CORP,,,-0.003375,-0.2135762511344642,0.0003762227238525,-1.5773469711528282e-10,0.002882,4.969086419753086,26.58,162000.0,4305960.0,0.0050000000000007,26.6,26.59
2010-01-11,CINF,23473,CINCINNATI FINANCIAL CORP,,,0.007524,-0.172283699713786,0.0011202389843166,4.2166265789183155e-10,0.001747,4.112993827160494,26.78,162000.0,4338360.0,0.0150000000000005,26.8,26.77
2010-01-12,CINF,23473,CINCINNATI FINANCIAL CORP,,,-0.001867,0.3029333413376758,0.0007482229704451,-8.045445353522455e-11,-0.009381,5.3589567901234565,26.73,162000.0,4330260.0,0.0099999999999997,26.75,26.73
2010-01-13,CINF,23473,CINCINNATI FINANCIAL CORP,,,0.008979,-0.1109691747173015,0.0007415647015201,4.3135509864111796e-10,0.008326,4.764277777777778,26.97,162000.0,4369140.0,0.0099999999999997,26.97,26.95
2010-01-14,CINF,23473,CINCINNATI FINANCIAL CORP,,,0.002225,-0.0213782354015804,0.0011098779134295,1.0898256119783841e-10,0.002427,4.662425925925926,27.03,162000.0,4378860.0,0.0150000000000005,27.03,27.0
2010-01-15,CINF,23473,CINCINNATI FINANCIAL CORP,,,-0.006289,0.3625000496482915,0.0003723008190618,-2.2751608189954396e-10,-0.010823,6.352555555555556,26.86,162000.0,4351320.0,0.0050000000000007,26.87,26.86
2010-01-19,CINF,23473,CINCINNATI FINANCIAL CORP,,,0.018243,-0.1451675907625393,0.0003656307129799,7.582186487623491e-10,0.0125,5.430370370370371,27.35,162000.0,4430700.0,0.0050000000000007,27.34,27.33
2010-01-20,CINF,23473,CINCINNATI FINANCIAL CORP,,,-0.011335,-0.011695766834902,0.0007396449704141,-4.821472744613988e-10,-0.010598,5.366858024691358,27.04,162000.0,4380480.0,0.0099999999999997,27.05,27.03
2010-01-21,CINF,23473,CINCINNATI FINANCIAL CORP,,,-0.007396,0.6160787917615085,0.0011177347242921,-1.961176763291668e-10,-0.018945,8.673265432098765,26.84,162000.0,4348080.0,0.0150000000000005,26.84,26.81
2010-01-22,CINF,23473,CINCINNATI FINANCIAL CORP,,,-0.020492,0.4366660996719733,0.0003803727653099,-3.861359747516291e-10,-0.022141,12.460586419753088,26.29,162000.0,4258980.0,0.004999999999999,26.29,26.28
2010-01-25,CINF,23473,CINCINNATI FINANCIAL CORP,,,0.006847,-0.480393735308615,0.0003777861730259,2.466144455025558e-10,0.004598,6.474598765432098,26.47,162000.0,4288140.0,0.004999999999999,26.47,26.46
2010-01-26,CINF,23473,CINCINNATI FINANCIAL CORP,,,-0.009067,-0.1325140506347216,0.0003812428516964,-3.799049928214025e-10,-0.004203,5.616623456790124,26.23,162000.0,4249260.0,0.004999999999999,26.24,26.23
2010-01-27,CINF,23473,CINCINNATI FINANCIAL CORP,,,0.008387,0.264370645779229,0.0003780718336483,2.756234967785489e-10,0.00488,7.1014938271604935,26.45,162000.0,4284900.0,0.004999999999999,26.45,26.44
2010-01-28,CINF,23473,CINCINNATI FINANCIAL CORP,,,-0.008318,-0.2296908492561988,0.000762485703393,-3.5784161070595467e-10,-0.011818,5.470345679012346,26.23,162000.0,4249260.0,0.0099999999999997,26.22,26.2
2010-01-29,CINF,23473,CINCINNATI FINANCIAL CORP,,,0.0061,0.6849263594058199,0.0007578628268283,1.5480312902549594e-10,-0.009829,9.21712962962963,26.39,162000.0,4275180.0,0.0099999999999997,26.41,26.39
2010-02-01,CINF,23473,CINCINNATI FINANCIAL CORP,,,-0.003031,-0.006893364809885,0.000760167236792,-7.7688814575834e-11,0.014266,9.153592592592592,26.31,162000.0,4262220.0,0.0099999999999997,26.31,26.29
2010-02-02,CINF,23473,CINCINNATI FINANCIAL CORP,,,0.012543,-0.4328422625670822,0.0003753753753753,5.598307468161978e-10,0.012973,5.191530864197531,26.64,162000.0,4315680.0,0.004999999999999,26.63,26.62
2010-02-03,CINF,23473,CINCINNATI FINANCIAL CORP,,,-0.000375,0.546288589678346,0.0003755163349604,-1.0828270474890196e-11,-0.005474,8.027604938271605,26.63,162000.0,4314060.0,0.004999999999999,26.65,26.64
2010-02-04,CINF,23473,CINCINNATI FINANCIAL CORP,,,-0.013894,0.8940177104928058,0.0003808073115003,-2.148065555142647e-10,-0.031141,15.204425925925928,26.26,162000.0,4254120.0,0.004999999999999,26.27,26.26
2010-02-05,CINF,23473,CINCINNATI FINANCIAL CORP,,,0.001904,-0.2433274586631492,0.0003800836183959,3.8828720526913625e-11,0.002897,11.504771604938272,26.31,162000.0,4262220.0,0.004999999999999,26.33,26.32
2010-02-08,CINF,23473,CINCINNATI FINANCIAL CORP,,,-0.024705,-0.2079480709292387,0.0003897116134061,-6.522011109024286e-10,-0.008863,9.112376543209876,25.66,162000.0,4156920.0,0.0050000000000007,25.66,25.65
2010-02-09,CINF,23473,CINCINNATI FINANCIAL CORP,,,0.004677,-0.1742393502257477,0.0,1.488276421812676e-10,0.01304,7.524641975308642,25.78,162000.0,4176360.0,0.0,25.77,25.77
2010-02-10,CINF,23473,CINCINNATI FINANCIAL CORP,,,0.002715,-0.2914555632850749,0.0003868471953578,1.2160217380793536e-10,-0.002233,5.331543209876544,25.85,162000.0,4187700.0,0.0050000000000007,25.87,25.86
2010-02-11,CINF,23473,CINCINNATI FINANCIAL CORP,,,0.000774,0.086570723969851,0.0003865481252416,3.188001996170333e-11,0.00968,5.793098765432099,25.87,162000.0,4190940.0,0.0050000000000007,25.87,25.86
2010-02-12,CINF,23473,CINCINNATI FINANCIAL CORP,,,0.004252,0.4967575297128768,0.0011547344110854,1.1651362388433272e-10,-0.002745,8.670864197530864,25.98,162000.0,4208760.0,0.0150000000000005,26.0,25.97
2010-02-16,CINF,23473,CINCINNATI FINANCIAL CORP,,,0.013472,-0.3777728735370333,0.0003797949107481,5.854029080923649e-10,0.018001,5.395246913580247,26.33,162000.0,4265460.0,0.004999999999999,26.33,26.32
2010-02-17,CINF,23473,CINCINNATI FINANCIAL CORP,,,0.006836,-0.1987860828575678,0.0007544322897021,3.682285878180217e-10,0.004238,4.322746913580247,26.51,162000.0,4294620.0,0.0100000000000015,26.51,26.49
2010-02-18,CINF,23473,CINCINNATI FINANCIAL CORP,,,0.005658,0.6525214734001157,0.0003750937734434,1.8339220091170128e-10,0.006585,7.143432098765432,26.66,162000.0,4318920.0,0.0050000000000007,26.66,26.65
2010-02-19,CINF,23473,CINCINNATI FINANCIAL CORP,,,0.001875,0.0490021050157443,0.0003743916136279,5.782679051258812e-11,0.002187,7.493475308641975,26.71,162000.0,4327020.0,0.0050000000000007,26.69,26.68
2010-02-22,CINF,23473,CINCINNATI FINANCIAL CORP,,,0.004867,-0.2788994211425083,0.0003725782414307,2.0714988445445883e-10,-0.001046,5.37283797552263,26.84,162926.0,4372933.84,0.0050000000000007,26.84,26.83
2010-02-23,CINF,23473,CINCINNATI FINANCIAL CORP,,,-0.008942,0.1777318292160503,0.0003759398496241,-3.2607122657281975e-10,-0.012103,6.327762296993727,26.6,162926.0,4333831.600000001,0.0050000000000007,26.59,26.58
2010-02-24,CINF,23473,CINCINNATI FINANCIAL CORP,,,0.01203,-0.1394820540526908,0.0007429420505201,5.037210362853651e-10,0.00972,5.445153014251869,26.92,162926.0,4385967.92,0.0100000000000015,26.92,26.9
2010-02-25,CINF,23473,CINCINNATI FINANCIAL CORP,,,0.001486,-0.0025429546292257,0.0003709198813056,6.228797838630288e-11,-0.002081,5.431306237187435,26.96,162926.0,4392484.96,0.0050000000000007,26.96,26.95
2010-02-26,CINF,23473,CINCINNATI FINANCIAL CORP,,,-0.002596,-0.0392654093508765,0.000743770918557,-1.1355748684499832e-10,0.001405,5.218043774474301,26.89,162926.0,4381080.14,0.0099999999999997,26.9,26.88
2010-03-01,CINF,23473,CINCINNATI FINANCIAL CORP,,,0.018222,0.4029441690044757,0.0003652300949598,5.579870204539141e-10,0.010159,7.320624087008826,27.38,162926.0,4460913.88,0.0050000000000007,27.39,27.38
2010-03-02,CINF,23473,CINCINNATI FINANCIAL CORP,,,0.012783,0.1884029780669394,0.0007212405337179,3.252225765510137e-10,0.00233,8.699851466309859,27.73,162926.0,4517937.98,0.0099999999999997,27.73,27.71
2010-03-03,CINF,23473,CINCINNATI FINANCIAL CORP,,,-0.001803,-0.3057564666241484,0.002528901734104,-6.619353345026002e-11,0.000429,6.039741480899538,27.68,162928.0,4509847.04,0.0350000000000001,27.7,27.63
2010-03-04,CINF,23473,CINCINNATI FINANCIAL CORP,,,0.005058,-0.0156903712541016,0.0007189072609633,1.8770502083684194e-10,0.003736,5.944975694785427,27.82,162928.0,4532656.96,0.0099999999999997,27.83,27.81
2010-03-05,CINF,23473,CINCINNATI FINANCIAL CORP,,,0.008627,0.450437382498299,0.0007127583749108,2.1884031795747375e-10,0.014008,8.62281498576058,28.06,162928.0,4571759.68,0.0099999999999997,28.08,28.06
2010-03-08,CINF,23473,CINCINNATI FINANCIAL CORP,,,0.009622,-0.3450962276264896,0.0003529827038474,3.6914457618262414e-10,-0.000176,5.647114062653442,28.33,162928.0,4615750.239999999,0.004999999999999,28.33,28.32
2010-03-09,CINF,23473,CINCINNATI FINANCIAL CORP,,,0.003177,-0.0366373103003783,0.0003518648838846,1.2611914925485884e-10,0.001713,5.4402189924383775,28.42,162928.0,4630413.760000001,0.0050000000000007,28.42,28.41
2010-03-10,CINF,23473,CINCINNATI FINANCIAL CORP,,,-0.001407,0.4776638040353624,0.0003523608174771,-3.7852447202841677e-11,0.004525,8.03881469115192,28.38,162928.0,4623896.64,0.0050000000000007,28.37,28.36
2010-03-11,CINF,23473,CINCINNATI FINANCIAL CORP,,,0.003876,-0.3148155217644921,0.0003510003510002,1.5159890312968196e-10,0.004042,5.508071049788864,28.49,162928.0,4641818.72,0.004999999999999,28.49,28.48
2010-03-12,CINF,23473,CINCINNATI FINANCIAL CORP,,,0.000351,0.5135527551790189,0.0007017543859648,9.067121459012987e-12,-0.000217,8.336756113129725,28.5,162928.0,4643448.0,0.0099999999999997,28.5,28.48
2010-03-15,CINF,23473,CINCINNATI FINANCIAL CORP,,,0.006667,-0.2561027055321724,0.0003485535029627,2.2998213672136807e-10,0.000452,6.201690317195325,28.69,162928.0,4674404.32,0.0050000000000007,28.69,28.68
2010-03-16,CINF,23473,CINCINNATI FINANCIAL CORP,,,0.002091,-0.1635958587886927,0.000695652173913,8.605858620374062e-11,0.007779,5.187119463812236,28.75,162928.0,4684180.0,0.0099999999999997,28.75,28.73
2010-03-17,CINF,23473,CINCINNATI FINANCIAL CORP,,,0.012522,-0.1130291660306676,0.0003435245620061,5.738523679122722e-10,0.005822,4.600823676716096,29.11,162928.0,4742834.08,0.004999999999999,29.11,29.1
2010-03-18,CINF,23473,CINCINNATI FINANCIAL CORP,,,0.00584,-0.0823275787316752,0.0003415300546448,2.899497767267561e-10,-0.000326,4.222049003240695,29.28,162928.0,4770531.84,0.0050000000000007,29.28,29.27
2010-03-19,CINF,23473,CINCINNATI FINANCIAL CORP,,,0.003757,1.323857012022271,0.0010207553589656,7.996744323392059e-11,-0.005087,9.81143818128253,29.39,162928.0,4788453.92,0.0150000000000005,29.39,29.36
2010-03-22,CINF,23473,CINCINNATI FINANCIAL CORP,,,-0.010718,-0.2966504812462232,0.0003486750348675,-3.323800989651666e-10,0.005095,6.900870323087498,28.68,162928.0,4672775.04,0.0050000000000007,28.69,28.68
2010-03-23,CINF,23473,CINCINNATI FINANCIAL CORP,,,0.009501,-0.3441559307863689,0.0003453933166393,4.4502361711026084e-10,0.007171,4.52589487380929,28.9525,162928.0,4717172.92,0.0050000000000007,28.96,28.95
2010-03-24,CINF,23473,CINCINNATI FINANCIAL CORP,,,-0.005613,0.0251791780524683,0.0006946856547412,-2.5790122916644757e-10,-0.005493,4.6398531866836885,28.79,162928.0,4690697.12,0.0099999999999997,28.8,28.78
2010-03-25,CINF,23473,CINCINNATI FINANCIAL CORP,,,0.002431,0.1054642958243932,0.0006930006930006,1.0079615052278327e-10,-0.001704,5.129192035745851,28.86,162928.0,4702102.08,0.0099999999999997,28.87,28.85
2010-03-26,CINF,23473,CINCINNATI FINANCIAL CORP,,,0.004851,-0.0662519190751583,0.0006896551724137,2.1436746330553567e-10,0.000738,4.78937322007267,29.0,162928.0,4724912.0,0.0099999999999997,29.02,29.0
2010-03-29,CINF,23473,CINCINNATI FINANCIAL CORP,,,0.01069,-0.0462769904257596,0.0003411804844762,4.900780125893587e-10,0.005683,4.567735441421978,29.31,162928.0,4775419.68,0.004999999999999,29.31,29.3
2010-03-30,CINF,23473,CINCINNATI FINANCIAL CORP,,,-0.004435,0.0169091602930346,0.0006854009595613,-2.0083042561367648e-10,4.3e-05,4.644972012177158,29.18,162928.0,4754239.04,0.0099999999999997,29.18,29.16
2010-03-31,CINF,23473,CINCINNATI FINANCIAL CORP,,,-0.009253,0.3126813566667901,0.0003459010722933,-3.2217832946091205e-10,-0.003273,6.094674846625767,28.91,163000.0,4712330.0,0.0050000000000007,28.91,28.9
2010-04-01,CINF,23473,CINCINNATI FINANCIAL CORP,,,0.00588,-0.1454956152006378,0.0006877579092159,2.3819381653907806e-10,0.007414,5.207926380368098,29.08,163000.0,4740040.0,0.0099999999999997,29.08,29.06
2010-04-05,CINF,23473,CINCINNATI FINANCIAL CORP,,,0.006534,-0.1813564034058513,0.0003416467372735,3.2122482248051455e-10,0.007928,4.263435582822086,29.27,163000.0,4771010.0,0.004999999999999,29.29,29.28
2010-04-06,CINF,23473,CINCINNATI FINANCIAL CORP,,,0.003416,0.066608628083,0.0006809669731017,1.5691393483766586e-10,0.001684,4.54741717791411,29.37,163000.0,4787310.0,0.0099999999999997,29.37,29.35
2010-04-07,CINF,23473,CINCINNATI FINANCIAL CORP,,,-0.004767,0.2562001756542176,0.0003421142661649,-1.7514796041893888e-10,-0.005877,5.712466257668711,29.23,163000.0,4764490.0,0.0050000000000007,29.25,29.24
2010-04-08,CINF,23473,CINCINNATI FINANCIAL CORP,,,0.003421,0.384180760622554,0.0003409478349811,9.049757680040415e-11,0.003374,7.907085889570552,29.33,163000.0,4780790.0,0.004999999999999,29.33,29.32
2010-04-09,CINF,23473,CINCINNATI FINANCIAL CORP,,,-0.001364,-0.36141536480054,0.00034141345169,-5.6581241576096916e-11,0.006684,5.049343558282208,29.29,163000.0,4774270.0,0.0050000000000007,29.3,29.29
2010-04-12,CINF,23473,CINCINNATI FINANCIAL CORP,,,-0.002731,-0.0426211024211371,0.0003423485107839,-1.18654377985675e-10,0.001767,4.834134969325153,29.21,163000.0,4761230.0,0.004999999999999,29.22,29.21
2010-04-13,CINF,23473,CINCINNATI FINANCIAL CORP,,,0.007189,-0.0084686610048174,0.000679809653297,3.127612885309497e-10,0.000685,4.793196319018405,29.42,163000.0,4795460.0,0.0099999999999997,29.44,29.42
2010-04-14,CINF,23473,CINCINNATI FINANCIAL CORP,,,0.014956,0.0849824201225919,0.000669792364367,5.90867537279299e-10,0.01115,5.200533742331288,29.86,163000.0,4867180.0,0.0099999999999997,29.86,29.84
2010-04-15,CINF,23473,CINCINNATI FINANCIAL CORP,,,-0.00134,-0.1768329583914817,0.0003353454057679,-6.439819024245772e-11,0.000843,4.2809079754601225,29.82,163000.0,4860660.0,0.0050000000000007,29.84,29.83
2010-04-16,CINF,23473,CINCINNATI FINANCIAL CORP,,,-0.019115,1.817943272168624,0.0003418803418803,-3.323477089539398e-10,-0.016127,12.06335582822086,29.25,163000.0,4767750.0,0.0050000000000007,29.26,29.25
2010-04-19,CINF,23473,CINCINNATI FINANCIAL CORP,,,0.010598,-0.5194649720010964,0.0003382949932341,3.794361388792751e-10,0.004521,5.796865030674847,29.56,163000.0,4818280.0,0.0050000000000007,29.57,29.56
2010-04-20,CINF,23473,CINCINNATI FINANCIAL CORP,,,0.007443,0.1392100024447315,0.0003357958361315,2.32187450549618e-10,0.008058,6.603846625766871,29.78,163000.0,4854140.0,0.004999999999999,29.77,29.76
2010-04-21,CINF,23473,CINCINNATI FINANCIAL CORP,,,-0.001679,0.3053574464408641,0.0003363605785401,-4.019219764326425e-11,-0.001019,8.620380368098159,29.73,163000.0,4845990.0,0.004999999999999,29.74,29.73
2010-04-22,CINF,23473,CINCINNATI FINANCIAL CORP,,,0.004036,-0.4000321680252675,0.0010050251256281,1.603853967300088e-10,0.002264,5.171950920245399,29.85,163000.0,4865550.0,0.0150000000000005,29.85,29.82
2010-04-23,CINF,23473,CINCINNATI FINANCIAL CORP,,,0.01206,0.0209482959047624,0.0003310162197948,4.6382145571042296e-10,0.007124,5.280294478527607,30.21,163000.0,4924230.0,0.0050000000000007,30.21,30.2
2010-04-26,CINF,23473,CINCINNATI FINANCIAL CORP,,,-0.006289,-0.2808032643652519,0.0003331112591606,-3.384366997403506e-10,-0.004296,3.7979433564030822,30.02,162984.0,4892779.68,0.0050000000000007,30.03,30.02
2010-04-27,CINF,23473,CINCINNATI FINANCIAL CORP,,,-0.037642,0.6714366950778994,0.0006922810661128,-1.2593364119314416e-09,-0.023382,6.348021891719433,28.89,162984.0,4708607.76,0.0099999999999997,28.91,28.89
2010-04-28,CINF,23473,CINCINNATI FINANCIAL CORP,,,0.009692,-0.0367379130236433,0.0017140898183065,3.3338735318370155e-10,0.006463,6.11480881558926,29.17,162984.0,4754243.28,0.0250000000000003,29.21,29.16
2010-04-29,CINF,23473,CINCINNATI FINANCIAL CORP,,,-0.001371,0.3528410139913467,0.0006865774116031,-3.4907789923328386e-11,0.012943,8.272364158445,29.13,162984.0,4747723.92,0.0099999999999997,29.13,29.11
2010-04-30,CINF,23473,CINCINNATI FINANCIAL CORP,,,-0.023687,0.1608306391260459,0.000351617440225,-5.321535811725351e-10,-0.016648,9.602813773131103,28.44,162984.0,4635264.96,0.0050000000000007,28.41,28.4
2010-05-03,CINF,23473,CINCINNATI FINANCIAL CORP,,,0.009494,-0.2382268282319716,0.0003483106931383,2.773619503088537e-10,0.013121,7.31516590585579,28.71,162984.0,4679270.640000001,0.0050000000000007,28.71,28.7
2010-05-04,CINF,23473,CINCINNATI FINANCIAL CORP,,,-0.02473,0.4006969985447743,0.0007142857142856,-5.288746300657763e-10,-0.023838,10.24633092818927,28.0,162984.0,4563552.0,0.0099999999999997,28.0,27.98
2010-05-05,CINF,23473,CINCINNATI FINANCIAL CORP,,,-0.003571,0.1644856130702736,0.0003584229390681,-6.58170130778626e-11,-0.006561,11.931704952633387,27.9,162984.0,4547253.6,0.0050000000000007,27.91,27.9
2010-05-06,CINF,23473,CINCINNATI FINANCIAL CORP,,,-0.032616,0.4228296010082908,0.0007410151908115,-4.367444997713181e-10,-0.032378,16.97678299710401,26.99,162984.0,4398938.16,0.0100000000000015,27.01,26.99
2010-05-07,CINF,23473,CINCINNATI FINANCIAL CORP,,,-0.015191,0.0430492991545907,0.0003762227238525,-1.98027808788512e-10,-0.015308,17.707621607028912,26.58,162984.0,4332114.72,0.0050000000000007,26.59,26.58
2010-05-10,CINF,23473,CINCINNATI FINANCIAL CORP,,,0.039503,-0.3550831774402394,0.0007238508867173,7.68139826666416e-10,0.043974,11.419943061895646,27.63,162984.0,4503247.92,0.0099999999999997,27.65,27.63
2010-05-11,CINF,23473,CINCINNATI FINANCIAL CORP,,,-0.006153,-0.199797127549606,0.0003641660597231,-1.5044486377508788e-10,-0.003397,9.138271241348844,27.46,162984.0,4475540.640000001,0.004999999999999,27.47,27.46
2010-05-12,CINF,23473,CINCINNATI FINANCIAL CORP,,,0.013474,-0.2736942322773319,0.0003593244699964,4.4756367055093715e-10,0.01374,6.637179109605851,27.83,162984.0,4535844.72,0.0050000000000007,27.84,27.83
2010-05-13,CINF,23473,CINCINNATI FINANCIAL CORP,,,-0.003953,-0.0122199686804947,0.0014430014430015,-1.3345806885559912e-10,-0.012145,6.556072988759633,27.72,162984.0,4517916.48,0.0200000000000013,27.76,27.72
2010-05-14,CINF,23473,CINCINNATI FINANCIAL CORP,,,-0.011544,0.3860388288638181,0.0003649635036496,-2.844733625515865e-10,-0.0188,9.086971727286114,27.4,162984.0,4465761.6,0.0050000000000007,27.41,27.4
2010-05-17,CINF,23473,CINCINNATI FINANCIAL CORP,,,0.014234,-0.0533520230163987,0.0014393666786613,3.6533035138829127e-10,0.001109,8.602163402542581,27.79,162984.0,4529325.359999999,0.0199999999999995,27.83,27.79
2010-05-18,CINF,23473,CINCINNATI FINANCIAL CORP,,,-0.008996,0.2558695877005594,0.0003631082062455,-1.8551896258772799e-10,-0.014196,10.803195405683994,27.54,162984.0,4488579.359999999,0.0050000000000007,27.55,27.54
2010-05-19,CINF,23473,CINCINNATI FINANCIAL CORP,,,0.004357,-0.399678432120894,0.0007230657989876,1.4902331973479294e-10,-0.00513,6.485391204044569,27.66,162984.0,4508137.44,0.0099999999999997,27.69,27.67
2010-05-20,CINF,23473,CINCINNATI FINANCIAL CORP,,,-0.037238,0.7541387775953983,0.0,-7.541714391795347e-10,-0.038976,11.37627619889069,26.63,162984.0,4340263.92,0.0,26.61,26.61
2010-05-21,CINF,23473,CINCINNATI FINANCIAL CORP,,,0.013894,-0.1091744954968608,0.0003703703703704,3.1154858865282817e-10,0.015024,10.134276984243852,27.0,162984.0,4400568.0,0.0050000000000007,26.98,26.97
2010-05-24,CINF,23473,CINCINNATI FINANCIAL CORP,,,-0.018889,-0.4192259607380163,0.0011325028312571,-7.43330702177189e-10,-0.012908,5.885724979139057,26.49,162984.0,4317446.16,0.0150000000000005,26.52,26.49
2010-05-25,CINF,23473,CINCINNATI FINANCIAL CORP,,,-0.003398,0.9878033397999956,0.0003787878787878,-6.749958371945957e-11,0.000354,11.699663770676876,26.4,162984.0,4302777.6,0.004999999999999,26.4,26.39
2010-05-26,CINF,23473,CINCINNATI FINANCIAL CORP,,,-0.007197,-0.319723335455498,0.0003815337657381,-2.1168035486048807e-10,-0.005661,7.959008246208216,26.21,162984.0,4271810.640000001,0.004999999999999,26.2,26.19
2010-05-27,CINF,23473,CINCINNATI FINANCIAL CORP,,,0.03968,0.1546248779092669,0.0003669724770642,9.722105271178835e-10,0.032876,9.189668924557012,27.25,162984.0,4441314.0,0.0050000000000007,27.25,27.24
2010-05-28,CINF,23473,CINCINNATI FINANCIAL CORP,,,-0.002202,-0.1400015623236961,0.0003677822728945,-6.28732061398075e-11,-0.012375,7.90310091788151,27.19,162984.0,4431534.96,0.0050000000000007,27.16,27.15
2010-06-01,CINF,23473,CINCINNATI FINANCIAL CORP,,,-0.019125,0.1654541375179627,0.0003749531308585,-4.77684049972891e-10,-0.017165,9.210701663967017,26.67,162984.0,4346783.28,0.004999999999999,26.68,26.67
2010-06-02,CINF,23473,CINCINNATI FINANCIAL CORP,,,0.028496,-0.3427045217916102,0.0003645643456069,1.0528336619355914e-09,0.025843,6.05415255485201,27.43,162984.0,4470651.12,0.004999999999999,27.43,27.42
2010-06-03,CINF,23473,CINCINNATI FINANCIAL CORP,,,0.001458,-0.2401173573317928,0.0007280669821623,7.078708160405119e-11,0.004051,4.600445442497423,27.47,162984.0,4477170.48,0.0099999999999997,27.47,27.45
2010-06-04,CINF,23473,CINCINNATI FINANCIAL CORP,,,-0.039316,0.9628673817916537,0.0003789314134142,-1.0122647673793472e-09,-0.034411,9.03006430079026,26.39,162984.0,4301147.76,0.0050000000000007,26.46,26.45
2010-06-07,CINF,23473,CINCINNATI FINANCIAL CORP,,,-0.005684,-0.0610304969030192,0.0003810975609756,-1.5674833505691052e-10,-0.013532,8.478954989446818,26.24,162984.0,4276700.16,0.0050000000000007,26.25,26.24
2010-06-08,CINF,23473,CINCINNATI FINANCIAL CORP,,,0.018674,-0.0733262225258225,0.0003741114852225,5.455370111124896e-10,0.010976,7.857225249104206,26.73,162984.0,4356562.32,0.004999999999999,26.74,26.73
2010-06-09,CINF,23473,CINCINNATI FINANCIAL CORP,,,-0.002619,-0.0552638524693854,0.0007501875468867,-8.119899330139185e-11,-0.005942,7.423004712118981,26.66,162984.0,4345153.44,0.0099999999999997,26.65,26.63
2010-06-10,CINF,23473,CINCINNATI FINANCIAL CORP,,,0.03901,0.0213914174789702,0.0,1.1396703995493067e-09,0.029507,7.581793304864281,27.7,162984.0,4514656.8,0.0,27.7,27.7
2010-06-11,CINF,23473,CINCINNATI FINANCIAL CORP,,,0.006859,-0.3288689669348253,0.0007171029042667,2.9654325814553307e-10,0.00438,5.088376773180189,27.89,162984.0,4545623.76,0.0099999999999997,27.89,27.87
2010-06-14,CINF,23473,CINCINNATI FINANCIAL CORP,,,0.002868,0.5253833242496297,0.0007150518412584,8.105567982317327e-11,-0.001805,7.761725077308202,27.97,162984.0,4558662.48,0.0099999999999997,27.96,27.94
2010-06-15,CINF,23473,CINCINNATI FINANCIAL CORP,,,0.016089,-0.1330656731779387,0.0003518648838845,5.161970884412876e-10,0.023494,6.7289059048740985,28.42,162984.0,4632005.28,0.004999999999999,28.43,28.42
2010-06-16,CINF,23473,CINCINNATI FINANCIAL CORP,,,-0.0095,-0.0520678323412698,0.000355239786856,-3.2462242486619527e-10,-0.000556,6.378546360378933,28.15,162984.0,4587999.6,0.004999999999999,28.15,28.14
2010-06-17,CINF,23473,CINCINNATI FINANCIAL CORP,,,0.004618,0.2707875425283355,0.0003536067892504,1.236046718793057e-10,0.001283,8.105777254209002,28.28,162984.0,4609187.5200000005,0.0050000000000007,28.28,28.27
2010-06-18,CINF,23473,CINCINNATI FINANCIAL CORP,,,0.000354,-0.164671125536669,0.0003534817956875,1.1338958960510892e-11,0.001317,6.7709897904088745,28.29,162984.0,4610817.359999999,0.0050000000000007,28.3,28.29
2010-06-21,CINF,23473,CINCINNATI FINANCIAL CORP,,,-0.007246,0.1691965026011201,0.0003611412062116,-2.028106398608569e-10,-0.003857,7.916617582093948,27.69,162984.0,4513026.96,0.0050000000000007,27.69,27.68
2010-06-22,CINF,23473,CINCINNATI FINANCIAL CORP,,,-0.005417,0.2291491317401932,0.0003631082062453,-1.2402398521211356e-10,-0.016071,9.730703627349923,27.54,162984.0,4488579.359999999,0.004999999999999,27.54,27.53
2010-06-23,CINF,23473,CINCINNATI FINANCIAL CORP,,,-0.007988,-0.2231919185295365,0.0003660322108344,-2.3733096696096953e-10,-0.002985,7.558889216119374,27.32,162984.0,4452722.88,0.004999999999999,27.33,27.32
2010-06-24,CINF,23473,CINCINNATI FINANCIAL CORP,,,-0.013543,-0.1134232916496885,0.001113172541744,-4.6008369117002317e-10,-0.016803,6.70153512001178,26.95,162984.0,4392418.8,0.0150000000000005,26.96,26.93
2010-06-25,CINF,23473,CINCINNATI FINANCIAL CORP,,,0.015213,0.0474491482206798,0.0003654970760233,4.860115095806162e-10,0.002859,7.019517253227311,27.36,162984.0,4459242.24,0.004999999999999,27.36,27.35
2010-06-28,CINF,23473,CINCINNATI FINANCIAL CORP,,,-0.010234,-0.1150997011543883,0.0003692762186114,-3.7329329804415804e-10,-0.002034,6.211572915132773,27.08,162984.0,4413606.72,0.004999999999999,27.08,27.07
2010-06-29,CINF,23473,CINCINNATI FINANCIAL CORP,,,-0.032496,0.9069901134645152,0.000381679389313,-6.424415384921725e-10,-0.031017,11.845408138222156,26.2,162984.0,4270180.8,0.0050000000000007,26.21,26.2
2010-06-30,CINF,23473,CINCINNATI FINANCIAL CORP,,,-0.012595,-0.2240398381445884,0.0003865481252416,-3.2498799377721705e-10,-0.010113,9.190662576687116,25.87,163000.0,4216810.0,0.0050000000000007,25.89,25.88
2010-07-01,CINF,23473,CINCINNATI FINANCIAL CORP,,,-0.011983,0.1374027253587597,0.0003912363067293,-2.751414483288971e-10,-0.00324,10.453484662576686,25.56,163000.0,4166280.0,0.0050000000000007,25.55,25.54
2010-07-02,CINF,23473,CINCINNATI FINANCIAL CORP,,,-0.001174,-0.3871242630220468,0.0007833920877398,-4.4034813653614347e-11,-0.004662,6.4066871165644175,25.53,163000.0,4161390.0,0.0099999999999997,25.54,25.52
2010-07-06,CINF,23473,CINCINNATI FINANCIAL CORP,,,-0.000392,0.140343199685911,0.0003918495297804,-1.2898781934063947e-11,0.005359,7.30582208588957,25.52,163000.0,4159760.0,0.004999999999999,25.52,25.51
2010-07-07,CINF,23473,CINCINNATI FINANCIAL CORP,,,0.031348,0.0859185337519703,0.0003799392097263,9.210220154817491e-10,0.031331,7.933527607361963,26.32,163000.0,4290160.0,0.004999999999999,26.33,26.32
2010-07-08,CINF,23473,CINCINNATI FINANCIAL CORP,,,0.018997,0.1248533636465571,0.0003728560775541,4.869410592377366e-10,0.009413,8.924055214723927,26.82,163000.0,4371660.0,0.0050000000000007,26.82,26.81
2010-07-09,CINF,23473,CINCINNATI FINANCIAL CORP,,,0.009694,-0.3394134967115145,0.0003692762186115,3.7254162628486837e-10,0.007204,5.895110429447853,27.08,163000.0,4414040.0,0.0050000000000007,27.07,27.06
2010-07-12,CINF,23473,CINCINNATI FINANCIAL CORP,,,-0.001477,0.2226374566423457,0.000369822485207,-4.649396261698549e-11,0.000733,7.2075828220858895,27.04,163000.0,4407520.0,0.004999999999999,27.04,27.03
2010-07-13,CINF,23473,CINCINNATI FINANCIAL CORP,,,0.02108,0.1010992172524505,0.0003621876131835,5.902017597184086e-10,0.015379,7.936263803680982,27.61,163000.0,4500430.0,0.004999999999999,27.61,27.6
2010-07-14,CINF,23473,CINCINNATI FINANCIAL CORP,,,-0.003622,-0.1147562907241821,0.0003635041802981,-1.1497179357659068e-10,-0.000155,7.025527607361963,27.51,163000.0,4484130.0,0.0050000000000007,27.53,27.52
2010-07-15,CINF,23473,CINCINNATI FINANCIAL CORP,,,-0.000364,-0.1409924019417356,0.0003636363636364,-1.3455664049034804e-11,0.001196,6.034981595092025,27.5,163000.0,4482500.0,0.0050000000000007,27.51,27.5
2010-07-16,CINF,23473,CINCINNATI FINANCIAL CORP,,,-0.032,0.3554938385811963,0.0003756574004507,-9.015313322182839e-10,-0.02882,8.18038036809816,26.62,163000.0,4339060.0,0.004999999999999,26.63,26.62
2010-07-19,CINF,23473,CINCINNATI FINANCIAL CORP,,,0.006011,-0.3321218957223703,0.0003734129947722,2.5204486121787686e-10,0.005982,5.463496932515337,26.78,163000.0,4365140.0,0.0050000000000007,26.78,26.77
2010-07-20,CINF,23473,CINCINNATI FINANCIAL CORP,,,0.010456,0.3401448543035203,0.0003695491500368,3.2376338436004046e-10,0.011417,7.321877300613496,27.06,163000.0,4410780.0,0.004999999999999,27.06,27.05
2010-07-21,CINF,23473,CINCINNATI FINANCIAL CORP,,,-0.020695,-0.1613527322940074,0.000377358490566,-7.802435177909565e-10,-0.01282,6.140472392638037,26.5,163000.0,4319500.0,0.0050000000000007,26.51,26.5
2010-07-22,CINF,23473,CINCINNATI FINANCIAL CORP,,,0.027925,0.3067928068522536,0.000367107195301,7.837723814307878e-10,0.022513,8.024325153374233,27.24,163000.0,4440120.0,0.0050000000000007,27.23,27.22
2010-07-23,CINF,23473,CINCINNATI FINANCIAL CORP,,,0.01138,-0.3075135802563524,0.0003629764065336,4.5605085590606725e-10,0.00822,5.556736196319019,27.55,163000.0,4490650.0,0.0050000000000007,27.55,27.54
2010-07-26,CINF,23473,CINCINNATI FINANCIAL CORP,,,0.01343,-0.1643768465400972,0.0010744985673352,6.355397957586531e-10,0.0112,4.652642708730344,27.92,162674.0,4541858.08,0.0150000000000005,27.92,27.89
2010-07-27,CINF,23473,CINCINNATI FINANCIAL CORP,,,0.003582,0.3007356671740233,0.0003568879371876,1.298525710026028e-10,-0.001049,6.051858317862719,28.02,162674.0,4558125.48,0.004999999999999,28.02,28.01
2010-07-28,CINF,23473,CINCINNATI FINANCIAL CORP,,,-0.011064,0.3516963269949618,0.0003608805485383,-3.0004722180275845e-10,-0.006922,8.180274659748946,27.71,162674.0,4507696.54,0.004999999999999,27.72,27.71
2010-07-29,CINF,23473,CINCINNATI FINANCIAL CORP,,,0.001083,0.0113322281655467,0.0003604902667627,2.9009625434434413e-11,-0.004159,8.272975398650061,27.74,162674.0,4512576.76,0.004999999999999,27.74,27.73
2010-07-30,CINF,23473,CINCINNATI FINANCIAL CORP,,,-0.006849,-0.1509914563701239,0.0003629764065335,-2.1757732040851407e-10,6.4e-05,7.023826794693682,27.55,162674.0,4481668.7,0.004999999999999,27.56,27.55
2010-08-02,CINF,23473,CINCINNATI FINANCIAL CORP,,,0.023956,-0.1142636842132901,0.000354484225452,8.391021380569416e-10,0.022023,6.221258467855957,28.21,162674.0,4589033.54,0.0050000000000007,28.21,28.2
2010-08-03,CINF,23473,CINCINNATI FINANCIAL CORP,,,-0.012052,-0.0493954272422846,0.0003588087549335,-4.49496034441144e-10,-0.004796,5.913956747851532,27.87,162674.0,4533724.38,0.004999999999999,27.86,27.85
2010-08-04,CINF,23473,CINCINNATI FINANCIAL CORP,,,0.007894,-0.0625499585779073,0.0003559985760056,3.1160251953871053e-10,0.006051,5.5440389982418825,28.09,162674.0,4569512.66,0.004999999999999,28.08,28.07
2010-08-05,CINF,23473,CINCINNATI FINANCIAL CORP,,,-0.00178,-0.2357654254322403,0.0003566333808843,-9.210238769520709e-11,-0.001269,4.236946285208454,28.04,162674.0,4561378.96,0.004999999999999,28.04,28.03
2010-08-06,CINF,23473,CINCINNATI FINANCIAL CORP,,,-0.019615,1.0697665983306273,0.000363768643143,-5.00173979456232e-10,-0.003704,8.769489900045489,27.49,162674.0,4471908.26,0.0050000000000007,27.5,27.49
2010-08-09,CINF,23473,CINCINNATI FINANCIAL CORP,,,0.012368,-0.3959657023009068,0.0007186489399927,5.157416356714618e-10,0.005483,5.297072672953268,27.83,162674.0,4527217.42,0.0099999999999997,27.81,27.79
2010-08-10,CINF,23473,CINCINNATI FINANCIAL CORP,,,-0.012576,0.1876671122994653,0.0003639010189227,-4.471744616002415e-10,-0.005967,6.2911590051268185,27.48,162674.0,4470281.5200000005,0.004999999999999,27.49,27.48
2010-08-11,CINF,23473,CINCINNATI FINANCIAL CORP,,,-0.026565,0.3190096227506527,0.0003738317757009,-7.356805299336851e-10,-0.028179,8.298099266016695,26.75,162674.0,4351529.5,0.0050000000000007,26.76,26.75
2010-08-12,CINF,23473,CINCINNATI FINANCIAL CORP,,,-0.004486,-0.2500887112605888,0.0007510326699211,-1.6641077381009083e-10,-0.005379,6.222838314666142,26.63,162674.0,4332008.62,0.0099999999999997,26.65,26.63
2010-08-13,CINF,23473,CINCINNATI FINANCIAL CORP,,,0.001502,0.1128031974900571,0.0003749531308585,4.9994460866703945e-11,-0.004024,6.924794374024122,26.67,162674.0,4338515.58,0.004999999999999,26.68,26.67
2010-08-16,CINF,23473,CINCINNATI FINANCIAL CORP,,,-0.001875,-0.174050408172686,0.0007513148009015,-7.570327195008152e-11,0.00012,5.719531086713304,26.62,162674.0,4330381.88,0.0099999999999997,26.64,26.62
2010-08-17,CINF,23473,CINCINNATI FINANCIAL CORP,,,0.020661,0.3879714408239729,0.000368052999632,5.888471788566362e-10,0.012192,7.938545803262968,27.17,162674.0,4419852.58,0.0050000000000007,27.17,27.16
2010-08-18,CINF,23473,CINCINNATI FINANCIAL CORP,,,0.007361,0.2006016749329213,0.000365363536719,1.7346185037700768e-10,0.001483,9.531031387929232,27.37,162674.0,4452387.38,0.0050000000000007,27.37,27.36
2010-08-19,CINF,23473,CINCINNATI FINANCIAL CORP,,,-0.01973,-0.386612024501258,0.0003727171077151,-7.732378578992171e-10,-0.016935,5.846220047456877,26.83,162674.0,4364543.42,0.004999999999999,26.83,26.82
2010-08-20,CINF,23473,CINCINNATI FINANCIAL CORP,,,0.003354,0.1260625344364203,0.0003714710252599,1.1634083861981272e-10,-0.003663,6.5832093635123,26.92,162674.0,4379184.08,0.004999999999999,26.93,26.92
2010-08-23,CINF,23473,CINCINNATI FINANCIAL CORP,,,-0.004086,-0.3635445137204843,0.000372995151063,-2.2360303866153838e-10,-0.00404,4.189919716734082,26.81,162674.0,4361289.94,0.0050000000000007,26.82,26.81
2010-08-24,CINF,23473,CINCINNATI FINANCIAL CORP,,,-0.000746,0.7419640224122677,0.0007465472191115,-2.345325284266244e-11,-0.014512,7.298689403346571,26.79,162674.0,4358036.46,0.0099999999999997,26.79,26.77
2010-08-25,CINF,23473,CINCINNATI FINANCIAL CORP,,,0.005599,-0.2438341557827924,0.0007423904974016,2.3149029656637406e-10,0.003289,5.519019634360746,26.94,162674.0,4382437.5600000005,0.0099999999999997,26.94,26.92
2010-08-26,CINF,23473,CINCINNATI FINANCIAL CORP,,,-0.010393,0.0231354164230157,0.0003750937734432,-4.243923815876e-10,-0.007685,5.646704451848482,26.66,162674.0,4336888.84,0.004999999999999,26.68,26.67
2010-08-27,CINF,23473,CINCINNATI FINANCIAL CORP,,,0.021005,-0.0596817669164747,0.0003673769287288,8.934011447699028e-10,0.016587,5.309699152907041,27.22,162674.0,4427986.28,0.004999999999999,27.22,27.21
2010-08-30,CINF,23473,CINCINNATI FINANCIAL CORP,,,-0.022777,-0.1883971056439942,0.0007518796992481,-1.2214712170070579e-09,-0.014719,4.309367200658986,26.6,162674.0,4327128.4,0.0099999999999997,26.62,26.6
2010-08-31,CINF,23473,CINCINNATI FINANCIAL CORP,,,0.002632,0.8158374487533915,0.0003749531308585,7.752722751075442e-11,0.000391,7.825110343386159,26.67,162674.0,4338515.58,0.004999999999999,26.68,26.67
2010-09-01,CINF,23473,CINCINNATI FINANCIAL CORP,,,0.034496,0.291151521436169,0.0003624501631026,7.607311700865603e-10,0.029505,10.103403125268942,27.59,162674.0,4488175.66,0.0050000000000007,27.59,27.58
2010-09-02,CINF,23473,CINCINNATI FINANCIAL CORP,,,0.003987,-0.2160199712697004,0.0003610108303248,1.1170577853375972e-10,0.009081,7.920866272422145,27.7,162674.0,4506069.8,0.004999999999999,27.7,27.69
2010-09-03,CINF,23473,CINCINNATI FINANCIAL CORP,,,0.02148,-0.1381904341340717,0.0003534193320375,6.836320916382872e-10,0.013219,6.826278323518202,28.295,162674.0,4602860.83,0.0050000000000007,28.3,28.29
2010-09-07,CINF,23473,CINCINNATI FINANCIAL CORP,,,-0.016434,-0.147958770165103,0.0003593244699964,-6.241188915909162e-10,-0.011471,5.816270577965748,27.83,162674.0,4527217.42,0.0050000000000007,27.84,27.83
2010-09-08,CINF,23473,CINCINNATI FINANCIAL CORP,,,0.005031,0.4742389204317259,0.0003575259206291,1.2895293482397767e-10,0.006439,8.574572457799034,27.97,162674.0,4549991.78,0.004999999999999,27.97,27.96
2010-09-09,CINF,23473,CINCINNATI FINANCIAL CORP,,,0.010011,-0.2172246677085872,0.0010619469026549,3.245572072440741e-10,0.004832,6.711963804910434,28.25,162674.0,4595540.5,0.0150000000000005,28.25,28.22
2010-09-10,CINF,23473,CINCINNATI FINANCIAL CORP,,,0.000354,-0.1186587682326154,0.0007077140835102,1.301725057298131e-11,0.004863,5.915530447397863,28.26,162674.0,4597167.24,0.0099999999999997,28.27,28.25
2010-09-13,CINF,23473,CINCINNATI FINANCIAL CORP,,,0.019816,0.3400654471616529,0.0003469812630117,5.331926671915356e-10,0.011131,7.92719795419059,28.82,162674.0,4688264.68,0.004999999999999,28.81,28.8
2010-09-14,CINF,23473,CINCINNATI FINANCIAL CORP,,,0.0,-0.3054556282855478,0.0003469812630117,0.0,-0.000713,5.505790722549393,28.82,162674.0,4688264.68,0.004999999999999,28.83,28.82
2010-09-15,CINF,23473,CINCINNATI FINANCIAL CORP,,,0.009715,-0.0386847972810777,0.0006872852233676,3.8774495877572623e-10,0.003541,5.292800324575532,29.1,162674.0,4733813.4,0.0099999999999997,29.12,29.1
2010-09-16,CINF,23473,CINCINNATI FINANCIAL CORP,,,0.000687,0.0395899656330247,0.0006868131868131,2.6357221822919048e-11,-0.000364,5.502342107527939,29.12,162674.0,4737066.88,0.0099999999999997,29.12,29.1
2010-09-17,CINF,23473,CINCINNATI FINANCIAL CORP,,,0.003091,0.4713681783243659,0.0003423485107839,8.034897743919352e-11,0.000827,8.095971083270836,29.21,162674.0,4751707.54,0.004999999999999,29.22,29.21
2010-09-20,CINF,23473,CINCINNATI FINANCIAL CORP,,,0.008901,0.1405037494191361,0.0006879944960441,2.0384964426196518e-10,0.01521,9.233485375659294,29.07,162674.0,4728933.18,0.0100000000000015,29.1,29.08
2010-09-21,CINF,23473,CINCINNATI FINANCIAL CORP,,,-0.008944,0.2102496058714502,0.0006942034015966,-1.7077715370496396e-10,-0.002564,11.17482203671146,28.81,162674.0,4686637.94,0.0099999999999997,28.81,28.79
2010-09-22,CINF,23473,CINCINNATI FINANCIAL CORP,,,-0.019438,0.0620044635072252,0.000353982300885,-3.564084748427286e-10,-0.004825,11.867710881886472,28.25,162674.0,4595540.5,0.0050000000000007,28.26,28.25
2010-09-23,CINF,23473,CINCINNATI FINANCIAL CORP,,,-0.012035,-0.4555752503926306,0.0007165890361877,-4.1026389114682217e-10,-0.008331,6.461075525283697,27.91,162674.0,4540231.34,0.0099999999999997,27.93,27.91
2010-09-24,CINF,23473,CINCINNATI FINANCIAL CORP,,,0.031172,0.2353334620935845,0.0003474635163308,8.341933224581127e-10,0.021194,7.981582797496834,28.78,162674.0,4681757.72,0.0050000000000007,28.78,28.77
2010-09-27,CINF,23473,CINCINNATI FINANCIAL CORP,,,-0.006602,-0.2776433383959901,0.0003497726477788,-2.4620820025872407e-10,-0.005667,5.765549503915807,28.59,162674.0,4650849.66,0.004999999999999,28.61,28.6
2010-09-28,CINF,23473,CINCINNATI FINANCIAL CORP,,,0.012592,0.1599138505498958,0.0006908462867011,3.9981728108941367e-10,0.00485,6.687540725623025,28.95,162674.0,4709412.3,0.0099999999999997,28.95,28.93
2010-09-29,CINF,23473,CINCINNATI FINANCIAL CORP,,,-0.008981,-0.2087896835063135,0.0006971070059253,-3.6367849513714814e-10,-0.002588,5.291251214084611,28.69,162674.0,4667117.0600000005,0.0099999999999997,28.71,28.69
2010-09-30,CINF,23473,CINCINNATI FINANCIAL CORP,,,0.004531,0.5707726642726276,0.0010409437890354,1.1628139255440139e-10,-0.003084,8.294730061349693,28.82,163000.0,4697660.0,0.0150000000000005,28.85,28.82
2010-10-01,CINF,23473,CINCINNATI FINANCIAL CORP,,,0.001041,-0.102149269141986,0.0006932409012131,2.9724250314182254e-11,0.004416,7.447429447852761,28.85,163000.0,4702550.0,0.0099999999999997,28.87,28.85
2010-10-04,CINF,23473,CINCINNATI FINANCIAL CORP,,,0.00104,-0.3052323402236206,0.0003462603878116,4.269751047238554e-11,-0.008035,5.174233128834356,28.88,163000.0,4707440.0,0.0050000000000007,28.89,28.88
2010-10-05,CINF,23473,CINCINNATI FINANCIAL CORP,,,0.020429,0.636037467393882,0.0010179843909059,5.023890101229277e-10,0.020861,8.465239263803682,29.47,163000.0,4803610.0,0.0149999999999987,29.49,29.46
2010-10-06,CINF,23473,CINCINNATI FINANCIAL CORP,,,0.001357,-0.3906832271128266,0.0006777363605557,5.469412298420376e-11,-0.000672,5.15801226993865,29.51,163000.0,4810130.0,0.0099999999999997,29.5,29.48
2010-10-07,CINF,23473,CINCINNATI FINANCIAL CORP,,,-0.001017,-0.0190150293307451,0.0006784260515603,-4.1827426493776206e-11,-0.001647,5.059932515337423,29.48,163000.0,4805240.0,0.0099999999999997,29.48,29.46
2010-10-08,CINF,23473,CINCINNATI FINANCIAL CORP,,,0.002035,-0.4458933349822799,0.0003385240352065,1.5073989883049096e-10,0.006122,2.803742331288344,29.54,163000.0,4815020.0,0.0050000000000007,29.55,29.54
2010-10-11,CINF,23473,CINCINNATI FINANCIAL CORP,,,-0.000339,0.153191396249535,0.0006772773450727,-2.1782571816978638e-11,0.000146,3.2332515337423318,29.53,163000.0,4813390.0,0.0099999999999997,29.54,29.52
2010-10-12,CINF,23473,CINCINNATI FINANCIAL CORP,,,0.00508,0.4257257789078212,0.0003369272237197,2.2779108161397162e-10,0.003819,4.609730061349693,29.68,163000.0,4837840.0,0.0050000000000007,29.69,29.68
2010-10-13,CINF,23473,CINCINNATI FINANCIAL CORP,,,0.006739,0.0589390805790899,0.001004016064257,2.8345282381970256e-10,0.007121,4.881423312883436,29.88,163000.0,4870440.0,0.0150000000000005,29.89,29.86
2010-10-14,CINF,23473,CINCINNATI FINANCIAL CORP,,,0.001004,0.4086181240511166,0.0006686726847208,2.9949525938648726e-11,-0.003641,6.876061349693251,29.91,163000.0,4875330.0,0.0099999999999997,29.93,29.91
2010-10-15,CINF,23473,CINCINNATI FINANCIAL CORP,,,-0.001337,0.2242107855295958,0.0003347840642784,-3.262215417908323e-11,0.002028,8.417748466257668,29.87,163000.0,4868810.0,0.004999999999999,29.88,29.87
2010-10-18,CINF,23473,CINCINNATI FINANCIAL CORP,,,0.008704,-0.4983831270912394,0.0003318951211417,4.197242536548457e-10,0.007244,4.222484662576687,30.13,163000.0,4911190.0,0.0050000000000007,30.12,30.11
2010-10-19,CINF,23473,CINCINNATI FINANCIAL CORP,,,-0.011616,0.7257553413292845,0.0006715916722632,-3.2839534967464737e-10,-0.015877,7.286975460122699,29.78,163000.0,4854140.0,0.0099999999999997,29.8,29.78
2010-10-20,CINF,23473,CINCINNATI FINANCIAL CORP,,,0.016118,-0.1557506164877751,0.0006609385327165,5.311737006284459e-10,0.010524,6.152024539877301,30.26,163000.0,4932380.0,0.0100000000000015,30.26,30.24
2010-10-21,CINF,23473,CINCINNATI FINANCIAL CORP,,,-0.00033,-0.0755599433574663,0.0006611570247934,-1.1768040160398389e-11,0.001774,5.687177914110429,30.25,163000.0,4930750.0,0.0100000000000015,30.26,30.24
2010-10-22,CINF,23473,CINCINNATI FINANCIAL CORP,,,0.007934,-0.0952923916678353,0.0003279763857002,3.1027166060498207e-10,0.002389,5.145233128834356,30.49,163000.0,4969870.0,0.0050000000000007,30.51,30.5
2010-10-25,CINF,23473,CINCINNATI FINANCIAL CORP,,,0.005576,-0.0612193310145908,0.0006523157208088,2.3099033818286277e-10,0.002147,4.838081309605742,30.66,162736.0,4989485.76,0.0099999999999997,30.66,30.64
2010-10-26,CINF,23473,CINCINNATI FINANCIAL CORP,,,-0.01272,0.2373337736400238,0.0003303600925008,-4.313512124545012e-10,1.7e-05,5.986321403991742,30.27,162736.0,4926018.72,0.0050000000000007,30.26,30.25
2010-10-27,CINF,23473,CINCINNATI FINANCIAL CORP,,,0.002313,0.0202732526509201,0.0009887936717204,7.670079893117354e-11,-0.002691,6.107683610264478,30.34,162736.0,4937410.24,0.0149999999999987,30.33,30.3
2010-10-28,CINF,23473,CINCINNATI FINANCIAL CORP,,,-0.025049,0.7543302412620481,0.000338066260987,-4.856469936306212e-10,0.001125,10.714894061547538,29.58,162736.0,4813730.88,0.004999999999999,29.58,29.57
2010-10-29,CINF,23473,CINCINNATI FINANCIAL CORP,,,-0.004395,-0.4549357429235207,0.0003395585738539,-1.5701977762526832e-10,-0.000439,5.840305771310589,29.45,162736.0,4792575.2,0.004999999999999,29.45,29.44
2010-11-01,CINF,23473,CINCINNATI FINANCIAL CORP,,,0.001698,0.1342163740967228,0.0010169491525424,5.339499312508018e-11,0.000947,6.62417043555206,29.5,162736.0,4800712.0,0.0150000000000005,29.52,29.49
2010-11-02,CINF,23473,CINCINNATI FINANCIAL CORP,,,0.012881,-0.2805505797358234,0.000669344042838,5.55844848612391e-10,0.007759,4.765755579589028,29.88,162736.0,4862551.68,0.0099999999999997,29.88,29.86
2010-11-03,CINF,23473,CINCINNATI FINANCIAL CORP,,,0.001004,0.7319704471607613,0.0006686726847208,2.4989721751089424e-11,0.003678,8.254147822239702,29.91,162736.0,4867433.76,0.0099999999999997,29.91,29.89
2010-11-04,CINF,23473,CINCINNATI FINANCIAL CORP,,,0.033099,0.0968675158031249,0.0009708737864078,7.270199682791825e-10,0.019283,9.053706616851834,30.9,162736.0,5028542.399999999,0.0150000000000005,30.91,30.88
2010-11-05,CINF,23473,CINCINNATI FINANCIAL CORP,,,-0.005178,-0.2706540949826383,0.0003253090435913,-1.5675253749481948e-10,0.003923,6.603283846229476,30.74,162736.0,5002504.64,0.004999999999999,30.74,30.73
2010-11-08,CINF,23473,CINCINNATI FINANCIAL CORP,,,-0.012036,0.29177120246568,0.0016463615409944,-2.8550136273422567e-10,-0.002121,8.52993191426605,30.37,162736.0,4942292.32,0.0250000000000003,30.37,30.32
2010-11-09,CINF,23473,CINCINNATI FINANCIAL CORP,,,-0.012842,-0.372972357716549,0.0003335557038024,-4.921360152106004e-10,-0.008052,5.348503097040606,29.98,162736.0,4878825.28,0.004999999999999,29.99,29.98
2010-11-10,CINF,23473,CINCINNATI FINANCIAL CORP,,,0.01034,0.5170486009784074,0.0006602839220864,2.585269856930841e-10,0.004376,8.11393914069413,30.29,162736.0,4929273.44,0.0099999999999997,30.31,30.29
2010-11-11,CINF,23473,CINCINNATI FINANCIAL CORP,,,-0.009244,-0.4170399036677445,0.0003332222592469,-4.0016557989374677e-10,-0.004242,4.730102743093108,30.01,162736.0,4883707.36,0.0050000000000007,30.0,29.99
2010-11-12,CINF,23473,CINCINNATI FINANCIAL CORP,,,-0.007997,-0.0762928089087738,0.0003359086328519,-3.7779806181676446e-10,-0.011808,4.369229918395438,29.77,162736.0,4844650.72,0.0050000000000007,29.78,29.77
2010-11-15,CINF,23473,CINCINNATI FINANCIAL CORP,,,0.013772,1.0633193208172358,0.0009940357852883,3.1104469444126485e-10,-0.001217,9.01511650771802,30.18,162736.0,4911372.48,0.0150000000000005,30.17,30.14
2010-11-16,CINF,23473,CINCINNATI FINANCIAL CORP,,,-0.021537,-0.0395519274969939,0.0003386386725363,-5.175983593589847e-10,-0.016205,8.658551273227804,29.53,162736.0,4805594.08,0.004999999999999,29.54,29.53
2010-11-17,CINF,23473,CINCINNATI FINANCIAL CORP,,,0.003725,-0.2616868858485598,0.0003373819163293,1.208032518966733e-10,0.000212,6.3927219545767375,29.64,162736.0,4823495.04,0.0050000000000007,29.64,29.63
2010-11-18,CINF,23473,CINCINNATI FINANCIAL CORP,,,0.016532,-0.0045812562600568,0.0006637902422834,5.29847632461171e-10,0.015357,6.3634352571035295,30.13,162736.0,4903235.68,0.0099999999999997,30.13,30.11
2010-11-19,CINF,23473,CINCINNATI FINANCIAL CORP,,,-0.000332,-0.1735109505967785,0.000996015936255,-1.2878662008557028e-11,0.00254,5.259309556582441,30.12,162736.0,4901608.32,0.0150000000000005,30.12,30.09
2010-11-22,CINF,23473,CINCINNATI FINANCIAL CORP,,,-0.002988,0.3555058600573211,0.0003330003330002,-8.576527627097857e-11,-0.001575,7.1290249238029695,30.03,162736.0,4886962.08,0.004999999999999,30.04,30.03
2010-11-23,CINF,23473,CINCINNATI FINANCIAL CORP,,,-0.008325,-0.1659183432472898,0.0003357958361316,-2.888931261731494e-10,-0.014284,5.946188919476945,29.78,162736.0,4846278.08,0.0050000000000007,29.78,29.77
2010-11-24,CINF,23473,CINCINNATI FINANCIAL CORP,,,0.016454,0.132886688389195,0.0003303600925007,4.958499319504884e-10,0.014923,6.736358273522761,30.27,162736.0,4926018.72,0.004999999999999,30.27,30.26
2010-11-26,CINF,23473,CINCINNATI FINANCIAL CORP,,,-0.008589,-0.5711937444811758,0.0003332222592469,-6.08844911838413e-10,-0.007469,2.8885925671025463,30.01,162736.0,4883707.36,0.0050000000000007,30.01,30.0
2010-11-29,CINF,23473,CINCINNATI FINANCIAL CORP,,,0.003665,0.4098596403150116,0.000332005312085,1.836002240369585e-10,-0.001379,4.072510077671812,30.12,162736.0,4901608.32,0.0050000000000007,30.12,30.11
2010-11-30,CINF,23473,CINCINNATI FINANCIAL CORP,,,0.00083,0.5568666030925968,0.0003317299718028,2.6684901066137608e-11,-0.00607,6.340354930685281,30.145,162736.0,4905676.72,0.004999999999999,30.15,30.14
2010-12-01,CINF,23473,CINCINNATI FINANCIAL CORP,,,0.02206,-0.1193928304212815,0.0006491398896462,7.880148206826874e-10,0.021617,5.583362009635238,30.81,162736.0,5013896.16,0.0099999999999997,30.82,30.8
2010-12-02,CINF,23473,CINCINNATI FINANCIAL CORP,,,0.007465,0.4522767643905994,0.0006443298969072,1.8225493064017488e-10,0.012818,8.108586913774456,31.04,162736.0,5051325.44,0.0099999999999997,31.06,31.04
2010-12-03,CINF,23473,CINCINNATI FINANCIAL CORP,,,-0.011276,0.1978880823062856,0.0003258390355163,-2.324412067486952e-10,0.002603,9.713179628355128,30.69,162736.0,4994367.84,0.004999999999999,30.68,30.67
2010-12-06,CINF,23473,CINCINNATI FINANCIAL CORP,,,-0.001303,-0.0194282981291643,0.000326264274062,-2.7427708406900578e-11,-0.001298,9.524469078753318,30.65,162736.0,4987858.399999999,0.0050000000000007,30.66,30.65
2010-12-07,CINF,23473,CINCINNATI FINANCIAL CORP,,,0.006525,0.8194692298064354,0.00064829821718,7.499912888942824e-11,0.000515,17.32947841903451,30.85,162736.0,5020405.600000001,0.0100000000000015,30.85,30.83
2010-12-08,CINF,23473,CINCINNATI FINANCIAL CORP,,,0.011021,-0.6467783400056026,0.0003206155819173,3.547228555591941e-10,0.003702,6.121147134008456,31.19,162736.0,5075735.84,0.0050000000000007,31.19,31.18
2010-12-09,CINF,23473,CINCINNATI FINANCIAL CORP,,,0.006733,-0.1006544319973979,0.0006369426751592,2.393513668253474e-10,0.003843,5.505026546062334,31.4,162736.0,5109910.399999999,0.0099999999999997,31.4,31.38
2010-12-10,CINF,23473,CINCINNATI FINANCIAL CORP,,,0.003822,-0.3045913116470543,0.0003172588832487,1.9463516472522958e-10,0.006002,3.8282432897453536,31.52,162736.0,5129438.72,0.0050000000000007,31.53,31.52
2010-12-13,CINF,23473,CINCINNATI FINANCIAL CORP,,,0.016497,0.9064853056133856,0.0003121098626715,4.335067237247602e-10,4.8e-05,7.298489578212565,32.04,162736.0,5214061.44,0.004999999999999,32.04,32.03
2010-12-14,CINF,23473,CINCINNATI FINANCIAL CORP,,,-0.001561,-0.2945053871807241,0.0006251953735542,-5.823422927304398e-11,0.000911,5.149045079146593,31.99,162736.0,5205924.64,0.0099999999999997,32.01,31.99
2010-12-15,CINF,23473,CINCINNATI FINANCIAL CORP,,,-0.000625,1.397915112747409,0.0003127932436658,-9.729561000250859e-12,-0.005122,12.346973011503296,31.97,162736.0,5202669.92,0.004999999999999,31.97,31.96
2010-12-16,CINF,23473,CINCINNATI FINANCIAL CORP,,,0.00563,-0.6019796973767442,0.0003110419906686,2.189666913994665e-10,0.006185,4.914345934519713,32.15,162736.0,5231962.399999999,0.004999999999999,32.14,32.13
2010-12-17,CINF,23473,CINCINNATI FINANCIAL CORP,,,-0.010575,2.495516673523053,0.0006287331027978,-1.189202921631309e-10,0.000837,17.178178153573885,31.81,162736.0,5176632.16,0.0099999999999997,31.83,31.81
2010-12-20,CINF,23473,CINCINNATI FINANCIAL CORP,,,0.002515,-0.6200940938104988,0.0003175611305176,7.520185336118809e-11,0.002548,6.526091338118179,31.49,162736.0,5124556.64,0.0050000000000007,31.48,31.47
2010-12-21,CINF,23473,CINCINNATI FINANCIAL CORP,,,0.012385,-0.3533949135146841,0.0006273525721455,5.657203439876413e-10,0.00603,4.219803854094976,31.88,162736.0,5188023.68,0.0099999999999997,31.9,31.88
2010-12-22,CINF,23473,CINCINNATI FINANCIAL CORP,,,0.010743,0.1264674959298921,0.0003103421522227,4.3099454875954406e-10,0.00338,4.753471880837676,32.2225,162736.0,5243760.76,0.004999999999999,32.25,32.24
2010-12-23,CINF,23473,CINCINNATI FINANCIAL CORP,,,-0.009077,-0.3504830259022883,0.0006263701847791,-5.657940103654797e-10,-0.001644,3.087460672500246,31.93,162736.0,5196160.48,0.0099999999999997,31.95,31.93
2010-12-27,CINF,23473,CINCINNATI FINANCIAL CORP,,,0.004698,-0.2651256565447485,0.0003117206982545,3.9662537555053676e-10,0.000613,2.268895634647527,32.08,162736.0,5220570.88,0.0050000000000025,32.09,32.08
2010-12-28,CINF,23473,CINCINNATI FINANCIAL CORP,,,-0.002182,0.0703976643347932,0.0003124023742582,-1.7247484480473168e-10,0.000771,2.428620587946121,32.01,162736.0,5209179.359999999,0.0050000000000025,32.02,32.01
2010-12-29,CINF,23473,CINCINNATI FINANCIAL CORP,,,-0.00125,-0.1346881768313664,0.0003127932436658,-1.1432769029170888e-10,0.001009,2.101514108740537,31.97,162736.0,5202669.92,0.004999999999999,31.97,31.96
2010-12-30,CINF,23473,CINCINNATI FINANCIAL CORP,,,-0.006256,0.6542609183840558,0.0003147623544224,-3.4806436997415863e-10,-0.001508,3.4764526595221708,31.77,162736.0,5170122.72,0.0050000000000007,31.78,31.77
2010-12-31,CINF,23473,CINCINNATI FINANCIAL CORP,,,-0.002518,-0.1278899997171866,0.0012622278321236,-1.6104315245350402e-10,-0.000191,3.0456234567901235,31.69,162000.0,5133780.0,0.0199999999999995,31.73,31.69
2011-01-03,CINF,23473,CINCINNATI FINANCIAL CORP,,,0.019249,0.5846519292001677,0.0006191950464395,7.622203565706345e-10,0.011315,4.8262530864197535,32.3,162000.0,5232600.0,0.009999999999998,32.3,32.28
2011-01-04,CINF,23473,CINCINNATI FINANCIAL CORP,,,-0.00774,-0.0300631960227817,0.0003120124804993,-3.1845229354649354e-10,-0.001313,4.681160493827161,32.05,162000.0,5192100.0,0.0050000000000025,32.06,32.05
2011-01-05,CINF,23473,CINCINNATI FINANCIAL CORP,,,0.002808,-0.085113958235533,0.0003111387678904,1.259260798090039e-10,0.005007,4.282728395061729,32.14,162000.0,5206680.0,0.004999999999999,32.14,32.13
2011-01-06,CINF,23473,CINCINNATI FINANCIAL CORP,,,-0.001011,-0.0493685518346732,0.0006229074203845,-4.7741596695389007e-11,-0.002123,4.071296296296296,32.1075,162000.0,5201415.0,0.009999999999998,32.11,32.09
2011-01-07,CINF,23473,CINCINNATI FINANCIAL CORP,,,-0.009266,0.1582988401182625,0.0003143665513989,-3.812942715630869e-10,-0.001845,4.715777777777777,31.81,162000.0,5153220.0,0.0050000000000007,31.82,31.81
2011-01-10,CINF,23473,CINCINNATI FINANCIAL CORP,,,0.001886,-0.0098055385388687,0.0003137747097584,7.822954169780889e-11,-0.001376,4.669537037037037,31.87,162000.0,5162940.0,0.0050000000000007,31.87,31.86
2011-01-11,CINF,23473,CINCINNATI FINANCIAL CORP,,,-0.005334,-0.1067213949092158,0.0006309148264984,-2.490106820540765e-10,0.003725,4.171197530864197,31.7,162000.0,5135400.0,0.0099999999999997,31.73,31.71
2011-01-12,CINF,23473,CINCINNATI FINANCIAL CORP,,,0.009779,-0.069041960297987,0.0006248047485159,4.85627077298502e-10,0.009008,3.88320987654321,32.01,162000.0,5185620.0,0.009999999999998,32.04,32.02
2011-01-13,CINF,23473,CINCINNATI FINANCIAL CORP,,,-0.004998,0.0580164684936732,0.0003139717425432,-2.3576998141924513e-10,-0.001711,4.1085,31.85,162000.0,5159700.0,0.0050000000000007,31.87,31.86
2011-01-14,CINF,23473,CINCINNATI FINANCIAL CORP,,,0.009419,-0.1065857143501052,0.0009331259720062,4.926887221945636e-10,0.007385,3.670592592592592,32.15,162000.0,5208300.0,0.0150000000000005,32.15,32.12
2011-01-18,CINF,23473,CINCINNATI FINANCIAL CORP,,,0.002722,-0.0013050000336339,0.0006203955021327,1.4218136907730468e-10,0.001376,3.6658024691358015,32.2375,162000.0,5222475.0,0.0100000000000015,32.24,32.22
2011-01-19,CINF,23473,CINCINNATI FINANCIAL CORP,,,-0.015743,0.1918718216414643,0.0003151591553735,-7.009770463679173e-10,-0.010116,4.369166666666667,31.73,162000.0,5140260.0,0.0050000000000007,31.76,31.75
2011-01-20,CINF,23473,CINCINNATI FINANCIAL CORP,,,0.000945,0.2916664900643539,0.0003148614609571,3.254522630670606e-11,-0.001295,5.643506172839506,31.76,162000.0,5145120.0,0.004999999999999,31.79,31.78
2011-01-21,CINF,23473,CINCINNATI FINANCIAL CORP,,,0.000315,0.9257608438848102,0.0003147623544224,5.6315373389453335e-12,0.002414,10.868043209876545,31.77,162000.0,5146740.0,0.0050000000000007,31.78,31.77
2011-01-24,CINF,23473,CINCINNATI FINANCIAL CORP,,,0.016368,-0.4852339200385318,0.0006193868070611,5.593083185742725e-10,0.005836,5.5945,32.29,162000.0,5230980.0,0.0100000000000015,32.31,32.29
2011-01-25,CINF,23473,CINCINNATI FINANCIAL CORP,,,0.006504,0.1215302948552867,0.0003076923076922,1.9688374860724201e-10,0.000263,6.274401234567901,32.5,162000.0,5265000.0,0.004999999999999,32.5,32.49
2011-01-26,CINF,23473,CINCINNATI FINANCIAL CORP,,,-0.002769,0.034917502334097,0.0,-8.121773823150171e-11,0.004221,6.493487654320988,32.41,162000.0,5250419.999999999,0.0,32.42,32.42
2011-01-27,CINF,23473,CINCINNATI FINANCIAL CORP,,,0.011725,-0.4286735523245036,0.0003049710277523,5.949686358820345e-10,0.002244,3.709901234567901,32.79,162000.0,5311980.0,0.004999999999999,32.8,32.79
2011-01-28,CINF,23473,CINCINNATI FINANCIAL CORP,,,-0.019213,0.8740224690684255,0.0003109452736319,-5.304286658724897e-10,-0.017852,6.952438271604938,32.16,162000.0,5209919.999999999,0.0050000000000025,32.17,32.16
2011-01-31,CINF,23473,CINCINNATI FINANCIAL CORP,,,-0.003731,-0.0958008337069773,0.0003121098626715,-1.1434481685671717e-10,0.007663,6.286388888888889,32.04,162000.0,5190480.0,0.004999999999999,32.05,32.04
2011-02-01,CINF,23473,CINCINNATI FINANCIAL CORP,,,0.026217,0.2517255092572135,0.0003041362530413,6.254978537757883e-10,0.016694,7.868833333333333,32.88,162000.0,5326560.0,0.004999999999999,32.87,32.86
2011-02-02,CINF,23473,CINCINNATI FINANCIAL CORP,,,-0.009124,-0.3004649535477909,0.0006138735420502,-3.14050405091394e-10,-0.002723,5.504524691358025,32.58,162000.0,5277960.0,0.009999999999998,32.61,32.59
2011-02-03,CINF,23473,CINCINNATI FINANCIAL CORP,,,0.015577,0.5802667390351148,0.0006044578768418,3.340831928575025e-10,0.002354,8.698617283950616,33.0875,162000.0,5360175.0,0.0100000000000015,33.07,33.05
2011-02-04,CINF,23473,CINCINNATI FINANCIAL CORP,,,0.001889,-0.3883035192197426,0.0006033182503771,6.610696291376984e-11,0.002884,5.320913580246914,33.15,162000.0,5370300.0,0.0100000000000015,33.17,33.15
2011-02-07,CINF,23473,CINCINNATI FINANCIAL CORP,,,-0.000302,0.4522197524791529,0.000301750150875,-7.279823994027205e-12,0.00624,7.727135802469136,33.14,162000.0,5368680.0,0.004999999999999,33.15,33.14
2011-02-08,CINF,23473,CINCINNATI FINANCIAL CORP,,,0.004526,-0.0361864073698909,0.0003003905076598,1.1268708590225341e-10,0.004185,7.447518518518518,33.29,162000.0,5392980.0,0.004999999999999,33.29,33.28
2011-02-09,CINF,23473,CINCINNATI FINANCIAL CORP,,,-0.001802,-0.2160426291630819,0.000300932891965,-5.7333095589975864e-11,-0.002786,5.838537037037037,33.23,162000.0,5383259.999999999,0.004999999999999,33.23,33.22
2011-02-10,CINF,23473,CINCINNATI FINANCIAL CORP,,,0.004514,-0.150245865328601,0.0011983223487117,1.6825302531948008e-10,0.00075,4.961320987654321,33.38,162000.0,5407560.0,0.0199999999999995,33.39,33.35
2011-02-11,CINF,23473,CINCINNATI FINANCIAL CORP,,,0.005992,-0.3859660036778337,0.0002977963073257,3.615649767985348e-10,0.005507,3.04641975308642,33.58,162000.0,5439960.0,0.004999999999999,33.57,33.56
2011-02-14,CINF,23473,CINCINNATI FINANCIAL CORP,,,-0.008041,0.1812955908575133,0.0012008405884118,-4.1406840096793584e-10,0.002385,3.5987222222222224,33.31,162000.0,5396220.0,0.0199999999999995,33.33,33.29
2011-02-15,CINF,23473,CINCINNATI FINANCIAL CORP,,,0.001801,-0.2053849703169677,0.000299670362601,1.1650307563753243e-10,-0.003235,2.8595987654320987,33.37,162000.0,5405940.0,0.004999999999999,33.37,33.36
2011-02-16,CINF,23473,CINCINNATI FINANCIAL CORP,,,0.011088,0.3256435440524117,0.0008891523414345,5.35132419699681e-10,0.006257,3.7908086419753086,33.74,162000.0,5465880.0,0.0150000000000005,33.74,33.71
2011-02-17,CINF,23473,CINCINNATI FINANCIAL CORP,,,0.004297,-0.0795572787329977,0.0002951158329643,2.24343876248234e-10,0.003076,3.4892222222222222,33.885,162000.0,5489370.0,0.004999999999999,33.89,33.88
2011-02-18,CINF,23473,CINCINNATI FINANCIAL CORP,,,0.00878,0.2636584615058008,0.0005850947122066,3.5959805940834844e-10,0.001925,4.382134969325153,34.1825,163000.0,5571747.5,0.0100000000000015,34.25,34.23
2011-02-22,CINF,23473,CINCINNATI FINANCIAL CORP,,,-0.008264,0.5975194879376386,0.0002949852507374,-2.1363435385797206e-10,-0.020529,7.000546012269939,33.9,163000.0,5525700.0,0.004999999999999,33.91,33.9
2011-02-23,CINF,23473,CINCINNATI FINANCIAL CORP,,,-0.009145,-0.2318907639982508,0.0002977076510865,-3.1062127635251165e-10,-0.006112,5.377184049079754,33.59,163000.0,5475170.000000001,0.004999999999999,33.6,33.59
2011-02-24,CINF,23473,CINCINNATI FINANCIAL CORP,,,-0.005954,0.0778636388010691,0.0008984725965858,-1.887496190282793e-10,-0.000994,5.795871165644172,33.39,163000.0,5442570.0,0.0150000000000005,33.42,33.39
2011-02-25,CINF,23473,CINCINNATI FINANCIAL CORP,,,0.009284,-0.2366641368352974,0.0014836795252226,3.82017480896081e-10,0.01055,4.424196319018405,33.7,163000.0,5493100.0,0.0250000000000021,33.71,33.66
2011-02-28,CINF,23473,CINCINNATI FINANCIAL CORP,,,0.010386,0.3954882797333126,0.0005873715124815,3.0309796057796906e-10,0.005561,6.173914110429448,34.05,163000.0,5550150.0,0.009999999999998,34.05,34.03
2011-03-01,CINF,23473,CINCINNATI FINANCIAL CORP,,,-0.020264,-0.1149999801261592,0.0002997601918464,-6.820365776997474e-10,-0.01574,5.463914110429448,33.36,163000.0,5437680.0,0.004999999999999,33.37,33.36
2011-03-02,CINF,23473,CINCINNATI FINANCIAL CORP,,,-0.008993,0.1373619217217707,0.0003024803387779,-2.6854161207855916e-10,0.001615,6.2144478527607365,33.06,163000.0,5388780.0,0.004999999999999,33.07,33.06
2011-03-03,CINF,23473,CINCINNATI FINANCIAL CORP,,,0.014216,1.6390086430295523,0.0005964807634952,1.5860354724792602e-10,0.017219,16.399679760495207,33.53,163003.0,5465490.59,0.009999999999998,33.55,33.53
2011-03-04,CINF,23473,CINCINNATI FINANCIAL CORP,,,-0.008351,0.0403969479241521,0.0003007518796991,-9.030604020617179e-11,-0.007378,17.062176769752703,33.25,163003.0,5419849.75,0.004999999999999,33.26,33.25
2011-03-07,CINF,23473,CINCINNATI FINANCIAL CORP,,,-0.007218,0.5131138298553206,0.0006058770069676,-5.196006887768853e-11,-0.008341,25.817015637749,33.01,163003.0,5380729.029999999,0.0100000000000015,32.96,32.94
2011-03-08,CINF,23473,CINCINNATI FINANCIAL CORP,,,0.016737,-0.7741213630080526,0.0002979515828677,5.24622024888444e-10,0.008923,5.831512303454538,33.5625,163003.0,5470788.1875,0.004999999999999,33.55,33.54
2011-03-09,CINF,23473,CINCINNATI FINANCIAL CORP,,,-0.002458,-0.3923638215188195,0.0002986857825566,-1.2710891504966184e-10,-0.001362,3.543437850837101,33.48,163003.0,5457340.44,0.004999999999999,33.48,33.47
2011-03-10,CINF,23473,CINCINNATI FINANCIAL CORP,,,-0.015233,0.6458376255862712,0.00030330603579,-4.860255394306226e-10,-0.018871,5.831923338834255,32.97,163003.0,5374208.91,0.004999999999999,32.98,32.97
2011-03-11,CINF,23473,CINCINNATI FINANCIAL CORP,,,0.003336,0.05424664508779,0.0003022974607012,1.0062616222086225e-10,0.00708,6.148285614375196,33.08,163003.0,5392139.239999999,0.004999999999999,33.08,33.07
2011-03-14,CINF,23473,CINCINNATI FINANCIAL CORP,,,-0.007557,-0.1453897418550792,0.0003045994517211,-2.6875763229487845e-10,-0.006049,5.2543879560498885,32.83,163003.0,5351388.489999999,0.0050000000000025,32.84,32.83
2011-03-15,CINF,23473,CINCINNATI FINANCIAL CORP,,,-0.014621,1.860400872874004,0.0003091190108191,-1.8448376663447527e-10,-0.0112,15.029655895903757,32.35,163003.0,5273147.05,0.004999999999999,32.37,32.36
2011-03-16,CINF,23473,CINCINNATI FINANCIAL CORP,,,-0.011128,-0.1895795669908595,0.000312597686777,-1.7520555015008154e-10,-0.019495,12.180340239136704,31.99,163003.0,5214465.97,0.004999999999999,31.99,31.98
2011-03-17,CINF,23473,CINCINNATI FINANCIAL CORP,,,0.012191,-0.6119897332167508,0.0003088326127238,4.887246590872296e-10,0.013398,4.726097065698177,32.38,163003.0,5278037.140000001,0.004999999999999,32.39,32.38
2011-03-18,CINF,23473,CINCINNATI FINANCIAL CORP,,,0.006794,1.1270107273406995,0.0003067484662576,1.27186210492774e-10,0.004302,10.052459157193423,32.6,163003.0,5313897.8,0.004999999999999,32.61,32.6
2011-03-21,CINF,23473,CINCINNATI FINANCIAL CORP,,,0.020859,-0.5696361669029484,0.0006082725060828,8.996177040085565e-10,0.014994,4.32621485494132,32.88,163003.0,5359538.640000001,0.0100000000000015,32.88,32.86
2011-03-22,CINF,23473,CINCINNATI FINANCIAL CORP,,,-0.00882,-0.1222840498818751,0.0003068425897513,-4.3724671204564065e-10,-0.003551,3.797187781819967,32.59,163003.0,5312267.7700000005,0.004999999999999,32.6,32.59
2011-03-23,CINF,23473,CINCINNATI FINANCIAL CORP,,,-0.007978,0.3663266839323826,0.000309310238169,-2.9179383039112965e-10,0.002914,5.188198990202634,32.33,163003.0,5269886.989999999,0.0050000000000025,32.34,32.33
2011-03-24,CINF,23473,CINCINNATI FINANCIAL CORP,,,0.003402,-0.3618007501549027,0.0003082614056721,1.9430543654046128e-10,0.009341,3.3111047035944123,32.44,163003.0,5287817.319999999,0.0050000000000025,32.45,32.44
2011-03-25,CINF,23473,CINCINNATI FINANCIAL CORP,,,0.000925,0.1823056399614615,0.0006159531875576,4.464380177295239e-11,0.003161,3.914737765562597,32.47,163003.0,5292707.41,0.009999999999998,32.47,32.45
2011-03-28,CINF,23473,CINCINNATI FINANCIAL CORP,,,-0.002772,0.0229191022293822,0.0003088326127238,-1.3115257437822175e-10,-0.002748,4.0044600406127495,32.38,163003.0,5278037.140000001,0.004999999999999,32.39,32.38
2011-03-29,CINF,23473,CINCINNATI FINANCIAL CORP,,,0.005559,-0.0543877415015802,0.0003071253071252,2.7660474279120567e-10,0.00706,3.786666503070496,32.56,163003.0,5307377.680000001,0.004999999999999,32.55,32.54
2011-03-30,CINF,23473,CINCINNATI FINANCIAL CORP,,,0.012592,-0.0082545144660568,0.00030330603579,6.239113414135412e-10,0.006685,3.755409409642768,32.97,163003.0,5374208.91,0.004999999999999,32.97,32.96
2011-03-31,CINF,23473,CINCINNATI FINANCIAL CORP,,,-0.00546,0.4795970876086144,0.0003049710277525,-1.838462901573772e-10,-0.001829,5.55659509202454,32.79,163000.0,5344770.0,0.0050000000000025,32.81,32.8
2011-04-01,CINF,23473,CINCINNATI FINANCIAL CORP,,,0.006099,-0.2113334621435866,0.0003031221582299,2.588132746818065e-10,0.004963,4.382300613496932,32.99,163000.0,5377370.0,0.0050000000000025,32.99,32.98
2011-04-04,CINF,23473,CINCINNATI FINANCIAL CORP,,,0.010609,0.1998026080930681,0.0002999400119977,3.7128660574543965e-10,0.000345,5.257895705521473,33.34,163000.0,5434420.000000001,0.0050000000000025,33.34,33.33
2011-04-05,CINF,23473,CINCINNATI FINANCIAL CORP,,,-0.003899,-0.0564503049459941,0.0006022282445045,-1.4518441844463707e-10,-0.00018,4.961085889570552,33.21,163000.0,5413230.0,0.009999999999998,33.23,33.21
2011-04-06,CINF,23473,CINCINNATI FINANCIAL CORP,,,0.009636,-0.1377765851281817,0.0002982403817476,4.1217255942630156e-10,0.002184,4.277564417177914,33.53,163000.0,5465390.0,0.004999999999999,33.54,33.53
2011-04-07,CINF,23473,CINCINNATI FINANCIAL CORP,,,-0.009842,0.3262836629410406,0.0003012048192772,-3.2057134112274567e-10,-0.00152,5.673263803680982,33.2,163000.0,5411600.0,0.0050000000000025,33.2,33.19
2011-04-08,CINF,23473,CINCINNATI FINANCIAL CORP,,,-0.008434,-0.477302858527027,0.000303766707169,-5.300331860854135e-10,-0.004004,2.965398773006135,32.92,163000.0,5365960.0,0.0050000000000025,32.92,32.91
2011-04-11,CINF,23473,CINCINNATI FINANCIAL CORP,,,0.00243,0.0290094339622641,0.0003030303030302,1.480479061091146e-10,-0.002793,3.0514233128834354,33.0,163000.0,5379000.0,0.004999999999999,33.0,32.99
2011-04-12,CINF,23473,CINCINNATI FINANCIAL CORP,,,-0.016061,0.3896582506001422,0.0006159531875578,-7.156360648044427e-10,-0.007777,4.240435582822086,32.47,163000.0,5292610.0,0.0100000000000015,32.49,32.47
2011-04-13,CINF,23473,CINCINNATI FINANCIAL CORP,,,-0.005852,0.0191495548987183,0.0003097893432465,-2.573562962065705e-10,0.00019,4.321638036809816,32.28,163000.0,5261640.0,0.004999999999999,32.29,32.28
2011-04-14,CINF,23473,CINCINNATI FINANCIAL CORP,,,-0.007745,-0.2061775031337527,0.0003122073056508,-4.3241931763204367e-10,8.4e-05,3.4306134969325157,32.03,163000.0,5220890.0,0.004999999999999,32.03,32.02
2011-04-15,CINF,23473,CINCINNATI FINANCIAL CORP,,,0.004683,0.2358017847243334,0.000310752019888,2.1058619793937747e-10,0.003925,4.239558282208589,32.18,163000.0,5245340.0,0.004999999999999,32.19,32.18
2011-04-18,CINF,23473,CINCINNATI FINANCIAL CORP,,,-0.017091,-0.0461646658408677,0.0003161555485299,-8.197598832313511e-10,-0.011018,4.043840490797546,31.63,163000.0,5155690.0,0.0050000000000007,31.64,31.63
2011-04-19,CINF,23473,CINCINNATI FINANCIAL CORP,,,-0.002213,-0.0994772023193647,0.000316856780735,-1.1813214411748344e-10,0.005731,3.6415705521472392,31.56,163000.0,5144280.0,0.004999999999999,31.58,31.57
2011-04-20,CINF,23473,CINCINNATI FINANCIAL CORP,,,0.009506,-0.0165387414585495,0.000313873195229,5.111147911806218e-10,0.013515,3.5813435582822084,31.86,163000.0,5193180.0,0.004999999999999,31.86,31.85
2011-04-21,CINF,23473,CINCINNATI FINANCIAL CORP,,,0.008161,-0.2281866318121005,0.0,5.639257885105295e-10,0.005277,2.7641288343558283,32.12,163000.0,5235560.0,0.0,32.1,32.1
2011-04-25,CINF,23473,CINCINNATI FINANCIAL CORP,,,0.001557,0.0299764955510228,0.0003108486167235,1.0429520734189653e-10,-0.001593,2.845765622125468,32.17,163070.0,5245961.9,0.004999999999999,32.18,32.17
2011-04-26,CINF,23473,CINCINNATI FINANCIAL CORP,,,0.00746,0.0763976132345241,0.0006170934896635,4.6080148553899435e-10,0.00898,3.063175323480714,32.41,163070.0,5285098.699999999,0.009999999999998,32.41,32.39
2011-04-27,CINF,23473,CINCINNATI FINANCIAL CORP,,,0.007097,0.46147239705953,0.0003063725490195,2.9784348991636657e-10,0.00625,4.4767461826209605,32.64,163070.0,5322604.8,0.004999999999999,32.64,32.63
2011-04-28,CINF,23473,CINCINNATI FINANCIAL CORP,,,-0.031556,1.3296019440483384,0.0003163555836761,-5.870014693376344e-10,0.003555,10.429036610044768,31.61,163070.0,5154642.7,0.0050000000000007,31.62,31.61
2011-04-29,CINF,23473,CINCINNATI FINANCIAL CORP,,,0.002214,-0.5714965281187396,0.0003156565656565,9.590027120284826e-11,0.002301,4.468878395780953,31.68,163070.0,5166057.6,0.004999999999999,31.68,31.67
2011-05-02,CINF,23473,CINCINNATI FINANCIAL CORP,,,-0.007576,0.0132379175014407,0.0003180661577608,-3.263423125266193e-10,-0.001753,4.5280370393082725,31.44,163070.0,5126920.8,0.0050000000000007,31.44,31.43
2011-05-03,CINF,23473,CINCINNATI FINANCIAL CORP,,,-0.004453,1.7349167848296356,0.0003194888178913,-7.044987048654335e-11,-0.003379,12.383804501134485,31.3,163070.0,5104091.0,0.004999999999999,31.31,31.3
2011-05-04,CINF,23473,CINCINNATI FINANCIAL CORP,,,-0.002556,-0.6644855199024278,0.0003203074951953,-1.2083382521351443e-10,-0.006855,4.15494572882811,31.22,163070.0,5091045.399999999,0.004999999999999,31.22,31.21
2011-05-05,CINF,23473,CINCINNATI FINANCIAL CORP,,,-0.014414,0.0832060358912369,0.000324991875203,-6.38273073493782e-10,-0.00907,4.500662292267124,30.77,163070.0,5017663.9,0.004999999999999,30.77,30.76
2011-05-06,CINF,23473,CINCINNATI FINANCIAL CORP,,,0.00585,0.0939158467577661,0.0003231017770597,2.3542945703427503e-10,0.00382,4.92334580241614,30.95,163070.0,5047016.5,0.004999999999999,30.95,30.94
2011-05-09,CINF,23473,CINCINNATI FINANCIAL CORP,,,0.010339,0.2273401008905773,0.0003197953309881,3.3554542223597876e-10,0.004544,6.042619733856626,31.27,163070.0,5099198.9,0.004999999999999,31.27,31.26
2011-05-10,CINF,23473,CINCINNATI FINANCIAL CORP,,,0.008315,-0.3560561007540315,0.0003171582619726,4.1561471346242814e-10,0.008074,3.891108113080272,31.53,163070.0,5141597.100000001,0.004999999999999,31.52,31.51
2011-05-11,CINF,23473,CINCINNATI FINANCIAL CORP,,,-0.016175,0.5299082933163968,0.0003223726627981,-5.37142762155997e-10,-0.011111,5.953038572392225,31.02,163070.0,5058431.4,0.004999999999999,31.04,31.03
2011-05-12,CINF,23473,CINCINNATI FINANCIAL CORP,,,0.008704,0.5966673602798627,0.0003195909236178,1.7946762025730999e-10,0.004895,9.505022383025697,31.29,163070.0,5102460.3,0.0050000000000007,31.3,31.29
2011-05-13,CINF,23473,CINCINNATI FINANCIAL CORP,,,-0.012144,-0.4783662282965502,0.0003235198964736,-4.859256648875978e-10,-0.008067,4.958140675783406,30.91,163070.0,5040493.7,0.0050000000000007,30.92,30.91
2011-05-16,CINF,23473,CINCINNATI FINANCIAL CORP,,,0.000324,0.2624213999831792,0.0003234152652005,1.0266165498998496e-11,-0.006204,6.259262893236033,30.92,163070.0,5042124.4,0.0050000000000007,30.92,30.91
2011-05-17,CINF,23473,CINCINNATI FINANCIAL CORP,,,0.000323,-0.1861245931705558,0.0003233107015842,1.2570930145223708e-11,-0.000369,5.09426013368492,30.93,163070.0,5043755.1,0.0050000000000007,30.94,30.93
2011-05-18,CINF,23473,CINCINNATI FINANCIAL CORP,,,0.006789,0.975857116890027,0.0003211303789338,1.3282397574865927e-10,0.008804,10.06553014043049,31.14,163070.0,5077999.8,0.0050000000000007,31.14,31.13
2011-05-19,CINF,23473,CINCINNATI FINANCIAL CORP,,,-0.004496,-0.2985263673505196,0.0003225806451613,-1.2596286577734905e-10,0.002178,7.06070399215061,31.0,163070.0,5055170.0,0.0050000000000007,31.0,30.99
2011-05-20,CINF,23473,CINCINNATI FINANCIAL CORP,,,-0.01,-0.2517628707587097,0.0003258390355163,-3.7821764005197237e-10,-0.007688,5.283080885509291,30.69,163070.0,5004618.3,0.004999999999999,30.68,30.67
2011-05-23,CINF,23473,CINCINNATI FINANCIAL CORP,,,-0.016292,1.597934793711521,0.0003312355084464,-2.4111360191847857e-10,-0.011926,13.725099650456858,30.19,163070.0,4923083.3,0.004999999999999,30.2,30.19
2011-05-24,CINF,23473,CINCINNATI FINANCIAL CORP,,,-0.009606,-0.4514282318627153,0.000334448160535,-2.6166664332659773e-10,-0.000827,7.529202183111547,29.9,163070.0,4875793.0,0.004999999999999,29.9,29.89
2011-05-25,CINF,23473,CINCINNATI FINANCIAL CORP,,,-0.001003,-0.1969714616623241,0.0003347840642784,-3.40574164632796e-11,0.003183,6.046164223952903,29.87,163070.0,4870900.9,0.004999999999999,29.86,29.85
2011-05-26,CINF,23473,CINCINNATI FINANCIAL CORP,,,0.008035,-0.1664915391075391,0.0003321155762204,3.247215434161174e-10,0.003953,5.039529036610045,30.11,163070.0,4910037.7,0.004999999999999,30.11,30.1
2011-05-27,CINF,23473,CINCINNATI FINANCIAL CORP,,,-0.000664,0.2232537028654313,0.0003323363243603,-2.1951556989968583e-11,0.004081,6.164622554731097,30.09,163070.0,4906776.3,0.0050000000000007,30.09,30.08
2011-05-31,CINF,23473,CINCINNATI FINANCIAL CORP,,,0.010967,0.1949923651972365,0.0003287310979618,3.001117097495511e-10,0.010593,7.366676887226345,30.42,163070.0,4960589.4,0.004999999999999,30.43,30.42
2011-06-01,CINF,23473,CINCINNATI FINANCIAL CORP,,,-0.021368,1.286274519597364,0.0003359086328519,-2.6134305977970364e-10,-0.022785,16.842245661372417,29.77,163070.0,4854593.9,0.0050000000000007,29.78,29.77
2011-06-02,CINF,23473,CINCINNATI FINANCIAL CORP,,,-0.003359,-0.3607652018139681,0.0003370407819345,-6.448489245597428e-11,-0.001225,10.766149506346968,29.67,163070.0,4838286.9,0.004999999999999,29.68,29.67
2011-06-03,CINF,23473,CINCINNATI FINANCIAL CORP,,,-0.007752,-0.2097296933988595,0.0003396739130434,-1.8978671843008987e-10,-0.009734,8.508168271294537,29.44,163070.0,4800780.8,0.004999999999999,29.45,29.44
2011-06-06,CINF,23473,CINCINNATI FINANCIAL CORP,,,-0.008832,-0.1663294717487838,0.0003427004797806,-2.616791872977808e-10,-0.01076,7.093009137180352,29.18,163070.0,4758382.6,0.004999999999999,29.18,29.17
2011-06-07,CINF,23473,CINCINNATI FINANCIAL CORP,,,0.003427,3.334412016699852,0.0003415300546447,2.334577253862546e-11,-0.000956,30.74402403875636,29.28,163070.0,4774689.600000001,0.004999999999999,29.38,29.37
2011-06-08,CINF,23473,CINCINNATI FINANCIAL CORP,,,-0.007514,-0.7692106079911789,0.0003441156228492,-2.2347294663215377e-10,-0.004187,7.095394615809162,29.06,163070.0,4738814.2,0.004999999999999,29.06,29.05
2011-06-09,CINF,23473,CINCINNATI FINANCIAL CORP,,,0.012388,0.1187014172297384,0.0003399048266485,3.2530722931994117e-10,0.007378,7.937628012509965,29.42,163070.0,4797519.4,0.0050000000000007,29.41,29.4
2011-06-10,CINF,23473,CINCINNATI FINANCIAL CORP,,,-0.007818,0.3786543303442782,0.0003425830763959,-1.5008640954344074e-10,-0.01398,10.94324523210891,29.19,163070.0,4760013.3,0.004999999999999,29.2,29.19
2011-06-13,CINF,23473,CINCINNATI FINANCIAL CORP,,,-0.011305,-0.0571163593469373,0.0003465003465004,-2.3280694745519806e-10,0.000669,10.318206905010118,28.86,163070.0,4706200.2,0.0050000000000007,28.87,28.86
2011-06-14,CINF,23473,CINCINNATI FINANCIAL CORP,,,0.012474,-0.298572438918572,0.0003422313483914,3.6171323359182253e-10,0.012612,7.237474704114797,29.22,163070.0,4764905.399999999,0.004999999999999,29.22,29.21
2011-06-15,CINF,23473,CINCINNATI FINANCIAL CORP,,,-0.017796,0.3027346712251582,0.0003484320557491,-4.032955208731731e-10,-0.017432,9.428509229165387,28.7,163070.0,4680109.0,0.0050000000000007,28.71,28.7
2011-06-16,CINF,23473,CINCINNATI FINANCIAL CORP,,,0.006272,-0.3696841705436138,0.0003462603878115,2.2409571127828692e-10,0.001754,5.942938615318575,28.88,163070.0,4709461.6,0.004999999999999,28.88,28.87
2011-06-17,CINF,23473,CINCINNATI FINANCIAL CORP,,,0.0,0.4423200548954458,0.0003462603878116,0.0,0.003045,8.571619549886552,28.88,163070.0,4709461.6,0.0050000000000007,28.89,28.88
2011-06-20,CINF,23473,CINCINNATI FINANCIAL CORP,,,0.001904,-0.2365453928889792,0.000350446819695,6.252718673417676e-11,0.005395,6.544042435763783,28.535,163070.0,4653202.45,0.004999999999999,28.54,28.53
2011-06-21,CINF,23473,CINCINNATI FINANCIAL CORP,,,0.000175,0.2021483652052174,0.0003503854239662,4.779757150961761e-12,0.013423,7.866909915987,28.54,163070.0,4654017.8,0.004999999999999,28.54,28.53
2011-06-22,CINF,23473,CINCINNATI FINANCIAL CORP,,,-0.007008,-0.2500278674863995,0.0003528581510233,-2.5702233975755366e-10,-0.006468,5.89996320598516,28.34,163070.0,4621403.8,0.0050000000000007,28.34,28.33
2011-06-23,CINF,23473,CINCINNATI FINANCIAL CORP,,,-0.005646,0.4191113878186105,0.0003548616039743,-1.4674388931375508e-10,-0.002828,8.372704973324339,28.18,163070.0,4595312.6,0.004999999999999,28.18,28.17
2011-06-24,CINF,23473,CINCINNATI FINANCIAL CORP,,,-0.001774,-0.146289157914859,0.0003554923569143,-5.410447992721492e-11,-0.011726,7.147869013307169,28.13,163070.0,4587159.1,0.0050000000000007,28.14,28.13
2011-06-27,CINF,23473,CINCINNATI FINANCIAL CORP,,,0.007821,-0.158987236649185,0.0003527336860669,2.8142066137061474e-10,0.009184,6.011449070951126,28.35,163070.0,4623034.5,0.004999999999999,28.36,28.35
2011-06-28,CINF,23473,CINCINNATI FINANCIAL CORP,,,0.003704,-0.0983997543576523,0.0003514320857494,1.472804571048276e-10,0.012944,5.419923959035997,28.455,163070.0,4640156.85,0.0050000000000007,28.46,28.45
2011-06-29,CINF,23473,CINCINNATI FINANCIAL CORP,,,0.018802,0.0755475901958189,0.0003449465332872,6.822741809754043e-10,0.008283,5.829386153185748,28.99,163070.0,4727399.3,0.004999999999999,28.99,28.98
2011-06-30,CINF,23473,CINCINNATI FINANCIAL CORP,,,0.006554,0.5493184290309889,0.0006854009595614,1.5250481874622888e-10,0.010119,9.035453987730062,29.18,163000.0,4756340.0,0.0100000000000015,29.17,29.15
2011-07-01,CINF,23473,CINCINNATI FINANCIAL CORP,,,0.009938,-0.2631786574903635,0.000339328130302,3.107556807834033e-10,0.01441,6.6575153374233125,29.47,163000.0,4803610.0,0.0050000000000007,29.48,29.47
2011-07-05,CINF,23473,CINCINNATI FINANCIAL CORP,,,-0.009162,0.000768539636464,0.0003424657534245,-2.8891760868249823e-10,-0.001336,6.6626319018404905,29.2,163000.0,4759600.0,0.004999999999999,29.2,29.19
2011-07-06,CINF,23473,CINCINNATI FINANCIAL CORP,,,-0.003767,0.0025506234294558,0.0003437607425232,-1.1893568089436964e-10,0.001002,6.679625766871165,29.09,163000.0,4741670.0,0.0050000000000007,29.09,29.08
2011-07-07,CINF,23473,CINCINNATI FINANCIAL CORP,,,0.010313,0.041792687037498,0.0003402517863219,3.0936016549125607e-10,0.010454,6.95878527607362,29.39,163000.0,4790570.0,0.0050000000000007,29.39,29.38
2011-07-08,CINF,23473,CINCINNATI FINANCIAL CORP,,,-0.012589,-0.1464803285250052,0.0003445899379737,-4.48083807698982e-10,-0.006961,5.939460122699386,29.02,163000.0,4730260.0,0.004999999999999,29.02,29.01
2011-07-11,CINF,23473,CINCINNATI FINANCIAL CORP,,,-0.018952,0.3843845673937025,0.0003512469265893,-4.966795237607255e-10,-0.01809,8.222496932515337,28.47,163000.0,4640610.0,0.004999999999999,28.49,28.48
2011-07-12,CINF,23473,CINCINNATI FINANCIAL CORP,,,-0.000702,0.0001872761173706,0.0003514938488576,-1.8406965210319204e-11,-0.004434,8.224036809815951,28.45,163000.0,4637350.0,0.0050000000000007,28.46,28.45
2011-07-13,CINF,23473,CINCINNATI FINANCIAL CORP,,,-0.002812,-0.0792149005086093,0.0003524850193866,-8.030175702874459e-11,0.003106,7.572570552147239,28.37,163000.0,4624310.0,0.004999999999999,28.38,28.37
2011-07-14,CINF,23473,CINCINNATI FINANCIAL CORP,,,-0.010222,-0.0130783607935971,0.0003561253561254,-2.9883067038312626e-10,-0.006716,7.473533742331289,28.08,163000.0,4577040.0,0.0050000000000007,28.09,28.08
2011-07-15,CINF,23473,CINCINNATI FINANCIAL CORP,,,-0.009259,0.3144199654239992,0.0003594536304815,-2.0785439272285438e-10,0.005554,9.823361963190184,27.82,163000.0,4534660.0,0.004999999999999,27.83,27.82
2011-07-18,CINF,23473,CINCINNATI FINANCIAL CORP,,,-0.01294,-0.1557886295846635,0.0003641660597232,-3.4860594964621216e-10,-0.00813,8.292993865030676,27.46,163000.0,4475980.0,0.0050000000000007,27.48,27.47
2011-07-19,CINF,23473,CINCINNATI FINANCIAL CORP,,,0.014567,-0.0990384373534316,0.0003589375448671,4.2932264505760017e-10,0.016309,7.4716687116564415,27.86,163000.0,4541180.0,0.004999999999999,27.86,27.85
2011-07-20,CINF,23473,CINCINNATI FINANCIAL CORP,,,0.001077,-0.3160470390399069,0.0003585514521333,4.635917975202725e-11,-0.000671,5.1102699386503065,27.89,163000.0,4546070.0,0.004999999999999,27.9,27.89
2011-07-21,CINF,23473,CINCINNATI FINANCIAL CORP,,,0.02474,0.3395388091344988,0.0003498950314904,7.75801695739319e-10,0.013546,6.84540490797546,28.58,163000.0,4658540.0,0.004999999999999,28.58,28.57
2011-07-22,CINF,23473,CINCINNATI FINANCIAL CORP,,,-0.006298,-0.4650614222428552,0.0003521126760563,-3.7152979783422547e-10,0.000908,3.658594142669756,28.4,163146.0,4633346.399999999,0.0050000000000007,28.41,28.4
2011-07-25,CINF,23473,CINCINNATI FINANCIAL CORP,,,-0.001408,0.6761201906564915,0.0003526093088858,-4.9625009811689176e-11,-0.005643,6.1322435119463545,28.36,163146.0,4626820.56,0.0050000000000007,28.37,28.36
2011-07-26,CINF,23473,CINCINNATI FINANCIAL CORP,,,-0.002468,-0.2078742487138301,0.0003534817956874,-1.1008350611392352e-10,-0.004105,4.857507998970248,28.29,163146.0,4615400.34,0.004999999999999,28.29,28.28
2011-07-27,CINF,23473,CINCINNATI FINANCIAL CORP,,,-0.019442,0.4723987770084659,0.0003604902667628,-6.006466778022479e-10,-0.020309,7.152188836992632,27.74,163146.0,4525670.04,0.0050000000000007,27.75,27.74
2011-07-28,CINF,23473,CINCINNATI FINANCIAL CORP,,,-0.001081,0.2507946601579807,0.0003608805485384,-2.6729309942305012e-11,-0.003234,8.945919605751904,27.71,163146.0,4520775.66,0.0050000000000007,27.71,27.7
2011-07-29,CINF,23473,CINCINNATI FINANCIAL CORP,,,-0.013713,0.0414452709883104,0.0007317965605562,-3.301071801900912e-10,-0.006451,9.316685668051928,27.33,163146.0,4458780.18,0.0100000000000015,27.35,27.33
2011-08-01,CINF,23473,CINCINNATI FINANCIAL CORP,,,-0.009147,-0.1432222792405163,0.0003692762186114,-2.59372531484244e-10,-0.004132,7.982328711706079,27.08,163146.0,4417993.68,0.004999999999999,27.11,27.1
2011-08-02,CINF,23473,CINCINNATI FINANCIAL CORP,,,-0.019572,0.1681582756462678,0.0003766478342748,-4.845771745693171e-10,-0.025557,9.324623343508268,26.55,163146.0,4331526.3,0.004999999999999,26.56,26.55
2011-08-03,CINF,23473,CINCINNATI FINANCIAL CORP,,,0.015819,0.3090585199914546,0.00037078235076,2.945311883510349e-10,0.005016,12.206477633530705,26.97,163146.0,4400047.62,0.004999999999999,26.99,26.98
2011-08-04,CINF,23473,CINCINNATI FINANCIAL CORP,,,-0.03096,0.0593525884310734,0.0003826286588866,-5.615276234574988e-10,-0.04782,12.930963676706751,26.135,163146.0,4263820.71,0.0050000000000007,26.14,26.13
2011-08-05,CINF,23473,CINCINNATI FINANCIAL CORP,,,-0.006313,0.2753926627117962,0.0003850596842509,-9.034676434986878e-11,-0.000575,16.492056195064542,25.97,163146.0,4236901.62,0.004999999999999,25.97,25.96
2011-08-08,CINF,23473,CINCINNATI FINANCIAL CORP,,,-0.073931,0.5218610034218969,-0.0012474012474012,-7.507325995757124e-10,-0.066634,25.098617189511238,24.05,163146.0,3923661.3,-0.0150000000000005,24.06,24.09
2011-08-09,CINF,23473,CINCINNATI FINANCIAL CORP,,,0.058628,0.1776394051000565,0.0003927729772192,4.775382084251913e-10,0.047407,29.55712061589006,25.46,163146.0,4153697.16,0.0050000000000007,25.48,25.47
2011-08-10,CINF,23473,CINCINNATI FINANCIAL CORP,,,-0.056166,-0.12136099305576,0.0004161464835621,-5.516589785701105e-10,-0.044152,25.970039106076765,24.03,163146.0,3920398.38,0.004999999999999,24.04,24.03
2011-08-11,CINF,23473,CINCINNATI FINANCIAL CORP,,,0.066583,-0.4063451460357411,0.0003901677721419,1.032836782048948e-09,0.04629,15.417239772964091,25.63,163146.0,4181431.98,0.004999999999999,25.63,25.62
2011-08-12,CINF,23473,CINCINNATI FINANCIAL CORP,,,-0.004682,-0.3289571141921256,0.0003920031360251,-1.0873957150581467e-10,0.005262,10.345629068441765,25.51,163146.0,4161854.46,0.0050000000000007,25.51,25.5
2011-08-15,CINF,23473,CINCINNATI FINANCIAL CORP,,,0.036848,-0.1480690204331195,0.0003780718336484,9.688365168176471e-10,0.021785,8.813761906513184,26.45,163146.0,4315211.7,0.0050000000000007,26.46,26.45
2011-08-16,CINF,23473,CINCINNATI FINANCIAL CORP,,,-0.004915,-0.0253635434270096,0.0003799392097265,-1.3324693878347286e-10,-0.009739,8.590213673642014,26.32,163146.0,4294002.72,0.0050000000000007,26.3,26.29
2011-08-17,CINF,23473,CINCINNATI FINANCIAL CORP,,,0.003419,-0.1564633713865336,0.0003786444528588,1.0950812855585008e-10,0.000947,7.246159881333284,26.41,163146.0,4308685.86,0.0050000000000007,26.41,26.4
2011-08-18,CINF,23473,CINCINNATI FINANCIAL CORP,,,-0.026505,1.1503787064935858,0.0003889537145078,-4.05533222338898e-10,-0.044594,15.58198791266718,25.71,163146.0,4194483.66,0.004999999999999,25.72,25.71
2011-08-19,CINF,23473,CINCINNATI FINANCIAL CORP,,,-0.004667,-0.1223693905014635,0.0003907776475186,-8.174410811050395e-11,-0.015009,13.675229548992927,25.59,163146.0,4174906.14,0.0050000000000007,25.62,25.61
2011-08-22,CINF,23473,CINCINNATI FINANCIAL CORP,,,-0.006252,-0.2013200905937494,0.0003932363350372,-1.37971311927006e-10,0.000258,10.922131097299353,25.43,163146.0,4148802.78,0.004999999999999,25.43,25.42
2011-08-23,CINF,23473,CINCINNATI FINANCIAL CORP,,,0.038144,-0.0002227956419601,0.0003787878787878,8.110269041335752e-10,0.034285,10.919697694089956,26.4,163146.0,4307054.399999999,0.004999999999999,26.4,26.39
2011-08-24,CINF,23473,CINCINNATI FINANCIAL CORP,,,0.024242,-0.1560141565698665,0.0003698224852071,5.962653218444519e-10,0.01312,9.216070268348597,27.04,163146.0,4411467.84,0.0050000000000007,27.03,27.02
2011-08-25,CINF,23473,CINCINNATI FINANCIAL CORP,,,-0.02034,0.2012264185452574,0.0003775009437524,-4.251301515580337e-10,-0.015566,11.070587081509814,26.49,163146.0,4321737.54,0.0050000000000007,26.51,26.5
2011-08-26,CINF,23473,CINCINNATI FINANCIAL CORP,,,0.003398,-0.2187116927870874,0.0003762227238524,9.059620180900213e-11,0.015122,8.64932024076594,26.58,163146.0,4336420.68,0.004999999999999,26.58,26.57
2011-08-29,CINF,23473,CINCINNATI FINANCIAL CORP,,,0.039127,-0.2859715314697307,0.000362056480811,1.40597934675235e-09,0.02828,6.175860885341963,27.62,163146.0,4506092.5200000005,0.0050000000000007,27.62,27.61
2011-08-30,CINF,23473,CINCINNATI FINANCIAL CORP,,,-0.003259,0.1659651417722096,0.0003632401017072,-1.0076707384343877e-10,0.002347,7.200838512743187,27.53,163146.0,4491409.38,0.0050000000000007,27.53,27.52
2011-08-31,CINF,23473,CINCINNATI FINANCIAL CORP,,,0.014166,0.4579021917145902,0.0007163323782236,2.9624015954431824e-10,0.004922,10.498118249911125,27.92,163146.0,4555036.32,0.0100000000000015,27.92,27.9
2011-09-01,CINF,23473,CINCINNATI FINANCIAL CORP,,,-0.017908,-0.2488781042618609,0.00036469730124,-5.07669792330726e-10,-0.011871,7.885366481556398,27.42,163146.0,4473463.32,0.0050000000000007,27.46,27.45
2011-09-02,CINF,23473,CINCINNATI FINANCIAL CORP,,,-0.019694,-0.0062901001658808,0.0003720238095237,-5.731215516556114e-10,-0.025282,7.835766736542729,26.88,163146.0,4385364.48,0.004999999999999,26.88,26.87
2011-09-06,CINF,23473,CINCINNATI FINANCIAL CORP,,,-0.013021,-0.0111133361598405,0.0003769317753487,-3.8824211095645797e-10,-0.007436,7.748685226729433,26.53,163146.0,4328263.38,0.0050000000000007,26.55,26.54
2011-09-07,CINF,23473,CINCINNATI FINANCIAL CORP,,,0.048247,0.0389552962543715,0.0003595828838547,1.3208941435282798e-09,0.028646,8.050537555318549,27.81,163146.0,4537090.26,0.0050000000000007,27.82,27.81
2011-09-08,CINF,23473,CINCINNATI FINANCIAL CORP,,,-0.012945,1.2623797693490166,0.0003642987249543,-1.5870583224274567e-10,-0.010612,18.21337329753717,27.45,163146.0,4478357.7,0.004999999999999,27.47,27.46
2011-09-09,CINF,23473,CINCINNATI FINANCIAL CORP,,,-0.020765,-0.0462997894286236,0.0003720238095237,-2.725988211409696e-10,-0.026705,17.37009794907629,26.88,163146.0,4385364.48,0.004999999999999,26.88,26.87
2011-09-12,CINF,23473,CINCINNATI FINANCIAL CORP,,,0.007441,0.9566852584917684,0.0003692762186115,4.955448576672525e-11,0.006966,33.98781459551567,27.08,163146.0,4417993.68,0.0050000000000007,27.09,27.08
2011-09-13,CINF,23473,CINCINNATI FINANCIAL CORP,,,0.003139,-0.7925130785056599,0.0003681207436039,1.0043641638687614e-10,0.00912,7.052027018743948,27.165,163146.0,4431861.09,0.0050000000000007,27.17,27.16
2011-09-14,CINF,23473,CINCINNATI FINANCIAL CORP,,,0.00681,0.3488809310653535,0.0003656307129798,1.6044484508954198e-10,0.01348,9.512344770941365,27.35,163146.0,4462043.100000001,0.004999999999999,27.33,27.32
2011-09-15,CINF,23473,CINCINNATI FINANCIAL CORP,,,0.012431,-0.153618690882988,0.0003611412062115,3.4178502736328565e-10,0.017187,8.051070820001716,27.69,163146.0,4517512.74,0.004999999999999,27.68,27.67
2011-09-16,CINF,23473,CINCINNATI FINANCIAL CORP,,,0.005056,0.5360966882375333,0.0003593244699963,9.004201991620169e-11,0.005707,12.36722322337048,27.83,163146.0,4540353.18,0.004999999999999,27.86,27.85
2011-09-19,CINF,23473,CINCINNATI FINANCIAL CORP,,,-0.019314,-0.1225269036504114,0.0003718854592786,-4.056943740418801e-10,-0.009803,10.851905655057433,26.89,163146.0,4386995.94,0.0050000000000007,26.91,26.9
2011-09-20,CINF,23473,CINCINNATI FINANCIAL CORP,,,0.015991,-0.0210410377052097,0.0003660322108344,3.3771317351589487e-10,-0.001661,10.623570298995991,27.32,163146.0,4457148.72,0.004999999999999,27.31,27.3
2011-09-21,CINF,23473,CINCINNATI FINANCIAL CORP,,,-0.051611,0.178768319512022,0.0003859513701274,-9.749884687933763e-10,-0.02939,12.522728108565332,25.91,163146.0,4227112.86,0.0050000000000007,25.92,25.91
2011-09-22,CINF,23473,CINCINNATI FINANCIAL CORP,,,-0.01621,0.2683378095214321,0.0007846214201648,-2.4541599172121416e-10,-0.031883,15.883049538450225,25.49,163146.0,4158591.54,0.0100000000000015,25.51,25.49
2011-09-23,CINF,23473,CINCINNATI FINANCIAL CORP,,,-0.001569,-0.4536471888535907,0.0003929273084479,-4.354633950830049e-11,0.006082,8.677748764909959,25.45,163146.0,4152065.7,0.0050000000000007,25.46,25.45
2011-09-26,CINF,23473,CINCINNATI FINANCIAL CORP,,,0.031434,1.058384307853137,0.0003809523809524,4.1092292993970907e-10,0.023336,17.8621418851826,26.25,163146.0,4282582.5,0.0050000000000007,26.25,26.24
2011-09-27,CINF,23473,CINCINNATI FINANCIAL CORP,,,0.01181,-0.4119065095429625,0.0003765060240963,2.594570581828125e-10,0.010688,10.504609368295885,26.56,163146.0,4333157.76,0.004999999999999,26.56,26.55
2011-09-28,CINF,23473,CINCINNATI FINANCIAL CORP,,,-0.024849,-0.2594485305916436,0.0003861003861004,-7.559578247269026e-10,-0.020691,7.779203903252301,25.9,163146.0,4225481.399999999,0.0050000000000007,25.91,25.9
2011-09-29,CINF,23473,CINCINNATI FINANCIAL CORP,,,0.034363,0.45612561517745,0.0003732736095557,6.940774446583351e-10,0.008114,11.327498069214078,26.79,163146.0,4370681.34,0.004999999999999,26.79,26.78
2011-09-30,CINF,23473,CINCINNATI FINANCIAL CORP,,,-0.017171,-0.1829526048193867,0.0003797949107482,-4.3190382702128325e-10,-0.024974,9.320574074074074,26.33,162000.0,4265460.0,0.0050000000000007,26.34,26.33
2011-10-03,CINF,23473,CINCINNATI FINANCIAL CORP,,,-0.048234,0.5216906975342614,0.0003990422984837,-8.376992948476447e-10,-0.028451,14.18303086419753,25.06,162000.0,4059720.0,0.0050000000000007,25.07,25.06
2011-10-04,CINF,23473,CINCINNATI FINANCIAL CORP,,,0.039106,0.3846833135232461,0.000384024577573,4.72028145378618e-10,0.022488,19.639006172839505,26.04,162000.0,4218480.0,0.0050000000000007,26.05,26.04
2011-10-05,CINF,23473,CINCINNATI FINANCIAL CORP,,,0.028418,-0.213742240734693,0.0003734129947722,4.242125100214869e-10,0.017866,15.44132098765432,26.78,162000.0,4338360.0,0.0050000000000007,26.75,26.74
2011-10-06,CINF,23473,CINCINNATI FINANCIAL CORP,,,0.008588,-0.1424744572643388,0.0003702332469456,1.4822481637263636e-10,0.018304,13.241327160493826,27.01,162000.0,4375620.0,0.0050000000000007,27.01,27.0
2011-10-07,CINF,23473,CINCINNATI FINANCIAL CORP,,,-0.026657,0.0866646931720973,0.00038037276531,-4.349893245286151e-10,-0.008163,14.388882716049382,26.29,162000.0,4258980.0,0.0050000000000007,26.3,26.29
2011-10-10,CINF,23473,CINCINNATI FINANCIAL CORP,,,0.029289,-0.1334852567504318,0.0003695491500368,5.358690917091348e-10,0.034125,12.46817901234568,27.06,162000.0,4383720.0,0.004999999999999,27.06,27.05
2011-10-11,CINF,23473,CINCINNATI FINANCIAL CORP,,,-0.020695,0.0041513086400193,0.000377358490566,-3.850369022381166e-10,0.000544,12.519938271604936,26.5,162000.0,4293000.0,0.0050000000000007,26.5,26.49
2011-10-12,CINF,23473,CINCINNATI FINANCIAL CORP,,,0.000755,0.3824640203527214,0.0003770739064855,1.0153187172999629e-11,0.009795,17.308364197530864,26.52,162000.0,4296240.0,0.004999999999999,26.52,26.51
2011-10-13,CINF,23473,CINCINNATI FINANCIAL CORP,,,-0.001131,-0.5125556579902317,0.0007550018875047,-3.123809731132321e-11,-0.002974,8.436864197530864,26.49,162000.0,4291380.0,0.0099999999999997,26.49,26.47
2011-10-14,CINF,23473,CINCINNATI FINANCIAL CORP,,,0.00755,-0.1687699191964716,0.0003746721618584,2.4898951168387366e-10,0.01738,7.012975308641975,26.69,162000.0,4323780.0,0.0050000000000007,26.69,26.68
2011-10-17,CINF,23473,CINCINNATI FINANCIAL CORP,,,-0.034845,0.5040621352660237,0.0003881987577638,-7.916104301043626e-10,-0.01937,10.54795061728395,25.76,162000.0,4173120.000000001,0.004999999999999,25.77,25.76
2011-10-18,CINF,23473,CINCINNATI FINANCIAL CORP,,,0.046584,0.1490290080338583,0.0003709198813055,8.800407731973246e-10,0.020419,12.119901234567902,26.96,162000.0,4367520.0,0.004999999999999,26.97,26.96
2011-10-19,CINF,23473,CINCINNATI FINANCIAL CORP,,,0.006677,-0.0295555111886174,0.0007369196757553,1.2911798491593923e-10,-0.012649,11.761691358024692,27.14,162000.0,4396680.0,0.0099999999999997,27.14,27.12
2011-10-20,CINF,23473,CINCINNATI FINANCIAL CORP,,,0.011422,-0.1270933990555234,0.0003642987249545,2.5017691688225343e-10,0.004554,10.266858024691356,27.45,162000.0,4446900.0,0.0050000000000007,27.46,27.45
2011-10-21,CINF,23473,CINCINNATI FINANCIAL CORP,,,0.040437,0.3982663863287781,0.0003501400560224,6.088050362643466e-10,0.018809,14.355802469135805,28.56,162000.0,4626720.0,0.0050000000000007,28.57,28.56
2011-10-24,CINF,23473,CINCINNATI FINANCIAL CORP,,,0.021709,-0.2856168624550661,0.0003427004797806,4.477966577279256e-10,0.012873,10.250544487564706,29.18,162079.0,4729465.22,0.004999999999999,29.18,29.17
2011-10-25,CINF,23473,CINCINNATI FINANCIAL CORP,,,-0.026731,-0.0519092956654576,0.0003521126760562,-5.975486836644734e-10,-0.020045,9.718445943027785,28.4,162079.0,4603043.6,0.004999999999999,28.4,28.39
2011-10-26,CINF,23473,CINCINNATI FINANCIAL CORP,,,0.020423,-0.1175216930894463,0.0006901311249137,5.069831740255569e-10,0.010537,8.576317721604896,28.98,162079.0,4697049.42,0.0099999999999997,29.0,28.98
2011-10-27,CINF,23473,CINCINNATI FINANCIAL CORP,,,0.046584,0.3954998449686016,0.0003297065611606,7.917844421803801e-10,0.034291,11.968250050901103,30.33,162079.0,4915856.069999999,0.0050000000000007,30.34,30.33
2011-10-28,CINF,23473,CINCINNATI FINANCIAL CORP,,,-0.030663,0.1105581909906268,0.0003401360544217,-4.841373516945096e-10,0.000389,13.291438125852208,29.4,162079.0,4765122.6,0.004999999999999,29.4,29.39
2011-10-31,CINF,23473,CINCINNATI FINANCIAL CORP,,,-0.015646,-0.212760001912487,0.0003455425017276,-3.187857685690609e-10,-0.024738,10.46355172477619,28.94,162079.0,4690566.26,0.004999999999999,28.95,28.94
2011-11-01,CINF,23473,CINCINNATI FINANCIAL CORP,,,-0.041465,0.1742114318936838,0.0003604902667628,-7.506250172026907e-10,-0.027942,12.286422053443074,27.74,162079.0,4496071.46,0.0050000000000007,27.75,27.74
2011-11-02,CINF,23473,CINCINNATI FINANCIAL CORP,,,0.027758,-0.3336123705728365,0.0007015082427219,7.336887323702705e-10,0.016105,8.187519666335552,28.51,162079.0,4620872.29,0.0100000000000015,28.51,28.49
2011-11-03,CINF,23473,CINCINNATI FINANCIAL CORP,,,0.027008,0.4454105988960268,0.0003415300546447,4.808958319003322e-10,0.018782,11.834327704391068,29.28,162079.0,4745673.12,0.004999999999999,29.27,29.26
2011-11-04,CINF,23473,CINCINNATI FINANCIAL CORP,,,-0.002391,-0.4324329960544206,0.000342348510784,-7.519007882111496e-11,-0.00628,6.716773918891405,29.21,162079.0,4734327.59,0.0050000000000007,29.21,29.2
2011-11-07,CINF,23473,CINCINNATI FINANCIAL CORP,,,0.001027,-0.1227577692697731,0.0006839945280438,3.6777827007782006e-11,0.006296,5.892237735918903,29.24,162079.0,4739189.96,0.0100000000000015,29.26,29.24
2011-11-08,CINF,23473,CINCINNATI FINANCIAL CORP,,,0.008892,0.2314546056158692,0.0003389830508475,2.563020153187149e-10,0.011736,7.256023297280955,29.5,162079.0,4781330.5,0.0050000000000007,29.5,29.49
2011-11-09,CINF,23473,CINCINNATI FINANCIAL CORP,,,-0.04,0.4815964300807194,0.0003531073446328,-8.106089647969063e-10,-0.036695,10.750498213833994,28.32,162079.0,4590077.28,0.0050000000000007,28.34,28.33
2011-11-10,CINF,23473,CINCINNATI FINANCIAL CORP,,,0.014831,-0.3994777408561606,0.0003479471120389,4.931729199144055e-10,0.008616,6.4559134742934,28.74,162079.0,4658150.46,0.004999999999999,28.74,28.73
2011-11-11,CINF,23473,CINCINNATI FINANCIAL CORP,,,0.018093,-0.2759985014832258,0.0003417634996582,8.162296124086518e-10,0.019489,4.674091029683056,29.26,162079.0,4742431.54,0.0050000000000007,29.26,29.25
2011-11-14,CINF,23473,CINCINNATI FINANCIAL CORP,,,-0.009911,0.1773468396403246,0.0006903693476009,-3.835664772303265e-10,-0.00955,5.503026301988537,28.97,162079.0,4695428.63,0.0099999999999997,28.99,28.97
2011-11-15,CINF,23473,CINCINNATI FINANCIAL CORP,,,0.005523,-0.0066989937494744,0.0003432887058016,2.1400570259519404e-10,0.004817,5.466161563188321,29.13,162079.0,4721361.27,0.0050000000000007,29.12,29.11
2011-11-16,CINF,23473,CINCINNATI FINANCIAL CORP,,,-0.020941,0.3728483548732999,0.0003506311360448,-6.036929658108444e-10,-0.016616,7.504210909494753,28.52,162079.0,4622493.08,0.004999999999999,28.52,28.51
2011-11-17,CINF,23473,CINCINNATI FINANCIAL CORP,,,-0.003156,0.4151462457092352,0.0007034822370734,-6.449514614465343e-11,-0.0168,10.619555895581785,28.43,162079.0,4607905.97,0.0099999999999997,28.46,28.44
2011-11-18,CINF,23473,CINCINNATI FINANCIAL CORP,,,0.0102,-0.1214723156482631,0.0,2.3486980159260224e-10,-0.000395,9.3295738497893,28.72,162079.0,4654908.88,0.0,28.74,28.74
2011-11-21,CINF,23473,CINCINNATI FINANCIAL CORP,,,-0.026462,0.0717869122190713,0.0003576537911302,-5.839672520521941e-10,-0.018648,9.999315148785469,27.96,162079.0,4531728.84,0.0050000000000007,27.96,27.95
2011-11-22,CINF,23473,CINCINNATI FINANCIAL CORP,,,0.002146,-0.1910705327828644,0.0007137758743754,5.841897409296261e-11,-0.004141,8.088740675843262,28.02,162079.0,4541453.58,0.0099999999999997,28.02,28.0
2011-11-23,CINF,23473,CINCINNATI FINANCIAL CORP,,,-0.026053,-0.3231824197282258,0.0007328691828508,-1.0759074436004612e-09,-0.022095,5.474601891670112,27.29,162079.0,4423135.91,0.0099999999999997,27.31,27.29
2011-11-25,CINF,23473,CINCINNATI FINANCIAL CORP,,,0.006962,-0.5651356109083778,0.0003639010189227,6.565747153111085e-10,-0.002686,2.3807094071409622,27.48,162079.0,4453930.92,0.004999999999999,27.49,27.48
2011-11-28,CINF,23473,CINCINNATI FINANCIAL CORP,,,0.027293,1.74137712089524,0.0010626992561105,9.139837548079351e-10,0.02924,6.526422300236304,28.23,162079.0,4575490.17,0.0150000000000005,28.26,28.23
2011-11-29,CINF,23473,CINCINNATI FINANCIAL CORP,,,-0.004605,-0.1398199652863122,0.0003558718861209,-1.8010759874350207e-10,0.002214,5.61389816077345,28.1,162079.0,4554419.9,0.004999999999999,28.11,28.1
2011-11-30,CINF,23473,CINCINNATI FINANCIAL CORP,,,0.05516,0.8958132531775644,0.0003372681281618,1.078481565956563e-09,0.043315,10.64290253518346,29.65,162079.0,4805642.35,0.004999999999999,29.65,29.64
2011-12-01,CINF,23473,CINCINNATI FINANCIAL CORP,,,-0.021922,-0.1363543346023255,0.0003448275862068,-5.074108439312615e-10,-0.001909,9.191696641761116,29.0,162079.0,4700291.0,0.004999999999999,29.02,29.01
2011-12-02,CINF,23473,CINCINNATI FINANCIAL CORP,,,-0.002759,-0.1466242353741925,0.0003457814661134,-7.503962856655642e-11,-0.000241,7.843971149871359,28.92,162079.0,4687324.680000001,0.0050000000000007,28.91,28.9
2011-12-05,CINF,23473,CINCINNATI FINANCIAL CORP,,,0.014177,0.0024981456617136,0.0003409478349811,3.792503255368615e-10,0.010287,7.863566532370017,29.33,162079.0,4753777.069999999,0.004999999999999,29.33,29.32
2011-12-06,CINF,23473,CINCINNATI FINANCIAL CORP,,,0.010569,-0.0491903219959843,0.0003373819163292,2.9424953880999405e-10,0.001106,7.4767551626058895,29.64,162079.0,4804021.5600000005,0.004999999999999,29.65,29.64
2011-12-07,CINF,23473,CINCINNATI FINANCIAL CORP,,,0.004049,1.9664175932993624,0.0003360215053763,3.7847975501938144e-11,0.002018,22.179178055145947,29.76,162079.0,4823471.04,0.0050000000000007,29.69,29.68
2011-12-08,CINF,23473,CINCINNATI FINANCIAL CORP,,,-0.020161,0.179438569102579,0.0003429355281207,-1.6307111037097323e-10,-0.021142,26.158978029232657,29.16,162079.0,4726223.64,0.0050000000000007,29.17,29.16
2011-12-09,CINF,23473,CINCINNATI FINANCIAL CORP,,,0.01749,0.1097883613482739,0.0003370407819346,1.2528081662813708e-10,0.016883,29.03092936160761,29.67,162079.0,4808883.930000001,0.0050000000000007,29.66,29.65
2011-12-12,CINF,23473,CINCINNATI FINANCIAL CORP,,,-0.006067,0.0995548852954029,0.0003390979993217,-3.976441726653031e-11,-0.014914,31.9211002042214,29.49,162079.0,4779709.71,0.004999999999999,29.49,29.48
2011-12-13,CINF,23473,CINCINNATI FINANCIAL CORP,,,-0.002035,-0.6794438839214958,0.0003397893306149,-4.169322448235927e-11,-0.008686,10.232503902417957,29.43,162079.0,4769984.97,0.004999999999999,29.43,29.42
2011-12-14,CINF,23473,CINCINNATI FINANCIAL CORP,,,0.005097,-0.1528965784208856,0.0003380662609872,1.2265107543328888e-10,-0.011348,8.66798906705989,29.58,162079.0,4794296.819999999,0.0050000000000007,29.6,29.59
2011-12-15,CINF,23473,CINCINNATI FINANCIAL CORP,,,0.009804,-0.1275130810115176,0.0003347840642784,2.67771315513594e-10,0.003243,7.562707074944934,29.87,162079.0,4841299.73,0.004999999999999,29.86,29.85
2011-12-16,CINF,23473,CINCINNATI FINANCIAL CORP,,,0.003683,1.0104213236565842,0.0003335557038024,4.985158610261701e-11,0.003216,15.204227568037808,29.98,162079.0,4859128.42,0.004999999999999,29.99,29.98
2011-12-19,CINF,23473,CINCINNATI FINANCIAL CORP,,,-0.01526,-0.4842347844365468,0.0003434065934066,-4.123063317724499e-10,-0.011733,7.841811709104819,29.12,162079.0,4719740.48,0.0050000000000007,29.12,29.11
2011-12-20,CINF,23473,CINCINNATI FINANCIAL CORP,,,0.02919,-0.009919802862801,0.0003336670003336,7.739872725548811e-10,0.029825,7.764022482863295,29.97,162079.0,4857507.63,0.004999999999999,29.99,29.98
2011-12-21,CINF,23473,CINCINNATI FINANCIAL CORP,,,0.005005,-0.2619190470325059,0.000332005312085,1.7890875084630448e-10,0.00195,5.73047711301279,30.12,162079.0,4881819.48,0.0050000000000007,30.12,30.11
2011-12-22,CINF,23473,CINCINNATI FINANCIAL CORP,,,0.007968,0.0917139504085962,0.0003293807641634,2.5883390670695905e-10,0.008266,6.25604180677324,30.36,162079.0,4920718.44,0.0050000000000007,30.37,30.36
2011-12-23,CINF,23473,CINCINNATI FINANCIAL CORP,,,0.006588,-0.19072105470264,0.0003272251308899,2.6270939733430644e-10,0.009035,5.062882915121638,30.56,162079.0,4953134.24,0.004999999999999,30.54,30.53
2011-12-27,CINF,23473,CINCINNATI FINANCIAL CORP,,,0.000654,-0.327929884338894,0.0003270111183779,3.8779396875970686e-11,7.9e-05,3.402612306344437,30.58,162079.0,4956375.819999999,0.004999999999999,30.56,30.55
2011-12-28,CINF,23473,CINCINNATI FINANCIAL CORP,,,-0.005886,0.5131951143443605,0.0003289473684211,-2.3201311067222467e-10,-0.012478,5.148816317968398,30.4,162079.0,4927201.6,0.0050000000000007,30.41,30.4
2011-12-29,CINF,23473,CINCINNATI FINANCIAL CORP,,,0.010526,-0.3570445108835671,0.0003255208333332,6.385973303190471e-10,0.010707,3.3104597140900425,30.72,162079.0,4979066.88,0.004999999999999,30.72,30.71
2011-12-30,CINF,23473,CINCINNATI FINANCIAL CORP,,,-0.008464,0.1815337075719962,0.0006565988181221,-4.3831323449826295e-10,-0.004291,3.9133271604938273,30.46,162000.0,4934520.0,0.0099999999999997,30.47,30.45
2012-01-03,CINF,23473,CINCINNATI FINANCIAL CORP,,,0.004596,0.6725135221678373,0.0003267973856209,1.4165365477987234e-10,0.015474,6.545092592592592,30.6,162000.0,4957200.0,0.0050000000000007,30.6,30.59
2012-01-04,CINF,23473,CINCINNATI FINANCIAL CORP,,,-0.004902,-0.0096094991535454,0.000328407224959,-1.5330232248139907e-10,0.000188,6.482197530864197,30.45,162000.0,4932900.0,0.0050000000000007,30.46,30.45
2012-01-05,CINF,23473,CINCINNATI FINANCIAL CORP,,,0.014121,0.0332096644561172,0.0009715025906734,4.214658839528952e-10,0.002944,6.697469135802469,30.88,162000.0,5002560.0,0.0149999999999987,30.88,30.85
2012-01-06,CINF,23473,CINCINNATI FINANCIAL CORP,,,-0.0068,0.0199163125927428,0.0003260515161394,-2.003571582613883e-10,-0.002537,6.830858024691358,30.67,162000.0,4968540.0,0.004999999999999,30.68,30.67
2012-01-09,CINF,23473,CINCINNATI FINANCIAL CORP,,,0.009129,-0.2308839968226973,0.0006462035541195,3.4656159392913375e-10,0.002262,5.253722222222223,30.95,162000.0,5013900.0,0.0099999999999997,30.94,30.92
2012-01-10,CINF,23473,CINCINNATI FINANCIAL CORP,,,0.011955,0.0658427945853792,0.0003192848020434,4.2077754182135965e-10,0.008886,5.599641975308642,31.32,162000.0,5073840.0,0.0050000000000007,31.32,31.31
2012-01-11,CINF,23473,CINCINNATI FINANCIAL CORP,,,0.003831,-0.0348148360455143,0.0003180661577607,1.3916938306702904e-10,0.00031,5.404691358024691,31.44,162000.0,5093280.0,0.004999999999999,31.43,31.42
2012-01-12,CINF,23473,CINCINNATI FINANCIAL CORP,,,0.000954,-0.0514345104847183,0.0003177629488401,3.650046515022018e-11,0.002337,5.126703703703703,31.47,162000.0,5098140.0,0.004999999999999,31.47,31.46
2012-01-13,CINF,23473,CINCINNATI FINANCIAL CORP,,,-0.006991,-0.0248541285883885,0.0003199999999999,-2.762272127860286e-10,-0.004948,4.999283950617284,31.25,162000.0,5062500.0,0.004999999999999,31.27,31.26
2012-01-17,CINF,23473,CINCINNATI FINANCIAL CORP,,,0.00224,-0.0816919460070825,0.0006385696040868,9.616456080789044e-11,0.003553,4.590882716049383,31.32,162000.0,5073840.0,0.0099999999999997,31.34,31.32
2012-01-18,CINF,23473,CINCINNATI FINANCIAL CORP,,,0.017561,0.3483783612984941,0.0003137747097584,5.494702616688086e-10,0.011108,6.190246913580247,31.87,162000.0,5162940.0,0.0050000000000007,31.87,31.86
2012-01-19,CINF,23473,CINCINNATI FINANCIAL CORP,,,0.004707,0.181976825352506,0.0009369144284822,1.240197702110477e-10,0.004939,7.316728395061729,32.02,162000.0,5187240.000000001,0.0150000000000005,32.06,32.03
2012-01-20,CINF,23473,CINCINNATI FINANCIAL CORP,,,0.016552,0.1255637765647805,0.0003072196620585,3.811513202035593e-10,0.000669,8.235444444444445,32.55,162000.0,5273100.0,0.0050000000000025,32.56,32.55
2012-01-23,CINF,23473,CINCINNATI FINANCIAL CORP,,,-0.001536,-0.5763172136099456,0.0003076923076922,-8.361130053540353e-11,0.000471,3.489216049382716,32.5,162000.0,5265000.0,0.004999999999999,32.5,32.49
2012-01-24,CINF,23473,CINCINNATI FINANCIAL CORP,,,-0.002154,0.4138943092739002,0.0006167129201357,-8.310725305378875e-11,-0.001026,4.933382716049382,32.43,162000.0,5253660.0,0.0100000000000015,32.46,32.44
2012-01-25,CINF,23473,CINCINNATI FINANCIAL CORP,,,0.009251,0.0974527282009189,0.0003055300947142,3.2225304570920767e-10,0.008672,5.414154320987654,32.73,162000.0,5302259.999999999,0.004999999999999,32.73,32.72
2012-01-26,CINF,23473,CINCINNATI FINANCIAL CORP,,,0.010694,0.1296327755437565,0.0003022974607012,3.2628097339605997e-10,-0.005746,6.116006172839506,33.08,162000.0,5358960.0,0.004999999999999,33.08,33.07
2012-01-27,CINF,23473,CINCINNATI FINANCIAL CORP,,,-0.004535,-0.0122376722483908,0.0003036744609777,-1.4071816801351092e-10,-0.001593,6.04116049382716,32.93,162000.0,5334660.0,0.004999999999999,32.94,32.93
2012-01-30,CINF,23473,CINCINNATI FINANCIAL CORP,,,-0.007896,-0.3685151655106736,0.000306091215182,-3.9107467388733146e-10,-0.002522,3.814901234567901,32.67,162000.0,5292540.0,0.004999999999999,32.68,32.67
2012-01-31,CINF,23473,CINCINNATI FINANCIAL CORP,,,0.000306,0.8007553226949551,0.0003059975520195,8.413687124895557e-12,-0.000457,6.869703703703704,32.68,162000.0,5294160.0,0.004999999999999,32.68,32.67
2012-02-01,CINF,23473,CINCINNATI FINANCIAL CORP,,,0.016218,-0.1308967986111859,0.0,5.04898464946718e-10,0.0089,5.970481481481482,33.21,162000.0,5380020.0,0.0,33.21,33.21
2012-02-02,CINF,23473,CINCINNATI FINANCIAL CORP,,,-0.004818,0.0606502360377909,0.0003025718608168,-1.4210153482045039e-10,0.001095,6.332592592592593,33.05,162000.0,5354100.0,0.004999999999999,33.05,33.04
2012-02-03,CINF,23473,CINCINNATI FINANCIAL CORP,,,0.010893,0.6079210044059733,0.0002993115833584,1.9765588811880808e-10,0.014605,10.18230864197531,33.41,162000.0,5412419.999999999,0.0050000000000025,33.42,33.41
2012-02-06,CINF,23473,CINCINNATI FINANCIAL CORP,,,-0.009279,-0.3034935927358878,0.0006042296072508,-2.439982960246598e-10,-0.000424,7.092043209876543,33.1,162000.0,5362200.0,0.0100000000000015,33.1,33.08
2012-02-07,CINF,23473,CINCINNATI FINANCIAL CORP,,,0.010574,-0.1443706257490788,0.0002989536621825,3.21566731016202e-10,0.002023,6.06816049382716,33.45,162000.0,5418900.0,0.0050000000000025,33.45,33.44
2012-02-08,CINF,23473,CINCINNATI FINANCIAL CORP,,,0.0,0.5752327977848353,0.0005979073243646,0.0,0.00216,9.558765432098763,33.45,162000.0,5418900.0,0.009999999999998,33.47,33.45
2012-02-09,CINF,23473,CINCINNATI FINANCIAL CORP,,,0.025112,0.0617518662981426,0.0002916302128899,4.4542436101065784e-10,0.001474,10.149037037037036,34.29,162000.0,5554980.0,0.004999999999999,34.29,34.28
2012-02-10,CINF,23473,CINCINNATI FINANCIAL CORP,,,0.00452,-0.2686309714964139,0.0002903178980983,1.0912790770084792e-10,-0.006886,7.422691358024691,34.445,162000.0,5580090.0,0.004999999999999,34.47,34.46
2012-02-13,CINF,23473,CINCINNATI FINANCIAL CORP,,,0.005661,-0.4282696702470568,0.0002886836027713,2.3771009339580444e-10,0.0068,4.243777777777778,34.64,162000.0,5611680.0,0.004999999999999,34.64,34.63
2012-02-14,CINF,23473,CINCINNATI FINANCIAL CORP,,,0.005341,0.5893217666532846,0.0002871500358936,1.4036278371115098e-10,-0.00094,6.7447283950617285,34.825,162000.0,5641650.0,0.004999999999999,34.83,34.82
2012-02-15,CINF,23473,CINCINNATI FINANCIAL CORP,,,-0.001005,0.0190894397636562,0.0005748778384594,-2.5942979443792933e-11,-0.005383,6.873481481481481,34.79,162000.0,5635980.0,0.0100000000000015,34.78,34.76
2012-02-16,CINF,23473,CINCINNATI FINANCIAL CORP,,,0.019258,0.0526266632180936,0.000282007896221,4.6334694407883864e-10,0.011026,7.23520987654321,35.46,162000.0,5744520.0,0.004999999999999,35.46,35.45
2012-02-17,CINF,23473,CINCINNATI FINANCIAL CORP,,,0.007332,-0.3002540730174114,0.0002799552071667,2.502675135120393e-10,0.002349,5.062808641975309,35.72,162000.0,5786640.0,0.004999999999999,35.71,35.7
2012-02-21,CINF,23473,CINCINNATI FINANCIAL CORP,,,0.007839,0.2410119791507909,0.0005555555555556,2.1393195637458282e-10,0.00072,6.283006172839507,36.0,162000.0,5832000.0,0.0100000000000015,36.0,35.98
2012-02-22,CINF,23473,CINCINNATI FINANCIAL CORP,,,-0.011389,-0.1043526188120611,0.0002809778027535,-3.510249964416069e-10,-0.00334,5.627358024691358,35.59,162000.0,5765580.000000001,0.004999999999999,35.58,35.57
2012-02-23,CINF,23473,CINCINNATI FINANCIAL CORP,,,0.007586,0.0400808659634588,0.0002788622420523,2.231083811052757e-10,0.004272,5.852907407407408,35.86,162000.0,5809320.0,0.004999999999999,35.86,35.85
2012-02-24,CINF,23473,CINCINNATI FINANCIAL CORP,,,-0.002789,0.1044832630401055,0.0005592841163311,-7.447408855320644e-11,0.001672,6.45324468052329,35.76,162281.0,5803168.56,0.0100000000000015,35.75,35.73
2012-02-27,CINF,23473,CINCINNATI FINANCIAL CORP,,,-0.002517,-0.0414222541368303,0.0002803476310626,-7.02921709585357e-11,0.001355,6.185936739359506,35.67,162281.0,5788563.2700000005,0.0050000000000025,35.67,35.66
2012-02-28,CINF,23473,CINCINNATI FINANCIAL CORP,,,-0.006728,0.1725888072041919,0.0008467400508044,-1.61322868816613e-10,0.003356,7.253560182646151,35.43,162281.0,5749615.83,0.0150000000000005,35.43,35.4
2012-02-29,CINF,23473,CINCINNATI FINANCIAL CORP,,,-0.007338,0.3683047110944979,0.0002843332385555,-1.2953991951836264e-10,-0.004737,9.925080570122196,35.17,162281.0,5707422.7700000005,0.004999999999999,35.18,35.17
2012-03-01,CINF,23473,CINCINNATI FINANCIAL CORP,,,-0.004265,0.1889781281120937,0.0002855511136494,-6.359563556259946e-11,0.006158,11.79735965058185,35.02,162327.0,5684691.540000001,0.0050000000000025,35.02,35.01
2012-03-02,CINF,23473,CINCINNATI FINANCIAL CORP,,,-0.014849,0.4513417544372673,0.0005797101449276,-1.5485771275700558e-10,-0.003246,17.12200065300289,34.5,162327.0,5600281.5,0.0100000000000015,34.5,34.48
2012-03-05,CINF,23473,CINCINNATI FINANCIAL CORP,,,0.022609,-0.2580220719639716,0.000283446712018,3.1075385103369563e-10,-0.00387,12.704146568346609,35.28,162327.0,5726896.5600000005,0.004999999999999,35.28,35.27
2012-03-06,CINF,23473,CINCINNATI FINANCIAL CORP,,,-0.021542,-0.510477513133866,0.0005793742757822,-6.181677300035456e-10,-0.01537,6.218965421648894,34.52,162327.0,5603528.040000001,0.0100000000000015,34.52,34.5
2012-03-07,CINF,23473,CINCINNATI FINANCIAL CORP,,,0.006373,5.118907663748407,0.0005757052389177,2.969828018591276e-11,0.006901,38.05327517911376,34.74,162327.0,5639239.98,0.0100000000000015,34.75,34.73
2012-03-08,CINF,23473,CINCINNATI FINANCIAL CORP,,,0.005757,-0.4748715977823804,0.0005724098454492,5.079547389418906e-11,0.009818,19.98285559395541,34.94,162327.0,5671705.38,0.009999999999998,34.94,34.92
2012-03-09,CINF,23473,CINCINNATI FINANCIAL CORP,,,0.002862,-0.1123811062295973,0.0002853881278538,2.8368128240211172e-11,0.003631,17.737160176680405,35.04,162327.0,5687938.08,0.004999999999999,35.04,35.03
2012-03-12,CINF,23473,CINCINNATI FINANCIAL CORP,,,0.001998,0.2245083737956807,0.0005696382796924,1.6140911066158776e-11,0.00016,21.719301163700436,35.11,162327.0,5699300.97,0.0100000000000015,35.13,35.11
2012-03-13,CINF,23473,CINCINNATI FINANCIAL CORP,,,0.022216,-0.6639487592143132,0.0005572582892171,5.224566908472554e-10,0.018132,7.29879810505954,35.89,162327.0,5825916.03,0.0100000000000015,35.89,35.87
2012-03-14,CINF,23473,CINCINNATI FINANCIAL CORP,,,-0.009473,-0.1096319016333668,0.0002812939521799,-2.526016762711768e-10,-0.001196,6.498616989163848,35.55,162327.0,5770724.85,0.004999999999999,35.57,35.56
2012-03-15,CINF,23473,CINCINNATI FINANCIAL CORP,,,0.012096,-0.183334739468443,0.0002779321845469,3.9023375530384245e-10,0.005967,5.307194736550296,35.98,162327.0,5840525.459999999,0.004999999999999,35.98,35.97
2012-03-16,CINF,23473,CINCINNATI FINANCIAL CORP,,,-0.012229,0.6099482182841343,0.0002813731007315,-2.480880399060955e-10,0.001119,8.544308710196086,35.54,162327.0,5769101.58,0.004999999999999,35.55,35.54
2012-03-19,CINF,23473,CINCINNATI FINANCIAL CORP,,,-0.000774,-0.3377018425750484,0.0002848191398461,-2.3998764871009448e-11,0.003974,5.658879915232832,35.11,162327.0,5699300.97,0.004999999999999,35.11,35.1
2012-03-20,CINF,23473,CINCINNATI FINANCIAL CORP,,,0.002278,-0.3527649471090989,0.0005683432793406,1.0888076979614295e-10,-0.003001,3.6626254412389807,35.19,162327.0,5712287.13,0.009999999999998,35.19,35.17
2012-03-21,CINF,23473,CINCINNATI FINANCIAL CORP,,,-0.002558,0.0989533137216316,0.0002849002849002,-1.1154006945091695e-10,-0.001871,4.025054365570731,35.1,162327.0,5697677.7,0.004999999999999,35.11,35.1
2012-03-22,CINF,23473,CINCINNATI FINANCIAL CORP,,,-0.009687,0.0894539889037688,0.0005753739930956,-3.9150573255085014e-10,-0.007207,4.385111534125562,34.76,162327.0,5642486.52,0.0100000000000015,34.78,34.76
2012-03-23,CINF,23473,CINCINNATI FINANCIAL CORP,,,0.000575,0.0129765587464281,0.0002875215641172,2.2928068211817973e-11,0.003109,4.442015191557782,34.78,162327.0,5645733.0600000005,0.004999999999999,34.79,34.78
2012-03-26,CINF,23473,CINCINNATI FINANCIAL CORP,,,0.015239,0.1149378899646214,0.0002832058906824,5.36830614391073e-10,0.013886,4.952571044866227,35.31,162327.0,5731766.37,0.004999999999999,35.3,35.29
2012-03-27,CINF,23473,CINCINNATI FINANCIAL CORP,,,-0.001982,-0.3343761194920989,0.0002837684449488,-1.0510354853570189e-10,-0.002817,3.296549557374928,35.24,162327.0,5720403.48,0.004999999999999,35.25,35.24
2012-03-28,CINF,23473,CINCINNATI FINANCIAL CORP,,,-0.003263,1.2123247352458053,0.0002846975088969,-7.846961005681001e-11,-0.004942,7.293038126744165,35.125,162327.0,5701735.875,0.0050000000000025,35.13,35.12
2012-03-29,CINF,23473,CINCINNATI FINANCIAL CORP,,,-0.010392,-0.0642138366373641,0.0005753739930953,-2.6986309972715126e-10,-0.001608,6.824724167883347,34.76,162327.0,5642486.52,0.009999999999998,34.76,34.74
2012-03-30,CINF,23473,CINCINNATI FINANCIAL CORP,,,-0.007192,0.2957014434433946,0.000289771080846,-1.4518572280600868e-10,0.003698,8.860654320987654,34.51,162000.0,5590620.0,0.004999999999999,34.51,34.5
2012-04-02,CINF,23473,CINCINNATI FINANCIAL CORP,,,0.008403,-0.1445905257393972,0.0002873563218392,1.9665285467630664e-10,0.007505,7.579487654320988,34.8,162000.0,5637600.0,0.0050000000000025,34.81,34.8
2012-04-03,CINF,23473,CINCINNATI FINANCIAL CORP,,,0.003736,0.0624622824598881,0.0002862868594332,8.198603733499436e-11,-0.003989,8.05291975308642,34.93,162000.0,5658660.0,0.0050000000000025,34.92,34.91
2012-04-04,CINF,23473,CINCINNATI FINANCIAL CORP,,,-0.013742,-0.0063047449242013,0.0005805515239478,-3.077082327465305e-10,-0.010202,8.002148148148148,34.45,162000.0,5580900.0,0.0100000000000015,34.45,34.43
2012-04-05,CINF,23473,CINCINNATI FINANCIAL CORP,,,-0.006386,-0.0850481506509054,0.000292141396436,-1.5729038439042855e-10,-0.000629,7.32158024691358,34.23,162000.0,5545259.999999999,0.0050000000000025,34.24,34.23
2012-04-09,CINF,23473,CINCINNATI FINANCIAL CORP,,,-0.017821,0.0087429685286857,0.0002974419988103,-4.4303088101100616e-10,-0.011358,7.385592592592593,33.62,162000.0,5446440.0,0.0050000000000025,33.63,33.62
2012-04-10,CINF,23473,CINCINNATI FINANCIAL CORP,,,-0.016359,0.0889711868118274,0.0003023888720894,-3.796695843643338e-10,-0.017081,8.042697530864197,33.07,162000.0,5357340.0,0.004999999999999,33.08,33.07
2012-04-11,CINF,23473,CINCINNATI FINANCIAL CORP,,,0.0127,-0.1162476197639603,0.0002985965959989,3.293375317150486e-10,0.007449,7.107753086419753,33.49,162000.0,5425380.0,0.0050000000000025,33.49,33.48
2012-04-12,CINF,23473,CINCINNATI FINANCIAL CORP,,,0.016124,-0.2047025678792763,0.0002938583602702,5.174089217580255e-10,0.013779,5.652777777777778,34.03,162000.0,5512860.0,0.004999999999999,34.03,34.02
2012-04-13,CINF,23473,CINCINNATI FINANCIAL CORP,,,-0.004702,0.7708184548184549,0.0002952465308534,-8.560841599652943e-11,-0.012475,10.010043209876542,33.87,162000.0,5486940.0,0.0050000000000025,33.88,33.87
2012-04-16,CINF,23473,CINCINNATI FINANCIAL CORP,,,0.011515,-0.151234531738803,0.0002918855808522,2.4419564521119527e-10,-0.000504,8.49617901234568,34.26,162000.0,5550120.0,0.004999999999999,34.26,34.25
2012-04-17,CINF,23473,CINCINNATI FINANCIAL CORP,,,0.010508,-0.2067676028657762,0.0005777007510108,2.7800582033281767e-10,0.015487,6.739444444444445,34.62,162000.0,5608440.0,0.009999999999998,34.61,34.59
2012-04-18,CINF,23473,CINCINNATI FINANCIAL CORP,,,-0.006932,-0.1017512525302485,0.0005817335660266,-2.0559708328944443e-10,-0.004055,6.053697530864198,34.38,162000.0,5569560.0,0.009999999999998,34.4,34.38
2012-04-19,CINF,23473,CINCINNATI FINANCIAL CORP,,,-0.000582,0.2467087251032171,0.00058207217695,-1.385380588432245e-11,-0.005934,7.547197530864198,34.36,162000.0,5566320.0,0.0100000000000015,34.38,34.36
2012-04-20,CINF,23473,CINCINNATI FINANCIAL CORP,,,0.007858,-0.1086160671200003,0.0002887669650591,2.0820636396073688e-10,0.001169,6.72745061728395,34.63,162000.0,5610060.0,0.004999999999999,34.61,34.6
2012-04-23,CINF,23473,CINCINNATI FINANCIAL CORP,,,-0.012128,-0.1646176022872935,0.0005846243788364,-3.8939041860741104e-10,-0.008408,5.6058408093147545,34.21,162409.0,5556011.890000001,0.009999999999998,34.23,34.21
2012-04-24,CINF,23473,CINCINNATI FINANCIAL CORP,,,0.013739,-0.1271177970188007,0.0002883506343715,4.985050277245426e-10,0.00368,4.893238675196572,34.68,162409.0,5632344.12,0.0050000000000025,34.7,34.69
2012-04-25,CINF,23473,CINCINNATI FINANCIAL CORP,,,0.019896,0.4362279887153237,0.0002827254735653,4.928341963583163e-10,0.013645,7.027806340781607,35.37,162409.0,5744406.329999999,0.0050000000000025,35.38,35.37
2012-04-26,CINF,23473,CINCINNATI FINANCIAL CORP,,,0.010461,-0.0898903869792593,0.0002797985450475,2.8177020925918723e-10,0.00668,6.396074109193456,35.74,162409.0,5804497.66,0.004999999999999,35.72,35.71
2012-04-27,CINF,23473,CINCINNATI FINANCIAL CORP,,,0.001679,-0.2919087776044976,0.0002793296089384,6.376096469283859e-11,0.002414,4.529003934511018,35.8,162409.0,5814242.199999999,0.004999999999999,35.8,35.79
2012-04-30,CINF,23473,CINCINNATI FINANCIAL CORP,,,-0.00419,-0.1548689349888723,0.0002805049088358,-1.8906782704736691e-10,-0.003884,3.827601918612885,35.65,162409.0,5789880.85,0.004999999999999,35.64,35.63
2012-05-01,CINF,23473,CINCINNATI FINANCIAL CORP,,,0.009537,0.2009275509662391,0.0002778549597111,3.5495743043772564e-10,0.005658,4.59667259819345,35.99,162409.0,5845099.91,0.0050000000000025,35.99,35.98
2012-05-02,CINF,23473,CINCINNATI FINANCIAL CORP,,,-0.000834,0.083142118115415,0.00027808676307,-2.868185656873461e-11,-0.002497,4.978849694290341,35.96,162409.0,5840227.640000001,0.004999999999999,35.97,35.96
2012-05-03,CINF,23473,CINCINNATI FINANCIAL CORP,,,0.011402,0.6568481715536538,0.0005499037668408,2.3400003095810976e-10,-0.007659,8.24919801242542,36.37,162409.0,5906815.329999999,0.0100000000000015,36.39,36.37
2012-05-04,CINF,23473,CINCINNATI FINANCIAL CORP,,,-0.006049,-0.4219709138462273,0.0005532503457813,-2.160746258532025e-10,-0.016147,4.768276388623783,36.15,162409.0,5871085.35,0.009999999999998,36.15,36.13
2012-05-07,CINF,23473,CINCINNATI FINANCIAL CORP,,,-0.002766,-0.1278610453622172,0.0005547850208043,-1.1360297600697343e-10,0.000351,4.158599584998369,36.05,162409.0,5854844.449999999,0.009999999999998,36.05,36.03
2012-05-08,CINF,23473,CINCINNATI FINANCIAL CORP,,,0.0,0.0653810960713301,0.0005547850208043,0.0,-0.004279,4.430493383987341,36.05,162409.0,5854844.449999999,0.009999999999998,36.05,36.03
2012-05-09,CINF,23473,CINCINNATI FINANCIAL CORP,,,-0.008599,0.0927410388686293,0.0008393956351427,-3.0599474094144333e-10,-0.006702,4.841381943118916,35.74,162409.0,5804497.66,0.0150000000000005,35.77,35.74
2012-05-10,CINF,23473,CINCINNATI FINANCIAL CORP,,,0.011751,-0.2669340848853595,0.0002765486725665,5.637985300655854e-10,0.002517,3.5490520845519646,36.16,162409.0,5872709.44,0.0050000000000025,36.17,36.16
2012-05-11,CINF,23473,CINCINNATI FINANCIAL CORP,,,-0.002212,0.0837390136676394,0.0008314855875831,-9.814573249842848e-11,-0.003387,3.8462462055674256,36.08,162409.0,5859716.72,0.0150000000000005,36.11,36.08
2012-05-14,CINF,23473,CINCINNATI FINANCIAL CORP,,,-0.014412,0.1511642240240769,0.0002812148481441,-5.636091614774004e-10,-0.011113,4.427661028637576,35.56,162409.0,5775264.04,0.0050000000000025,35.56,35.55
2012-05-15,CINF,23473,CINCINNATI FINANCIAL CORP,,,-0.000844,-0.0732173351949403,0.0005629045876724,-3.5643872384655876e-11,-0.005746,4.103479486974244,35.53,162409.0,5770391.7700000005,0.0100000000000015,35.53,35.51
2012-05-16,CINF,23473,CINCINNATI FINANCIAL CORP,,,-0.007881,0.0730416150242632,0.0002836879432623,-3.1263909285869003e-10,-0.004404,4.403204255921778,35.25,162409.0,5724917.25,0.004999999999999,35.25,35.24
2012-05-17,CINF,23473,CINCINNATI FINANCIAL CORP,,,-0.017305,-0.0656057724577693,0.0002886836027713,-7.476264353338845e-10,-0.015051,4.114328639422692,34.64,162409.0,5625847.76,0.004999999999999,34.64,34.63
2012-05-18,CINF,23473,CINCINNATI FINANCIAL CORP,,,-0.012125,0.5922203398961994,0.0005844535359437,-3.3303471303131867e-10,-0.007388,6.5509177447062665,34.22,162409.0,5557635.98,0.009999999999998,34.22,34.2
2012-05-21,CINF,23473,CINCINNATI FINANCIAL CORP,,,0.014027,-0.3022657548255145,0.0002881844380404,5.445440846287115e-10,0.016036,4.57079964780277,34.7,162409.0,5635592.300000001,0.0050000000000025,34.7,34.69
2012-05-22,CINF,23473,CINCINNATI FINANCIAL CORP,,,0.009222,0.1117737314084266,0.0002855511136492,3.190731722478917e-10,0.000486,5.081694979958007,35.02,162409.0,5687563.180000001,0.004999999999999,35.03,35.02
2012-05-23,CINF,23473,CINCINNATI FINANCIAL CORP,,,0.01028,0.2617637187345891,0.000847936687394,2.7902207539605317e-10,0.001694,6.411898355386709,35.38,162409.0,5746030.420000001,0.0150000000000005,35.4,35.37
2012-05-24,CINF,23473,CINCINNATI FINANCIAL CORP,,,0.007349,-0.3330196379699428,0.0002805836139168,2.9687989211524485e-10,0.00138,4.276610286375755,35.64,162409.0,5788256.76,0.004999999999999,35.64,35.63
2012-05-25,CINF,23473,CINCINNATI FINANCIAL CORP,,,0.000561,0.0703135798203178,0.0005608524957936,2.1162195310191807e-11,-0.002166,4.577314065107229,35.66,162409.0,5791504.94,0.0100000000000015,35.68,35.66
2012-05-29,CINF,23473,CINCINNATI FINANCIAL CORP,,,0.010376,-0.425549201839663,0.0005550929780739,6.74360400015693e-10,0.011079,2.6294417181313845,36.03,162409.0,5851596.2700000005,0.0100000000000015,36.03,36.01
2012-05-30,CINF,23473,CINCINNATI FINANCIAL CORP,,,-0.013045,0.5311056211874627,0.000562429696288,-5.61052547757554e-10,-0.014335,4.025952995215782,35.56,162409.0,5775264.04,0.0100000000000015,35.56,35.54
2012-05-31,CINF,23473,CINCINNATI FINANCIAL CORP,,,0.014623,1.203959311830983,0.0005543237250555,2.8124679772353805e-10,-0.002277,8.87303659279966,36.08,162409.0,5859716.72,0.0100000000000015,36.1,36.08
2012-06-01,CINF,23473,CINCINNATI FINANCIAL CORP,,,-0.025776,-0.3235817220783853,0.0002844950213372,-7.52302481635046e-10,-0.024643,6.001884132037017,35.15,162409.0,5708676.35,0.0050000000000025,35.13,35.12
2012-06-04,CINF,23473,CINCINNATI FINANCIAL CORP,,,-0.004552,-0.3205250523205712,0.0002857959416977,-1.964206585298157e-10,0.00011,4.078129906593847,34.99,162409.0,5682690.91,0.0050000000000025,34.99,34.98
2012-06-05,CINF,23473,CINCINNATI FINANCIAL CORP,,,0.007716,-0.0318906881062922,0.0002836074872378,3.4128277184071325e-10,0.005727,3.9480755376857193,35.26,162409.0,5726541.34,0.0050000000000025,35.24,35.23
2012-06-06,CINF,23473,CINCINNATI FINANCIAL CORP,,,0.026376,0.3043731860268901,0.0002763194252555,8.714108096605305e-10,0.023049,5.149763867765949,36.19,162409.0,5877581.71,0.004999999999999,36.19,36.18
2012-06-07,CINF,23473,CINCINNATI FINANCIAL CORP,,,0.003592,3.4661835459988906,0.0002753303964759,2.6476252415514302e-11,-0.000106,22.999790651995887,36.32,162409.0,5898694.88,0.0050000000000025,36.34,36.33
2012-06-08,CINF,23473,CINCINNATI FINANCIAL CORP,,,0.010738,-0.3411710155853243,0.0002724053391445,1.1885907404615824e-10,0.008114,15.1529287170046,36.71,162409.0,5962034.390000001,0.004999999999999,36.71,36.7
2012-06-11,CINF,23473,CINCINNATI FINANCIAL CORP,,,-0.014301,0.0579596192073701,0.000276357606743,-1.5179660747959616e-10,-0.01262,16.03118669531861,36.185,162409.0,5876769.665,0.004999999999999,36.22,36.21
2012-06-12,CINF,23473,CINCINNATI FINANCIAL CORP,,,0.012298,-0.7621950915056754,0.0002730002730004,5.422517862940312e-10,0.011651,3.812294885135676,36.63,162409.0,5949041.670000001,0.0050000000000025,36.63,36.62
2012-06-13,CINF,23473,CINCINNATI FINANCIAL CORP,,,-0.012012,1.1595636605609938,0.0002763194252557,-2.4823564921069337e-10,-0.007023,8.232893497281555,36.19,162409.0,5877581.71,0.0050000000000025,36.2,36.19
2012-06-14,CINF,23473,CINCINNATI FINANCIAL CORP,,,0.006908,0.0440791087550931,0.0005488474204172,1.35793181979862e-10,0.010815,8.595792105117328,36.44,162409.0,5918183.96,0.0100000000000015,36.43,36.41
2012-06-15,CINF,23473,CINCINNATI FINANCIAL CORP,,,0.005351,0.112359011313478,0.0002729630135116,9.405844230541239e-11,0.010338,9.56160680750451,36.635,162409.0,5949853.715,0.004999999999999,36.64,36.63
2012-06-18,CINF,23473,CINCINNATI FINANCIAL CORP,,,0.016037,-0.1148142400207097,0.0002715915263443,3.1685747226167307e-10,0.001445,8.463798188524034,36.82,162409.0,5979899.38,0.004999999999999,36.83,36.82
2012-06-19,CINF,23473,CINCINNATI FINANCIAL CORP,,,0.016839,-0.2355053881246649,0.0005341880341881,4.2798705778117157e-10,0.009816,6.470528111126846,37.44,162409.0,6080592.96,0.0100000000000015,37.46,37.44
2012-06-20,CINF,23473,CINCINNATI FINANCIAL CORP,,,-0.004006,-0.0936346196301738,0.0002681684097612,-1.127886587459488e-10,-0.001686,5.864662672635137,37.29,162409.0,6056231.609999999,0.004999999999999,37.3,37.29
2012-06-21,CINF,23473,CINCINNATI FINANCIAL CORP,,,-0.019308,-0.3086572441872429,0.0002734481815695,-8.017995051900411e-10,-0.022262,4.054492054011785,36.57,162409.0,5939297.13,0.004999999999999,36.58,36.57
2012-06-22,CINF,23473,CINCINNATI FINANCIAL CORP,,,0.009024,0.1989396889227712,0.000271002710027,3.0976249774024244e-10,0.007175,4.861091441976738,36.9,162409.0,5992892.1,0.004999999999999,36.91,36.9
2012-06-25,CINF,23473,CINCINNATI FINANCIAL CORP,,,-0.008401,0.2424593247496786,0.0002732987154959,-2.340682523024405e-10,-0.015955,6.039708390544859,36.59,162409.0,5942545.3100000005,0.004999999999999,36.6,36.59
2012-06-26,CINF,23473,CINCINNATI FINANCIAL CORP,,,0.011752,-0.1025198210220582,0.0002701242571582,3.605989349722729e-10,0.004773,5.4205185673207765,37.02,162409.0,6012381.180000001,0.004999999999999,37.04,37.03
2012-06-27,CINF,23473,CINCINNATI FINANCIAL CORP,,,-0.001081,0.6565115108804429,0.0002704164413195,-2.004533877346644e-11,0.008985,8.979151401708034,36.98,162409.0,6005884.819999999,0.004999999999999,37.0,36.99
2012-06-28,CINF,23473,CINCINNATI FINANCIAL CORP,,,0.003245,-0.230048104121594,0.0016172506738545,7.789898734845305e-11,-0.00211,6.913514645124347,37.1,162409.0,6025373.9,0.0300000000000011,37.1,37.04
2012-06-29,CINF,23473,CINCINNATI FINANCIAL CORP,,,0.026146,0.6185709692674763,0.0002626740215394,3.77904143714354e-10,0.02492,11.149441717791412,38.07,163000.0,6205410.0,0.0050000000000025,38.09,38.08
2012-07-02,CINF,23473,CINCINNATI FINANCIAL CORP,,,0.007092,-0.3527184227222029,0.0002608242044861,1.5724710039639478e-10,0.002459,7.216828220858896,38.34,163000.0,6249420.000000001,0.004999999999999,38.33,38.32
2012-07-03,CINF,23473,CINCINNATI FINANCIAL CORP,,,0.002087,-0.6490615407240915,0.0005205622071838,1.3158311125231378e-10,0.006232,2.5326625766871165,38.42,163000.0,6262460.0,0.0100000000000015,38.42,38.4
2012-07-05,CINF,23473,CINCINNATI FINANCIAL CORP,,,-0.008849,0.6418425285351628,0.0002626050420167,-3.4284736568249877e-10,-0.004687,4.158233128834356,38.08,163000.0,6207040.0,0.004999999999999,38.1,38.09
2012-07-06,CINF,23473,CINCINNATI FINANCIAL CORP,,,0.001313,0.2731604976157877,0.0002622606871229,3.9904174134468437e-11,-0.009433,5.294098159509202,38.13,163000.0,6215190.0,0.004999999999999,38.16,38.15
2012-07-09,CINF,23473,CINCINNATI FINANCIAL CORP,,,-0.002623,-0.0850281248479033,0.0002629503023927,-8.735436812930167e-11,-0.001639,4.843950920245399,38.03,163000.0,6198890.0,0.004999999999999,38.03,38.02
2012-07-10,CINF,23473,CINCINNATI FINANCIAL CORP,,,-0.001315,0.0518425358805618,0.0002632964718272,-4.1690079609302616e-11,-0.008126,5.0950736196319015,37.98,163000.0,6190739.999999999,0.004999999999999,37.98,37.97
2012-07-11,CINF,23473,CINCINNATI FINANCIAL CORP,,,0.00079,0.3714679282405595,0.0002630886608788,1.824758929711903e-11,-1.5e-05,6.987730061349693,38.01,163000.0,6195630.0,0.0050000000000025,38.02,38.01
2012-07-12,CINF,23473,CINCINNATI FINANCIAL CORP,,,-0.007366,-0.1427322212467076,0.0002650410813677,-1.999423004413874e-10,-0.004987,5.990355828220859,37.73,163000.0,6149989.999999999,0.0050000000000025,37.74,37.73
2012-07-13,CINF,23473,CINCINNATI FINANCIAL CORP,,,0.010337,0.2338595370063128,0.0002623294858341,2.2507936295724974e-10,0.016497,7.391257668711656,38.12,163000.0,6213560.0,0.004999999999999,38.12,38.11
2012-07-16,CINF,23473,CINCINNATI FINANCIAL CORP,,,-0.011018,0.0020792264115705,0.00026525198939,-2.4207693485340126e-10,-0.002314,7.406625766871166,37.7,163000.0,6145100.0,0.0050000000000025,37.7,37.69
2012-07-17,CINF,23473,CINCINNATI FINANCIAL CORP,,,0.000531,0.2885825989000066,0.0002651113467655,9.04904126379176e-12,0.00741,9.5440490797546,37.72,163000.0,6148360.0,0.004999999999999,37.72,37.71
2012-07-18,CINF,23473,CINCINNATI FINANCIAL CORP,,,-0.000265,-0.3129898179574205,0.0002651816494299,-6.575153550528529e-12,0.006681,6.556858895705521,37.71,163000.0,6146730.0,0.0050000000000025,37.7,37.69
2012-07-19,CINF,23473,CINCINNATI FINANCIAL CORP,,,-0.001326,0.0089074523189316,0.0002655337227827,-3.2653402097582844e-11,0.002717,6.615263803680982,37.66,163000.0,6138579.999999999,0.004999999999999,37.66,37.65
2012-07-20,CINF,23473,CINCINNATI FINANCIAL CORP,,,-0.011418,4.538976599943615,0.0002686005909212,-5.134908390398378e-11,-0.010062,36.64179141104295,37.23,163000.0,6068489.999999999,0.004999999999999,37.23,37.22
2012-07-23,CINF,23473,CINCINNATI FINANCIAL CORP,,,-0.001343,-0.8652042021145857,0.0002689618074232,-4.4866890416212175e-11,-0.008909,4.9536862701665,37.18,162522.0,6042567.96,0.004999999999999,37.19,37.18
2012-07-24,CINF,23473,CINCINNATI FINANCIAL CORP,,,-0.002152,-0.1093949319511156,0.0002695417789756,-8.089888556183867e-11,-0.009041,4.4117780977344605,37.1,162522.0,6029566.2,0.004999999999999,37.1,37.09
2012-07-25,CINF,23473,CINCINNATI FINANCIAL CORP,,,0.0,-0.1435012851964614,0.0005390835579515,0.0,-0.000314,3.7786822707079657,37.1,162522.0,6029566.2,0.0100000000000015,37.13,37.11
2012-07-26,CINF,23473,CINCINNATI FINANCIAL CORP,,,0.012668,0.3667383682966982,0.0002661698163429,4.017250736806216e-10,0.016541,5.164470040979068,37.57,162522.0,6105951.54,0.0050000000000025,37.56,37.55
2012-07-27,CINF,23473,CINCINNATI FINANCIAL CORP,,,0.012776,0.6854647699382848,0.000262812089356,2.3734639639647085e-10,0.019081,8.704532309471949,38.05,162522.0,6183962.1,0.004999999999999,38.05,38.04
2012-07-30,CINF,23473,CINCINNATI FINANCIAL CORP,,,0.007359,-0.4957163396900214,0.0002608922515,2.6912093776266297e-10,-0.000483,4.389553414306986,38.33,162522.0,6229468.26,0.004999999999999,38.32,38.31
2012-07-31,CINF,23473,CINCINNATI FINANCIAL CORP,,,-0.012784,0.196882810320732,0.0002642706131079,-3.956685289622244e-10,-0.004317,5.253781026568711,37.84,162522.0,6149832.48,0.0050000000000025,37.84,37.83
2012-08-01,CINF,23473,CINCINNATI FINANCIAL CORP,,,-0.008985,-0.1412944820841946,0.0002666666666666,-3.2678223155712546e-10,-0.00303,4.511450757435917,37.5,162522.0,6094575.0,0.004999999999999,37.48,37.47
2012-08-02,CINF,23473,CINCINNATI FINANCIAL CORP,,,0.0,0.042931765796975,0.0002666666666666,0.0,-0.007374,4.70513530475874,37.5,162522.0,6094575.0,0.004999999999999,37.5,37.49
2012-08-03,CINF,23473,CINCINNATI FINANCIAL CORP,,,0.019733,0.0093541418199318,0.0002615062761507,6.685707739392354e-10,0.01904,4.749147807681422,38.24,162522.0,6214841.28,0.0050000000000025,38.24,38.23
2012-08-06,CINF,23473,CINCINNATI FINANCIAL CORP,,,-0.008107,-0.3947963375876637,0.000263643553915,-4.575598809708342e-10,0.002329,2.8742016465463136,37.93,162522.0,6164459.46,0.004999999999999,37.93,37.92
2012-08-07,CINF,23473,CINCINNATI FINANCIAL CORP,,,0.004218,0.3631350335352081,0.0002625360987135,1.7391111165841664e-10,0.005107,3.91792495785186,38.09,162522.0,6190462.98,0.004999999999999,38.08,38.07
2012-08-08,CINF,23473,CINCINNATI FINANCIAL CORP,,,0.00315,-0.0534150819239606,0.0002617115938235,1.3677466632119152e-10,0.000621,3.708648675256273,38.21,162522.0,6209965.62,0.004999999999999,38.21,38.2
2012-08-09,CINF,23473,CINCINNATI FINANCIAL CORP,,,-0.000785,-0.1242382664412504,0.0002619172341539,-3.895111693970222e-11,0.000414,3.2478925930027933,38.18,162522.0,6205089.96,0.004999999999999,38.19,38.18
2012-08-10,CINF,23473,CINCINNATI FINANCIAL CORP,,,0.002881,-0.2274378900226199,0.0005223295899711,1.8450607512349608e-10,0.002188,2.5091987546301424,38.29,162522.0,6222967.38,0.009999999999998,38.29,38.27
2012-08-13,CINF,23473,CINCINNATI FINANCIAL CORP,,,0.000522,0.1271530161844041,0.0007830853563038,2.9643416228517525e-11,-0.001252,2.8282509444875155,38.31,162522.0,6226217.82,0.0150000000000005,38.34,38.31
2012-08-14,CINF,23473,CINCINNATI FINANCIAL CORP,,,0.003393,-0.0189556034660929,0.0002601456815818,1.95740962790318e-10,-0.000128,2.774639741081208,38.44,162522.0,6247345.68,0.0050000000000025,38.45,38.44
2012-08-15,CINF,23473,CINCINNATI FINANCIAL CORP,,,0.004423,0.0884818379385283,0.0002590002590002,2.3338728415739253e-10,0.00114,3.0201449649893557,38.61,162522.0,6274974.42,0.004999999999999,38.62,38.61
2012-08-16,CINF,23473,CINCINNATI FINANCIAL CORP,,,0.016835,0.7321489691141716,0.0002547121752419,5.043565186635124e-10,0.007101,5.231340987681667,39.26,162522.0,6380613.72,0.004999999999999,39.26,39.25
2012-08-17,CINF,23473,CINCINNATI FINANCIAL CORP,,,0.006877,-0.0816294365614062,0.0005059448520112,2.2280712156928523e-10,0.001872,4.804309570396623,39.53,162522.0,6424494.66,0.0100000000000015,39.52,39.5
2012-08-20,CINF,23473,CINCINNATI FINANCIAL CORP,,,0.001518,0.0130736700281504,0.0005051780752716,4.847324562284532e-11,-2.1e-05,4.867119528433074,39.59,162522.0,6434245.98,0.0100000000000015,39.59,39.57
2012-08-21,CINF,23473,CINCINNATI FINANCIAL CORP,,,-0.012629,0.1284262983967414,0.0005116398055767,-3.619477854399861e-10,-0.003498,5.492185673324227,39.09,162522.0,6352984.98,0.009999999999998,39.12,39.1
2012-08-22,CINF,23473,CINCINNATI FINANCIAL CORP,,,-0.000512,-0.2087562079809455,0.0002559508574353,-1.8554910551550856e-11,0.000226,4.345657818633785,39.07,162522.0,6349734.54,0.004999999999999,39.08,39.07
2012-08-23,CINF,23473,CINCINNATI FINANCIAL CORP,,,-0.005375,-0.3103919916745131,0.0005146680391148,-2.839917287321828e-10,-0.008072,2.9968004331721243,38.86,162522.0,6315604.92,0.0100000000000015,38.88,38.86
2012-08-24,CINF,23473,CINCINNATI FINANCIAL CORP,,,0.006176,-0.0557113701785868,0.0002557544757034,3.4344388533974633e-10,0.006455,2.8298445748883228,39.1,162522.0,6354610.2,0.0050000000000025,39.09,39.08
2012-08-27,CINF,23473,CINCINNATI FINANCIAL CORP,,,-0.007417,0.136282593191741,0.0002576655501158,-3.656988050307119e-10,-0.000489,3.2155031318836835,38.81,162522.0,6307478.82,0.004999999999999,38.82,38.81
2012-08-28,CINF,23473,CINCINNATI FINANCIAL CORP,,,0.000773,0.1152643563788056,0.0002574665293511,3.414769196783697e-11,-0.000808,3.5861360308142896,38.84,162522.0,6312354.48,0.004999999999999,38.85,38.84
2012-08-29,CINF,23473,CINCINNATI FINANCIAL CORP,,,-0.007467,0.6985429613641121,0.0002594033722439,-1.9566192206158327e-10,0.000844,6.091206113633847,38.55,162522.0,6265223.1,0.0050000000000025,38.56,38.55
2012-08-30,CINF,23473,CINCINNATI FINANCIAL CORP,,,-0.000519,-0.2826421402993065,0.0002595380223202,-1.8967803172309598e-11,-0.007806,4.369574580672155,38.53,162522.0,6261972.66,0.004999999999999,38.55,38.54
2012-08-31,CINF,23473,CINCINNATI FINANCIAL CORP,,,0.003374,0.1143910036161273,0.000517330574237,1.1027938021950239e-10,0.005073,4.869414602330761,38.66,162522.0,6283100.52,0.0100000000000015,38.68,38.66
2012-09-04,CINF,23473,CINCINNATI FINANCIAL CORP,,,0.00388,-0.0078722546617521,0.0005153311002317,1.273302453458205e-10,-0.001166,4.831081330527559,38.81,162522.0,6307478.82,0.009999999999998,38.8,38.78
2012-09-05,CINF,23473,CINCINNATI FINANCIAL CORP,,,-0.002319,-0.0285458831800519,0.0002582644628098,-7.852114067841875e-11,-0.001068,4.69317384723299,38.72,162522.0,6292851.84,0.004999999999999,38.73,38.72
2012-09-06,CINF,23473,CINCINNATI FINANCIAL CORP,,,0.010847,0.18554718227872,0.0002554931016862,3.0647226367273477e-10,0.020436,5.563979030531251,39.14,162522.0,6361111.08,0.004999999999999,39.12,39.11
2012-09-07,CINF,23473,CINCINNATI FINANCIAL CORP,,,-0.010986,0.04471235882243,0.000516662361147,-3.0041530069095067e-10,0.00405,5.812757657424841,38.71,162522.0,6291226.62,0.0100000000000015,38.71,38.69
2012-09-10,CINF,23473,CINCINNATI FINANCIAL CORP,,,-0.002067,-0.303812529043581,0.000258866166192,-8.135704953542277e-11,-0.006148,4.046769052805159,38.63,162522.0,6278224.86,0.004999999999999,38.64,38.63
2012-09-11,CINF,23473,CINCINNATI FINANCIAL CORP,,,0.012943,0.086598681139566,0.0002555583950934,4.628447601452342e-10,0.003135,4.397213915654496,39.13,162522.0,6359485.86,0.0050000000000025,39.13,39.12
2012-09-12,CINF,23473,CINCINNATI FINANCIAL CORP,,,0.0023,-0.1011132815779605,0.0002549719530851,9.129048857005616e-11,0.002093,3.9525971868423966,39.22,162522.0,6374112.84,0.004999999999999,39.22,39.21
2012-09-13,CINF,23473,CINCINNATI FINANCIAL CORP,,,0.015808,0.1950328775311962,0.0002510040160643,5.168720265144884e-10,0.01631,4.723483589913981,39.84,162522.0,6474876.48,0.0050000000000025,39.84,39.83
2012-09-14,CINF,23473,CINCINNATI FINANCIAL CORP,,,0.001255,0.1584053043625515,0.0002506893958385,3.537892095873684e-11,0.003959,5.471708445625823,39.89,162522.0,6483002.58,0.004999999999999,39.89,39.88
2012-09-17,CINF,23473,CINCINNATI FINANCIAL CORP,,,0.001692,-0.0722635231250695,0.000252844500632,5.1855417087715466e-11,-0.003125,5.076303515831703,39.55,162522.0,6427745.1,0.004999999999999,39.55,39.54
2012-09-18,CINF,23473,CINCINNATI FINANCIAL CORP,,,-0.000379,-0.0098544140623579,0.000252940432528,-1.1735420939912291e-11,-0.00128,5.026279519080494,39.535,162522.0,6425307.27,0.004999999999999,39.54,39.53
2012-09-19,CINF,23473,CINCINNATI FINANCIAL CORP,,,-0.006576,-0.1350612879966605,0.0005092297899426,-2.3697442641612165e-10,0.001185,4.347423733402247,39.275,162522.0,6383051.55,0.009999999999998,39.29,39.27
2012-09-20,CINF,23473,CINCINNATI FINANCIAL CORP,,,-0.005729,0.3677620330846136,0.0002560819462227,-1.5181095410369168e-10,-0.000541,5.94624112427856,39.05,162522.0,6346484.1,0.004999999999999,39.05,39.04
2012-09-21,CINF,23473,CINCINNATI FINANCIAL CORP,,,0.000768,2.6600592925253133,0.0002558853633573,5.556020886773628e-12,-7.5e-05,21.763595082511905,39.08,162522.0,6351359.76,0.0050000000000025,38.81,38.8
2012-09-24,CINF,23473,CINCINNATI FINANCIAL CORP,,,-0.007677,-0.771761486860709,0.0002578648788034,-2.452178109306551e-10,-0.002233,4.967290582198102,38.78,162522.0,6302603.16,0.004999999999999,38.79,38.78
2012-09-25,CINF,23473,CINCINNATI FINANCIAL CORP,,,-0.011862,-0.0973437186452519,0.0002609603340291,-4.247939139292498e-10,-0.010502,4.483756045335401,38.32,162522.0,6227843.04,0.004999999999999,38.33,38.32
2012-09-26,CINF,23473,CINCINNATI FINANCIAL CORP,,,-0.01357,0.1354642250884783,0.0002645502645502,-4.3387083631311796e-10,-0.005737,5.091144583502541,37.8,162522.0,6143331.6,0.004999999999999,37.79,37.78
2012-09-27,CINF,23473,CINCINNATI FINANCIAL CORP,,,0.004497,0.7036618513142612,0.0002633658151173,8.401779950768157e-11,0.009649,8.673588806438513,37.97,162522.0,6170960.34,0.0050000000000025,37.99,37.98
2012-09-28,CINF,23473,CINCINNATI FINANCIAL CORP,,,-0.002634,-0.2402115703980211,0.0002640612622127,-6.494067557723167e-11,-0.004478,6.570766871165644,37.87,163000.0,6172810.0,0.004999999999999,37.86,37.85
2012-10-01,CINF,23473,CINCINNATI FINANCIAL CORP,,,-0.000763,-0.1615558781925894,0.0002642629310458,-2.2453445744390766e-11,0.002652,5.509220858895706,37.8411,163000.0,6168099.3,0.004999999999999,37.86,37.85
2012-10-02,CINF,23473,CINCINNATI FINANCIAL CORP,,,-0.000161,-0.1630796333642538,0.0002643055372011,-5.662004543815267e-12,0.000872,4.610779141104294,37.835,163000.0,6167105.0,0.0050000000000025,37.84,37.83
2012-10-03,CINF,23473,CINCINNATI FINANCIAL CORP,,,0.003304,0.0034262204995763,0.0002634351949419,1.1541611867531338e-10,0.003624,4.626576687116565,37.96,163000.0,6187480.0,0.004999999999999,37.96,37.95
2012-10-04,CINF,23473,CINCINNATI FINANCIAL CORP,,,0.014226,-0.1509271586406624,0.0002597402597402,5.770716719893139e-10,0.007174,3.928300613496933,38.5,163000.0,6275500.0,0.004999999999999,38.53,38.52
2012-10-05,CINF,23473,CINCINNATI FINANCIAL CORP,,,0.005455,-0.327060359542911,0.0002583311805734,3.270417157961662e-10,-0.000322,2.643509202453988,38.71,163000.0,6309730.0,0.004999999999999,38.71,38.7
2012-10-08,CINF,23473,CINCINNATI FINANCIAL CORP,,,-0.000258,0.0322981164653788,0.0002583979328164,-1.4987706333879633e-11,-0.003457,2.7288895705521474,38.7,163000.0,6308100.0,0.004999999999999,38.71,38.7
2012-10-09,CINF,23473,CINCINNATI FINANCIAL CORP,,,-0.006718,0.2258182725619311,0.0002601456815816,-3.2052135035272756e-10,-0.009891,3.345122699386503,38.44,163000.0,6265720.0,0.004999999999999,38.46,38.45
2012-10-10,CINF,23473,CINCINNATI FINANCIAL CORP,,,0.001301,-0.1688677774619215,0.0005196154845413,7.458639360919335e-11,-0.006188,2.780239263803681,38.49,163000.0,6273870.0,0.009999999999998,38.51,38.49
2012-10-11,CINF,23473,CINCINNATI FINANCIAL CORP,,,0.004417,0.1919638818215319,0.0002586652871184,2.1151086285361839e-10,0.000195,3.3139447852760737,38.66,163000.0,6301579.999999999,0.004999999999999,38.68,38.67
2012-10-12,CINF,23473,CINCINNATI FINANCIAL CORP,,,-0.006725,-0.0597419715535578,0.0002604166666666,-3.4481102325514236e-10,-0.002966,3.115963190184049,38.4,163000.0,6259200.0,0.004999999999999,38.41,38.4
2012-10-15,CINF,23473,CINCINNATI FINANCIAL CORP,,,0.00651,0.2998826545278419,0.0002587322121603,2.5512171089698247e-10,0.008078,4.050386503067485,38.65,163000.0,6299950.0,0.004999999999999,38.64,38.63
2012-10-16,CINF,23473,CINCINNATI FINANCIAL CORP,,,0.010608,-0.1952051837815978,0.0002560163850485,5.111307746126756e-10,0.01027,3.259730061349693,39.06,163000.0,6366780.0,0.004999999999999,39.05,39.04
2012-10-17,CINF,23473,CINCINNATI FINANCIAL CORP,,,0.009217,0.2001690079347156,0.00025367833587,3.6665812886684734e-10,0.004117,3.912226993865031,39.42,163000.0,6425460.0,0.004999999999999,39.41,39.4
2012-10-18,CINF,23473,CINCINNATI FINANCIAL CORP,,,0.010401,0.1450823515390635,0.0002510670348984,3.5761557001707783e-10,-0.002444,4.4798220858895705,39.83,163000.0,6492290.0,0.0050000000000025,39.84,39.83
2012-10-19,CINF,23473,CINCINNATI FINANCIAL CORP,,,-0.007532,0.4742040314374887,0.0002529724260056,-1.7700173832063006e-10,-0.016571,6.6041717791411045,39.53,163000.0,6443390.0,0.0050000000000025,39.52,39.51
2012-10-22,CINF,23473,CINCINNATI FINANCIAL CORP,,,0.002277,-0.4071873142092747,0.0002523977788996,9.005858214658687e-11,0.00044,3.922593216380021,39.62,162686.0,6445619.319999999,0.0050000000000025,39.63,39.62
2012-10-23,CINF,23473,CINCINNATI FINANCIAL CORP,,,-0.004543,-0.0049737444585998,0.0002535496957404,-1.814044079940657e-10,-0.014444,3.903083240106709,39.44,162686.0,6416335.84,0.0050000000000025,39.45,39.44
2012-10-24,CINF,23473,CINCINNATI FINANCIAL CORP,,,0.000507,-0.123922598771294,0.0007602635580334,2.3096725138849287e-11,-0.003085,3.4194030217720024,39.46,162686.0,6419589.5600000005,0.0150000000000005,39.49,39.46
2012-10-25,CINF,23473,CINCINNATI FINANCIAL CORP,,,0.012164,0.5224280904350076,0.0002503755633449,3.596094452219e-10,0.002996,5.205795212864045,39.94,162686.0,6497678.84,0.004999999999999,39.94,39.93
2012-10-26,CINF,23473,CINCINNATI FINANCIAL CORP,,,0.016775,0.4288389557331948,0.0002462447672988,3.41357143920212e-10,-0.000729,7.438242995709526,40.61,162686.0,6606678.46,0.0050000000000025,40.63,40.62
2012-10-31,CINF,23473,CINCINNATI FINANCIAL CORP,,,-0.018961,0.2313713434779662,0.0002510040160642,-3.1939809598104644e-10,0.000156,9.159239270742413,39.84,162686.0,6481410.24,0.004999999999999,39.85,39.84
2012-11-01,CINF,23473,CINCINNATI FINANCIAL CORP,,,-0.001757,-0.541011220874047,0.0005028916268544,-6.459583498188435e-11,0.010927,4.203988050600543,39.77,162686.0,6470022.220000001,0.0100000000000015,39.77,39.75
2012-11-02,CINF,23473,CINCINNATI FINANCIAL CORP,,,-0.017853,1.1178190750515404,0.0002560163850485,-3.1555746335874625e-10,-0.009379,8.90328608485057,39.06,162686.0,6354515.16,0.004999999999999,39.07,39.06
2012-11-05,CINF,23473,CINCINNATI FINANCIAL CORP,,,0.004352,-0.5980213194885532,0.00050981391792,1.9053161492881503e-10,0.002164,3.578931192604158,39.23,162686.0,6382171.779999999,0.0100000000000015,39.24,39.22
2012-11-06,CINF,23473,CINCINNATI FINANCIAL CORP,,,0.015807,0.3416380130598617,0.0005018807982914,5.077865027686644e-10,0.007853,4.801630134123403,39.8501,162686.0,6483053.3686,0.009999999999998,39.86,39.84
2012-11-07,CINF,23473,CINCINNATI FINANCIAL CORP,,,-0.020078,-0.1458603765179387,0.0002560819462227,-7.706047073462051e-10,-0.023705,4.101262554860283,39.05,162686.0,6352888.3,0.004999999999999,39.05,39.04
2012-11-08,CINF,23473,CINCINNATI FINANCIAL CORP,,,-0.001793,0.0531025841628973,0.000513083632632,-6.546362076295487e-11,-0.012205,4.31905019485389,38.98,162686.0,6341500.279999999,0.009999999999998,38.97,38.95
2012-11-09,CINF,23473,CINCINNATI FINANCIAL CORP,,,0.003078,0.038222498003982,0.0002557544757032,1.079103223571614e-10,0.001699,4.484135082305792,39.1,162686.0,6361022.600000001,0.004999999999999,39.1,39.09
2012-11-12,CINF,23473,CINCINNATI FINANCIAL CORP,,,-0.006138,0.0193199233453871,0.0002573340195573,-2.124147676228123e-10,0.00013,4.570768228366301,38.86,162686.0,6321977.96,0.004999999999999,38.86,38.85
2012-11-13,CINF,23473,CINCINNATI FINANCIAL CORP,,,-0.010293,-0.1925416890801505,0.0002600104004159,-4.4573137263910276e-10,-0.003985,3.6907047932827655,38.46,162686.0,6256903.5600000005,0.004999999999999,38.46,38.45
2012-11-14,CINF,23473,CINCINNATI FINANCIAL CORP,,,-0.013539,0.0023866388197713,0.0002635789273918,-5.929287587224097e-10,-0.013852,3.69951317261473,37.9393,162686.0,6172192.9598,0.004999999999999,37.94,37.93
2012-11-15,CINF,23473,CINCINNATI FINANCIAL CORP,,,0.009771,-0.0350098611136495,0.0002610284521014,4.3914629873234244e-10,-0.001594,3.569993730253372,38.31,162686.0,6232500.66,0.0050000000000025,38.31,38.3
2012-11-16,CINF,23473,CINCINNATI FINANCIAL CORP,,,0.021088,2.5215741372066915,0.0005112748895006,2.635757132929706e-10,0.00484,12.571997590450316,39.1179,162686.0,6363934.6794,0.009999999999998,39.11,39.09
2012-11-19,CINF,23473,CINCINNATI FINANCIAL CORP,,,0.013091,-0.6025117245101912,0.0002523340903355,4.0632164419989175e-10,0.019862,4.997221641690127,39.63,162686.0,6447246.180000001,0.004999999999999,39.64,39.63
2012-11-20,CINF,23473,CINCINNATI FINANCIAL CORP,,,0.006561,-0.1847319361655542,0.0002506893958385,2.4815714151385656e-10,0.000663,4.0740752123723,39.89,162686.0,6489544.54,0.004999999999999,39.9,39.89
2012-11-21,CINF,23473,CINCINNATI FINANCIAL CORP,,,0.0,-0.3577380638055507,0.0002506893958385,0.0,0.00232,2.6166234341000454,39.89,162686.0,6489544.54,0.004999999999999,39.89,39.88
2012-11-23,CINF,23473,CINCINNATI FINANCIAL CORP,,,0.01078,-0.3981789479618876,0.0004960317460318,1.0436129370271484e-09,0.013026,1.5747390678976678,40.32,162686.0,6559499.5200000005,0.0100000000000015,40.31,40.29
2012-11-26,CINF,23473,CINCINNATI FINANCIAL CORP,,,-0.00496,1.423068215529221,0.0004985044865402,-1.9915734503619582e-10,-0.00203,3.8157001831749504,40.12,162686.0,6526962.319999999,0.009999999999998,40.12,40.1
2012-11-27,CINF,23473,CINCINNATI FINANCIAL CORP,,,-0.001994,0.2465924888966928,0.0004995004995005,-6.435497934988784e-11,-0.005227,4.756623188227628,40.04,162686.0,6513947.44,0.0100000000000015,40.06,40.04
2012-11-28,CINF,23473,CINCINNATI FINANCIAL CORP,,,0.008242,-0.5123281935707307,0.0002477086945753,5.410000213813816e-10,0.007856,2.3196710227063178,40.37,162686.0,6567633.819999999,0.0050000000000025,40.38,40.37
2012-11-29,CINF,23473,CINCINNATI FINANCIAL CORP,,,0.001734,0.6375755873421345,0.0002472799208703,6.938410847986884e-11,0.00427,3.798636637448828,40.44,162686.0,6579021.84,0.004999999999999,40.46,40.45
2012-11-30,CINF,23473,CINCINNATI FINANCIAL CORP,,,0.001978,0.6405301099541252,0.0002467917077985,4.814982477470588e-11,0.000162,6.231777780509693,40.52,162686.0,6592036.720000001,0.004999999999999,40.53,40.52
2012-12-03,CINF,23473,CINCINNATI FINANCIAL CORP,,,-0.002468,-0.4229249089831263,0.0007422068283028,-1.04364879945222e-10,-0.004745,3.596203729884563,40.42,162686.0,6575768.12,0.0150000000000005,40.45,40.42
2012-12-04,CINF,23473,CINCINNATI FINANCIAL CORP,,,0.0,-0.1401841203858802,0.0002474022761008,0.0,-0.00171,3.0920730732822737,40.42,162686.0,6575768.12,0.004999999999999,40.4,40.39
2012-12-05,CINF,23473,CINCINNATI FINANCIAL CORP,,,0.001979,0.2932647101505456,0.0002469135802468,7.511097751301063e-11,0.001585,3.9988689868827065,40.5,162686.0,6588783.0,0.004999999999999,40.5,40.49
2012-12-06,CINF,23473,CINCINNATI FINANCIAL CORP,,,0.002716,-0.1928323290703394,0.0002462447672986,1.2736369795781375e-10,0.003307,3.2277577664949657,40.61,162686.0,6606678.46,0.004999999999999,40.61,40.6
2012-12-07,CINF,23473,CINCINNATI FINANCIAL CORP,,,-0.002709,0.2683337427705761,0.0004938271604939,-1.0043135433516446e-10,0.002921,4.093874088735356,40.5,162686.0,6588783.0,0.0100000000000015,40.5,40.48
2012-12-10,CINF,23473,CINCINNATI FINANCIAL CORP,,,0.001975,0.3635738480757218,0.0004928536224742,5.359098400871196e-11,0.000338,5.582299644714357,40.58,162686.0,6601797.88,0.0100000000000015,40.59,40.57
2012-12-11,CINF,23473,CINCINNATI FINANCIAL CORP,,,0.001232,-0.094280535851533,0.000246123554024,3.686437359371167e-11,0.006549,5.0559974429268655,40.63,162686.0,6609932.180000001,0.004999999999999,40.65,40.64
2012-12-12,CINF,23473,CINCINNATI FINANCIAL CORP,,,-0.001231,-0.2214603545116347,0.000246426811237,-4.737053072126301e-11,0.000448,3.936294456806363,40.58,162686.0,6601797.88,0.004999999999999,40.6,40.59
2012-12-13,CINF,23473,CINCINNATI FINANCIAL CORP,,,-0.017496,2.6710578094256534,0.0005016302984699,-1.8666528211726548e-10,-0.006321,14.45036450585791,39.87,162686.0,6486290.819999999,0.009999999999998,39.87,39.85
2012-12-14,CINF,23473,CINCINNATI FINANCIAL CORP,,,-0.00627,-0.5161744237882795,0.0002523977788994,-1.3913463843358002e-10,-0.004135,6.991455933516098,39.62,162686.0,6445619.319999999,0.004999999999999,39.62,39.61
2012-12-17,CINF,23473,CINCINNATI FINANCIAL CORP,,,0.011421,0.0690330328851813,0.0002521114332534,2.368032955149758e-10,0.011871,7.474097340889812,39.665,162686.0,6452940.19,0.004999999999999,39.69,39.68
2012-12-18,CINF,23473,CINCINNATI FINANCIAL CORP,,,0.011219,0.1891127045860332,0.0002493143854401,1.9345035720498102e-10,0.011487,8.887544103364764,40.11,162686.0,6525335.46,0.0050000000000025,40.13,40.12
2012-12-19,CINF,23473,CINCINNATI FINANCIAL CORP,,,-0.004488,-0.4451617320674828,0.0002504382669673,-1.4010549882250086e-10,-0.007589,4.931149576484762,39.93,162686.0,6496051.98,0.0050000000000025,39.92,39.91
2012-12-20,CINF,23473,CINCINNATI FINANCIAL CORP,,,0.004919,0.3480814081764682,0.0002492124885361,1.1335277271766146e-10,0.005488,6.647591064996373,40.1264,162686.0,6528003.510399999,0.004999999999999,40.18,40.17
2012-12-21,CINF,23473,CINCINNATI FINANCIAL CORP,,,-0.012869,2.307048739216067,0.0002524614996214,-9.084162330347179e-11,-0.009379,21.983907650320248,39.61,162686.0,6443992.46,0.0050000000000025,39.56,39.55
2012-12-24,CINF,23473,CINCINNATI FINANCIAL CORP,,,-0.003282,-0.9036623780852314,0.0002532928064842,-2.4127395258191406e-10,-0.00244,2.1178773834257405,39.48,162686.0,6422843.279999999,0.004999999999999,39.5,39.49
2012-12-26,CINF,23473,CINCINNATI FINANCIAL CORP,,,-0.004813,0.7657488484946988,0.0005090353779588,-2.0135105402610102e-10,-0.004787,3.739639551036967,39.29,162686.0,6391932.94,0.0100000000000015,39.28,39.26
2012-12-27,CINF,23473,CINCINNATI FINANCIAL CORP,,,-0.00509,0.5640012031815276,0.0005116398055769,-1.3684694406129402e-10,-0.001218,5.848800757287044,39.09,162686.0,6359395.74,0.0100000000000015,39.09,39.07
2012-12-28,CINF,23473,CINCINNATI FINANCIAL CORP,,,-0.013558,-0.1506771285461756,0.00051867219917,-4.350796561728047e-10,-0.01105,4.967520253740334,38.56,162686.0,6273172.16,0.009999999999998,38.58,38.56
2012-12-31,CINF,23473,CINCINNATI FINANCIAL CORP,,,0.01556,0.3584822544441226,0.0005107252298262,3.619287743747819e-10,0.016942,6.735288343558282,39.16,163000.0,6383079.999999999,0.009999999999998,39.16,39.14
2013-01-02,CINF,23473,CINCINNATI FINANCIAL CORP,,,0.018131,-0.2591751893697875,0.0002508151492349,5.591343918944218e-10,0.025403,4.989668711656441,39.87,163000.0,6498810.0,0.004999999999999,39.87,39.86
2013-01-03,CINF,23473,CINCINNATI FINANCIAL CORP,,,0.0,-0.176022603760408,0.0002508151492349,0.0,-0.002086,4.111374233128834,39.87,163000.0,6498810.0,0.004999999999999,39.89,39.88
2013-01-04,CINF,23473,CINCINNATI FINANCIAL CORP,,,0.011788,0.1507340103916412,0.0004957858205256,3.7892623097887635e-10,0.004865,4.7310981595092025,40.34,163000.0,6575420.000000001,0.0100000000000015,40.35,40.33
2013-01-07,CINF,23473,CINCINNATI FINANCIAL CORP,,,-0.000992,0.4129652514559065,0.0002481389578165,-2.2590486369641776e-11,-0.003123,6.684877300613497,40.3,163000.0,6568900.0,0.0050000000000025,40.31,40.3
2013-01-08,CINF,23473,CINCINNATI FINANCIAL CORP,,,-0.000248,0.0124546293024727,0.0002482005460413,-5.579532328342841e-12,-0.003242,6.768134969325153,40.29,163000.0,6567270.0,0.0050000000000025,40.31,40.3
2013-01-09,CINF,23473,CINCINNATI FINANCIAL CORP,,,0.010921,-0.4165613675052528,0.0002455192732629,4.16577873994946e-10,0.002656,3.948791411042945,40.73,163000.0,6638989.999999999,0.004999999999999,40.73,40.72
2013-01-10,CINF,23473,CINCINNATI FINANCIAL CORP,,,0.011539,0.2709767530020057,0.0004854368932039,3.423588449052897e-10,0.007597,5.01882208588957,41.2,163000.0,6715600.0,0.0100000000000015,41.2,41.18
2013-01-11,CINF,23473,CINCINNATI FINANCIAL CORP,,,0.001456,-0.3477290396397365,0.0002423654871545,6.613246376459236e-11,-4.8e-05,3.2736319018404907,41.26,163000.0,6725380.0,0.004999999999999,41.26,41.25
2013-01-14,CINF,23473,CINCINNATI FINANCIAL CORP,,,-0.001212,0.3133740128410314,0.0002426595486531,-4.1965667735567424e-11,-0.000931,4.299503067484663,41.21,163000.0,6717230.0,0.004999999999999,41.21,41.2
2013-01-15,CINF,23473,CINCINNATI FINANCIAL CORP,,,-0.004125,0.6011323893901279,0.0002436647173488,-8.957431388394726e-11,0.001129,6.884073619631902,41.04,163000.0,6689520.0,0.004999999999999,41.04,41.03
2013-01-16,CINF,23473,CINCINNATI FINANCIAL CORP,,,-0.000487,-0.5269119439909313,0.0004875670404681,-2.236444942563749e-11,0.000197,3.2567730061349693,41.02,163000.0,6686260.000000001,0.0100000000000015,41.02,41.0
2013-01-17,CINF,23473,CINCINNATI FINANCIAL CORP,,,0.006095,0.0137307056177404,0.0002423067603587,2.7443629377056877e-10,0.005643,3.301490797546012,41.27,163000.0,6727010.000000001,0.0050000000000025,41.27,41.26
2013-01-18,CINF,23473,CINCINNATI FINANCIAL CORP,,,0.008481,2.741700626041777,0.0002402691013935,1.011994740147494e-10,0.003403,12.35319018404908,41.62,163000.0,6784060.0,0.004999999999999,41.62,41.61
2013-01-22,CINF,23473,CINCINNATI FINANCIAL CORP,,,0.019222,-0.5539241248131428,0.0002357378595001,5.044898586974611e-10,0.004428,5.510460122699387,42.42,163000.0,6914460.0,0.004999999999999,42.43,42.42
2013-01-23,CINF,23473,CINCINNATI FINANCIAL CORP,,,-0.001414,-0.5047043826298006,0.0002360717658167,-7.503320622665747e-11,0.001507,2.7293067484662576,42.36,163000.0,6904680.0,0.004999999999999,42.36,42.35
2013-01-24,CINF,23473,CINCINNATI FINANCIAL CORP,,,0.003541,0.0882805809246152,0.0004704775346977,1.7204972729216918e-10,7e-06,2.9702515337423314,42.51,163000.0,6929130.0,0.0100000000000015,42.53,42.51
2013-01-25,CINF,23473,CINCINNATI FINANCIAL CORP,,,0.006351,0.2066751901782708,0.0002337540906965,2.541148913177257e-10,0.005445,3.584128834355828,42.78,163000.0,6973140.0,0.004999999999999,42.79,42.78
2013-01-28,CINF,23473,CINCINNATI FINANCIAL CORP,,,-0.011688,0.0742331991927602,0.0002365184484389,-4.404893751332144e-10,-0.00185,3.85019018404908,42.28,163000.0,6891640.0,0.004999999999999,42.28,42.27
2013-01-29,CINF,23473,CINCINNATI FINANCIAL CORP,,,0.009697,-0.0179960833740983,0.0004684937924573,3.6857700271610085e-10,0.005106,3.7809018404907975,42.69,163000.0,6958470.0,0.0100000000000015,42.71,42.69
2013-01-30,CINF,23473,CINCINNATI FINANCIAL CORP,,,-0.004216,-0.144405122937852,0.0002352387673489,-1.8808679880271082e-10,-0.0039,3.234920245398773,42.51,163000.0,6929130.0,0.0050000000000025,42.52,42.51
2013-01-31,CINF,23473,CINCINNATI FINANCIAL CORP,,,-0.001647,0.3241847022143329,0.0002356267672007,-5.557999140395197e-11,-0.002563,4.283631901840491,42.44,163000.0,6917720.0,0.004999999999999,42.47,42.46
2013-02-01,CINF,23473,CINCINNATI FINANCIAL CORP,,,0.024976,0.1145206750764789,0.0002298850574713,7.378120616969931e-10,0.010053,4.7741963190184045,43.5,163000.0,7090500.0,0.0050000000000025,43.49,43.48
2013-02-04,CINF,23473,CINCINNATI FINANCIAL CORP,,,-0.003908,0.0972096932127464,0.000230786983614,-1.0563026086371919e-10,-0.011539,5.238294478527608,43.33,163000.0,7062790.0,0.004999999999999,43.32,43.31
2013-02-05,CINF,23473,CINCINNATI FINANCIAL CORP,,,0.004616,-0.28847608808187,0.0002297266253158,1.7454608791647394e-10,0.010416,3.727171779141104,43.53,163000.0,7095390.0,0.004999999999999,43.53,43.52
2013-02-06,CINF,23473,CINCINNATI FINANCIAL CORP,,,0.009649,0.2293618905434966,0.0002275312855517,2.9395216781018517e-10,0.000549,4.582042944785276,43.95,163000.0,7163850.0,0.004999999999999,43.97,43.96
2013-02-07,CINF,23473,CINCINNATI FINANCIAL CORP,,,0.010239,0.6489349594911049,0.0004504504504505,1.8725106115335464e-10,-0.001805,7.555490797546012,44.4,163000.0,7237200.0,0.0100000000000015,44.42,44.4
2013-02-08,CINF,23473,CINCINNATI FINANCIAL CORP,,,0.00473,-0.464240445943916,0.0004483299708586,1.6069734728687492e-10,0.005658,4.047926380368098,44.61,163000.0,7271430.0,0.0100000000000015,44.6,44.58
2013-02-11,CINF,23473,CINCINNATI FINANCIAL CORP,,,-0.000224,-0.1434347965784193,0.0004484304932736,-8.886536354709146e-12,-0.000606,3.467312883435582,44.6,163000.0,7269800.0,0.0100000000000015,44.6,44.58
2013-02-12,CINF,23473,CINCINNATI FINANCIAL CORP,,,0.000448,0.1980264415080719,0.0004482294935005,1.4828642906810253e-11,0.001595,4.153932515337424,44.62,163000.0,7273060.0,0.009999999999998,44.62,44.6
2013-02-13,CINF,23473,CINCINNATI FINANCIAL CORP,,,0.002017,-0.1444281492443409,0.0002236636099307,7.787493547905228e-11,0.000592,3.55398773006135,44.71,163000.0,7287730.0,0.0050000000000025,44.7,44.69
2013-02-14,CINF,23473,CINCINNATI FINANCIAL CORP,,,-0.000447,0.20807698947005,0.0002237637055269,-1.4292198115645556e-11,0.000691,4.293490797546013,44.69,163000.0,7284470.0,0.004999999999999,44.69,44.68
2013-02-15,CINF,23473,CINCINNATI FINANCIAL CORP,,,0.003356,0.5331740586049076,0.0002230151650311,6.975361903537188e-11,-0.001045,6.582668711656441,44.84,163000.0,7308920.000000001,0.004999999999999,44.83,44.82
2013-02-19,CINF,23473,CINCINNATI FINANCIAL CORP,,,0.004906,-0.0977935180223211,0.0002219263204615,1.1247106572366394e-10,0.007337,5.938926380368098,45.06,163000.0,7344780.0,0.004999999999999,45.07,45.06
2013-02-20,CINF,23473,CINCINNATI FINANCIAL CORP,,,-0.012206,-0.213432226807638,0.0002246686137946,-3.6015054508768765e-10,-0.012404,4.671368098159509,44.51,163000.0,7255130.0,0.004999999999999,44.51,44.5
2013-02-21,CINF,23473,CINCINNATI FINANCIAL CORP,,,0.001123,-0.0833310350352558,0.0002244165170556,3.610691230626304e-11,-0.006303,4.276143040060775,44.56,163227.0,7273395.12,0.004999999999999,44.55,44.54
2013-02-22,CINF,23473,CINCINNATI FINANCIAL CORP,,,0.009874,-0.2544191684026236,0.0002222222222221,4.2163985192643805e-10,0.008773,3.188210283837845,45.0,163227.0,7345215.0,0.004999999999999,45.0,44.99
2013-02-25,CINF,23473,CINCINNATI FINANCIAL CORP,,,-0.024,0.3806845477150358,0.0004553734061929,-7.605284921618373e-10,-0.01831,4.401912673761081,43.92,163227.0,7168929.84,0.009999999999998,43.94,43.92
2013-02-26,CINF,23473,CINCINNATI FINANCIAL CORP,,,0.015938,-0.0771359102365865,0.0004482294935007,5.386827741878691e-10,0.006109,4.0623671328885536,44.62,163227.0,7283188.739999999,0.0100000000000015,44.63,44.61
2013-02-27,CINF,23473,CINCINNATI FINANCIAL CORP,,,0.008292,-0.1702172260695412,0.0002222716159147,3.349713912395353e-10,0.012726,3.370882268252189,44.99,163227.0,7343582.73,0.0050000000000025,44.99,44.98
2013-02-28,CINF,23473,CINCINNATI FINANCIAL CORP,,,0.000444,0.3986249111717335,0.0002221728504776,1.2818497253211124e-11,-0.000864,4.714599913004589,45.01,163227.0,7346847.27,0.004999999999999,45.01,45.0
2013-03-01,CINF,23473,CINCINNATI FINANCIAL CORP,,,0.003333,-0.1697199662140212,0.0004428697962798,1.1551009567385503e-10,0.002324,3.912879994120961,45.16,163292.0,7374266.72,0.009999999999998,45.16,45.14
2013-03-04,CINF,23473,CINCINNATI FINANCIAL CORP,,,0.001772,0.619381727918966,0.0004420866489831,3.785562752542699e-11,0.004611,6.336446366019156,45.24,163292.0,7387330.08,0.009999999999998,45.26,45.24
2013-03-05,CINF,23473,CINCINNATI FINANCIAL CORP,,,0.012157,0.1789084857218241,0.0002183882943873,2.1765317557610596e-10,0.009566,7.470090390221199,45.79,163292.0,7477140.68,0.004999999999999,45.79,45.78
2013-03-06,CINF,23473,CINCINNATI FINANCIAL CORP,,,0.006115,-0.3693751301436457,0.0002170609941393,1.725505666842786e-10,0.001085,4.710824780148446,46.07,163292.0,7522862.44,0.004999999999999,46.07,46.06
2013-03-07,CINF,23473,CINCINNATI FINANCIAL CORP,,,0.00521,-0.2821070147158234,0.0004318721658389,2.0372361471453392e-10,0.001816,3.3818680645714427,46.31,163292.0,7562052.52,0.0100000000000015,46.31,46.29
2013-03-08,CINF,23473,CINCINNATI FINANCIAL CORP,,,0.000432,-0.203606455257935,0.0004316857327864,2.1201771347924434e-11,0.004481,2.693297895794038,46.33,163292.0,7565318.359999999,0.009999999999998,46.33,46.31
2013-03-11,CINF,23473,CINCINNATI FINANCIAL CORP,,,0.004317,-0.3137173312960158,0.000214915108532,3.0739490480619576e-10,0.003249,1.8483636675403567,46.53,163292.0,7597976.76,0.004999999999999,46.53,46.52
2013-03-12,CINF,23473,CINCINNATI FINANCIAL CORP,,,0.002579,0.4088919664836676,0.00021436227224,1.3000787800355124e-10,-0.002403,2.6041447223378977,46.65,163292.0,7617571.8,0.004999999999999,46.66,46.65
2013-03-13,CINF,23473,CINCINNATI FINANCIAL CORP,,,0.007288,0.1766901203096633,0.0002128112364333,3.099636651855866e-10,0.001314,3.0642713666315555,46.99,163292.0,7673091.08,0.0050000000000025,46.99,46.98
2013-03-14,CINF,23473,CINCINNATI FINANCIAL CORP,,,0.003618,0.404611778060679,0.0002120441051738,1.0915567736001663e-10,0.005603,4.304111652744776,47.16,163292.0,7700850.72,0.004999999999999,47.16,47.15
2013-03-15,CINF,23473,CINCINNATI FINANCIAL CORP,,,-0.003817,0.6697096155953031,0.0002128565346957,-6.923405395347174e-11,-0.001618,7.186616613183745,46.98,163292.0,7671458.159999999,0.0050000000000025,46.99,46.98
2013-03-18,CINF,23473,CINCINNATI FINANCIAL CORP,,,-0.008568,-0.3851729459394282,0.0002165908598656,-2.5720370990415017e-10,-0.00551,4.418526320946525,46.17,163292.0,7539191.640000001,0.004999999999999,46.18,46.17
2013-03-19,CINF,23473,CINCINNATI FINANCIAL CORP,,,0.000217,-0.3628307299968122,0.0002165439584235,1.0221358679971572e-11,-0.002423,2.8153491904073684,46.18,163292.0,7540824.56,0.004999999999999,46.18,46.17
2013-03-20,CINF,23473,CINCINNATI FINANCIAL CORP,,,0.007146,0.2331159565304399,0.0002150075252633,2.710288847334759e-10,0.006697,3.471652009896382,46.51,163292.0,7594710.92,0.004999999999999,46.5,46.49
2013-03-21,CINF,23473,CINCINNATI FINANCIAL CORP,,,-0.006665,-0.1516847094601626,0.0002164502164501,-2.9998517222578566e-10,-0.008282,2.9450554834284595,46.2,163292.0,7544090.4,0.004999999999999,46.22,46.21
2013-03-22,CINF,23473,CINCINNATI FINANCIAL CORP,,,0.003463,-0.2655062132982883,0.0002157031924072,2.1147671155064348e-10,0.007174,2.163124954070009,46.36,163292.0,7570217.12,0.004999999999999,46.36,46.35
2013-03-25,CINF,23473,CINCINNATI FINANCIAL CORP,,,0.001078,0.4061083570908865,0.0002154708037062,4.676725580623909e-11,-0.00334,3.04158807534968,46.41,163292.0,7578381.72,0.0050000000000025,46.42,46.41
2013-03-26,CINF,23473,CINCINNATI FINANCIAL CORP,,,0.011635,-0.0634247896477921,0.000212992545261,5.327492258915645e-10,0.007785,2.848675991475394,46.95,163292.0,7666559.4,0.0050000000000025,46.95,46.94
2013-03-27,CINF,23473,CINCINNATI FINANCIAL CORP,,,-0.001278,-0.2046000782516349,0.0002132650885049,-7.366430800296357e-11,-0.000588,2.2658366607059746,46.89,163292.0,7656761.88,0.004999999999999,46.89,46.88
2013-03-28,CINF,23473,CINCINNATI FINANCIAL CORP,,,0.007038,0.8626163197682117,0.0004235493434984,2.1627502372779466e-10,0.004057,4.218472632004211,47.22,163366.0,7714142.52,0.009999999999998,47.19,47.17
2013-04-01,CINF,23473,CINCINNATI FINANCIAL CORP,,,-0.002118,-0.4285102770784511,0.0002122241086587,-1.1412882279557164e-10,-0.004474,2.410813755616224,47.12,163366.0,7697805.92,0.004999999999999,47.12,47.11
2013-04-02,CINF,23473,CINCINNATI FINANCIAL CORP,,,0.008701,0.6806764082316648,0.0002103934357247,2.7656162233263713e-10,0.005172,4.051797803704565,47.53,163366.0,7764785.98,0.004999999999999,47.53,47.52
2013-04-03,CINF,23473,CINCINNATI FINANCIAL CORP,,,-0.002104,0.2749793783595144,0.0002108370229811,-5.256298375392141e-11,-0.010546,5.165958645005693,47.43,163366.0,7748449.38,0.004999999999999,47.43,47.42
2013-04-04,CINF,23473,CINCINNATI FINANCIAL CORP,,,0.00253,-0.4093515905121442,0.000210304942166,1.0674028556819256e-10,0.004048,3.051265257152651,47.55,163366.0,7768053.3,0.004999999999999,47.57,47.56
2013-04-05,CINF,23473,CINCINNATI FINANCIAL CORP,,,-0.003996,0.2273944626890522,0.0002111486486486,-1.3790753208035658e-10,-0.004295,3.7451060808246512,47.36,163366.0,7737013.76,0.004999999999999,47.36,47.35
2013-04-08,CINF,23473,CINCINNATI FINANCIAL CORP,,,0.009079,-0.3396161961874594,0.0002092487968193,4.701958296802524e-10,0.006303,2.4732073993364594,47.79,163366.0,7807261.14,0.004999999999999,47.79,47.78
2013-04-09,CINF,23473,CINCINNATI FINANCIAL CORP,,,-0.00272,0.7111385562744099,0.0002098195551825,-8.254817500112344e-11,0.003544,4.232000538667776,47.66,163366.0,7786023.56,0.004999999999999,47.66,47.65
2013-04-10,CINF,23473,CINCINNATI FINANCIAL CORP,,,0.014687,0.1422099759172073,0.0006203473945408,3.8458599404415047e-10,0.012189,4.833833233353329,48.36,163366.0,7900379.76,0.014999999999997,48.37,48.34
2013-04-11,CINF,23473,CINCINNATI FINANCIAL CORP,,,0.013854,-0.028436691132149,0.0002039567611665,3.6828908345400955e-10,0.003552,4.696375010712143,49.03,163366.0,8009834.98,0.004999999999999,49.03,49.02
2013-04-12,CINF,23473,CINCINNATI FINANCIAL CORP,,,-0.004691,-0.1894847424755092,0.0002049180327868,-1.545823738527424e-10,-0.002837,3.806483601238936,48.8,163366.0,7972260.8,0.004999999999999,48.8,48.79
2013-04-15,CINF,23473,CINCINNATI FINANCIAL CORP,,,-0.015369,0.5070515397603923,0.0002081165452654,-3.4130171840274263e-10,-0.022966,5.736566972319822,48.05,163366.0,7849736.3,0.0050000000000025,48.06,48.05
2013-04-16,CINF,23473,CINCINNATI FINANCIAL CORP,,,0.014984,-0.3717582910068718,0.0004100881689563,5.21836555935205e-10,0.014307,3.60395063844374,48.77,163366.0,7967359.82,0.0100000000000015,48.78,48.76
2013-04-17,CINF,23473,CINCINNATI FINANCIAL CORP,,,-0.022965,0.5581108187844686,0.0002098635886673,-5.253693011611677e-10,-0.014328,5.615354480124383,47.65,163366.0,7784389.899999999,0.004999999999999,47.65,47.64
2013-04-18,CINF,23473,CINCINNATI FINANCIAL CORP,,,-0.017629,-0.1619095271420754,0.0006408886989959,-4.898456776300686e-10,-0.006701,4.70617509151231,46.81,163366.0,7647162.46,0.0150000000000005,46.84,46.81
2013-04-19,CINF,23473,CINCINNATI FINANCIAL CORP,,,0.018586,1.4222382350301563,0.0002097315436242,2.0931631213656418e-10,0.008848,11.399477247407662,47.68,163366.0,7789290.88,0.0050000000000025,47.67,47.66
2013-04-22,CINF,23473,CINCINNATI FINANCIAL CORP,,,0.006292,-0.7928729567461943,0.0002084201750729,3.399734896323809e-10,0.004662,2.360128735407132,47.98,163436.0,7841659.279999999,0.004999999999999,47.97,47.96
2013-04-23,CINF,23473,CINCINNATI FINANCIAL CORP,,,0.014381,0.6819096259041297,0.0002054653790835,4.554510070089697e-10,0.010419,3.969523238454196,48.67,163436.0,7954430.12,0.004999999999999,48.68,48.67
2013-04-24,CINF,23473,CINCINNATI FINANCIAL CORP,,,0.005548,-0.1715819182043365,0.0002043318348998,2.109292674486079e-10,6e-06,3.288424826843535,48.94,163436.0,7998557.84,0.004999999999999,48.94,48.93
2013-04-25,CINF,23473,CINCINNATI FINANCIAL CORP,,,-0.000817,-0.2037614871792009,0.0004089979550101,-3.904220832593587e-11,0.004035,2.6183704936488903,48.9,163436.0,7992020.399999999,0.009999999999998,48.9,48.88
2013-04-26,CINF,23473,CINCINNATI FINANCIAL CORP,,,-0.01636,0.7169740335003365,0.0002079002079001,-4.629090514861962e-10,-0.001842,4.495674147678602,48.1,163436.0,7861271.600000001,0.004999999999999,48.1,48.09
2013-04-29,CINF,23473,CINCINNATI FINANCIAL CORP,,,0.00395,-0.2193016719859001,0.0006212466349139,1.4259821554441428e-10,0.007186,3.5097652903888985,48.29,163436.0,7892324.439999999,0.014999999999997,48.3,48.27
2013-04-30,CINF,23473,CINCINNATI FINANCIAL CORP,,,0.012839,0.2904002984543827,0.0004089143324474,3.5463637725185525e-10,0.002485,4.529002178222668,48.91,163436.0,7993654.76,0.0100000000000015,48.93,48.91
2013-05-01,CINF,23473,CINCINNATI FINANCIAL CORP,,,-0.01145,-0.3518715161536986,0.0004136504653566,-4.936255673142721e-10,-0.009308,2.9353753151080544,48.35,163436.0,7902130.600000001,0.009999999999998,48.36,48.34
2013-05-02,CINF,23473,CINCINNATI FINANCIAL CORP,,,0.007653,-0.1717909060211028,0.0004105090311986,3.953421105584208e-10,0.009408,2.431104530213662,48.72,163436.0,7962601.92,0.009999999999998,48.72,48.7
2013-05-03,CINF,23473,CINCINNATI FINANCIAL CORP,,,0.011084,0.6682581229708302,0.0004060089321964,3.3945913808922533e-10,0.010535,4.0557098803201255,49.26,163436.0,8050857.359999999,0.009999999999998,49.26,49.24
2013-05-06,CINF,23473,CINCINNATI FINANCIAL CORP,,,0.002842,-0.179914279119377,0.000404858299595,1.058335268711511e-10,0.001908,3.3260297608849947,49.4,163436.0,8073738.399999999,0.009999999999998,49.4,49.38
2013-05-07,CINF,23473,CINCINNATI FINANCIAL CORP,,,-0.001822,0.082793560623481,0.0002027986209694,-6.277603043943426e-11,0.00523,3.6014036075283293,49.31,163436.0,8059029.16,0.0050000000000025,49.31,49.3
2013-05-08,CINF,23473,CINCINNATI FINANCIAL CORP,,,0.003245,-0.0462691917587355,0.0006064281382656,1.1684966160887138e-10,0.004139,3.434769573410999,49.47,163436.0,8085178.92,0.0150000000000005,49.47,49.44
2013-05-09,CINF,23473,CINCINNATI FINANCIAL CORP,,,-0.007277,-0.2737986871286952,0.0002036245163917,-3.6347963170231767e-10,-0.003687,2.494334173621479,49.11,163436.0,8026341.96,0.004999999999999,49.11,49.1
2013-05-10,CINF,23473,CINCINNATI FINANCIAL CORP,,,0.004073,-0.0347050512186506,0.0004055972419388,2.0990221063648598e-10,0.004322,2.407768178369514,49.31,163436.0,8059029.16,0.0100000000000015,49.31,49.29
2013-05-13,CINF,23473,CINCINNATI FINANCIAL CORP,,,0.003853,-0.0082893706990313,0.0002020202020201,1.9945569766968136e-10,4.3e-05,2.3878092953816785,49.5,163436.0,8090082.0,0.004999999999999,49.5,49.49
2013-05-14,CINF,23473,CINCINNATI FINANCIAL CORP,,,0.014545,1.9956951113889927,0.0001991238550377,2.4773766694939184e-10,0.010142,7.15314863310409,50.22,163436.0,8207755.92,0.004999999999999,50.22,50.21
2013-05-15,CINF,23473,CINCINNATI FINANCIAL CORP,,,0.002589,-0.4437798204060964,0.0001986097318768,7.907530227263504e-11,0.005114,3.9787256173670422,50.35,163436.0,8229002.600000001,0.004999999999999,50.35,50.34
2013-05-16,CINF,23473,CINCINNATI FINANCIAL CORP,,,-0.02006,1.185259285801063,0.0002026753141468,-2.861126727325889e-10,-0.00501,8.694547101005899,49.34,163436.0,8063932.24,0.0050000000000025,49.34,49.33
2013-05-17,CINF,23473,CINCINNATI FINANCIAL CORP,,,0.006486,-0.5015622778856046,0.0004027386226339,1.844015797687319e-10,0.0103,4.333690251841699,49.66,163436.0,8116231.76,0.0100000000000015,49.67,49.65
2013-05-20,CINF,23473,CINCINNATI FINANCIAL CORP,,,-0.009263,-0.1961735525871794,0.0002032520325204,-3.3068818485351717e-10,-0.000708,3.483534839325485,49.2,163436.0,8041051.2,0.0050000000000025,49.2,49.19
2013-05-21,CINF,23473,CINCINNATI FINANCIAL CORP,,,-0.01626,1.4294782509418882,0.0004132231404957,-2.4288141315898753e-10,0.001722,8.463172128539611,48.4,163436.0,7910302.399999999,0.009999999999998,48.41,48.39
2013-05-22,CINF,23473,CINCINNATI FINANCIAL CORP,,,-0.010331,0.0338377963355642,0.0002087682672233,-1.508250729329597e-10,-0.008274,8.749547223377958,47.9,163436.0,7828584.399999999,0.004999999999999,47.9,47.89
2013-05-23,CINF,23473,CINCINNATI FINANCIAL CORP,,,-0.003132,-0.4731274532497057,0.0002094240837695,-8.705816392205867e-11,-0.002924,4.609896228493111,47.75,163436.0,7804069.0,0.004999999999999,47.75,47.74
2013-05-24,CINF,23473,CINCINNATI FINANCIAL CORP,,,0.00377,-0.1798193046933793,0.0002086375964948,1.272874259900556e-10,-0.000551,3.780947893976847,47.93,163436.0,7833487.479999999,0.004999999999999,47.93,47.92
2013-05-28,CINF,23473,CINCINNATI FINANCIAL CORP,,,0.003338,0.0139397970362962,0.0002079434393845,1.1078245086487244e-10,0.006341,3.833653540223696,48.09,163436.0,7859637.24,0.0050000000000025,48.09,48.08
2013-05-29,CINF,23473,CINCINNATI FINANCIAL CORP,,,-0.011437,0.2366743967428342,0.0004206983592764,-3.1048240072196007e-10,-0.007048,4.7409811791771705,47.54,163436.0,7769747.439999999,0.0100000000000015,47.56,47.54
2013-05-30,CINF,23473,CINCINNATI FINANCIAL CORP,,,0.009886,-0.3335484295609326,0.0006248698187877,3.987533535848785e-10,0.00367,3.1596343522846864,48.01,163436.0,7846562.359999999,0.0150000000000005,48.01,47.98
2013-05-31,CINF,23473,CINCINNATI FINANCIAL CORP,,,-0.013955,0.4181561508758749,0.0002112378538233,-4.02525114955303e-10,-0.014307,4.480854891211239,47.34,163436.0,7737060.24,0.004999999999999,47.35,47.34
2013-06-03,CINF,23473,CINCINNATI FINANCIAL CORP,,,-0.004225,0.4340211351939622,0.0004242681374629,-8.534399692913188e-11,0.005936,6.425640617734159,47.14,163436.0,7704373.04,0.0100000000000015,47.14,47.12
2013-06-04,CINF,23473,CINCINNATI FINANCIAL CORP,,,-0.020153,0.3529601087812481,0.0002164970772894,-3.0707368029024947e-10,-0.005511,8.693635429158814,46.19,163436.0,7549108.84,0.004999999999999,46.19,46.18
2013-06-05,CINF,23473,CINCINNATI FINANCIAL CORP,,,-0.01299,-0.2821122241357832,0.0004386926957666,-2.7934046517095046e-10,-0.01378,6.241054602413177,45.59,163436.0,7451047.24,0.0100000000000015,45.59,45.57
2013-06-06,CINF,23473,CINCINNATI FINANCIAL CORP,,,0.007896,-0.1771565656516142,0.0004352557127311,2.047381189884196e-10,0.00849,5.135410803005458,45.95,163436.0,7509884.2,0.009999999999998,45.97,45.95
2013-06-07,CINF,23473,CINCINNATI FINANCIAL CORP,,,0.011099,-0.0366133650101094,0.0002152389151959,2.9544804042624457e-10,0.012832,4.94738613279816,46.46,163436.0,7593236.56,0.0050000000000025,46.45,46.44
2013-06-10,CINF,23473,CINCINNATI FINANCIAL CORP,,,0.000646,-0.1296654262219864,0.00043020004302,1.974527577038284e-11,-0.000347,4.305881201204141,46.49,163436.0,7598139.640000001,0.0100000000000015,46.49,46.47
2013-06-11,CINF,23473,CINCINNATI FINANCIAL CORP,,,-0.02108,0.613430320461082,0.0002197319270489,-4.079470422362759e-10,-0.010153,6.947239286326146,45.51,163436.0,7437972.359999999,0.004999999999999,45.51,45.5
2013-06-12,CINF,23473,CINCINNATI FINANCIAL CORP,,,0.002857,-0.3268826144127021,0.0002191060473268,8.190564117629747e-11,-0.00837,4.676307545461221,45.64,163436.0,7459219.04,0.004999999999999,45.65,45.64
2013-06-13,CINF,23473,CINCINNATI FINANCIAL CORP,,,0.017528,-0.3452910397669955,0.0002153316106804,7.542947389892243e-10,0.014784,3.061620450818669,46.44,163436.0,7589967.84,0.004999999999999,46.43,46.42
2013-06-14,CINF,23473,CINCINNATI FINANCIAL CORP,,,-0.005599,0.5872468668749089,0.0002165439584236,-1.5265568613598316e-10,-0.005885,4.859547468122078,46.18,163436.0,7547474.479999999,0.0050000000000025,46.2,46.19
2013-06-17,CINF,23473,CINCINNATI FINANCIAL CORP,,,0.0229,0.0499745034467562,0.0004270766602605,5.863933249851205e-10,0.007567,5.102400939817421,46.83,163436.0,7653707.88,0.0100000000000015,46.84,46.82
2013-06-18,CINF,23473,CINCINNATI FINANCIAL CORP,,,0.005765,-0.2854280287223173,0.000212314225053,2.054045789145028e-10,0.007791,3.646032697814435,47.1,163436.0,7697835.600000001,0.004999999999999,47.11,47.1
2013-06-19,CINF,23473,CINCINNATI FINANCIAL CORP,,,-0.017622,0.1614501261132452,0.0002161227577264,-5.502839527025602e-10,-0.013851,4.234685136689591,46.27,163436.0,7562183.720000001,0.0050000000000025,46.27,46.26
2013-06-20,CINF,23473,CINCINNATI FINANCIAL CORP,,,-0.02118,0.3092327698309494,0.0002207992934423,-5.161048244280104e-10,-0.02501,5.544188550870065,45.29,163436.0,7402016.439999999,0.0050000000000025,45.27,45.26
2013-06-21,CINF,23473,CINCINNATI FINANCIAL CORP,,,0.002429,0.0936928883591576,0.0002202643171807,5.3987169385764125e-11,0.00267,6.063639589808854,45.4,163436.0,7419994.399999999,0.0050000000000025,45.42,45.41
2013-06-24,CINF,23473,CINCINNATI FINANCIAL CORP,,,-0.013877,-0.0506166897237887,0.0002233638597276,-3.2944718170583806e-10,-0.012145,5.756718226094618,44.77,163436.0,7317029.720000001,0.0050000000000025,44.77,44.76
2013-06-25,CINF,23473,CINCINNATI FINANCIAL CORP,,,0.006254,-0.1394795159721742,0.0004439511653718,1.7146645596636058e-10,0.009497,4.953773954330747,45.05,163436.0,7362791.8,0.0100000000000015,45.06,45.04
2013-06-26,CINF,23473,CINCINNATI FINANCIAL CORP,,,0.013097,-0.2228587308939323,0.0002191060473268,4.5608134576203015e-10,0.00959,3.84978217773318,45.64,163436.0,7459219.04,0.004999999999999,45.65,45.64
2013-06-27,CINF,23473,CINCINNATI FINANCIAL CORP,,,0.013585,-0.4251286966002482,0.0002161694768698,8.118943180982096e-10,0.0062,2.213129298318608,46.26,163436.0,7560549.359999999,0.004999999999999,46.26,46.25
2013-06-28,CINF,23473,CINCINNATI FINANCIAL CORP,,,-0.00735,3.813729420384014,0.0008710801393728,-9.192830922652044e-11,-0.00429,10.64129518035472,45.92,163622.0,7513522.24,0.0199999999999995,45.94,45.9
2013-07-01,CINF,23473,CINCINNATI FINANCIAL CORP,,,0.013502,-0.4926014415759698,0.0002148689299526,3.2838726641157907e-10,0.005404,5.399377834276565,46.54,163622.0,7614967.88,0.004999999999999,46.54,46.53
2013-07-02,CINF,23473,CINCINNATI FINANCIAL CORP,,,-0.004512,-0.2237392425437797,0.0002158428663932,-1.4200830471678988e-10,-0.000545,4.191325127427852,46.33,163622.0,7580607.26,0.004999999999999,46.33,46.32
2013-07-03,CINF,23473,CINCINNATI FINANCIAL CORP,,,-0.000216,-0.6569912495461459,0.0008635578583764,-1.9823802082331816e-11,0.000824,1.4376611947048683,46.32,163622.0,7578971.04,0.0199999999999995,46.32,46.28
2013-07-05,CINF,23473,CINCINNATI FINANCIAL CORP,,,0.006908,2.1720719456878923,0.0004288164665522,1.9849634341920648e-10,0.010202,4.560364743127452,46.64,163622.0,7631330.08,0.009999999999998,46.65,46.63
2013-07-08,CINF,23473,CINCINNATI FINANCIAL CORP,,,0.016295,0.2100429389312976,0.0002109704641349,3.807447863374517e-10,0.005252,5.518237156372615,47.4,163622.0,7755682.8,0.004999999999999,47.4,47.39
2013-07-09,CINF,23473,CINCINNATI FINANCIAL CORP,,,0.014768,-0.2597094932467978,0.0002079002079001,4.593379936731044e-10,0.00723,4.0850985808754325,48.1,163622.0,7870218.2,0.004999999999999,48.08,48.07
2013-07-10,CINF,23473,CINCINNATI FINANCIAL CORP,,,0.008524,0.9722626164700814,0.0006184291898577,1.3329172404801895e-10,0.000182,8.056887215655596,48.51,163622.0,7937303.22,0.0150000000000005,48.52,48.49
2013-07-11,CINF,23473,CINCINNATI FINANCIAL CORP,,,0.006597,-0.4145351077613018,0.000204792135982,1.7504508512768198e-10,0.013554,4.717024605493149,48.83,163622.0,7989662.26,0.0050000000000025,48.81,48.8
2013-07-12,CINF,23473,CINCINNATI FINANCIAL CORP,,,0.007168,-0.1349193906782636,0.0004066693777959,2.1829463198827176e-10,0.003087,4.080606519905636,49.18,163622.0,8046929.96,0.0100000000000015,49.18,49.16
2013-07-15,CINF,23473,CINCINNATI FINANCIAL CORP,,,0.004473,-0.0070887569887835,0.0002024291497975,1.365825148194319e-10,0.001375,4.05168009191918,49.4,163622.0,8082926.8,0.004999999999999,49.4,49.39
2013-07-16,CINF,23473,CINCINNATI FINANCIAL CORP,,,-0.008502,0.2194559419800164,0.0002041649652919,-2.1471350491411252e-10,-0.003709,4.940845363092983,48.98,163622.0,8014205.56,0.004999999999999,48.98,48.97
2013-07-17,CINF,23473,CINCINNATI FINANCIAL CORP,,,0.001225,-0.3465577148822844,0.0004078303425774,4.728631095282298e-11,0.002774,3.2285572844727484,49.04,163622.0,8024022.88,0.009999999999998,49.05,49.03
2013-07-18,CINF,23473,CINCINNATI FINANCIAL CORP,,,0.011827,0.089358898881807,0.000403063280935,4.141871853534435e-10,0.005033,3.5170576083900698,49.62,163622.0,8118923.64,0.009999999999998,49.62,49.6
2013-07-19,CINF,23473,CINCINNATI FINANCIAL CORP,,,-0.001411,4.130775299408482,0.000201816347124,-9.644488082597426e-12,0.00161,18.04523230372444,49.55,163622.0,8107470.1,0.004999999999999,49.6,49.59
2013-07-22,CINF,23473,CINCINNATI FINANCIAL CORP,,,0.009082,-0.79792636787208,0.0001999999999999,3.044371666761643e-10,0.002033,3.645440770339957,50.0,163668.0,8183400.0,0.004999999999999,50.0,49.99
2013-07-23,CINF,23473,CINCINNATI FINANCIAL CORP,,,-0.0096,0.360645076947315,0.0002019386106624,-2.387986793048002e-10,-0.001852,4.9601510374660895,49.52,163668.0,8104839.36,0.0050000000000025,49.52,49.51
2013-07-24,CINF,23473,CINCINNATI FINANCIAL CORP,,,-0.016963,-0.1853999295408577,0.0002054231717337,-5.269252044995693e-10,-0.003811,4.0405393846078645,48.68,163668.0,7967358.24,0.004999999999999,48.68,48.67
2013-07-25,CINF,23473,CINCINNATI FINANCIAL CORP,,,0.004314,-0.2450420152818585,0.0002045408058907,1.7673973561073594e-10,0.002556,3.050437470977833,48.89,163668.0,8001728.52,0.004999999999999,48.89,48.88
2013-07-26,CINF,23473,CINCINNATI FINANCIAL CORP,,,0.004704,0.2230205164053127,0.0004071661237784,1.5683728294066792e-10,0.000828,3.7307476110174256,49.12,163668.0,8039372.159999999,0.009999999999998,49.12,49.1
2013-07-29,CINF,23473,CINCINNATI FINANCIAL CORP,,,-0.000407,-0.153228606429044,0.0002036659877801,-1.6031977484706577e-11,-0.003736,3.1590903536427404,49.1,163668.0,8036098.8,0.0050000000000025,49.09,49.08
2013-07-30,CINF,23473,CINCINNATI FINANCIAL CORP,,,-0.003462,-0.0201782447073931,0.0002043735949314,-1.3966222188176158e-10,0.000374,3.095345455434172,48.93,163668.0,8008275.24,0.004999999999999,48.94,48.93
2013-07-31,CINF,23473,CINCINNATI FINANCIAL CORP,,,0.001635,0.231046033528816,0.0002040399918383,5.349163351379272e-11,-0.000136,3.810512745313684,49.01,163668.0,8021368.68,0.004999999999999,49.01,49.0
2013-08-01,CINF,23473,CINCINNATI FINANCIAL CORP,,,0.018568,-0.1330230141792229,0.0006009615384615,6.879165970747592e-10,0.012541,3.303626854363712,49.92,163668.0,8170306.56,0.0150000000000005,49.96,49.93
2013-08-02,CINF,23473,CINCINNATI FINANCIAL CORP,,,-0.003606,-0.0993086713840258,0.0004020908725371,-1.4886383283529834e-10,0.00164,2.975548060708263,49.74,163668.0,8140846.32,0.009999999999998,49.73,49.71
2013-08-05,CINF,23473,CINCINNATI FINANCIAL CORP,,,-0.012465,0.1324224541172316,0.0002035830618892,-4.6014500055295656e-10,-0.00148,3.3695774372510203,49.12,163668.0,8039372.159999999,0.004999999999999,49.11,49.1
2013-08-06,CINF,23473,CINCINNATI FINANCIAL CORP,,,-0.007533,0.2526999485033327,0.0004102564102564,-2.2366965657443816e-10,-0.005723,4.221069482122346,48.75,163668.0,7978815.0,0.0100000000000015,48.74,48.72
2013-08-07,CINF,23473,CINCINNATI FINANCIAL CORP,,,-0.004103,-0.4516265375897078,0.0002059732234809,-2.2307431936521102e-10,-0.003806,2.3147224869858496,48.55,163668.0,7946081.399999999,0.004999999999999,48.55,48.54
2013-08-08,CINF,23473,CINCINNATI FINANCIAL CORP,,,0.003708,-0.1118924312253527,0.0002052123948286,2.2615960482934635e-10,0.003885,2.055722560305008,48.73,163668.0,7975541.64,0.004999999999999,48.73,48.72
2013-08-09,CINF,23473,CINCINNATI FINANCIAL CORP,,,-0.001436,-0.0677146491666071,0.0008220304151253,-9.408170898674864e-11,-0.00357,1.9165200283500743,48.66,163668.0,7964084.88,0.0199999999999995,48.67,48.63
2013-08-12,CINF,23473,CINCINNATI FINANCIAL CORP,,,-0.002672,-0.2211666289416047,0.0002060581083865,-2.2537434275576306e-10,-0.001153,1.4926497543808197,48.53,163668.0,7942808.04,0.004999999999999,48.53,48.52
2013-08-13,CINF,23473,CINCINNATI FINANCIAL CORP,,,0.004533,0.982124363996578,0.0002051282051281,1.9202532548435637e-10,0.002776,2.9586174450717304,48.75,163668.0,7978815.0,0.004999999999999,48.75,48.74
2013-08-14,CINF,23473,CINCINNATI FINANCIAL CORP,,,0.003077,-0.2802980395720225,0.000204498977505,1.8055659760438418e-10,-0.005177,2.1293227753745385,48.9,163668.0,8003365.2,0.004999999999999,48.89,48.88
2013-08-15,CINF,23473,CINCINNATI FINANCIAL CORP,,,-0.023517,0.4037480416181256,0.0002094240837695,-1.0067325372203843e-09,-0.014282,2.9890326759048804,47.75,163668.0,7815147.0,0.004999999999999,47.76,47.75
2013-08-16,CINF,23473,CINCINNATI FINANCIAL CORP,,,0.000209,0.0054618782565325,0.0006281407035176,8.89655607997164e-12,-0.003305,3.0053584084854705,47.76,163668.0,7816783.68,0.0150000000000005,47.76,47.73
2013-08-19,CINF,23473,CINCINNATI FINANCIAL CORP,,,-0.011935,-0.2906556667161366,0.0004238186056368,-7.248619366826485e-10,-0.0059,2.131833956546179,47.19,163668.0,7723492.92,0.0100000000000015,47.2,47.18
2013-08-20,CINF,23473,CINCINNATI FINANCIAL CORP,,,0.006357,0.251331993935451,0.0002105706464518,3.065916637642704e-10,0.003821,2.667632035584232,47.49,163668.0,7772593.32,0.004999999999999,47.5,47.49
2013-08-21,CINF,23473,CINCINNATI FINANCIAL CORP,,,-0.008212,-0.1573982034145201,0.000212314225053,-4.739319124552185e-10,-0.00578,2.247751545812254,47.1,163668.0,7708762.8,0.004999999999999,47.11,47.1
2013-08-22,CINF,23473,CINCINNATI FINANCIAL CORP,,,0.00913,-0.4554113377821873,0.0004207868714495,9.587873319993775e-10,0.008619,1.224100007331916,47.53,163668.0,7779140.04,0.009999999999998,47.55,47.53
2013-08-23,CINF,23473,CINCINNATI FINANCIAL CORP,,,-0.003156,0.3975222864444512,0.0004221190375686,-2.3790442493365493e-10,0.003947,1.7107070410831684,47.38,163668.0,7754589.840000001,0.0100000000000015,47.38,47.36
2013-08-26,CINF,23473,CINCINNATI FINANCIAL CORP,,,-0.00992,0.602332957126734,0.0004263483265828,-4.713614438162907e-10,-0.00404,2.741122271916318,46.91,163668.0,7677665.88,0.0100000000000015,46.92,46.9
2013-08-27,CINF,23473,CINCINNATI FINANCIAL CORP,,,-0.013856,0.1645595295942794,0.0004323389537397,-5.732952835731016e-10,-0.015874,3.1922000635432703,46.26,163668.0,7571281.68,0.0100000000000015,46.24,46.22
2013-08-28,CINF,23473,CINCINNATI FINANCIAL CORP,,,-0.006053,-0.2324766824700791,0.0002174858634189,-3.2828893974690015e-10,0.002748,2.450087982989955,45.98,163668.0,7525454.64,0.0050000000000025,45.99,45.98
2013-08-29,CINF,23473,CINCINNATI FINANCIAL CORP,,,0.004785,-0.2905528913892983,0.0004329004329003,3.6406127678549456e-10,0.001963,1.73820783537405,46.2,163668.0,7561461.600000001,0.009999999999998,46.22,46.2
2013-08-30,CINF,23473,CINCINNATI FINANCIAL CORP,,,-0.011255,1.4061387259261342,0.0004378283712785,-3.599426107885126e-10,-0.003174,4.18236918640174,45.68,163668.0,7476354.24,0.0100000000000015,45.67,45.65
2013-09-03,CINF,23473,CINCINNATI FINANCIAL CORP,,,0.002627,-0.0085797347046104,0.0002183406113536,8.451828211517929e-11,0.004164,4.146485568345676,45.8,163668.0,7495994.399999999,0.004999999999999,45.8,45.79
2013-09-04,CINF,23473,CINCINNATI FINANCIAL CORP,,,0.004367,-0.0375983390481354,0.0002173913043477,1.4535335577195946e-10,0.008117,3.990584598088814,46.0,163668.0,7528728.0,0.004999999999999,46.0,45.99
2013-09-05,CINF,23473,CINCINNATI FINANCIAL CORP,,,0.000435,-0.5681111446248914,0.0002172968274662,3.3509685177201056e-11,0.00121,1.7234890143461152,46.02,163668.0,7532001.36,0.004999999999999,46.04,46.03
2013-09-06,CINF,23473,CINCINNATI FINANCIAL CORP,,,-0.009344,4.04013754963131,0.0002193463478834,-1.4416125477566128e-10,5.4e-05,8.686621697582911,45.59,163668.0,7461624.12,0.0050000000000025,45.59,45.58
2013-09-09,CINF,23473,CINCINNATI FINANCIAL CORP,,,0.014477,-0.1124917529587359,0.0002162162162161,2.4807314704999737e-10,0.009993,7.709448395532419,46.25,163668.0,7569645.0,0.004999999999999,46.25,46.24
2013-09-10,CINF,23473,CINCINNATI FINANCIAL CORP,,,0.008,0.219707716815001,0.0004290004290003,1.1149999941532188e-10,0.007346,9.40327370041792,46.62,163668.0,7630202.159999999,0.009999999999998,46.61,46.59
2013-09-11,CINF,23473,CINCINNATI FINANCIAL CORP,,,-0.002574,-0.6458299626709292,0.0002150537634408,-1.0155490862632604e-10,0.003052,3.3303577974924847,46.5,163668.0,7610562.0,0.004999999999999,46.53,46.52
2013-09-12,CINF,23473,CINCINNATI FINANCIAL CORP,,,-0.004301,-0.3201039126869245,0.0002159827213822,-2.5066358098108353e-10,-0.00338,2.264297235867732,46.3,163668.0,7577828.399999999,0.004999999999999,46.33,46.32
2013-09-13,CINF,23473,CINCINNATI FINANCIAL CORP,,,0.005616,0.5774124173959034,0.0002147766323025,2.0633440995218927e-10,0.002715,3.571730576532981,46.56,163668.0,7620382.08,0.0050000000000025,46.56,46.55
2013-09-16,CINF,23473,CINCINNATI FINANCIAL CORP,,,0.013531,-0.0482587439144134,0.0002138122728245,5.199973872619635e-10,0.005693,3.399363345308796,46.77,163668.0,7654752.36,0.0050000000000025,46.77,46.76
2013-09-17,CINF,23473,CINCINNATI FINANCIAL CORP,,,-0.000428,-0.0861877142246035,0.000427807486631,-1.8007100919335077e-11,0.004218,3.106379988757729,46.75,163668.0,7651479.0,0.0100000000000015,46.77,46.75
2013-09-18,CINF,23473,CINCINNATI FINANCIAL CORP,,,0.009626,0.4542745591691826,0.0004237288135593,2.7582847400318056e-10,0.012178,4.517529388762617,47.2,163668.0,7725129.600000001,0.0100000000000015,47.21,47.19
2013-09-19,CINF,23473,CINCINNATI FINANCIAL CORP,,,0.003814,0.1754901098901098,0.0004221190375685,9.261938456053762e-11,-0.001843,5.31031111762837,47.38,163668.0,7754589.840000001,0.009999999999998,47.4,47.38
2013-09-20,CINF,23473,CINCINNATI FINANCIAL CORP,,,0.001266,0.2317472225034746,0.0002107925801011,2.492778511227864e-11,-0.007217,6.540960969768067,47.44,163668.0,7764409.92,0.004999999999999,47.46,47.45
2013-09-23,CINF,23473,CINCINNATI FINANCIAL CORP,,,-0.008853,-0.4700806877985626,0.0006380263717565,-3.3188892409418237e-10,-0.00472,3.466181538235941,47.02,163668.0,7695669.36,0.014999999999997,47.05,47.02
2013-09-24,CINF,23473,CINCINNATI FINANCIAL CORP,,,-0.000213,-0.1940285878974728,0.0002127206977238,-9.909565998553955e-12,-0.002597,2.793643228975731,47.01,163668.0,7694032.68,0.004999999999999,47.01,47.0
2013-09-25,CINF,23473,CINCINNATI FINANCIAL CORP,,,0.002765,0.0871399514467554,0.0002121340687313,1.18000917378821e-10,-0.002739,3.037081164308234,47.14,163668.0,7715309.52,0.004999999999999,47.15,47.14
2013-09-26,CINF,23473,CINCINNATI FINANCIAL CORP,,,0.002333,-0.301472821899399,0.0004232804232804,1.4220322440782727e-10,0.003485,2.121483735366718,47.25,163668.0,7733313.0,0.0100000000000015,47.25,47.23
2013-09-27,CINF,23473,CINCINNATI FINANCIAL CORP,,,0.004444,1.0075427899970912,0.0006321112515803,1.3433154926224378e-10,-0.004074,4.258969377031551,47.46,163668.0,7767683.28,0.0150000000000005,47.47,47.44
2013-09-30,CINF,23473,CINCINNATI FINANCIAL CORP,,,-0.006321,-0.0083881232094362,0.0002120441051739,-1.9391079249491056e-10,-0.006029,4.21469512195122,47.16,164000.0,7734239.999999999,0.0050000000000025,47.17,47.16
2013-10-01,CINF,23473,CINCINNATI FINANCIAL CORP,,,0.002969,-0.3576206941450499,0.0002114164904862,1.41366824449787e-10,0.007999,2.7074329268292683,47.3,164000.0,7757199.999999999,0.004999999999999,47.3,47.29
2013-10-02,CINF,23473,CINCINNATI FINANCIAL CORP,,,0.005285,0.5912967688319644,0.000210304942166,1.5730471312631158e-10,-0.000667,4.308329268292683,47.55,164000.0,7798199.999999999,0.004999999999999,47.55,47.54
2013-10-03,CINF,23473,CINCINNATI FINANCIAL CORP,,,-0.010305,0.1026372624779567,0.0002124946876327,-2.8106752734051155e-10,-0.008979,4.750524390243903,47.06,164000.0,7717840.0,0.004999999999999,47.07,47.06
2013-10-04,CINF,23473,CINCINNATI FINANCIAL CORP,,,0.012112,-0.1997032420040919,0.0006298551333193,4.0784845628248076e-10,0.007053,3.801829268292683,47.63,164000.0,7811320.0,0.0150000000000005,47.65,47.62
2013-10-07,CINF,23473,CINCINNATI FINANCIAL CORP,,,-0.002729,-0.0699775461106656,0.0002105263157894,-9.907863944950908e-11,-0.008506,3.535786585365853,47.5,164000.0,7790000.0,0.004999999999999,47.51,47.5
2013-10-08,CINF,23473,CINCINNATI FINANCIAL CORP,,,-0.007789,0.3018216183310369,0.0004243581582855,-2.1892879818187678e-10,-0.012332,4.6029634146341465,47.13,164000.0,7729320.0,0.009999999999998,47.15,47.13
2013-10-09,CINF,23473,CINCINNATI FINANCIAL CORP,,,-0.000424,-0.3560577358700518,0.0004245383145828,-1.851503131878901e-11,0.000574,2.9640426829268294,47.11,164000.0,7726040.0,0.009999999999998,47.11,47.09
2013-10-10,CINF,23473,CINCINNATI FINANCIAL CORP,,,0.028656,0.1441649197803758,0.0004127115146513,1.0632006397048514e-09,0.02183,3.3913536585365853,48.46,164000.0,7947440.0,0.0100000000000015,48.46,48.44
2013-10-11,CINF,23473,CINCINNATI FINANCIAL CORP,,,0.002064,0.3329629509764789,0.0002059308072487,5.733185671951248e-11,0.006286,4.520548780487805,48.56,164000.0,7963840.0,0.004999999999999,48.57,48.56
2013-10-14,CINF,23473,CINCINNATI FINANCIAL CORP,,,0.008855,-0.17346264348436,0.0002041232904674,2.949739277525339e-10,0.004075,3.73640243902439,48.99,164000.0,8034360.0,0.004999999999999,49.0,48.99
2013-10-15,CINF,23473,CINCINNATI FINANCIAL CORP,,,-0.006532,-0.0715912985296277,0.0004109307581671,-2.3591096801978456e-10,-0.007064,3.468908536585366,48.67,164000.0,7981880.0,0.009999999999998,48.69,48.67
2013-10-16,CINF,23473,CINCINNATI FINANCIAL CORP,,,0.016232,-0.0043627977451261,0.000202183582693,5.794021588742893e-10,0.013828,3.453774390243902,49.46,164000.0,8111440.0,0.004999999999999,49.46,49.45
2013-10-17,CINF,23473,CINCINNATI FINANCIAL CORP,,,0.008087,-0.1825150639367676,0.0002005615724026,3.50281819894406e-10,0.006744,2.823408536585366,49.86,164000.0,8177040.0,0.004999999999999,49.87,49.86
2013-10-18,CINF,23473,CINCINNATI FINANCIAL CORP,,,0.002607,3.600122235923972,0.0004000800160032,2.448335619023209e-11,0.006549,12.988024390243902,49.99,164000.0,8198360.0,0.0100000000000015,49.99,49.97
2013-10-21,CINF,23473,CINCINNATI FINANCIAL CORP,,,-0.0008,-0.828884582232413,0.0002002002002001,-4.394185725499754e-11,9.2e-05,2.224743790857652,49.95,163831.0,8183358.45,0.004999999999999,49.96,49.95
2013-10-22,CINF,23473,CINCINNATI FINANCIAL CORP,,,0.007608,0.6924978462585258,0.0003973773097556,2.4504134260200057e-10,0.005738,3.765374074503604,50.33,163831.0,8245614.229999999,0.0100000000000015,50.35,50.33
2013-10-23,CINF,23473,CINCINNATI FINANCIAL CORP,,,-0.003974,0.0521717986334568,0.0003989626969878,-1.2213476208458906e-10,-0.004725,3.961820412498245,50.13,163831.0,8212848.03,0.0100000000000015,50.13,50.11
2013-10-24,CINF,23473,CINCINNATI FINANCIAL CORP,,,0.00379,-0.0701543287385471,0.0001987281399045,1.2479489974690303e-10,0.003258,3.683881560876757,50.32,163831.0,8243975.92,0.004999999999999,50.33,50.32
2013-10-25,CINF,23473,CINCINNATI FINANCIAL CORP,,,-0.002782,0.0270457008221574,0.0003985651654046,-8.944065245334329e-11,0.004395,3.783514719436493,50.18,163831.0,8221039.58,0.0100000000000015,50.18,50.16
2013-10-28,CINF,23473,CINCINNATI FINANCIAL CORP,,,0.002391,-0.1594787184786168,0.0001988071570576,9.12370778143026e-11,0.00133,3.180124640635777,50.3,163831.0,8240699.3,0.004999999999999,50.3,50.29
2013-10-29,CINF,23473,CINCINNATI FINANCIAL CORP,,,0.006561,-0.0499958733442993,0.0001975113569031,2.6181612725211925e-10,0.005584,3.0211315318834653,50.63,163831.0,8294763.53,0.0050000000000025,50.63,50.62
2013-10-30,CINF,23473,CINCINNATI FINANCIAL CORP,,,-0.001383,0.0893919649261043,0.0001977848101266,-5.073004310182924e-11,-0.004876,3.29119641581874,50.56,163831.0,8283295.36,0.0050000000000025,50.56,50.55
2013-10-31,CINF,23473,CINCINNATI FINANCIAL CORP,,,-0.010087,0.570129821958457,0.0001998001998001,-2.380523609796927e-10,-0.003839,5.16760564239979,50.05,163831.0,8199741.55,0.004999999999999,50.0,49.99
2013-11-01,CINF,23473,CINCINNATI FINANCIAL CORP,,,-0.000999,-0.3425327244765619,0.0001999999999999,-3.589516026165021e-11,0.002903,3.397531602688136,50.0,163831.0,8191550.0,0.004999999999999,49.98,49.97
2013-11-04,CINF,23473,CINCINNATI FINANCIAL CORP,,,-0.0018,-0.1042235201330887,0.0002003606491684,-7.233120377196234e-11,0.003571,3.0434288992925635,49.91,163831.0,8176805.209999999,0.004999999999999,49.91,49.9
2013-11-05,CINF,23473,CINCINNATI FINANCIAL CORP,,,-0.004809,-0.0122140037865416,0.0004026575397624,-1.9657962843160408e-10,-0.002806,3.0062564471925337,49.67,163831.0,8137485.77,0.0100000000000015,49.68,49.66
2013-11-06,CINF,23473,CINCINNATI FINANCIAL CORP,,,0.011476,0.0493322071477591,0.0003980891719745,4.419832374814602e-10,0.004266,3.154561712984722,50.24,163831.0,8230869.44,0.0100000000000015,50.24,50.22
2013-11-07,CINF,23473,CINCINNATI FINANCIAL CORP,,,-0.012341,0.1349806023431983,0.0004030632809351,-4.2400408728808356e-10,-0.013183,3.580366353132191,49.62,163831.0,8129294.22,0.0100000000000015,49.63,49.61
2013-11-08,CINF,23473,CINCINNATI FINANCIAL CORP,,,0.019146,-0.1801150747986191,0.0001977456990311,7.872427147841256e-10,0.013428,2.9354883996313275,50.57,163831.0,8284933.67,0.0050000000000025,50.56,50.55
2013-11-11,CINF,23473,CINCINNATI FINANCIAL CORP,,,0.000396,-0.4126057339621229,0.0001976675232258,2.7709223339942317e-11,0.000723,1.724289053964146,50.59,163831.0,8288210.290000001,0.004999999999999,50.6,50.59
2013-11-12,CINF,23473,CINCINNATI FINANCIAL CORP,,,-0.00929,0.6860654461011286,0.0005985634477253,-3.8915630410592153e-10,-0.00237,2.907264192979351,50.12,163831.0,8211209.72,0.014999999999997,50.12,50.09
2013-11-13,CINF,23473,CINCINNATI FINANCIAL CORP,,,0.007981,-0.1403821121142137,0.0001979414093427,3.8584061684003415e-10,0.008095,2.4991363050948845,50.52,163831.0,8276742.12,0.004999999999999,50.53,50.52
2013-11-14,CINF,23473,CINCINNATI FINANCIAL CORP,,,0.007324,0.0597162926562393,0.0001965022597759,3.3169601014997763e-10,0.004837,2.648375460077763,50.89,163831.0,8337359.59,0.004999999999999,50.89,50.88
2013-11-15,CINF,23473,CINCINNATI FINANCIAL CORP,,,0.003734,0.544776738590321,0.0001957713390759,1.090641619721438e-10,0.004222,4.091148805781567,51.08,163831.0,8368487.479999999,0.004999999999999,51.07,51.06
2013-11-18,CINF,23473,CINCINNATI FINANCIAL CORP,,,-0.003524,-0.3241308930753427,0.0003929273084478,-1.528319531055362e-10,-0.003698,2.765081089659466,50.9,163831.0,8338997.899999999,0.009999999999998,50.9,50.88
2013-11-19,CINF,23473,CINCINNATI FINANCIAL CORP,,,0.004519,0.5270305470567718,0.0001955798943868,1.2776587381268583e-10,-0.002043,4.22236328899903,51.13,163831.0,8376679.03,0.004999999999999,51.12,51.11
2013-11-20,CINF,23473,CINCINNATI FINANCIAL CORP,,,-0.003716,-0.1987483989973314,0.0003926187671771,-1.3161220804609278e-10,-0.003636,3.3831753453253657,50.94,163831.0,8345551.14,0.0100000000000015,50.96,50.94
2013-11-21,CINF,23473,CINCINNATI FINANCIAL CORP,,,0.019042,0.0830787938708461,0.0001926411096127,6.110558270458396e-10,0.008129,3.664245472468581,51.91,163831.0,8504467.209999999,0.004999999999999,51.91,51.9
2013-11-22,CINF,23473,CINCINNATI FINANCIAL CORP,,,0.009632,0.0382564545065358,0.0001908032818164,2.9486079524967307e-10,0.004961,3.804426512686854,52.41,163831.0,8586382.709999999,0.004999999999999,52.41,52.4
2013-11-25,CINF,23473,CINCINNATI FINANCIAL CORP,,,0.00477,-0.0575212223019078,0.0001898974553741,1.5419868242133075e-10,-0.001263,3.5855912495193216,52.66,163831.0,8627340.459999999,0.0050000000000025,52.67,52.66
2013-11-26,CINF,23473,CINCINNATI FINANCIAL CORP,,,0.00057,0.2192342590023339,0.0005693680015183,1.5104370788767606e-11,0.00015,4.371675690192943,52.69,163831.0,8632255.389999999,0.0150000000000005,52.72,52.69
2013-11-27,CINF,23473,CINCINNATI FINANCIAL CORP,,,0.004935,-0.1651736347693991,0.0003777148253069,1.5587663341418512e-10,0.002485,3.649590126410752,52.95,163831.0,8674851.450000001,0.0100000000000015,52.95,52.93
2013-11-29,CINF,23473,CINCINNATI FINANCIAL CORP,,,-0.010198,-0.491329885803357,0.0001908032818165,-6.397708530765661e-10,-0.000786,1.8564374263722985,52.41,163831.0,8586382.709999999,0.0050000000000025,52.42,52.41
2013-12-02,CINF,23473,CINCINNATI FINANCIAL CORP,,,-0.004961,1.1712653957690815,0.000575263662512,-1.4405409416203448e-10,-0.002719,4.030818343292784,52.15,163831.0,8543786.65,0.0150000000000005,52.15,52.12
2013-12-03,CINF,23473,CINCINNATI FINANCIAL CORP,,,-0.005561,0.3103412768238556,0.0001928268414964,-1.2392149734791372e-10,-0.003193,5.281747654595284,51.86,163831.0,8496275.66,0.0050000000000025,51.84,51.83
2013-12-04,CINF,23473,CINCINNATI FINANCIAL CORP,,,-0.003471,-0.4639159888780257,0.0003869969040248,-1.447856512629283e-10,-0.001304,2.8314604684095195,51.68,163831.0,8466786.08,0.0100000000000015,51.7,51.68
2013-12-05,CINF,23473,CINCINNATI FINANCIAL CORP,,,-0.005611,-0.0198154268012701,0.0003891807744698,-2.401304326198476e-10,-0.00434,2.7753538707570606,51.39,163831.0,8419275.09,0.0100000000000015,51.39,51.37
2013-12-06,CINF,23473,CINCINNATI FINANCIAL CORP,,,0.017319,0.1836222121054171,0.0003825554705432,6.155448171929631e-10,0.011238,3.284970487880804,52.28,163831.0,8565084.68,0.0100000000000015,52.28,52.26
2013-12-09,CINF,23473,CINCINNATI FINANCIAL CORP,,,-0.000765,0.0533408896651677,0.0001914241960184,-2.5832222286638813e-11,0.001817,3.4601937362281863,52.24,163831.0,8558531.44,0.0050000000000025,52.24,52.23
2013-12-10,CINF,23473,CINCINNATI FINANCIAL CORP,,,-0.004211,-0.0291310261127879,0.0003844675124952,-1.4708140616611487e-10,-0.00318,3.359394742142818,52.02,163831.0,8522488.620000001,0.0100000000000015,52.02,52.0
2013-12-11,CINF,23473,CINCINNATI FINANCIAL CORP,,,-0.012111,-0.1450125642064563,0.0001945903872348,-5.008233091073052e-10,-0.011317,2.8722402964030005,51.39,163831.0,8419275.09,0.004999999999999,51.4,51.39
2013-12-12,CINF,23473,CINCINNATI FINANCIAL CORP,,,-0.001167,-0.1369171331301719,0.0001948178453145,-5.597965831035427e-11,-0.003771,2.4789813893585464,51.33,163831.0,8409445.23,0.004999999999999,51.33,51.32
2013-12-13,CINF,23473,CINCINNATI FINANCIAL CORP,,,-0.002143,0.0031221222552162,0.0005857087075361,-1.026973980040928e-10,-0.000101,2.4867210723245297,51.22,163831.0,8391423.82,0.0150000000000005,51.25,51.22
2013-12-16,CINF,23473,CINCINNATI FINANCIAL CORP,,,0.000586,0.3808228727399472,0.0003934684241588,2.049351138184617e-11,0.00632,3.433721334790119,50.83,163831.0,8327529.729999999,0.009999999999998,50.83,50.81
2013-12-17,CINF,23473,CINCINNATI FINANCIAL CORP,,,-0.003148,-0.1997724646698071,0.0003947108742846,-1.3800956889959728e-10,-0.003101,2.747758360749797,50.67,163831.0,8301316.77,0.0100000000000015,50.67,50.65
2013-12-18,CINF,23473,CINCINNATI FINANCIAL CORP,,,0.016775,0.6662112811217145,0.000388198757764,4.34092201545891e-10,0.016648,4.578345978477822,51.52,163831.0,8440573.120000001,0.0100000000000015,51.53,51.51
2013-12-19,CINF,23473,CINCINNATI FINANCIAL CORP,,,-0.002329,-0.4103896277038963,0.0003891050583656,-1.0245580358413891e-10,-0.00058,2.6994402768706776,51.4,163831.0,8420913.4,0.009999999999998,51.4,51.38
2013-12-20,CINF,23473,CINCINNATI FINANCIAL CORP,,,0.011868,1.523999891464595,0.0001922707171698,2.0442384204267974e-10,0.004819,6.813386965836746,52.01,163831.0,8520850.31,0.0050000000000025,51.99,51.98
2013-12-23,CINF,23473,CINCINNATI FINANCIAL CORP,,,0.000769,-0.3203967949659752,0.0003842459173871,1.9475609144091265e-11,0.005318,4.630399619119703,52.05,163831.0,8527403.549999999,0.0100000000000015,52.07,52.05
2013-12-24,CINF,23473,CINCINNATI FINANCIAL CORP,,,0.003266,-0.663781978188855,0.0001914975105323,2.4521315687484225e-10,0.002916,1.5568238001355057,52.22,163831.0,8555254.82,0.004999999999999,52.21,52.2
2013-12-26,CINF,23473,CINCINNATI FINANCIAL CORP,,,0.003064,0.4134464588168873,0.0001909125620466,1.6225883755997906e-10,0.004745,2.2004870873033795,52.38,163831.0,8581467.780000001,0.0050000000000025,52.38,52.37
2013-12-27,CINF,23473,CINCINNATI FINANCIAL CORP,,,-0.007637,-0.0546007300808858,0.0003847633705271,-4.310784834277603e-10,-0.000337,2.080338885803053,51.98,163831.0,8515935.379999999,0.0100000000000015,52.0,51.98
2013-12-30,CINF,23473,CINCINNATI FINANCIAL CORP,,,0.005194,0.1618518648921436,0.0003827751196172,2.510352576336933e-10,-0.000179,2.4170456140779217,52.25,163831.0,8560169.75,0.0100000000000015,52.25,52.23
2013-12-31,CINF,23473,CINCINNATI FINANCIAL CORP,,,0.002297,-0.1684954304055436,0.0001909490166125,1.3320878051389019e-10,0.00396,2.0077134146341464,52.37,164000.0,8588680.0,0.004999999999999,52.37,52.36
2014-01-02,CINF,23473,CINCINNATI FINANCIAL CORP,,,-0.017567,0.6142256237377188,0.000388726919339,-6.42395391229398e-10,-0.008862,3.2409024390243903,51.45,164000.0,8437800.0,0.009999999999998,51.47,51.45
2014-01-03,CINF,23473,CINCINNATI FINANCIAL CORP,,,-0.00622,-0.2210390059980282,0.0003911597887737,-2.938252234378323e-10,-0.000333,2.524536585365853,51.13,164000.0,8385320.0,0.0100000000000015,51.13,51.11
2014-01-06,CINF,23473,CINCINNATI FINANCIAL CORP,,,-0.002543,0.3285824010202307,0.0003921568627451,-9.064882349911232e-11,-0.002512,3.3540548780487804,51.0,164000.0,8364000.0,0.0100000000000015,50.99,50.97
2014-01-07,CINF,23473,CINCINNATI FINANCIAL CORP,,,0.00098,-0.0627562197194877,0.0001958863858962,3.7236062453957774e-11,0.006082,3.143567073170732,51.05,164000.0,8372199.999999999,0.0050000000000025,51.06,51.05
2014-01-08,CINF,23473,CINCINNATI FINANCIAL CORP,,,-0.003134,0.9938589259909416,0.0005895067793279,-5.991085743089418e-11,-0.000212,6.267829268292683,50.89,164000.0,8345960.0,0.0150000000000005,50.92,50.89
2014-01-09,CINF,23473,CINCINNATI FINANCIAL CORP,,,0.004323,-0.4653748720722543,0.0001956564273135,1.5391075950258824e-10,0.000348,3.350939024390244,51.11,164000.0,8382040.0,0.004999999999999,51.12,51.11
2014-01-10,CINF,23473,CINCINNATI FINANCIAL CORP,,,0.000783,-0.0327228989325889,0.0003910068426196,2.879750379265056e-11,0.002307,3.2412865853658537,51.15,164000.0,8388600.0,0.009999999999998,51.16,51.14
2014-01-13,CINF,23473,CINCINNATI FINANCIAL CORP,,,-0.012512,0.4985919096414213,0.0001979805979013,-3.1096012605226004e-10,-0.012576,4.8573658536585365,50.51,164000.0,8283640.0,0.004999999999999,50.51,50.5
2014-01-14,CINF,23473,CINCINNATI FINANCIAL CORP,,,0.005741,-0.5723316863501245,0.0003937007874014,3.3172033621661726e-10,0.010818,2.0773414634146343,50.8,164000.0,8331199.999999999,0.009999999999998,50.8,50.78
2014-01-15,CINF,23473,CINCINNATI FINANCIAL CORP,,,0.001378,0.4722616853154242,0.0001965795164143,5.400708439379654e-11,0.005166,3.058390243902439,50.87,164000.0,8342680.0,0.004999999999999,50.87,50.86
2014-01-16,CINF,23473,CINCINNATI FINANCIAL CORP,,,-0.007077,0.0511308356061692,0.0001979805979013,-2.6575307770697124e-10,-0.001347,3.214768292682926,50.51,164000.0,8283640.0,0.004999999999999,50.51,50.5
2014-01-17,CINF,23473,CINCINNATI FINANCIAL CORP,,,0.000198,1.6562681375208168,0.0001979414093427,2.798571527001187e-12,-0.003895,8.539286585365854,50.52,164000.0,8285280.000000001,0.004999999999999,50.51,50.5
2014-01-21,CINF,23473,CINCINNATI FINANCIAL CORP,,,-0.000792,-0.3774655591123665,0.0003961965134706,-1.7996042702929705e-11,0.002774,5.316,50.48,164000.0,8278719.999999999,0.009999999999998,50.48,50.46
2014-01-22,CINF,23473,CINCINNATI FINANCIAL CORP,,,0.004358,-0.2272683477399107,0.0003944773175541,1.2759150033557028e-10,0.000575,4.107841463414634,50.7,164000.0,8314800.000000001,0.009999999999998,50.72,50.7
2014-01-23,CINF,23473,CINCINNATI FINANCIAL CORP,,,-0.011045,0.3711922171456732,0.0003988831272436,-2.3846548484318103e-10,-0.00889,5.632640243902439,50.14,164000.0,8222960.0,0.009999999999998,50.16,50.14
2014-01-24,CINF,23473,CINCINNATI FINANCIAL CORP,,,-0.026526,-0.0236827377015284,0.0002048760499897,-6.025819627119772e-10,-0.020875,5.499243902439025,48.81,164000.0,8004840.0,0.004999999999999,48.82,48.81
2014-01-27,CINF,23473,CINCINNATI FINANCIAL CORP,,,-0.00082,-0.0136859169109722,0.0002050440844781,-1.8901620206568333e-11,-0.004876,5.423981707317073,48.77,164000.0,7998280.000000001,0.004999999999999,48.78,48.77
2014-01-28,CINF,23473,CINCINNATI FINANCIAL CORP,,,0.010047,-0.2909234396025779,0.0002030044660982,3.233603760127531e-10,0.006141,3.846018292682927,49.26,164000.0,8078640.0,0.004999999999999,49.25,49.24
2014-01-29,CINF,23473,CINCINNATI FINANCIAL CORP,,,-0.013195,-0.1547419171236644,0.0002057189878625,-5.091423789532921e-10,-0.010209,3.250878048780488,48.61,164000.0,7972040.0,0.004999999999999,48.62,48.61
2014-01-30,CINF,23473,CINCINNATI FINANCIAL CORP,,,0.012755,-0.2333478384826613,0.0004062563477553,6.33881003339632e-10,0.011267,2.4922926829268293,49.23,164000.0,8073719.999999999,0.009999999999998,49.23,49.21
2014-01-31,CINF,23473,CINCINNATI FINANCIAL CORP,,,-0.015844,1.2358979879433178,0.0002063983488131,-3.5782952893738985e-10,-0.006465,5.572512195121951,48.45,164000.0,7945800.000000001,0.004999999999999,48.46,48.45
2014-02-03,CINF,23473,CINCINNATI FINANCIAL CORP,,,-0.017337,0.0826290196215746,0.0002100399075823,-3.680452592521952e-10,-0.022832,6.032963414634146,47.61,164000.0,7808040.0,0.004999999999999,47.61,47.6
2014-02-04,CINF,23473,CINCINNATI FINANCIAL CORP,,,-0.007561,0.1558217758938191,0.0004232804232804,-1.399303798704976e-10,0.007641,6.973030487804878,47.25,164000.0,7749000.0,0.0100000000000015,47.25,47.23
2014-02-05,CINF,23473,CINCINNATI FINANCIAL CORP,,,-0.003175,-0.3081069311467439,0.0004246284501062,-8.519584806795525e-11,-0.002028,4.8245914634146345,47.1,164000.0,7724400.0,0.0100000000000015,47.1,47.08
2014-02-06,CINF,23473,CINCINNATI FINANCIAL CORP,,,-0.040127,0.8507620384892947,0.0002211900022118,-6.061040832702973e-10,0.01244,8.929170731707318,45.21,164000.0,7414440.0,0.004999999999999,45.21,45.2
2014-02-07,CINF,23473,CINCINNATI FINANCIAL CORP,,,0.011502,-0.0567002917267601,0.0004373496610539,1.8208219772365402e-10,0.013302,8.422884146341463,45.73,164000.0,7499719.999999999,0.009999999999998,45.73,45.71
2014-02-10,CINF,23473,CINCINNATI FINANCIAL CORP,,,0.001093,-0.315451589854295,0.0002184359982526,2.5248497106078936e-11,0.001569,5.765871951219512,45.78,164000.0,7507920.0,0.0050000000000025,45.77,45.76
2014-02-11,CINF,23473,CINCINNATI FINANCIAL CORP,,,0.011796,-0.0982716848402553,0.0004317789291881,2.986631660467365e-10,0.011062,5.19925,46.32,164000.0,7596480.0,0.009999999999998,46.33,46.31
2014-02-12,CINF,23473,CINCINNATI FINANCIAL CORP,,,0.004102,-0.1668720981098352,0.0002150075252633,1.2415181944405136e-10,-0.000269,4.331640243902439,46.51,164000.0,7627640.0,0.004999999999999,46.51,46.5
2014-02-13,CINF,23473,CINCINNATI FINANCIAL CORP,,,0.008815,-0.0163924272476065,0.0002131287297528,2.688723985852721e-10,0.00581,4.260634146341463,46.92,164000.0,7694880.0,0.0050000000000025,46.92,46.91
2014-02-14,CINF,23473,CINCINNATI FINANCIAL CORP,,,0.001705,-0.1186514660591003,0.0002127659574467,5.890616469078807e-11,0.004809,3.755103658536585,47.0,164000.0,7708000.0,0.004999999999999,47.0,46.99
2014-02-18,CINF,23473,CINCINNATI FINANCIAL CORP,,,0.003617,0.0427239675433597,0.0002119991520035,1.1941186966186434e-10,0.001158,3.9155365853658535,47.17,164000.0,7735880.0,0.0050000000000025,47.17,47.16
2014-02-19,CINF,23473,CINCINNATI FINANCIAL CORP,,,-0.012932,0.173192161308608,0.0002147766323025,-3.6867903108258667e-10,-0.006524,4.593676829268293,46.56,164000.0,7635840.0,0.0050000000000025,46.56,46.55
2014-02-20,CINF,23473,CINCINNATI FINANCIAL CORP,,,0.00494,-0.3588947160930388,0.0004274417610599,2.1859501844122223e-10,0.006031,2.945030487804878,46.79,164000.0,7673560.0,0.009999999999998,46.79,46.77
2014-02-21,CINF,23473,CINCINNATI FINANCIAL CORP,,,-0.000855,0.0131142789113534,0.0002139037433154,-3.737596548156915e-11,-0.001919,2.9926669357699414,46.75,163506.0,7643905.5,0.004999999999999,46.75,46.74
2014-02-24,CINF,23473,CINCINNATI FINANCIAL CORP,,,-0.002139,0.2924779131813806,0.0006430868167202,-7.250098829625596e-11,0.006187,3.8679559159908505,46.65,163506.0,7627554.899999999,0.0150000000000005,46.65,46.62
2014-02-25,CINF,23473,CINCINNATI FINANCIAL CORP,,,-0.002358,-0.4117994921209169,0.0002148689299526,-1.361999088243847e-10,-0.001348,2.275133634239722,46.54,163506.0,7609569.24,0.004999999999999,46.55,46.54
2014-02-26,CINF,23473,CINCINNATI FINANCIAL CORP,,,-0.001719,0.217275361695493,0.0004304778303918,-8.170849937761604e-11,2.2e-05,2.769464117524739,46.46,163506.0,7596488.76,0.0100000000000015,46.46,46.44
2014-02-27,CINF,23473,CINCINNATI FINANCIAL CORP,,,0.00409,0.0086656184301185,0.0002143622722401,1.9195304488732315e-10,0.004948,2.7934632368231136,46.65,163506.0,7627554.899999999,0.0050000000000025,46.67,46.66
2014-02-28,CINF,23473,CINCINNATI FINANCIAL CORP,,,0.00493,0.2461225883857181,0.0002133105802048,1.8476593045406179e-10,0.002783,3.480635751545654,46.88,163523.0,7665958.24,0.0050000000000025,46.88,46.87
2014-03-03,CINF,23473,CINCINNATI FINANCIAL CORP,,,-0.008959,-0.2778917851445277,0.0002152389151958,-4.691812225947025e-10,-0.007379,2.5133956691107677,46.46,163523.0,7597278.58,0.004999999999999,46.46,46.45
2014-03-04,CINF,23473,CINCINNATI FINANCIAL CORP,,,0.014206,0.7600474941483901,0.0002122241086588,4.167757414686294e-10,0.015268,4.423695749221822,47.12,163523.0,7705203.76,0.0050000000000025,47.13,47.12
2014-03-05,CINF,23473,CINCINNATI FINANCIAL CORP,,,-0.000637,-0.4252131671495874,0.0002123593119557,-3.2534177767910786e-11,-5.3e-05,2.542682069189044,47.09,163523.0,7700298.07,0.004999999999999,47.1,47.09
2014-03-06,CINF,23473,CINCINNATI FINANCIAL CORP,,,0.011892,0.5323687368772954,0.0002098635886673,3.9170381917169076e-10,0.001718,3.8963265106437626,47.65,163523.0,7791870.95,0.004999999999999,47.66,47.65
2014-03-07,CINF,23473,CINCINNATI FINANCIAL CORP,,,0.003987,-0.1397214736501768,0.0004180602006688,1.5204837836327732e-10,0.000538,3.351926028754365,47.84,163523.0,7822940.32,0.009999999999998,47.86,47.84
2014-03-10,CINF,23473,CINCINNATI FINANCIAL CORP,,,-0.003554,-0.149758172069102,0.000419551080344,-1.5997662601953183e-10,-0.000463,2.849947713777267,47.67,163523.0,7795141.41,0.0100000000000015,47.67,47.65
2014-03-11,CINF,23473,CINCINNATI FINANCIAL CORP,,,-0.005035,0.0815716517320699,0.0002108370229811,-2.1060821921577166e-10,-0.005082,3.082422656140115,47.43,163523.0,7755895.89,0.004999999999999,47.44,47.43
2014-03-12,CINF,23473,CINCINNATI FINANCIAL CORP,,,0.004217,-0.2290381650917473,0.0004199034222129,2.2783429938056787e-10,0.000305,2.3766773084779764,47.63,163506.0,7787790.78,0.0100000000000015,47.63,47.61
2014-03-13,CINF,23473,CINCINNATI FINANCIAL CORP,,,-0.009448,0.5083337407778159,0.0002119542178888,-3.41649341559127e-10,-0.011701,3.584822575318337,47.18,163506.0,7714213.08,0.004999999999999,47.19,47.18
2014-03-14,CINF,23473,CINCINNATI FINANCIAL CORP,,,0.002543,-0.045507899136725,0.0002114164904863,9.60973741579567e-11,-0.002822,3.421684831137695,47.3,163506.0,7733833.8,0.0050000000000025,47.31,47.3
2014-03-17,CINF,23473,CINCINNATI FINANCIAL CORP,,,0.003171,0.5304182917281837,0.0006381620931716,7.878111886150947e-11,0.009614,5.23660905410199,47.01,163506.0,7686417.06,0.0150000000000005,47.01,46.98
2014-03-18,CINF,23473,CINCINNATI FINANCIAL CORP,,,0.008722,-0.5961187409266576,0.0002108814846057,5.318840718112527e-10,0.00722,2.114968258045576,47.42,163506.0,7753454.52,0.0050000000000025,47.42,47.41
2014-03-19,CINF,23473,CINCINNATI FINANCIAL CORP,,,-0.007381,0.1124808420809115,0.0002124495432334,-4.076063286101712e-10,-0.006132,2.352861668684941,47.07,163506.0,7696227.42,0.004999999999999,47.07,47.06
2014-03-20,CINF,23473,CINCINNATI FINANCIAL CORP,,,0.010835,0.0907131921176376,0.0002101723413199,5.427050007032625e-10,0.006041,2.566297261262584,47.58,163506.0,7779615.479999999,0.0050000000000025,47.59,47.58
2014-03-21,CINF,23473,CINCINNATI FINANCIAL CORP,,,0.007146,2.800078645392691,0.0004173622704508,9.352182284962195e-11,-0.002933,9.752131420253692,47.92,163506.0,7835207.52,0.0100000000000015,47.93,47.91
2014-03-24,CINF,23473,CINCINNATI FINANCIAL CORP,,,0.001252,-0.6633451069028404,0.000208420175073,4.86100328779859e-11,-0.004865,3.283102760754957,47.98,163506.0,7845017.88,0.0050000000000025,47.99,47.98
2014-03-25,CINF,23473,CINCINNATI FINANCIAL CORP,,,-0.000625,-0.407474194636061,0.000208550573514,-4.097943498525436e-11,0.004404,1.9453231074089024,47.95,163506.0,7840112.7,0.004999999999999,47.96,47.95
2014-03-26,CINF,23473,CINCINNATI FINANCIAL CORP,,,0.001251,0.4299215272013883,0.000208289939596,5.729120536884926e-11,-0.007,2.7816593886462884,48.01,163506.0,7849923.06,0.0050000000000025,48.02,48.01
2014-03-27,CINF,23473,CINCINNATI FINANCIAL CORP,,,-0.003333,0.4642626281281743,0.0004179728317658,-1.0459158616609547e-10,-0.0019,4.0730798869766245,47.85,163506.0,7823762.100000001,0.009999999999998,47.86,47.84
2014-03-28,CINF,23473,CINCINNATI FINANCIAL CORP,,,0.008359,0.136847890229784,0.0002072538860103,2.2882213062310915e-10,0.00464,4.630472276246743,48.25,163506.0,7889164.5,0.004999999999999,48.25,48.24
2014-03-31,CINF,23473,CINCINNATI FINANCIAL CORP,,,0.008497,0.4219637833339937,0.0004110152075625,1.6219818716532263e-10,0.007924,6.604803680981595,48.66,163000.0,7931579.999999999,0.009999999999998,48.66,48.64
2014-04-01,CINF,23473,CINCINNATI FINANCIAL CORP,,,-0.017057,0.1569474903467731,0.0002090738030524,-2.8631302305536585e-10,0.007039,7.641411042944785,47.83,163000.0,7796290.0,0.004999999999999,47.83,47.82
2014-04-02,CINF,23473,CINCINNATI FINANCIAL CORP,,,0.006481,-0.4538589378186343,0.0002077274615703,1.9791100255464775e-10,0.002853,4.173288343558283,48.14,163000.0,7846820.0,0.004999999999999,48.15,48.14
2014-04-03,CINF,23473,CINCINNATI FINANCIAL CORP,,,0.002285,-0.2542624285920093,0.0002072538860103,9.335484580338049e-11,-0.001126,3.112177914110429,48.25,163000.0,7864750.0,0.004999999999999,48.25,48.24
2014-04-04,CINF,23473,CINCINNATI FINANCIAL CORP,,,-0.001244,0.8149206067595138,0.0004150238638722,-2.803843708560517e-11,-0.012537,5.648355828220859,48.19,163000.0,7854970.0,0.0100000000000015,48.21,48.19
2014-04-07,CINF,23473,CINCINNATI FINANCIAL CORP,,,-0.014733,-0.134809847482627,0.0002106149957878,-3.8954645671604764e-10,-0.01075,4.886901840490798,47.48,163000.0,7739239.999999999,0.0050000000000025,47.49,47.48
2014-04-08,CINF,23473,CINCINNATI FINANCIAL CORP,,,0.000421,-0.1371137320871491,0.0002105263157894,1.2894773213941822e-11,0.003751,4.216840490797546,47.5,163000.0,7742500.0,0.004999999999999,47.5,47.49
2014-04-09,CINF,23473,CINCINNATI FINANCIAL CORP,,,0.007368,-0.322759313008751,0.0004179728317658,3.307880833485225e-10,0.010918,2.855815950920245,47.85,163000.0,7799550.0,0.009999999999998,47.87,47.85
2014-04-10,CINF,23473,CINCINNATI FINANCIAL CORP,,,-0.006688,0.5568423494837786,0.0002103934357247,-1.9416278552953102e-10,-0.020885,4.446055214723926,47.53,163000.0,7747390.0,0.004999999999999,47.54,47.53
2014-04-11,CINF,23473,CINCINNATI FINANCIAL CORP,,,-0.008836,0.090763577556171,0.0002122691572914,-2.372736543468574e-10,-0.009487,4.84959509202454,47.11,163000.0,7678930.0,0.004999999999999,47.12,47.11
2014-04-14,CINF,23473,CINCINNATI FINANCIAL CORP,,,0.012948,-0.1693797723926101,0.0002095557418272,4.132441067177513e-10,0.008217,4.028171779141104,47.72,163000.0,7778360.0,0.004999999999999,47.72,47.71
2014-04-15,CINF,23473,CINCINNATI FINANCIAL CORP,,,0.00922,0.1418384628505982,0.0002076411960132,2.5535489518015016e-10,0.006757,4.599521472392638,48.16,163000.0,7850079.999999999,0.004999999999999,48.16,48.15
2014-04-16,CINF,23473,CINCINNATI FINANCIAL CORP,,,0.013497,-0.1397918161665257,0.0002048760499898,4.2877022108453316e-10,0.010488,3.9565460122699383,48.81,163000.0,7956030.0,0.0050000000000025,48.81,48.8
2014-04-17,CINF,23473,CINCINNATI FINANCIAL CORP,,,-0.00082,3.038583259551229,0.0002050440844781,-6.455475407165899e-12,0.001364,15.978840490797548,48.77,163000.0,7949510.000000001,0.004999999999999,48.8,48.79
2014-04-21,CINF,23473,CINCINNATI FINANCIAL CORP,,,-0.001845,-0.7899177247825057,0.0002054231717337,-6.926654455631861e-11,0.003775,3.3462166476067003,48.68,163519.0,7960104.92,0.004999999999999,48.68,48.67
2014-04-22,CINF,23473,CINCINNATI FINANCIAL CORP,,,0.004725,0.19585869108321,0.0002044571662236,1.4763931032690594e-10,0.004092,4.001602260287795,48.91,163519.0,7997714.289999999,0.004999999999999,48.91,48.9
2014-04-23,CINF,23473,CINCINNATI FINANCIAL CORP,,,0.009201,-0.1198952223468604,0.0002025931928686,3.23685584922205e-10,-0.002213,3.5218292675468907,49.36,163519.0,8071297.84,0.004999999999999,49.36,49.35
2014-04-24,CINF,23473,CINCINNATI FINANCIAL CORP,,,0.007091,0.2178087329784019,0.00020116676725,2.0339867400856195e-10,0.001717,4.288914438077533,49.71,163519.0,8128529.49,0.004999999999999,49.73,49.72
2014-04-25,CINF,23473,CINCINNATI FINANCIAL CORP,,,-0.034399,0.6092106445141228,0.0004166666666667,-6.350034409326257e-10,-0.008096,6.901766767164672,48.0,163519.0,7848912.0,0.0100000000000015,48.02,48.0
2014-04-28,CINF,23473,CINCINNATI FINANCIAL CORP,,,0.005417,-0.3683865422614458,0.0002072109407376,1.5746775707415107e-10,0.003236,4.35924877231392,48.26,163519.0,7891426.939999999,0.004999999999999,48.26,48.25
2014-04-29,CINF,23473,CINCINNATI FINANCIAL CORP,,,0.001658,-0.3005274823938723,0.0002068680182043,6.879032290199144e-11,0.004761,3.04917471364184,48.34,163519.0,7904508.460000001,0.004999999999999,48.35,48.34
2014-04-30,CINF,23473,CINCINNATI FINANCIAL CORP,,,0.007861,0.5614061829369552,0.0002052545155994,2.0725455767352119e-10,0.002992,4.761000250735388,48.72,163519.0,7966645.68,0.0050000000000025,48.74,48.73
2014-05-01,CINF,23473,CINCINNATI FINANCIAL CORP,,,0.005542,-0.3236717644127145,0.0002041232904675,2.1484989027627343e-10,-0.000143,3.219998899210489,48.99,163519.0,8010795.81,0.0050000000000025,48.99,48.98
2014-05-02,CINF,23473,CINCINNATI FINANCIAL CORP,,,0.002041,0.1878180012193013,0.0004074149521288,6.647772126183116e-11,-0.001348,3.824772656388554,49.09,163519.0,8027147.710000001,0.0100000000000015,49.09,49.07
2014-05-05,CINF,23473,CINCINNATI FINANCIAL CORP,,,-0.001426,-0.2707975242355973,0.0004079967360261,-6.378583361544919e-11,0.001871,2.7890336902745245,49.02,163519.0,8015701.380000001,0.0100000000000015,49.02,49.0
2014-05-06,CINF,23473,CINCINNATI FINANCIAL CORP,,,-0.00714,0.3682585624698504,0.0004109307581673,-2.350967946976767e-10,-0.008988,3.8161192277350033,48.67,163519.0,7958469.73,0.0100000000000015,48.67,48.65
2014-05-07,CINF,23473,CINCINNATI FINANCIAL CORP,,,0.013355,-0.1655844155844156,0.0004055150040552,5.20053783226281e-10,0.005616,3.1842293556100514,49.32,163519.0,8064757.08,0.0100000000000015,49.32,49.3
2014-05-08,CINF,23473,CINCINNATI FINANCIAL CORP,,,-0.00223,-0.0796666679470387,0.0002032107295264,-9.456573063164254e-11,-0.001374,2.9305524128694524,49.21,163519.0,8046769.99,0.004999999999999,49.21,49.2
2014-05-09,CINF,23473,CINCINNATI FINANCIAL CORP,,,-0.001626,-0.1860096285274863,0.0004070832485243,-8.484705909278577e-11,0.001519,2.3854414471712766,49.13,163519.0,8033688.470000001,0.0100000000000015,49.13,49.11
2014-05-12,CINF,23473,CINCINNATI FINANCIAL CORP,,,0.002646,0.170658736364452,0.0002030044660982,1.1763271977627122e-10,0.009673,2.792537870216917,49.26,163519.0,8054945.939999999,0.004999999999999,49.26,49.25
2014-05-13,CINF,23473,CINCINNATI FINANCIAL CORP,,,0.000203,0.1358684107368499,0.0002029632636492,7.943614502492647e-12,0.000422,3.171955552565757,49.27,163519.0,8056581.130000001,0.004999999999999,49.28,49.27
2014-05-14,CINF,23473,CINCINNATI FINANCIAL CORP,,,-0.007307,-0.305879404251217,0.0002044571662236,-4.1496474214047475e-10,-0.004701,2.2017196778356034,48.91,163519.0,7997714.289999999,0.004999999999999,48.91,48.9
2014-05-15,CINF,23473,CINCINNATI FINANCIAL CORP,,,-0.010223,0.6365648861322748,0.000206568890725,-3.58409739610465e-10,-0.009362,3.6032571138522127,48.41,163519.0,7915954.789999999,0.004999999999999,48.43,48.42
2014-05-16,CINF,23473,CINCINNATI FINANCIAL CORP,,,-0.000413,-0.1523011671738506,0.0004133085348211,-1.7087926569546794e-11,0.003747,3.0544768497850403,48.39,163519.0,7912684.41,0.009999999999998,48.4,48.38
2014-05-19,CINF,23473,CINCINNATI FINANCIAL CORP,,,0.010333,0.0178731242429399,0.0002045408058907,4.157264762760587e-10,0.003845,3.109069894018432,48.89,163519.0,7994443.91,0.004999999999999,48.89,48.88
2014-05-20,CINF,23473,CINCINNATI FINANCIAL CORP,,,-0.008386,-0.0430356889958929,0.0002062706270628,-3.5554763768858275e-10,-0.006498,2.975268928992961,48.48,163519.0,7927401.119999999,0.0050000000000025,48.49,48.48
2014-05-21,CINF,23473,CINCINNATI FINANCIAL CORP,,,0.004951,-0.3927582613414235,0.0002052545155993,3.4397714076462794e-10,0.008116,1.8067074774185263,48.72,163519.0,7966645.68,0.004999999999999,48.72,48.71
2014-05-22,CINF,23473,CINCINNATI FINANCIAL CORP,,,-0.001642,-0.1402933341457057,0.0002055921052631,-1.3291476504114638e-10,0.002362,1.5532384615855035,48.64,163519.0,7953564.16,0.004999999999999,48.65,48.64
2014-05-23,CINF,23473,CINCINNATI FINANCIAL CORP,,,-0.000617,0.013114999370039,0.0002057189878625,-4.9328105827958606e-11,0.004248,1.5736091830307182,48.61,163519.0,7948658.59,0.004999999999999,48.62,48.61
2014-05-27,CINF,23473,CINCINNATI FINANCIAL CORP,,,0.003703,0.1899422886345529,0.0004099200655872,2.478745228239721e-10,0.005988,1.872504112671922,48.79,163519.0,7978092.01,0.0100000000000015,48.78,48.76
2014-05-28,CINF,23473,CINCINNATI FINANCIAL CORP,,,-0.00205,0.3780659067899017,0.0002053809817211,-9.978220465179283e-11,-0.001114,2.5804340779970523,48.69,163519.0,7961740.109999999,0.0050000000000025,48.7,48.69
2014-05-29,CINF,23473,CINCINNATI FINANCIAL CORP,,,0.003286,-0.3031401824860765,0.0002047082906858,2.2876868561877606e-10,0.005367,1.7982008206997353,48.85,163519.0,7987903.15,0.0050000000000025,48.84,48.83
2014-05-30,CINF,23473,CINCINNATI FINANCIAL CORP,,,0.00348,0.6267480614882328,0.000203998368013,1.484154882278587e-10,0.001844,2.925219699239844,49.02,163519.0,8015701.380000001,0.004999999999999,49.03,49.02
2014-06-02,CINF,23473,CINCINNATI FINANCIAL CORP,,,-0.00714,0.1270318128317538,0.0002054653790835,-2.7212846910306183e-10,0.000728,3.296815660565439,48.67,163519.0,7958469.73,0.004999999999999,48.69,48.68
2014-06-03,CINF,23473,CINCINNATI FINANCIAL CORP,,,-0.002466,0.4112340750743843,0.0002059732234809,-6.676393055909574e-11,-0.000379,4.6525785994288125,48.55,163519.0,7938847.449999999,0.004999999999999,48.57,48.56
2014-06-04,CINF,23473,CINCINNATI FINANCIAL CORP,,,0.005973,-0.3704384287282215,0.0002047502047501,2.553387380126927e-10,0.001892,2.9290846935218537,48.84,163519.0,7986267.960000001,0.004999999999999,48.85,48.84
2014-06-05,CINF,23473,CINCINNATI FINANCIAL CORP,,,0.005733,-0.1268328736577717,0.0002035830618892,2.7907829116050314e-10,0.006525,2.557580464655484,49.12,163519.0,8032053.279999999,0.004999999999999,49.12,49.11
2014-06-06,CINF,23473,CINCINNATI FINANCIAL CORP,,,0.003461,-0.2473619901820364,0.0002028809089064,2.230792137974601e-10,0.004628,1.924932270867605,49.29,163519.0,8059851.51,0.004999999999999,49.29,49.28
2014-06-09,CINF,23473,CINCINNATI FINANCIAL CORP,,,-0.000609,-0.0659067298252971,0.0002030044660982,-4.2048350731532345e-11,0.000939,1.7980662797595386,49.26,163519.0,8054945.939999999,0.004999999999999,49.26,49.25
2014-06-10,CINF,23473,CINCINNATI FINANCIAL CORP,,,-0.001218,-0.0288519750491466,0.0002032520325202,-8.67007461816436e-11,-0.000246,1.7461885163192046,49.2,163519.0,8045134.800000001,0.004999999999999,49.21,49.2
2014-06-11,CINF,23473,CINCINNATI FINANCIAL CORP,,,-0.005081,-0.0437144308053303,0.0002042900919305,-3.801452308156587e-10,-0.003537,1.6698548792495065,48.95,163519.0,8004255.050000001,0.004999999999999,48.96,48.95
2014-06-12,CINF,23473,CINCINNATI FINANCIAL CORP,,,-0.000817,0.3784027276755795,0.0004089143324472,-4.4381432660535416e-11,-0.007089,2.3017325203798946,48.91,163519.0,7997714.289999999,0.009999999999998,48.91,48.89
2014-06-13,CINF,23473,CINCINNATI FINANCIAL CORP,,,-0.000409,0.4517916875898367,0.0004090816117816,-1.5310024616427088e-11,0.003135,3.341636140142736,48.89,163519.0,7994443.91,0.0100000000000015,48.89,48.87
2014-06-16,CINF,23473,CINCINNATI FINANCIAL CORP,,,-0.001636,-0.0249240054829518,0.0002067397146991,-6.348065008162149e-11,0.000837,3.2583491826637885,48.37,163519.0,7909414.029999999,0.004999999999999,48.37,48.36
2014-06-17,CINF,23473,CINCINNATI FINANCIAL CORP,,,0.004135,0.1504649006572798,0.0002058884084827,1.3888910861470562e-10,0.002173,3.748616368740024,48.57,163519.0,7942117.83,0.0050000000000025,48.56,48.55
2014-06-18,CINF,23473,CINCINNATI FINANCIAL CORP,,,0.003294,-0.1837952917761065,0.0002052123948286,1.3511042746893728e-10,0.007719,3.0596383294907628,48.73,163519.0,7968280.869999999,0.004999999999999,48.73,48.72
2014-06-19,CINF,23473,CINCINNATI FINANCIAL CORP,,,0.000205,-0.176536900195679,0.0004103405826836,1.020906286259043e-11,0.001277,2.5194992630825777,48.74,163519.0,7969916.06,0.0100000000000015,48.75,48.73
2014-06-20,CINF,23473,CINCINNATI FINANCIAL CORP,,,0.001026,0.6742462122499309,0.0004099200655871,3.048700481703056e-11,0.00173,4.218262097982498,48.79,163519.0,7978092.01,0.009999999999998,48.79,48.77
2014-06-23,CINF,23473,CINCINNATI FINANCIAL CORP,,,-0.002869,-0.5045102252068092,0.0002055498458375,-1.725485141287523e-10,-0.000132,2.090105736948,48.65,163519.0,7955199.35,0.004999999999999,48.65,48.64
2014-06-24,CINF,23473,CINCINNATI FINANCIAL CORP,,,-0.0074,-0.0447052420912187,0.0002070822116379,-4.693541258530353e-10,-0.006435,1.9966670539814944,48.29,163519.0,7896332.51,0.004999999999999,48.3,48.29
2014-06-25,CINF,23473,CINCINNATI FINANCIAL CORP,,,-0.002278,0.1787664666623787,0.0004151100041511,-1.2285286162675238e-10,0.004897,2.3536041683229474,48.18,163519.0,7878345.42,0.0100000000000015,48.2,48.18
2014-06-26,CINF,23473,CINCINNATI FINANCIAL CORP,,,-0.006019,-0.071660010549318,0.0002088118605136,-3.5177972134791277e-10,-0.001179,2.1849448687920057,47.89,163519.0,7830924.91,0.004999999999999,47.9,47.89
2014-06-27,CINF,23473,CINCINNATI FINANCIAL CORP,,,-0.000209,0.4457456336766681,0.0002088554720133,-8.450677910308991e-12,0.001911,3.1588745038802832,47.88,163519.0,7829289.720000001,0.004999999999999,47.9,47.89
2014-06-30,CINF,23473,CINCINNATI FINANCIAL CORP,,,0.003342,-0.0627274768844765,0.0002081598667776,1.4369344806118626e-10,-0.000372,2.9520426829268294,48.04,164000.0,7878560.0,0.004999999999999,48.05,48.04
2014-07-01,CINF,23473,CINCINNATI FINANCIAL CORP,,,0.007077,0.139539591229719,0.0002066969822241,2.651474363728372e-10,0.006678,3.363969512195122,48.38,164000.0,7934320.0,0.0050000000000025,48.38,48.37
2014-07-02,CINF,23473,CINCINNATI FINANCIAL CORP,,,-0.00248,-0.0106418266747146,0.0004144218814752,-9.414882800729616e-11,0.000659,3.328170731707317,48.26,164000.0,7914640.0,0.009999999999998,48.26,48.24
2014-07-03,CINF,23473,CINCINNATI FINANCIAL CORP,,,0.004766,-0.4824319372686966,0.0006186842647968,3.479244417410162e-10,0.00548,1.7225548780487805,48.49,164000.0,7952360.0,0.0150000000000005,48.49,48.46
2014-07-07,CINF,23473,CINCINNATI FINANCIAL CORP,,,-0.002681,0.7827390539435537,0.0002067824648469,-1.1007934289104843e-10,-0.003924,3.0708658536585367,48.36,164000.0,7931040.0,0.004999999999999,48.36,48.35
2014-07-08,CINF,23473,CINCINNATI FINANCIAL CORP,,,-0.003722,0.0465130593977229,0.0002075550020755,-1.4657510956806454e-10,-0.007049,3.213701219512195,48.18,164000.0,7901520.0,0.004999999999999,48.19,48.18
2014-07-09,CINF,23473,CINCINNATI FINANCIAL CORP,,,-0.003944,0.081393120537637,0.0004167534903105,-1.4419599836690719e-10,0.004644,3.4752743902439023,47.99,164000.0,7870360.0,0.0100000000000015,47.99,47.97
2014-07-10,CINF,23473,CINCINNATI FINANCIAL CORP,,,-0.005209,-0.1467510022896946,0.0004189359028069,-2.2436918371402602e-10,-0.004131,2.9652743902439025,47.74,164000.0,7829360.0,0.0100000000000015,47.75,47.73
2014-07-11,CINF,23473,CINCINNATI FINANCIAL CORP,,,-0.002095,0.0567072104954708,0.0004198152812761,-8.557538639937958e-11,0.001471,3.1334268292682927,47.64,164000.0,7812960.0,0.009999999999998,47.66,47.64
2014-07-14,CINF,23473,CINCINNATI FINANCIAL CORP,,,0.010076,-0.211700351442549,0.0002078137988362,5.169015107824578e-10,0.004844,2.470079268292683,48.12,164000.0,7891680.0,0.004999999999999,48.12,48.11
2014-07-15,CINF,23473,CINCINNATI FINANCIAL CORP,,,0.001663,0.5816392778942119,0.0002074688796681,5.3849668085605945e-11,-0.001932,3.9067743902439034,48.2,164000.0,7904800.000000001,0.0050000000000025,48.2,48.19
2014-07-16,CINF,23473,CINCINNATI FINANCIAL CORP,,,-0.000208,-0.218266894122311,0.0002075119319361,-8.617587941402564e-12,0.004201,3.0540548780487806,48.19,164000.0,7903160.0,0.0050000000000025,48.2,48.19
2014-07-17,CINF,23473,CINCINNATI FINANCIAL CORP,,,-0.007885,-0.0040070677727531,0.0002091612633339,-3.3060240817804475e-10,-0.011834,3.041817073170732,47.81,164000.0,7840840.0,0.004999999999999,47.83,47.82
2014-07-18,CINF,23473,CINCINNATI FINANCIAL CORP,,,0.010249,2.365999943871804,0.000207039337474,1.2636980541249632e-10,0.010265,10.238756097560977,48.3,164000.0,7921199.999999999,0.004999999999999,48.29,48.28
2014-07-21,CINF,23473,CINCINNATI FINANCIAL CORP,,,0.003934,-0.5905419151049693,0.0002062280882655,1.1799990971297197e-10,-0.00232,4.1923414634146345,48.49,164000.0,7952360.0,0.004999999999999,48.5,48.49
2014-07-22,CINF,23473,CINCINNATI FINANCIAL CORP,,,-0.011961,0.0612775327833563,0.000208724692131,-3.421463038448401e-10,0.005016,4.449237804878049,47.91,164000.0,7857239.999999999,0.004999999999999,47.91,47.9
2014-07-23,CINF,23473,CINCINNATI FINANCIAL CORP,,,0.002713,-0.4478130674615411,0.0004163197335554,1.4016229609767275e-10,0.001754,2.456810975609756,48.04,164000.0,7878560.0,0.0100000000000015,48.06,48.04
2014-07-24,CINF,23473,CINCINNATI FINANCIAL CORP,,,-0.000208,0.0040206791969561,0.0002082032063293,-1.070514363742019e-11,0.000488,2.4719494534100006,48.03,163651.0,7860157.53,0.004999999999999,48.03,48.02
2014-07-25,CINF,23473,CINCINNATI FINANCIAL CORP,,,-0.006662,-0.0457832040085331,0.0002095996646404,-3.6173447883902606e-10,-0.004849,2.3587756872857484,47.71,163651.0,7807789.21,0.004999999999999,47.71,47.7
2014-07-28,CINF,23473,CINCINNATI FINANCIAL CORP,,,0.003982,-0.1063997347260217,0.0004175365344468,2.410000580046348e-10,0.000288,2.1078025798803552,47.9,163651.0,7838882.899999999,0.0100000000000015,47.92,47.9
2014-07-29,CINF,23473,CINCINNATI FINANCIAL CORP,,,-0.010021,0.9367230622941696,0.0002108814846056,-3.1632491003564565e-10,-0.004528,4.082229867217432,47.42,163651.0,7760330.42,0.004999999999999,47.43,47.42
2014-07-30,CINF,23473,CINCINNATI FINANCIAL CORP,,,-0.017609,0.0838980272759524,0.0004293227433723,-5.220162812309842e-10,6.1e-05,4.424720899963948,46.585,163651.0,7623681.835,0.0100000000000015,46.59,46.57
2014-07-31,CINF,23473,CINCINNATI FINANCIAL CORP,,,-0.012128,0.7688969907886922,0.0004345936549327,-2.0574793528112919e-10,-0.019999,7.826875485026061,46.02,163651.0,7531219.02,0.0100000000000015,46.02,46.0
2014-08-01,CINF,23473,CINCINNATI FINANCIAL CORP,,,-0.002173,0.1151672761453879,0.0004355400696864,-3.312918421596648e-11,-0.002859,8.728275415365626,45.92,163651.0,7514853.92,0.0100000000000015,45.92,45.9
2014-08-04,CINF,23473,CINCINNATI FINANCIAL CORP,,,0.011977,-0.5079092489381409,0.0002151925973746,3.666764934252462e-10,0.007189,4.295103604622031,46.47,163651.0,7604861.97,0.004999999999999,46.47,46.46
2014-08-05,CINF,23473,CINCINNATI FINANCIAL CORP,,,-0.004949,-0.1965733292739486,0.0002162629757785,-1.8952263078054131e-10,-0.009685,3.4508007894849406,46.24,163651.0,7567222.24,0.004999999999999,46.23,46.22
2014-08-06,CINF,23473,CINCINNATI FINANCIAL CORP,,,0.006272,-0.3377561193284543,0.0004298302170641,3.604263144744385e-10,1.6e-05,2.285271706252941,46.53,163651.0,7614681.03,0.009999999999998,46.55,46.53
2014-08-07,CINF,23473,CINCINNATI FINANCIAL CORP,,,-0.004513,0.2195931944158486,0.000215889464594,-2.136118220334696e-10,-0.005557,2.787101820337181,46.32,163651.0,7580314.32,0.004999999999999,46.32,46.31
2014-08-08,CINF,23473,CINCINNATI FINANCIAL CORP,,,0.012522,-0.3218288490546181,0.0002132196162046,8.631574974024282e-10,0.011531,1.8901320493000349,46.9,163651.0,7675231.899999999,0.004999999999999,46.9,46.89
2014-08-11,CINF,23473,CINCINNATI FINANCIAL CORP,,,0.002772,0.1051493265917069,0.0002126302360195,1.7241953688235547e-10,0.002759,2.0888781614533367,47.03,163651.0,7696506.53,0.004999999999999,47.04,47.03
2014-08-12,CINF,23473,CINCINNATI FINANCIAL CORP,,,0.003189,-0.0916462628017797,0.0002119542178888,2.1767562616267555e-10,-0.001637,1.8974402845078857,47.18,163651.0,7721054.18,0.004999999999999,47.18,47.17
2014-08-13,CINF,23473,CINCINNATI FINANCIAL CORP,,,0.003709,0.6727758133183905,0.0002111709428782,1.5078789264621712e-10,0.006707,3.173992215140757,47.355,163651.0,7749693.104999999,0.004999999999999,47.36,47.35
2014-08-14,CINF,23473,CINCINNATI FINANCIAL CORP,,,0.009819,-0.3841502270771446,0.000418235048097,6.418867071491584e-10,0.004346,1.9547023849533456,47.82,163651.0,7825790.82,0.0100000000000015,47.82,47.8
2014-08-15,CINF,23473,CINCINNATI FINANCIAL CORP,,,0.000418,0.932654764621478,0.0004180602006689,1.413290770334894e-11,-6.1e-05,3.7777648776970505,47.84,163651.0,7829063.840000001,0.0100000000000015,47.84,47.82
2014-08-18,CINF,23473,CINCINNATI FINANCIAL CORP,,,0.001672,-0.2676457981188382,0.0004173622704506,7.706278463245512e-11,0.008532,2.766661981900508,47.92,163651.0,7842155.92,0.009999999999998,47.94,47.92
2014-08-19,CINF,23473,CINCINNATI FINANCIAL CORP,,,0.001878,-0.3469400375910788,0.000208289939596,1.3229275394040026e-10,0.005001,1.806796169898137,48.01,163651.0,7856884.51,0.0050000000000025,48.02,48.01
2014-08-20,CINF,23473,CINCINNATI FINANCIAL CORP,,,0.001666,0.2453937311454119,0.0002079434393845,9.4077489596423e-11,0.002478,2.2501726234486803,48.09,163651.0,7869976.590000001,0.0050000000000025,48.09,48.08
2014-08-21,CINF,23473,CINCINNATI FINANCIAL CORP,,,0.009565,0.242964564160079,0.0002059732234809,4.3042995995203605e-10,0.00295,2.796884834189831,48.55,163651.0,7945256.05,0.004999999999999,48.55,48.54
2014-08-22,CINF,23473,CINCINNATI FINANCIAL CORP,,,-0.006385,-0.1939031663946622,0.0004145936981757,-3.5873449536026903e-10,-0.001993,2.254560008799213,48.24,163651.0,7894524.24,0.009999999999998,48.26,48.24
2014-08-25,CINF,23473,CINCINNATI FINANCIAL CORP,,,0.007877,-0.0454953233539587,0.000205676676265,4.6003128528109846e-10,0.004788,2.1519880721779887,48.62,163651.0,7956711.619999999,0.0050000000000025,48.63,48.62
2014-08-26,CINF,23473,CINCINNATI FINANCIAL CORP,,,-0.002057,0.0014680201604315,0.0002061005770817,-1.2020371515568363e-10,0.001051,2.1551472340529543,48.52,163651.0,7940346.52,0.0050000000000025,48.52,48.51
2014-08-27,CINF,23473,CINCINNATI FINANCIAL CORP,,,-0.001237,0.3659765461082191,0.0004127115146513,-5.2984328965085655e-11,5e-05,2.943880575126336,48.46,163651.0,7930527.46,0.0100000000000015,48.46,48.44
2014-08-28,CINF,23473,CINCINNATI FINANCIAL CORP,,,-0.004746,0.1455905215985253,0.0004146796599625,-1.782962499486215e-10,-0.00169,3.372481683582746,48.23,163651.0,7892887.729999999,0.009999999999998,48.23,48.21
2014-08-29,CINF,23473,CINCINNATI FINANCIAL CORP,,,-0.002903,0.5831584859850338,0.0002079434393844,-6.908751987479036e-11,0.00332,5.339172996193119,48.09,163651.0,7869976.590000001,0.004999999999999,48.1,48.09
2014-09-02,CINF,23473,CINCINNATI FINANCIAL CORP,,,0.003951,-0.4307688258001901,0.000414250207125,1.6453505307408577e-10,-0.000544,3.039223713878925,48.28,163651.0,7901070.28,0.009999999999998,48.3,48.28
2014-09-03,CINF,23473,CINCINNATI FINANCIAL CORP,,,-0.004557,0.6428608767682942,0.0004161464835621,-1.1604144870984851e-10,-0.000779,4.9930217352781225,48.06,163651.0,7865067.06,0.009999999999998,48.08,48.06
2014-09-04,CINF,23473,CINCINNATI FINANCIAL CORP,,,0.001873,-0.3498891830138548,0.0004153686396676,7.322712335307539e-11,-0.001534,3.24601743955124,48.15,163651.0,7879795.649999999,0.009999999999998,48.16,48.14
2014-09-05,CINF,23473,CINCINNATI FINANCIAL CORP,,,0.010592,0.1452409010304698,0.0002055076037812,3.5779931542289407e-10,0.005036,3.717471937232281,48.66,163651.0,7963257.659999999,0.004999999999999,48.66,48.65
2014-09-08,CINF,23473,CINCINNATI FINANCIAL CORP,,,-0.003494,-0.1489937011808642,0.0002062280882657,-1.3917831675118692e-10,-0.003073,3.163592034268046,48.49,163651.0,7935436.99,0.0050000000000025,48.49,48.48
2014-09-09,CINF,23473,CINCINNATI FINANCIAL CORP,,,-0.008868,-0.3438466367279926,0.000208073241781,-5.431720594850432e-10,-0.006545,2.07580155330551,48.06,163651.0,7865067.06,0.004999999999999,48.07,48.06
2014-09-10,CINF,23473,CINCINNATI FINANCIAL CORP,,,0.001873,-0.1238832287824507,0.0002076843198338,1.3069982193876342e-10,0.003646,1.8186445545703969,48.15,163651.0,7879795.649999999,0.004999999999999,48.15,48.14
2014-09-11,CINF,23473,CINCINNATI FINANCIAL CORP,,,0.002077,0.2763059306572408,0.0002072538860103,1.133229578535988e-10,0.000882,2.3211468307556937,48.25,163651.0,7896160.75,0.004999999999999,48.25,48.24
2014-09-12,CINF,23473,CINCINNATI FINANCIAL CORP,,,-0.004352,0.2655729246191998,0.0002081598667776,-1.8844188314975852e-10,-0.005963,2.9375805830700696,48.04,163651.0,7861794.04,0.004999999999999,48.05,48.04
2014-09-15,CINF,23473,CINCINNATI FINANCIAL CORP,,,0.006453,-0.1486298149927819,0.0004174493842622,3.290853922005281e-10,-0.00071,2.500968524481977,47.91,163651.0,7840519.409999999,0.0100000000000015,47.93,47.91
2014-09-16,CINF,23473,CINCINNATI FINANCIAL CORP,,,0.000626,0.1316976393035676,0.0002085940759283,2.8191553220523963e-11,0.007484,2.83034017512878,47.94,163651.0,7845428.939999999,0.0050000000000025,47.95,47.94
2014-09-17,CINF,23473,CINCINNATI FINANCIAL CORP,,,0.001043,-0.304958245895835,0.0002083767451553,6.75095734222486e-11,0.001296,1.967204600032997,47.99,163651.0,7853611.49,0.0050000000000025,47.99,47.98
2014-09-18,CINF,23473,CINCINNATI FINANCIAL CORP,,,0.005001,0.1459735660925343,0.0002073398299812,2.810585477792959e-10,0.004891,2.254364470733451,48.23,163651.0,7892887.729999999,0.004999999999999,48.25,48.24
2014-09-19,CINF,23473,CINCINNATI FINANCIAL CORP,,,0.00311,2.1790723960436837,0.0006200909466722,5.480892855337459e-11,-0.000477,7.166787859530342,48.38,163651.0,7917435.380000001,0.0150000000000005,48.38,48.35
2014-09-22,CINF,23473,CINCINNATI FINANCIAL CORP,,,-0.006408,-0.6371366549232128,0.0002080299563136,-3.1322907528654635e-10,-0.008013,2.6005646161648874,48.07,163651.0,7866703.57,0.004999999999999,48.08,48.07
2014-09-23,CINF,23473,CINCINNATI FINANCIAL CORP,,,-0.014562,0.059872880858113,0.0004222081486173,-6.815183432318842e-10,-0.005776,2.756267911592352,47.37,163651.0,7752147.869999999,0.0100000000000015,47.39,47.37
2014-09-24,CINF,23473,CINCINNATI FINANCIAL CORP,,,0.008233,0.1319673839305113,0.0002093802345058,3.3761348996591553e-10,0.007832,3.1200053772968084,47.76,163651.0,7815971.76,0.004999999999999,47.78,47.77
2014-09-25,CINF,23473,CINCINNATI FINANCIAL CORP,,,-0.016541,0.4459646841313611,0.000212901852246,-4.769902584055462e-10,-0.016169,4.511417589871129,46.97,163651.0,7686687.47,0.004999999999999,46.98,46.97
2014-09-26,CINF,23473,CINCINNATI FINANCIAL CORP,,,0.005323,-0.4701028581954711,0.0002117746717492,2.881424300579478e-10,0.008576,2.390587286359387,47.22,163651.0,7727600.22,0.004999999999999,47.22,47.21
2014-09-29,CINF,23473,CINCINNATI FINANCIAL CORP,,,0.002224,0.3388664236673806,0.0002113048071843,8.971883816500842e-11,-0.002547,3.2006770505527005,47.325,163651.0,7744783.575,0.004999999999999,47.33,47.32
2014-09-30,CINF,23473,CINCINNATI FINANCIAL CORP,,,-0.005811,0.1434266142796596,0.0004250797024442,-2.0621603477119603e-10,-0.002786,3.674355828220859,47.05,163000.0,7669150.0,0.0100000000000015,47.07,47.05
2014-10-01,CINF,23473,CINCINNATI FINANCIAL CORP,,,-0.009139,-0.0448524009884458,0.0002145002145003,-3.42678694661102e-10,-0.013249,3.509552147239264,46.62,163000.0,7599060.0,0.0050000000000025,46.63,46.62
2014-10-02,CINF,23473,CINCINNATI FINANCIAL CORP,,,0.004719,-0.1401713465616189,0.0002134927412469,2.04824485676862e-10,5e-06,3.0176134969325155,46.84,163000.0,7634920.000000001,0.0050000000000025,46.84,46.83
2014-10-03,CINF,23473,CINCINNATI FINANCIAL CORP,,,0.016866,0.2828302542739864,0.0002099517111065,5.611915236797762e-10,0.011166,3.871085889570552,47.63,163000.0,7763690.0,0.0050000000000025,47.63,47.62
2014-10-06,CINF,23473,CINCINNATI FINANCIAL CORP,,,-0.003569,-0.3393714925981043,0.0004214075010534,-1.8040189364708576e-10,-0.001565,2.557349693251534,47.46,163000.0,7735980.0,0.009999999999998,47.47,47.45
2014-10-07,CINF,23473,CINCINNATI FINANCIAL CORP,,,-0.014539,0.4030893755037807,0.0004276245456488,-5.315010275007183e-10,-0.015126,3.58819018404908,46.77,163000.0,7623510.000000001,0.009999999999998,46.79,46.77
2014-10-08,CINF,23473,CINCINNATI FINANCIAL CORP,,,0.017533,-0.0304800170976704,0.0002101281781888,6.497117260236155e-10,0.017462,3.47882208588957,47.59,163000.0,7757170.000000001,0.0050000000000025,47.59,47.58
2014-10-09,CINF,23473,CINCINNATI FINANCIAL CORP,,,-0.018912,0.2839883043410787,0.0002141786249733,-5.563302749128441e-10,-0.020661,4.466766871165644,46.69,163000.0,7610470.0,0.0050000000000025,46.7,46.69
2014-10-10,CINF,23473,CINCINNATI FINANCIAL CORP,,,0.001285,-0.069799734370944,0.0002139037433154,4.0584870303032606e-11,-0.011451,4.154987730061349,46.75,163000.0,7620250.0,0.004999999999999,46.75,46.74
2014-10-13,CINF,23473,CINCINNATI FINANCIAL CORP,,,-0.007273,-0.0746888579473558,0.0002154708037062,-2.500672841046931e-10,-0.016468,3.8446564417177913,46.41,163000.0,7564829.999999999,0.0050000000000025,46.42,46.41
2014-10-14,CINF,23473,CINCINNATI FINANCIAL CORP,,,0.003878,0.4324670205958711,0.0002146383344066,9.272254010300845e-11,0.001579,5.507343558282209,46.59,163000.0,7594170.000000001,0.0050000000000025,46.59,46.58
2014-10-15,CINF,23473,CINCINNATI FINANCIAL CORP,,,-0.010303,-0.0447289007315385,0.0004337453914552,-2.6056265148861677e-10,-0.0081,5.261006134969326,46.11,163000.0,7515930.0,0.0100000000000015,46.13,46.11
2014-10-16,CINF,23473,CINCINNATI FINANCIAL CORP,,,-0.000651,-0.290243999141735,0.0004340277777776,-2.3211490677957282e-11,0.000145,3.734030674846626,46.08,163000.0,7511040.0,0.009999999999998,46.08,46.06
2014-10-17,CINF,23473,CINCINNATI FINANCIAL CORP,,,0.015842,1.6824300456586494,0.0012817773979919,2.0728958265052228e-10,0.012884,10.016276073619633,46.81,163000.0,7630030.0,0.0300000000000011,46.82,46.76
2014-10-20,CINF,23473,CINCINNATI FINANCIAL CORP,,,0.007157,-0.6342621487848306,0.0002121115706861,2.5423279816737874e-10,0.009143,3.6633312883435583,47.145,163000.0,7684635.000000001,0.004999999999999,47.15,47.14
2014-10-21,CINF,23473,CINCINNATI FINANCIAL CORP,,,0.02259,0.1425937369687653,0.0002074258452602,6.867892054938178e-10,0.019574,4.185699386503067,48.21,163000.0,7858230.0,0.004999999999999,48.21,48.2
2014-10-22,CINF,23473,CINCINNATI FINANCIAL CORP,,,-0.001867,-0.1578981310890572,0.0002078137988363,-6.753026115279445e-11,-0.007299,3.52478527607362,48.12,163000.0,7843560.0,0.0050000000000025,48.13,48.12
2014-10-23,CINF,23473,CINCINNATI FINANCIAL CORP,,,0.003741,-0.0965381000452535,0.000207039337474,1.4921430650497196e-10,0.012303,3.17496482965319,48.3,163490.0,7896567.0,0.004999999999999,48.3,48.29
2014-10-24,CINF,23473,CINCINNATI FINANCIAL CORP,,,0.00911,0.0191821991041756,0.0004103405826836,3.5330591611167614e-10,0.007053,3.2358676371643527,48.74,163490.0,7968502.600000001,0.0100000000000015,48.74,48.72
2014-10-27,CINF,23473,CINCINNATI FINANCIAL CORP,,,0.00554,-0.2329518819277473,0.0002040399918383,2.7856112717191714e-10,-0.001502,2.4820661814178235,49.01,163490.0,8012644.899999999,0.004999999999999,49.01,49.0
2014-10-28,CINF,23473,CINCINNATI FINANCIAL CORP,,,0.006121,0.2254080282311426,0.0004055972419388,2.496330624406367e-10,0.011939,3.0415438253104163,49.31,163490.0,8061691.9,0.0100000000000015,49.31,49.29
2014-10-29,CINF,23473,CINCINNATI FINANCIAL CORP,,,0.002636,0.5633549316054716,0.0004045307443364,6.858420099840862e-11,-0.001385,4.755012538993211,49.44,163490.0,8082945.6,0.009999999999998,49.44,49.42
2014-10-30,CINF,23473,CINCINNATI FINANCIAL CORP,,,0.009709,-0.3918950034538337,0.0002003205128206,4.114134562569112e-10,0.00623,2.8915468836014435,49.92,163490.0,8161420.8,0.0050000000000025,49.92,49.91
2014-10-31,CINF,23473,CINCINNATI FINANCIAL CORP,,,0.011018,0.7643245004114321,0.0003962750148602,2.6173967938535537e-10,0.011731,5.10162701082635,50.47,163490.0,8251340.3,0.009999999999998,50.47,50.45
2014-11-03,CINF,23473,CINCINNATI FINANCIAL CORP,,,0.002576,-0.1659019380983496,0.0001976284584979,7.317762876257153e-11,-0.000119,4.255257202275368,50.6,163490.0,8272594.0,0.004999999999999,50.6,50.59
2014-11-04,CINF,23473,CINCINNATI FINANCIAL CORP,,,0.006028,-0.2485295216848835,0.0001964443571358,2.2650816860526768e-10,-0.00283,3.1977001651477157,50.905,163490.0,8322458.45,0.004999999999999,50.91,50.9
2014-11-05,CINF,23473,CINCINNATI FINANCIAL CORP,,,0.004027,-0.0296121593291404,0.0001956564273135,1.5531073302018234e-10,0.005701,3.1030093583705427,51.11,163490.0,8355973.9,0.004999999999999,51.11,51.1
2014-11-06,CINF,23473,CINCINNATI FINANCIAL CORP,,,0.00137,-0.3904370297509811,0.0003907776475186,8.656202942400835e-11,0.003776,1.8914796011988504,51.18,163490.0,8367418.2,0.0100000000000015,51.18,51.16
2014-11-07,CINF,23473,CINCINNATI FINANCIAL CORP,,,-0.001368,0.7072028664006365,0.0001956564273135,-5.0699331081475596e-11,0.00035,3.2291393969050093,51.11,163490.0,8355973.9,0.004999999999999,51.12,51.11
2014-11-10,CINF,23473,CINCINNATI FINANCIAL CORP,,,0.006261,-0.4000799345370237,0.0001944390433598,3.8437559413494557e-10,0.00312,1.937225518380329,51.43,163490.0,8408290.7,0.004999999999999,51.43,51.42
2014-11-11,CINF,23473,CINCINNATI FINANCIAL CORP,,,-0.004861,0.4312461913948415,0.0001953888237592,-2.0952681938977824e-10,0.000697,2.772646645054744,51.18,163490.0,8367418.2,0.004999999999999,51.18,51.17
2014-11-12,CINF,23473,CINCINNATI FINANCIAL CORP,,,0.001759,-0.1836532097948379,0.0001950458357715,9.271331580108192e-11,-0.000701,2.2634411890635517,51.27,163490.0,8382132.300000001,0.0050000000000025,51.27,51.26
2014-11-13,CINF,23473,CINCINNATI FINANCIAL CORP,,,0.00195,-0.1146872044318335,0.0001946661475569,1.1586916996918063e-10,0.00053,2.0038534466939875,51.37,163490.0,8398481.299999999,0.004999999999999,51.37,51.36
2014-11-14,CINF,23473,CINCINNATI FINANCIAL CORP,,,-0.006424,-0.0356124660419401,0.0001959247648902,-3.983695443973034e-10,0.00024,1.9324912838705728,51.04,163490.0,8344529.6,0.004999999999999,51.04,51.03
2014-11-17,CINF,23473,CINCINNATI FINANCIAL CORP,,,-0.001176,0.100730195003529,0.0001961553550412,-6.633120285030322e-11,0.000735,2.127151507737476,50.98,163490.0,8334720.199999999,0.0050000000000025,50.99,50.98
2014-11-18,CINF,23473,CINCINNATI FINANCIAL CORP,,,-0.000392,0.4378896275678039,0.000392464678179,-1.5383015550998078e-11,0.005134,3.058609089240932,50.96,163490.0,8331450.4,0.0100000000000015,50.96,50.94
2014-11-19,CINF,23473,CINCINNATI FINANCIAL CORP,,,-0.003532,0.5292229608120755,0.0001969279243796,-9.095823396757896e-11,-0.001501,4.677295247415744,50.78,163490.0,8302022.2,0.004999999999999,50.79,50.78
2014-11-20,CINF,23473,CINCINNATI FINANCIAL CORP,,,0.002363,-0.2826658088038175,0.0001964636542239,8.463274533465035e-11,0.001967,3.3551838032907213,50.9,163490.0,8321641.0,0.004999999999999,50.9,50.89
2014-11-21,CINF,23473,CINCINNATI FINANCIAL CORP,,,0.003733,-0.0491979604002632,0.000391466040321,1.400955924354907e-10,0.005237,3.19011560340082,51.09,163490.0,8352704.100000001,0.0100000000000015,51.1,51.08
2014-11-24,CINF,23473,CINCINNATI FINANCIAL CORP,,,0.004306,-0.1085203392950271,0.0001948937828882,1.8049407770616195e-10,0.002864,2.8439231757294023,51.31,163490.0,8388671.9,0.004999999999999,51.3,51.29
2014-11-25,CINF,23473,CINCINNATI FINANCIAL CORP,,,-0.016566,1.7962740319989332,0.000198176773682,-2.5251177052385856e-10,-0.00115,7.952388525292067,50.46,163490.0,8249705.4,0.004999999999999,50.47,50.46
2014-11-26,CINF,23473,CINCINNATI FINANCIAL CORP,,,0.008323,-0.6864620316643797,0.0001965408805031,4.0128587055005936e-10,0.002806,2.493375741635574,50.88,163490.0,8318371.2,0.004999999999999,50.87,50.86
2014-11-28,CINF,23473,CINCINNATI FINANCIAL CORP,,,0.001376,-0.4378302530161269,0.0005888125613346,1.1784952907036982e-10,-0.002542,1.4017004098109975,50.95,163490.0,8329815.5,0.0150000000000005,50.95,50.92
2014-12-01,CINF,23473,CINCINNATI FINANCIAL CORP,,,-0.002748,0.828537641165279,0.0003936233024995,-1.2906759999387257e-10,-0.006829,2.5630619609762064,50.81,163490.0,8306926.9,0.0100000000000015,50.82,50.8
2014-12-02,CINF,23473,CINCINNATI FINANCIAL CORP,,,0.00925,-0.0206188027253093,0.0001950078003119,4.3953316996701104e-10,0.006384,2.5102146920300936,51.28,163490.0,8383767.2,0.004999999999999,51.28,51.27
2014-12-03,CINF,23473,CINCINNATI FINANCIAL CORP,,,0.001755,0.1029983308763509,0.0003893322951138,7.547283067222548e-11,0.003765,2.7687626154504863,51.37,163490.0,8398481.299999999,0.009999999999998,51.37,51.35
2014-12-04,CINF,23473,CINCINNATI FINANCIAL CORP,,,0.000584,0.1344437939756773,0.0003891050583656,2.212533363506631e-11,-0.001162,3.141005566089669,51.4,163490.0,8403386.0,0.009999999999998,51.4,51.38
2014-12-05,CINF,23473,CINCINNATI FINANCIAL CORP,,,0.002529,-0.3846059475427585,0.0003881234232485,1.5530144348847567e-10,0.001665,1.9329561441066727,51.53,163490.0,8424639.7,0.009999999999998,51.55,51.53
2014-12-08,CINF,23473,CINCINNATI FINANCIAL CORP,,,0.013778,1.1962255434008715,0.0001914241960184,3.800081222998945e-10,-0.007257,4.245207657960732,52.24,163490.0,8540717.6,0.0050000000000025,52.24,52.23
2014-12-09,CINF,23473,CINCINNATI FINANCIAL CORP,,,-0.002297,-0.2004310934818722,0.0003837298541825,-7.941646619972966e-11,-0.000238,3.394336045018044,52.12,163490.0,8521098.799999999,0.009999999999998,52.12,52.1
2014-12-10,CINF,23473,CINCINNATI FINANCIAL CORP,,,-0.011128,0.0366724330558259,0.0005820721769499,-3.7530566763017626e-10,-0.016351,3.5188146063979446,51.54,163490.0,8426274.6,0.0150000000000005,51.57,51.54
2014-12-11,CINF,23473,CINCINNATI FINANCIAL CORP,,,0.006403,-0.1528165745683488,0.0003855793329478,2.5328077328889844e-10,0.004536,2.9810814117071383,51.87,163490.0,8480226.299999999,0.0100000000000015,51.88,51.86
2014-12-12,CINF,23473,CINCINNATI FINANCIAL CORP,,,-0.018893,0.0859745125436777,0.0005895067793279,-7.014291505893358e-10,-0.016214,3.2373784329316777,50.89,163490.0,8320006.1,0.0150000000000005,50.92,50.89
2014-12-15,CINF,23473,CINCINNATI FINANCIAL CORP,,,-0.008253,0.1392819288125921,0.0003997601439135,-2.7356811031872145e-10,-0.006343,3.688286745366689,50.03,163490.0,8179404.7,0.009999999999998,50.04,50.02
2014-12-16,CINF,23473,CINCINNATI FINANCIAL CORP,,,-0.0002,-0.1603272315994415,0.0003998400639743,-7.896967812403795e-12,-0.008489,3.0969539421371337,50.02,163490.0,8177769.800000001,0.009999999999998,50.04,50.02
2014-12-17,CINF,23473,CINCINNATI FINANCIAL CORP,,,0.014394,0.0987575075890592,0.000591249507292,5.099214011955959e-10,0.020352,3.4028013945807083,50.74,163490.0,8295482.600000001,0.0150000000000005,50.76,50.73
2014-12-18,CINF,23473,CINCINNATI FINANCIAL CORP,,,0.015175,0.2602260553202811,0.0003882741215298,4.2020469396505425e-10,0.024015,4.288298978530797,51.51,163490.0,8421369.9,0.0100000000000015,51.53,51.51
2014-12-19,CINF,23473,CINCINNATI FINANCIAL CORP,,,0.001359,1.0806154381580786,0.0007754943776657,1.8062175256027604e-11,0.00457,8.922301058168696,51.58,163490.0,8432814.2,0.0199999999999995,51.62,51.58
2014-12-22,CINF,23473,CINCINNATI FINANCIAL CORP,,,0.007949,-0.721876291811858,0.0005770340450086,3.7686569039545555e-10,0.00381,2.4815034558688605,51.99,163490.0,8499845.1,0.0150000000000005,52.02,51.99
2014-12-23,CINF,23473,CINCINNATI FINANCIAL CORP,,,0.007309,0.0908476932519268,0.000381898033225,3.1535897270442146e-10,0.001746,2.706942320631231,52.37,163490.0,8561971.299999999,0.009999999999998,52.37,52.35
2014-12-24,CINF,23473,CINCINNATI FINANCIAL CORP,,,-0.003628,-0.0053461919115685,0.0003832886163281,-1.5795051932319635e-10,-0.000139,2.69247048749159,52.18,163490.0,8530908.2,0.0100000000000015,52.18,52.16
2014-12-26,CINF,23473,CINCINNATI FINANCIAL CORP,,,0.002491,-0.4017860388194242,0.0003823360734085,1.8083825914742367e-10,0.00331,1.6106734356841397,52.31,163490.0,8552161.9,0.0100000000000015,52.32,52.3
2014-12-29,CINF,23473,CINCINNATI FINANCIAL CORP,,,0.001625,0.0799722020742113,0.0001908579062887,1.0905667528842565e-10,0.000862,1.739482537158236,52.395,163490.0,8566058.55,0.004999999999999,52.4,52.39
2014-12-30,CINF,23473,CINCINNATI FINANCIAL CORP,,,0.000859,-0.1472249180696794,0.0003813882532418,6.754367895602124e-11,-0.004889,1.4833873631414765,52.44,163490.0,8573415.6,0.0100000000000015,52.45,52.43
2014-12-31,CINF,23473,CINCINNATI FINANCIAL CORP,,,-0.011632,0.4174848156226936,0.0005788153579008,-6.528433738648998e-10,-0.010311,2.0999816737935246,51.83,163700.0,8484571.0,0.0150000000000005,51.86,51.83
2015-01-02,CINF,23473,CINCINNATI FINANCIAL CORP,,,-0.004245,0.1247531031192639,0.0001937608990505,-2.1272691960741967e-10,-0.00034,2.361960904092853,51.61,163700.0,8448557.0,0.004999999999999,51.6,51.59
2015-01-05,CINF,23473,CINCINNATI FINANCIAL CORP,,,-0.014338,0.5635569877900857,0.0003931590328288,-4.662209010856795e-10,-0.018278,3.693060476481368,50.87,163700.0,8327419.0,0.0100000000000015,50.88,50.86
2015-01-06,CINF,23473,CINCINNATI FINANCIAL CORP,,,-0.007667,-0.0471289578763849,0.0003961965134706,-2.6365553263187947e-10,-0.008893,3.519010384850336,50.48,163700.0,8263575.999999999,0.009999999999998,50.47,50.45
2015-01-07,CINF,23473,CINCINNATI FINANCIAL CORP,,,0.013669,-0.1478469331426131,0.000390854016025,5.441698644150482e-10,0.01163,2.998735491753207,51.17,163700.0,8376529.0,0.0100000000000015,51.18,51.16
2015-01-08,CINF,23473,CINCINNATI FINANCIAL CORP,,,0.021302,0.1213360141619457,0.0001913509376195,7.405056304541323e-10,0.017888,3.3625901038485035,52.26,163700.0,8554962.0,0.004999999999999,52.26,52.25
2015-01-09,CINF,23473,CINCINNATI FINANCIAL CORP,,,-0.010907,-0.1206999287863153,0.0005803830528148,-4.3595238980058886e-10,-0.008404,2.95672571777642,51.69,163700.0,8461653.0,0.0150000000000005,51.69,51.66
2015-01-12,CINF,23473,CINCINNATI FINANCIAL CORP,,,-0.005804,-0.116601517305213,0.0003891807744698,-2.641389328080165e-10,-0.008094,2.6119670128283445,51.39,163700.0,8412543.0,0.0100000000000015,51.39,51.37
2015-01-13,CINF,23473,CINCINNATI FINANCIAL CORP,,,-0.000584,0.2640821929982528,0.0001947040498441,-2.1037597962799703e-11,-0.002579,3.301740989615149,51.36,163700.0,8407632.0,0.004999999999999,51.37,51.36
2015-01-14,CINF,23473,CINCINNATI FINANCIAL CORP,,,-0.008567,-0.1452686888870387,0.0003927729772192,-3.641825039110744e-10,-0.005813,2.822101405009163,50.92,163700.0,8335604.0,0.0100000000000015,50.92,50.9
2015-01-15,CINF,23473,CINCINNATI FINANCIAL CORP,,,-0.000196,0.3728597465680183,0.0001964250638382,-6.070235058247952e-12,-0.009248,3.874349419670129,50.91,163700.0,8333966.999999999,0.0050000000000025,50.92,50.91
2015-01-16,CINF,23473,CINCINNATI FINANCIAL CORP,,,0.0165,-0.1613859934314153,0.0001932367149759,5.994652497488037e-10,0.013424,3.249083689676237,51.75,163700.0,8471475.0,0.0050000000000025,51.74,51.73
2015-01-20,CINF,23473,CINCINNATI FINANCIAL CORP,,,-0.007536,-0.0639962397179788,0.0001947040498441,-2.947329587045897e-10,0.00155,3.041154551007941,51.36,163700.0,8407632.0,0.004999999999999,51.36,51.35
2015-01-21,CINF,23473,CINCINNATI FINANCIAL CORP,,,-0.002142,0.0298069448433924,0.0005853658536585,-8.152346111622059e-11,0.004732,3.131802076970067,51.25,163700.0,8389625.0,0.0150000000000005,51.25,51.22
2015-01-22,CINF,23473,CINCINNATI FINANCIAL CORP,,,0.025171,-0.0645319851134049,0.0001903311762466,9.989378549485623e-10,0.01527,2.929700671960904,52.54,163700.0,8600798.0,0.004999999999999,52.55,52.54
2015-01-23,CINF,23473,CINCINNATI FINANCIAL CORP,,,-0.009326,-0.0923660111094429,0.0003842459173871,-4.11615761479868e-10,-0.005492,2.6590959071472207,52.05,163700.0,8520585.0,0.0100000000000015,52.06,52.04
2015-01-26,CINF,23473,CINCINNATI FINANCIAL CORP,,,0.008453,0.1575923398898215,0.0003810249571347,3.195920525448413e-10,0.002568,3.078149053145999,52.49,163700.0,8592613.0,0.0100000000000015,52.49,52.47
2015-01-27,CINF,23473,CINCINNATI FINANCIAL CORP,,,-0.005525,-0.1865197571706691,0.0001915708812261,-2.5821201364552107e-10,-0.013388,2.504013439218082,52.2,163700.0,8545140.0,0.0050000000000025,52.2,52.19
2015-01-28,CINF,23473,CINCINNATI FINANCIAL CORP,,,-0.016858,0.6481738540693376,0.000194855806703,-4.862180156542566e-10,-0.013496,4.127049480757483,51.32,163700.0,8401084.0,0.004999999999999,51.33,51.32
2015-01-29,CINF,23473,CINCINNATI FINANCIAL CORP,,,0.011302,-0.0725475800698047,0.0007707129094412,3.4754252425867267e-10,0.009535,3.827642028100183,51.9,163700.0,8496030.0,0.0199999999999995,51.93,51.89
2015-01-30,CINF,23473,CINCINNATI FINANCIAL CORP,,,-0.026782,1.8758077515420892,0.0001979805979013,-2.9425631586633097e-10,-0.012992,11.00756261453879,50.51,163700.0,8268487.0,0.004999999999999,50.55,50.54
2015-02-02,CINF,23473,CINCINNATI FINANCIAL CORP,,,0.018412,-0.6378354860156121,0.0005832037325039,5.484717556015387e-10,0.012962,3.98654856444716,51.44,163700.0,8420728.0,0.0150000000000005,51.45,51.42
2015-02-03,CINF,23473,CINCINNATI FINANCIAL CORP,,,0.01283,0.0357524846842927,0.0001919385796544,3.6432352121778445e-10,0.014439,4.129077580940745,52.1,163700.0,8528770.0,0.004999999999999,52.1,52.09
2015-02-04,CINF,23473,CINCINNATI FINANCIAL CORP,,,0.007102,0.0600150903200036,0.0005717552887364,1.889103851989897e-10,-0.004156,4.376884544899206,52.47,163700.0,8589339.0,0.0150000000000005,52.47,52.44
2015-02-05,CINF,23473,CINCINNATI FINANCIAL CORP,,,-0.011054,0.3135481565842657,0.0005781460782423,-2.2634766572922996e-10,0.010291,5.7492486255345145,51.89,163700.0,8494393.0,0.014999999999997,51.91,51.88
2015-02-06,CINF,23473,CINCINNATI FINANCIAL CORP,,,0.000867,-0.2475306857978307,0.0005776451333397,2.3572758015553527e-11,-0.003418,4.32613317043372,51.935,163700.0,8501759.5,0.0150000000000005,51.95,51.92
2015-02-09,CINF,23473,CINCINNATI FINANCIAL CORP,,,-0.006065,-0.296950809672008,0.000387446726075,-2.3598181064187483e-10,-0.004247,3.041484422724496,51.62,163700.0,8450194.0,0.009999999999998,51.62,51.6
2015-02-10,CINF,23473,CINCINNATI FINANCIAL CORP,,,-0.002131,0.3369874129076444,0.0001941370607648,-6.214845051631909e-11,0.010676,4.066426389737324,51.51,163700.0,8432187.0,0.004999999999999,51.51,51.5
2015-02-11,CINF,23473,CINCINNATI FINANCIAL CORP,,,0.005242,-0.2810114260133338,0.000386249517188,2.115199753767184e-10,-2.9e-05,2.923714111178986,51.78,163700.0,8476386.0,0.009999999999998,51.8,51.78
2015-02-12,CINF,23473,CINCINNATI FINANCIAL CORP,,,0.007918,-0.1920908794597712,0.0001916075876604,3.9235763343779966e-10,0.009645,2.3620952962736714,52.19,163700.0,8543503.0,0.004999999999999,52.18,52.17
2015-02-13,CINF,23473,CINCINNATI FINANCIAL CORP,,,0.005173,0.4689002392189823,0.0003812428516965,1.7361042346269834e-10,0.004075,3.469682345754429,52.46,163700.0,8587702.0,0.0100000000000015,52.45,52.43
2015-02-17,CINF,23473,CINCINNATI FINANCIAL CORP,,,0.000286,-0.3650400449306058,0.0005717008099095,1.51122403994014e-11,0.001598,2.203109346365302,52.475,163700.0,8590157.5,0.0150000000000005,52.49,52.46
2015-02-18,CINF,23473,CINCINNATI FINANCIAL CORP,,,-0.003716,-0.1955918358292966,0.0005738332058148,-2.450072435771793e-10,-0.000314,1.772199144777031,52.28,163700.0,8558236.0,0.0150000000000005,52.28,52.25
2015-02-19,CINF,23473,CINCINNATI FINANCIAL CORP,,,0.001339,-0.0013925800302644,0.0005730659025786,8.828926477543346e-11,-0.001062,1.7697312156383629,52.35,163700.0,8569695.0,0.014999999999997,52.37,52.34
2015-02-20,CINF,23473,CINCINNATI FINANCIAL CORP,,,0.004394,0.5966586700264063,0.000190186382655,1.8066390638751263e-10,0.006126,2.8176358076581023,52.58,164166.0,8631848.28,0.0050000000000025,52.59,52.58
2015-02-23,CINF,23473,CINCINNATI FINANCIAL CORP,,,-0.00038,-0.1329795053614666,0.0001902587519026,-1.802730482384528e-11,-0.000303,2.4429479916669714,52.56,164166.0,8628564.96,0.0050000000000025,52.56,52.55
2015-02-24,CINF,23473,CINCINNATI FINANCIAL CORP,,,0.008657,-0.1234736902473263,0.0001886258606055,4.6452196832751634e-10,0.002759,2.1413081880535554,53.015,164166.0,8703260.49,0.0050000000000025,53.02,53.01
2015-02-25,CINF,23473,CINCINNATI FINANCIAL CORP,,,-0.001603,0.5544420106392058,0.0003778575477045,-5.542359712630259e-11,-0.000766,3.3285394052361634,52.93,164166.0,8689306.38,0.0100000000000015,52.93,52.91
2015-02-26,CINF,23473,CINCINNATI FINANCIAL CORP,,,0.001511,-0.370738956102578,0.0001886436521412,8.289701537163415e-11,-0.001476,2.094520180792612,53.01,164166.0,8702439.66,0.0050000000000025,53.02,53.01
2015-02-27,CINF,23473,CINCINNATI FINANCIAL CORP,,,-0.004716,-0.0302807336941506,0.0001895375284305,-2.6807432410885637e-10,-0.002956,2.031096572981007,52.76,164166.0,8661398.16,0.004999999999999,52.76,52.75
2015-03-02,CINF,23473,CINCINNATI FINANCIAL CORP,,,0.005118,0.4151578858974858,0.0005657175183858,2.0453138949748608e-10,0.006125,2.8743223322734304,53.03,164166.0,8705722.98,0.0150000000000005,53.03,53.0
2015-03-03,CINF,23473,CINCINNATI FINANCIAL CORP,,,-0.004337,-0.1707052425900573,0.0003787878787878,-2.099074699607261e-10,-0.004539,2.383660441260675,52.8,164166.0,8667964.799999999,0.009999999999998,52.8,52.78
2015-03-04,CINF,23473,CINCINNATI FINANCIAL CORP,,,-0.008144,0.1691931840251868,0.0003818980332251,-3.3989228790024675e-10,-0.004389,2.7853646657737734,52.37,164260.0,8602296.2,0.0100000000000015,52.38,52.36
2015-03-05,CINF,23473,CINCINNATI FINANCIAL CORP,,,0.007256,-0.1079746636242032,0.0001895734597156,3.3704177997728203e-10,0.001196,2.4846158529161086,52.75,164260.0,8664715.0,0.004999999999999,52.76,52.75
2015-03-06,CINF,23473,CINCINNATI FINANCIAL CORP,,,-0.005308,0.4955050315713645,0.0001905850962455,-1.6574517749995476e-10,-0.014174,3.7157555095580177,52.47,164260.0,8618722.2,0.0050000000000025,52.49,52.48
2015-03-09,CINF,23473,CINCINNATI FINANCIAL CORP,,,0.005146,-0.3883984599000574,0.0001896094046265,2.6138588827692385e-10,0.003944,2.272561792280531,52.74,164260.0,8663072.4,0.0050000000000025,52.74,52.73
2015-03-10,CINF,23473,CINCINNATI FINANCIAL CORP,,,-0.017823,0.325400290925846,0.0001930501930501,-6.954348756434616e-10,-0.016961,3.012054060635578,51.8,164260.0,8508668.0,0.004999999999999,51.82,51.81
2015-03-11,CINF,23473,CINCINNATI FINANCIAL CORP,,,0.00695,-0.2091559544021344,0.0005751533742331,3.4053502888144707e-10,-0.001918,2.382065018872519,52.16,164260.0,8567801.6,0.0150000000000005,52.17,52.14
2015-03-12,CINF,23473,CINCINNATI FINANCIAL CORP,,,0.022814,0.1239272333225993,0.0003748828491097,9.723965044736804e-10,0.012601,2.677267746255936,53.35,164260.0,8763271.0,0.0100000000000015,53.35,53.33
2015-03-13,CINF,23473,CINCINNATI FINANCIAL CORP,,,-0.004405,0.2405109057503047,0.0001882707333144,-1.5202132582215318e-10,-0.006075,3.321179836844028,53.115,164260.0,8724669.9,0.004999999999999,53.12,53.11
2015-03-16,CINF,23473,CINCINNATI FINANCIAL CORP,,,0.019109,-0.0185285324368466,0.0003726476616359,6.649737095115184e-10,0.013534,3.2596432485084623,53.67,164260.0,8815834.200000001,0.0100000000000015,53.68,53.66
2015-03-17,CINF,23473,CINCINNATI FINANCIAL CORP,,,-0.00354,-0.1376428994320442,0.0001869857890799,-1.433582959219342e-10,-0.00332,2.81097650066967,53.48,164260.0,8784624.799999999,0.004999999999999,53.48,53.47
2015-03-18,CINF,23473,CINCINNATI FINANCIAL CORP,,,0.010845,0.306310384184731,0.0003699593044764,3.3259682748371297e-10,0.012158,3.672007792524047,54.06,164260.0,8879895.6,0.009999999999998,54.08,54.06
2015-03-19,CINF,23473,CINCINNATI FINANCIAL CORP,,,-0.004994,-0.4171485698748599,0.0003718163227364,-2.640910690711868e-10,-0.004873,2.1402349933033,53.79,164260.0,8835545.4,0.009999999999998,53.8,53.78
2015-03-20,CINF,23473,CINCINNATI FINANCIAL CORP,,,0.015151,3.169509749541324,0.0005494002380733,1.8929128262584462e-10,0.009013,8.923730670887617,54.605,164260.0,8969417.299999999,0.014999999999997,54.62,54.59
2015-03-23,CINF,23473,CINCINNATI FINANCIAL CORP,,,-0.002106,-0.6114399390917798,0.0001835199119105,-6.785863628570172e-11,-0.001746,3.467405333008645,54.49,164260.0,8950527.4,0.0050000000000025,54.49,54.48
2015-03-24,CINF,23473,CINCINNATI FINANCIAL CORP,,,-0.008442,-0.3618994444795594,0.0003701647233019,-4.2991720561565244e-10,-0.006139,2.2125532692073544,54.03,164260.0,8874967.8,0.0100000000000015,54.03,54.01
2015-03-25,CINF,23473,CINCINNATI FINANCIAL CORP,,,-0.017398,1.0401723559160674,0.0001883593897156,-4.419714218646811e-10,-0.014559,4.513990015828565,53.09,164260.0,8720563.4,0.0050000000000025,53.09,53.08
2015-03-26,CINF,23473,CINCINNATI FINANCIAL CORP,,,-0.002166,-0.3412810802354248,0.0001887682869277,-8.37133914703577e-11,-0.002377,2.973450627054669,52.975,164260.0,8701673.5,0.004999999999999,52.98,52.97
2015-03-27,CINF,23473,CINCINNATI FINANCIAL CORP,,,-0.000944,-0.326778851764571,0.000188946622579,-5.424513911046689e-11,0.002369,2.001789845367101,52.925,164260.0,8693460.5,0.004999999999999,52.93,52.92
2015-03-30,CINF,23473,CINCINNATI FINANCIAL CORP,,,0.013321,0.0165960086857615,0.0003729256013425,7.430710315109402e-10,0.012237,2.0350115670278828,53.63,164260.0,8809263.8,0.0100000000000015,53.63,53.61
2015-03-31,CINF,23473,CINCINNATI FINANCIAL CORP,,,-0.006526,1.1733025000673107,0.0001876876876876,-1.6860248569110022e-10,-0.008796,4.421618989653074,53.28,164300.0,8753904.0,0.004999999999999,53.28,53.27
2015-04-01,CINF,23473,CINCINNATI FINANCIAL CORP,,,-0.000188,-0.4989332004536995,0.0001877229209686,-9.695286445219033e-12,-0.003965,2.215526475958612,53.27,164300.0,8752261.0,0.004999999999999,53.28,53.27
2015-04-02,CINF,23473,CINCINNATI FINANCIAL CORP,,,0.003754,-0.2460008076679001,0.0005610622779127,2.557989136747542e-10,0.00353,1.670505173463177,53.47,164300.0,8785121.0,0.014999999999997,53.48,53.45
2015-04-06,CINF,23473,CINCINNATI FINANCIAL CORP,,,0.009164,0.5497515156814736,0.0003706449221644,3.9926908208939034e-10,0.006609,2.588867924528302,53.96,164300.0,8865628.0,0.009999999999998,53.97,53.95
2015-04-07,CINF,23473,CINCINNATI FINANCIAL CORP,,,-0.011119,0.0110261877837363,0.0001874062968515,-4.845516159372371e-10,-0.002062,2.6174132684114424,53.36,164300.0,8767048.0,0.004999999999999,53.37,53.36
2015-04-08,CINF,23473,CINCINNATI FINANCIAL CORP,,,0.006747,0.2799477259145058,0.0003723008190617,2.2817739096796847e-10,0.002683,3.35015216068168,53.72,164300.0,8826196.0,0.009999999999998,53.72,53.7
2015-04-09,CINF,23473,CINCINNATI FINANCIAL CORP,,,-0.004281,-0.3729011863452209,0.0001869508319311,-2.3186465709974566e-10,0.004457,2.100876445526476,53.49,164300.0,8788407.0,0.004999999999999,53.5,53.49
2015-04-10,CINF,23473,CINCINNATI FINANCIAL CORP,,,0.000561,-0.0437257730883554,0.000186846038864,3.175603194448956e-11,0.005203,2.0090139987827147,53.52,164300.0,8793336.0,0.0050000000000025,53.52,53.51
2015-04-13,CINF,23473,CINCINNATI FINANCIAL CORP,,,0.000561,-0.1226608014396466,0.0003734827264238,3.6175565280205245e-11,-0.004581,1.7625867315885575,53.55,164300.0,8798265.0,0.009999999999998,53.55,53.53
2015-04-14,CINF,23473,CINCINNATI FINANCIAL CORP,,,0.005042,0.5824001270748949,0.0005574136008918,2.0443477793126684e-10,0.00163,2.789117468046257,53.82,164300.0,8842626.0,0.0150000000000005,53.84,53.81
2015-04-15,CINF,23473,CINCINNATI FINANCIAL CORP,,,-0.00223,-0.3762689524541082,0.0003724394785847,-1.4528769902737114e-10,0.005148,1.7396591600730371,53.7,164300.0,8822910.0,0.0100000000000015,53.71,53.69
2015-04-16,CINF,23473,CINCINNATI FINANCIAL CORP,,,-0.002607,0.1583200968421347,0.000186706497386,-1.4701787454484632e-10,-0.000778,2.015082166768107,53.56,164300.0,8799908.0,0.004999999999999,53.57,53.56
2015-04-17,CINF,23473,CINCINNATI FINANCIAL CORP,,,-0.018671,0.5520541987084615,0.0001902587519026,-6.91313465727071e-10,-0.011311,3.1275167376749846,52.56,164300.0,8635608.0,0.0050000000000025,52.56,52.55
2015-04-20,CINF,23473,CINCINNATI FINANCIAL CORP,,,0.003995,-0.1153875345187612,0.0001895016107636,1.665480025697319e-10,0.009235,2.7666402921485087,52.77,164300.0,8670111.0,0.004999999999999,52.76,52.75
2015-04-21,CINF,23473,CINCINNATI FINANCIAL CORP,,,-0.010991,-0.1203716129259347,0.0003832151753208,-5.266964773614245e-10,-0.001481,2.4336153377967134,52.19,164300.0,8574817.0,0.009999999999998,52.19,52.17
2015-04-22,CINF,23473,CINCINNATI FINANCIAL CORP,,,-0.000575,-0.0701350279984893,0.000575153374233,-2.9649739123547516e-11,0.005088,2.262933657942788,52.16,164300.0,8569888.0,0.014999999999997,52.16,52.13
2015-04-23,CINF,23473,CINCINNATI FINANCIAL CORP,,,0.002684,-0.0647283485745023,0.0001912045889102,1.4758209339173026e-10,0.002358,2.116457699330493,52.3,164300.0,8592890.0,0.0050000000000025,52.31,52.3
2015-04-24,CINF,23473,CINCINNATI FINANCIAL CORP,,,0.004971,0.1823376488925443,0.0001902587519025,2.3003807853493887e-10,0.002253,2.501484564183064,52.56,164358.0,8638656.48,0.004999999999999,52.57,52.56
2015-04-27,CINF,23473,CINCINNATI FINANCIAL CORP,,,-0.005708,0.1235689146493035,0.0001913509376196,-2.364428407688058e-10,-0.004141,2.810590296791151,52.26,164358.0,8589349.08,0.0050000000000025,52.27,52.26
2015-04-28,CINF,23473,CINCINNATI FINANCIAL CORP,,,0.008419,0.002060860322594,0.0003795066413662,3.4511783597384275e-10,0.002769,2.8163825308168757,52.7,164358.0,8661666.6,0.0100000000000015,52.7,52.68
2015-04-29,CINF,23473,CINCINNATI FINANCIAL CORP,,,-0.032068,0.7557329415958263,0.0005881199764752,-7.73527225678657e-10,-0.00374,4.94481558549021,51.01,164358.0,8383901.58,0.0150000000000005,51.01,50.98
2015-04-30,CINF,23473,CINCINNATI FINANCIAL CORP,,,-0.007253,-0.058220543360567,0.0003949447077409,-1.8712586475653124e-10,-0.010129,4.65692573528517,50.64,164358.0,8323089.12,0.0100000000000015,50.64,50.62
2015-05-01,CINF,23473,CINCINNATI FINANCIAL CORP,,,0.004542,-0.1674294456645715,0.0005897385492431,1.401116298660746e-10,0.010923,3.877219240925297,50.87,164358.0,8360891.46,0.0150000000000005,50.89,50.86
2015-05-04,CINF,23473,CINCINNATI FINANCIAL CORP,,,0.008256,-0.0153832392836742,0.0003899395593683,2.5654204581923527e-10,0.002941,3.817575049586877,51.29,164358.0,8429921.82,0.0100000000000015,51.31,51.29
2015-05-05,CINF,23473,CINCINNATI FINANCIAL CORP,,,-0.007214,-0.1565768691957434,0.000392772977219,-2.677095131054197e-10,-0.011837,3.219831100402779,50.92,164358.0,8369109.36,0.009999999999998,50.94,50.92
2015-05-06,CINF,23473,CINCINNATI FINANCIAL CORP,,,-0.002553,-0.2474995512136129,0.0003937783028154,-1.262239887159848e-10,-0.004456,2.4229243480694582,50.79,164358.0,8347742.82,0.009999999999998,50.79,50.77
2015-05-07,CINF,23473,CINCINNATI FINANCIAL CORP,,,0.003347,0.0203627579245002,0.0003924646781788,1.616370784110923e-10,0.003774,2.4722617700385743,50.96,164358.0,8375683.68,0.009999999999998,50.97,50.95
2015-05-08,CINF,23473,CINCINNATI FINANCIAL CORP,,,0.010106,0.0795843833674594,0.0001942690626517,4.4754946661047037e-10,0.013458,2.669015198530038,51.475,164358.0,8460328.05,0.004999999999999,51.48,51.47
2015-05-11,CINF,23473,CINCINNATI FINANCIAL CORP,,,-0.006702,0.2713974386446427,0.0001955798943869,-2.3502031491651244e-10,-0.00509,3.393379087114713,51.13,164358.0,8403624.540000001,0.0050000000000025,51.13,51.12
2015-05-12,CINF,23473,CINCINNATI FINANCIAL CORP,,,-0.00665,-0.084080261202125,0.0001968891514077,-2.5630836901574616e-10,-0.00295,3.108062887112279,50.79,164358.0,8347742.82,0.004999999999999,50.8,50.79
2015-05-13,CINF,23473,CINCINNATI FINANCIAL CORP,,,-0.003544,0.0300645022365342,0.0001975894092076,-1.3307985211357238e-10,-0.000305,3.201505250733156,50.61,164358.0,8318158.38,0.004999999999999,50.62,50.61
2015-05-14,CINF,23473,CINCINNATI FINANCIAL CORP,,,0.010275,-0.3801513893191282,0.0003911597887736,6.161342331447621e-10,0.010779,1.9844485817544628,51.13,164358.0,8403624.540000001,0.009999999999998,51.12,51.1
2015-05-15,CINF,23473,CINCINNATI FINANCIAL CORP,,,-0.005085,0.5091059602649006,0.0003931590328287,-2.030854393383253e-10,0.000768,2.9947431825648887,50.87,164358.0,8360891.46,0.009999999999998,50.87,50.85
2015-05-18,CINF,23473,CINCINNATI FINANCIAL CORP,,,0.007077,-0.5757176814774182,0.0001951981260979,6.614841973584397e-10,0.003048,1.2706165808783263,51.23,164358.0,8420060.34,0.004999999999999,51.23,51.22
2015-05-19,CINF,23473,CINCINNATI FINANCIAL CORP,,,0.003514,0.8409325978279607,0.0003890293717176,1.7779146114291243e-10,-0.000643,2.3391194830796187,51.41,164358.0,8449644.78,0.0100000000000015,51.42,51.4
2015-05-20,CINF,23473,CINCINNATI FINANCIAL CORP,,,-0.000973,-0.1985210155727748,0.0003894080996885,-6.148262930326464e-11,-0.000931,1.8747551077525888,51.36,164358.0,8441426.88,0.0100000000000015,51.38,51.36
2015-05-21,CINF,23473,CINCINNATI FINANCIAL CORP,,,-0.002336,-0.007941427509728,0.0005854800936766,-1.4913892547304183e-10,0.002338,1.8598668759658796,51.24,164358.0,8421703.92,0.014999999999997,51.23,51.2
2015-05-22,CINF,23473,CINCINNATI FINANCIAL CORP,,,-0.005855,-0.1581796888289868,0.0001963093835886,-4.466587550317977e-10,-0.002234,1.5656737122622568,50.94,164358.0,8372396.52,0.0050000000000025,50.95,50.94
2015-05-26,CINF,23473,CINCINNATI FINANCIAL CORP,,,-0.008834,0.5068180670031983,0.0003961180431769,-4.51231175860854e-10,-0.010282,2.3591854366687355,50.49,164358.0,8298435.42,0.0100000000000015,50.5,50.48
2015-05-27,CINF,23473,CINCINNATI FINANCIAL CORP,,,0.009507,0.0288999899419988,0.0003923876790268,4.67522773695979e-10,0.009163,2.427365872059772,50.97,164358.0,8377327.26,0.009999999999998,50.98,50.96
2015-05-28,CINF,23473,CINCINNATI FINANCIAL CORP,,,0.002747,-0.1977305824938526,0.0003913128546271,1.6792155672665174e-10,-0.001267,1.9474014042516945,51.11,164358.0,8400337.38,0.009999999999998,51.11,51.09
2015-05-29,CINF,23473,CINCINNATI FINANCIAL CORP,,,-0.01037,0.1941569214330569,0.0001977066034006,-5.364042429689418e-10,-0.006318,2.325502865695616,50.58,164358.0,8313227.64,0.0050000000000025,50.59,50.58
2015-06-01,CINF,23473,CINCINNATI FINANCIAL CORP,,,-0.001779,0.0152453462056696,0.0003961180431769,-9.08012533194404e-11,0.002059,2.360955961985422,50.49,164358.0,8298435.42,0.0100000000000015,50.49,50.47
2015-06-02,CINF,23473,CINCINNATI FINANCIAL CORP,,,0.003664,0.7467671025301386,0.0005920078934386,1.0667139366895659e-10,-0.001009,4.124040204918532,50.675,164358.0,8328841.649999999,0.0150000000000005,50.69,50.66
2015-06-03,CINF,23473,CINCINNATI FINANCIAL CORP,,,0.009768,-0.2926164654575927,0.000390854016025,3.981269243356674e-10,0.002119,2.9172781367502645,51.17,164358.0,8410198.86,0.0100000000000015,51.17,51.15
2015-06-04,CINF,23473,CINCINNATI FINANCIAL CORP,,,-0.011921,-0.1055981713446706,0.000395569620253,-5.497993968741663e-10,-0.008623,2.6092189002056485,50.56,164358.0,8309940.48,0.009999999999998,50.58,50.56
2015-06-05,CINF,23473,CINCINNATI FINANCIAL CORP,,,-0.000593,-0.092907477276225,0.0001979022362952,-3.016841158631044e-11,-0.001436,2.366802954526096,50.53,164358.0,8305009.74,0.004999999999999,50.53,50.52
2015-06-08,CINF,23473,CINCINNATI FINANCIAL CORP,,,-0.008114,0.0441436184296779,0.0003990422984837,-3.9857563979765477e-10,-0.006474,2.47128220104893,50.12,164358.0,8237622.96,0.0100000000000015,50.14,50.12
2015-06-09,CINF,23473,CINCINNATI FINANCIAL CORP,,,0.001097,0.0385203422170246,0.0001993024414548,5.1831174426127175e-11,0.000418,2.5664768371481768,50.175,164358.0,8246662.649999999,0.004999999999999,50.18,50.17
2015-06-10,CINF,23473,CINCINNATI FINANCIAL CORP,,,0.02003,-0.026617925612997,0.0003907776475184,9.531672824179658e-10,0.012042,2.4981625476094864,51.18,164358.0,8411842.44,0.009999999999998,51.19,51.17
2015-06-11,CINF,23473,CINCINNATI FINANCIAL CORP,,,0.009183,0.3338391058785708,0.0001936108422071,3.2463793815350323e-10,0.001739,3.3321468988427703,51.65,164358.0,8489090.7,0.004999999999999,51.65,51.64
2015-06-12,CINF,23473,CINCINNATI FINANCIAL CORP,,,-0.008325,-0.2040572247633133,0.0003904724716908,-3.728617520618314e-10,-0.006994,2.6521982501612333,51.22,164358.0,8418416.76,0.0100000000000015,51.24,51.22
2015-06-15,CINF,23473,CINCINNATI FINANCIAL CORP,,,-0.007809,0.3669908926154481,0.0001985702938839,-2.60223940011987e-10,-0.004622,3.625530853381034,50.36,164358.0,8277068.88,0.004999999999999,50.37,50.36
2015-06-16,CINF,23473,CINCINNATI FINANCIAL CORP,,,0.009929,-0.0697114376096058,0.0003932363350372,3.5216729388611086e-10,0.00569,3.372789885493861,50.86,164358.0,8359247.88,0.009999999999998,50.86,50.84
2015-06-17,CINF,23473,CINCINNATI FINANCIAL CORP,,,0.000983,0.1473667120655908,0.0003928501276762,3.035764236245647e-11,0.00198,3.869826841407172,50.91,164358.0,8367465.779999999,0.009999999999998,50.94,50.92
2015-06-18,CINF,23473,CINCINNATI FINANCIAL CORP,,,0.014535,0.2676652458897832,0.0001936108422071,3.4902597248619253e-10,0.009903,4.905644994463306,51.65,164358.0,8489090.7,0.004999999999999,51.66,51.65
2015-06-19,CINF,23473,CINCINNATI FINANCIAL CORP,,,-0.009293,0.3658868733271982,0.0003908540160249,-1.6490689876964563e-10,-0.005304,6.7005561031407055,51.17,164358.0,8410198.86,0.009999999999998,51.19,51.17
2015-06-22,CINF,23473,CINCINNATI FINANCIAL CORP,,,0.004299,-0.5281705999328061,0.0001945903872348,1.6099119833931048e-10,0.006095,3.161519366261454,51.39,164358.0,8446357.62,0.004999999999999,51.41,51.4
2015-06-23,CINF,23473,CINCINNATI FINANCIAL CORP,,,0.003308,-0.3302676373741631,0.0003878975950349,1.8435911409475738e-10,0.000636,2.117371834653622,51.56,164358.0,8474298.48,0.0100000000000015,51.56,51.54
2015-06-24,CINF,23473,CINCINNATI FINANCIAL CORP,,,-0.011637,0.3978167105834078,0.0005886970172683,-4.694327741770584e-10,-0.007353,2.959697732997481,50.96,164358.0,8375683.68,0.014999999999997,50.98,50.95
2015-06-25,CINF,23473,CINCINNATI FINANCIAL CORP,,,-0.009615,-0.1009230136704697,0.0001981375074301,-4.355930029406147e-10,-0.002974,2.660996118229718,50.47,164358.0,8295148.26,0.004999999999999,50.48,50.47
2015-06-26,CINF,23473,CINCINNATI FINANCIAL CORP,,,0.008718,0.2601816369273544,0.0001964250638382,3.107030609819785e-10,-0.00039,3.353338444128062,50.91,164358.0,8367465.779999999,0.0050000000000025,50.92,50.91
2015-06-29,CINF,23473,CINCINNATI FINANCIAL CORP,,,-0.022785,0.3034829120308882,0.0004020100502513,-6.375032011558044e-10,-0.020866,4.371019360177174,49.75,164358.0,8176810.5,0.0100000000000015,49.77,49.75
2015-06-30,CINF,23473,CINCINNATI FINANCIAL CORP,,,0.008643,0.0210700823482903,0.0003985651654046,2.3480358671278065e-10,0.002658,4.472859756097561,50.18,164000.0,8229520.0,0.0100000000000015,50.18,50.16
2015-07-01,CINF,23473,CINCINNATI FINANCIAL CORP,,,0.047031,1.0359457923056263,0.00057099352874,5.9937524858665e-10,0.006936,9.1065,52.54,164000.0,8616560.0,0.0150000000000005,52.54,52.51
2015-07-02,CINF,23473,CINCINNATI FINANCIAL CORP,,,-0.002665,-0.6131843644247676,0.0001908396946564,-8.80372698200337e-11,-0.000308,3.5225365853658537,52.4,164000.0,8593600.0,0.004999999999999,52.4,52.39
2015-07-06,CINF,23473,CINCINNATI FINANCIAL CORP,,,-0.001145,-0.186402536974464,0.0001910584638899,-4.6543905507517486e-11,-0.003862,2.8659268292682927,52.34,164000.0,8583760.0,0.004999999999999,52.35,52.34
2015-07-07,CINF,23473,CINCINNATI FINANCIAL CORP,,,0.00898,0.2057819800345524,0.0003787161522439,3.0004226399340085e-10,0.006081,3.4556829268292684,52.81,164000.0,8660840.0,0.0100000000000015,52.82,52.8
2015-07-08,CINF,23473,CINCINNATI FINANCIAL CORP,,,-0.002746,0.5688508854273273,0.0003797588531283,-5.864338651844929e-11,-0.016653,5.421451219512195,52.665,164000.0,8637060.0,0.0100000000000015,52.67,52.65
2015-07-09,CINF,23473,CINCINNATI FINANCIAL CORP,,,0.005791,-0.3179814152902089,0.0003775722106852,1.8028848127693464e-10,0.002262,3.6975304878048783,52.97,164000.0,8687080.0,0.009999999999998,52.98,52.96
2015-07-10,CINF,23473,CINCINNATI FINANCIAL CORP,,,0.013026,-0.3296267284525763,0.0001863585538575,5.971564170586738e-10,0.012338,2.478725609756097,53.66,164000.0,8800240.0,0.004999999999999,53.66,53.65
2015-07-13,CINF,23473,CINCINNATI FINANCIAL CORP,,,0.008386,0.1488742002061445,0.0003696174459433,3.318429117703101e-10,0.011066,2.8477439024390243,54.11,164000.0,8874040.0,0.009999999999998,54.11,54.09
2015-07-14,CINF,23473,CINCINNATI FINANCIAL CORP,,,0.001109,-0.1970301693681347,0.0003692080487355,5.459196210879518e-11,0.004453,2.2866524390243903,54.17,164000.0,8883880.0,0.0100000000000015,54.17,54.15
2015-07-15,CINF,23473,CINCINNATI FINANCIAL CORP,,,-0.011076,1.6349920402334863,0.0001866716445771,-2.0923675990177032e-10,-0.000735,6.025310975609756,53.57,164000.0,8785480.0,0.004999999999999,53.57,53.56
2015-07-16,CINF,23473,CINCINNATI FINANCIAL CORP,,,0.005787,-0.5321605706010519,0.0001855976243503,2.3233024990824335e-10,0.008015,2.818878048780488,53.88,164000.0,8836320.0,0.004999999999999,53.89,53.88
2015-07-17,CINF,23473,CINCINNATI FINANCIAL CORP,,,-0.005939,0.0530569159153442,0.0003734129947721,-2.277722314380765e-10,0.001106,2.968439024390244,53.56,164000.0,8783840.0,0.009999999999998,53.58,53.56
2015-07-20,CINF,23473,CINCINNATI FINANCIAL CORP,,,0.000373,-0.1529526071023614,0.0003732736095557,1.688209858356776e-11,0.000771,2.514408536585366,53.58,164000.0,8787120.0,0.009999999999998,53.58,53.56
2015-07-21,CINF,23473,CINCINNATI FINANCIAL CORP,,,-0.00056,0.1634748995423935,0.0003734827264239,-2.1796755013546542e-11,-0.004262,2.9254512195121958,53.55,164000.0,8782200.0,0.0100000000000015,53.57,53.55
2015-07-22,CINF,23473,CINCINNATI FINANCIAL CORP,,,0.003175,-0.3670353124596164,0.0003723008190618,1.9462182239877847e-10,-0.002388,1.8517073170731708,53.72,164000.0,8810080.0,0.0100000000000015,53.74,53.72
2015-07-23,CINF,23473,CINCINNATI FINANCIAL CORP,,,-0.007446,0.3910102739726027,0.0003750937734434,-3.305874501161475e-10,-0.005676,2.5757439024390245,53.32,164000.0,8744480.0,0.0100000000000015,53.34,53.32
2015-07-24,CINF,23473,CINCINNATI FINANCIAL CORP,,,-0.004876,1.5122673534995812,0.0003769317753485,-8.659325563470156e-11,-0.010703,6.46728989048893,53.06,164093.0,8706774.58,0.009999999999998,53.08,53.06
2015-07-27,CINF,23473,CINCINNATI FINANCIAL CORP,,,-0.002262,-0.3841272025004782,0.0001888930865131,-6.537403003616689e-11,-0.005775,3.9830279170957934,52.94,164093.0,8687083.42,0.0050000000000025,52.95,52.94
2015-07-28,CINF,23473,CINCINNATI FINANCIAL CORP,,,0.003022,0.551019221618545,0.0003766478342748,5.614089779580023e-11,0.012386,6.177752859658852,53.1,164093.0,8713338.3,0.009999999999998,53.08,53.06
2015-07-29,CINF,23473,CINCINNATI FINANCIAL CORP,,,0.019962,0.4141069677605191,0.0003692762186114,2.5711211921181226e-10,0.007319,8.736003363946056,54.16,164093.0,8887276.879999999,0.009999999999998,54.16,54.14
2015-07-30,CINF,23473,CINCINNATI FINANCIAL CORP,,,0.020495,-0.3287850789352341,0.0005427899402931,3.8538429118564016e-10,2.8e-05,5.863735808352581,55.27,164093.0,9069420.11,0.0150000000000005,55.29,55.26
2015-07-31,CINF,23473,CINCINNATI FINANCIAL CORP,,,-0.001086,1.1966902861988906,0.0009056330374931,-9.306337505270488e-12,-0.002272,12.880811491044712,55.21,164093.0,9059574.53,0.0249999999999985,55.23,55.18
2015-08-03,CINF,23473,CINCINNATI FINANCIAL CORP,,,0.002536,-0.6942361818483751,0.0005420054200542,7.089445229748665e-11,-0.002757,3.938486102393155,55.35,164093.0,9082547.55,0.0150000000000005,55.36,55.33
2015-08-04,CINF,23473,CINCINNATI FINANCIAL CORP,,,0.001445,-0.0771308941353411,0.0001804077214504,4.3708257045410334e-11,-0.00225,3.634707147775957,55.43,164093.0,9095674.99,0.004999999999999,55.43,55.42
2015-08-05,CINF,23473,CINCINNATI FINANCIAL CORP,,,0.002165,-0.2649078684841474,0.0001800180018001,8.88940275430774e-11,0.003115,2.671844624694533,55.55,164093.0,9115366.15,0.004999999999999,55.55,55.54
2015-08-06,CINF,23473,CINCINNATI FINANCIAL CORP,,,-0.005401,-0.0293341483608595,0.000180995475113,-2.297052332368289e-10,-0.007753,2.5934683380765784,55.25,164093.0,9066138.25,0.004999999999999,55.26,55.25
2015-08-07,CINF,23473,CINCINNATI FINANCIAL CORP,,,0.001448,0.0931926592569964,0.0003614675582867,5.625228643886468e-11,-0.002875,2.8351605492007583,55.33,164093.0,9079265.69,0.0100000000000015,55.35,55.33
2015-08-10,CINF,23473,CINCINNATI FINANCIAL CORP,,,0.009217,0.1648926337510479,0.0003581661891118,3.0457241490737766e-10,0.012808,3.3026576392655382,55.84,164093.0,9162953.12,0.0100000000000015,55.84,55.82
2015-08-11,CINF,23473,CINCINNATI FINANCIAL CORP,,,0.002149,0.0463904875604999,0.0003573981415297,6.771912151879157e-11,-0.009557,3.4558695373964765,55.96,164093.0,9182644.28,0.0100000000000015,55.96,55.94
2015-08-12,CINF,23473,CINCINNATI FINANCIAL CORP,,,0.004825,0.3834987409272701,0.000177841010137,1.0937122385932548e-10,0.00095,4.781191153796932,56.23,164093.0,9226949.39,0.0050000000000025,56.24,56.23
2015-08-13,CINF,23473,CINCINNATI FINANCIAL CORP,,,0.000889,-0.3094384113388396,0.0003553660270077,2.915540590766761e-11,-0.001275,3.301706958858696,56.28,164093.0,9235154.04,0.009999999999998,56.29,56.27
2015-08-14,CINF,23473,CINCINNATI FINANCIAL CORP,,,0.006397,-0.1312582250958403,0.0003531073446328,2.3995721909009216e-10,0.003912,2.868330763652319,56.64,164093.0,9294227.52,0.0100000000000015,56.64,56.62
2015-08-17,CINF,23473,CINCINNATI FINANCIAL CORP,,,-0.001059,0.2199425078557724,0.0005302226935313,-3.259675489756824e-11,0.005211,3.499198625169873,56.58,164093.0,9284381.94,0.0150000000000005,56.59,56.56
2015-08-18,CINF,23473,CINCINNATI FINANCIAL CORP,,,0.005479,-0.0659794424880789,0.0003515556336789,1.7957682203052754e-10,-0.002626,3.2683234507261125,56.89,164093.0,9335250.77,0.009999999999998,56.91,56.89
2015-08-19,CINF,23473,CINCINNATI FINANCIAL CORP,,,-0.008262,0.0336205433807748,0.000354484225452,-2.6416537420032423e-10,-0.008255,3.378206261083654,56.42,164093.0,9258127.06,0.0100000000000015,56.43,56.41
2015-08-20,CINF,23473,CINCINNATI FINANCIAL CORP,,,-0.015066,0.1059403975899266,0.0005398596364945,-4.4223145177858807e-10,-0.0211,3.736094775523636,55.57,164093.0,9118648.01,0.0150000000000005,55.59,55.56
2015-08-21,CINF,23473,CINCINNATI FINANCIAL CORP,,,-0.030772,0.915187083956566,0.0014853323431117,-4.86597900568709e-10,-0.031851,7.155320458520473,53.86,164093.0,8838048.98,0.0399999999999991,53.94,53.86
2015-08-24,CINF,23473,CINCINNATI FINANCIAL CORP,,,-0.048088,0.7633838611815646,0.0003900916715427,-4.5300958583883857e-10,-0.039414,12.617576618137276,51.27,164093.0,8413048.110000001,0.009999999999998,51.29,51.27
2015-08-25,CINF,23473,CINCINNATI FINANCIAL CORP,,,-0.007022,-0.1994826260495272,0.0005892751915144,-8.321870637970091e-11,-0.013522,10.10058929997014,50.91,164093.0,8353974.63,0.0150000000000005,50.92,50.89
2015-08-26,CINF,23473,CINCINNATI FINANCIAL CORP,,,0.024946,-0.2573487000403032,0.0001916443081641,3.88396341160985e-10,0.039034,7.501215773981827,52.18,164093.0,8562372.74,0.0050000000000025,52.17,52.16
2015-08-27,CINF,23473,CINCINNATI FINANCIAL CORP,,,0.019164,-0.1715448165037366,0.0003760812335465,3.5338417423233556e-10,0.024298,6.21442109047918,53.18,164093.0,8726465.74,0.0100000000000015,53.18,53.16
2015-08-28,CINF,23473,CINCINNATI FINANCIAL CORP,,,-0.007334,-0.2081475430574174,0.0003788596325062,-1.7204982778649734e-10,0.000609,4.920904608971742,52.79,164093.0,8662469.47,0.0100000000000015,52.78,52.76
2015-08-31,CINF,23473,CINCINNATI FINANCIAL CORP,,,-0.008714,0.1346797343854877,0.0005732849226065,-1.8174334672844646e-10,-0.008392,5.583650734644379,52.33,164093.0,8586986.69,0.0150000000000005,52.33,52.3
2015-09-01,CINF,23473,CINCINNATI FINANCIAL CORP,,,-0.02618,0.231807674425204,0.0001962323390894,-4.551861273600658e-10,-0.029576,6.877983826244873,50.96,164093.0,8362179.28,0.004999999999999,50.97,50.96
2015-09-02,CINF,23473,CINCINNATI FINANCIAL CORP,,,0.026491,0.0508581650834774,0.0001911680367043,4.2699060986979507e-10,0.018293,7.227785463121522,52.31,164093.0,8583704.83,0.0050000000000025,52.31,52.3
2015-09-03,CINF,23473,CINCINNATI FINANCIAL CORP,,,0.009367,-0.1169457070611258,0.0001893939393939,1.6938848482070854e-10,0.001165,6.382526981650649,52.8,164093.0,8664110.4,0.004999999999999,52.8,52.79
2015-09-04,CINF,23473,CINCINNATI FINANCIAL CORP,,,-0.016856,-0.203393779217208,0.0001926411096127,-3.892038124569357e-10,-0.01533,5.0843606978969245,51.91,164093.0,8518067.629999999,0.004999999999999,51.91,51.9
2015-09-08,CINF,23473,CINCINNATI FINANCIAL CORP,,,0.024273,0.5631385531482378,0.000376151965394,3.500522818506704e-10,0.025083,7.947560224994363,53.17,164093.0,8724824.81,0.0100000000000015,53.18,53.16
2015-09-09,CINF,23473,CINCINNATI FINANCIAL CORP,,,-0.006771,-0.4366160355606265,0.0001893580761219,-1.7450516357982722e-10,-0.013898,4.477527987178003,52.81,164093.0,8665751.33,0.004999999999999,52.82,52.81
2015-09-10,CINF,23473,CINCINNATI FINANCIAL CORP,,,0.003977,-0.1881654646394395,0.0001886080724255,1.2575347103611398e-10,0.005278,3.63501185303456,53.02,164093.0,8700210.860000001,0.0050000000000025,53.02,53.01
2015-09-11,CINF,23473,CINCINNATI FINANCIAL CORP,,,0.007733,0.2543052575107296,0.0003743215422048,1.9344776078830968e-10,0.004487,4.559414478375068,53.43,164093.0,8767488.99,0.0100000000000015,53.43,53.41
2015-09-14,CINF,23473,CINCINNATI FINANCIAL CORP,,,-0.001123,0.0438283914842656,0.0001890001890001,-2.717776634205026e-11,-0.00409,4.759246281072318,52.91,164093.0,8682160.629999999,0.004999999999999,52.91,52.9
2015-09-15,CINF,23473,CINCINNATI FINANCIAL CORP,,,0.011151,-0.2142353183713869,0.0001869158878505,3.396560034906805e-10,0.012831,3.7396476388389512,53.5,164093.0,8778975.5,0.0050000000000025,53.49,53.48
2015-09-16,CINF,23473,CINCINNATI FINANCIAL CORP,,,0.005607,0.1238523588364703,0.0001858736059479,1.5111872488591142e-10,0.008705,4.202811820126391,53.8,164093.0,8828203.4,0.004999999999999,53.8,53.79
2015-09-17,CINF,23473,CINCINNATI FINANCIAL CORP,,,-0.001487,0.2787144820866176,0.0003723008190618,-3.138855916899692e-11,-0.002561,5.3741963398804335,53.72,164093.0,8815075.959999999,0.0100000000000015,53.74,53.72
2015-09-18,CINF,23473,CINCINNATI FINANCIAL CORP,,,-0.01694,0.6869849002345023,0.0001893580761219,-2.1561673199169286e-10,-0.016164,9.06618807627382,52.81,164093.0,8665751.33,0.004999999999999,52.82,52.81
2015-09-21,CINF,23473,CINCINNATI FINANCIAL CORP,,,0.011551,-0.5604497687030567,0.000187195806814,3.306681823267864e-10,0.004566,3.985045065907748,53.42,164093.0,8765848.06,0.0050000000000025,53.42,53.41
2015-09-22,CINF,23473,CINCINNATI FINANCIAL CORP,,,-0.009921,-0.0265874314516498,0.0001890716581584,-2.9468745021301416e-10,-0.012318,3.8790929533861895,52.89,164093.0,8678878.77,0.004999999999999,52.9,52.89
2015-09-23,CINF,23473,CINCINNATI FINANCIAL CORP,,,0.003403,-0.2998136778669414,0.0001884303749764,1.438728998442523e-10,-0.002049,2.71608782824374,53.07,164093.0,8708415.51,0.004999999999999,53.07,53.06
2015-09-24,CINF,23473,CINCINNATI FINANCIAL CORP,,,0.003015,0.2781792766737492,0.0005635919594214,9.942720108175843e-11,-0.003363,3.471647175686958,53.23,164093.0,8734670.389999999,0.0150000000000005,53.25,53.22
2015-09-25,CINF,23473,CINCINNATI FINANCIAL CORP,,,0.004321,-0.0253584073670333,0.0003741114852225,1.4557430813404596e-10,-0.000466,3.383611732371277,53.46,164093.0,8772411.78,0.009999999999998,53.47,53.45
2015-09-28,CINF,23473,CINCINNATI FINANCIAL CORP,,,-0.010662,0.0390831137534737,0.0001890716581584,-3.4941717397267047e-10,-0.025666,3.515853814605133,52.89,164093.0,8678878.77,0.004999999999999,52.9,52.89
2015-09-29,CINF,23473,CINCINNATI FINANCIAL CORP,,,0.007185,-0.1049318197969587,0.0005631687629059,2.6119634367884526e-10,0.001233,3.1469288756985367,53.27,164093.0,8741234.110000001,0.0150000000000005,53.28,53.25
2015-09-30,CINF,23473,CINCINNATI FINANCIAL CORP,,,0.009949,0.5034111880772054,0.0003717472118958,2.3820034978987536e-10,0.019076,4.739590964590964,53.8,163800.0,8812440.0,0.009999999999998,53.8,53.78
2015-10-01,CINF,23473,CINCINNATI FINANCIAL CORP,,,-0.004647,-0.0336139216456601,0.0003734827264238,-1.1566654735240411e-10,0.001974,4.580274725274725,53.55,163800.0,8771490.0,0.009999999999998,53.55,53.53
2015-10-02,CINF,23473,CINCINNATI FINANCIAL CORP,,,0.009524,0.0665445738681425,0.0005549389567147,2.2017038893004879e-10,0.014315,4.885067155067155,54.06,163800.0,8855028.0,0.0150000000000005,54.06,54.03
2015-10-05,CINF,23473,CINCINNATI FINANCIAL CORP,,,0.018313,-0.1478141004331558,0.0003633060853768,4.878467232960196e-10,0.01829,4.162985347985348,55.05,163800.0,9017190.0,0.009999999999998,55.05,55.03
2015-10-06,CINF,23473,CINCINNATI FINANCIAL CORP,,,-0.007629,-0.2083100526912422,0.0001830496064433,-2.5867979267543967e-10,-0.003588,3.2957936507936507,54.63,163800.0,8948394.0,0.004999999999999,54.64,54.63
2015-10-07,CINF,23473,CINCINNATI FINANCIAL CORP,,,0.011349,-0.0043067438978533,0.000180995475113,3.8214293765488987e-10,0.008036,3.281599511599512,55.25,163800.0,9049950.0,0.004999999999999,55.26,55.25
2015-10-08,CINF,23473,CINCINNATI FINANCIAL CORP,,,0.017557,-0.0331425828704099,0.0001778726431874,6.00893572859252e-10,0.008818,3.172838827838828,56.22,163800.0,9208836.0,0.004999999999999,56.22,56.21
2015-10-09,CINF,23473,CINCINNATI FINANCIAL CORP,,,-0.000889,-0.0894131546186245,0.0001780309773901,-3.3443679745197715e-11,0.000725,2.8891452991452997,56.17,163800.0,9200646.0,0.0050000000000025,56.17,56.16
2015-10-12,CINF,23473,CINCINNATI FINANCIAL CORP,,,0.00908,-0.0601806264025593,0.0003528581510232,3.6018724748196345e-10,0.001276,2.715274725274725,56.68,163800.0,9284184.0,0.009999999999998,56.69,56.67
2015-10-13,CINF,23473,CINCINNATI FINANCIAL CORP,,,-0.012879,0.7103237236994169,0.0001787310098302,-3.026049709806027e-10,-0.006825,4.643998778998779,55.95,163800.0,9164610.0,0.0050000000000025,55.95,55.94
2015-10-14,CINF,23473,CINCINNATI FINANCIAL CORP,,,-0.004111,-0.1594348266764123,0.0001794687724335,-1.1538755807717391e-10,-0.004716,3.903583638583639,55.72,163800.0,9126936.0,0.004999999999999,55.72,55.71
2015-10-15,CINF,23473,CINCINNATI FINANCIAL CORP,,,0.014178,0.0296055563983503,0.0003539196602371,3.811021515456351e-10,0.014853,4.019151404151404,56.51,163800.0,9256338.0,0.0100000000000015,56.52,56.5
2015-10-16,CINF,23473,CINCINNATI FINANCIAL CORP,,,0.006724,-0.3034843856565862,0.000351555633679,2.5775829486260747e-10,0.00457,2.7994017094017094,56.89,163800.0,9318582.0,0.0100000000000015,56.89,56.87
2015-10-19,CINF,23473,CINCINNATI FINANCIAL CORP,,,0.008437,-0.1351173938265196,0.0003486142583232,3.7082321538542136e-10,0.000271,2.421153846153846,57.37,163800.0,9397206.0,0.0100000000000015,57.39,57.37
2015-10-20,CINF,23473,CINCINNATI FINANCIAL CORP,,,0.006275,-0.0571479001979399,0.0001732201628269,2.906914887741343e-10,-0.001421,2.282789987789988,57.73,163800.0,9456174.0,0.004999999999999,57.73,57.72
2015-10-21,CINF,23473,CINCINNATI FINANCIAL CORP,,,0.004157,0.4263708109466972,0.0001725030188029,1.3445112012062629e-10,-0.005825,3.256105006105006,57.97,163800.0,9495486.0,0.0050000000000025,57.99,57.98
2015-10-22,CINF,23473,CINCINNATI FINANCIAL CORP,,,0.013973,0.3945945439205025,0.0003402517863219,3.1959488215865163e-10,0.016628,4.540946275946276,58.78,163800.0,9628164.0,0.0100000000000015,58.78,58.76
2015-10-23,CINF,23473,CINCINNATI FINANCIAL CORP,,,0.004423,-0.2372739164864004,0.0003387533875338,1.3205101107330159e-10,0.01103,3.4623989942142908,59.04,163852.0,9673822.08,0.009999999999998,59.05,59.03
2015-10-26,CINF,23473,CINCINNATI FINANCIAL CORP,,,0.002202,-0.0975320850100737,0.0003380091262464,7.268672725337769e-11,-0.001913,3.1247040011717893,59.17,163852.0,9695122.84,0.0100000000000015,59.17,59.15
2015-10-27,CINF,23473,CINCINNATI FINANCIAL CORP,,,0.001352,0.9981230065489688,0.0001687763713081,2.230516736363509e-11,-0.002554,6.243542953396968,59.25,163852.0,9708231.0,0.0050000000000025,59.2,59.19
2015-10-28,CINF,23473,CINCINNATI FINANCIAL CORP,,,0.025992,-0.0298157313123829,0.0001645007402532,4.3079482331900093e-10,0.01184,6.057387154261162,60.79,163852.0,9960563.08,0.004999999999999,60.79,60.78
2015-10-29,CINF,23473,CINCINNATI FINANCIAL CORP,,,0.00658,-0.3758804652826405,0.0003268507926132,1.73596348312907e-10,-0.00045,3.7805336523203863,61.19,163852.0,10026103.88,0.0100000000000015,61.21,61.19
2015-10-30,CINF,23473,CINCINNATI FINANCIAL CORP,,,-0.015689,0.4375895958982836,0.0001660302174995,-2.925112836605221e-10,-0.00481,5.434855845519127,60.23,163852.0,9868805.96,0.004999999999999,60.22,60.21
2015-11-02,CINF,23473,CINCINNATI FINANCIAL CORP,,,0.005313,-0.3075477927304741,0.0001651527663089,1.4229711279064407e-10,0.011874,3.7633779264214047,60.55,163852.0,9921238.6,0.0050000000000025,60.56,60.55
2015-11-03,CINF,23473,CINCINNATI FINANCIAL CORP,,,-0.003303,0.1386699143904761,0.0004971002485501,-7.794780197475836e-11,0.002728,4.285245221297268,60.35,163852.0,9888468.2,0.0150000000000005,60.36,60.33
2015-11-04,CINF,23473,CINCINNATI FINANCIAL CORP,,,0.001823,-0.302400070640579,0.0001653986106516,6.155802416371733e-11,-0.003545,2.98938676366477,60.46,163852.0,9906491.92,0.004999999999999,60.46,60.45
2015-11-05,CINF,23473,CINCINNATI FINANCIAL CORP,,,0.001985,-0.0488284400092279,0.0003301419610433,7.032966223125654e-11,-0.001132,2.8434196714107856,60.58,163852.0,9926154.16,0.0100000000000015,60.6,60.58
2015-11-06,CINF,23473,CINCINNATI FINANCIAL CORP,,,0.004622,0.2682185018244258,0.0004929346040092,1.2853198004334504e-10,-0.000348,3.606077435734688,60.86,163852.0,9972032.72,0.0150000000000005,60.86,60.83
2015-11-09,CINF,23473,CINCINNATI FINANCIAL CORP,,,-0.01068,-0.3893660628605954,0.000166085367879,-4.916260567317385e-10,-0.009823,2.20199326221224,60.21,163852.0,9865528.92,0.004999999999999,60.22,60.21
2015-11-10,CINF,23473,CINCINNATI FINANCIAL CORP,,,0.005979,0.6859598504438735,0.0001650982334489,1.6227664455971854e-10,0.001511,3.712472231037766,60.57,163852.0,9924515.64,0.0050000000000025,60.56,60.55
2015-11-11,CINF,23473,CINCINNATI FINANCIAL CORP,,,0.001486,-0.2286025224561726,0.0003297065611606,5.220633770971263e-11,-0.003228,2.8637917144740377,60.66,163852.0,9939262.32,0.0100000000000015,60.67,60.65
2015-11-12,CINF,23473,CINCINNATI FINANCIAL CORP,,,-0.01154,-0.0773552014116504,0.000667111407605,-4.4454575944487156e-10,-0.01399,2.6422625295998827,59.96,163852.0,9824565.92,0.0199999999999995,59.98,59.94
2015-11-13,CINF,23473,CINCINNATI FINANCIAL CORP,,,-0.007338,0.0214186723333487,0.0001680107526881,-2.787939077380824e-10,-0.011207,2.698856284940068,59.52,163852.0,9752471.04,0.004999999999999,59.53,59.52
2015-11-16,CINF,23473,CINCINNATI FINANCIAL CORP,,,0.012601,0.3390176227293182,0.0004977600796416,3.5309049087470853e-10,0.014903,3.61381612674853,60.27,163852.0,9875360.04,0.0150000000000005,60.27,60.24
2015-11-17,CINF,23473,CINCINNATI FINANCIAL CORP,,,-0.004646,-0.0345447206783634,0.0003333888981496,-1.3547226233071415e-10,-0.001339,3.4889778580670363,59.99,163852.0,9829481.48,0.009999999999998,60.01,59.99
2015-11-18,CINF,23473,CINCINNATI FINANCIAL CORP,,,0.009168,0.485141933542776,0.0001651800462503,1.7836690113587268e-10,0.016162,5.181627322217611,60.54,163852.0,9919600.08,0.004999999999999,60.54,60.53
2015-11-19,CINF,23473,CINCINNATI FINANCIAL CORP,,,0.003469,-0.3022720312831264,0.0001646090534979,9.639487944231574e-11,-0.001123,3.615366306178746,60.75,163852.0,9954009.0,0.004999999999999,60.75,60.74
2015-11-20,CINF,23473,CINCINNATI FINANCIAL CORP,,,0.004444,0.5433814158022232,0.0003277613897083,7.965710659930105e-11,0.00381,5.579889168273808,61.02,163852.0,9998249.04,0.0100000000000015,61.02,61.0
2015-11-23,CINF,23473,CINCINNATI FINANCIAL CORP,,,0.007047,-0.082289155572278,0.0001627339300244,1.3667818436548606e-10,-0.001235,5.120724800429656,61.45,163852.0,10068705.4,0.0050000000000025,61.45,61.44
2015-11-24,CINF,23473,CINCINNATI FINANCIAL CORP,,,-0.002767,-0.3046132429762074,0.00032637075718,-7.738927952975992e-11,0.001222,3.5608842125820863,61.28,163852.0,10040850.56,0.009999999999998,61.29,61.27
2015-11-25,CINF,23473,CINCINNATI FINANCIAL CORP,,,-0.006854,-0.0841294489063479,0.0004929346040092,-2.107504245406488e-10,-0.000129,3.2613089861582405,60.86,163852.0,9972032.72,0.0150000000000005,60.86,60.83
2015-11-27,CINF,23473,CINCINNATI FINANCIAL CORP,,,0.003615,-0.5020622337996752,0.0001637197118532,2.2242854074266223e-10,0.000594,1.6239289114566804,61.08,163852.0,10008080.16,0.004999999999999,61.08,61.07
2015-11-30,CINF,23473,CINCINNATI FINANCIAL CORP,,,0.000491,2.704157333774297,0.000327278677794,8.151940905895676e-12,-0.004641,6.015288186900373,61.11,163852.0,10012995.72,0.009999999999998,61.11,61.09
2015-12-01,CINF,23473,CINCINNATI FINANCIAL CORP,,,0.013418,-0.3102868558476568,0.0004880429477794,3.211056048583441e-10,0.010681,4.148823328369504,61.47,163852.0,10071982.44,0.0150000000000005,61.47,61.44
2015-12-02,CINF,23473,CINCINNATI FINANCIAL CORP,,,-0.008622,-0.0235748235124515,0.0003281916639317,-2.1315224517183207e-10,-0.010996,4.051015550618851,60.94,163852.0,9985140.88,0.0100000000000015,60.96,60.94
2015-12-03,CINF,23473,CINCINNATI FINANCIAL CORP,,,-0.014769,0.2195529455366114,0.0003331112591604,-3.0387438320135686e-10,-0.014374,4.940427947171838,60.04,163852.0,9837674.08,0.009999999999998,60.05,60.03
2015-12-04,CINF,23473,CINCINNATI FINANCIAL CORP,,,0.024151,-0.2354369801568624,0.0001626280696048,6.346013913144265e-10,0.020526,3.777268510607133,61.49,163852.0,10075259.48,0.0050000000000025,61.49,61.48
2015-12-07,CINF,23473,CINCINNATI FINANCIAL CORP,,,-0.001789,0.108924840809613,0.0001629195177581,-4.2467015373038674e-11,-0.00699,4.188706881820179,61.38,163852.0,10057235.76,0.004999999999999,61.39,61.38
2015-12-08,CINF,23473,CINCINNATI FINANCIAL CORP,,,-0.005702,-0.2539689477917264,0.0001638538423725,-1.8247157528555136e-10,-0.00649,3.124905402436345,61.03,163852.0,9999887.56,0.004999999999999,61.04,61.03
2015-12-09,CINF,23473,CINCINNATI FINANCIAL CORP,,,-0.013272,0.185181496107589,0.0003321155762205,-3.63180178564562e-10,-0.007739,3.703580060054195,60.22,163852.0,9867167.44,0.0100000000000015,60.24,60.22
2015-12-10,CINF,23473,CINCINNATI FINANCIAL CORP,,,-0.003819,-0.3121602270124366,0.0001666944490748,-1.5251411113750482e-10,0.002251,2.547469667748944,59.99,163852.0,9829481.48,0.004999999999999,60.0,59.99
2015-12-11,CINF,23473,CINCINNATI FINANCIAL CORP,,,-0.014169,0.1857894434222631,0.000169090294217,-4.84049228169311e-10,-0.019423,3.020762639455118,59.14,163852.0,9690207.28,0.004999999999999,59.15,59.14
2015-12-14,CINF,23473,CINCINNATI FINANCIAL CORP,,,0.005073,0.5415105928179764,0.0001695489996608,1.1273148619035495e-10,0.004756,4.656537607108854,58.98,163852.0,9663990.96,0.004999999999999,58.98,58.97
2015-12-15,CINF,23473,CINCINNATI FINANCIAL CORP,,,0.013055,0.1624872375924495,0.0005020920502092,2.4634055259592036e-10,0.010619,5.413165539633328,59.75,163852.0,9790157.0,0.0150000000000005,59.75,59.72
2015-12-16,CINF,23473,CINCINNATI FINANCIAL CORP,,,0.015063,-0.0008489691732866,0.0004946413849958,2.8025055083917417e-10,0.014515,5.408569928960281,60.65,163852.0,9937623.8,0.0150000000000005,60.65,60.62
2015-12-17,CINF,23473,CINCINNATI FINANCIAL CORP,,,-0.016488,-0.2743405871102059,0.0001676445934618,-4.298238418678712e-10,-0.015041,3.924779679222713,59.65,163852.0,9773771.8,0.004999999999999,59.65,59.64
2015-12-18,CINF,23473,CINCINNATI FINANCIAL CORP,,,-0.028164,2.068227584930717,0.0003450060376057,-2.4622743219830864e-10,-0.017797,12.042117276566657,57.97,163852.0,9498500.44,0.0100000000000015,57.99,57.97
2015-12-21,CINF,23473,CINCINNATI FINANCIAL CORP,,,0.00621,-0.7225193538169148,0.0001714383679068,1.944519610269222e-10,0.007778,3.3414544833142106,58.33,163852.0,9557487.16,0.0050000000000025,58.34,58.33
2015-12-22,CINF,23473,CINCINNATI FINANCIAL CORP,,,0.018344,-0.0185697273444577,0.0003367003367002,5.74726007741043e-10,0.008817,3.2794045846251496,59.4,163852.0,9732808.8,0.009999999999998,59.4,59.38
2015-12-23,CINF,23473,CINCINNATI FINANCIAL CORP,,,-0.000505,0.1332031853380653,0.0001684352366514,-1.39691440649899e-11,0.012418,3.7162317213094735,59.37,163852.0,9727893.24,0.004999999999999,59.37,59.36
2015-12-24,CINF,23473,CINCINNATI FINANCIAL CORP,,,0.004379,-0.4718300838216359,0.0001677008217341,2.2833997132334663e-10,-0.001599,1.9628017967434024,59.63,163852.0,9770494.76,0.0050000000000025,59.63,59.62
2015-12-28,CINF,23473,CINCINNATI FINANCIAL CORP,,,0.007043,0.0599827741139085,0.0003330557868443,3.4404692090706646e-10,-0.002179,2.080536093547836,60.05,163852.0,9839312.6,0.0100000000000015,60.06,60.04
2015-12-29,CINF,23473,CINCINNATI FINANCIAL CORP,,,0.00816,-0.0351833382223526,0.0003303600925007,4.0980376685234374e-10,0.01063,2.00733588848473,60.54,163852.0,9919600.08,0.009999999999998,60.54,60.52
2015-12-30,CINF,23473,CINCINNATI FINANCIAL CORP,,,-0.007268,0.1917173903790141,0.0001663893510814,-3.0852856102758824e-10,-0.007217,2.3921770866391623,60.1,163852.0,9847505.2,0.004999999999999,60.1,60.09
2015-12-31,CINF,23473,CINCINNATI FINANCIAL CORP,,,-0.015474,-0.0668379413362996,0.0001690045631231,-7.149882054785075e-10,-0.009412,2.23163514338011,59.17,163900.0,9697963.0,0.004999999999999,59.16,59.15
2016-01-04,CINF,23473,CINCINNATI FINANCIAL CORP,,,-0.027548,1.2558528016622694,0.0006951685783802,-5.802395310339483e-10,-0.015304,5.034240390482001,57.54,163900.0,9430806.0,0.0199999999999995,57.54,57.5
2016-01-05,CINF,23473,CINCINNATI FINANCIAL CORP,,,0.005909,-0.1928695740699444,0.0005183137525915,1.5329530196487343e-10,0.002012,4.063288590604027,57.88,163900.0,9486532.0,0.0150000000000005,57.88,57.85
2016-01-06,CINF,23473,CINCINNATI FINANCIAL CORP,,,-0.013649,-0.2394721707937108,0.0001751620248729,-4.720294097015899e-10,-0.013115,3.0902440512507625,57.09,163900.0,9357051.0,0.004999999999999,57.08,57.07
2016-01-07,CINF,23473,CINCINNATI FINANCIAL CORP,,,-0.022246,0.5068974572104934,0.000179147259047,-5.221636891576787e-10,-0.0237,4.656680902989628,55.82,163900.0,9148898.0,0.0050000000000025,55.81,55.8
2016-01-08,CINF,23473,CINCINNATI FINANCIAL CORP,,,-0.005195,0.2817473107713271,0.0003601656762109,-9.563129366985536e-11,-0.010838,5.968688224527151,55.53,163900.0,9101367.0,0.009999999999998,55.54,55.52
2016-01-11,CINF,23473,CINCINNATI FINANCIAL CORP,,,0.006483,-0.5473694325072476,0.0001789228842368,2.619631382782474e-10,0.000853,2.7016107382550336,55.89,163900.0,9160371.0,0.004999999999999,55.89,55.88
2016-01-12,CINF,23473,CINCINNATI FINANCIAL CORP,,,0.006799,0.2046414359724837,0.0001777145903678,2.2652106828377954e-10,0.007803,3.2544722391702257,56.27,163900.0,9222653.0,0.004999999999999,56.28,56.27
2016-01-13,CINF,23473,CINCINNATI FINANCIAL CORP,,,-0.018305,0.1053827464155019,0.0003620564808109,-5.620097589333362e-10,-0.024965,3.597437461866992,55.24,163900.0,9053836.0,0.009999999999998,55.26,55.24
2016-01-14,CINF,23473,CINCINNATI FINANCIAL CORP,,,0.017198,0.3301126149045148,0.000177967609895,3.902638222446603e-10,0.016696,4.784996949359366,56.19,163900.0,9209541.0,0.0050000000000025,56.2,56.19
2016-01-15,CINF,23473,CINCINNATI FINANCIAL CORP,,,-0.019043,0.1576834752716251,0.0003628447024674,-3.805184381263248e-10,-0.021599,5.539511897498475,55.12,163900.0,9034168.0,0.0100000000000015,55.13,55.11
2016-01-19,CINF,23473,CINCINNATI FINANCIAL CORP,,,0.002177,-0.302427730894368,0.0001810282404055,6.222502768839376e-11,0.000532,3.864209884075656,55.24,163900.0,9053836.0,0.0050000000000025,55.24,55.23
2016-01-20,CINF,23473,CINCINNATI FINANCIAL CORP,,,-0.01412,0.0618100116208568,0.000183621006243,-3.8554101217009184e-10,-0.011694,4.103056741915802,54.46,163900.0,8925994.0,0.004999999999999,54.46,54.45
2016-01-21,CINF,23473,CINCINNATI FINANCIAL CORP,,,-0.006427,0.0004847648518715,0.0001848087229716,-1.7653621453371003e-10,0.005195,4.105045759609518,54.11,163900.0,8868629.0,0.004999999999999,54.11,54.1
2016-01-22,CINF,23473,CINCINNATI FINANCIAL CORP,,,0.016078,-0.1854709378627472,0.0001818843215714,5.33609740036798e-10,0.020284,3.343679072605247,54.98,163900.0,9011222.0,0.004999999999999,54.98,54.97
2016-01-25,CINF,23473,CINCINNATI FINANCIAL CORP,,,-0.014915,0.2970061803298731,0.0001846381093057,-3.8743514678528767e-10,-0.015638,4.336772422208663,54.16,163900.0,8876824.0,0.004999999999999,54.16,54.15
2016-01-26,CINF,23473,CINCINNATI FINANCIAL CORP,,,0.014032,-0.0354672290400776,0.0001820830298615,3.7267175063386675e-10,0.014144,4.1829591214154975,54.92,163900.0,9001388.0,0.004999999999999,54.93,54.92
2016-01-27,CINF,23473,CINCINNATI FINANCIAL CORP,,,-0.001821,-0.1642854954951013,0.0003648303538855,-5.797628735462577e-11,-0.010863,3.495759609517999,54.82,163900.0,8984998.0,0.0100000000000015,54.84,54.82
2016-01-28,CINF,23473,CINCINNATI FINANCIAL CORP,,,0.016235,-0.0601391034199894,0.0001795009872553,5.411716530222776e-10,0.005529,3.2855277608297744,55.71,163900.0,9130869.0,0.004999999999999,55.71,55.7
2016-01-29,CINF,23473,CINCINNATI FINANCIAL CORP,,,0.034464,2.031602717187436,0.0005205622071837,3.663200415143666e-10,0.02476,9.960414887126296,57.63,163900.0,9445557.0,0.0150000000000005,57.63,57.6
2016-02-01,CINF,23473,CINCINNATI FINANCIAL CORP,,,0.00295,-0.6009315704876901,0.0003460207612456,7.834123675138149e-11,-0.000443,3.9748871262965215,57.8,163900.0,9473420.0,0.009999999999998,57.8,57.78
2016-02-02,CINF,23473,CINCINNATI FINANCIAL CORP,,,-0.016436,0.2693051556139521,0.0001759014951626,-3.4961967543815967e-10,-0.018743,5.045344722391702,56.85,163900.0,9317715.0,0.004999999999999,56.85,56.84
2016-02-03,CINF,23473,CINCINNATI FINANCIAL CORP,,,0.001935,0.0313000343438154,0.0005266853932584,3.983420538471831e-11,0.004992,5.20326418547895,56.96,163900.0,9335744.0,0.0150000000000005,57.0,56.97
2016-02-04,CINF,23473,CINCINNATI FINANCIAL CORP,,,0.036517,0.2834858673921072,0.0005081300813008,5.650707421218137e-10,0.001527,6.678316046369738,59.04,163900.0,9676656.0,0.0150000000000005,59.04,59.01
2016-02-05,CINF,23473,CINCINNATI FINANCIAL CORP,,,0.020495,-0.1876160266623788,0.0001659751037344,3.8254594508391036e-10,-0.018481,5.42535692495424,60.25,163900.0,9874975.0,0.004999999999999,60.26,60.25
2016-02-08,CINF,23473,CINCINNATI FINANCIAL CORP,,,0.011286,0.0904302216784223,0.0003282455276547,1.910309430580997e-10,-0.014154,5.915973154362416,60.93,163900.0,9986427.0,0.0100000000000015,60.95,60.93
2016-02-09,CINF,23473,CINCINNATI FINANCIAL CORP,,,0.005088,0.3150909420932564,0.0003265839320705,6.515548560893348e-11,-0.000664,7.7800427089688835,61.24,163900.0,10037236.0,0.0100000000000015,61.25,61.23
2016-02-10,CINF,23473,CINCINNATI FINANCIAL CORP,,,0.00098,-0.3816448117043577,0.0001631321370309,2.02752705204694e-11,-0.000189,4.810829774252593,61.3,163900.0,10047070.0,0.004999999999999,61.3,61.29
2016-02-11,CINF,23473,CINCINNATI FINANCIAL CORP,,,-0.012887,-0.1703041870905967,0.0001652619401751,-3.2554185469787485e-10,-0.012301,3.9915253203172663,60.51,163900.0,9917589.0,0.004999999999999,60.5,60.49
2016-02-12,CINF,23473,CINCINNATI FINANCIAL CORP,,,0.020823,1.025659917060398,0.0003237817710863,2.5437903829998783e-10,0.019518,8.085472849298352,61.77,163900.0,10124103.0,0.0100000000000015,61.77,61.75
2016-02-16,CINF,23473,CINCINNATI FINANCIAL CORP,,,0.005504,-0.3736165389761162,0.000805023345677,1.0675598627632324e-10,0.016517,5.0646064673581455,62.11,163900.0,10179829.0,0.0250000000000021,62.1,62.05
2016-02-17,CINF,23473,CINCINNATI FINANCIAL CORP,,,0.005474,0.1787278231611309,0.0001601281024819,8.958476455966421e-11,0.01648,5.969792556436852,62.45,163900.0,10235555.0,0.004999999999999,62.44,62.43
2016-02-18,CINF,23473,CINCINNATI FINANCIAL CORP,,,0.00048,-0.3340204752623795,0.0001600512163892,1.1789656332048456e-11,-0.004666,3.975759609517999,62.48,163900.0,10240472.0,0.004999999999999,62.48,62.47
2016-02-19,CINF,23473,CINCINNATI FINANCIAL CORP,,,0.00144,0.1801598153544896,0.0001598210004794,2.9926535542509303e-11,-2.6e-05,4.679469392722405,62.57,164340.0,10282753.8,0.004999999999999,62.57,62.56
2016-02-22,CINF,23473,CINCINNATI FINANCIAL CORP,,,0.008151,-0.1014844790279627,0.000158528852251,1.8700522080216439e-10,0.014454,4.204575879274675,63.08,164340.0,10366567.2,0.004999999999999,63.08,63.07
2016-02-23,CINF,23473,CINCINNATI FINANCIAL CORP,,,-0.00539,0.5008784624735882,0.0003187759005419,-8.283869490505254e-11,-0.012454,6.310557381039309,62.74,164340.0,10310691.6,0.0100000000000015,62.74,62.72
2016-02-24,CINF,23473,CINCINNATI FINANCIAL CORP,,,0.002869,-0.1448995590491352,0.0001589319771138,5.141782492650343e-11,0.00444,5.396160399172447,62.92,164340.0,10340272.8,0.0050000000000025,62.92,62.91
2016-02-25,CINF,23473,CINCINNATI FINANCIAL CORP,,,0.013191,0.1970331696370679,0.000156862745098,1.9492305676103332e-10,0.011348,6.45938298649142,63.75,164340.0,10476675.0,0.004999999999999,63.75,63.74
2016-02-26,CINF,23473,CINCINNATI FINANCIAL CORP,,,-0.002824,-0.3010583730164338,0.0003146138115463,-5.987385985104319e-11,-0.00187,4.514731653888281,63.57,164340.0,10447093.8,0.0100000000000015,63.57,63.55
2016-02-29,CINF,23473,CINCINNATI FINANCIAL CORP,,,-0.006764,0.512504195020965,0.0006335128286347,-9.546127025223691e-11,-0.008121,6.827968896406537,63.14,164354.0,10377311.56,0.0199999999999995,63.18,63.14
2016-03-01,CINF,23473,CINCINNATI FINANCIAL CORP,,,0.014729,-0.0321786413165521,0.0003121585765568,2.1166620510888326e-10,0.023869,6.608254134368497,64.07,164354.0,10530160.78,0.009999999999998,64.08,64.06
2016-03-02,CINF,23473,CINCINNATI FINANCIAL CORP,,,0.002966,0.0336941679948217,0.0001556178026767,4.1112259393426596e-11,0.004094,6.830913759324385,64.26,164354.0,10561388.04,0.0050000000000025,64.25,64.24
2016-03-03,CINF,23473,CINCINNATI FINANCIAL CORP,,,0.003735,-0.4957886785999316,0.00015503875969,1.0229613325546228e-10,0.003499,3.444224052958857,64.5,164354.0,10600833.0,0.0050000000000025,64.5,64.49
2016-03-04,CINF,23473,CINCINNATI FINANCIAL CORP,,,0.00031,0.0719625771986602,0.0003099814011158,7.918009843800614e-12,0.003306,3.692079292259392,64.52,164354.0,10604120.08,0.009999999999998,64.52,64.5
2016-03-07,CINF,23473,CINCINNATI FINANCIAL CORP,,,-0.00496,-0.1913784920436118,0.0004672897196261,-1.5745268175502702e-10,0.000885,2.9854947248013435,64.2,164354.0,10551526.8,0.0150000000000005,64.23,64.2
2016-03-08,CINF,23473,CINCINNATI FINANCIAL CORP,,,-0.002648,0.871094689388968,0.0003123535842573,-4.5044536905557677e-11,-0.01124,5.586143324774572,64.03,164354.0,10523586.62,0.009999999999998,64.05,64.03
2016-03-09,CINF,23473,CINCINNATI FINANCIAL CORP,,,-0.000625,-0.3600100206403407,0.0001562744178777,-1.6622731139290594e-11,0.005052,3.575075751122577,63.99,164354.0,10517012.46,0.004999999999999,64.0,63.99
2016-03-10,CINF,23473,CINCINNATI FINANCIAL CORP,,,0.001875,1.838057245165748,0.0004679457182966,1.7538353418452097e-11,0.000156,10.146269637489809,64.11,164354.0,10536734.94,0.0150000000000005,64.14,64.11
2016-03-11,CINF,23473,CINCINNATI FINANCIAL CORP,,,0.027921,-0.5287992180285204,0.0001517450682853,5.392037125086154e-10,0.016396,4.780930187278679,65.9,164354.0,10830928.6,0.0050000000000025,65.9,65.89
2016-03-14,CINF,23473,CINCINNATI FINANCIAL CORP,,,-0.010926,-0.2188682366865411,0.0004602638846272,-2.7310513237711713e-10,-0.001261,3.734536427467539,65.18,164354.0,10712593.72,0.0150000000000005,65.19,65.16
2016-03-15,CINF,23473,CINCINNATI FINANCIAL CORP,,,-0.001074,0.0593333832964584,0.000153586238673,-2.5369210330114552e-11,-0.001837,3.9561191087530574,65.11,164354.0,10701088.94,0.0050000000000025,65.12,65.11
2016-03-16,CINF,23473,CINCINNATI FINANCIAL CORP,,,0.003379,-0.0685031159451495,0.0003061380682687,8.539736888997996e-11,0.0056,3.685112622753325,65.33,164354.0,10737246.82,0.009999999999998,65.33,65.31
2016-03-17,CINF,23473,CINCINNATI FINANCIAL CORP,,,0.007194,0.4605036133955682,0.0001519756838906,1.2359783419896544e-10,0.006595,5.3821203013008505,65.8,164354.0,10814493.2,0.0050000000000025,65.79,65.78
2016-03-18,CINF,23473,CINCINNATI FINANCIAL CORP,,,-0.000304,2.3260284905824617,0.0001520218911524,-1.5707970256195656e-12,0.004406,17.90108546186889,65.78,164354.0,10811206.12,0.0050000000000025,65.78,65.77
2016-03-21,CINF,23473,CINCINNATI FINANCIAL CORP,,,-0.001216,-0.7661478222299264,0.0001533272002454,-2.7098903447329064e-11,0.000986,4.186207819706244,65.22,164354.0,10719167.88,0.0050000000000025,65.23,65.22
2016-03-22,CINF,23473,CINCINNATI FINANCIAL CORP,,,-0.001073,-0.3491657219266881,0.0001534919416731,-3.678017749849721e-11,-0.000877,2.724527544203366,65.15,164354.0,10707663.1,0.0050000000000025,65.15,65.14
2016-03-23,CINF,23473,CINCINNATI FINANCIAL CORP,,,-0.000921,0.1082411950324595,0.0003072668612689,-2.8512781631734445e-11,-0.006386,3.0194336614867905,65.09,164354.0,10697801.86,0.009999999999998,65.1,65.08
2016-03-24,CINF,23473,CINCINNATI FINANCIAL CORP,,,-0.005377,0.1598287980397215,0.0003089280197715,-1.4430044914543984e-10,-0.000378,3.5020261143628995,64.74,164354.0,10640277.96,0.0100000000000051,64.76,64.74
2016-03-28,CINF,23473,CINCINNATI FINANCIAL CORP,,,0.007569,-0.2298304990513784,0.000306607389238,2.617611269809957e-10,0.000545,2.697153704807915,65.23,164354.0,10720811.42,0.009999999999998,65.24,65.22
2016-03-29,CINF,23473,CINCINNATI FINANCIAL CORP,,,0.008125,0.1276551587229972,0.0001520681265207,2.4717200425316176e-10,0.008817,3.041459289095489,65.76,164354.0,10807919.04,0.0050000000000025,65.75,65.74
2016-03-30,CINF,23473,CINCINNATI FINANCIAL CORP,,,0.001673,0.3683313461738511,0.000455442538333,3.713254495792584e-11,0.00435,4.161724083380995,65.87,164354.0,10825997.98,0.0150000000000005,65.88,65.85
2016-03-31,CINF,23473,CINCINNATI FINANCIAL CORP,,,-0.007743,0.3797858467008579,0.0003059975520195,-1.2552550231029435e-10,-0.00204,5.740681265206812,65.36,164400.0,10745184.0,0.009999999999998,65.35,65.33
2016-04-01,CINF,23473,CINCINNATI FINANCIAL CORP,,,0.00918,-0.0589329157165744,0.0001516070345662,1.5670260027535784e-10,0.006331,5.402366180048662,65.96,164400.0,10843823.999999998,0.0049999999999954,65.96,65.95
2016-04-04,CINF,23473,CINCINNATI FINANCIAL CORP,,,-0.007429,-0.5358267587983547,0.0003054834275239,-2.7524667779362507e-10,-0.003208,2.507633819951338,65.47,164400.0,10763268.0,0.009999999999998,65.47,65.45
2016-04-05,CINF,23473,CINCINNATI FINANCIAL CORP,,,-0.012678,0.0465270281743095,0.0001547029702971,-4.546037552326979e-10,-0.010145,2.624306569343066,64.64,164400.0,10626816.0,0.0050000000000025,64.64,64.63
2016-04-06,CINF,23473,CINCINNATI FINANCIAL CORP,,,0.009282,0.3384580795297565,0.0001532801961987,2.463805709350586e-10,0.010508,3.512524330900243,65.24,164400.0,10725456.0,0.0050000000000025,65.25,65.24
2016-04-07,CINF,23473,CINCINNATI FINANCIAL CORP,,,-0.014255,0.3989356820137879,0.0001554968123152,-2.743909668339398e-10,-0.011976,4.9137956204379565,64.31,164400.0,10572564.0,0.0049999999999954,64.32,64.31
2016-04-08,CINF,23473,CINCINNATI FINANCIAL CORP,,,0.005287,-0.4978559792431062,0.0001546790409898,2.016014184076371e-10,0.002787,2.467433090024331,64.65,164400.0,10628460.000000002,0.0049999999999954,64.66,64.65
2016-04-11,CINF,23473,CINCINNATI FINANCIAL CORP,,,0.001701,0.0030913653776938,0.0003088326127238,6.455201207217498e-11,-0.00274,2.475060827250608,64.76,164400.0,10646544.0,0.009999999999998,64.78,64.76
2016-04-12,CINF,23473,CINCINNATI FINANCIAL CORP,,,0.013897,0.275679528139592,0.0004568991775814,4.0774712088898254e-10,0.009662,3.1573844282238444,65.66,164400.0,10794504.0,0.0150000000000005,65.65,65.62
2016-04-13,CINF,23473,CINCINNATI FINANCIAL CORP,,,0.006244,0.1500325579782457,0.000454063871651,1.5831394677129744e-10,0.01004,3.631094890510949,66.07,164400.0,10861907.999999998,0.0149999999999934,66.07,66.04
2016-04-14,CINF,23473,CINCINNATI FINANCIAL CORP,,,-0.004087,-0.3922727455473807,0.0001519756838906,-1.7121058813530648e-10,0.000173,2.206715328467153,65.8,164400.0,10817520.0,0.0050000000000025,65.81,65.8
2016-04-15,CINF,23473,CINCINNATI FINANCIAL CORP,,,0.001216,0.4788358913292758,0.0003035822707953,3.440423275456655e-11,-0.000984,3.263369829683698,65.88,164400.0,10830672.0,0.009999999999998,65.89,65.87
2016-04-18,CINF,23473,CINCINNATI FINANCIAL CORP,,,0.001063,-0.2304407472162059,0.0001516300227445,3.903986372788503e-11,0.006541,2.5113564476885646,65.95,164400.0,10842180.0,0.0050000000000025,65.95,65.94
2016-04-19,CINF,23473,CINCINNATI FINANCIAL CORP,,,0.001061,-0.0757628970104173,0.0001514692517417,4.2115920117339456e-11,0.003085,2.321088807785888,66.02,164400.0,10853688.0,0.0049999999999954,66.02,66.01
2016-04-20,CINF,23473,CINCINNATI FINANCIAL CORP,,,-0.005604,-0.1248155728575659,0.0001523229246002,-2.5560552925935623e-10,0.000762,2.031380778588808,65.65,164400.0,10792860.000000002,0.0050000000000025,65.65,65.64
2016-04-21,CINF,23473,CINCINNATI FINANCIAL CORP,,,-0.024981,0.8472806542120439,0.0003124511795031,-6.326098622153991e-10,-0.005194,3.752530413625304,64.01,164400.0,10523244.0,0.009999999999998,64.03,64.01
2016-04-22,CINF,23473,CINCINNATI FINANCIAL CORP,,,0.009061,-0.1901312334256203,0.0004644681839294,2.807825808352265e-10,4.8e-05,3.0375790369649804,64.59,164480.0,10623763.2,0.0150000000000005,64.59,64.56
2016-04-25,CINF,23473,CINCINNATI FINANCIAL CORP,,,-0.000464,-0.2333028435554149,0.0003097893432465,-1.876246616262013e-11,-0.001812,2.3289032101167315,64.56,164480.0,10618828.8,0.009999999999998,64.58,64.56
2016-04-26,CINF,23473,CINCINNATI FINANCIAL CORP,,,-0.000929,1.202120827655342,0.0006201550387595,-1.7074591335554685e-11,0.001873,5.128526264591439,64.5,164480.0,10608960.0,0.019999999999996,64.58,64.54
2016-04-27,CINF,23473,CINCINNATI FINANCIAL CORP,,,0.027752,0.5120812291059107,0.000301704631166,3.2822031986338245e-10,0.001649,7.75474829766537,66.29,164480.0,10903379.2,0.009999999999998,66.31,66.29
2016-04-28,CINF,23473,CINCINNATI FINANCIAL CORP,,,-0.002715,-0.5301116972860076,0.0003025260928754,-6.852155962086912e-11,-0.009231,3.6438655155642015,66.11,164480.0,10873772.8,0.009999999999998,66.13,66.11
2016-04-29,CINF,23473,CINCINNATI FINANCIAL CORP,,,-0.001513,0.1313705173832013,0.0003029843963035,-3.3802506168701006e-11,-0.005063,4.122562013618677,66.01,164480.0,10857324.8,0.009999999999998,66.03,66.01
2016-05-02,CINF,23473,CINCINNATI FINANCIAL CORP,,,0.007726,-0.2840642462014013,0.0003006614552013,2.3924789044705445e-10,0.00781,2.9514895428015566,66.52,164480.0,10941209.6,0.009999999999998,66.55,66.53
2016-05-03,CINF,23473,CINCINNATI FINANCIAL CORP,,,-0.000752,-0.1018310430704011,0.0003008876184744,-2.5946559275458778e-11,-0.008677,2.650936284046693,66.47,164480.0,10932985.6,0.009999999999998,66.49,66.47
2016-05-04,CINF,23473,CINCINNATI FINANCIAL CORP,,,-0.005416,0.1717718668152816,0.0004537891393132,-1.6034523000665115e-10,-0.005937,3.106292558365759,66.11,164480.0,10873772.8,0.0150000000000005,66.12,66.09
2016-05-05,CINF,23473,CINCINNATI FINANCIAL CORP,,,0.008168,-0.1658743098275082,0.0001500375093774,2.8756009906614397e-10,-0.000239,2.591038424124513,66.65,164480.0,10962592.000000002,0.0050000000000025,66.65,66.64
2016-05-06,CINF,23473,CINCINNATI FINANCIAL CORP,,,0.0018,-0.0976572949077138,0.0001497678598171,7.010236446570967e-11,0.003175,2.338004620622568,66.77,164480.0,10982329.6,0.0049999999999954,66.77,66.76
2016-05-09,CINF,23473,CINCINNATI FINANCIAL CORP,,,0.007339,0.3406534825967677,0.0004460303300624,2.1164354222331774e-10,0.000753,3.1344540369649807,67.26,164480.0,11062924.8,0.0150000000000005,67.26,67.23
2016-05-10,CINF,23473,CINCINNATI FINANCIAL CORP,,,0.009961,0.0463539292606995,0.0002944207272193,2.718239460926543e-10,0.012484,3.27974829766537,67.93,164480.0,11173126.4,0.0100000000000051,67.93,67.91
2016-05-11,CINF,23473,CINCINNATI FINANCIAL CORP,,,-0.010158,-0.2172070597438516,0.0002974419988101,-3.5775028700321313e-10,-0.009562,2.567363813229572,67.24,164480.0,11059635.2,0.009999999999998,67.24,67.22
2016-05-12,CINF,23473,CINCINNATI FINANCIAL CORP,,,0.013236,0.563356067064507,0.0002935564362248,2.9427946192006215e-10,-0.00017,4.013703793774319,68.13,164480.0,11206022.4,0.009999999999998,68.13,68.11
2016-05-13,CINF,23473,CINCINNATI FINANCIAL CORP,,,-0.006458,-0.4147239970068497,0.000147732309056,-2.469189334660822e-10,-0.008478,2.349124513618677,67.69,164480.0,11133651.2,0.0050000000000025,67.7,67.69
2016-05-16,CINF,23473,CINCINNATI FINANCIAL CORP,,,0.003546,0.2008985879332476,0.0002944207272193,1.1249977357279076e-10,0.009797,2.8210603112840467,67.93,164480.0,11173126.4,0.0100000000000051,67.93,67.91
2016-05-17,CINF,23473,CINCINNATI FINANCIAL CORP,,,-0.01796,0.2996586265754037,0.0002998051266676,-4.4643746102751354e-10,-0.009411,3.6664153696498056,66.71,164480.0,10972460.8,0.009999999999998,66.74,66.72
2016-05-18,CINF,23473,CINCINNATI FINANCIAL CORP,,,0.01574,0.625838236172005,0.0004427390791027,2.369186425174701e-10,0.000205,5.96099829766537,67.76,164480.0,11145164.8,0.0150000000000005,67.75,67.72
2016-05-19,CINF,23473,CINCINNATI FINANCIAL CORP,,,-0.001623,-0.6182678626978015,0.0001478196600146,-6.410027605477018e-11,-0.003707,2.275504620622568,67.65,164480.0,11127072.000000002,0.0049999999999954,67.66,67.65
2016-05-20,CINF,23473,CINCINNATI FINANCIAL CORP,,,0.007539,0.5022055974884778,0.000293427230047,1.9672699882647062e-10,0.006019,3.4182757782101167,68.16,164480.0,11210956.8,0.0100000000000051,68.15,68.13
2016-05-23,CINF,23473,CINCINNATI FINANCIAL CORP,,,-0.006455,-0.0764747313415314,0.0002953337271115,-1.8357364003474407e-10,-0.002085,3.156864056420233,67.72,164480.0,11138585.6,0.009999999999998,67.74,67.72
2016-05-24,CINF,23473,CINCINNATI FINANCIAL CORP,,,0.017572,0.2332828108720228,0.0004353504571179,3.9820553150580647e-10,0.013681,3.8933061770428017,68.91,164480.0,11334316.8,0.0150000000000005,68.91,68.88
2016-05-25,CINF,23473,CINCINNATI FINANCIAL CORP,,,-0.003048,-0.2309255103682084,0.0002911208151382,-9.008617833568036e-11,0.006975,2.994242461089494,68.7,164480.0,11299776.0,0.009999999999998,68.69,68.67
2016-05-26,CINF,23473,CINCINNATI FINANCIAL CORP,,,-0.000873,-0.1400872702759227,0.0002913752913752,-3.003188060602329e-11,-0.00021,2.574787208171206,68.64,164480.0,11289907.2,0.009999999999998,68.64,68.62
2016-05-27,CINF,23473,CINCINNATI FINANCIAL CORP,,,0.009324,0.2497750890788923,0.0002886836027713,2.5427758716449154e-10,0.004287,3.217904912451362,69.28,164480.0,11395174.4,0.009999999999998,69.28,69.26
2016-05-31,CINF,23473,CINCINNATI FINANCIAL CORP,,,-0.002598,0.8411543206727616,0.0004341534008683,-3.858198819810544e-11,-0.001,5.92465953307393,69.1,164480.0,11365567.999999998,0.0150000000000005,69.09,69.06
2016-06-01,CINF,23473,CINCINNATI FINANCIAL CORP,,,0.003763,-0.5439441019283973,0.0004325259515571,1.2207607619121975e-10,0.00113,2.701975924124514,69.36,164480.0,11408332.8,0.0150000000000005,69.37,69.34
2016-06-02,CINF,23473,CINCINNATI FINANCIAL CORP,,,0.003749,0.0145357667616967,0.0002872737719047,1.1943166499258556e-10,0.002825,2.741251215953308,69.62,164480.0,11451097.6,0.0100000000000051,69.62,69.6
2016-06-03,CINF,23473,CINCINNATI FINANCIAL CORP,,,-0.001867,0.1566976652376126,0.0004317167937832,-5.151577202806473e-11,-0.002912,3.1707988813229573,69.49,164480.0,11429715.2,0.0150000000000005,69.5,69.47
2016-06-06,CINF,23473,CINCINNATI FINANCIAL CORP,,,-0.001439,-0.2969035516448624,0.0002882259691597,-5.6554505413455415e-11,0.004897,2.229377431906615,69.39,164480.0,11413267.2,0.009999999999998,69.39,69.37
2016-06-07,CINF,23473,CINCINNATI FINANCIAL CORP,,,0.002594,0.5793290208569684,0.0001437401178667,6.438410379639659e-11,0.001289,3.5209204766536963,69.57,164480.0,11442873.6,0.0049999999999954,69.57,69.56
2016-06-08,CINF,23473,CINCINNATI FINANCIAL CORP,,,0.008337,-0.041863444772336,0.0002851033499645,2.1418319993916546e-10,0.003309,3.3735226167315173,70.15,164480.0,11538272.000000002,0.0100000000000051,70.15,70.13
2016-06-09,CINF,23473,CINCINNATI FINANCIAL CORP,,,0.00841,0.0909697104042877,0.0002827254735651,1.9639097393286117e-10,-0.001718,3.6804109922178982,70.74,164480.0,11635315.2,0.009999999999998,70.74,70.72
2016-06-10,CINF,23473,CINCINNATI FINANCIAL CORP,,,-0.003817,-0.1335136135220053,0.0002838087129276,-1.0326347320217656e-10,-0.009175,3.189026021400778,70.47,164480.0,11590905.6,0.0100000000000051,70.48,70.46
2016-06-13,CINF,23473,CINCINNATI FINANCIAL CORP,,,-0.009933,0.1500197319128897,0.000286656155941,-2.3601263856542167e-10,-0.008115,3.667442850194552,69.77,164480.0,11475769.6,0.0100000000000051,69.79,69.77
2016-06-14,CINF,23473,CINCINNATI FINANCIAL CORP,,,-0.001433,-0.0217283549478549,0.0002870676044207,-3.485494981775261e-11,-0.001799,3.5877553501945525,69.67,164480.0,11459321.6,0.009999999999998,69.69,69.67
2016-06-15,CINF,23473,CINCINNATI FINANCIAL CORP,,,-0.008468,-0.0304042947633846,0.0002895193977998,-2.1424067068708867e-10,-0.001841,3.478672178988327,69.08,164480.0,11362278.4,0.0100000000000051,69.09,69.07
2016-06-16,CINF,23473,CINCINNATI FINANCIAL CORP,,,0.00883,-0.0493802562865711,0.000286985220261,2.3294683159097624e-10,0.003133,3.3068944552529183,69.69,164480.0,11462611.2,0.009999999999998,69.69,69.67
2016-06-17,CINF,23473,CINCINNATI FINANCIAL CORP,,,-0.007031,0.9760294750311628,0.0001445086705203,-9.4533155293157e-11,-0.003258,6.534520914396887,69.2,164480.0,11382016.0,0.0050000000000025,69.22,69.21
2016-06-20,CINF,23473,CINCINNATI FINANCIAL CORP,,,0.014306,-0.3781250058150461,0.0002869028833739,3.070387535382133e-10,0.005808,4.063655155642024,69.71,164480.0,11465900.8,0.009999999999998,69.72,69.7
2016-06-21,CINF,23473,CINCINNATI FINANCIAL CORP,,,0.009898,-0.2697871003456066,0.0001420454545455,2.880682179067441e-10,0.002712,2.967333414396887,70.4,164480.0,11579392.000000002,0.0050000000000025,70.4,70.39
2016-06-22,CINF,23473,CINCINNATI FINANCIAL CORP,,,0.002557,-0.0898421733081729,0.0001416831963729,8.155543744862462e-11,-0.001652,2.700741731517509,70.58,164480.0,11608998.4,0.0050000000000025,70.58,70.57
2016-06-23,CINF,23473,CINCINNATI FINANCIAL CORP,,,0.017569,0.2158287147301549,0.0004177109440267,4.5293209228816036e-10,0.013364,3.283639348249028,71.82,164480.0,11812953.6,0.0150000000000005,71.83,71.8
2016-06-24,CINF,23473,CINCINNATI FINANCIAL CORP,,,-0.022417,1.986063511284168,0.000569719413189,-1.9797526348530204e-10,-0.03592,9.805155642023346,70.21,164480.0,11548140.8,0.0200000000000031,70.26,70.22
2016-06-27,CINF,23473,CINCINNATI FINANCIAL CORP,,,-0.010682,-0.4131596178457692,0.0002879355024475,-1.6249133780613423e-10,-0.018097,5.754061284046693,69.46,164480.0,11424780.8,0.0100000000000051,69.48,69.46
2016-06-28,CINF,23473,CINCINNATI FINANCIAL CORP,,,0.028506,-0.1969827604424213,0.0001399776035834,5.25027903724636e-10,0.01777,4.620610408560311,71.44,164480.0,11750451.2,0.0050000000000025,71.45,71.44
2016-06-29,CINF,23473,CINCINNATI FINANCIAL CORP,,,0.020157,-0.1084594959460419,0.0002744237102085,4.0819154408436516e-10,0.017033,4.119461332684825,72.88,164480.0,11987302.4,0.009999999999998,72.88,72.86
2016-06-30,CINF,23473,CINCINNATI FINANCIAL CORP,,,0.02758,0.472250058665612,0.000133529176125,3.6917758365507526e-10,0.013565,6.064139817629179,74.89,164500.0,12319405.0,0.0050000000000025,74.89,74.88
2016-07-01,CINF,23473,CINCINNATI FINANCIAL CORP,,,-0.003205,-0.406525581148232,0.0002679169457467,-7.252055341943554e-11,0.001949,3.598911854103344,74.65,164500.0,12279925.000000002,0.009999999999998,74.66,74.64
2016-07-05,CINF,23473,CINCINNATI FINANCIAL CORP,,,0.002009,0.1882804832936668,0.000133689839572,3.81787989970724e-11,-0.006848,4.276516717325228,74.8,164500.0,12304600.0,0.0049999999999954,74.8,74.79
2016-07-06,CINF,23473,CINCINNATI FINANCIAL CORP,,,0.002941,-0.1154108036111541,0.0002665955745135,6.299705644122461e-11,0.005353,3.782960486322189,75.02,164500.0,12340790.0,0.0100000000000051,75.04,75.02
2016-07-07,CINF,23473,CINCINNATI FINANCIAL CORP,,,-0.000666,-0.1426633906318044,0.0002667733760172,-1.6650897291878715e-11,-0.000872,3.243270516717325,74.97,164500.0,12332565.0,0.0100000000000051,74.98,74.96
2016-07-08,CINF,23473,CINCINNATI FINANCIAL CORP,,,0.009737,0.0594637856642137,0.0002642007926023,2.275590425329772e-10,0.015253,3.4361276595744683,75.7,164500.0,12452650.0,0.009999999999998,75.72,75.7
2016-07-11,CINF,23473,CINCINNATI FINANCIAL CORP,,,0.006077,-0.2203795535725342,0.0002626050420167,1.8106891023272644e-10,0.003409,2.678875379939209,76.16,164500.0,12528320.0,0.009999999999998,76.16,76.14
2016-07-12,CINF,23473,CINCINNATI FINANCIAL CORP,,,-0.000919,0.4527985476825324,0.0002628466289919,-1.8865317429510263e-11,0.007009,3.891866261398176,76.09,164500.0,12516805.0,0.009999999999998,76.11,76.09
2016-07-13,CINF,23473,CINCINNATI FINANCIAL CORP,,,0.001446,-0.107250410801422,0.0002624671916009,3.3201664166599723e-11,0.000135,3.4744620060790274,76.2,164500.0,12534900.0,0.009999999999998,76.21,76.19
2016-07-14,CINF,23473,CINCINNATI FINANCIAL CORP,,,0.007349,-0.1935757039203988,0.0001302761855133,2.0771899289388944e-10,0.005259,2.801890577507599,76.76,164500.0,12627020.0,0.0050000000000025,76.76,76.75
2016-07-15,CINF,23473,CINCINNATI FINANCIAL CORP,,,-0.010422,0.7738392010605084,0.0002632964718272,-1.6781655108502186e-10,-0.000929,4.970103343465046,75.96,164500.0,12495419.999999998,0.009999999999998,75.96,75.94
2016-07-18,CINF,23473,CINCINNATI FINANCIAL CORP,,,-0.006056,-0.0326303661284128,0.0002649006622516,-1.0141802359047536e-10,0.002382,4.807927051671733,75.5,164500.0,12419750.0,0.009999999999998,75.5,75.48
2016-07-19,CINF,23473,CINCINNATI FINANCIAL CORP,,,-0.004503,-0.2207575129219222,0.0002660989888237,-9.721175411838946e-11,-0.001435,3.7465410334346494,75.16,164500.0,12363820.0,0.009999999999998,75.19,75.17
2016-07-20,CINF,23473,CINCINNATI FINANCIAL CORP,,,-0.003326,-0.1759612919556195,0.0002669870511279,-8.742556334932811e-11,0.00427,3.0872948328267475,74.91,164500.0,12322695.0,0.009999999999998,74.92,74.9
2016-07-21,CINF,23473,CINCINNATI FINANCIAL CORP,,,-0.011347,0.2503524593391879,0.0001350256548743,-2.412797566409209e-10,-0.003612,3.8602066869300913,74.06,164500.0,12182870.0,0.0049999999999954,74.07,74.06
2016-07-22,CINF,23473,CINCINNATI FINANCIAL CORP,,,0.011342,-0.3279601388337712,0.0001335113484646,3.548430723250522e-10,0.004554,2.593014777367295,74.9,164576.0,12326742.4,0.0050000000000025,74.9,74.89
2016-07-25,CINF,23473,CINCINNATI FINANCIAL CORP,,,0.000534,0.3327256366755087,0.0001334400854015,1.252896862957699e-11,-0.003011,3.455777270075832,74.94,164576.0,12333325.44,0.0049999999999954,74.94,74.93
2016-07-26,CINF,23473,CINCINNATI FINANCIAL CORP,,,-0.000801,0.1938889260081091,0.000133547008547,-1.5753987989301167e-11,0.000323,4.12581421349407,74.88,164576.0,12323450.88,0.0050000000000025,74.89,74.88
2016-07-27,CINF,23473,CINCINNATI FINANCIAL CORP,,,-0.000668,0.0453704658252456,0.0002672724842976,-1.2576341473287575e-11,-0.001199,4.3130043262687145,74.83,164576.0,12315222.08,0.009999999999998,74.85,74.83
2016-07-28,CINF,23473,CINCINNATI FINANCIAL CORP,,,0.005479,-0.2377401499259668,0.0001329080276447,1.3458698741671358e-10,0.001606,3.287630031110247,75.24,164576.0,12382698.239999998,0.0049999999999954,75.24,75.23
2016-07-29,CINF,23473,CINCINNATI FINANCIAL CORP,,,-0.007177,1.6679696524447154,0.0001338688085674,-6.655673630470073e-11,0.001631,8.771297151468016,74.7,164576.0,12293827.2,0.0049999999999954,74.71,74.7
2016-08-01,CINF,23473,CINCINNATI FINANCIAL CORP,,,0.005087,-0.5503056711082785,0.0001331912626532,1.0437337721352339e-10,-0.00127,3.944402586039277,75.08,164576.0,12356366.08,0.0050000000000025,75.08,75.07
2016-08-02,CINF,23473,CINCINNATI FINANCIAL CORP,,,-0.002531,-0.163976498642849,0.000133529176125,-6.227333018351172e-11,-0.006362,3.2976132607427573,74.89,164576.0,12325096.64,0.0050000000000025,74.9,74.89
2016-08-03,CINF,23473,CINCINNATI FINANCIAL CORP,,,0.00227,0.0456175328169108,0.0001332267519318,5.329398762657759e-11,0.003134,3.44804224188217,75.06,164576.0,12353074.56,0.0050000000000025,75.06,75.05
2016-08-04,CINF,23473,CINCINNATI FINANCIAL CORP,,,0.000133,-0.1895588274166688,0.0001332090049286,3.852340340450474e-12,0.000213,2.7944353976278435,75.07,164576.0,12354720.319999998,0.0049999999999954,75.07,75.06
2016-08-05,CINF,23473,CINCINNATI FINANCIAL CORP,,,0.011722,0.5901495334824971,0.0003949967083607,2.1104515969875184e-10,0.008603,4.443570143884892,75.95,164576.0,12499547.2,0.0150000000000005,75.95,75.92
2016-08-08,CINF,23473,CINCINNATI FINANCIAL CORP,,,0.00079,-0.4273702490752832,0.0002631232732536,2.4818978796118154e-11,-0.000907,2.5445204647093136,76.01,164576.0,12509421.760000002,0.0100000000000051,76.01,75.99
2016-08-09,CINF,23473,CINCINNATI FINANCIAL CORP,,,-0.000789,0.3449961434401469,0.0001316655694536,-1.8444026400625104e-11,0.00039,3.4223702119385573,75.95,164576.0,12499547.2,0.0050000000000025,75.95,75.94
2016-08-10,CINF,23473,CINCINNATI FINANCIAL CORP,,,0.000658,-0.3067910659754279,0.0003947368421052,2.217454208896588e-11,-0.002865,2.372417606455376,76.0,164576.0,12507776.0,0.0150000000000005,76.02,75.99
2016-08-11,CINF,23473,CINCINNATI FINANCIAL CORP,,,0.000526,0.0510958065581916,0.0003945291951604,1.6855579623628438e-11,0.004735,2.493638197550068,76.04,164576.0,12514359.04,0.0150000000000005,76.04,76.01
2016-08-12,CINF,23473,CINCINNATI FINANCIAL CORP,,,-0.003156,-0.1393712855726097,0.0003957783641159,-1.1788322604166863e-10,-0.000796,2.14609663620455,75.8,164576.0,12474860.8,0.0149999999999934,75.82,75.79
2016-08-15,CINF,23473,CINCINNATI FINANCIAL CORP,,,0.002111,0.0556150126275496,0.0002632964718274,7.453872207942073e-11,0.002793,2.2654518277270075,75.96,164576.0,12501192.96,0.0100000000000051,75.98,75.96
2016-08-16,CINF,23473,CINCINNATI FINANCIAL CORP,,,-0.008294,-0.1117667411402777,0.0002654984733837,-3.324663521603922e-10,-0.005479,2.012249659731674,75.33,164576.0,12397510.08,0.009999999999998,75.35,75.33
2016-08-17,CINF,23473,CINCINNATI FINANCIAL CORP,,,0.001327,-0.1407623925016909,0.0002651464934375,6.182514914527527e-11,0.001869,1.72900058331713,75.43,164576.0,12413967.680000002,0.009999999999998,75.45,75.43
2016-08-18,CINF,23473,CINCINNATI FINANCIAL CORP,,,0.008882,0.1535044561275267,0.0001314060446779,3.555864415506368e-10,0.0022,1.9944098775034027,76.1,164576.0,12524233.6,0.0049999999999954,76.1,76.09
2016-08-19,CINF,23473,CINCINNATI FINANCIAL CORP,,,-0.001314,0.6698615613346657,0.0002631578947367,-3.154426308280307e-11,-0.00144,3.3303883919891115,76.0,164576.0,12507776.0,0.009999999999998,75.99,75.97
2016-08-22,CINF,23473,CINCINNATI FINANCIAL CORP,,,0.0,-0.363426880398174,0.0002631578947367,0.0,-0.000563,2.120035728174217,76.0,164576.0,12507776.0,0.009999999999998,76.0,75.98
2016-08-23,CINF,23473,CINCINNATI FINANCIAL CORP,,,-0.000132,-0.0368207000719389,0.0002631925253322,-5.168930152928203e-12,0.001952,2.04197452848532,75.99,164576.0,12506130.239999998,0.009999999999998,75.99,75.97
2016-08-24,CINF,23473,CINCINNATI FINANCIAL CORP,,,0.00079,0.5392787002321013,0.0002629848783694,2.0081390894072965e-11,-0.00524,3.143167898113941,76.05,164576.0,12516004.8,0.009999999999998,76.07,76.05
2016-08-25,CINF,23473,CINCINNATI FINANCIAL CORP,,,0.011045,-0.239791992886002,0.0001300559240474,3.6528289555264725e-10,-0.001365,2.389461403849893,76.89,164576.0,12654248.64,0.0050000000000025,76.9,76.89
2016-08-26,CINF,23473,CINCINNATI FINANCIAL CORP,,,-0.008974,0.4245539710310033,0.0003937007874015,-2.1022563047929244e-10,-0.001579,3.403916731479681,76.2,164576.0,12540691.2,0.0150000000000005,76.22,76.19
2016-08-29,CINF,23473,CINCINNATI FINANCIAL CORP,,,0.015223,-0.2606929987879394,0.000129265770424,4.751311861456207e-10,0.005228,2.5165394711258022,77.36,164576.0,12731599.36,0.0050000000000025,77.36,77.35
2016-08-30,CINF,23473,CINCINNATI FINANCIAL CORP,,,-0.000129,0.0305798214225352,0.0001292824822237,-3.9073067558640784e-12,-0.001954,2.5934947987555903,77.35,164576.0,12729953.6,0.0050000000000025,77.36,77.35
2016-08-31,CINF,23473,CINCINNATI FINANCIAL CORP,,,-0.003103,0.2724101333795659,0.0001296848657762,-7.409554031648679e-11,-0.002376,3.299989062803811,77.11,164576.0,12690455.36,0.0050000000000025,77.11,77.1
2016-09-01,CINF,23473,CINCINNATI FINANCIAL CORP,,,0.001945,-0.1943549886853041,0.0001294330830959,5.7536332633625446e-11,-4.1e-05,2.658619725840949,77.26,164576.0,12715141.760000002,0.0049999999999954,77.27,77.26
2016-09-02,CINF,23473,CINCINNATI FINANCIAL CORP,,,0.007637,-0.161855352020935,0.0001284521515734,2.674991905583777e-10,0.004201,2.2283078942251606,77.85,164576.0,12812241.6,0.0049999999999954,77.85,77.84
2016-09-06,CINF,23473,CINCINNATI FINANCIAL CORP,,,-0.000514,0.3947034025403162,0.0001285181853231,-1.2915289390298776e-11,0.002982,3.1078286019832784,77.81,164576.0,12805658.56,0.0049999999999954,77.82,77.81
2016-09-07,CINF,23473,CINCINNATI FINANCIAL CORP,,,-0.001671,-0.2275873260419885,0.0002574665293511,-5.4449548122711346e-11,-0.000146,2.400526200661093,77.68,164576.0,12784263.680000002,0.009999999999998,77.7,77.68
2016-09-08,CINF,23473,CINCINNATI FINANCIAL CORP,,,-0.00309,0.4136264804375944,0.0002582644628098,-7.144724878980846e-11,-0.002223,3.393447404238771,77.44,164576.0,12744765.44,0.009999999999998,77.47,77.45
2016-09-09,CINF,23473,CINCINNATI FINANCIAL CORP,,,-0.025052,0.2894015900300817,0.0002649006622516,-4.607863707881821e-10,-0.024522,4.375516478708925,75.5,164576.0,12425488.0,0.009999999999998,75.52,75.5
2016-09-12,CINF,23473,CINCINNATI FINANCIAL CORP,,,0.016954,0.0256115427611252,0.0003907267517582,2.9898220785061663e-10,0.014677,4.4875802061053855,76.78,164576.0,12636145.28,0.0150000000000005,76.81,76.78
2016-09-13,CINF,23473,CINCINNATI FINANCIAL CORP,,,-0.014327,0.1844484041660121,0.0002642706131077,-2.1641096617151503e-10,-0.014831,5.3153072136885084,75.68,164576.0,12455111.680000002,0.009999999999998,75.7,75.68
2016-09-14,CINF,23473,CINCINNATI FINANCIAL CORP,,,-0.00991,-0.2639087670844517,0.0002669157880688,-2.0539572641622184e-10,-0.000588,3.912551040248882,74.93,164576.0,12331679.680000002,0.009999999999998,74.95,74.93
2016-09-15,CINF,23473,CINCINNATI FINANCIAL CORP,,,0.010677,-0.3420498453204785,0.0001320480654957,3.327834913915076e-10,0.010109,2.5742635621232743,75.73,164576.0,12463340.48,0.0049999999999954,75.74,75.73
2016-09-16,CINF,23473,CINCINNATI FINANCIAL CORP,,,-0.013205,3.1613786461849305,0.0002676301351533,-1.0022744903053308e-10,-0.003772,10.712485417071749,74.73,164576.0,12298764.48,0.0100000000000051,74.76,74.74
2016-09-19,CINF,23473,CINCINNATI FINANCIAL CORP,,,0.006825,-0.6802176721961999,0.0001337613697164,1.6192807651088663e-10,-1.9e-05,3.4256635232354657,74.76,164576.0,12303701.760000002,0.0050000000000025,74.78,74.77
2016-09-20,CINF,23473,CINCINNATI FINANCIAL CORP,,,0.0,-0.306850874983593,0.0001337613697164,0.0,0.000299,2.374495673731285,74.76,164576.0,12303701.760000002,0.0050000000000025,74.75,74.74
2016-09-21,CINF,23473,CINCINNATI FINANCIAL CORP,,,0.010835,0.2751205906060878,0.0002646552864892,2.8773344756672525e-10,0.010917,3.0277683258798365,75.57,164576.0,12437008.319999998,0.009999999999998,75.57,75.55
2016-09-22,CINF,23473,CINCINNATI FINANCIAL CORP,,,0.007146,-0.2832742656001027,0.0002627775587964,2.6289307576511886e-10,0.0065,2.170079476958973,76.11,164576.0,12525879.36,0.009999999999998,76.11,76.09
2016-09-23,CINF,23473,CINCINNATI FINANCIAL CORP,,,-0.01511,0.0950347619860951,0.0001334044823906,-5.154242385068405e-10,-0.005737,2.3763124635426798,74.96,164576.0,12336616.96,0.0050000000000025,74.97,74.96
2016-09-26,CINF,23473,CINCINNATI FINANCIAL CORP,,,-0.007204,0.277935175051907,0.0002687449610319,-1.9368909312841536e-10,-0.008588,3.0367732840754424,74.42,164576.0,12247745.92,0.009999999999998,74.44,74.42
2016-09-27,CINF,23473,CINCINNATI FINANCIAL CORP,,,0.011422,0.1299191644323503,0.0002657101102696,2.687162884644061e-10,0.006444,3.431308331713008,75.27,164576.0,12387635.52,0.009999999999998,75.27,75.25
2016-09-28,CINF,23473,CINCINNATI FINANCIAL CORP,,,0.008237,-0.4184671451414972,0.0001317696666228,3.30509547552524e-10,0.005296,1.9954185300408325,75.89,164576.0,12489672.64,0.0050000000000025,75.89,75.88
2016-09-29,CINF,23473,CINCINNATI FINANCIAL CORP,,,-0.017789,0.2411159629473991,0.0002683123155352,-5.8553017580072e-10,-0.009321,2.4765457903947112,74.54,164576.0,12267495.04,0.009999999999998,74.57,74.55
2016-09-30,CINF,23473,CINCINNATI FINANCIAL CORP,,,0.011806,0.5626159281613425,0.0002651816494298,2.4578260276632265e-10,0.007968,3.8669763205828778,75.42,164700.0,12421674.0,0.009999999999998,75.41,75.39
2016-10-03,CINF,23473,CINCINNATI FINANCIAL CORP,,,-0.012729,0.2439428410826971,0.0002686005909212,-2.1577728170169923e-10,-0.003261,4.81029751062538,74.46,164700.0,12263561.999999998,0.009999999999998,74.47,74.45
2016-10-04,CINF,23473,CINCINNATI FINANCIAL CORP,,,-0.008327,-0.3267706397931982,0.0001354279523294,-2.1143081895243208e-10,-0.004956,3.238433515482696,73.84,164700.0,12161448.0,0.0050000000000025,73.84,73.83
2016-10-05,CINF,23473,CINCINNATI FINANCIAL CORP,,,0.002844,-0.1809025629487972,0.0001350438892638,8.791042456929944e-11,0.004297,2.6525925925925926,74.05,164700.0,12196035.0,0.0049999999999954,74.05,74.04
2016-10-06,CINF,23473,CINCINNATI FINANCIAL CORP,,,0.001891,0.1293827623935066,0.0002695781102573,5.165838815590704e-11,0.000482,2.995792349726776,74.19,164700.0,12219093.0,0.009999999999998,74.22,74.2
2016-10-07,CINF,23473,CINCINNATI FINANCIAL CORP,,,0.013209,0.2621162650712292,0.0001330317945987,2.821764203599578e-10,-0.003253,3.78103825136612,75.17,164700.0,12380499.0,0.0049999999999954,75.16,75.15
2016-10-10,CINF,23473,CINCINNATI FINANCIAL CORP,,,0.004789,-0.3998943374169191,0.0001323977227592,1.6966527189507799e-10,0.004606,2.269022465088039,75.53,164700.0,12439791.0,0.0050000000000025,75.54,75.53
2016-10-11,CINF,23473,CINCINNATI FINANCIAL CORP,,,-0.012313,0.2662319243901656,0.0002680965147454,-3.4880234678910034e-10,-0.012447,2.8731086824529446,74.6,164700.0,12286619.999999998,0.0100000000000051,74.62,74.6
2016-10-12,CINF,23473,CINCINNATI FINANCIAL CORP,,,0.010188,-0.3055361252406482,0.0001326963906582,4.113890554850352e-10,0.001147,1.995270188221008,75.36,164700.0,12411792.0,0.0050000000000025,75.36,75.35
2016-10-13,CINF,23473,CINCINNATI FINANCIAL CORP,,,0.000265,0.2142498501313063,0.0002653223666756,8.81021221180097e-12,-0.003099,2.422756527018822,75.38,164700.0,12415086.0,0.0100000000000051,75.4,75.38
2016-10-14,CINF,23473,CINCINNATI FINANCIAL CORP,,,0.007562,0.0248203133614683,0.0001316655694534,2.4347691944089275e-10,0.000202,2.482890103217972,75.95,164700.0,12508965.0,0.0049999999999954,75.94,75.93
2016-10-17,CINF,23473,CINCINNATI FINANCIAL CORP,,,-0.005003,-0.314619545547915,0.0001323276432445,-2.3620999420320936e-10,-0.003038,1.7017243472981178,75.57,164700.0,12446378.999999998,0.0049999999999954,75.57,75.56
2016-10-18,CINF,23473,CINCINNATI FINANCIAL CORP,,,-0.004367,0.4878369024597357,0.0001329080276447,-1.3918622853730828e-10,0.00616,2.5318882817243478,75.24,164700.0,12392028.0,0.0049999999999954,75.24,75.23
2016-10-19,CINF,23473,CINCINNATI FINANCIAL CORP,,,-0.000532,-0.1342271739703886,0.0001329787234043,-1.9595290364780618e-11,0.002192,2.192040072859745,75.2,164700.0,12385440.0,0.0050000000000025,75.2,75.19
2016-10-20,CINF,23473,CINCINNATI FINANCIAL CORP,,,-0.030186,0.9157020627151836,0.0001371177841766,-5.984519671317189e-10,-0.001376,4.1992956891317545,72.93,164700.0,12011571.000000002,0.0050000000000025,72.93,72.92
2016-10-21,CINF,23473,CINCINNATI FINANCIAL CORP,,,-0.018922,0.3492808231061963,0.0001397624039134,-2.8339031036903947e-10,-8.4e-05,5.664343941389629,71.55,164749.0,11787790.95,0.0050000000000025,71.56,71.55
2016-10-24,CINF,23473,CINCINNATI FINANCIAL CORP,,,0.005451,-0.5228317768526407,0.0002780094523213,1.701617060084121e-10,0.00475,2.7028449338083997,71.94,164749.0,11852043.06,0.009999999999998,71.94,71.92
2016-10-25,CINF,23473,CINCINNATI FINANCIAL CORP,,,-0.002363,0.6573633870884432,0.0002786679671173,-4.461276260166855e-11,-0.003798,4.479596234271528,71.77,164749.0,11824035.73,0.0100000000000051,71.76,71.74
2016-10-26,CINF,23473,CINCINNATI FINANCIAL CORP,,,-0.012122,0.009159779894283,0.0001410437235541,-2.2956541114429402e-10,-0.00174,4.520628349792715,70.9,164749.0,11680704.1,0.0049999999999954,70.91,70.9
2016-10-27,CINF,23473,CINCINNATI FINANCIAL CORP,,,-0.016361,0.1498558613476124,0.0002867794665903,-2.7394470267663273e-10,-0.002987,5.198071004983338,69.74,164749.0,11489595.26,0.0100000000000051,69.73,69.71
2016-10-28,CINF,23473,CINCINNATI FINANCIAL CORP,,,0.006309,-0.268304730276502,0.000142490738102,1.4346696840055495e-10,-0.003108,3.8034039660331778,70.18,164749.0,11562084.82,0.0050000000000025,70.17,70.16
2016-10-31,CINF,23473,CINCINNATI FINANCIAL CORP,,,0.008549,0.3642857484834991,0.0004238485447866,1.4128764103516517e-10,-0.000122,5.188929826584683,70.78,164749.0,11660934.22,0.0150000000000005,70.81,70.78
2016-11-01,CINF,23473,CINCINNATI FINANCIAL CORP,,,-0.01766,-0.0998513225972105,0.0002876456205955,-3.3006816404932677e-10,-0.006787,4.670808320536088,69.53,164749.0,11454997.97,0.0100000000000051,69.54,69.52
2016-11-02,CINF,23473,CINCINNATI FINANCIAL CORP,,,-0.013376,-0.3016759994334064,0.0001457725947522,-3.6285268706086855e-10,-0.006525,3.261737552276493,68.6,164749.0,11301781.4,0.0050000000000025,68.62,68.61
2016-11-03,CINF,23473,CINCINNATI FINANCIAL CORP,,,0.005977,-0.2674052046269968,0.0001449065352848,2.2000654385667772e-10,-0.004423,2.389531954670438,69.01,164749.0,11369328.49,0.0050000000000025,69.01,69.0
2016-11-04,CINF,23473,CINCINNATI FINANCIAL CORP,,,-0.010868,0.5488743195494739,0.0001464986815119,-2.6111482913832947e-10,-0.001666,3.701084680331898,68.26,164749.0,11245766.74,0.0050000000000025,68.26,68.25
2016-11-07,CINF,23473,CINCINNATI FINANCIAL CORP,,,0.011573,0.089640016400164,0.0002896451846487,2.5225943410830564e-10,0.022224,4.032849971775246,69.05,164749.0,11375918.45,0.009999999999998,69.05,69.03
2016-11-08,CINF,23473,CINCINNATI FINANCIAL CORP,,,0.007531,-0.0478350652009006,0.0001437401178667,1.711132371504805e-10,0.003772,3.839938330429927,69.57,164749.0,11461587.93,0.0049999999999954,69.57,69.56
2016-11-09,CINF,23473,CINCINNATI FINANCIAL CORP,,,0.007762,0.5014732243063043,0.0002852660105549,1.1655449918603087e-10,0.011077,5.765564586127988,70.11,164749.0,11550552.39,0.0100000000000051,70.12,70.1
2016-11-10,CINF,23473,CINCINNATI FINANCIAL CORP,,,0.022393,-0.2781146071413908,0.0002790178571429,4.555975717444122e-10,0.001951,4.162076856308688,71.68,164749.0,11809208.32,0.0100000000000051,71.68,71.66
2016-11-11,CINF,23473,CINCINNATI FINANCIAL CORP,,,-0.002232,-0.4045410661836551,0.0001398210290828,-7.643319011835557e-11,-0.001398,2.4783458473192552,71.52,164749.0,11782848.48,0.0050000000000025,71.53,71.52
2016-11-14,CINF,23473,CINCINNATI FINANCIAL CORP,,,0.012164,0.642561320581428,0.0004144218814753,2.5054834876903745e-10,-0.000116,4.070835027830214,72.39,164749.0,11926180.11,0.0150000000000005,72.4,72.37
2016-11-15,CINF,23473,CINCINNATI FINANCIAL CORP,,,0.002901,-0.036396656457909,0.0001377410468318,6.183103551216611e-11,0.007481,3.922670243825456,72.6,164749.0,11960777.4,0.0049999999999954,72.6,72.59
2016-11-16,CINF,23473,CINCINNATI FINANCIAL CORP,,,-0.006061,-0.3860374217028546,0.0002771618625276,-2.116904519138569e-10,-0.001582,2.4083727367085688,72.16,164749.0,11888287.84,0.009999999999998,72.17,72.15
2016-11-17,CINF,23473,CINCINNATI FINANCIAL CORP,,,0.025776,0.8436980974199613,0.0001350986219941,4.76025420521283e-10,0.004676,4.440312232547694,74.02,164749.0,12194720.98,0.0050000000000025,74.03,74.02
2016-11-18,CINF,23473,CINCINNATI FINANCIAL CORP,,,0.00608,0.0880338246732563,0.0001342822613133,1.0257547378558171e-10,-0.002387,4.831209901122313,74.47,164749.0,12268858.03,0.0050000000000025,74.48,74.47
2016-11-21,CINF,23473,CINCINNATI FINANCIAL CORP,,,0.00846,-0.0163254126896977,0.0002663115845538,1.438799507324436e-10,0.007461,4.752338405695937,75.1,164749.0,12372649.9,0.009999999999998,75.1,75.08
2016-11-22,CINF,23473,CINCINNATI FINANCIAL CORP,,,0.002397,0.0213055101073769,0.0001328374070138,3.98201235345756e-11,0.002165,4.853589399632168,75.28,164749.0,12402304.72,0.0050000000000025,75.28,75.27
2016-11-23,CINF,23473,CINCINNATI FINANCIAL CORP,,,0.008236,-0.2204511120226506,0.0002635046113308,1.7407859992039982e-10,0.000808,3.783610219181907,75.9,164749.0,12504449.1,0.0100000000000051,75.9,75.88
2016-11-25,CINF,23473,CINCINNATI FINANCIAL CORP,,,0.010277,-0.3708293628257821,0.0002608242044861,3.4173277172403667e-10,0.003914,2.380536452421562,76.68,164749.0,12632953.32,0.009999999999998,76.69,76.67
2016-11-28,CINF,23473,CINCINNATI FINANCIAL CORP,,,-0.001174,1.2386337269340704,0.0001305653479565,-1.7458839063331154e-11,-0.005254,5.329149190586893,76.59,164749.0,12618125.91,0.0049999999999954,76.6,76.59
2016-11-29,CINF,23473,CINCINNATI FINANCIAL CORP,,,0.006789,-0.0212865558354936,0.0001296848657762,1.0246106972375536e-10,0.001335,5.215709958785789,77.11,164749.0,12703795.39,0.0050000000000025,77.12,77.11
2016-11-30,CINF,23473,CINCINNATI FINANCIAL CORP,,,-0.004798,1.3602584945821108,0.0001303101381286,-3.0827809003452704e-11,-0.002653,12.31042373550067,76.74,164749.0,12642838.26,0.0049999999999954,76.74,76.73
2016-12-01,CINF,23473,CINCINNATI FINANCIAL CORP,,,0.004952,-0.688903078205046,0.000259336099585,1.0177054776131263e-10,-0.003516,3.8297349301057975,77.12,164749.0,12705442.88,0.009999999999998,77.14,77.12
2016-12-02,CINF,23473,CINCINNATI FINANCIAL CORP,,,-0.003112,-0.2176925088557639,0.0001300728407909,-8.200818904261264e-11,0.000397,2.9960303249185123,76.88,164749.0,12665903.12,0.0050000000000025,76.89,76.88
2016-12-05,CINF,23473,CINCINNATI FINANCIAL CORP,,,-0.00065,0.1625792910353267,0.0001301574905636,-1.4743172562840273e-11,0.005821,3.483122811064104,76.83,164749.0,12657665.67,0.0050000000000025,76.83,76.82
2016-12-06,CINF,23473,CINCINNATI FINANCIAL CORP,,,0.003644,0.1674540508607784,0.0002593697315522,7.054013623576408e-11,0.003411,4.06638583542237,77.11,164749.0,12703795.39,0.009999999999998,77.11,77.09
2016-12-07,CINF,23473,CINCINNATI FINANCIAL CORP,,,0.011801,0.0447402949250148,0.0001281722635222,2.1610914634610548e-10,0.013163,4.24831713697807,78.02,164749.0,12853716.98,0.0050000000000025,78.01,78.0
2016-12-08,CINF,23473,CINCINNATI FINANCIAL CORP,,,0.002948,-0.3184970553188571,0.0001277955271566,7.89833735979748e-11,0.002159,2.8952406387899168,78.25,164749.0,12891609.25,0.0050000000000025,78.26,78.25
2016-12-09,CINF,23473,CINCINNATI FINANCIAL CORP,,,-0.000511,0.0954782929549591,0.000255721774709,-1.2503954497957872e-11,0.005939,3.1716732726754038,78.21,164749.0,12885019.29,0.009999999999998,78.22,78.2
2016-12-12,CINF,23473,CINCINNATI FINANCIAL CORP,,,0.008055,0.1697070024687577,0.0001268391679351,1.6715932535407723e-10,-0.001137,3.709928436591421,78.84,164749.0,12988811.16,0.0050000000000025,78.84,78.83
2016-12-13,CINF,23473,CINCINNATI FINANCIAL CORP,,,-0.006088,-0.0517206118385423,0.0002552322613577,-1.3404653310902468e-10,0.00654,3.518048667973705,78.36,164749.0,12909731.64,0.009999999999998,78.36,78.34
2016-12-14,CINF,23473,CINCINNATI FINANCIAL CORP,,,-0.015442,0.0764809910368446,0.0002592352559947,-3.208016712857145e-10,-0.008117,3.787112516616186,77.15,164749.0,12710385.35,0.009999999999998,77.17,77.15
2016-12-15,CINF,23473,CINCINNATI FINANCIAL CORP,,,0.001685,-0.1514433672103768,0.0001293995859213,4.118328295451987e-11,0.003883,3.213579445095266,77.28,164749.0,12731802.72,0.0050000000000025,77.28,77.27
2016-12-16,CINF,23473,CINCINNATI FINANCIAL CORP,,,-0.021092,3.835116369556923,0.0003965631196298,-1.0891559573850691e-10,-0.001751,15.538030579851776,75.65,164749.0,12463261.85,0.0150000000000005,75.68,75.65
2016-12-19,CINF,23473,CINCINNATI FINANCIAL CORP,,,0.017052,-0.796633038722594,0.0001307873397855,4.283925127877954e-10,0.001975,3.159922063259868,76.46,164749.0,12596708.54,0.0050000000000025,76.48,76.47
2016-12-20,CINF,23473,CINCINNATI FINANCIAL CORP,,,0.000654,-0.2044683572995462,0.0001307018690367,2.063967855772188e-11,0.003638,2.51381798979053,76.51,164749.0,12604945.99,0.0050000000000025,76.51,76.5
2016-12-21,CINF,23473,CINCINNATI FINANCIAL CORP,,,-0.004182,0.1518704620800726,0.0002625016406352,-1.1506037794433156e-10,-0.002457,2.895592689485217,76.19,164749.0,12552226.31,0.009999999999998,76.2,76.18
2016-12-22,CINF,23473,CINCINNATI FINANCIAL CORP,,,0.001312,-0.322788578040692,0.0001310787783458,5.323309133249479e-11,-0.001863,1.9609284426612603,76.29,164749.0,12568701.21,0.0050000000000025,76.31,76.3
2016-12-23,CINF,23473,CINCINNATI FINANCIAL CORP,,,0.002622,-0.0398964901365377,0.0001307360439273,1.1051607081793614e-10,0.001252,1.8826942803901692,76.49,164749.0,12601651.01,0.0050000000000025,76.5,76.49
2016-12-27,CINF,23473,CINCINNATI FINANCIAL CORP,,,0.001046,-0.0160717279444952,0.0002611989029645,4.4761744848401066e-11,0.002248,1.8524361301130807,76.57,164749.0,12614830.93,0.009999999999998,76.57,76.55
2016-12-28,CINF,23473,CINCINNATI FINANCIAL CORP,,,-0.007967,-0.1338359759753855,0.0001316482359135,-3.9677444201979255e-10,-0.008357,1.6045135327073303,75.96,164749.0,12514334.04,0.0049999999999954,75.96,75.95
2016-12-29,CINF,23473,CINCINNATI FINANCIAL CORP,,,-0.001185,0.1475664101807507,0.0001318044022671,-5.1487791886084505e-11,-0.000293,1.8412858348153855,75.87,164749.0,12499506.63,0.0050000000000025,75.87,75.86
2016-12-30,CINF,23473,CINCINNATI FINANCIAL CORP,,,-0.001582,0.5546134827756717,0.0001320132013201,-4.428507788267164e-11,-0.004637,2.868564476885645,75.75,164400.0,12453300.0,0.0050000000000025,75.78,75.77
2017-01-03,CINF,23473,CINCINNATI FINANCIAL CORP,,,0.000528,0.0531158289368776,0.00026388705634,1.4027473139295799e-11,0.008487,3.0209306569343064,75.79,164400.0,12459876.000000002,0.0100000000000051,75.79,75.77
2017-01-04,CINF,23473,CINCINNATI FINANCIAL CORP,,,0.003694,-0.1068437764904629,0.0003943736032601,1.0947462756967307e-10,0.005722,2.69816301703163,76.07,164400.0,12505907.999999998,0.0150000000000005,76.09,76.06
2017-01-05,CINF,23473,CINCINNATI FINANCIAL CORP,,,-0.004075,-0.0546307526522956,0.0002639915522704,-1.2826736642878583e-10,-0.000771,2.550760340632604,75.76,164400.0,12454944.0,0.0100000000000051,75.76,75.74
2017-01-06,CINF,23473,CINCINNATI FINANCIAL CORP,,,0.000264,-0.1558764263315408,0.0001319609395619,9.841738646738611e-12,0.003517,2.153156934306569,75.78,164400.0,12458232.0,0.0050000000000025,75.78,75.77
2017-01-09,CINF,23473,CINCINNATI FINANCIAL CORP,,,-0.016891,0.0797137683308897,0.0005369127516779,-5.932161305057225e-10,-0.003549,2.324793187347932,74.5,164400.0,12247800.0,0.0200000000000031,74.54,74.5
2017-01-10,CINF,23473,CINCINNATI FINANCIAL CORP,,,0.000268,-0.1478272928026457,0.0001341921631775,1.1042011357677744e-11,0.0,1.981125304136253,74.52,164400.0,12251088.0,0.0049999999999954,74.52,74.51
2017-01-11,CINF,23473,CINCINNATI FINANCIAL CORP,,,0.004965,0.0125054882298578,0.0001335291761248,2.0104083435744368e-10,0.00283,2.0059002433090023,74.89,164400.0,12311916.0,0.0049999999999954,74.88,74.87
2017-01-12,CINF,23473,CINCINNATI FINANCIAL CORP,,,-0.066497,3.6960487612578463,0.000143041052782,-6.142130061199503e-10,-0.002145,9.419805352798054,69.91,164400.0,11493204.0,0.0049999999999954,69.91,69.9
2017-01-13,CINF,23473,CINCINNATI FINANCIAL CORP,,,0.002146,-0.3513240209322388,0.0002854695974878,3.0492148534615685e-11,0.00185,6.110401459854015,70.06,164400.0,11517864.0,0.009999999999998,70.06,70.04
2017-01-17,CINF,23473,CINCINNATI FINANCIAL CORP,,,-0.004568,-0.2451953611069632,0.0002867794665901,-8.638493953647846e-11,-0.002968,4.612159367396593,69.74,164400.0,11465256.0,0.009999999999998,69.74,69.72
2017-01-18,CINF,23473,CINCINNATI FINANCIAL CORP,,,0.011471,-0.251888916291565,0.0001417635384179,2.8667750542390663e-10,0.001764,3.4504075425790752,70.54,164400.0,11596776.000000002,0.0050000000000025,70.54,70.53
2017-01-19,CINF,23473,CINCINNATI FINANCIAL CORP,,,-0.009215,0.1071737708617233,0.0002861639719558,-2.0993860285983727e-10,-0.003609,3.820200729927007,69.89,164400.0,11489916.0,0.009999999999998,69.89,69.87
2017-01-20,CINF,23473,CINCINNATI FINANCIAL CORP,,,0.005437,-0.1046635490358113,0.0004269247189412,1.3759894914551276e-10,0.003366,3.420364963503649,70.27,164400.0,11552388.0,0.0150000000000005,70.28,70.25
2017-01-23,CINF,23473,CINCINNATI FINANCIAL CORP,,,-0.007685,-0.2203792227747071,0.0002868205937187,-2.514007329970624e-10,-0.00269,2.666587591240876,69.73,164400.0,11463612.0,0.0100000000000051,69.73,69.71
2017-01-24,CINF,23473,CINCINNATI FINANCIAL CORP,,,0.005163,0.3104038212811968,0.0001426737052361,1.2822811179362208e-10,0.006565,3.494306569343065,70.09,164400.0,11522796.0,0.0050000000000025,70.09,70.08
2017-01-25,CINF,23473,CINCINNATI FINANCIAL CORP,,,0.014553,-0.1113002729500891,0.0004218815918998,4.0087039686642524e-10,0.008026,3.105389294403893,71.11,164400.0,11690484.0,0.0150000000000005,71.11,71.08
2017-01-26,CINF,23473,CINCINNATI FINANCIAL CORP,,,-0.006047,0.6823158859685892,0.0001414827391057,-9.96134581381669e-11,-0.000735,5.2242457420924575,70.68,164400.0,11619792.000000002,0.0049999999999954,70.69,70.68
2017-01-27,CINF,23473,CINCINNATI FINANCIAL CORP,,,-0.000849,-0.388252649423775,0.0001416029453413,-2.2881393465801377e-11,-0.000866,3.1959184914841847,70.62,164400.0,11609928.0,0.0050000000000025,70.62,70.61
2017-01-30,CINF,23473,CINCINNATI FINANCIAL CORP,,,-0.008213,-0.0996081148210251,0.0001427755568247,-2.478715059802542e-10,-0.00601,2.877579075425791,70.04,164400.0,11514576.000000002,0.0050000000000025,70.04,70.03
2017-01-31,CINF,23473,CINCINNATI FINANCIAL CORP,,,0.00771,0.9904433555849614,0.0002833663927457,1.1600957109716878e-10,-0.00089,5.727658150851582,70.58,164400.0,11603352.0,0.009999999999998,70.58,70.56
2017-02-01,CINF,23473,CINCINNATI FINANCIAL CORP,,,-0.007368,-0.4434462903039101,0.000142734798744,-2.0067510526256309e-10,0.000298,3.1877493917274937,70.06,164400.0,11517864.0,0.0050000000000025,70.06,70.05
2017-02-02,CINF,23473,CINCINNATI FINANCIAL CORP,,,0.008421,-0.1054180198677265,0.0002830856334042,2.5424087271191137e-10,0.00057,2.8517031630170315,70.65,164400.0,11614860.000000002,0.0100000000000051,70.65,70.63
2017-02-03,CINF,23473,CINCINNATI FINANCIAL CORP,,,0.01104,0.3013288682223454,0.0002799944001121,2.533350197460088e-10,0.007265,3.7110036496350367,71.43,164400.0,11743092.000000002,0.0100000000000051,71.43,71.41
2017-02-06,CINF,23473,CINCINNATI FINANCIAL CORP,,,-0.00896,-0.2599112588491187,0.0001412628902386,-2.803232407288844e-10,-0.002115,2.7464720194647203,70.79,164400.0,11637876.000000002,0.0049999999999954,70.8,70.79
2017-02-07,CINF,23473,CINCINNATI FINANCIAL CORP,,,-0.005085,0.1986689404677533,0.0002839698991906,-1.3340036707462887e-10,0.000227,3.292110705596107,70.43,164400.0,11578692.000000002,0.009999999999998,70.42,70.4
2017-02-08,CINF,23473,CINCINNATI FINANCIAL CORP,,,-0.001278,0.0526400393183585,0.0001421666192778,-3.189131008718779e-11,0.000693,3.465407542579076,70.34,164400.0,11563896.0,0.0050000000000025,70.39,70.38
2017-02-09,CINF,23473,CINCINNATI FINANCIAL CORP,,,-0.001279,0.3110618855458802,0.0002846975088967,-2.4375015153984084e-11,0.005752,4.543363746958637,70.25,164400.0,11549100.0,0.009999999999998,70.25,70.23
2017-02-10,CINF,23473,CINCINNATI FINANCIAL CORP,,,0.01153,-0.261206888472666,0.0002814522938361,2.9403697432989066e-10,0.003566,3.3566058394160585,71.06,164400.0,11682264.0,0.009999999999998,71.07,71.05
2017-02-13,CINF,23473,CINCINNATI FINANCIAL CORP,,,0.00971,-0.0330792677401934,0.0001393728222997,2.5363214421476703e-10,0.005246,3.245571776155718,71.75,164400.0,11795700.0,0.0050000000000025,71.75,71.74
2017-02-14,CINF,23473,CINCINNATI FINANCIAL CORP,,,0.00892,-0.1393326486397337,0.0001381406271585,2.6832301041168e-10,0.004007,2.7933576642335765,72.39,164400.0,11900916.0,0.0050000000000025,72.4,72.39
2017-02-15,CINF,23473,CINCINNATI FINANCIAL CORP,,,0.00594,-0.0052914891949097,0.0001373249107386,1.785712655897179e-10,0.004992,2.7785766423357665,72.82,164400.0,11971607.999999998,0.0049999999999954,72.82,72.81
2017-02-16,CINF,23473,CINCINNATI FINANCIAL CORP,,,0.003708,-0.2298411989544613,0.0001368176221096,1.4420399332101704e-10,-0.000864,2.1399452554744527,73.09,164400.0,12015996.0,0.0049999999999954,73.1,73.09
2017-02-17,CINF,23473,CINCINNATI FINANCIAL CORP,,,-0.005746,0.4127149260816301,0.0001376083665887,-1.5909313915984503e-10,0.001679,3.0172962274918347,72.67,164718.0,11970057.06,0.0050000000000025,72.68,72.67
2017-02-21,CINF,23473,CINCINNATI FINANCIAL CORP,,,0.002477,-0.106166361168846,0.0001372683596429,7.653864073671419e-11,0.006048,2.69696086645054,72.85,164718.0,11999706.3,0.0049999999999954,72.85,72.84
2017-02-22,CINF,23473,CINCINNATI FINANCIAL CORP,,,0.001098,-0.1047591606301127,0.0002742355683533,3.7856506669830334e-11,-0.001082,2.41442950982892,72.93,164718.0,12012883.74,0.0100000000000051,72.93,72.91
2017-02-23,CINF,23473,CINCINNATI FINANCIAL CORP,,,0.005622,0.0273824490822227,0.0001363512407963,1.8761268649667127e-10,0.000419,2.4805425029444264,73.34,164718.0,12080418.12,0.0050000000000025,73.34,73.33
2017-02-24,CINF,23473,CINCINNATI FINANCIAL CORP,,,0.002045,-0.2200102792530409,0.0001360729350932,8.731491837538418e-11,0.001493,1.934797654172586,73.49,164718.0,12105125.819999998,0.0050000000000025,73.5,73.49
2017-02-27,CINF,23473,CINCINNATI FINANCIAL CORP,,,-0.005851,0.0317449858172051,0.0002737476047085,-2.4355746809724557e-10,0.001018,1.9962177782634565,73.06,164718.0,12034297.08,0.0100000000000051,73.09,73.07
2017-02-28,CINF,23473,CINCINNATI FINANCIAL CORP,,,-0.001369,0.875090096802742,0.0002741228070176,-3.0433191805342074e-11,-0.002578,3.7430881870833783,72.96,164718.0,12017825.28,0.0100000000000051,72.98,72.96
2017-03-01,CINF,23473,CINCINNATI FINANCIAL CORP,,,0.030016,-0.0312397616429379,0.000266134397871,6.68707827355559e-10,0.013674,3.626155004310397,75.15,164718.0,12378557.7,0.0100000000000051,75.15,75.13
2017-03-02,CINF,23473,CINCINNATI FINANCIAL CORP,,,-0.011311,-0.1846614643064626,0.0002691790040376,-3.1259843147276936e-10,-0.00586,2.956543911412232,74.3,164718.0,12238547.4,0.009999999999998,74.31,74.29
2017-03-03,CINF,23473,CINCINNATI FINANCIAL CORP,,,-0.004509,0.2006854265743456,0.0001351990806463,-1.0425558756859134e-10,0.000504,3.54987918745978,73.965,164718.0,12183366.87,0.0050000000000025,73.97,73.96
2017-03-06,CINF,23473,CINCINNATI FINANCIAL CORP,,,-0.010613,-0.1407609336974906,0.0001366493577478,-2.8865368828986806e-10,-0.003277,3.050194878519652,73.18,164718.0,12054063.24,0.0049999999999954,73.19,73.18
2017-03-07,CINF,23473,CINCINNATI FINANCIAL CORP,,,-0.000137,-0.1945774667510579,0.000136668033347,-4.626953004863076e-12,-0.002913,2.4552498255619937,73.17,164815.0,12059513.55,0.0050000000000025,73.18,73.17
2017-03-08,CINF,23473,CINCINNATI FINANCIAL CORP,,,-0.005603,0.1442191260854737,0.0001374381528311,-1.6631304134865279e-10,-0.002284,2.809343809726057,72.76,164815.0,11991939.4,0.0049999999999954,72.77,72.76
2017-03-09,CINF,23473,CINCINNATI FINANCIAL CORP,,,0.009071,-0.0662214754374522,0.0001362026695723,2.8575594774968715e-10,0.0008,2.623304917634924,73.42,164815.0,12100717.3,0.0050000000000025,73.43,73.42
2017-03-10,CINF,23473,CINCINNATI FINANCIAL CORP,,,0.007491,0.0961166620408917,0.0004055698256049,2.1368886419681559e-10,0.003269,2.8754482298334496,73.97,164815.0,12191365.55,0.0150000000000005,73.99,73.96
2017-03-13,CINF,23473,CINCINNATI FINANCIAL CORP,,,-0.000811,-0.1393978270456641,0.0002705993776215,-2.6903756644654818e-11,0.000367,2.474616994812365,73.91,164815.0,12181476.65,0.0100000000000051,73.93,73.91
2017-03-14,CINF,23473,CINCINNATI FINANCIAL CORP,,,0.002571,0.0522368298459743,0.0001349527665317,8.084732296259344e-11,-0.003379,2.603883141704335,74.1,164815.0,12212791.499999998,0.0050000000000025,74.11,74.1
2017-03-15,CINF,23473,CINCINNATI FINANCIAL CORP,,,0.011471,0.3940404372272281,0.0002668445630419,2.558209140309983e-10,0.008375,3.62991839335012,74.95,164815.0,12352884.25,0.009999999999998,74.95,74.93
2017-03-16,CINF,23473,CINCINNATI FINANCIAL CORP,,,-0.003336,-0.2728122153226413,0.0001338688085676,-1.0265149267132497e-10,-0.001627,2.639632315019871,74.7,164815.0,12311680.5,0.0050000000000025,74.7,74.69
2017-03-17,CINF,23473,CINCINNATI FINANCIAL CORP,,,0.006426,2.5465474162799304,0.0002660281989892,5.539779233859466e-11,-0.001314,9.361581166762734,75.18,164815.0,12390791.7,0.0100000000000051,75.18,75.16
2017-03-20,CINF,23473,CINCINNATI FINANCIAL CORP,,,-0.006119,-0.7433446386709952,0.0001347345728914,-2.0819160848646862e-10,-0.00201,2.4026999969662954,74.22,164815.0,12232569.3,0.0050000000000025,74.23,74.22
2017-03-21,CINF,23473,CINCINNATI FINANCIAL CORP,,,-0.019402,0.522892618958033,0.0004122011541632,-4.420474448706927e-10,-0.012408,3.6590540909504594,72.78,164815.0,11995235.7,0.0150000000000005,72.81,72.78
2017-03-22,CINF,23473,CINCINNATI FINANCIAL CORP,,,-0.000412,-0.2497433950124944,0.0001374570446736,-1.2516670697748568e-11,0.00189,2.745229499742135,72.75,164815.0,11990291.25,0.0050000000000025,72.76,72.75
2017-03-23,CINF,23473,CINCINNATI FINANCIAL CORP,,,-0.000137,-0.3756948204793847,0.0001374759417102,-6.667682944842816e-12,-0.00106,1.7138609956618027,72.74,164815.0,11988643.1,0.0050000000000025,72.75,72.74
2017-03-24,CINF,23473,CINCINNATI FINANCIAL CORP,,,-0.011823,0.8213863419124154,0.0002782415136339,-3.1970189875476166e-10,-0.000844,3.121603009434821,71.88,164815.0,11846902.2,0.0100000000000051,71.9,71.88
2017-03-27,CINF,23473,CINCINNATI FINANCIAL CORP,,,-0.003061,-0.2370885950471052,0.0002790957298354,-1.0882733970084126e-10,-0.00102,2.381506537633104,71.66,164815.0,11810642.9,0.0100000000000051,71.68,71.66
2017-03-28,CINF,23473,CINCINNATI FINANCIAL CORP,,,0.011722,0.0823906773874671,0.0001379310344828,3.805670244127642e-10,0.007251,2.577720474471377,72.5,164815.0,11949087.5,0.0050000000000025,72.5,72.49
2017-03-29,CINF,23473,CINCINNATI FINANCIAL CORP,,,-0.010345,-0.195635134530784,0.0002787456445992,-4.2191303322190943e-10,0.001085,2.0734277826654126,71.75,164815.0,11825476.25,0.009999999999998,71.78,71.76
2017-03-30,CINF,23473,CINCINNATI FINANCIAL CORP,,,0.008084,-0.0367100534922102,0.0002765104382689,3.3951984479444155e-10,0.002935,1.9973121378515304,72.33,164815.0,11921068.95,0.009999999999998,72.35,72.33
2017-03-31,CINF,23473,CINCINNATI FINANCIAL CORP,,,-0.00083,0.1885979701507045,0.0004151100041511,-2.9352316207557174e-11,-0.002255,2.3771020656136086,72.27,164600.0,11895642.0,0.0150000000000005,72.3,72.27
2017-04-03,CINF,23473,CINCINNATI FINANCIAL CORP,,,-0.009547,-0.0116441034474826,0.0001397038278849,-3.448928654996543e-10,-0.001642,2.349422843256379,71.58,164600.0,11782068.0,0.0050000000000025,71.59,71.58
2017-04-04,CINF,23473,CINCINNATI FINANCIAL CORP,,,-0.000279,0.3199436277361882,0.0004192286193402,-7.638137457078074e-12,0.00056,3.1011057108140947,71.56,164600.0,11778776.0,0.0149999999999934,71.57,71.54
2017-04-05,CINF,23473,CINCINNATI FINANCIAL CORP,,,-0.010481,0.1317622766151687,0.0002824459822058,-2.562161557748993e-10,-0.003055,3.509714459295261,70.81,164600.0,11655326.0,0.009999999999998,70.81,70.79
2017-04-06,CINF,23473,CINCINNATI FINANCIAL CORP,,,0.000565,-0.1467390457660476,0.0004234297812279,1.617801020255762e-11,0.001929,2.9947023086269744,70.85,164600.0,11661909.999999998,0.0150000000000005,70.88,70.85
2017-04-07,CINF,23473,CINCINNATI FINANCIAL CORP,,,-0.00861,0.5641736724227473,0.000142369020501,-1.5898281722574578e-10,-0.000827,4.684234507897934,70.24,164600.0,11561504.0,0.0049999999999954,70.24,70.23
2017-04-10,CINF,23473,CINCINNATI FINANCIAL CORP,,,0.014237,-0.1703550468532149,0.0001403705783268,3.1241641072578903e-10,0.000688,3.886251518833536,71.24,164600.0,11726104.0,0.0050000000000025,71.25,71.24
2017-04-11,CINF,23473,CINCINNATI FINANCIAL CORP,,,0.002106,-0.4109136329741416,0.0001400756408461,7.828549051198719e-11,-0.001434,2.289337788578372,71.39,164600.0,11750794.0,0.0050000000000025,71.39,71.38
2017-04-12,CINF,23473,CINCINNATI FINANCIAL CORP,,,-0.007284,0.191754793339083,0.0002822068576265,-2.288657944024209e-10,-0.00376,2.728329283110571,70.87,164600.0,11665202.0,0.009999999999998,70.89,70.87
2017-04-13,CINF,23473,CINCINNATI FINANCIAL CORP,,,-0.005785,-0.0892262677500596,0.0001419244961681,-2.0073523588054743e-10,-0.006815,2.4848906439854197,70.46,164600.0,11597715.999999998,0.0050000000000025,70.47,70.46
2017-04-17,CINF,23473,CINCINNATI FINANCIAL CORP,,,0.016179,-0.017698703953175,0.0002793296089384,5.62414907761174e-10,0.008613,2.4409113001215066,71.6,164600.0,11785359.999999998,0.009999999999998,71.6,71.58
2017-04-18,CINF,23473,CINCINNATI FINANCIAL CORP,,,-0.014525,0.6777690940678092,0.000283446712018,-3.0538208087296924e-10,-0.002903,4.095285540704738,70.56,164600.0,11614176.0,0.009999999999998,70.58,70.56
2017-04-19,CINF,23473,CINCINNATI FINANCIAL CORP,,,-0.00737,-0.1421113689095128,0.0001427755568245,-1.819602056753336e-10,-0.001716,3.513298906439854,70.04,164600.0,11528584.000000002,0.0049999999999954,70.05,70.04
2017-04-20,CINF,23473,CINCINNATI FINANCIAL CORP,,,0.005854,0.1460843972477428,0.0002838892831795,1.253747815022107e-10,0.007557,4.026537059538275,70.45,164600.0,11596070.0,0.009999999999998,70.45,70.43
2017-04-21,CINF,23473,CINCINNATI FINANCIAL CORP,,,-0.003832,-0.0749296888202206,0.0002849814762039,-8.905859962566949e-11,-0.003035,3.722839551151268,70.18,164688.0,11557803.840000002,0.009999999999998,70.19,70.17
2017-04-24,CINF,23473,CINCINNATI FINANCIAL CORP,,,0.018239,-0.0559641302415402,0.0001399384270919,4.409742606160105e-10,0.01084,3.514494073642281,71.46,164688.0,11768604.48,0.0049999999999954,71.46,71.45
2017-04-25,CINF,23473,CINCINNATI FINANCIAL CORP,,,0.005038,-0.2306948055874705,0.0001392369813421,1.575394506708801e-10,0.006091,2.703718546585058,71.82,164688.0,11827892.159999998,0.0049999999999954,71.82,71.81
2017-04-26,CINF,23473,CINCINNATI FINANCIAL CORP,,,0.000835,0.4068205807712175,0.0001391207568169,1.8544548253494213e-11,-0.000486,3.803646895948703,71.88,164688.0,11837773.44,0.0050000000000025,71.89,71.88
2017-04-27,CINF,23473,CINCINNATI FINANCIAL CORP,,,0.016138,0.0558623276901095,0.0001369112814894,3.340561742039829e-10,0.000553,4.016127465267657,73.04,164688.0,12028811.52,0.0049999999999954,73.05,73.04
2017-04-28,CINF,23473,CINCINNATI FINANCIAL CORP,,,-0.013007,0.4688437394165174,0.0002774309890414,-1.8571931562176608e-10,-0.001913,5.8990636840571264,72.09,164688.0,11872357.92,0.009999999999998,72.1,72.08
2017-05-01,CINF,23473,CINCINNATI FINANCIAL CORP,,,-0.013455,-0.1428381737613291,0.0002812148481439,-2.2718732215437032e-10,0.001732,5.056452200524628,71.12,164688.0,11712610.56,0.009999999999998,71.14,71.12
2017-05-02,CINF,23473,CINCINNATI FINANCIAL CORP,,,-0.000844,-0.4405196358514153,0.0001407261469179,-2.549321055996441e-11,0.001189,2.828985718449432,71.06,164688.0,11702729.28,0.0049999999999954,71.07,71.06
2017-05-03,CINF,23473,CINCINNATI FINANCIAL CORP,,,0.001689,0.6710195320884309,0.0004214667041303,3.047876947590843e-11,-0.001271,4.727290391528223,71.18,164688.0,11722491.840000002,0.0150000000000005,71.2,71.17
2017-05-04,CINF,23473,CINCINNATI FINANCIAL CORP,,,-0.003091,0.0463888260923177,0.0001409244644869,-5.347097068647556e-11,0.000582,4.94658384338871,70.96,164688.0,11686260.48,0.0049999999999954,70.96,70.95
2017-05-05,CINF,23473,CINCINNATI FINANCIAL CORP,,,-0.001832,-0.3029228754190486,0.0002823662289989,-4.554703034733271e-11,0.004089,3.448150442047994,70.83,164688.0,11664851.04,0.009999999999998,70.83,70.81
2017-05-08,CINF,23473,CINCINNATI FINANCIAL CORP,,,-0.012848,-0.2291637684043327,0.0001430205949657,-4.1978201467534914e-10,3.8e-05,2.65795929272321,69.92,164688.0,11514984.96,0.0050000000000025,69.93,69.92
2017-05-09,CINF,23473,CINCINNATI FINANCIAL CORP,,,-0.013301,0.4241548520334266,0.0001449485432672,-3.0926491519844073e-10,-0.001025,3.7853456232390954,68.99,164688.0,11361825.12,0.0050000000000025,69.0,68.99
2017-05-10,CINF,23473,CINCINNATI FINANCIAL CORP,,,0.003189,0.12525806022127,0.0001444877907817,6.568497560222416e-11,0.001131,4.259490673273098,69.21,164688.0,11398056.48,0.0050000000000025,69.23,69.22
2017-05-11,CINF,23473,CINCINNATI FINANCIAL CORP,,,0.002456,-0.1546614548808459,0.0001441337561257,5.969579878458827e-11,-0.002163,3.600711648693286,69.38,164688.0,11426053.44,0.0050000000000025,69.39,69.38
2017-05-12,CINF,23473,CINCINNATI FINANCIAL CORP,,,-0.004612,-0.1395376681720219,0.0002896032435564,-1.308821927413659e-10,-0.001478,3.0982767414747885,69.06,164688.0,11373353.28,0.0100000000000051,69.09,69.07
2017-05-15,CINF,23473,CINCINNATI FINANCIAL CORP,,,0.008109,0.1805902608334362,0.0001436368859523,1.9335344884789917e-10,0.004776,3.6577953463518895,69.62,164688.0,11465578.56,0.0050000000000025,69.62,69.61
2017-05-16,CINF,23473,CINCINNATI FINANCIAL CORP,,,-0.004165,-0.4184961694569178,0.0002884754074716,-1.7149831886250903e-10,-0.000687,2.127022005246284,69.33,164688.0,11417819.04,0.0100000000000051,69.34,69.32
2017-05-17,CINF,23473,CINCINNATI FINANCIAL CORP,,,-0.009231,1.107971852295922,0.000145581598486,-1.8199375628020904e-10,-0.018178,4.483702516273195,68.69,164688.0,11312418.72,0.0050000000000025,68.7,68.69
2017-05-18,CINF,23473,CINCINNATI FINANCIAL CORP,,,0.004222,-0.0067767046039338,0.0002899391127862,8.345443015237231e-11,0.003687,4.453317788788497,68.98,164688.0,11360178.24,0.009999999999998,68.99,68.97
2017-05-19,CINF,23473,CINCINNATI FINANCIAL CORP,,,0.00087,-0.2878629630437628,0.0001448435689456,2.412732941517188e-11,0.006767,3.1713725347323423,69.04,164688.0,11370059.52,0.0050000000000025,69.06,69.05
2017-05-22,CINF,23473,CINCINNATI FINANCIAL CORP,,,0.007097,-0.3338624166406593,0.0002876456205953,2.93379269270618e-10,0.00516,2.1125704362187894,69.53,164688.0,11450756.64,0.009999999999998,69.53,69.51
2017-05-23,CINF,23473,CINCINNATI FINANCIAL CORP,,,0.000575,0.1666326545276863,0.0004312203536007,2.036284988592093e-11,0.001838,2.4645936558826387,69.57,164688.0,11457344.159999998,0.0150000000000005,69.59,69.56
2017-05-24,CINF,23473,CINCINNATI FINANCIAL CORP,,,0.001869,-0.2525567334911761,0.0001434720229555,8.838753206513099e-11,0.002489,1.842143932769844,69.7,164688.0,11478753.6,0.0050000000000025,69.7,69.69
2017-05-25,CINF,23473,CINCINNATI FINANCIAL CORP,,,0.01076,0.6632660797220638,0.0001419446415898,3.0268021076219434e-10,0.004442,3.063975517341883,70.45,164688.0,11602269.6,0.0050000000000025,70.45,70.44
2017-05-26,CINF,23473,CINCINNATI FINANCIAL CORP,,,-0.007665,-0.1356480380499405,0.0001430410527822,-2.513824697754838e-10,0.000311,2.6483532497814046,69.91,164688.0,11513338.08,0.0050000000000025,69.92,69.91
2017-05-30,CINF,23473,CINCINNATI FINANCIAL CORP,,,-0.005436,0.1101794787138428,0.0002876456205953,-1.614641665193541e-10,-0.001205,2.9401474302924315,69.53,164688.0,11450756.64,0.009999999999998,69.55,69.53
2017-05-31,CINF,23473,CINCINNATI FINANCIAL CORP,,,0.00791,0.6492264671927501,0.000142694063927,1.4134193444784227e-10,-0.00046,4.84896895948703,70.08,164688.0,11541335.04,0.0050000000000025,70.09,70.08
2017-06-01,CINF,23473,CINCINNATI FINANCIAL CORP,,,0.012129,-0.3103609340230688,0.0001409840688002,3.1050015533724503e-10,0.007571,3.3440384241717678,70.93,164688.0,11681319.840000002,0.0050000000000025,70.93,70.92
2017-06-02,CINF,23473,CINCINNATI FINANCIAL CORP,,,-0.002961,-0.1256893211287707,0.0001414027149319,-8.695552030081373e-11,0.003708,2.9237285048090937,70.72,164688.0,11646735.36,0.0049999999999954,70.71,70.7
2017-06-05,CINF,23473,CINCINNATI FINANCIAL CORP,,,-0.005373,-0.029490989671923,0.0001421666192776,-1.6346166093082748e-10,-0.001218,2.837504857670261,70.34,164688.0,11584153.92,0.0049999999999954,70.35,70.34
2017-06-06,CINF,23473,CINCINNATI FINANCIAL CORP,,,-0.012226,0.1546790840204321,0.0001439263097292,-3.2611044835417415e-10,-0.002779,3.276407509958224,69.48,164688.0,11442522.24,0.0049999999999954,69.49,69.48
2017-06-07,CINF,23473,CINCINNATI FINANCIAL CORP,,,0.001151,0.1629066782805304,0.0001437607820587,2.637005390542134e-11,0.001568,3.810156174098902,69.56,164688.0,11455697.28,0.0050000000000025,69.56,69.55
2017-06-08,CINF,23473,CINCINNATI FINANCIAL CORP,,,0.012938,-0.1262177543120415,0.000283848992336,3.3490108855801496e-10,0.000267,3.329246818225979,70.46,164688.0,11603916.48,0.009999999999998,70.47,70.45
2017-06-09,CINF,23473,CINCINNATI FINANCIAL CORP,,,0.018734,-0.0462896256887359,0.0002786291446084,4.991172804242559e-10,-0.00083,3.175137229184883,71.78,164688.0,11821304.64,0.009999999999998,71.78,71.76
2017-06-12,CINF,23473,CINCINNATI FINANCIAL CORP,,,0.017275,0.3672048758192183,0.0001369487811559,3.3091631025907326e-10,-0.000979,4.341063101136695,73.02,164688.0,12025517.76,0.0050000000000025,73.03,73.02
2017-06-13,CINF,23473,CINCINNATI FINANCIAL CORP,,,-0.001917,-0.3072353448842599,0.0001372118551043,-5.310922608887777e-11,0.004511,3.0073350820946274,72.88,164688.0,12002461.44,0.0050000000000025,72.89,72.88
2017-06-14,CINF,23473,CINCINNATI FINANCIAL CORP,,,0.002333,-0.1988301377828748,0.0001368925393566,8.048707382338063e-11,-0.000996,2.409386233362479,73.05,164688.0,12030458.4,0.0050000000000025,73.06,73.05
2017-06-15,CINF,23473,CINCINNATI FINANCIAL CORP,,,0.011499,-0.0169381320927325,0.0001353363107322,3.9895616164778565e-10,-0.00224,2.3685757310793742,73.89,164688.0,12168796.32,0.0050000000000025,73.89,73.88
2017-06-16,CINF,23473,CINCINNATI FINANCIAL CORP,,,-0.001895,1.2834473282129637,0.0002711864406779,-2.8847418884806736e-11,0.000284,5.408517924803264,73.75,164688.0,12145740.0,0.009999999999998,73.77,73.75
2017-06-19,CINF,23473,CINCINNATI FINANCIAL CORP,,,-0.002034,-0.4788664874853769,0.0001367989056086,-5.994380966304409e-11,0.008347,2.818559943651025,73.1,164688.0,12038692.8,0.0049999999999954,73.1,73.09
2017-06-20,CINF,23473,CINCINNATI FINANCIAL CORP,,,-0.00985,-0.1582522410342473,0.0001381597126278,-3.4829436800404567e-10,-0.006697,2.3725165160788886,72.38,164688.0,11920117.44,0.0050000000000025,72.39,72.38
2017-06-21,CINF,23473,CINCINNATI FINANCIAL CORP,,,-0.0105,-0.0428843815983108,0.0001396258028482,-3.9203006931265607e-10,-0.000583,2.2707726124550667,71.62,164688.0,11794954.56,0.0049999999999954,71.63,71.62
2017-06-22,CINF,23473,CINCINNATI FINANCIAL CORP,,,-0.002234,0.0953688674729724,0.0001399384270919,-7.631750443657158e-11,-0.000456,2.487333624793549,71.46,164688.0,11768604.48,0.0049999999999954,71.46,71.45
2017-06-23,CINF,23473,CINCINNATI FINANCIAL CORP,,,-0.003219,0.3547483851438113,0.0001403902849921,-8.143355492469508e-11,0.001561,3.3697112115029637,71.23,164688.0,11730726.24,0.0049999999999954,71.24,71.23
2017-06-26,CINF,23473,CINCINNATI FINANCIAL CORP,,,0.010248,-0.4232752080814342,0.0004168982768202,4.4496382286072876e-10,0.000316,1.9433959972797048,71.96,164688.0,11850948.48,0.0149999999999934,71.96,71.93
2017-06-27,CINF,23473,CINCINNATI FINANCIAL CORP,,,-0.000556,0.1790135414648779,0.0001390433815351,-2.0487221380127e-11,-0.008073,2.2912901972214126,71.92,164688.0,11844360.96,0.0050000000000025,71.93,71.92
2017-06-28,CINF,23473,CINCINNATI FINANCIAL CORP,,,0.00876,-0.1560389878838631,0.0001378359751895,3.791423107135856e-10,0.008808,1.9337595938987664,72.55,164688.0,11948114.4,0.0050000000000025,72.56,72.55
2017-06-29,CINF,23473,CINCINNATI FINANCIAL CORP,,,-0.001792,0.5790898272034466,0.00027616680475,-4.9204884001221317e-11,-0.0086,3.0535801029826097,72.42,164688.0,11926704.96,0.009999999999998,72.44,72.42
2017-06-30,CINF,23473,CINCINNATI FINANCIAL CORP,,,0.000414,0.3661491226674727,0.0001380262249826,8.317495435774379e-12,0.001533,4.19170225747407,72.45,163900.0,11874555.0,0.0049999999999954,72.46,72.45
2017-07-03,CINF,23473,CINCINNATI FINANCIAL CORP,,,0.008972,-0.3404660708567436,0.0002735978112176,2.7087278032670687e-10,0.002311,2.7645698596705306,73.1,163900.0,11981089.999999998,0.0100000000000051,73.12,73.1
2017-07-05,CINF,23473,CINCINNATI FINANCIAL CORP,,,-0.007387,0.0044823256008985,0.0001378169790518,-2.236773470057363e-10,0.001453,2.776961561928005,72.56,163900.0,11892584.0,0.0050000000000025,72.56,72.55
2017-07-06,CINF,23473,CINCINNATI FINANCIAL CORP,,,-0.004961,0.2662124514439385,0.0001385041551245,-1.192275521592422e-10,-0.009369,3.516223306894448,72.2,163900.0,11833580.0,0.0049999999999954,72.21,72.2
2017-07-07,CINF,23473,CINCINNATI FINANCIAL CORP,,,0.006371,-0.0965072556562538,0.0002752546105148,1.6839614316257822e-10,0.006403,3.176882245271507,72.66,163900.0,11908974.0,0.0100000000000051,72.68,72.66
2017-07-10,CINF,23473,CINCINNATI FINANCIAL CORP,,,-0.007019,0.0268758246253535,0.0001386001386,-1.8194532721777732e-10,0.000928,3.262263575350824,72.15,163900.0,11825385.000000002,0.0049999999999954,72.16,72.15
2017-07-11,CINF,23473,CINCINNATI FINANCIAL CORP,,,-0.004297,-0.2748160131666308,0.0002783964365255,-1.5425982124212519e-10,-0.000783,2.365741305674192,71.84,163900.0,11774576.0,0.009999999999998,71.86,71.84
2017-07-12,CINF,23473,CINCINNATI FINANCIAL CORP,,,0.001949,0.0095861971140827,0.0001389274798555,6.916882308842225e-11,0.007306,2.388419768151312,71.98,163900.0,11797522.0,0.0050000000000025,71.98,71.97
2017-07-13,CINF,23473,CINCINNATI FINANCIAL CORP,,,0.007224,0.054107422942712,0.0002758620689654,2.4147114893587154e-10,0.001875,2.517651006711409,72.5,163900.0,11882750.0,0.009999999999998,72.52,72.5
2017-07-14,CINF,23473,CINCINNATI FINANCIAL CORP,,,0.002621,-0.1820992964863089,0.0001375705048838,1.0683591850107599e-10,0.004674,2.0591885295912142,72.69,163900.0,11913891.0,0.0050000000000025,72.7,72.69
2017-07-17,CINF,23473,CINCINNATI FINANCIAL CORP,,,0.00055,0.3693322390155882,0.0001374948439434,1.6363085694684996e-11,-5.3e-05,2.819713239780354,72.73,163900.0,11920447.0,0.0050000000000025,72.73,72.72
2017-07-18,CINF,23473,CINCINNATI FINANCIAL CORP,,,-0.00495,-0.1560637107785117,0.0001381788033714,-1.753690976215011e-10,0.000598,2.379658328248932,72.37,163900.0,11861443.0,0.0049999999999954,72.38,72.37
2017-07-19,CINF,23473,CINCINNATI FINANCIAL CORP,,,0.012989,-0.0136324245050329,0.0001364070386032,4.6055356761002727e-10,0.005373,2.3472178157413057,73.31,163900.0,12015509.0,0.0050000000000025,73.31,73.3
2017-07-20,CINF,23473,CINCINNATI FINANCIAL CORP,,,0.010231,0.0468120059577499,0.0001350256548744,3.430309732915473e-10,-0.000154,2.4570957901159245,74.06,163900.0,12138434.0,0.0050000000000025,74.06,74.05
2017-07-21,CINF,23473,CINCINNATI FINANCIAL CORP,,,0.004861,-0.0434671407784107,0.000134372480516,1.6956453385223987e-10,-0.000368,2.350292861500915,74.42,163900.0,12197438.0,0.0050000000000025,74.43,74.42
2017-07-24,CINF,23473,CINCINNATI FINANCIAL CORP,,,0.011287,-0.0002518087395804,0.0001328727079458,3.8942403187198355e-10,-0.001064,2.3497010372178155,75.26,163900.0,12335114.0,0.0050000000000025,75.26,75.25
2017-07-25,CINF,23473,CINCINNATI FINANCIAL CORP,,,0.005714,0.3532208477445757,0.0001321178491212,1.4485766777507548e-10,0.002923,3.179664429530201,75.69,163900.0,12405591.0,0.0049999999999954,75.69,75.68
2017-07-26,CINF,23473,CINCINNATI FINANCIAL CORP,,,-0.009248,-0.1832093440046666,0.0002667022269635,-2.8971665652096563e-10,0.000283,2.597120195241001,74.99,163900.0,12290861.0,0.009999999999998,75.0,74.98
2017-07-27,CINF,23473,CINCINNATI FINANCIAL CORP,,,0.002267,0.4274669460706466,0.0001330494944119,4.9639532777810296e-11,-0.000973,3.707303233679073,75.16,163900.0,12318724.0,0.0050000000000025,75.18,75.17
2017-07-28,CINF,23473,CINCINNATI FINANCIAL CORP,,,0.008648,-0.3895185697804738,0.0001319087191664,3.075244587069461e-10,-0.001341,2.2621080362478807,75.81,163982.0,12431475.42,0.0050000000000025,75.81,75.8
2017-07-31,CINF,23473,CINCINNATI FINANCIAL CORP,,,0.004617,0.5736834301581097,0.0002626050420169,1.0384989113418386e-10,-0.000728,3.5598419338707905,76.16,163982.0,12488869.12,0.0100000000000051,76.18,76.16
2017-08-01,CINF,23473,CINCINNATI FINANCIAL CORP,,,0.004333,0.099326766595289,0.0002614720878545,8.827349708866591e-11,0.002449,3.913429522752497,76.49,163982.0,12542983.18,0.009999999999998,76.49,76.47
2017-08-02,CINF,23473,CINCINNATI FINANCIAL CORP,,,0.009282,-0.0298925408114291,0.0001295336787565,1.931304373178041e-10,0.000493,3.796447171030967,77.2,163982.0,12659410.4,0.0050000000000025,77.2,77.19
2017-08-03,CINF,23473,CINCINNATI FINANCIAL CORP,,,0.043005,0.6764961472912172,0.000248385494287,5.117278886298942e-10,-0.002184,6.3647290556280565,80.52,163982.0,13203830.64,0.009999999999998,80.52,80.5
2017-08-04,CINF,23473,CINCINNATI FINANCIAL CORP,,,-0.002732,-0.4735340868697069,0.0001245330012452,-6.19182670308171e-11,0.001889,3.3508128940981328,80.3,163982.0,13167754.6,0.0049999999999954,80.3,80.29
2017-08-07,CINF,23473,CINCINNATI FINANCIAL CORP,,,-0.004857,-0.0618592724301284,0.0001251407833811,-1.1791053921913882e-10,0.001647,3.143534046419729,79.91,163982.0,13103801.62,0.0049999999999954,79.91,79.9
2017-08-08,CINF,23473,CINCINNATI FINANCIAL CORP,,,-0.002002,0.04196452647323,0.0002507836990595,-4.673756695654016e-11,-0.002414,3.275450964130209,79.75,163982.0,13077564.5,0.009999999999998,79.75,79.73
2017-08-09,CINF,23473,CINCINNATI FINANCIAL CORP,,,0.007273,-0.3305120877279539,0.0001244864932155,2.5178264954621637e-10,-0.000364,2.192874827724994,80.33,163982.0,13172674.06,0.0050000000000025,80.33,80.32
2017-08-10,CINF,23473,CINCINNATI FINANCIAL CORP,,,-0.008839,0.1038009744376959,0.0002511931675457,-2.79692078456722e-10,-0.014474,2.420497371662744,79.62,163982.0,13056246.84,0.009999999999998,79.64,79.62
2017-08-11,CINF,23473,CINCINNATI FINANCIAL CORP,,,-0.007787,-0.0938556578436855,0.000126582278481,-2.7405952831986585e-10,0.001276,2.193319998536425,79.0,163982.0,12954578.0,0.0050000000000025,79.01,79.0
2017-08-14,CINF,23473,CINCINNATI FINANCIAL CORP,,,0.006709,0.3884364617074221,0.0001257387149503,1.6892838176785751e-10,0.010044,3.045285458160042,79.53,163982.0,13041488.46,0.0050000000000025,79.53,79.52
2017-08-15,CINF,23473,CINCINNATI FINANCIAL CORP,,,-0.001132,-0.1880702161915365,0.0002517623363544,-3.514507957150275e-11,-0.000499,2.4725579636789403,79.44,163982.0,13026730.08,0.009999999999998,79.46,79.44
2017-08-16,CINF,23473,CINCINNATI FINANCIAL CORP,,,-0.004154,0.0291080391165481,0.000126406269751,-1.25843699337715e-10,0.00142,2.5445292776036394,79.11,163982.0,12972616.02,0.0050000000000025,79.12,79.11
2017-08-17,CINF,23473,CINCINNATI FINANCIAL CORP,,,-0.018455,0.1354584824221043,0.0002575660012877,-5.016463991328114e-10,-0.015437,2.889207352026442,77.65,163982.0,12733202.3,0.009999999999998,77.67,77.65
2017-08-18,CINF,23473,CINCINNATI FINANCIAL CORP,,,-0.003992,0.4437204766789508,0.000129299198345,-7.546200817732104e-11,-0.001835,4.171207815491944,77.34,163982.0,12682367.88,0.0050000000000025,77.36,77.35
2017-08-21,CINF,23473,CINCINNATI FINANCIAL CORP,,,-0.004655,0.0082046423772994,0.0001299038711352,-8.768697318577758e-11,0.001163,4.205431083899453,76.98,163982.0,12623334.36,0.0049999999999954,76.99,76.98
2017-08-22,CINF,23473,CINCINNATI FINANCIAL CORP,,,0.006365,-0.1356496015892926,0.0001290822253776,1.3783779470635183e-10,0.009941,3.634966032857265,77.47,163982.0,12703685.54,0.0050000000000025,77.47,77.46
2017-08-23,CINF,23473,CINCINNATI FINANCIAL CORP,,,-0.008003,-0.3851399754055319,0.0002602472348732,-2.841424697870465e-10,-0.003454,2.234995304362674,76.85,163982.0,12602016.7,0.0100000000000051,76.84,76.82
2017-08-24,CINF,23473,CINCINNATI FINANCIAL CORP,,,-0.005465,0.0402074766916145,0.0002616773518251,-1.8755711407986087e-10,-0.002074,2.324858825968704,76.43,163982.0,12533144.260000002,0.009999999999998,76.45,76.43
2017-08-25,CINF,23473,CINCINNATI FINANCIAL CORP,,,0.013476,-0.1305231681246474,0.0001290988897494,5.248470135801829e-10,0.001673,2.02141088656072,77.46,163982.0,12702045.72,0.0049999999999954,77.46,77.45
2017-08-28,CINF,23473,CINCINNATI FINANCIAL CORP,,,-0.004777,0.153954295195716,0.0002594370216631,-1.6200104213571374e-10,0.000487,2.3326157749021235,77.09,163982.0,12641372.38,0.0100000000000051,77.09,77.07
2017-08-29,CINF,23473,CINCINNATI FINANCIAL CORP,,,-0.004021,-0.1936487436831221,0.0001302422505861,-1.6979398888150448e-10,0.000843,1.8809076605968948,76.78,163982.0,12590537.96,0.0050000000000025,76.78,76.77
2017-08-30,CINF,23473,CINCINNATI FINANCIAL CORP,,,0.000651,0.1642842089905489,0.0001301574905636,2.3595408140463217e-11,0.004615,2.18991108780232,76.83,163982.0,12598737.06,0.0050000000000025,76.83,76.82
2017-08-31,CINF,23473,CINCINNATI FINANCIAL CORP,,,0.00013,0.2109349328610494,0.000130140551796,3.890563668144285e-12,0.005721,2.65183983607957,76.84,163982.0,12600376.88,0.0050000000000025,76.84,76.83
2017-09-01,CINF,23473,CINCINNATI FINANCIAL CORP,,,0.001562,-0.0608319114001481,0.0001299376299376,4.9696885649784885e-11,0.001982,2.490523350123794,76.96,163982.0,12620054.72,0.0050000000000025,76.95,76.94
2017-09-05,CINF,23473,CINCINNATI FINANCIAL CORP,,,-0.028456,0.3512430185038724,0.0001337434800054,-6.896459841428058e-10,-0.007551,3.365302289275652,74.77,163982.0,12260934.14,0.0050000000000025,74.79,74.78
2017-09-06,CINF,23473,CINCINNATI FINANCIAL CORP,,,0.004681,0.1240701713693419,0.0001331203407881,1.004544958833898e-10,0.003129,3.7828359210157214,75.12,163982.0,12318327.84,0.0050000000000025,75.12,75.11
2017-09-07,CINF,23473,CINCINNATI FINANCIAL CORP,,,-0.019303,0.2029817012914365,0.0001357404642324,-3.511247445261889e-10,-0.000178,4.5506823919698505,73.67,163982.0,12080553.94,0.0050000000000025,73.67,73.66
2017-09-08,CINF,23473,CINCINNATI FINANCIAL CORP,,,0.028505,-0.1424788604049689,0.0001319783555497,5.879037338092209e-10,-0.001489,3.902306350697028,75.77,163982.0,12424916.14,0.0050000000000025,75.76,75.75
2017-09-11,CINF,23473,CINCINNATI FINANCIAL CORP,,,0.009898,-0.1967532832844721,0.0002613695765812,2.5165524674920514e-10,0.010839,3.134514763815541,76.52,163982.0,12547902.64,0.009999999999998,76.53,76.51
2017-09-12,CINF,23473,CINCINNATI FINANCIAL CORP,,,0.001699,-0.2344826110302643,0.0001304631441618,5.633258240741044e-11,0.003364,2.39952555768316,76.65,163982.0,12569220.3,0.0050000000000025,76.67,76.66
2017-09-13,CINF,23473,CINCINNATI FINANCIAL CORP,,,-0.009263,0.283384882039448,0.0001316829075586,-2.4154752571171447e-10,0.000757,3.079514824797844,75.94,163982.0,12452793.08,0.0050000000000025,75.95,75.94
2017-09-14,CINF,23473,CINCINNATI FINANCIAL CORP,,,-0.004214,-0.0845193421586779,0.000132240148109,-1.2053972799958083e-10,-0.001101,2.8192362576380336,75.62,163982.0,12400318.84,0.0050000000000025,75.62,75.61
2017-09-15,CINF,23473,CINCINNATI FINANCIAL CORP,,,-0.00529,2.008717207724787,0.000132943366126,-5.056072839893399e-11,0.001847,8.482284640997182,75.22,163982.0,12334726.04,0.0050000000000025,75.28,75.27
2017-09-18,CINF,23473,CINCINNATI FINANCIAL CORP,,,0.011433,-0.491640197794013,0.0001314405888539,2.125247316664188e-10,0.001456,4.31205254235221,76.08,163982.0,12475750.56,0.0050000000000025,76.08,76.07
2017-09-19,CINF,23473,CINCINNATI FINANCIAL CORP,,,-0.000526,-0.4229973454919326,0.0001315097317202,-1.6954524013548467e-11,0.00111,2.4880657633154857,76.04,163982.0,12469191.28,0.0050000000000025,76.04,76.03
2017-09-20,CINF,23473,CINCINNATI FINANCIAL CORP,,,0.003814,-0.2450183579331271,0.0001310100877768,1.6221499614667294e-10,0.000634,1.878443975558293,76.33,163982.0,12516746.06,0.0050000000000025,76.33,76.32
2017-09-21,CINF,23473,CINCINNATI FINANCIAL CORP,,,-0.003275,-0.0354639630426807,0.0002646202699128,-1.4584499590450776e-10,-0.003046,1.8118269078313476,75.58,163982.0,12393759.56,0.0100000000000051,75.62,75.6
2017-09-22,CINF,23473,CINCINNATI FINANCIAL CORP,,,0.003969,-0.2492906595940183,0.0001317870321561,2.345141613547762e-10,0.000648,1.36015538290788,75.88,163982.0,12442954.16,0.0050000000000025,75.87,75.86
2017-09-25,CINF,23473,CINCINNATI FINANCIAL CORP,,,0.005799,0.2659824875247152,0.0001310272536686,2.6909296587590483e-10,-0.002222,1.7219328950738495,76.32,163982.0,12515106.239999998,0.0049999999999954,76.32,76.31
2017-09-26,CINF,23473,CINCINNATI FINANCIAL CORP,,,-0.001965,0.4669719442142468,0.0001312852829198,-6.227939562442861e-11,7.2e-05,2.526027246892952,76.17,163982.0,12490508.94,0.0050000000000025,76.2,76.19
2017-09-27,CINF,23473,CINCINNATI FINANCIAL CORP,,,0.009584,-0.0608440381147352,0.0001300390117033,3.203675616077451e-10,0.004085,2.372333548804137,76.9,163982.0,12610215.8,0.0049999999999954,76.88,76.87
2017-09-28,CINF,23473,CINCINNATI FINANCIAL CORP,,,0.006242,-0.1635520024677395,0.0001292323597827,2.4790435924485537e-10,0.001205,1.9843336463758217,77.38,163982.0,12688927.16,0.0049999999999954,77.38,77.37
2017-09-29,CINF,23473,CINCINNATI FINANCIAL CORP,,,-0.010468,0.7178997833402481,0.0001305994514823,-2.445661611383187e-10,0.003705,3.4105918242830997,76.57,163900.0,12549822.999999998,0.0050000000000025,76.56,76.55
2017-10-02,CINF,23473,CINCINNATI FINANCIAL CORP,,,0.012146,-0.4049814309941395,0.0002580645161289,4.711859748270852e-10,0.003874,2.029365466748017,77.5,163900.0,12702250.0,0.009999999999998,77.52,77.5
2017-10-03,CINF,23473,CINCINNATI FINANCIAL CORP,,,-0.004387,0.2498368975355744,0.0001296008294451,-1.3676748296334198e-10,0.002159,2.5363758389261744,77.16,163900.0,12646524.0,0.0049999999999954,77.16,77.15
2017-10-04,CINF,23473,CINCINNATI FINANCIAL CORP,,,0.002851,-0.2435051189284889,0.0002584647195657,1.1715745721277338e-10,0.001247,1.9187553386211105,77.38,163900.0,12682582.0,0.009999999999998,77.38,77.36
2017-10-05,CINF,23473,CINCINNATI FINANCIAL CORP,,,0.000129,0.0611764032510397,0.0001292156609381,4.994807148747804e-12,0.005647,2.036137888956681,77.39,163900.0,12684221.0,0.0050000000000025,77.39,77.38
2017-10-06,CINF,23473,CINCINNATI FINANCIAL CORP,,,-0.008916,0.6831983411392082,0.0001303780964798,-2.0694420161820615e-10,-0.001074,3.427223917022575,76.7,163900.0,12571130.0,0.0050000000000025,76.72,76.71
2017-10-09,CINF,23473,CINCINNATI FINANCIAL CORP,,,-0.004433,-0.4607546081513631,0.0002619172341539,-1.9165666890136124e-10,-0.001804,1.8481147040878585,76.36,163900.0,12515404.0,0.009999999999998,76.39,76.37
2017-10-10,CINF,23473,CINCINNATI FINANCIAL CORP,,,0.009953,0.0543105781991772,0.000259336099585,4.04120185117302e-10,0.002322,1.9484868822452717,77.12,163900.0,12639968.0,0.009999999999998,77.11,77.09
2017-10-11,CINF,23473,CINCINNATI FINANCIAL CORP,,,-0.002334,0.0781226026046086,0.0002599428125811,-8.810571476602148e-11,0.001803,2.100707748627212,76.94,163900.0,12610466.0,0.009999999999998,76.94,76.92
2017-10-12,CINF,23473,CINCINNATI FINANCIAL CORP,,,-0.013127,0.5119806218886689,0.0001317002502305,-3.320941836044617e-10,-0.001687,3.176229408175717,75.93,163900.0,12444927.000000002,0.0050000000000025,75.93,75.92
2017-10-13,CINF,23473,CINCINNATI FINANCIAL CORP,,,0.007112,-0.243881871129347,0.0002615404733882,2.362763160101522e-10,0.000878,2.4016046369737647,76.47,163900.0,12533433.0,0.009999999999998,76.49,76.47
2017-10-16,CINF,23473,CINCINNATI FINANCIAL CORP,,,-0.000654,0.2326159802653808,0.0001308557969118,-1.7638532682377333e-11,0.001751,2.960256253813301,76.42,163900.0,12525238.0,0.0050000000000025,76.42,76.41
2017-10-17,CINF,23473,CINCINNATI FINANCIAL CORP,,,-0.006412,-0.3652743483942241,0.0001317002502305,-2.7421158737427213e-10,0.000672,1.8789505796217203,75.93,163900.0,12444927.000000002,0.0050000000000025,75.95,75.94
2017-10-18,CINF,23473,CINCINNATI FINANCIAL CORP,,,0.000922,0.2701487206130666,0.0002631578947367,3.1014761277162296e-11,0.000742,2.3865466748017083,76.0,163900.0,12456400.0,0.009999999999998,76.0,75.98
2017-10-19,CINF,23473,CINCINNATI FINANCIAL CORP,,,0.0025,0.3518093850263961,0.0002625016406352,6.205513029256128e-11,0.000328,3.226156192800488,76.19,163900.0,12487541.0,0.009999999999998,76.19,76.17
2017-10-20,CINF,23473,CINCINNATI FINANCIAL CORP,,,0.003544,0.1729514133824539,0.0002615746795709,7.473345375333239e-11,0.005117,3.780157491832854,76.46,164072.0,12544945.12,0.009999999999998,76.46,76.44
2017-10-23,CINF,23473,CINCINNATI FINANCIAL CORP,,,-0.004447,-0.5010883270076005,0.0002627430373094,-1.887992733370277e-10,-0.003972,1.8859646984250815,76.12,164072.0,12489160.64,0.009999999999998,76.13,76.11
2017-10-24,CINF,23473,CINCINNATI FINANCIAL CORP,,,0.001839,1.2077632063703407,0.0001311303435615,3.5299162829276247e-11,0.001618,4.163763469696231,76.26,164072.0,12512130.72,0.0050000000000025,76.29,76.28
2017-10-25,CINF,23473,CINCINNATI FINANCIAL CORP,,,-0.006688,-0.454971551195406,0.0001320132013201,-2.37123137570243e-10,-0.004663,2.2693695450777707,75.75,164072.0,12428454.0,0.0050000000000025,75.76,75.75
2017-10-26,CINF,23473,CINCINNATI FINANCIAL CORP,,,0.003564,0.1174867056990922,0.000394632991318,1.1267505285839963e-10,0.001271,2.5359902969428054,76.02,164072.0,12472753.44,0.0150000000000005,76.01,75.98
2017-10-27,CINF,23473,CINCINNATI FINANCIAL CORP,,,-0.065641,1.859838734873884,0.0002815711671124,-7.766221452427191e-10,0.008073,7.252523282461358,71.03,164072.0,11654034.16,0.009999999999998,71.05,71.03
2017-10-30,CINF,23473,CINCINNATI FINANCIAL CORP,,,-0.008729,-0.4442339756087722,0.0005681011219998,-1.8746256361973975e-10,-0.003192,4.030706031498367,70.41,164072.0,11552309.52,0.0200000000000031,70.45,70.41
2017-10-31,CINF,23473,CINCINNATI FINANCIAL CORP,,,-0.003409,-0.0153630735824691,0.000142511044606,-7.460772691782239e-11,0.000944,3.968781998147155,70.17,164072.0,11512932.24,0.0050000000000025,70.18,70.17
2017-11-01,CINF,23473,CINCINNATI FINANCIAL CORP,,,0.007696,-0.1323456691534877,0.0001414227124874,1.926396882237584e-10,0.001592,3.4435308888780534,70.71,164072.0,11601531.12,0.0049999999999954,70.71,70.7
2017-11-02,CINF,23473,CINCINNATI FINANCIAL CORP,,,0.026163,0.8070663572790171,0.0001378169790518,3.5316504447566426e-10,0.00019,6.22268881954264,72.56,164072.0,11905064.32,0.0050000000000025,72.56,72.55
2017-11-03,CINF,23473,CINCINNATI FINANCIAL CORP,,,0.000138,-0.2034929562014126,0.0002755959762986,2.3384053010497278e-12,0.003097,4.956415476132429,72.57,164072.0,11906705.04,0.009999999999998,72.57,72.55
2017-11-06,CINF,23473,CINCINNATI FINANCIAL CORP,,,0.009646,-0.3512873074449496,0.0001364815067557,2.49555125624225e-10,0.001271,3.2152896289433905,73.27,164072.0,12021555.44,0.0049999999999954,73.27,73.26
2017-11-07,CINF,23473,CINCINNATI FINANCIAL CORP,,,-0.005459,0.0293930875252825,0.0001372306847811,-1.379521601745929e-10,-0.000189,3.309796918426057,72.87,164072.0,11955926.64,0.0050000000000025,72.87,72.86
2017-11-08,CINF,23473,CINCINNATI FINANCIAL CORP,,,-0.002333,-0.294285004005193,0.0001375515818432,-8.373656906080212e-11,0.001444,2.335773319030669,72.7,164072.0,11928034.4,0.0050000000000025,72.7,72.69
2017-11-09,CINF,23473,CINCINNATI FINANCIAL CORP,,,0.005502,0.040794812582358,0.0001367989056088,1.8870044517357092e-10,-0.003762,2.431060753815398,73.1,164072.0,11993663.2,0.0050000000000025,73.11,73.1
2017-11-10,CINF,23473,CINCINNATI FINANCIAL CORP,,,0.004104,0.2349392908448637,0.0001362397820162,1.1351033344805509e-10,-0.000898,3.002212443317568,73.4,164072.0,12042884.8,0.0049999999999954,73.41,73.4
2017-11-13,CINF,23473,CINCINNATI FINANCIAL CORP,,,-0.001362,0.36821910800095,0.0001364256480217,-2.7570306163270283e-11,0.000984,4.107684431225316,73.3,164072.0,12026477.6,0.0049999999999954,73.3,73.29
2017-11-14,CINF,23473,CINCINNATI FINANCIAL CORP,,,0.010368,-0.3492765106327415,0.0001350256548744,3.1921497215609527e-10,-0.00231,2.6729667463064994,74.06,164072.0,12151172.32,0.0050000000000025,74.06,74.05
2017-11-15,CINF,23473,CINCINNATI FINANCIAL CORP,,,0.000675,0.0395477005374418,0.0002698691134799,1.9978115037516152e-11,-0.005526,2.7786764347359694,74.11,164072.0,12159375.92,0.009999999999998,74.13,74.11
2017-11-16,CINF,23473,CINCINNATI FINANCIAL CORP,,,-0.007017,0.3818049014812361,0.0001358880282647,-1.5136082796668868e-10,0.008196,3.839588717148569,73.59,164072.0,12074058.48,0.0050000000000025,73.59,73.58
2017-11-17,CINF,23473,CINCINNATI FINANCIAL CORP,,,-0.001767,3.157679187388585,0.0001361285053088,-9.183653113631776e-12,-0.002626,15.963778097420644,73.46,164072.0,12052729.12,0.0049999999999954,73.46,73.45
2017-11-20,CINF,23473,CINCINNATI FINANCIAL CORP,,,-0.000408,-0.7826343754927537,0.0001361841209313,-9.759456153425584e-12,0.001276,3.4699765956409383,73.43,164072.0,12047806.96,0.0049999999999954,73.46,73.45
2017-11-21,CINF,23473,CINCINNATI FINANCIAL CORP,,,0.000409,-0.2068428281863115,0.0001361285053088,1.2329688676355739e-11,0.006541,2.752236822858257,73.46,164072.0,12052729.12,0.0049999999999954,73.46,73.45
2017-11-22,CINF,23473,CINCINNATI FINANCIAL CORP,,,-0.01089,-0.0277457287433702,0.0001376273052574,-3.4137550320535985e-10,-0.00075,2.675874006533717,72.66,164072.0,11921471.52,0.0050000000000025,72.67,72.66
2017-11-24,CINF,23473,CINCINNATI FINANCIAL CORP,,,-0.002064,-0.5715590521050666,0.0005516480485451,-1.5132848472322558e-10,0.002056,1.146453995806719,72.51,164072.0,11896860.72,0.0200000000000031,72.56,72.52
2017-11-27,CINF,23473,CINCINNATI FINANCIAL CORP,,,0.012412,1.232864259094848,0.0001362212232666,4.025623144505415e-10,-0.000384,2.559876151933297,73.41,164072.0,12044525.52,0.0050000000000025,73.43,73.42
2017-11-28,CINF,23473,CINCINNATI FINANCIAL CORP,,,0.011443,0.1502747592880067,0.00013468013468,3.189983401939024e-10,0.009848,2.944560924472183,74.25,164072.0,12182346.0,0.0049999999999954,74.24,74.23
2017-11-29,CINF,23473,CINCINNATI FINANCIAL CORP,,,0.00835,0.1442747143566816,0.0001335648457326,2.0174060762184506e-10,-0.000369,3.3693866107562536,74.87,164072.0,12284070.64,0.0050000000000025,74.86,74.85
2017-11-30,CINF,23473,CINCINNATI FINANCIAL CORP,,,0.004808,0.3644735556833844,0.0001338150675764,8.529410878382215e-11,0.008191,4.597438929250573,74.73,164072.0,12261100.56,0.0049999999999954,74.74,74.73
2017-12-01,CINF,23473,CINCINNATI FINANCIAL CORP,,,-0.00281,-0.3062649225584672,0.0001341921631777,-7.205919038113593e-11,-0.002024,3.189404651616364,74.52,164072.0,12226645.44,0.0050000000000025,74.53,74.52
2017-12-04,CINF,23473,CINCINNATI FINANCIAL CORP,,,0.011406,-0.0869132339114682,0.0002653575693246,3.1672234792806445e-10,-0.001052,2.912203179092106,75.37,164072.0,12366106.64,0.009999999999998,75.39,75.37
2017-12-05,CINF,23473,CINCINNATI FINANCIAL CORP,,,-0.013135,-0.1428912268658528,0.0001344447432104,-4.312030449265631e-10,-0.003739,2.496074893948998,74.38,164072.0,12203675.36,0.0049999999999954,74.38,74.37
2017-12-06,CINF,23473,CINCINNATI FINANCIAL CORP,,,0.001076,-0.1629185224253789,0.0002686005909214,4.2153090709467026e-11,-0.000114,2.0894180603637427,74.46,164072.0,12216801.12,0.0100000000000051,74.48,74.46
2017-12-07,CINF,23473,CINCINNATI FINANCIAL CORP,,,-0.004029,0.1944109796829194,0.0001348435814455,-1.3268259072734778e-10,0.002932,2.495623872446243,74.16,164072.0,12167579.52,0.0050000000000025,74.18,74.17
2017-12-08,CINF,23473,CINCINNATI FINANCIAL CORP,,,0.003236,-0.1631482286512545,0.0001344086021506,1.2693267550513474e-10,0.005506,2.088467258276854,74.4,164072.0,12206956.8,0.0050000000000025,74.4,74.39
2017-12-11,CINF,23473,CINCINNATI FINANCIAL CORP,,,0.00215,0.0238050073104747,0.0001341201716738,8.219647025754596e-11,0.003202,2.138183236627822,74.56,164072.0,12233208.32,0.0050000000000025,74.56,74.55
2017-12-12,CINF,23473,CINCINNATI FINANCIAL CORP,,,-0.000536,0.078630963239989,0.000402576489533,-1.900814201422072e-11,0.001549,2.306310644107465,74.52,164072.0,12226645.44,0.0150000000000005,74.52,74.49
2017-12-13,CINF,23473,CINCINNATI FINANCIAL CORP,,,-0.011272,0.6957275482887202,0.0001357220412593,-2.384201801683261e-10,-0.000473,3.910874494124531,73.68,164072.0,12088824.96,0.0049999999999954,73.69,73.68
2017-12-14,CINF,23473,CINCINNATI FINANCIAL CORP,,,-0.013979,-0.2666516016924719,0.0001376462491395,-4.089044033806282e-10,-0.004071,2.8680335462479887,72.65,164072.0,11919830.8,0.0049999999999954,72.66,72.65
2017-12-15,CINF,23473,CINCINNATI FINANCIAL CORP,,,0.022436,2.277596671228568,0.0001346257404416,1.958390652353449e-10,0.008974,9.400257204154274,74.28,164072.0,12187268.16,0.0050000000000025,74.25,74.24
2017-12-18,CINF,23473,CINCINNATI FINANCIAL CORP,,,0.004039,-0.7125931794914022,0.0001340842048807,1.2217439445059955e-10,0.005363,2.7016980350090205,74.58,164072.0,12236489.76,0.0050000000000025,74.59,74.58
2017-12-19,CINF,23473,CINCINNATI FINANCIAL CORP,,,-0.007106,0.1391602917389509,0.0001359619306594,-1.91331470330424e-10,-0.00323,3.077667121751426,73.55,164072.0,12067495.6,0.0050000000000025,73.56,73.55
2017-12-20,CINF,23473,CINCINNATI FINANCIAL CORP,,,-0.00136,-0.0337631372051988,0.0001361470388017,-3.794961627566401e-11,-0.000828,2.9737554244478037,73.45,164072.0,12051088.4,0.0049999999999954,73.46,73.45
2017-12-21,CINF,23473,CINCINNATI FINANCIAL CORP,,,0.002859,-0.2341702363140743,0.0002715177844148,1.0387486694207236e-10,0.001986,2.277390413964601,73.66,164072.0,12085543.52,0.009999999999998,73.66,73.64
2017-12-22,CINF,23473,CINCINNATI FINANCIAL CORP,,,0.00448,-0.2373520029117691,0.000135153399108,2.124755158487213e-10,-0.000458,1.73684723779804,73.99,164072.0,12139687.28,0.0050000000000025,74.0,73.99
2017-12-26,CINF,23473,CINCINNATI FINANCIAL CORP,,,0.003784,-0.0673268577524494,0.0001346438669717,1.9169559737736794e-10,-0.001058,1.6199107708810767,74.27,164072.0,12185627.44,0.0049999999999954,74.27,74.26
2017-12-27,CINF,23473,CINCINNATI FINANCIAL CORP,,,0.00377,-0.1601349978553852,0.0002682763246142,2.265471760712724e-10,0.000791,1.36050636306012,74.55,164072.0,12231567.6,0.009999999999998,74.55,74.53
2017-12-28,CINF,23473,CINCINNATI FINANCIAL CORP,,,0.007109,0.5283687466681002,0.0001331912626532,2.7753710420835293e-10,0.001834,2.0793554049441707,75.08,164072.0,12318525.76,0.0050000000000025,75.08,75.07
2017-12-29,CINF,23473,CINCINNATI FINANCIAL CORP,,,-0.001465,0.1554765450047484,0.0001333866880086,-4.957078335303694e-11,-0.005183,2.4051677852348994,74.97,163900.0,12287583.0,0.0050000000000025,74.98,74.97
2018-01-02,CINF,23473,CINCINNATI FINANCIAL CORP,,,-0.02521,0.6371271945957326,0.0002736726874657,-5.345244218415714e-10,0.008303,3.9375655887736425,73.08,163900.0,11977812.0,0.009999999999998,73.08,73.06
2018-01-03,CINF,23473,CINCINNATI FINANCIAL CORP,,,-0.003968,-0.1725359369165141,0.000137381508449,-1.0208079606408104e-10,0.006399,3.2581940207443565,72.79,163900.0,11930281.000000002,0.0050000000000025,72.78,72.77
2018-01-04,CINF,23473,CINCINNATI FINANCIAL CORP,,,0.011403,0.1655337460535038,0.0001358326541701,2.4885281797081405e-10,0.004029,3.797535082367297,73.62,163900.0,12066318.0,0.0050000000000025,73.61,73.6
2018-01-05,CINF,23473,CINCINNATI FINANCIAL CORP,,,0.005162,-0.3067594663376263,0.0001351351351352,1.6166707631512814e-10,0.007034,2.6326052471018917,74.0,163900.0,12128600.0,0.0050000000000025,74.0,73.99
2018-01-08,CINF,23473,CINCINNATI FINANCIAL CORP,,,-0.004459,0.0860194120755346,0.0002714809284647,-1.2916490183786102e-10,0.001662,2.859060402684564,73.67,163900.0,12074513.0,0.009999999999998,73.67,73.65
2018-01-09,CINF,23473,CINCINNATI FINANCIAL CORP,,,-0.006244,0.4501664532650449,0.0001365933615625,-1.255082716154046e-10,0.001303,4.146113483831605,73.21,163900.0,11999118.999999998,0.0049999999999954,73.24,73.23
2018-01-10,CINF,23473,CINCINNATI FINANCIAL CORP,,,-0.013932,-0.1907297203435224,0.0002770466823659,-3.5093177582953125e-10,-0.001112,3.3553264185478957,72.19,163900.0,11831941.0,0.009999999999998,72.19,72.17
2018-01-11,CINF,23473,CINCINNATI FINANCIAL CORP,,,0.008034,0.0019656761307638,0.0001374192661811,2.0036085588683998e-10,0.007034,3.361921903599756,72.77,163900.0,11927003.0,0.0050000000000025,72.76,72.75
2018-01-12,CINF,23473,CINCINNATI FINANCIAL CORP,,,0.017315,-0.2750395176935822,0.0002701607456436,5.855093550681205e-10,0.00675,2.4372605247101893,74.03,163900.0,12133517.0,0.009999999999998,74.03,74.01
2018-01-16,CINF,23473,CINCINNATI FINANCIAL CORP,,,0.002296,0.5873176007029366,0.0001347708894877,4.88003839042884e-11,-0.003524,3.868706528370958,74.2,163900.0,12161380.0,0.0049999999999954,74.21,74.2
2018-01-17,CINF,23473,CINCINNATI FINANCIAL CORP,,,0.01159,-0.2847838052236229,0.0002664535038635,3.404809329311521e-10,0.009415,2.766961561928005,75.06,163900.0,12302334.0,0.009999999999998,75.08,75.06
2018-01-18,CINF,23473,CINCINNATI FINANCIAL CORP,,,-0.002664,-0.1138024939085566,0.0002671653753672,-8.854658057186912e-11,-0.001616,2.4520744356314825,74.86,163900.0,12269554.0,0.009999999999998,74.88,74.86
2018-01-19,CINF,23473,CINCINNATI FINANCIAL CORP,,,0.004008,0.1044377262717874,0.0001330494944119,1.2013985545319335e-10,0.004385,2.708163514338011,75.16,163900.0,12318724.0,0.0050000000000025,75.18,75.17
2018-01-22,CINF,23473,CINCINNATI FINANCIAL CORP,,,0.010245,-0.0071733037749961,0.0001317002502305,3.061760952544728e-10,0.008067,2.6887370347773034,75.93,163900.0,12444927.000000002,0.0050000000000025,75.92,75.91
2018-01-23,CINF,23473,CINCINNATI FINANCIAL CORP,,,0.014224,0.7116482558931116,0.0001298532658095,2.4486844062228217e-10,0.002174,4.602172056131788,77.01,163900.0,12621939.0,0.0049999999999954,77.02,77.01
2018-01-24,CINF,23473,CINCINNATI FINANCIAL CORP,,,0.002987,-0.2602784583240531,0.0001294665976178,6.930792339438431e-11,-0.00056,3.404325808419768,77.24,163900.0,12659636.0,0.0050000000000025,77.23,77.22
2018-01-25,CINF,23473,CINCINNATI FINANCIAL CORP,,,-0.000259,-0.2758128139735362,0.0002590002590002,-8.300591857069136e-12,0.000603,2.4653691275167784,77.22,163900.0,12656358.0,0.009999999999998,77.24,77.22
2018-01-26,CINF,23473,CINCINNATI FINANCIAL CORP,,,0.003756,0.1791082821463394,0.0001290156108889,1.017075633803496e-10,0.011841,2.9069371568029285,77.51,163900.0,12703889.0,0.0050000000000025,77.5,77.49
2018-01-29,CINF,23473,CINCINNATI FINANCIAL CORP,,,-0.01187,-0.0315397095584608,0.0001305653479565,-3.3587852287405455e-10,-0.006732,2.8152532031726665,76.59,163900.0,12553101.0,0.0049999999999954,76.6,76.59
2018-01-30,CINF,23473,CINCINNATI FINANCIAL CORP,,,-0.002611,0.0382861601144293,0.000261814373609,-7.13439058429373e-11,-0.010899,2.923038438071995,76.39,163900.0,12520321.0,0.009999999999998,76.41,76.39
2018-01-31,CINF,23473,CINCINNATI FINANCIAL CORP,,,0.006676,1.280363024592662,0.0001300390117033,7.946438339322462e-11,0.000489,6.665588773642465,76.9,163900.0,12603910.000000002,0.0049999999999954,76.91,76.9
2018-02-01,CINF,23473,CINCINNATI FINANCIAL CORP,,,0.003511,-0.2586687292332195,0.0001295840352469,5.6176223365652286e-11,-0.000648,4.941409395973154,77.17,163900.0,12648163.0,0.0050000000000025,77.18,77.17
2018-02-02,CINF,23473,CINCINNATI FINANCIAL CORP,,,-0.010237,-0.4322228629072585,0.0003927729772191,-2.9146429365749e-10,-0.021209,2.8056192800488104,76.38,163900.0,12518682.0,0.0150000000000005,76.38,76.35
2018-02-05,CINF,23473,CINCINNATI FINANCIAL CORP,,,-0.039146,1.0998997479563588,0.0002725166916475,-5.523880207135151e-10,-0.040979,5.891519219035998,73.39,163900.0,12028621.0,0.0100000000000051,73.4,73.38
2018-02-06,CINF,23473,CINCINNATI FINANCIAL CORP,,,-0.010764,0.1937791263644084,0.000275482093664,-1.286195054118306e-10,0.017441,7.033172666259914,72.6,163900.0,11899139.999999998,0.0100000000000051,72.65,72.63
2018-02-07,CINF,23473,CINCINNATI FINANCIAL CORP,,,0.000413,-0.0999681627292261,0.0005507366102162,5.48082457877773e-12,-0.005002,6.330079316656498,72.63,163900.0,11904057.0,0.0200000000000031,72.68,72.64
2018-02-08,CINF,23473,CINCINNATI FINANCIAL CORP,,,-0.03153,-0.0079932530120482,0.0002843332385557,-4.35530802436131e-10,-0.037536,6.279481391092129,70.34,163900.0,11528726.0,0.0100000000000051,70.34,70.32
2018-02-09,CINF,23473,CINCINNATI FINANCIAL CORP,,,0.02559,0.2945287002517471,0.0005544774050458,2.6624394101047554e-10,0.014936,8.128968883465527,72.14,163900.0,11823746.0,0.0200000000000031,72.14,72.1
2018-02-12,CINF,23473,CINCINNATI FINANCIAL CORP,,,0.03008,-0.1958782230935393,0.0001345713901225,3.778281677792936e-10,0.013915,6.536680902989628,74.31,163900.0,12179409.0,0.0050000000000025,74.33,74.32
2018-02-13,CINF,23473,CINCINNATI FINANCIAL CORP,,,-0.004575,-0.17084234833791,0.0001351899418683,-6.962450626880915e-11,0.002613,5.419938987187309,73.97,163900.0,12123683.0,0.0050000000000025,73.98,73.97
2018-02-14,CINF,23473,CINCINNATI FINANCIAL CORP,,,0.02163,-0.353859160130042,0.0001323276432445,4.986623210331794e-10,0.013402,3.5020439292251373,75.57,163900.0,12385922.999999998,0.0049999999999954,75.57,75.56
2018-02-15,CINF,23473,CINCINNATI FINANCIAL CORP,,,0.008204,-0.1240589910886172,0.0001312508203175,2.1416686321884487e-10,0.012069,3.0675838926174497,76.19,163900.0,12487541.0,0.0049999999999954,76.19,76.18
2018-02-16,CINF,23473,CINCINNATI FINANCIAL CORP,,,0.013125,0.0715625416437109,0.0001295504599041,3.1560606845790236e-10,0.000373,3.2853440495646025,77.19,163988.0,12658233.72,0.0050000000000025,77.18,77.17
2018-02-20,CINF,23473,CINCINNATI FINANCIAL CORP,,,-0.019433,-0.3001000451038222,0.000396353547364,-6.808829418940698e-10,-0.005841,2.2994121521086908,75.69,163988.0,12412251.72,0.0149999999999934,75.71,75.68
2018-02-21,CINF,23473,CINCINNATI FINANCIAL CORP,,,-0.001982,0.1037430120187972,0.000397140587768,-6.304197511233232e-11,-0.005497,2.5379600946410714,75.54,163988.0,12387653.52,0.0150000000000005,75.54,75.51
2018-02-22,CINF,23473,CINCINNATI FINANCIAL CORP,,,-0.008208,-0.0461370271146938,0.0002669514148426,-2.759667315327007e-10,0.000974,2.4208661609386053,74.92,163988.0,12285980.96,0.0100000000000051,74.93,74.91
2018-02-23,CINF,23473,CINCINNATI FINANCIAL CORP,,,0.011746,-0.140052847279423,0.0001319261213719,4.5390626686425437e-10,0.016028,2.0818169622167475,75.8,163988.0,12430290.4,0.0049999999999954,75.8,75.79
2018-02-26,CINF,23473,CINCINNATI FINANCIAL CORP,,,0.019261,0.3370455750410817,0.0001294330830961,5.461642940890101e-10,0.011757,2.783484157377369,77.26,163988.0,12669712.88,0.0050000000000025,77.26,77.25
2018-02-27,CINF,23473,CINCINNATI FINANCIAL CORP,,,-0.017862,0.3040170179950838,0.000263574064312,-3.954746775394197e-10,-0.012707,3.629710710539796,75.88,163988.0,12443409.44,0.009999999999998,75.89,75.87
2018-02-28,CINF,23473,CINCINNATI FINANCIAL CORP,,,-0.017001,-0.1088169427228847,0.0001340662287168,-4.2967774157755784e-10,-0.011096,3.234736688050345,74.59,163988.0,12231864.92,0.0049999999999954,74.6,74.59
2018-03-01,CINF,23473,CINCINNATI FINANCIAL CORP,,,-0.016758,-0.0971179622137851,0.0004090537223888,-4.770888466980794e-10,-0.013324,2.9205856526087275,73.34,163988.0,12026879.92,0.0150000000000005,73.36,73.33
2018-03-02,CINF,23473,CINCINNATI FINANCIAL CORP,,,0.017317,0.604625621945083,0.0002680605816914,3.020089947542781e-10,0.005072,4.686446569261165,74.61,163988.0,12235144.68,0.009999999999998,74.61,74.59
2018-03-05,CINF,23473,CINCINNATI FINANCIAL CORP,,,0.017156,-0.3422066540797194,0.0001317696666228,4.471840136609222e-10,0.011032,3.0827133692709223,75.89,163988.0,12445049.32,0.0050000000000025,75.9,75.89
2018-03-06,CINF,23473,CINCINNATI FINANCIAL CORP,,,0.001977,-0.1784312639458151,0.0001315097317202,6.26001597806858e-11,0.002639,2.5326609264092497,76.04,163988.0,12469647.52,0.0050000000000025,76.04,76.03
2018-03-07,CINF,23473,CINCINNATI FINANCIAL CORP,,,-0.004208,0.3910975956236788,0.0001320655044902,-9.618744890081779e-11,-0.000484,3.520988481930648,75.72,164090.0,12424894.8,0.0050000000000025,75.73,75.72
2018-03-08,CINF,23473,CINCINNATI FINANCIAL CORP,,,-0.006075,-0.1513901124863481,0.0001328727079458,-1.6463693080259552e-10,0.004463,2.987945639588031,75.26,164090.0,12349413.4,0.0050000000000025,75.26,75.25
2018-03-09,CINF,23473,CINCINNATI FINANCIAL CORP,,,0.023651,0.1268285021986896,0.0002596053997922,5.55674674011318e-10,0.017379,3.3669023097080872,77.04,164090.0,12641493.6,0.009999999999998,77.05,77.03
2018-03-12,CINF,23473,CINCINNATI FINANCIAL CORP,,,-0.023365,0.0027005746866373,0.0001329080276449,-5.605741977270094e-10,-0.001274,3.375994880858065,75.24,164090.0,12346131.6,0.0050000000000025,75.25,75.24
2018-03-13,CINF,23473,CINCINNATI FINANCIAL CORP,,,-0.002126,-0.0987567851514621,0.0001331912626532,-5.671697944366337e-11,-0.006364,3.04259247973673,75.08,164090.0,12319877.2,0.0050000000000025,75.09,75.08
2018-03-14,CINF,23473,CINCINNATI FINANCIAL CORP,,,-0.013719,0.0480552178328281,0.0004051316677918,-3.5406852864360776e-10,-0.005724,3.188804924127004,74.05,164090.0,12150864.5,0.0149999999999934,74.07,74.04
2018-03-15,CINF,23473,CINCINNATI FINANCIAL CORP,,,0.003376,0.4317125050883801,0.0002691790040376,6.065236487136834e-11,-0.000782,4.565451886160034,74.3,164090.0,12191887.0,0.009999999999998,74.3,74.28
2018-03-16,CINF,23473,CINCINNATI FINANCIAL CORP,,,0.011171,2.328789486681484,0.0002662052442432,5.962473290066499e-11,0.001703,15.19742824059967,75.13,164090.0,12328081.7,0.009999999999998,74.94,74.92
2018-03-19,CINF,23473,CINCINNATI FINANCIAL CORP,,,-0.000266,-0.7245056232671652,0.0001331380641726,-5.154884270006169e-12,-0.014204,4.18680602108599,75.11,164090.0,12324799.9,0.0050000000000025,75.12,75.11
2018-03-20,CINF,23473,CINCINNATI FINANCIAL CORP,,,0.010917,-0.1721903370096345,0.0001326259946948,2.5458717252281986e-10,0.001482,3.465878481321226,75.4,164090.0,12372386.000000002,0.0049999999999954,75.41,75.4
2018-03-21,CINF,23473,CINCINNATI FINANCIAL CORP,,,0.001989,-0.0596343341843732,0.000397088021178,4.922753660539759e-11,-0.001844,3.259193125723688,75.55,164090.0,12396999.5,0.0150000000000005,75.56,75.53
2018-03-22,CINF,23473,CINCINNATI FINANCIAL CORP,,,-0.027929,0.0004712033073983,0.000272331154684,-7.107648045307767e-10,-0.025163,3.26072886830398,73.44,164090.0,12050769.6,0.009999999999998,73.45,73.43
2018-03-23,CINF,23473,CINCINNATI FINANCIAL CORP,,,-0.024918,-0.0033361181041877,0.0001396453009356,-6.525202353626818e-10,-0.020967,3.2498506916935828,71.61,164090.0,11750484.9,0.0050000000000025,71.62,71.61
2018-03-26,CINF,23473,CINCINNATI FINANCIAL CORP,,,0.021366,0.1722473503004118,0.0004101722723544,4.673082892152182e-10,0.027157,3.809628862209763,73.14,164090.0,12001542.6,0.0150000000000005,73.17,73.14
2018-03-27,CINF,23473,CINCINNATI FINANCIAL CORP,,,-0.000137,-0.1938901526422042,0.000136742786818,-3.717628457477196e-12,-0.017276,3.0709793406057653,73.13,164090.0,11999901.7,0.0050000000000025,73.14,73.13
2018-03-28,CINF,23473,CINCINNATI FINANCIAL CORP,,,0.009982,0.0898898032810959,0.0004061738424045,2.4607452922917776e-10,-0.002917,3.347029069413127,73.86,164090.0,12119687.4,0.0150000000000005,73.88,73.85
2018-03-29,CINF,23473,CINCINNATI FINANCIAL CORP,,,0.005416,-0.2089349506749646,0.0001346619983841,1.6786877238345348e-10,0.01377,2.6475563680682512,74.26,164100.0,12186066.0,0.0050000000000025,74.26,74.25
2018-04-02,CINF,23473,CINCINNATI FINANCIAL CORP,,,-0.025451,0.1517432974883994,0.0001381788033716,-7.028081489494504e-10,-0.022337,3.0493053016453384,72.37,164100.0,11875917.0,0.0050000000000025,72.34,72.33
2018-04-03,CINF,23473,CINCINNATI FINANCIAL CORP,,,0.015476,0.0087651456560968,0.0002721458701865,4.1718714273877724e-10,0.012615,3.0760329067641683,73.49,164100.0,12059709.0,0.0100000000000051,73.51,73.49
2018-04-04,CINF,23473,CINCINNATI FINANCIAL CORP,,,0.005579,0.0487700509333823,0.0001353179972937,1.4260412487862898e-10,0.011566,3.226051188299817,73.9,164100.0,12126990.000000002,0.0050000000000025,73.9,73.89
2018-04-05,CINF,23473,CINCINNATI FINANCIAL CORP,,,0.006089,0.0262393864694603,0.0005379959650301,1.5074276859100306e-10,0.006863,3.3107007921998783,74.35,164100.0,12200834.999999998,0.019999999999996,74.35,74.31
2018-04-06,CINF,23473,CINCINNATI FINANCIAL CORP,,,-0.018157,0.3691462691841867,0.0002739726027398,-3.343819855899541e-10,-0.02192,4.532833638025594,73.0,164100.0,11979300.0,0.0100000000000051,73.01,72.99
2018-04-09,CINF,23473,CINCINNATI FINANCIAL CORP,,,-0.003151,-0.3522218547586975,0.0004122577985433,-8.986516487493925e-11,0.003337,2.936270566727605,72.77,164100.0,11941557.0,0.0150000000000005,72.77,72.74
2018-04-10,CINF,23473,CINCINNATI FINANCIAL CORP,,,0.008795,-0.1439766562483138,0.0002724424465333,2.90462692531206e-10,0.016727,2.513516148689823,73.41,164100.0,12046581.0,0.0100000000000051,73.43,73.41
2018-04-11,CINF,23473,CINCINNATI FINANCIAL CORP,,,0.0,-0.2021126487388113,0.0001362212232664,0.0,-0.005525,2.0055027422303477,73.41,164100.0,12046581.0,0.0049999999999954,73.41,73.4
2018-04-12,CINF,23473,CINCINNATI FINANCIAL CORP,,,0.007765,-0.2500645694509014,0.0001351716680182,4.2527653386171585e-10,0.008251,1.5039975624619135,73.98,164100.0,12140118.0,0.0049999999999954,73.99,73.98
2018-04-13,CINF,23473,CINCINNATI FINANCIAL CORP,,,-0.006083,0.4535627172759171,0.0002719978240173,-2.3060236760872422e-10,-0.002887,2.1861547836684947,73.53,164100.0,12066273.0,0.009999999999998,73.53,73.51
2018-04-16,CINF,23473,CINCINNATI FINANCIAL CORP,,,0.016456,0.4991024340205381,0.0002675943270002,4.094024028557459e-10,0.008109,3.2772699573430835,74.74,164100.0,12264834.0,0.009999999999998,74.74,74.72
2018-04-17,CINF,23473,CINCINNATI FINANCIAL CORP,,,-0.003345,-0.2458962439568612,0.0001342462075447,-1.1072514202363916e-10,0.010662,2.4714015843997563,74.49,164100.0,12223809.0,0.0050000000000025,74.5,74.49
2018-04-18,CINF,23473,CINCINNATI FINANCIAL CORP,,,0.00094,-0.133049115167535,0.0004023605150212,3.5857132683744093e-11,0.000831,2.1425837903717246,74.56,164100.0,12235296.0,0.0149999999999934,74.57,74.54
2018-04-19,CINF,23473,CINCINNATI FINANCIAL CORP,,,0.006438,-0.1483910602449388,0.0002665245202559,2.8653094965788465e-10,-0.005726,1.8246435100548448,75.04,164100.0,12314064.000000002,0.0100000000000051,75.04,75.02
2018-04-20,CINF,23473,CINCINNATI FINANCIAL CORP,,,0.003065,0.3041372769049908,0.0002657101102698,1.0427942943181868e-10,-0.008537,2.378918767438744,75.27,164146.0,12355269.42,0.0100000000000051,75.29,75.27
2018-04-23,CINF,23473,CINCINNATI FINANCIAL CORP,,,0.005979,0.0099157468821224,0.0005282620179609,2.0022711400871995e-10,5.6e-05,2.402507523789797,75.72,164146.0,12429135.12,0.0200000000000031,75.73,75.69
2018-04-24,CINF,23473,CINCINNATI FINANCIAL CORP,,,-0.010169,0.0994593799605438,0.000133422281521,-3.1291930781442883e-10,-0.013381,2.641459432456472,74.95,164146.0,12302742.7,0.0050000000000025,74.95,74.94
2018-04-25,CINF,23473,CINCINNATI FINANCIAL CORP,,,-0.001734,0.0372868065085276,0.0002673082063618,-5.152977972655996e-11,0.001837,2.739951019214601,74.82,164146.0,12281403.72,0.009999999999998,74.82,74.8
2018-04-26,CINF,23473,CINCINNATI FINANCIAL CORP,,,-0.045175,2.288450079154734,0.00041993281075,-4.275553633589273e-10,0.010434,9.010192146016353,71.44,164146.0,11726590.24,0.0149999999999934,71.46,71.43
2018-04-27,CINF,23473,CINCINNATI FINANCIAL CORP,,,0.00014,-0.5116711641143566,0.0002799160251923,2.7129955143874764e-12,0.001114,4.399936641770132,71.45,164146.0,11728231.7,0.009999999999998,71.46,71.44
2018-04-30,CINF,23473,CINCINNATI FINANCIAL CORP,,,-0.015535,0.5708262718904729,0.0001421666192778,-1.9467223303289488e-10,-0.008188,6.911536071546062,70.34,164146.0,11546029.64,0.0050000000000025,70.34,70.33
2018-05-01,CINF,23473,CINCINNATI FINANCIAL CORP,,,0.011942,-0.4246457253012557,0.0001404889013768,2.5702706441180877e-10,0.002549,3.976581823498593,71.18,164146.0,11683912.28,0.0050000000000025,71.18,71.17
2018-05-02,CINF,23473,CINCINNATI FINANCIAL CORP,,,-0.020652,0.351116830591047,0.000143451441687,-3.3591848469712905e-10,-0.007206,5.372826629951385,69.71,164146.0,11442617.659999998,0.0050000000000025,69.72,69.71
2018-05-03,CINF,23473,CINCINNATI FINANCIAL CORP,,,-0.005164,-0.1564220662004154,0.0002883922134101,-1.0008786518703376e-10,-0.002254,4.532397987157774,69.35,164146.0,11383525.1,0.009999999999998,69.36,69.34
2018-05-04,CINF,23473,CINCINNATI FINANCIAL CORP,,,0.009517,-0.186260291004402,0.0002856734752177,2.245412522297622e-10,0.012811,3.688192219122001,70.01,164146.0,11491861.46,0.009999999999998,70.03,70.01
2018-05-07,CINF,23473,CINCINNATI FINANCIAL CORP,,,-0.003,-0.1966693205506423,0.0002865329512893,-8.837463388303966e-11,0.003458,2.962837961327111,69.8,164146.0,11457390.8,0.009999999999998,69.8,69.78
2018-05-08,CINF,23473,CINCINNATI FINANCIAL CORP,,,0.005444,0.1186726104067541,0.0002849814762041,1.425816194796123e-10,-0.000266,3.3144456764100254,70.18,164146.0,11519766.28,0.0100000000000051,70.18,70.16
2018-05-09,CINF,23473,CINCINNATI FINANCIAL CORP,,,0.014677,0.0009410847840192,0.0001404297149277,3.7848317941724864e-10,0.009682,3.317564850803553,71.21,164146.0,11688836.659999998,0.0050000000000025,71.22,71.21
2018-05-10,CINF,23473,CINCINNATI FINANCIAL CORP,,,0.009549,0.0465876433483605,0.0001391014049242,2.3305803567443443e-10,0.009371,3.472122378857846,71.89,164146.0,11800455.94,0.0050000000000025,71.89,71.88
2018-05-11,CINF,23473,CINCINNATI FINANCIAL CORP,,,-0.000139,-0.3816189565476765,0.0001391207568169,-5.486877143305463e-12,0.001708,2.147094659632278,71.88,164146.0,11798814.48,0.0050000000000025,71.89,71.88
2018-05-14,CINF,23473,CINCINNATI FINANCIAL CORP,,,-0.018364,0.4595289370866282,0.0001417233560091,-5.059580455665262e-10,0.000884,3.1337467863974755,70.56,164146.0,11582141.76,0.0050000000000025,70.56,70.55
2018-05-15,CINF,23473,CINCINNATI FINANCIAL CORP,,,0.004677,-0.1131627241481204,0.0002821272393849,1.4462529194526201e-10,-0.006842,2.7791234632583186,70.89,164146.0,11636309.94,0.009999999999998,70.91,70.89
2018-05-16,CINF,23473,CINCINNATI FINANCIAL CORP,,,-0.001834,-0.1447470527114178,0.0001413227812324,-6.64322225958928e-11,0.004061,2.376853532830529,70.76,164146.0,11614970.96,0.0050000000000025,70.79,70.78
2018-05-17,CINF,23473,CINCINNATI FINANCIAL CORP,,,0.001837,-0.2214091467149898,0.0002821272393849,8.530650673378638e-11,-0.000856,1.8505964202600125,70.89,164146.0,11636309.94,0.009999999999998,70.91,70.89
2018-05-18,CINF,23473,CINCINNATI FINANCIAL CORP,,,-0.002257,0.0667153880593083,0.0001413827230313,-9.84775689839712e-11,-0.002632,1.9740596785788265,70.73,164146.0,11610046.58,0.0050000000000025,70.73,70.72
2018-05-21,CINF,23473,CINCINNATI FINANCIAL CORP,,,0.007917,0.7719776319768914,0.0001402721279282,1.9341190962560695e-10,0.007387,3.497989594629172,71.29,164146.0,11701968.340000002,0.0050000000000025,71.29,71.28
2018-05-22,CINF,23473,CINCINNATI FINANCIAL CORP,,,0.002244,-0.5479491658553661,0.0002799160251923,1.2099976508844624e-10,-0.003136,1.5812691140813666,71.45,164146.0,11728231.7,0.009999999999998,71.47,71.45
2018-05-23,CINF,23473,CINCINNATI FINANCIAL CORP,,,-0.007978,0.126514588205379,0.0001410835214445,-3.8494387223048765e-10,0.003248,1.781322724891255,70.88,164146.0,11634668.48,0.0049999999999954,70.88,70.87
2018-05-24,CINF,23473,CINCINNATI FINANCIAL CORP,,,-0.006349,1.2610594499943568,0.0001419849495952,-1.363523869061212e-10,-0.002023,4.027676580605071,70.43,164146.0,11560802.78,0.0049999999999954,70.44,70.43
2018-05-25,CINF,23473,CINCINNATI FINANCIAL CORP,,,-0.000142,-0.5327221547448524,0.000284010224368,-6.527279943719769e-12,-0.002357,1.8820440339697584,70.42,164146.0,11559161.32,0.009999999999998,70.44,70.42
2018-05-29,CINF,23473,CINCINNATI FINANCIAL CORP,,,-0.027123,0.9602239989641664,0.0001459640928332,-6.537594356928459e-10,-0.011564,3.689227882494852,68.51,164146.0,11245642.46,0.0050000000000025,68.51,68.5
2018-05-30,CINF,23473,CINCINNATI FINANCIAL CORP,,,0.023208,-0.2694890120415079,0.0001426533523536,7.483885919535902e-10,0.012696,2.6950215052453306,70.1,164146.0,11506634.6,0.0049999999999954,70.1,70.09
2018-05-31,CINF,23473,CINCINNATI FINANCIAL CORP,,,-0.010414,1.1974243688076007,0.0002883090673201,-1.544327493890597e-10,-0.00688,5.92210593008663,69.37,164146.0,11386808.02,0.009999999999998,69.38,69.36
2018-06-01,CINF,23473,CINCINNATI FINANCIAL CORP,,,0.011676,-0.4122221193510889,0.0001424907381018,2.9117964238408623e-10,0.010849,3.480882872564668,70.18,164146.0,11519766.28,0.0049999999999954,70.19,70.18
2018-06-04,CINF,23473,CINCINNATI FINANCIAL CORP,,,0.000855,-0.3137932663951569,0.0002847380410022,3.1046090728543606e-11,0.00448,2.388605266043644,70.24,164146.0,11529615.04,0.009999999999998,70.24,70.22
2018-06-05,CINF,23473,CINCINNATI FINANCIAL CORP,,,-0.003417,0.3169149153234034,0.0002857142857142,-9.453976812441068e-11,0.000703,3.145589901672901,70.0,164146.0,11490220.0,0.009999999999998,70.0,69.98
2018-06-06,CINF,23473,CINCINNATI FINANCIAL CORP,,,0.005571,-0.3342532769359486,0.000284131268646,2.3023998580759567e-10,0.008567,2.094166169142105,70.39,164146.0,11554236.94,0.009999999999998,70.39,70.37
2018-06-07,CINF,23473,CINCINNATI FINANCIAL CORP,,,0.005398,-0.1544586311523815,0.0002826056238518,2.6242631402847287e-10,-0.000714,1.770704129250789,70.77,164146.0,11616612.42,0.009999999999998,70.77,70.75
2018-06-08,CINF,23473,CINCINNATI FINANCIAL CORP,,,0.007206,0.8135618295292686,0.0001402918069585,1.9178643929411783e-10,0.003126,3.211281420199091,71.28,164146.0,11700326.88,0.0050000000000025,71.28,71.27
2018-06-11,CINF,23473,CINCINNATI FINANCIAL CORP,,,-0.010522,-0.4656804251032499,0.0002835672763362,-5.296813210741456e-10,0.001069,1.7158505233146102,70.53,164146.0,11577217.38,0.009999999999998,70.53,70.51
2018-06-12,CINF,23473,CINCINNATI FINANCIAL CORP,,,-0.006664,0.7538043671223149,0.0002854695974878,-1.9256349187474558e-10,0.001743,3.009266141118273,70.06,164146.0,11500068.76,0.009999999999998,70.06,70.04
2018-06-13,CINF,23473,CINCINNATI FINANCIAL CORP,,,-0.005567,-0.1295836294105381,0.0002870676044207,-1.8584781414243776e-10,-0.004026,2.619314512689922,69.67,164146.0,11436051.82,0.009999999999998,69.69,69.67
2018-06-14,CINF,23473,CINCINNATI FINANCIAL CORP,,,-0.010765,-0.0554994766833353,0.0002901915264073,-3.846348306002605e-10,0.002472,2.4739439279665665,68.92,164146.0,11312942.32,0.009999999999998,68.94,68.92
2018-06-15,CINF,23473,CINCINNATI FINANCIAL CORP,,,0.001016,1.7352790528161384,0.0002898970865344,1.3258236669482845e-11,-0.001017,6.766927004008626,68.99,164146.0,11324432.54,0.0100000000000051,69.01,68.99
2018-06-18,CINF,23473,CINCINNATI FINANCIAL CORP,,,0.000145,-0.5275963210907088,0.0002898550724637,4.004827778457678e-12,-0.002126,3.196721211604304,69.0,164146.0,11326074.0,0.009999999999998,69.0,68.98
2018-06-19,CINF,23473,CINCINNATI FINANCIAL CORP,,,0.004203,-0.0788102048867129,0.0001454333915067,1.2645596989968818e-10,-0.004023,2.944786957952067,68.76,164146.0,11286678.96,0.0050000000000025,68.75,68.74
2018-06-20,CINF,23473,CINCINNATI FINANCIAL CORP,,,-0.003927,0.097166795965865,0.000146006716309,-1.0811274494907021e-10,0.001712,3.230922471458336,68.49,164146.0,11242359.54,0.0050000000000025,68.51,68.5
2018-06-21,CINF,23473,CINCINNATI FINANCIAL CORP,,,-0.010513,-0.3011711288732009,0.000147557916482,-4.1856363974258505e-10,-0.006345,2.2578619034274365,67.77,164146.0,11124174.42,0.0049999999999954,67.77,67.76
2018-06-22,CINF,23473,CINCINNATI FINANCIAL CORP,,,0.008411,1.2591070614296624,0.000292654375183,1.469968964336059e-10,0.001862,5.10075176976594,68.34,164146.0,11217737.64,0.0100000000000051,68.34,68.32
2018-06-25,CINF,23473,CINCINNATI FINANCIAL CORP,,,-0.001756,-0.4613469044559209,0.0001465845793023,-5.7074109418635594e-11,-0.013725,2.7475357303863635,68.22,164146.0,11198040.12,0.0050000000000025,68.23,68.22
2018-06-26,CINF,23473,CINCINNATI FINANCIAL CORP,,,-0.015831,0.4873336186271748,0.0001489425081919,-3.515158922013508e-10,0.002205,4.086502260183008,67.14,164146.0,11020762.44,0.0050000000000025,67.15,67.14
2018-06-27,CINF,23473,CINCINNATI FINANCIAL CORP,,,-0.012064,-0.279497244265284,0.0001507613447912,-3.7632549147652975e-10,-0.008604,2.9443361397780023,66.33,164146.0,10887804.18,0.0050000000000025,66.34,66.33
2018-06-28,CINF,23473,CINCINNATI FINANCIAL CORP,,,0.012513,-0.4369119865259951,0.0002977963073257,6.846313480084955e-10,0.006179,1.6579203879473152,67.16,164146.0,11024045.36,0.009999999999998,67.16,67.14
2018-06-29,CINF,23473,CINCINNATI FINANCIAL CORP,,,-0.004467,1.2384866668381465,0.0001495662578523,-1.096733456272497e-10,0.000758,3.746519065190652,66.86,162600.0,10871436.0,0.0050000000000025,66.87,66.86
2018-07-02,CINF,23473,CINCINNATI FINANCIAL CORP,,,0.001795,-0.3803530624573199,0.0001492982979994,7.099479571285501e-11,0.003068,2.321519065190652,66.98,162600.0,10890948.0,0.0050000000000025,66.98,66.97
2018-07-03,CINF,23473,CINCINNATI FINANCIAL CORP,,,0.005673,-0.471252705448515,0.0005938242280285,4.2195851085541186e-10,-0.004947,1.2274969249692498,67.36,162600.0,10952736.0,0.0200000000000031,67.36,67.32
2018-07-05,CINF,23473,CINCINNATI FINANCIAL CORP,,,0.002078,0.8914430009369161,0.0001481481481482,8.154691915602078e-11,0.008621,2.321740467404674,67.5,162600.0,10975500.0,0.0050000000000025,67.5,67.49
2018-07-06,CINF,23473,CINCINNATI FINANCIAL CORP,,,0.012444,0.1397533872826244,0.0002926543751828,4.2319441155823024e-10,0.008481,2.6462115621156213,68.34,162600.0,11112084.0,0.009999999999998,68.36,68.34
2018-07-09,CINF,23473,CINCINNATI FINANCIAL CORP,,,0.021218,0.3609420973612163,0.000429861011606,5.191902100295977e-10,0.008823,3.6013407134071342,69.79,162600.0,11347854.000000002,0.0149999999999934,69.82,69.79
2018-07-10,CINF,23473,CINCINNATI FINANCIAL CORP,,,0.00129,-0.0725676169528226,0.0001431024613622,3.399145899297581e-11,0.003473,3.34,69.88,162600.0,11362488.0,0.0049999999999954,69.88,69.87
2018-07-11,CINF,23473,CINCINNATI FINANCIAL CORP,,,-0.001288,-0.4217377054010061,0.0001432870038688,-5.876662929928795e-11,-0.007094,1.93139606396064,69.79,162600.0,11347854.000000002,0.0050000000000025,69.79,69.78
2018-07-12,CINF,23473,CINCINNATI FINANCIAL CORP,,,-0.002149,0.1266570077536659,0.0001435956346927,-8.721557481173355e-11,0.008749,2.176020910209102,69.64,162600.0,11323464.0,0.0050000000000025,69.65,69.64
2018-07-13,CINF,23473,CINCINNATI FINANCIAL CORP,,,-0.000431,0.0666579993838691,0.0001436575204712,-1.6405778213140692e-11,0.001079,2.321070110701107,69.61,162600.0,11318586.0,0.0050000000000025,69.62,69.61
2018-07-16,CINF,23473,CINCINNATI FINANCIAL CORP,,,0.01336,-0.0523839048663773,0.0001417635384177,5.295778034827022e-10,-0.001028,2.1994833948339485,70.54,162600.0,11469804.000000002,0.0049999999999954,70.55,70.54
2018-07-17,CINF,23473,CINCINNATI FINANCIAL CORP,,,0.000142,-0.09582648279256,0.0001417434443655,6.224411763774413e-12,0.003974,1.9887146371463715,70.55,162600.0,11471430.0,0.0049999999999954,70.57,70.56
2018-07-18,CINF,23473,CINCINNATI FINANCIAL CORP,,,0.010631,0.248966338348306,0.0001402524544178,3.6918227629477926e-10,0.00216,2.483837638376384,71.3,162600.0,11593380.0,0.0049999999999954,71.3,71.29
2018-07-19,CINF,23473,CINCINNATI FINANCIAL CORP,,,-0.014586,0.2099031376277633,0.0002846569883292,-4.2484813461767004e-10,-0.003953,3.0052029520295203,70.26,162600.0,11424276.0,0.0100000000000051,70.29,70.27
2018-07-20,CINF,23473,CINCINNATI FINANCIAL CORP,,,0.006262,-0.1471146801570052,0.0001414427157002,2.1252433317919606e-10,-0.000948,2.562274057496988,70.7,162652.0,11499496.4,0.0050000000000025,70.7,70.69
2018-07-23,CINF,23473,CINCINNATI FINANCIAL CORP,,,0.002687,-0.0847276243584421,0.0001410636196925,9.936818284895904e-11,0.001838,2.3451786636500014,70.89,162652.0,11530400.28,0.0050000000000025,70.89,70.88
2018-07-24,CINF,23473,CINCINNATI FINANCIAL CORP,,,-0.002116,0.2967193431345818,0.0002827254735651,-6.047408088695371e-11,0.004781,3.0410385362614663,70.74,162652.0,11506002.48,0.009999999999998,70.74,70.72
2018-07-25,CINF,23473,CINCINNATI FINANCIAL CORP,,,0.007916,0.2163734177599059,0.000140252454418,1.8453043419703464e-10,0.009102,3.699038437891941,71.3,162652.0,11597087.6,0.0050000000000025,71.31,71.3
2018-07-26,CINF,23473,CINCINNATI FINANCIAL CORP,,,0.014025,0.0611462363875703,0.0001383125864454,3.038372960703374e-10,-0.003032,3.925220716621991,72.3,162652.0,11759739.6,0.0050000000000025,72.28,72.27
2018-07-27,CINF,23473,CINCINNATI FINANCIAL CORP,,,0.029599,1.01378348957232,0.0001343363782913,3.092675886910881e-10,-0.006562,7.904544672060595,74.44,162652.0,12107814.88,0.0050000000000025,74.48,74.47
2018-07-30,CINF,23473,CINCINNATI FINANCIAL CORP,,,0.012896,-0.4394123000101113,0.0002652519893898,2.3730333844651856e-10,-0.005754,4.431190517177778,75.4,162652.0,12263960.8,0.009999999999998,75.42,75.4
2018-07-31,CINF,23473,CINCINNATI FINANCIAL CORP,,,0.00305,2.2871013483326905,0.0001322226629644,1.7022087314005938e-11,0.004885,14.565772323734109,75.63,162652.0,12301370.76,0.0050000000000025,75.68,75.67
2018-08-01,CINF,23473,CINCINNATI FINANCIAL CORP,,,-0.005024,-0.7472331872332378,0.0001328903654485,-1.1148851969769855e-10,-0.00104,3.6817438457565848,75.25,162652.0,12239563.0,0.0050000000000025,75.26,75.25
2018-08-02,CINF,23473,CINCINNATI FINANCIAL CORP,,,0.0,-0.2808148379458389,0.0002657807308971,0.0,0.004926,2.6478555443523595,75.25,162652.0,12239563.0,0.0100000000000051,75.26,75.24
2018-08-03,CINF,23473,CINCINNATI FINANCIAL CORP,,,0.003854,-0.2268952050134787,0.0001323801959227,1.5322959967745286e-10,0.004644,2.0470698177704545,75.54,162652.0,12286732.080000002,0.0050000000000025,75.54,75.53
2018-08-06,CINF,23473,CINCINNATI FINANCIAL CORP,,,0.00556,0.1119113407015857,0.0001316482359135,1.9770953419295222e-10,0.003538,2.276160145586897,75.96,162652.0,12355045.919999998,0.0049999999999954,75.96,75.95
2018-08-07,CINF,23473,CINCINNATI FINANCIAL CORP,,,-0.01198,0.608394422805776,0.0003997335109924,-2.6807192955689966e-10,0.002824,3.6609632835747488,75.05,162652.0,12207032.6,0.0149999999999934,75.07,75.04
2018-08-08,CINF,23473,CINCINNATI FINANCIAL CORP,,,0.0004,-0.5191086599839116,0.0001331912626532,1.860518488064312e-11,-0.000262,1.7605255391879595,75.08,162652.0,12211912.16,0.0050000000000025,75.08,75.07
2018-08-09,CINF,23473,CINCINNATI FINANCIAL CORP,,,-0.001066,0.2770915618135658,0.0002666666666668,-3.886620781936329e-11,-0.001442,2.248352310454221,75.0,162652.0,12198900.0,0.0100000000000051,75.01,74.99
2018-08-10,CINF,23473,CINCINNATI FINANCIAL CORP,,,-0.008133,0.1541951167490203,0.0001344266702514,-2.5901994587727107e-10,-0.007114,2.59503725745764,74.39,162652.0,12099682.28,0.0050000000000025,74.4,74.39
2018-08-13,CINF,23473,CINCINNATI FINANCIAL CORP,,,-0.00941,-0.0837384621216429,0.0002714072465736,-3.3018596202859264e-10,-0.004006,2.377732828369771,73.69,162652.0,11985825.88,0.0100000000000051,73.73,73.71
2018-08-14,CINF,23473,CINCINNATI FINANCIAL CORP,,,0.008414,-0.0937547673778194,0.0004037141703672,3.2306287205418165e-10,0.006389,2.1548090401593587,74.31,162652.0,12086670.12,0.0149999999999934,74.32,74.29
2018-08-15,CINF,23473,CINCINNATI FINANCIAL CORP,,,0.001749,-0.2989951039134454,0.0002686727565824,9.563000908921407e-11,-0.007602,1.5105316872832797,74.44,162652.0,12107814.88,0.009999999999998,74.47,74.45
2018-08-16,CINF,23473,CINCINNATI FINANCIAL CORP,,,0.011419,0.169277669918719,0.0002656395271615,5.279391537656138e-10,0.007919,1.7662309716449844,75.29,162652.0,12246069.080000002,0.009999999999998,75.3,75.28
2018-08-17,CINF,23473,CINCINNATI FINANCIAL CORP,,,0.00611,0.0634918424817512,0.0003960396039604,2.6400825477332375e-10,0.003323,1.8783722302830583,75.75,162652.0,12320889.0,0.0150000000000005,75.75,75.72
2018-08-20,CINF,23473,CINCINNATI FINANCIAL CORP,,,0.005149,0.353343959989657,0.0002626740215392,1.6355384689590663e-10,0.002428,2.542083712465878,76.14,162652.0,12384323.28,0.009999999999998,76.14,76.12
2018-08-21,CINF,23473,CINCINNATI FINANCIAL CORP,,,0.003809,-0.3060741278190942,0.0001308386759124,1.7369398425040078e-10,0.002069,1.7640176573297592,76.43,162652.0,12431492.36,0.0049999999999954,76.44,76.43
2018-08-22,CINF,23473,CINCINNATI FINANCIAL CORP,,,-0.005364,-0.0405547171521081,0.0001315443304394,-2.5631755761364275e-10,-0.000398,1.6924784201854266,76.02,162652.0,12364805.04,0.0050000000000025,76.03,76.02
2018-08-23,CINF,23473,CINCINNATI FINANCIAL CORP,,,0.00171,0.1811322810905062,0.0001313197636244,6.906294850276414e-11,-0.001691,1.999040897130069,76.15,162652.0,12385949.8,0.0050000000000025,76.15,76.14
2018-08-24,CINF,23473,CINCINNATI FINANCIAL CORP,,,0.004465,-0.2033966070835434,0.0002614720878545,2.2536868128187767e-10,0.006199,1.5924427612325702,76.49,162652.0,12441251.48,0.009999999999998,76.49,76.47
2018-08-27,CINF,23473,CINCINNATI FINANCIAL CORP,,,0.004707,0.2891156462585034,0.0001301236174364,1.8343626883396182e-10,0.00767,2.0528428792760005,76.85,162652.0,12499806.2,0.0049999999999954,76.85,76.84
2018-08-28,CINF,23473,CINCINNATI FINANCIAL CORP,,,-0.000781,0.283534841374188,0.0002604505795026,-2.373141236708541e-11,0.000269,2.6348953594176523,76.79,162652.0,12490047.080000002,0.0100000000000051,76.79,76.77
2018-08-29,CINF,23473,CINCINNATI FINANCIAL CORP,,,-0.001042,-0.2838782838782838,0.0002607222004955,-4.425946011947806e-11,0.005701,1.8869057865873156,76.71,162652.0,12477034.919999998,0.0100000000000051,76.73,76.71
2018-08-30,CINF,23473,CINCINNATI FINANCIAL CORP,,,-0.005084,0.0370989446383129,0.0001310272536686,-2.0928464401011375e-10,-0.00443,1.9569079999016303,76.32,162652.0,12413600.64,0.0049999999999954,76.32,76.31
2018-08-31,CINF,23473,CINCINNATI FINANCIAL CORP,,,0.004586,0.4231986050676259,0.0002608582235556,1.3204235494114883e-10,0.000134,2.7850687357056785,76.67,162652.0,12470528.84,0.0100000000000051,76.68,76.66
2018-09-04,CINF,23473,CINCINNATI FINANCIAL CORP,,,0.006652,-0.369973752585558,0.0003887017362011,3.0199065045662687e-10,-0.001654,1.754666404347933,77.18,162652.0,12553481.36,0.0150000000000005,77.18,77.15
2018-09-05,CINF,23473,CINCINNATI FINANCIAL CORP,,,0.003498,0.3646706377014717,0.0001291155584246,1.1596223226786587e-10,-0.002803,2.394541720974842,77.45,162652.0,12597397.4,0.0049999999999954,77.46,77.45
2018-09-06,CINF,23473,CINCINNATI FINANCIAL CORP,,,0.002453,-0.2173145012414084,0.0001287995878413,1.036437022204434e-10,-0.003652,1.8741730811794504,77.64,162652.0,12628301.28,0.0050000000000025,77.65,77.64
2018-09-07,CINF,23473,CINCINNATI FINANCIAL CORP,,,-0.006182,0.3558250611800366,0.0001296008294453,-1.938492035293128e-10,-0.002213,2.541050832452106,77.16,162652.0,12550228.32,0.0050000000000025,77.18,77.17
2018-09-10,CINF,23473,CINCINNATI FINANCIAL CORP,,,-0.001685,-0.0979538212515152,0.0001298195508244,-5.867302442963043e-11,0.001898,2.292145193419078,77.03,162652.0,12529083.56,0.0050000000000025,77.04,77.03
2018-09-11,CINF,23473,CINCINNATI FINANCIAL CORP,,,-0.002986,0.0234696450316773,0.0002604166666666,-1.0189481495847006e-10,0.00374,2.34594102746969,76.8,162652.0,12491673.6,0.009999999999998,76.8,76.78
2018-09-12,CINF,23473,CINCINNATI FINANCIAL CORP,,,-0.010807,-0.1348814902560984,0.000131630906937,-4.30934160726922e-10,0.000357,2.0295170056316554,75.97,162652.0,12356672.44,0.0050000000000025,75.97,75.96
2018-09-13,CINF,23473,CINCINNATI FINANCIAL CORP,,,0.012242,0.0864997500795201,0.0001300390117035,4.4385825568977277e-10,0.005282,2.205069719400929,76.9,162652.0,12507938.8,0.0050000000000025,76.89,76.88
2018-09-14,CINF,23473,CINCINNATI FINANCIAL CORP,,,0.011313,-0.2095360774440345,0.000128584287,5.130998666108614e-10,0.000275,1.743028059907041,77.77,162652.0,12649446.04,0.0049999999999954,77.77,77.76
2018-09-17,CINF,23473,CINCINNATI FINANCIAL CORP,,,0.0009,0.0988229567523906,0.0002569373072971,3.711488947357468e-11,-0.00557,1.9152792464894373,77.84,162652.0,12660831.68,0.0100000000000051,77.84,77.82
2018-09-18,CINF,23473,CINCINNATI FINANCIAL CORP,,,0.008607,0.3796112017051656,0.0002564760194921,2.5681497826446565e-10,0.005369,2.642340702850257,77.98,162652.0,12683602.96,0.009999999999998,78.0,77.98
2018-09-19,CINF,23473,CINCINNATI FINANCIAL CORP,,,0.007694,0.086606698279593,0.0001272588444897,2.0966191927771292e-10,0.001253,2.8711851068538965,78.58,162652.0,12781194.16,0.0050000000000025,78.62,78.61
2018-09-20,CINF,23473,CINCINNATI FINANCIAL CORP,,,0.004963,-0.0318755299740473,0.0001266303659618,1.390049735396961e-10,0.007841,2.779664559919337,78.97,162652.0,12844628.44,0.0050000000000025,78.97,78.96
2018-09-21,CINF,23473,CINCINNATI FINANCIAL CORP,,,0.00076,2.1683454319447577,0.0001265342275086,6.713319053051954e-12,-0.000369,8.806937510759166,79.03,162652.0,12854387.56,0.0050000000000025,79.04,79.03
2018-09-24,CINF,23473,CINCINNATI FINANCIAL CORP,,,-0.020498,-0.6327982653689512,0.0001291822761915,-5.034140990139999e-10,-0.003516,3.2339227307380174,77.41,162652.0,12590891.32,0.0049999999999954,77.41,77.4
2018-09-25,CINF,23473,CINCINNATI FINANCIAL CORP,,,-0.002325,-0.3515410529197497,0.0001294833613881,-8.826029787483825e-11,-0.001305,2.0970661289132626,77.23,162652.0,12561613.96,0.0050000000000025,77.23,77.22
2018-09-26,CINF,23473,CINCINNATI FINANCIAL CORP,,,-0.008158,0.0265939981002192,0.0001305483028719,-3.0414779826260546e-10,-0.003289,2.1528355015616163,76.6,162652.0,12459143.2,0.0049999999999954,76.63,76.62
2018-09-27,CINF,23473,CINCINNATI FINANCIAL CORP,,,-0.001044,-0.0246913580246913,0.0001306847882907,-3.994967131224252e-11,0.002763,2.099679069424292,76.52,162652.0,12446131.04,0.0050000000000025,76.53,76.52
2018-09-28,CINF,23473,CINCINNATI FINANCIAL CORP,,,0.00379,0.5881171361894137,0.0001301913813306,9.097594723201489e-11,-7e-06,3.3335525507068224,76.81,162700.0,12496987.0,0.0050000000000025,76.81,76.8
2018-10-01,CINF,23473,CINCINNATI FINANCIAL CORP,,,-0.018747,-0.0601269615335684,0.0002653575693248,-4.879431369521905e-10,0.003641,3.1331161647203443,75.37,162700.0,12262699.0,0.0100000000000051,75.37,75.35
2018-10-02,CINF,23473,CINCINNATI FINANCIAL CORP,,,0.00942,-0.1891269975164685,0.0003943217665615,2.995459882576599e-10,-0.000397,2.540559311616472,76.08,162700.0,12378216.0,0.0150000000000005,76.08,76.05
2018-10-03,CINF,23473,CINCINNATI FINANCIAL CORP,,,-0.003023,0.7356011506015498,0.0003955174686882,-5.5554052051406746e-11,0.000711,4.40939766441303,75.85,162700.0,12340795.0,0.0150000000000005,75.88,75.85
2018-10-04,CINF,23473,CINCINNATI FINANCIAL CORP,,,0.00857,-0.4474393267996359,0.0003921568627451,2.8260028402482686e-10,-0.00817,2.436459741856177,76.5,162700.0,12446550.0,0.0150000000000005,76.5,76.47
2018-10-05,CINF,23473,CINCINNATI FINANCIAL CORP,,,0.002353,-0.1456262676205564,0.0003912363067292,9.060353502910867e-11,-0.005528,2.081647203441918,76.68,162700.0,12475836.000000002,0.0150000000000005,76.72,76.69
2018-10-08,CINF,23473,CINCINNATI FINANCIAL CORP,,,0.012128,-0.3488532083003626,0.0003865481252416,7.085947322970612e-10,-0.000395,1.355457897971727,77.61,162700.0,12627147.0,0.0150000000000005,77.61,77.58
2018-10-09,CINF,23473,CINCINNATI FINANCIAL CORP,,,0.005412,0.386332204250611,0.0002563116749967,2.268586188365399e-10,-0.001418,1.879114935464044,78.03,162700.0,12695481.0,0.009999999999998,78.05,78.03
2018-10-10,CINF,23473,CINCINNATI FINANCIAL CORP,,,-0.021786,1.073960200436984,0.0006550504388837,-4.501330711625211e-10,-0.032864,3.8972095881991393,76.33,162700.0,12418891.0,0.0249999999999985,76.33,76.28
2018-10-11,CINF,23473,CINCINNATI FINANCIAL CORP,,,-0.04415,0.4303616601164528,0.0001370614035088,-6.67204100400711e-10,-0.020573,5.574419176398279,72.96,162700.0,11870591.999999998,0.0050000000000025,72.97,72.96
2018-10-12,CINF,23473,CINCINNATI FINANCIAL CORP,,,-0.008635,0.0231741712405646,0.0001382552191345,-1.2864921261181328e-10,0.014206,5.70360172095882,72.33,162700.0,11768091.0,0.0050000000000025,72.26,72.25
2018-10-15,CINF,23473,CINCINNATI FINANCIAL CORP,,,-0.00235,-0.3766271972551014,0.0004157427937915,-5.6297193218387395e-11,-0.005905,3.5554701905347263,72.16,162700.0,11740432.0,0.0150000000000005,72.15,72.12
2018-10-16,CINF,23473,CINCINNATI FINANCIAL CORP,,,0.029518,0.3281351830243313,0.0001346076187912,5.171656765686185e-10,0.021496,4.722145052243393,74.29,162700.0,12086983.000000002,0.0050000000000025,74.34,74.33
2018-10-17,CINF,23473,CINCINNATI FINANCIAL CORP,,,0.019653,-0.0300367177626244,0.0005280528052806,3.4814811350595725e-10,-0.000253,4.580307314074985,75.75,162700.0,12324525.0,0.0200000000000031,75.75,75.71
2018-10-18,CINF,23473,CINCINNATI FINANCIAL CORP,,,-0.000924,-0.2559902095499828,0.0002642706131077,-2.202064454300745e-11,-0.014392,3.4077934849416103,75.68,162700.0,12313136.000000002,0.009999999999998,75.7,75.68
2018-10-19,CINF,23473,CINCINNATI FINANCIAL CORP,,,0.008324,-0.0429959166594522,0.0002620888481194,2.0557770144747091e-10,-0.000361,3.2605107596259018,76.31,162738.0,12418536.78,0.009999999999998,76.31,76.29
2018-10-22,CINF,23473,CINCINNATI FINANCIAL CORP,,,-0.015987,-0.1260645786256923,0.0003995205753096,-4.5912497376099475e-10,-0.004299,2.849475844609126,75.09,162738.0,12219996.42,0.0150000000000005,75.09,75.06
2018-10-23,CINF,23473,CINCINNATI FINANCIAL CORP,,,-0.015714,0.9367029099582074,0.0001352996888105,-2.367372439517447e-10,-0.005512,5.518588160110116,73.91,162738.0,12027965.58,0.0049999999999954,73.91,73.9
2018-10-24,CINF,23473,CINCINNATI FINANCIAL CORP,,,-0.034096,-0.1017566285559035,0.0001400756408461,-5.920454805004046e-10,-0.030864,4.957035234548784,71.39,162738.0,11617865.82,0.0050000000000025,71.4,71.39
2018-10-25,CINF,23473,CINCINNATI FINANCIAL CORP,,,0.005043,0.3903517797242586,0.0001393728222997,6.266591501533914e-11,0.018625,6.89202276051076,71.75,162738.0,11676451.5,0.0050000000000025,71.75,71.74
2018-10-26,CINF,23473,CINCINNATI FINANCIAL CORP,,,0.066202,0.3758953774717055,0.0001307189542482,5.607749248410652e-10,-0.017327,9.482702257616538,76.5,162738.0,12449457.0,0.0049999999999954,76.46,76.45
2018-10-29,CINF,23473,CINCINNATI FINANCIAL CORP,,,0.003922,-0.2887371403243658,0.0001302083333332,4.6525939200462576e-11,-0.00656,6.74469392520493,76.8,162738.0,12498278.4,0.0049999999999954,76.8,76.79
2018-10-30,CINF,23473,CINCINNATI FINANCIAL CORP,,,0.020443,-0.369389897031572,0.0002551996937604,3.7686225037116605e-10,0.015667,4.253272130664012,78.37,162738.0,12753777.06,0.0100000000000051,78.37,78.35
2018-10-31,CINF,23473,CINCINNATI FINANCIAL CORP,,,0.003445,1.3829527181945451,0.0005086469989826,2.655939337396951e-11,0.010851,10.135346384986912,78.64,162738.0,12797716.32,0.019999999999996,78.63,78.59
2018-11-01,CINF,23473,CINCINNATI FINANCIAL CORP,,,-0.00267,-0.4506046419135131,0.000255004462578,-3.7567862925276865e-11,0.010558,5.568312256510465,78.43,162738.0,12763541.340000002,0.009999999999998,78.44,78.42
2018-11-02,CINF,23473,CINCINNATI FINANCIAL CORP,,,-0.004845,-0.3569527332438731,0.000128122998078,-1.0652840427528103e-10,-0.006317,3.5806879769936955,78.05,162738.0,12701700.9,0.0049999999999954,78.05,78.04
2018-11-05,CINF,23473,CINCINNATI FINANCIAL CORP,,,0.014478,0.0997899484138016,0.0001262945188179,2.8531714944462605e-10,0.0056,3.938004645503816,79.18,162738.0,12885594.840000002,0.0050000000000025,79.18,79.17
2018-11-06,CINF,23473,CINCINNATI FINANCIAL CORP,,,0.012377,-0.0809954701706917,0.000374251497006,2.621650727979178e-10,0.006259,3.619044107706866,80.16,162738.0,13045078.08,0.0150000000000005,80.19,80.16
2018-11-07,CINF,23473,CINCINNATI FINANCIAL CORP,,,0.007734,-0.0600180658657013,0.0001237930180738,1.7294099828445748e-10,0.021209,3.401836080079637,80.78,162738.0,13145975.64,0.0050000000000025,80.78,80.77
2018-11-08,CINF,23473,CINCINNATI FINANCIAL CORP,,,0.007675,-0.1917277206976777,0.0002457002457001,2.1071426496643158e-10,-0.002509,2.749609802258845,81.4,162738.0,13246873.2,0.009999999999998,81.42,81.4
2018-11-09,CINF,23473,CINCINNATI FINANCIAL CORP,,,-0.000983,0.1400419249730706,0.0002459419576979,-2.3696013213996195e-11,-0.009199,3.1346704518919983,81.32,162738.0,13233854.159999998,0.009999999999998,81.32,81.3
2018-11-12,CINF,23473,CINCINNATI FINANCIAL CORP,,,-0.012912,-0.2507419677337149,0.0003737386321166,-4.2085063082418044e-10,-0.019701,2.348677014587865,80.27,162738.0,13062979.26,0.0150000000000005,80.3,80.27
2018-11-13,CINF,23473,CINCINNATI FINANCIAL CORP,,,0.008596,0.150099811887949,0.0004940711462451,2.415339050662282e-10,-0.001482,2.701212992663053,80.96,162738.0,13175268.48,0.0200000000000031,80.95,80.91
2018-11-14,CINF,23473,CINCINNATI FINANCIAL CORP,,,-0.024333,0.4804294911167224,0.0003797949107482,-4.733561347853225e-10,-0.007567,3.9989553761260432,78.99,162738.0,12854674.62,0.0150000000000005,79.02,78.99
2018-11-15,CINF,23473,CINCINNATI FINANCIAL CORP,,,0.005824,0.6484767556570403,0.0001258653241032,6.832963561460185e-11,0.010594,6.592184984453539,79.45,162738.0,12929534.1,0.0050000000000025,79.42,79.41
2018-11-16,CINF,23473,CINCINNATI FINANCIAL CORP,,,0.010069,1.1994213268282317,0.0002492211838007,5.3175858223212295e-11,0.002223,14.498992245203947,80.25,162738.0,13059724.5,0.0100000000000051,80.26,80.24
2018-11-19,CINF,23473,CINCINNATI FINANCIAL CORP,,,0.005732,-0.6151206783364702,0.0003717011522735,7.820372935038492e-11,-0.016643,5.580362300138874,80.71,162738.0,13134583.98,0.0150000000000005,80.73,80.7
2018-11-20,CINF,23473,CINCINNATI FINANCIAL CORP,,,-0.011399,-0.0920576961405602,0.0001253289885949,-1.7326413170499675e-10,-0.018151,5.066647003158451,79.79,162738.0,12984865.02,0.0049999999999954,79.8,79.79
2018-11-21,CINF,23473,CINCINNATI FINANCIAL CORP,,,-0.003133,-0.5691467686068286,0.0003771687201408,-1.1087556135433206e-10,0.003043,2.182981233639347,79.54,162738.0,12944180.52,0.0150000000000005,79.54,79.51
2018-11-23,CINF,23473,CINCINNATI FINANCIAL CORP,,,-0.009178,-0.5208104623734005,0.0005075498033245,-6.841013098017746e-10,-0.006555,1.0460617679951825,78.81,162738.0,12825381.78,0.0200000000000031,78.84,78.8
2018-11-26,CINF,23473,CINCINNATI FINANCIAL CORP,,,0.014592,2.020924139713571,0.0002501250625312,3.5485907164960297e-10,0.015532,3.1600732465681034,79.96,162738.0,13012530.48,0.009999999999998,79.96,79.94
2018-11-27,CINF,23473,CINCINNATI FINANCIAL CORP,,,0.000125,0.2048364264268936,0.0001250468925847,2.522717989730523e-12,0.003262,3.807371357642346,79.97,162738.0,13014157.86,0.0050000000000025,79.98,79.97
2018-11-28,CINF,23473,CINCINNATI FINANCIAL CORP,,,0.019757,0.3306676522423999,0.0003678724708767,2.938415607568586e-10,0.022974,5.066345905688899,81.55,162738.0,13271283.9,0.0150000000000005,81.6,81.57
2018-11-29,CINF,23473,CINCINNATI FINANCIAL CORP,,,-0.000858,-0.5800940463585236,0.0003681885125184,-3.0415882573219224e-11,-0.002198,2.1273888090058866,81.48,162738.0,13259892.24,0.0150000000000005,81.48,81.45
2018-11-30,CINF,23473,CINCINNATI FINANCIAL CORP,,,0.003068,1.0910755703957458,0.0001223540927442,5.185233084555129e-11,0.008186,4.448530767245511,81.73,162738.0,13300576.74,0.0049999999999954,81.74,81.73
2018-12-03,CINF,23473,CINCINNATI FINANCIAL CORP,,,0.011134,-0.0007265745325957,0.0001210067763795,1.8623915714255496e-10,0.010941,4.4452985780825625,82.64,162738.0,13448668.32,0.0050000000000025,82.7,82.69
2018-12-04,CINF,23473,CINCINNATI FINANCIAL CORP,,,-0.013674,0.3197676588533062,0.0002453686664212,-1.7571032813184824e-10,-0.032365,5.866761297299955,81.51,162738.0,13264774.38,0.009999999999998,81.53,81.51
2018-12-06,CINF,23473,CINCINNATI FINANCIAL CORP,,,-0.011778,-0.2199225971332659,0.0001241464928614,-1.9632739994275448e-10,-0.001522,4.57652791603682,80.55,162738.0,13108545.9,0.0049999999999954,80.55,80.54
2018-12-07,CINF,23473,CINCINNATI FINANCIAL CORP,,,-0.00509,-0.3637085025678896,0.0001247816321438,-1.340254376741802e-10,-0.02332,2.9120058007349234,80.14,162738.0,13041823.32,0.0050000000000025,80.15,80.14
2018-12-10,CINF,23473,CINCINNATI FINANCIAL CORP,,,-0.009359,0.0530392872667726,0.0001259604484192,-2.3623152898033147e-10,0.001762,3.066456512922612,79.39,162738.0,12919769.82,0.0050000000000025,79.39,79.38
2018-12-11,CINF,23473,CINCINNATI FINANCIAL CORP,,,-0.003149,-0.2454306262762284,0.0001263583522871,-1.0566998750558603e-10,-0.000356,2.313854170507196,79.14,162738.0,12879085.32,0.0050000000000025,79.15,79.14
2018-12-12,CINF,23473,CINCINNATI FINANCIAL CORP,,,0.007202,-0.0368289107480507,0.0001254547735541,2.491219020240405e-10,0.005419,2.228637441777581,79.71,162738.0,12971845.98,0.0050000000000025,79.72,79.71
2018-12-13,CINF,23473,CINCINNATI FINANCIAL CORP,,,-0.000125,0.2952184270604714,0.0002509410288581,-3.338722164455652e-12,-0.0002,2.8865722818272315,79.7,162738.0,12970218.6,0.009999999999998,79.72,79.7
2018-12-14,CINF,23473,CINCINNATI FINANCIAL CORP,,,-0.003639,-0.0157784376962458,0.0001259287243419,-9.911572747519042e-11,-0.019087,2.84102668092271,79.41,162738.0,12923024.58,0.0049999999999954,79.41,79.4
2018-12-17,CINF,23473,CINCINNATI FINANCIAL CORP,,,-0.027075,0.8803831787222907,0.0001294330830961,-4.030910146316883e-10,-0.020773,5.342218781108285,77.26,162738.0,12573137.88,0.0050000000000025,77.25,77.24
2018-12-18,CINF,23473,CINCINNATI FINANCIAL CORP,,,-0.0022,-0.2393044714521349,0.0003918495297805,-4.345094722630444e-11,8.6e-05,4.063801939313498,76.56,162738.0,12459221.28,0.0150000000000005,76.56,76.53
2018-12-19,CINF,23473,CINCINNATI FINANCIAL CORP,,,-0.00222,0.1786431989838734,0.0001309071868046,-3.728315035268646e-11,-0.015396,4.78977251778933,76.39,162738.0,12431555.82,0.0050000000000025,76.39,76.38
2018-12-20,CINF,23473,CINCINNATI FINANCIAL CORP,,,-0.0072,-0.3570915407490653,0.0002637130801687,-1.8944413730638276e-10,-0.015772,3.079385269574408,75.84,162738.0,12342049.92,0.009999999999998,75.86,75.84
2018-12-21,CINF,23473,CINCINNATI FINANCIAL CORP,,,-0.002769,2.988264592433546,0.0002644453259288,-1.831858357204497e-11,-0.020588,12.28140323710504,75.63,162738.0,12307874.94,0.009999999999998,75.57,75.55
2018-12-24,CINF,23473,CINCINNATI FINANCIAL CORP,,,-0.046013,-0.7767704316561521,0.0002772002772002,-1.4294057659860803e-09,-0.027112,2.7415723432756947,72.15,162738.0,11741546.7,0.009999999999998,72.16,72.14
2018-12-26,CINF,23473,CINCINNATI FINANCIAL CORP,,,0.044906,0.8776913111498617,0.0005305743467304,7.110133373880314e-10,0.049594,5.147826567857538,75.39,162738.0,12268817.82,0.0200000000000031,75.43,75.39
2018-12-27,CINF,23473,CINCINNATI FINANCIAL CORP,,,0.015254,-0.2512811147040813,0.0002613012803762,3.1773394513235675e-10,0.008563,3.8542749695830105,76.54,162738.0,12455966.52,0.009999999999998,76.6,76.58
2018-12-28,CINF,23473,CINCINNATI FINANCIAL CORP,,,0.000915,-0.0822272920762008,0.0002610625244745,2.0747645740658968e-11,-0.001242,3.5373483759171185,76.61,162738.0,12467358.18,0.009999999999998,76.63,76.61
2018-12-31,CINF,23473,CINCINNATI FINANCIAL CORP,,,0.010573,0.0115067722148973,0.0003874967708602,2.345359722647471e-10,0.008492,3.576689189189189,77.42,162800.0,12603976.0,0.0150000000000005,77.45,77.42
2019-01-02,CINF,23473,CINCINNATI FINANCIAL CORP,,,-0.02325,0.1523995981349339,0.0001322401481088,-4.581920857693017e-10,0.001269,4.121775184275184,75.62,162800.0,12310936.0,0.0049999999999954,75.63,75.62
2019-01-03,CINF,23473,CINCINNATI FINANCIAL CORP,,,-0.016133,-0.216953168659886,0.000537634408602,-4.1268222274773784e-10,-0.024757,3.2275429975429977,74.4,162800.0,12112320.0,0.019999999999996,74.44,74.4
2019-01-04,CINF,23473,CINCINNATI FINANCIAL CORP,,,0.020027,-0.0797649226178242,0.0003953089998682,5.457655570786801e-10,0.034336,2.9700982800982803,75.89,162800.0,12354892.0,0.0150000000000005,75.93,75.9
2019-01-07,CINF,23473,CINCINNATI FINANCIAL CORP,,,-0.00448,-0.0282918193625241,0.000397088021178,-1.2620671579402054e-10,0.00701,2.886068796068796,75.55,162800.0,12299540.0,0.0150000000000005,75.55,75.52
2019-01-08,CINF,23473,CINCINNATI FINANCIAL CORP,,,-0.000927,0.3912231936865225,0.0001324854266031,-1.8788406741186943e-11,0.009695,4.015165847665847,75.48,162800.0,12288144.0,0.0050000000000025,75.48,75.47
2019-01-09,CINF,23473,CINCINNATI FINANCIAL CORP,,,0.010069,0.025402765007978,0.0001311647429169,1.970384941728784e-10,0.004098,4.117162162162162,76.24,162800.0,12411872.0,0.0049999999999954,76.24,76.23
2019-01-10,CINF,23473,CINCINNATI FINANCIAL CORP,,,0.013904,-0.2856548217594595,0.0001293661060802,3.756641692663636e-10,0.004518,2.941074938574938,77.3,162800.0,12584440.0,0.0050000000000025,77.31,77.3
2019-01-11,CINF,23473,CINCINNATI FINANCIAL CORP,,,-0.003234,-0.1209527011927561,0.0002595717066839,-9.972283988557256e-11,-0.000146,2.58534398034398,77.05,162800.0,12543740.0,0.009999999999998,77.05,77.03
2019-01-14,CINF,23473,CINCINNATI FINANCIAL CORP,,,0.007138,0.314863124682224,0.0002577319587628,1.6621168101231659e-10,-0.005258,3.3993734643734643,77.6,162800.0,12633280.0,0.009999999999998,77.6,77.58
2019-01-15,CINF,23473,CINCINNATI FINANCIAL CORP,,,0.000515,-0.060493153457242,0.0001287995878413,1.2757585055637044e-11,0.010722,3.193734643734644,77.64,162800.0,12639792.0,0.0050000000000025,77.65,77.64
2019-01-16,CINF,23473,CINCINNATI FINANCIAL CORP,,,0.003864,0.4201253990845097,0.0002566076469078,6.714238926108779e-11,0.002222,4.535503685503685,77.94,162800.0,12688632.0,0.009999999999998,77.94,77.92
2019-01-17,CINF,23473,CINCINNATI FINANCIAL CORP,,,0.003079,-0.2443281237303285,0.0002558199027883,7.058311788254964e-11,0.007591,3.42735257985258,78.18,162800.0,12727704.000000002,0.009999999999998,78.19,78.17
2019-01-18,CINF,23473,CINCINNATI FINANCIAL CORP,,,0.027756,1.502538653304013,0.0004978220286246,2.473870827871296e-10,0.013183,8.577082309582309,80.35,162800.0,13080980.0,0.019999999999996,80.41,80.37
2019-01-22,CINF,23473,CINCINNATI FINANCIAL CORP,,,-0.010579,-0.385795384964647,0.000377358490566,-1.5515666452506763e-10,-0.014157,5.2680835380835385,79.5,162800.0,12942600.0,0.0150000000000005,79.52,79.49
2019-01-23,CINF,23473,CINCINNATI FINANCIAL CORP,,,0.002013,-0.6220063336302708,0.0003766005523474,7.794924198145403e-11,0.002203,1.9913022113022116,79.66,162800.0,12968648.0,0.0150000000000005,79.69,79.66
2019-01-24,CINF,23473,CINCINNATI FINANCIAL CORP,,,-0.006779,0.3316326530612246,0.000252780586451,-1.9847387218157558e-10,0.001376,2.6516830466830466,79.12,162800.0,12880736.0,0.0100000000000051,79.12,79.1
2019-01-25,CINF,23473,CINCINNATI FINANCIAL CORP,,,0.002907,0.4891728863500535,0.0005040957781979,5.6987153922240997e-11,0.008489,3.948814496314496,79.35,162800.0,12918180.0,0.0200000000000031,79.4,79.36
2019-01-28,CINF,23473,CINCINNATI FINANCIAL CORP,,,-0.004537,-0.2882291360421363,0.0001265983035827,-1.2552647295406974e-10,-0.007847,2.8106511056511057,78.99,162800.0,12859572.0,0.0050000000000025,79.0,78.99
2019-01-29,CINF,23473,CINCINNATI FINANCIAL CORP,,,0.005064,0.3710569219404949,0.0002519208968383,1.0167427167731611e-10,-0.001456,3.8535626535626535,79.39,162800.0,12924692.0,0.009999999999998,79.41,79.39
2019-01-30,CINF,23473,CINCINNATI FINANCIAL CORP,,,0.010077,0.1452180566182097,0.0003741114852226,1.749065337807741e-10,0.015549,4.413169533169533,80.19,162800.0,13054932.0,0.0150000000000005,80.22,80.19
2019-01-31,CINF,23473,CINCINNATI FINANCIAL CORP,,,0.011597,3.439312199358632,0.0004930966469427,4.482259692153893e-11,0.008597,19.591437346437345,81.12,162800.0,13206336.0,0.019999999999996,81.05,81.01
2019-02-01,CINF,23473,CINCINNATI FINANCIAL CORP,,,0.005424,-0.7643918173649297,0.0001226091221185,8.849757985648788e-11,0.000899,4.615902948402948,81.56,162800.0,13277968.0,0.0049999999999954,81.57,81.56
2019-02-04,CINF,23473,CINCINNATI FINANCIAL CORP,,,0.011157,0.0196388673385063,0.0001212562143808,1.7656067769064156e-10,0.006776,4.706554054054054,82.47,162800.0,13426116.0,0.0049999999999954,82.49,82.48
2019-02-05,CINF,23473,CINCINNATI FINANCIAL CORP,,,0.001334,-0.0062618519055057,0.0004843787842093,2.1215415295948197e-11,0.004708,4.6770823095823095,82.58,162800.0,13444024.0,0.0200000000000031,82.59,82.55
2019-02-06,CINF,23473,CINCINNATI FINANCIAL CORP,,,-0.00884,0.2291402087390945,0.0001221747098349,-1.153991850589182e-10,-0.002224,5.748789926289926,81.85,162800.0,13325180.0,0.0049999999999954,81.85,81.84
2019-02-07,CINF,23473,CINCINNATI FINANCIAL CORP,,,0.029933,0.5604832979486123,0.0001186239620403,2.4312672887213435e-10,-0.009357,8.970890663390664,84.3,162800.0,13724040.0,0.0050000000000025,84.31,84.3
2019-02-08,CINF,23473,CINCINNATI FINANCIAL CORP,,,-0.003322,-0.386826488348542,0.000238038562247,-4.4151310740668685e-11,0.000676,5.500712530712531,84.02,162800.0,13678456.0,0.009999999999998,84.03,84.01
2019-02-11,CINF,23473,CINCINNATI FINANCIAL CORP,,,0.000476,0.06895912524176,0.0001189626457293,5.915386397476023e-12,0.000709,5.880036855036855,84.06,162800.0,13684968.0,0.0050000000000025,84.06,84.05
2019-02-12,CINF,23473,CINCINNATI FINANCIAL CORP,,,0.007852,-0.3679097851180962,0.0001180358829084,1.5317250956430452e-10,0.01289,3.7167137592137593,84.72,162800.0,13792416.0,0.0050000000000025,84.72,84.71
2019-02-13,CINF,23473,CINCINNATI FINANCIAL CORP,,,-0.002597,-0.0373371499022444,0.0001183431952661,-5.2762760860120765e-11,0.003024,3.5779422604422604,84.5,162800.0,13756600.0,0.0049999999999954,84.49,84.48
2019-02-14,CINF,23473,CINCINNATI FINANCIAL CORP,,,-0.006036,-0.1004156301664065,0.0001190617930706,-1.3714880266225512e-10,-0.002652,3.2186609336609338,83.99,162800.0,13673572.0,0.0050000000000025,84.0,83.99
2019-02-15,CINF,23473,CINCINNATI FINANCIAL CORP,,,0.01774,0.2692968293772113,0.0001169864295742,3.1202994706818957e-10,0.010879,4.081975966318477,85.48,162938.0,13927940.24,0.0050000000000025,85.5,85.49
2019-02-19,CINF,23473,CINCINNATI FINANCIAL CORP,,,0.001521,-0.0486867566068117,0.0001168087840206,2.807943402056009e-11,0.001499,3.883237795971474,85.61,162938.0,13949122.18,0.0050000000000025,85.61,85.6
2019-02-20,CINF,23473,CINCINNATI FINANCIAL CORP,,,0.003971,-0.162441305649988,0.0001163467132054,8.718110866738357e-11,0.001777,3.252439578244485,85.95,162938.0,14004521.1,0.0050000000000025,85.95,85.94
2019-02-21,CINF,23473,CINCINNATI FINANCIAL CORP,,,-0.00477,0.2681895891279489,0.0001169043722234,-8.297233860452389e-11,-0.003526,4.124710012397354,85.54,162938.0,13937716.52,0.0049999999999954,85.55,85.54
2019-02-22,CINF,23473,CINCINNATI FINANCIAL CORP,,,0.00678,-0.1468339701698627,0.0002322340919646,1.373018268157105e-10,0.006411,3.5190624654776665,86.12,162938.0,14032220.56,0.009999999999998,86.13,86.11
2019-02-25,CINF,23473,CINCINNATI FINANCIAL CORP,,,-0.003019,-0.0043129533353447,0.0001164686699278,-6.158855497341049e-11,0.001232,3.5038849132798977,85.86,162938.0,13989856.68,0.0050000000000025,85.86,85.85
2019-02-26,CINF,23473,CINCINNATI FINANCIAL CORP,,,-0.002912,0.0494083192623784,0.000233617568041,-5.6774086677860665e-11,-0.00079,3.677005977733862,85.61,162938.0,13949122.18,0.009999999999998,85.61,85.59
2019-02-27,CINF,23473,CINCINNATI FINANCIAL CORP,,,0.004439,0.1997382845621274,0.0001162925921619,7.181810824363407e-11,-0.000544,4.411444844051111,85.99,162938.0,14011038.62,0.0050000000000025,86.0,85.99
2019-02-28,CINF,23473,CINCINNATI FINANCIAL CORP,,,0.009652,0.4727278545114581,0.0001151808339092,1.0501994727791916e-10,-0.002826,6.489290618410083,86.82,163128.0,14162772.96,0.0050000000000025,86.83,86.82
2019-03-01,CINF,23473,CINCINNATI FINANCIAL CORP,,,0.001958,-0.4595644185398433,0.0002299114840785,3.9343562877095765e-11,0.006895,3.507043548624393,86.99,163128.0,14190504.72,0.009999999999998,86.99,86.97
2019-03-04,CINF,23473,CINCINNATI FINANCIAL CORP,,,-0.01368,0.5089591450400894,0.0001165501165501,-1.8469351969492716e-10,-0.003881,5.291985434750625,85.8,163128.0,13996382.4,0.0050000000000025,85.81,85.8
2019-03-05,CINF,23473,CINCINNATI FINANCIAL CORP,,,-0.002797,-0.5115299830528304,0.0003506311360448,-7.752408114151829e-11,-0.001131,2.5849762149968125,85.56,163128.0,13957231.68,0.0150000000000005,85.59,85.56
2019-03-06,CINF,23473,CINCINNATI FINANCIAL CORP,,,-0.00935,0.0935610246583917,0.0003539405379896,-2.3921729574513073e-10,-0.006524,2.826829238389485,84.76,163128.0,13826729.28,0.0150000000000005,84.76,84.73
2019-03-07,CINF,23473,CINCINNATI FINANCIAL CORP,,,-0.002006,0.2384768018042438,0.0003546518501004,-4.152369011545292e-11,-0.008126,3.5009624344073367,84.59,163128.0,13798997.52,0.0150000000000005,84.59,84.56
2019-03-08,CINF,23473,CINCINNATI FINANCIAL CORP,,,-0.001182,-0.2710727449418233,0.0002367144040716,-3.360562794713575e-11,-0.002132,2.551946937374332,84.49,163128.0,13782684.72,0.0100000000000051,84.51,84.49
2019-03-11,CINF,23473,CINCINNATI FINANCIAL CORP,,,0.011362,0.3870798041768557,0.0005851375073141,2.3027199200960647e-10,0.014666,3.539754058162915,85.45,163128.0,13939287.6,0.0249999999999985,85.5,85.45
2019-03-12,CINF,23473,CINCINNATI FINANCIAL CORP,,,0.002809,-0.0003844601884547,0.0001166997315905,5.6791978329942445e-11,0.002953,3.53839316365063,85.69,163128.0,13978438.32,0.0049999999999954,85.69,85.68
2019-03-13,CINF,23473,CINCINNATI FINANCIAL CORP,,,-0.007586,0.0735536918042103,0.0004703668861711,-1.4395647979054983e-10,0.00695,3.798655043891913,85.04,163128.0,13872405.12,0.019999999999996,85.07,85.03
2019-03-14,CINF,23473,CINCINNATI FINANCIAL CORP,,,0.003293,-0.1795851642898525,0.0002344116268166,7.591874322435016e-11,-0.000868,3.116472953754107,85.32,163128.0,13918080.96,0.009999999999998,85.35,85.33
2019-03-15,CINF,23473,CINCINNATI FINANCIAL CORP,,,0.003516,2.977629114999685,0.0005839757066105,2.0307547753993e-11,0.004985,12.396173556961404,85.62,163128.0,13967019.36,0.0249999999999985,85.69,85.64
2019-03-18,CINF,23473,CINCINNATI FINANCIAL CORP,,,0.003504,-0.7404759161353461,0.0002327746741154,7.770983785256848e-11,0.003706,3.217105585797656,85.92,163128.0,14015957.76,0.009999999999998,85.92,85.9
2019-03-19,CINF,23473,CINCINNATI FINANCIAL CORP,,,-0.009078,0.2332145579268292,0.0002364625206904,-1.6584028229905016e-10,-0.000131,3.967381442793389,84.58,163128.0,13797366.24,0.009999999999998,84.6,84.58
2019-03-20,CINF,23473,CINCINNATI FINANCIAL CORP,,,-0.006503,-0.1309134397728028,0.0003570153516601,-1.375890548357539e-10,-0.002944,3.447997891226521,84.03,163128.0,13707645.84,0.0150000000000005,84.03,84.0
2019-03-21,CINF,23473,CINCINNATI FINANCIAL CORP,,,0.010473,-0.3168534931062376,0.000353315274997,3.2099842939541893e-10,0.010853,2.355487715168457,84.91,163128.0,13851198.48,0.0150000000000005,84.91,84.88
2019-03-22,CINF,23473,CINCINNATI FINANCIAL CORP,,,-0.00318,0.4139275360055798,0.0003544423440453,-6.915362614267189e-11,-0.018975,3.330488941199549,84.64,163128.0,13807153.92,0.0150000000000005,84.67,84.64
2019-03-25,CINF,23473,CINCINNATI FINANCIAL CORP,,,0.000236,-0.2529210596065496,0.0002362390739429,6.868007126465367e-12,-0.000839,2.488138149183463,84.66,163128.0,13810416.48,0.0100000000000051,84.68,84.66
2019-03-26,CINF,23473,CINCINNATI FINANCIAL CORP,,,0.004489,0.206378654052256,0.0005879586077139,1.0780519962292413e-10,0.007183,3.0016367515080185,85.04,163128.0,13872405.12,0.0249999999999985,85.09,85.04
2019-03-27,CINF,23473,CINCINNATI FINANCIAL CORP,,,0.003881,-0.1868065213795131,0.0001171371676233,1.1417153192793636e-10,-0.004644,2.440911431513903,85.37,163128.0,13926237.36,0.0050000000000025,85.37,85.36
2019-03-28,CINF,23473,CINCINNATI FINANCIAL CORP,,,0.00082,-0.0857851077776187,0.0002340823970036,2.6364757933299707e-11,0.00359,2.2315175812858614,85.44,163128.0,13937656.32,0.009999999999998,85.45,85.43
2019-03-29,CINF,23473,CINCINNATI FINANCIAL CORP,,,0.005384,0.4618224672616839,0.0003492433061699,1.1778457805784924e-10,0.006734,3.2606433823529413,85.9,163200.0,14018880.0,0.0150000000000005,85.92,85.89
2019-04-01,CINF,23473,CINCINNATI FINANCIAL CORP,,,0.004773,-0.0106156873136052,0.00046344571892,1.0503688670995248e-10,0.011569,3.226029411764706,86.31,163200.0,14085792.0,0.019999999999996,86.32,86.28
2019-04-02,CINF,23473,CINCINNATI FINANCIAL CORP,,,-0.009153,-0.1984185774414611,0.0002338634237604,-2.536060733277659e-10,1.7e-05,2.5859252450980392,85.52,163200.0,13956864.0,0.009999999999998,85.52,85.5
2019-04-03,CINF,23473,CINCINNATI FINANCIAL CORP,,,-0.000585,0.3528883496871022,0.0004680004680005,-1.1987926866637787e-11,0.002148,3.498468137254902,85.47,163200.0,13948704.0,0.0200000000000031,85.48,85.44
2019-04-04,CINF,23473,CINCINNATI FINANCIAL CORP,,,0.002106,-0.3734039758297574,0.0001167542323409,6.872983279338722e-11,0.002085,2.192126225490196,85.65,163200.0,13978080.0,0.0050000000000025,85.64,85.63
2019-04-05,CINF,23473,CINCINNATI FINANCIAL CORP,,,0.006655,0.4131933865354782,0.0003479471120389,1.5266965800918858e-10,0.004636,3.0978982843137253,86.22,163200.0,14071104.0,0.0150000000000005,86.25,86.22
2019-04-08,CINF,23473,CINCINNATI FINANCIAL CORP,,,-0.006495,-0.3996977710615791,0.0003502218071445,-2.4982955873590896e-10,0.001047,1.8596752450980392,85.66,163200.0,13979712.0,0.0150000000000005,85.68,85.65
2019-04-09,CINF,23473,CINCINNATI FINANCIAL CORP,,,-0.006771,0.2167124109140392,0.000470145745181,-2.1551630378641918e-10,-0.006067,2.262689950980392,85.08,163200.0,13885056.0,0.0200000000000031,85.12,85.08
2019-04-10,CINF,23473,CINCINNATI FINANCIAL CORP,,,0.011401,-0.060586940214639,0.0002324230098779,3.8193571822536107e-10,0.003478,2.1256004901960783,86.05,163200.0,14043360.0,0.009999999999998,86.07,86.05
2019-04-11,CINF,23473,CINCINNATI FINANCIAL CORP,,,0.009529,-0.0541628951449705,0.0003453436168988,3.3431769375713565e-10,3.8e-05,2.01047181372549,86.87,163200.0,14177184.0,0.0150000000000005,86.87,86.84
2019-04-12,CINF,23473,CINCINNATI FINANCIAL CORP,,,0.007137,0.53978403518343,0.0002285975540062,1.61465344885668e-10,0.006609,3.0956924019607843,87.49,163200.0,14278368.0,0.0100000000000051,87.51,87.49
2019-04-15,CINF,23473,CINCINNATI FINANCIAL CORP,,,-0.004115,-0.1240437277447117,0.0001147710317914,-1.067189990288815e-10,-0.000629,2.7116911764705884,87.13,163200.0,14219616.0,0.0049999999999954,87.13,87.12
2019-04-16,CINF,23473,CINCINNATI FINANCIAL CORP,,,0.006772,-0.0683496479477931,0.0002279981760145,1.872427416894029e-10,0.000509,2.5263480392156863,87.72,163200.0,14315904.0,0.009999999999998,87.72,87.7
2019-04-17,CINF,23473,CINCINNATI FINANCIAL CORP,,,-0.01425,0.2763206403104534,0.0002312940904359,-3.1316720623541247e-10,-0.002274,3.224430147058824,86.47,163200.0,14111904.0,0.009999999999998,86.49,86.47
2019-04-18,CINF,23473,CINCINNATI FINANCIAL CORP,,,0.001503,1.0721418703335257,0.0003464203233256,1.5916533031504754e-11,0.001579,6.680248728787601,86.6,163230.0,14135718.0,0.0150000000000005,86.56,86.53
2019-04-22,CINF,23473,CINCINNATI FINANCIAL CORP,,,-0.007275,-0.6079472348651938,0.0003489589391648,-1.9794700538120388e-10,0.001012,2.619009985909453,85.97,163230.0,14032883.1,0.0150000000000005,86.02,85.99
2019-04-23,CINF,23473,CINCINNATI FINANCIAL CORP,,,0.011516,0.5478396541762476,0.0003449862005518,2.0013314561349415e-10,0.008841,4.053807510874226,86.96,163230.0,14194480.8,0.0149999999999934,86.96,86.93
2019-04-24,CINF,23473,CINCINNATI FINANCIAL CORP,,,0.008395,-0.1723522486674535,0.0006842285323296,1.7480827503676738e-10,-0.002192,3.355124670710041,87.69,163230.0,14313638.7,0.029999999999994,87.71,87.65
2019-04-25,CINF,23473,CINCINNATI FINANCIAL CORP,,,0.067054,1.6033374904365325,0.0003206155819172,5.026306232916747e-10,-0.000369,8.734521840347975,93.57,163230.0,15273431.1,0.0150000000000005,93.59,93.56
2019-04-26,CINF,23473,CINCINNATI FINANCIAL CORP,,,0.006626,-0.3584450417188035,0.0003185051491665,7.690837817112674e-11,0.004685,5.603675794890645,94.19,163230.0,15374633.7,0.0150000000000005,94.2,94.17
2019-04-29,CINF,23473,CINCINNATI FINANCIAL CORP,,,0.008493,-0.281396498040862,0.0001052742393935,1.3602568624429376e-10,0.001071,4.026821050052074,94.99,163230.0,15505217.7,0.0049999999999954,94.99,94.98
2019-04-30,CINF,23473,CINCINNATI FINANCIAL CORP,,,0.012528,0.3382423193133099,0.0003119151590765,1.480811919984481e-10,0.000951,5.388862341481345,96.18,163230.0,15699461.4,0.0149999999999934,96.21,96.18
2019-05-01,CINF,23473,CINCINNATI FINANCIAL CORP,,,-0.009981,-0.3336687039007576,0.0001050199537912,-1.7883750263003206e-10,-0.007502,3.590767628499663,95.22,163230.0,15542760.6,0.0050000000000025,95.22,95.21
2019-05-02,CINF,23473,CINCINNATI FINANCIAL CORP,,,0.007666,0.2828272660423359,0.0001042209484105,1.0625964773077698e-10,-0.002124,4.606334619861545,95.95,163230.0,15661918.5,0.0049999999999954,95.96,95.95
2019-05-03,CINF,23473,CINCINNATI FINANCIAL CORP,,,0.001251,-0.3689386241641087,0.0002081815342978,2.7443686843419528e-11,0.009638,2.906879862770324,96.07,163230.0,15681506.1,0.009999999999998,96.07,96.05
2019-05-06,CINF,23473,CINCINNATI FINANCIAL CORP,,,0.000833,-0.1529157621867689,0.0002080083203329,2.15547032511928e-11,-0.004471,2.4623721129694296,96.15,163230.0,15694564.5,0.0100000000000051,96.15,96.13
2019-05-07,CINF,23473,CINCINNATI FINANCIAL CORP,,,-0.011856,0.3126889307421883,0.0003157562361856,-2.3651211122655177e-10,-0.016512,3.232328616063224,95.01,163230.0,15508482.3,0.0150000000000005,95.04,95.01
2019-05-08,CINF,23473,CINCINNATI FINANCIAL CORP,,,0.001579,0.0364395873490608,0.0002101723413198,3.034367765869792e-11,-0.001605,3.350113337009128,95.16,163230.0,15532966.8,0.009999999999998,95.17,95.15
2019-05-09,CINF,23473,CINCINNATI FINANCIAL CORP,,,-0.000736,0.0155438803742966,0.000210327058576,-1.3937497196487111e-11,-0.003021,3.402187097959934,95.09,163230.0,15521540.7,0.009999999999998,95.1,95.08
2019-05-10,CINF,23473,CINCINNATI FINANCIAL CORP,,,0.013882,-0.1927363286208964,0.0002074473602322,3.2118582825814554e-10,0.00372,2.746462047417754,96.41,163230.0,15737004.3,0.009999999999998,96.44,96.42
2019-05-13,CINF,23473,CINCINNATI FINANCIAL CORP,,,-0.012343,0.583087407010852,0.000525099768956,-1.82647644185766e-10,-0.024131,4.347889481100288,95.22,163230.0,15542760.6,0.0249999999999985,95.19,95.14
2019-05-14,CINF,23473,CINCINNATI FINANCIAL CORP,,,0.005461,1.2838203425080246,0.0002088991017338,3.5191545455989307e-11,0.008016,9.929798443913496,95.74,163230.0,15627640.2,0.009999999999998,95.77,95.75
2019-05-15,CINF,23473,CINCINNATI FINANCIAL CORP,,,0.007103,-0.4717489254035405,0.0006222775357809,8.603870885120893e-11,0.005839,5.245426698523556,96.42,163230.0,15738636.6,0.0300000000000011,96.41,96.35
2019-05-16,CINF,23473,CINCINNATI FINANCIAL CORP,,,0.007571,0.0500729376286919,0.0002058672156458,8.667825751849506e-11,0.008895,5.508080622434601,97.15,163230.0,15857794.5,0.009999999999998,97.17,97.15
2019-05-17,CINF,23473,CINCINNATI FINANCIAL CORP,,,0.00597,0.0780294166062347,0.0002046454517549,6.302539141410754e-11,-0.005837,5.93787294002328,97.73,163230.0,15952467.9,0.0100000000000051,97.73,97.71
2019-05-20,CINF,23473,CINCINNATI FINANCIAL CORP,,,0.003684,-0.0133971084531265,0.0004077887654195,3.9275490920965685e-11,-0.006749,5.858322612264902,98.09,163230.0,16011230.7,0.0200000000000031,98.12,98.08
2019-05-21,CINF,23473,CINCINNATI FINANCIAL CORP,,,0.011622,-0.0699793151192047,0.000201551950015,1.3169582492307084e-10,0.008496,5.448361208111254,99.23,163230.0,16197312.9,0.009999999999998,99.25,99.23
2019-05-22,CINF,23473,CINCINNATI FINANCIAL CORP,,,0.004132,-0.153337995988018,0.0002007226013648,5.50745111565197e-11,-0.002824,4.612920419040617,99.64,163230.0,16264237.2,0.009999999999998,99.64,99.62
2019-05-23,CINF,23473,CINCINNATI FINANCIAL CORP,,,-0.004215,-0.1126144970496715,0.0005039306591412,-6.357847165941071e-11,-0.011914,4.093438706120199,99.22,163230.0,16195680.6,0.0249999999999985,99.27,99.22
2019-05-24,CINF,23473,CINCINNATI FINANCIAL CORP,,,0.004737,-0.3499488155744329,0.0003009328919651,1.0939965751103496e-10,0.001354,2.660944679286896,99.69,163230.0,16272398.7,0.0150000000000005,99.69,99.66
2019-05-28,CINF,23473,CINCINNATI FINANCIAL CORP,,,-0.008426,1.704341699935075,0.0004046535154274,-7.25683736227759e-11,-0.008376,7.196103657415916,98.85,163230.0,16135285.5,0.0200000000000031,98.86,98.82
2019-05-29,CINF,23473,CINCINNATI FINANCIAL CORP,,,-0.003642,-0.4032861691440635,0.0004061326022947,-5.275751226819888e-11,-0.006912,4.294014580653066,98.49,163230.0,16076522.7,0.0200000000000031,98.53,98.49
2019-05-30,CINF,23473,CINCINNATI FINANCIAL CORP,,,-0.001015,-0.3495560070308398,0.000101636345157,-2.2627766006524087e-11,0.002098,2.7930159897077744,98.39,163230.0,16060199.7,0.0050000000000025,98.39,98.38
2019-05-31,CINF,23473,CINCINNATI FINANCIAL CORP,,,-0.001525,0.5196115848950655,0.0002035830618893,-2.2406575763254425e-11,-0.013195,4.244299454757091,98.24,163230.0,16035715.2,0.0100000000000051,98.26,98.24
2019-06-03,CINF,23473,CINCINNATI FINANCIAL CORP,,,0.013538,0.3823645310242394,0.0003012955709551,1.4197027453992934e-10,-0.002765,5.867169025301721,99.57,163230.0,16252811.1,0.0150000000000005,99.61,99.58
2019-06-04,CINF,23473,CINCINNATI FINANCIAL CORP,,,0.001808,-0.0316937072020616,0.0001002506265664,1.9545383091738262e-11,0.021432,5.681216688108804,99.75,163230.0,16282192.5,0.0050000000000025,99.75,99.74
2019-06-05,CINF,23473,CINCINNATI FINANCIAL CORP,,,0.018546,0.3385816497635723,0.0004921259842519,1.4705180027401335e-10,0.008162,7.604772407033021,101.6,163230.0,16584168.0,0.0249999999999985,101.66,101.61
2019-06-06,CINF,23473,CINCINNATI FINANCIAL CORP,,,0.001083,-0.3466773863776426,0.0004915937469275,1.3129582297189099e-11,0.006136,4.968369784965999,101.71,163230.0,16602123.3,0.0249999999999985,101.72,101.67
2019-06-07,CINF,23473,CINCINNATI FINANCIAL CORP,,,0.009144,-0.0072442591558187,9.742790335156972e-05,1.1065302072833315e-10,0.010498,4.932377626661766,102.64,163230.0,16753927.2,0.0050000000000025,102.65,102.64
2019-06-10,CINF,23473,CINCINNATI FINANCIAL CORP,,,-0.000585,0.177831158894663,0.0002924546695262,-6.013867183277363e-12,0.00466,5.809508056117135,102.58,163230.0,16744133.4,0.0150000000000005,102.58,102.55
2019-06-11,CINF,23473,CINCINNATI FINANCIAL CORP,,,-0.005654,0.0128041540210441,9.803921568632466e-05,-5.7715281675481774e-11,-0.00035,5.883893892054156,102.0,163230.0,16649460.0,0.0050000000000025,102.0,101.99
2019-06-12,CINF,23473,CINCINNATI FINANCIAL CORP,,,0.009608,-0.4925980916841241,0.0002913187026607,1.9145345046058495e-10,-0.002038,2.985498989156405,102.98,163230.0,16809425.400000002,0.0150000000000005,103.0,102.97
2019-06-13,CINF,23473,CINCINNATI FINANCIAL CORP,,,-0.003205,3.083425161545833,9.741841207979448e-05,-1.5690167161036215e-11,0.004097,12.191061692090914,102.65,163230.0,16755559.5,0.0049999999999954,102.66,102.65
2019-06-14,CINF,23473,CINCINNATI FINANCIAL CORP,,,0.00867,-0.7465515413224573,0.0001931620629709,1.6602740225093318e-10,-0.001612,3.0898057955032776,103.54,163230.0,16900834.2,0.0100000000000051,103.54,103.52
2019-06-17,CINF,23473,CINCINNATI FINANCIAL CORP,,,0.003091,0.6962658793811429,9.628345850187863e-05,3.4787690410299667e-11,0.000932,5.241132144826318,103.86,163230.0,16953067.8,0.0050000000000025,103.86,103.85
2019-06-18,CINF,23473,CINCINNATI FINANCIAL CORP,,,0.005777,-0.1845460602447662,0.0001924927815206,7.970072910135926e-11,0.009717,4.27390185627642,103.9,163230.0,16959597.0,0.009999999999998,103.91,103.89
2019-06-19,CINF,23473,CINCINNATI FINANCIAL CORP,,,0.009047,-0.398168654112716,0.0004769172071728,2.0553143219886082e-10,0.002985,2.572168106352999,104.84,163230.0,17113033.2,0.0249999999999985,104.84,104.79
2019-06-20,CINF,23473,CINCINNATI FINANCIAL CORP,,,0.010492,1.1400554953495852,9.439305267123756e-05,1.1022343679251439e-10,0.009472,5.504582490963671,105.94,163230.0,17292586.2,0.0049999999999954,105.91,105.9
2019-06-21,CINF,23473,CINCINNATI FINANCIAL CORP,,,-0.012743,0.4779964229788551,9.561143512769018e-05,-9.174528880153769e-11,-0.001259,8.135753231636341,104.59,163230.0,17072225.7,0.0050000000000025,104.61,104.6
2019-06-24,CINF,23473,CINCINNATI FINANCIAL CORP,,,0.004111,-0.3635213580733117,0.0001904399162063,4.6312036628795617e-11,-0.001732,5.178233167922564,105.02,163230.0,17142414.599999998,0.009999999999998,105.02,105.0
2019-06-25,CINF,23473,CINCINNATI FINANCIAL CORP,,,0.00019,-0.5706051395870773,9.520182787500862e-05,4.9837983640042894e-12,-0.009496,2.2235067083256754,105.04,163230.0,17145679.2,0.0049999999999954,105.05,105.04
2019-06-26,CINF,23473,CINCINNATI FINANCIAL CORP,,,-0.026561,0.999628040766732,0.0001955990220048,-3.579261773991274e-10,-0.001234,4.446186362800956,102.25,163230.0,16690267.5,0.009999999999998,102.25,102.23
2019-06-27,CINF,23473,CINCINNATI FINANCIAL CORP,,,0.00577,-0.049300655458966,0.000194476857254,8.131729205687656e-11,0.003823,4.226986460822153,102.84,163230.0,16786573.2,0.0100000000000051,102.84,102.82
2019-06-28,CINF,23473,CINCINNATI FINANCIAL CORP,,,0.008071,0.1805800533645616,0.0001929198418056,9.557580620932156e-11,0.005757,4.988156766687079,103.67,163300.0,16929311.0,0.009999999999998,103.67,103.65
2019-07-01,CINF,23473,CINCINNATI FINANCIAL CORP,,,0.014083,-0.2319922510883095,0.0003804813088557,2.1412956477353717e-10,0.007672,3.83094304960196,105.13,163300.0,17167729.0,0.0200000000000031,105.17,105.13
2019-07-02,CINF,23473,CINCINNATI FINANCIAL CORP,,,0.002663,0.4708252809734123,0.0004743382980741,2.7455944385984684e-11,0.002928,5.634647887323943,105.41,163300.0,17213453.0,0.0249999999999985,105.47,105.42
2019-07-03,CINF,23473,CINCINNATI FINANCIAL CORP,,,0.020871,-0.360026430817986,0.0004646408326363,3.2936361597766965e-10,0.007672,3.606025719534599,107.61,163300.0,17572713.0,0.0249999999999985,107.67,107.62
2019-07-05,CINF,23473,CINCINNATI FINANCIAL CORP,,,0.002044,-0.1779850695576568,9.27385699711667e-05,3.91603509975596e-11,-0.001806,2.964206981016534,107.83,163300.0,17608639.0,0.0049999999999954,107.85,107.84
2019-07-08,CINF,23473,CINCINNATI FINANCIAL CORP,,,-0.004173,0.5733377405460123,0.0002793816353138,-5.1027972657120256e-11,-0.004835,4.66369871402327,107.38,163300.0,17535154.0,0.0150000000000005,107.38,107.35
2019-07-09,CINF,23473,CINCINNATI FINANCIAL CORP,,,0.001118,0.0849639303449925,0.000186046511628,1.258639531689276e-11,0.001237,5.059944886711574,107.5,163300.0,17554750.0,0.0100000000000051,107.51,107.49
2019-07-10,CINF,23473,CINCINNATI FINANCIAL CORP,,,-0.004,0.1405694617742703,0.0001867936863733,-3.9640441062221586e-11,0.004511,5.771218616044091,107.07,163300.0,17484531.0,0.009999999999998,107.07,107.05
2019-07-11,CINF,23473,CINCINNATI FINANCIAL CORP,,,-0.002428,-0.277704681465133,0.0001872483849826,-3.339398568706266e-11,0.002285,4.16852418860992,106.81,163300.0,17442073.0,0.009999999999998,106.81,106.79
2019-07-12,CINF,23473,CINCINNATI FINANCIAL CORP,,,0.008145,-0.2114231989658008,9.286775631505494e-05,1.4091055797051704e-10,0.00462,3.2872014696876914,107.68,163300.0,17584144.0,0.0050000000000025,107.68,107.67
2019-07-15,CINF,23473,CINCINNATI FINANCIAL CORP,,,0.0013,0.0603856184798807,9.274717121119373e-05,2.118203536004172e-11,0.000176,3.4857011635027555,107.82,163300.0,17607006.0,0.0049999999999954,107.82,107.81
2019-07-16,CINF,23473,CINCINNATI FINANCIAL CORP,,,0.007883,0.1332484210711242,9.202171712528864e-05,1.1245542228472287e-10,-0.003404,3.950165339865279,108.67,163300.0,17745811.0,0.0050000000000025,108.67,108.66
2019-07-17,CINF,23473,CINCINNATI FINANCIAL CORP,,,-0.014907,-0.1347823930102842,0.00028024287716,-2.495035747948128e-10,-0.006531,3.4177526025719533,107.05,163300.0,17481265.0,0.0149999999999934,107.07,107.04
2019-07-18,CINF,23473,CINCINNATI FINANCIAL CORP,,,0.003737,0.101822371214741,0.0003722661703118,5.655594775717196e-11,0.003582,3.765756276791182,107.45,163300.0,17546585.0,0.0200000000000031,107.48,107.44
2019-07-19,CINF,23473,CINCINNATI FINANCIAL CORP,,,-0.006608,0.0175266851831374,0.0002810567734682,-9.893697662545235e-11,-0.006177,3.831757501530925,106.74,163300.0,17430642.0,0.0150000000000005,106.77,106.74
2019-07-22,CINF,23473,CINCINNATI FINANCIAL CORP,,,-0.002904,-0.3359697375528586,9.395847035615066e-05,-6.566901112491232e-11,0.002829,2.544402939375382,106.43,163300.0,17380019.0,0.0050000000000025,106.43,106.42
2019-07-23,CINF,23473,CINCINNATI FINANCIAL CORP,,,0.000658,0.375373344468485,0.00018779342723,1.0811441663272276e-11,0.006848,3.4995039804041643,106.5,163300.0,17391450.0,0.009999999999998,106.52,106.5
2019-07-24,CINF,23473,CINCINNATI FINANCIAL CORP,,,0.007136,0.0387632574995318,0.0001864628006712,1.1207475355404836e-10,0.004688,3.63435494930695,107.26,163336.0,17519419.36,0.009999999999998,107.28,107.26
2019-07-25,CINF,23473,CINCINNATI FINANCIAL CORP,,,-0.000653,-0.0212054492681357,0.0003731691389121,-1.0484750767584393e-11,-0.005262,3.5572868198070235,107.19,163336.0,17507985.84,0.019999999999996,107.21,107.17
2019-07-26,CINF,23473,CINCINNATI FINANCIAL CORP,,,0.005971,-0.0536148549221816,0.000370954279885,1.0070215215625562e-10,0.007388,3.366563403046481,107.83,163336.0,17612520.88,0.0200000000000031,107.84,107.8
2019-07-29,CINF,23473,CINCINNATI FINANCIAL CORP,,,-0.01456,0.3113419085220257,0.0003764351590439,-1.9002332313379488e-10,-0.001616,4.414715678111378,106.26,163336.0,17356083.36,0.0200000000000031,106.26,106.22
2019-07-30,CINF,23473,CINCINNATI FINANCIAL CORP,,,-0.00367,-0.0840403726621937,9.44554642486551e-05,-5.248463300928517e-11,-0.002579,4.043701327325268,105.87,163336.0,17292382.32,0.0050000000000025,105.87,105.86
2019-07-31,CINF,23473,CINCINNATI FINANCIAL CORP,,,0.01379,2.666372437098967,9.317059536015202e-05,5.3057351978067104e-11,-0.010886,14.825715090365872,107.33,163336.0,17530852.88,0.0050000000000025,107.34,107.33
2019-08-01,CINF,23473,CINCINNATI FINANCIAL CORP,,,-0.00969,-0.7124906001181877,0.0004704111393357,-1.3094284003486528e-10,-0.008999,4.2625324484498215,106.29,163336.0,17360983.44,0.0249999999999985,106.33,106.28
2019-08-02,CINF,23473,CINCINNATI FINANCIAL CORP,,,-0.000376,0.0682782146576179,9.411764705873792e-05,-4.758005288535532e-12,-0.007283,4.55357055395014,106.25,163336.0,17354450.0,0.0049999999999954,106.27,106.26
2019-08-05,CINF,23473,CINCINNATI FINANCIAL CORP,,,-0.023059,0.2397030232789521,0.0001926782273602,-2.4093032679033474e-10,-0.029778,5.645075182446001,103.8,163336.0,16954276.8,0.009999999999998,103.8,103.78
2019-08-06,CINF,23473,CINCINNATI FINANCIAL CORP,,,0.030732,-0.0097077796721197,0.0003738667165154,3.145810977621189e-10,0.013017,5.590274036342263,106.99,163336.0,17475318.64,0.019999999999996,106.99,106.95
2019-08-07,CINF,23473,CINCINNATI FINANCIAL CORP,,,0.003458,-0.1235482037426636,9.314456035772276e-05,4.0247548953598926e-11,0.000767,4.899605720722927,107.36,163336.0,17535752.96,0.0050000000000025,107.36,107.35
2019-08-08,CINF,23473,CINCINNATI FINANCIAL CORP,,,0.022168,-0.3915457301301291,0.0001822489520686,4.148494942297304e-10,0.018762,2.981186021452711,109.74,163336.0,17924492.64,0.0100000000000051,109.76,109.74
2019-08-09,CINF,23473,CINCINNATI FINANCIAL CORP,,,0.002096,-0.1319991374618788,0.0003637355642448,4.5094741793468045e-11,-0.006617,2.587672038007543,109.97,163336.0,17962059.919999998,0.0200000000000031,109.98,109.94
2019-08-12,CINF,23473,CINCINNATI FINANCIAL CORP,,,-0.011912,0.1948303601003169,0.0001840603718019,-2.1707888691689828e-10,-0.012184,3.0918291129940734,108.66,163336.0,17748089.759999998,0.009999999999998,108.63,108.61
2019-08-13,CINF,23473,CINCINNATI FINANCIAL CORP,,,0.018866,0.5710891136162468,9.032607713851608e-05,2.1478045695035394e-10,0.014994,4.857539060586766,110.71,163336.0,18082928.56,0.0050000000000025,110.75,110.74
2019-08-14,CINF,23473,CINCINNATI FINANCIAL CORP,,,-0.034053,-0.2311979541498668,0.0007480830372171,-5.220384012312568e-10,-0.029293,3.73448596757604,106.94,163336.0,17467151.84,0.0399999999999991,106.94,106.86
2019-08-15,CINF,23473,CINCINNATI FINANCIAL CORP,,,0.015336,-0.2192430521856597,0.0002762939767913,2.9657439780892444e-10,0.002464,2.915725865700152,108.58,163336.0,17735022.88,0.0150000000000005,108.58,108.55
2019-08-16,CINF,23473,CINCINNATI FINANCIAL CORP,,,0.010315,0.3397278280205693,0.0002734731084776,1.4737282922108514e-10,0.014426,3.9062790811578583,109.7,163336.0,17917959.2,0.0150000000000005,109.69,109.66
2019-08-19,CINF,23473,CINCINNATI FINANCIAL CORP,,,0.007748,-0.1708633995573917,0.0002713704206241,1.3248282947593748e-10,0.012106,3.238838957731302,110.55,163336.0,18056794.8,0.0150000000000005,110.55,110.52
2019-08-20,CINF,23473,CINCINNATI FINANCIAL CORP,,,-0.010131,-0.2104593596827335,0.0004569130951292,-2.2165123547363798e-10,-0.007915,2.5571949845716806,109.43,163336.0,17873858.48,0.0249999999999985,109.48,109.43
2019-08-21,CINF,23473,CINCINNATI FINANCIAL CORP,,,0.009595,-0.2266868095824096,0.0001810282404054,2.688810130512484e-10,0.008247,1.9775126120389872,110.48,163336.0,18045361.28,0.009999999999998,110.47,110.45
2019-08-22,CINF,23473,CINCINNATI FINANCIAL CORP,,,0.004978,0.2456602032823631,0.0004503287399801,1.1143299031042176e-10,-0.000506,2.4633087623059216,111.03,163336.0,18135196.08,0.0249999999999985,111.05,111.0
2019-08-23,CINF,23473,CINCINNATI FINANCIAL CORP,,,-0.025218,0.3508215545288022,0.0002771874711263,-4.287106107440346e-10,-0.025946,3.327490571582505,108.23,163336.0,17677855.28,0.0150000000000005,108.26,108.23
2019-08-26,CINF,23473,CINCINNATI FINANCIAL CORP,,,0.019403,0.0826054877745865,9.063717937102436e-05,2.9888649484361446e-10,0.010983,3.6023595533134154,110.33,163336.0,18020860.88,0.0050000000000025,110.34,110.33
2019-08-27,CINF,23473,CINCINNATI FINANCIAL CORP,,,0.000544,0.1090797848384164,0.0003623516622881,7.551572622265588e-12,-0.003203,3.995304158299456,110.39,163336.0,18030661.04,0.019999999999996,110.38,110.34
2019-08-28,CINF,23473,CINCINNATI FINANCIAL CORP,,,0.006432,0.1355625466420054,0.0002700270027002,7.812484228820754e-11,0.006545,4.536917764607924,111.1,163336.0,18146629.6,0.0150000000000005,111.13,111.1
2019-08-29,CINF,23473,CINCINNATI FINANCIAL CORP,,,0.014221,-0.167049910801277,0.0001774937877173,2.0446618597050228e-10,0.012687,3.7790260567174414,112.68,163336.0,18404700.48,0.009999999999998,112.69,112.67
2019-08-30,CINF,23473,CINCINNATI FINANCIAL CORP,,,-0.001686,-0.2254901166624274,0.0007111743266067,-3.13512518815114e-11,0.000643,2.9268930303178724,112.49,163336.0,18373666.64,0.0399999999999991,112.5,112.42
2019-09-03,CINF,23473,CINCINNATI FINANCIAL CORP,,,0.001689,0.2731499978036551,0.0001774937877175,2.4627167905313475e-11,-0.006899,3.7263738551207326,112.68,163336.0,18404700.48,0.0100000000000051,112.68,112.66
2019-09-04,CINF,23473,CINCINNATI FINANCIAL CORP,,,0.008697,-0.0932504834461784,0.0001759633996128,1.3864561731358032e-10,0.010842,3.3788876916295245,113.66,163336.0,18564769.76,0.009999999999998,113.66,113.64
2019-09-05,CINF,23473,CINCINNATI FINANCIAL CORP,,,0.002375,-0.1848217230120277,0.0002633195821996,4.633586191975267e-11,0.01301,2.754395846598423,113.93,163336.0,18608870.48,0.0150000000000005,113.93,113.9
2019-09-06,CINF,23473,CINCINNATI FINANCIAL CORP,,,0.008865,0.0027028709112408,0.0003480076561683,1.7097279764120687e-10,0.000911,2.7618406230102366,114.94,163336.0,18773839.84,0.019999999999996,114.94,114.9
2019-09-09,CINF,23473,CINCINNATI FINANCIAL CORP,,,-0.013398,0.775479486065421,0.0004409171075837,-1.4751314797635775e-10,-9.4e-05,4.903591369936818,113.4,163336.0,18522302.4,0.0249999999999985,113.41,113.36
2019-09-10,CINF,23473,CINCINNATI FINANCIAL CORP,,,-0.014286,-0.0393840683303098,0.0001789228842369,-1.661118318697217e-10,0.000322,4.710467992359308,111.78,163336.0,18257698.08,0.0100000000000051,111.79,111.77
2019-09-11,CINF,23473,CINCINNATI FINANCIAL CORP,,,-0.002684,-0.1766336664548102,0.0001794043774667,-3.8005501999317945e-11,0.00723,3.878440760150855,111.48,163336.0,18208697.28,0.009999999999998,111.49,111.47
2019-09-12,CINF,23473,CINCINNATI FINANCIAL CORP,,,0.015788,-0.1781388469255188,0.0003532320734723,2.6778714543543616e-10,0.002879,3.187539795268649,113.24,163336.0,18496168.64,0.0200000000000031,113.26,113.22
2019-09-13,CINF,23473,CINCINNATI FINANCIAL CORP,,,-0.002561,0.0232905654578978,8.853474988925104e-05,-4.2558551872037276e-11,-0.000724,3.261779399520008,112.95,163336.0,18448801.2,0.0049999999999954,112.94,112.93
2019-09-16,CINF,23473,CINCINNATI FINANCIAL CORP,,,-0.001505,-0.1342165228261563,0.0002660046107465,-2.893067822729136e-11,-0.003136,2.823994710290444,112.78,163336.0,18421034.08,0.0150000000000005,112.81,112.78
2019-09-17,CINF,23473,CINCINNATI FINANCIAL CORP,,,0.016226,0.3791093960022547,8.768084173600093e-05,2.236514251863847e-10,0.002582,3.8945976392222166,114.05,163336.0,18628470.8,0.0049999999999954,114.05,114.04
2019-09-18,CINF,23473,CINCINNATI FINANCIAL CORP,,,0.004384,-0.3545654333718999,0.000261894369271,9.3213479410323e-11,0.000343,2.513707939462213,114.55,163336.0,18710138.8,0.0150000000000005,114.54,114.51
2019-09-19,CINF,23473,CINCINNATI FINANCIAL CORP,,,-0.002182,-0.0899485848034117,0.000437445319335,-5.109117066271739e-11,2e-05,2.2876034676984864,114.3,163336.0,18669304.8,0.0249999999999985,114.3,114.25
2019-09-20,CINF,23473,CINCINNATI FINANCIAL CORP,,,-0.004287,1.4250016057894062,0.0004393287057376,-4.1571755816369146e-11,-0.004896,5.547442082578244,113.81,163336.0,18589270.16,0.0249999999999985,113.8,113.75
2019-09-23,CINF,23473,CINCINNATI FINANCIAL CORP,,,0.00413,-0.5703131121723171,0.0001750087504374,9.282244981313991e-11,-9.7e-05,2.3836631238673656,114.28,163336.0,18666038.08,0.009999999999998,114.3,114.28
2019-09-24,CINF,23473,CINCINNATI FINANCIAL CORP,,,0.000613,0.4901139883597285,0.0003498032356799,9.240128700793454e-12,-0.008416,3.5519297644120096,114.35,163336.0,18677471.6,0.0200000000000031,114.39,114.35
2019-09-25,CINF,23473,CINCINNATI FINANCIAL CORP,,,0.006559,0.2364131839947048,0.0002606429192007,7.944240707998387e-11,0.006159,4.391652789342215,115.1,163336.0,18799973.6,0.0150000000000005,115.11,115.08
2019-09-26,CINF,23473,CINCINNATI FINANCIAL CORP,,,0.012945,-0.1805998759261969,0.0001715412985675,1.8890124249346444e-10,-0.002429,3.598520840476074,116.59,163336.0,19043344.24,0.009999999999998,116.61,116.59
2019-09-27,CINF,23473,CINCINNATI FINANCIAL CORP,,,-0.007119,-0.3243303480284738,8.638562543197232e-05,-1.5485317848749835e-10,-0.005316,2.4314113238967527,115.76,163336.0,18907775.36,0.0050000000000025,115.76,115.75
2019-09-30,CINF,23473,CINCINNATI FINANCIAL CORP,,,0.007861,0.3170794964961714,0.0005142710208279,1.2881494684586568e-10,0.005048,3.201107711138311,116.67,163400.0,19063878.0,0.0300000000000011,116.67,116.61
2019-10-01,CINF,23473,CINCINNATI FINANCIAL CORP,,,-0.021171,-0.118555961924135,0.0001751313485113,-4.020945473620484e-10,-0.012258,2.821597307221542,114.2,163400.0,18660280.0,0.009999999999998,114.2,114.18
2019-10-02,CINF,23473,CINCINNATI FINANCIAL CORP,,,-0.010333,0.1135280631776665,0.000353919660237,-1.7808316902858758e-10,-0.017903,3.141927784577724,113.02,163400.0,18467468.0,0.019999999999996,113.05,113.01
2019-10-03,CINF,23473,CINCINNATI FINANCIAL CORP,,,0.010352,0.0046592168542105,0.0001751466853489,1.7576369197246115e-10,0.007972,3.1565667074663404,114.19,163400.0,18658646.0,0.009999999999998,114.21,114.19
2019-10-04,CINF,23473,CINCINNATI FINANCIAL CORP,,,0.028199,0.076237487470506,8.51716208159877e-05,4.3266670907104215e-10,0.014217,3.3972154222766218,117.41,163400.0,19184794.0,0.0050000000000025,117.4,117.39
2019-10-07,CINF,23473,CINCINNATI FINANCIAL CORP,,,-0.01218,-0.1187973446465082,0.0003448870494913,-2.146907076827588e-10,-0.004478,2.993635250917993,115.98,163400.0,18951132.0,0.0200000000000031,115.98,115.94
2019-10-08,CINF,23473,CINCINNATI FINANCIAL CORP,,,-0.018624,0.2315152506337394,8.785802143740219e-05,-2.7162119215703326e-10,-0.015561,3.686707466340269,113.82,163400.0,18598188.0,0.0050000000000025,113.83,113.82
2019-10-09,CINF,23473,CINCINNATI FINANCIAL CORP,,,0.008874,-0.1008851144075111,8.708525646612485e-05,1.4267837061188858e-10,0.009105,3.314773561811505,114.83,163400.0,18763222.0,0.0050000000000025,114.83,114.82
2019-10-10,CINF,23473,CINCINNATI FINANCIAL CORP,,,0.012192,-0.2770117828644435,0.0006022541512518,2.6786722477714004e-10,0.006416,2.3965422276621786,116.23,163400.0,18991982.0,0.0350000000000036,116.23,116.16
2019-10-11,CINF,23473,CINCINNATI FINANCIAL CORP,,,-0.00086,0.44898683588912,0.0004305519676225,-1.3051260174381515e-11,0.010939,3.472558139534884,116.13,163400.0,18975642.0,0.0250000000000056,116.15,116.1
2019-10-14,CINF,23473,CINCINNATI FINANCIAL CORP,,,0.000258,-0.3171570769946564,0.0003443526170798,5.732455763145465e-12,-0.001387,2.371211750305997,116.16,163400.0,18980544.0,0.019999999999996,116.16,116.12
2019-10-15,CINF,23473,CINCINNATI FINANCIAL CORP,,,-0.000689,0.1035420796167823,0.0003445899379738,-1.3881951853010001e-11,0.009956,2.616731946144431,116.08,163400.0,18967472.0,0.0200000000000031,116.12,116.08
2019-10-16,CINF,23473,CINCINNATI FINANCIAL CORP,,,-0.00715,0.5700136116789141,0.000173535791757,-9.241668822167435e-11,-0.002,4.108304773561812,115.25,163400.0,18831850.0,0.009999999999998,115.25,115.23
2019-10-17,CINF,23473,CINCINNATI FINANCIAL CORP,,,-0.001128,0.0609119361474876,8.686587908274075e-05,-1.3758284215421155e-11,0.002763,4.358549571603427,115.12,163400.0,18810608.0,0.0050000000000025,115.12,115.11
2019-10-18,CINF,23473,CINCINNATI FINANCIAL CORP,,,0.005212,-0.1089882292150797,0.00034566194262,7.097714051219384e-11,-0.003919,3.8841370107850697,115.72,163374.0,18905639.28,0.019999999999996,115.71,115.67
2019-10-21,CINF,23473,CINCINNATI FINANCIAL CORP,,,0.002765,-0.1792655464277216,0.0004308859014134,4.575170330149672e-11,0.006872,3.1878450671465477,116.04,163374.0,18957918.96,0.0250000000000056,116.04,115.99
2019-10-22,CINF,23473,CINCINNATI FINANCIAL CORP,,,-0.022923,-0.0613907924371797,0.0001763979537837,-4.135900129065849e-10,-0.003569,2.9921407323074662,113.38,163374.0,18523344.12,0.009999999999998,113.38,113.36
2019-10-23,CINF,23473,CINCINNATI FINANCIAL CORP,,,0.005116,-0.0829497706806754,0.0002632502632502,1.0014286518952036e-10,0.002847,2.7439433447182537,113.96,163374.0,18618101.04,0.0150000000000005,114.0,113.97
2019-10-24,CINF,23473,CINCINNATI FINANCIAL CORP,,,0.011495,1.344286832824361,0.0008675284115554,9.489074400505296e-11,0.00192,6.432590253039039,115.27,163374.0,18832120.98,0.0499999999999971,115.27,115.17
2019-10-25,CINF,23473,CINCINNATI FINANCIAL CORP,,,-0.031404,-0.0661593007256512,8.956560680690465e-05,-2.8660556110889576e-10,0.004073,6.007014580043336,111.65,163374.0,18240707.1,0.0049999999999954,111.66,111.65
2019-10-28,CINF,23473,CINCINNATI FINANCIAL CORP,,,-0.00824,-0.1325996800456496,0.0001806195249706,-8.741796762897678e-11,0.005581,5.210486368700038,110.73,163374.0,18090403.02,0.009999999999998,110.72,110.7
2019-10-29,CINF,23473,CINCINNATI FINANCIAL CORP,,,0.00587,-0.0788491855583148,8.978272580360133e-05,6.721078082871616e-11,-0.000832,4.7996437621653385,111.38,163374.0,18196596.12,0.0050000000000025,111.39,111.38
2019-10-30,CINF,23473,CINCINNATI FINANCIAL CORP,,,0.01257,0.0467252533677151,0.0001773364071643,1.3579336128592901e-10,0.003253,5.023908333027287,112.78,163374.0,18425319.72,0.009999999999998,112.78,112.76
2019-10-31,CINF,23473,CINCINNATI FINANCIAL CORP,,,0.003813,0.373871799370352,8.83314194858308e-05,2.98683448455474e-11,-0.003023,6.902205981367905,113.21,163374.0,18495570.54,0.0049999999999954,113.24,113.23
2019-11-01,CINF,23473,CINCINNATI FINANCIAL CORP,,,-0.009805,-0.5049257698150387,0.0002676181980374,-1.5667539797380698e-10,0.009662,3.417104312803751,112.1,163374.0,18314225.4,0.0150000000000005,112.11,112.08
2019-11-04,CINF,23473,CINCINNATI FINANCIAL CORP,,,-0.017128,-0.0584255534100232,9.076057360687164e-05,-2.9573862115931013e-10,0.003704,3.2174581022684148,110.18,163374.0,18000547.32,0.0050000000000025,110.18,110.17
2019-11-05,CINF,23473,CINCINNATI FINANCIAL CORP,,,-0.001361,-0.0628137787763317,0.0002726529128419,-2.5108760538002202e-11,-0.001186,3.0153574008104105,110.03,163374.0,17976041.22,0.0150000000000005,110.06,110.03
2019-11-06,CINF,23473,CINCINNATI FINANCIAL CORP,,,0.007816,0.141071105959633,0.0001803589142393,1.2538850417206898e-10,0.000703,3.4407372042063,110.89,163374.0,18116542.86,0.009999999999998,110.89,110.87
2019-11-07,CINF,23473,CINCINNATI FINANCIAL CORP,,,-0.016773,0.2517367071853869,9.171787581404306e-05,-2.1863379891963266e-10,0.00273,4.306897058283448,109.03,163374.0,17812667.22,0.0050000000000025,109.04,109.03
2019-11-08,CINF,23473,CINCINNATI FINANCIAL CORP,,,-0.003027,-0.316649967667896,0.0001839926402943,-5.7915155093714516e-11,0.002561,2.943118244029037,108.7,163374.0,17758753.8,0.009999999999998,108.7,108.68
2019-11-11,CINF,23473,CINCINNATI FINANCIAL CORP,,,0.004048,-0.2633431011856606,0.0001832508704415,1.0471300931488128e-10,-0.001962,2.168068358490335,109.14,163374.0,17830638.36,0.009999999999998,109.14,109.12
2019-11-12,CINF,23473,CINCINNATI FINANCIAL CORP,,,-0.005223,0.8590029530837986,9.21064750852456e-05,-7.305907928531168e-11,0.001565,4.030445480921077,108.57,163374.0,17737515.18,0.0050000000000025,108.56,108.55
2019-11-13,CINF,23473,CINCINNATI FINANCIAL CORP,,,-0.001842,0.6128844138685134,0.0001845529205499,-1.6004470641910468e-11,0.000712,6.500642697124389,108.37,163374.0,17704840.38,0.009999999999998,108.38,108.36
2019-11-14,CINF,23473,CINCINNATI FINANCIAL CORP,,,-0.003414,-0.197890655307353,9.259259259263995e-05,-3.710794865303364e-11,0.000837,5.214226253871485,108.0,163374.0,17644392.0,0.0050000000000025,108.0,107.99
2019-11-15,CINF,23473,CINCINNATI FINANCIAL CORP,,,-0.008333,-0.0675690745877594,9.33706816058908e-05,-9.795405690009755e-11,0.007695,4.8619058112061895,107.1,163374.0,17497355.4,0.0049999999999954,107.1,107.09
2019-11-18,CINF,23473,CINCINNATI FINANCIAL CORP,,,0.007096,-0.0954918048265851,9.271277582055548e-05,9.15695756086743e-11,0.000503,4.397633650397248,107.86,163374.0,17621519.64,0.0050000000000025,107.86,107.85
2019-11-19,CINF,23473,CINCINNATI FINANCIAL CORP,,,0.000371,0.2406497795977222,0.0005560704355885,3.857458591242565e-12,-0.000593,5.4559232191168725,107.9,163374.0,17628054.6,0.0300000000000011,107.9,107.84
2019-11-20,CINF,23473,CINCINNATI FINANCIAL CORP,,,0.000278,-0.0850479494163948,9.26526452330688e-05,3.1582979021197957e-12,-0.003756,4.991908137157687,107.93,163374.0,17632955.82,0.0050000000000025,107.93,107.92
2019-11-21,CINF,23473,CINCINNATI FINANCIAL CORP,,,-0.017048,-0.3069997106240221,9.42595909132897e-05,-2.8432565238929967e-10,-0.001583,3.459393783588576,106.09,163374.0,17332347.66,0.0049999999999954,106.1,106.09
2019-11-22,CINF,23473,CINCINNATI FINANCIAL CORP,,,-0.003205,-0.0827318971999823,0.0001891252955082,-5.846129391050244e-11,0.002175,3.173191572710468,105.75,163374.0,17276800.5,0.009999999999998,105.77,105.75
2019-11-25,CINF,23473,CINCINNATI FINANCIAL CORP,,,0.001797,0.0274605192345158,0.0001887861053426,3.1845181694342866e-11,0.007507,3.260329060927688,105.94,163374.0,17307841.56,0.009999999999998,105.95,105.93
2019-11-26,CINF,23473,CINCINNATI FINANCIAL CORP,,,0.012649,1.4744082920775816,9.321401938856372e-05,8.945851567983176e-11,0.002196,8.067385263260984,107.28,163374.0,17526762.72,0.0050000000000025,107.28,107.27
2019-11-27,CINF,23473,CINCINNATI FINANCIAL CORP,,,0.001119,-0.5247917110836791,0.0002793296089385,1.6635124597306225e-11,0.004174,3.833688346982996,107.4,163374.0,17546367.6,0.0150000000000005,107.4,107.37
2019-11-29,CINF,23473,CINCINNATI FINANCIAL CORP,,,-0.003259,-0.4811607392328264,0.0004670714619336,-9.368393193307831e-11,-0.004011,1.9890680279603852,107.05,163374.0,17489186.7,0.0249999999999985,107.1,107.05
2019-12-02,CINF,23473,CINCINNATI FINANCIAL CORP,,,-0.013265,1.1019473046079231,9.467007478940752e-05,-1.838508200799716e-10,-0.008631,4.18091618005313,105.63,163374.0,17257195.62,0.0050000000000025,105.64,105.63
2019-12-03,CINF,23473,CINCINNATI FINANCIAL CORP,,,-0.011739,-0.2784747303649936,9.579461634261056e-05,-2.281740526834936e-10,-0.006638,3.0166366741341952,104.39,163374.0,17054611.86,0.0050000000000025,104.4,104.39
2019-12-04,CINF,23473,CINCINNATI FINANCIAL CORP,,,0.001533,0.2953128804480156,0.0002869440459109,2.296875655337168e-11,0.006324,3.907488339637886,104.55,163374.0,17080751.7,0.0149999999999934,104.57,104.54
2019-12-05,CINF,23473,CINCINNATI FINANCIAL CORP,,,0.001435,-0.0301684571306835,9.551098376304588e-05,2.2137485071640936e-11,0.0015,3.789605445174874,104.7,163374.0,17105257.8,0.0049999999999954,104.71,104.7
2019-12-06,CINF,23473,CINCINNATI FINANCIAL CORP,,,0.006399,-0.0325767254648914,0.0003796146910884,1.0139152623889316e-10,0.009136,3.666152508967155,105.37,163374.0,17214718.38,0.019999999999996,105.41,105.37
2019-12-09,CINF,23473,CINCINNATI FINANCIAL CORP,,,0.008446,-0.0917699856750268,0.0001882175795218,1.4611403897164995e-10,-0.003163,3.329709745736776,106.26,163374.0,17360121.240000002,0.009999999999998,106.27,106.25
2019-12-10,CINF,23473,CINCINNATI FINANCIAL CORP,,,-0.005176,-0.3100178680412068,0.0004729921483304,-1.3045208688384608e-10,-0.001097,2.297440229167432,105.71,163374.0,17270265.54,0.0250000000000056,105.76,105.71
2019-12-11,CINF,23473,CINCINNATI FINANCIAL CORP,,,-0.003689,-0.0262853610840246,9.494872768709758e-05,-9.58382647390044e-11,0.002908,2.237051183174801,105.32,163374.0,17206549.68,0.0050000000000025,105.33,105.32
2019-12-12,CINF,23473,CINCINNATI FINANCIAL CORP,,,0.008166,0.5288609922402565,0.0005650781691467,1.376384557662658e-10,0.008575,3.4201402916008665,106.18,163374.0,17347051.32,0.0300000000000011,106.18,106.12
2019-12-13,CINF,23473,CINCINNATI FINANCIAL CORP,,,-0.006875,-0.1962284478901571,9.483167377895594e-05,-1.4516657290436906e-10,7.3e-05,2.749011470613439,105.45,163374.0,17227788.3,0.0049999999999954,105.46,105.45
2019-12-16,CINF,23473,CINCINNATI FINANCIAL CORP,,,0.002371,0.1731219259124015,0.0004730368968779,4.2574927828269824e-11,0.007148,3.2249256307613208,105.7,163374.0,17268631.8,0.0249999999999985,105.75,105.7
2019-12-17,CINF,23473,CINCINNATI FINANCIAL CORP,,,-0.001135,0.6234111325585676,0.000189429816253,-1.2568488086238784e-11,0.000335,5.235380170651389,105.58,163374.0,17249026.919999998,0.009999999999998,105.58,105.56
2019-12-18,CINF,23473,CINCINNATI FINANCIAL CORP,,,-0.011461,-0.2606599830473797,0.0002889895000481,-1.7458540805111824e-10,-0.000432,3.87072606412281,103.81,163374.0,16959854.94,0.0150000000000005,103.86,103.83
2019-12-19,CINF,23473,CINCINNATI FINANCIAL CORP,,,-0.005009,0.1671711133882374,9.681479330046584e-05,-6.570264366342162e-11,0.004459,4.517799649883091,103.29,163374.0,16874900.46,0.0050000000000025,103.34,103.33
2019-12-20,CINF,23473,CINCINNATI FINANCIAL CORP,,,0.008132,0.5471086898498965,0.0001920676077979,6.838971066001382e-11,0.004945,6.98952709733495,104.13,163374.0,17012134.62,0.009999999999998,104.13,104.11
2019-12-23,CINF,23473,CINCINNATI FINANCIAL CORP,,,-0.010996,-0.5986512036444298,9.710151963869404e-05,-2.329743226529285e-10,0.000866,2.8052382876100235,102.985,163374.0,16825071.39,0.0049999999999954,102.99,102.98
2019-12-24,CINF,23473,CINCINNATI FINANCIAL CORP,,,0.002767,-0.6167011780416013,0.0008715018882541,1.5252632188547842e-10,-0.000195,1.0752445309535177,103.27,163374.0,16871632.98,0.0450000000000017,103.28,103.19
2019-12-26,CINF,23473,CINCINNATI FINANCIAL CORP,,,0.002711,2.34230675084108,9.657170449063368e-05,4.459055969839439e-11,0.005128,3.5937970546108926,103.55,163374.0,16917377.7,0.0050000000000025,103.54,103.53
2019-12-27,CINF,23473,CINCINNATI FINANCIAL CORP,,,0.00338,-0.3928564737461529,0.000288739172281,9.125849312150988e-11,3.4e-05,2.1819506163771467,103.9,163374.0,16974558.6,0.0150000000000005,103.9,103.87
2019-12-30,CINF,23473,CINCINNATI FINANCIAL CORP,,,0.005197,0.0653175266639363,9.574875526623052e-05,1.3103246833992847e-10,-0.005781,2.3244702339417533,104.44,163374.0,17062780.56,0.0050000000000025,104.45,104.44
2019-12-31,CINF,23473,CINCINNATI FINANCIAL CORP,,,0.006798,0.2847550282021709,0.0007608178792201,1.325087708993991e-10,0.002946,2.995064456721915,105.15,162900.0,17128935.0,0.0399999999999991,105.16,105.08
2020-01-02,CINF,23473,CINCINNATI FINANCIAL CORP,,,0.007703,0.5279096364799056,0.0001887504718761,9.751984911767429e-11,0.008379,4.576187845303868,105.96,162900.0,17260884.0,0.009999999999998,106.03,106.01
2020-01-03,CINF,23473,CINCINNATI FINANCIAL CORP,,,0.005096,-0.3843138675262689,0.0006572769953052,1.042546686236921e-10,-0.00706,2.8174953959484346,106.5,162900.0,17348850.0,0.0350000000000036,106.51,106.44
2020-01-06,CINF,23473,CINCINNATI FINANCIAL CORP,,,-0.0077,-0.1085365056539643,9.462528387576556e-05,-1.7807791322214258e-10,0.003533,2.511694290976059,105.68,162900.0,17215272.0,0.0049999999999954,105.69,105.68
2020-01-07,CINF,23473,CINCINNATI FINANCIAL CORP,,,-0.01883,0.0786083513582871,0.000385765261838,-4.11492386465812e-10,-0.002803,2.709134438305709,103.69,162900.0,16891101.0,0.019999999999996,103.72,103.68
2020-01-08,CINF,23473,CINCINNATI FINANCIAL CORP,,,-0.00569,1.001447935502291,0.0001939864209504,-6.248239422651696e-11,0.004902,5.422191528545119,103.1,162900.0,16794990.0,0.009999999999998,103.11,103.09
2020-01-09,CINF,23473,CINCINNATI FINANCIAL CORP,,,0.017847,-0.15041408394894,0.0001905850962454,2.2663183803513288e-10,0.006655,4.606617556783303,104.94,162900.0,17094726.0,0.009999999999998,104.94,104.92
2020-01-10,CINF,23473,CINCINNATI FINANCIAL CORP,,,-0.002287,-0.4198460058260862,0.0001910219675262,-5.017333318011489e-11,-0.002855,2.6725475751995087,104.7,162900.0,17055630.0,0.009999999999998,104.71,104.69
2020-01-13,CINF,23473,CINCINNATI FINANCIAL CORP,,,0.003725,0.387053872904598,0.000190313064992,5.869823280823289e-11,0.006976,3.706967464702272,105.09,162900.0,17119161.0,0.0100000000000051,105.12,105.1
2020-01-14,CINF,23473,CINCINNATI FINANCIAL CORP,,,-0.002189,0.0338668410985898,9.536524890334845e-05,-3.343731857734271e-11,-0.001515,3.832510742786986,104.86,162900.0,17081694.0,0.0050000000000025,104.87,104.86
2020-01-15,CINF,23473,CINCINNATI FINANCIAL CORP,,,0.00515,-0.2493192549926639,0.0004743833017078,1.0425739675053948e-10,0.00187,2.876992019643953,105.4,162900.0,17169660.0,0.0250000000000056,105.4,105.35
2020-01-16,CINF,23473,CINCINNATI FINANCIAL CORP,,,0.001233,0.0029402853228979,0.0004737989197384,2.485720653721065e-11,0.008367,2.885451197053407,105.53,162900.0,17190837.0,0.0249999999999985,105.58,105.53
2020-01-17,CINF,23473,CINCINNATI FINANCIAL CORP,,,0.016867,0.2227044506850481,0.0003727518404621,2.7348992957771324e-10,0.003862,3.5280540208717004,107.31,162900.0,17480799.0,0.019999999999996,107.32,107.28
2020-01-21,CINF,23473,CINCINNATI FINANCIAL CORP,,,-0.009132,0.3199575445434299,0.00047023417662,-1.1321235268092907e-10,-0.002652,4.656881522406384,106.33,162900.0,17321157.0,0.0250000000000056,106.37,106.32
2020-01-22,CINF,23473,CINCINNATI FINANCIAL CORP,,,0.007618,-0.5368412588352847,9.333582228864213e-05,2.023686283657588e-10,0.000289,2.156875383670964,107.14,162900.0,17453106.0,0.0050000000000025,107.15,107.14
2020-01-23,CINF,23473,CINCINNATI FINANCIAL CORP,,,-0.010827,0.376152324572014,9.435742592933484e-05,-2.1128641550838586e-10,0.001141,2.968189073050952,105.98,162900.0,17264142.0,0.0049999999999954,105.99,105.98
2020-01-24,CINF,23473,CINCINNATI FINANCIAL CORP,,,0.00033,-0.322571238299298,9.432627458369952e-05,9.50321039375762e-12,-0.009042,2.0107366482504605,106.015,162900.0,17269843.5,0.0049999999999954,106.02,106.01
2020-01-27,CINF,23473,CINCINNATI FINANCIAL CORP,,,-0.011932,0.4124512668333593,9.546539379479824e-05,-2.4621213987315376e-10,-0.015731,2.840067526089625,104.75,162900.0,17063775.0,0.0050000000000025,104.75,104.74
2020-01-28,CINF,23473,CINCINNATI FINANCIAL CORP,,,0.005728,0.0314278488783024,9.492168960612356e-05,1.1394095775106981e-10,0.010054,2.9293247391037447,105.35,162900.0,17161515.0,0.0050000000000025,105.36,105.35
2020-01-29,CINF,23473,CINCINNATI FINANCIAL CORP,,,-0.002943,-0.1174843405205925,0.0001904036557501,-6.653107258804514e-11,-0.000867,2.585174953959484,105.04,162900.0,17111016.0,0.009999999999998,105.05,105.03
2020-01-30,CINF,23473,CINCINNATI FINANCIAL CORP,,,0.016756,0.1039762540813298,0.000374531835206,3.3746469389430744e-10,0.003134,2.853971761817065,106.8,162900.0,17397720.0,0.0200000000000031,106.81,106.77
2020-01-31,CINF,23473,CINCINNATI FINANCIAL CORP,,,-0.017322,1.0944845476133116,0.0001905669366364,-1.694992085459908e-10,-0.017706,5.977599754450584,104.95,162900.0,17096355.0,0.009999999999998,104.97,104.95
2020-02-03,CINF,23473,CINCINNATI FINANCIAL CORP,,,0.012959,-0.4494516565323168,0.0003762581130656,2.2738090715004142e-10,0.007255,3.2909576427255987,106.31,162900.0,17317899.0,0.0200000000000031,106.34,106.3
2020-02-04,CINF,23473,CINCINNATI FINANCIAL CORP,,,-0.00254,0.0412630550068364,9.430403621266412e-05,-4.2910162692780365e-11,0.01498,3.4267526089625537,106.04,162900.0,17273916.0,0.0049999999999954,106.05,106.04
2020-02-05,CINF,23473,CINCINNATI FINANCIAL CORP,,,0.018578,0.1972096922707615,0.0006480881399871,2.573717834287389e-10,0.011251,4.102541436464088,108.01,162900.0,17594829.0,0.0350000000000036,108.17,108.1
2020-02-06,CINF,23473,CINCINNATI FINANCIAL CORP,,,0.044718,0.294847853671383,8.862105636303718e-05,4.5795888822586287e-10,0.003326,5.312166973603437,112.84,162900.0,18381636.0,0.0050000000000025,112.84,112.83
2020-02-07,CINF,23473,CINCINNATI FINANCIAL CORP,,,-8.9e-05,-0.1359134779835258,0.0004431445537534,-1.0549099427488909e-12,-0.005401,4.590171884591774,112.83,162900.0,18380007.0,0.0249999999999985,112.88,112.83
2020-02-10,CINF,23473,CINCINNATI FINANCIAL CORP,,,0.011079,-0.1368672758810226,0.0003506311360449,1.5047468214346938e-10,0.007326,3.961927562922038,114.08,162900.0,18583632.0,0.0200000000000031,114.12,114.08
2020-02-11,CINF,23473,CINCINNATI FINANCIAL CORP,,,0.007363,0.344584272030592,8.701705534289171e-05,7.383181436212639e-11,0.001688,5.3271454880294655,114.92,162900.0,18720468.0,0.0050000000000025,114.92,114.91
2020-02-12,CINF,23473,CINCINNATI FINANCIAL CORP,,,-0.010268,-0.2352430075409776,0.0002637594513803,-1.3602963644357428e-10,0.006463,4.073971761817066,113.74,162900.0,18528246.0,0.0150000000000005,113.74,113.71
2020-02-13,CINF,23473,CINCINNATI FINANCIAL CORP,,,0.009759,0.194834626685753,8.70700914235168e-05,1.0715869588611586e-10,-0.00163,4.867722529158994,114.85,162900.0,18709065.0,0.0049999999999954,114.85,114.84
2020-02-14,CINF,23473,CINCINNATI FINANCIAL CORP,,,0.003135,-0.2351188974868592,0.0004339901050257,4.4864882896529116e-11,0.001844,3.723228974831185,115.21,162900.0,18767709.0,0.0250000000000056,115.26,115.21
2020-02-18,CINF,23473,CINCINNATI FINANCIAL CORP,,,-0.011805,-0.2286229171956459,0.0003513394817741,-2.2162839142938622e-10,-0.00292,2.8757914018415844,113.85,162686.0,18521801.1,0.019999999999996,113.88,113.84
2020-02-19,CINF,23473,CINCINNATI FINANCIAL CORP,,,-0.00729,-0.0709777258144153,8.847991505920108e-05,-1.4840158400487813e-10,0.004706,2.6716742682222194,113.02,162686.0,18386771.72,0.0049999999999954,113.02,113.01
2020-02-20,CINF,23473,CINCINNATI FINANCIAL CORP,,,-0.007963,-0.222138117631901,0.0004459507670352,-2.1006681344495435e-10,-0.003816,2.078193575353749,112.12,162686.0,18240354.32,0.0249999999999985,112.11,112.06
2020-02-21,CINF,23473,CINCINNATI FINANCIAL CORP,,,-0.007135,1.003649883316129,8.983111749902e-05,-9.461560381389544e-11,-0.010518,4.163972314765868,111.32,162686.0,18110205.52,0.0049999999999954,111.32,111.31
2020-02-24,CINF,23473,CINCINNATI FINANCIAL CORP,,,-0.034495,0.1404549614714652,9.304056568655474e-05,-4.154247221743389e-10,-0.033514,4.748822885804556,107.48,162686.0,17485491.28,0.0049999999999954,107.49,107.48
2020-02-25,CINF,23473,CINCINNATI FINANCIAL CORP,,,-0.025679,0.1989199642231676,9.549274255161494e-05,-2.6474156282258337e-10,-0.03028,5.693458564350959,104.72,162686.0,17036477.919999998,0.0050000000000025,104.73,104.72
2020-02-26,CINF,23473,CINCINNATI FINANCIAL CORP,,,-0.015183,0.2735785093808771,0.0001939299912732,-1.2480170158955359e-10,-0.003779,7.251066471607882,103.13,162686.0,16777807.18,0.0100000000000051,103.15,103.13
2020-02-27,CINF,23473,CINCINNATI FINANCIAL CORP,,,-0.05304,0.4700117916630992,0.0006143764079459,-3.131943432304496e-10,-0.044163,10.65915321539653,97.66,162686.0,15887914.76,0.0300000000000011,97.66,97.6
2020-02-28,CINF,23473,CINCINNATI FINANCIAL CORP,,,-0.045259,0.2539549447982954,0.0007507507507508,-2.2322759008408017e-10,-0.008238,13.366097881809129,93.24,162686.0,15168842.64,0.0350000000000036,93.31,93.24
2020-03-02,CINF,23473,CINCINNATI FINANCIAL CORP,,,0.087087,-0.2989716607717626,9.865824782956902e-05,5.636328994095451e-10,0.046039,9.370013400046716,101.36,162686.0,16489852.96,0.0050000000000025,101.37,101.36
2020-03-03,CINF,23473,CINCINNATI FINANCIAL CORP,,,-0.015687,-0.1224512421524958,0.0001002305302195,-1.1753799425386034e-10,-0.028108,8.222643620225465,99.77,162686.0,16231182.22,0.0050000000000025,99.78,99.77
2020-03-04,CINF,23473,CINCINNATI FINANCIAL CORP,,,0.046707,-0.3518837056489864,0.0007660633917456,5.158721780022062e-10,0.042203,5.343681816500869,104.43,162246.0,16943349.78,0.0399999999999991,104.46,104.38
2020-03-05,CINF,23473,CINCINNATI FINANCIAL CORP,,,-0.031504,0.138684253931125,9.887284951557362e-05,-3.155185120308497e-10,-0.033922,6.084766342467611,101.14,162246.0,16409560.44,0.0050000000000025,101.15,101.14
2020-03-06,CINF,23473,CINCINNATI FINANCIAL CORP,,,-0.02897,0.2496340767947458,0.0007127583749108,-2.3910685114647496e-10,-0.017054,7.603731370881254,98.21,162246.0,15934179.659999998,0.0349999999999965,98.21,98.14
2020-03-09,CINF,23473,CINCINNATI FINANCIAL CORP,,,-0.076469,0.1305035767118567,0.0016538037486218,-6.045126858958329e-10,-0.07597,8.596045511137408,90.7,162246.0,14715712.2,0.0750000000000028,90.84,90.69
2020-03-10,CINF,23473,CINCINNATI FINANCIAL CORP,,,0.058324,0.006472480307226,0.0004167100739661,4.328592476958272e-10,0.049396,8.651683246428263,95.99,162246.0,15573993.54,0.0200000000000031,96.03,95.99
2020-03-11,CINF,23473,CINCINNATI FINANCIAL CORP,,,-0.062402,-0.0262855123705119,0.0001111111111111,-5.072823576427605e-10,-0.048868,8.424269319428522,90.0,162246.0,14602140.0,0.0050000000000025,90.01,90.0
2020-03-12,CINF,23473,CINCINNATI FINANCIAL CORP,,,-0.104889,-0.0684458049581359,0.0001241310824231,-1.0225772356352166e-09,-0.095113,7.847663424676109,80.56,162246.0,13070537.76,0.0050000000000025,80.56,80.55
2020-03-13,CINF,23473,CINCINNATI FINANCIAL CORP,,,0.124379,0.1863755171796313,0.0001103996467211,9.090299697480387e-10,0.092871,9.310275754101797,90.58,162246.0,14696242.68,0.0050000000000025,90.58,90.57
2020-03-16,CINF,23473,CINCINNATI FINANCIAL CORP,,,-0.133142,-0.0676320954880822,0.0003820682628629,-1.2039568655931704e-09,-0.119841,8.680602295280007,78.52,162246.0,12739555.92,0.0150000000000005,78.55,78.52
2020-03-17,CINF,23473,CINCINNATI FINANCIAL CORP,,,0.089913,0.0944715004973753,0.0012944222169922,6.864002713651672e-10,0.059955,9.50067181933607,84.98,162246.0,13787665.08,0.0549999999999997,84.98,84.87
2020-03-18,CINF,23473,CINCINNATI FINANCIAL CORP,,,0.004589,-0.1769267298367896,0.0024598805200891,4.236878043696405e-11,-0.051831,7.819749023088397,85.37,162246.0,13850941.02,0.1050000000000039,85.37,85.16
2020-03-19,CINF,23473,CINCINNATI FINANCIAL CORP,,,-0.040295,0.0923661035545189,0.0003661662394725,-3.5487317886330457e-10,0.004708,8.542028771125327,81.93,162246.0,13292814.78,0.0149999999999934,81.96,81.93
2020-03-20,CINF,23473,CINCINNATI FINANCIAL CORP,,,-0.084218,0.0731844059138038,0.0001332800213248,-7.546760980149283e-10,-0.04336,9.167172072038756,75.03,162246.0,12173317.38,0.0050000000000025,75.03,75.02
2020-03-23,CINF,23473,CINCINNATI FINANCIAL CORP,,,-0.109956,-0.0193224534856593,0.0001497454327643,-1.1288517333104423e-09,-0.029294,8.990039816081753,66.78,162246.0,10834787.88,0.0050000000000025,66.75,66.74
2020-03-24,CINF,23473,CINCINNATI FINANCIAL CORP,,,0.168314,0.0023289487576425,0.000128172263522,1.475599188948742e-09,0.093828,9.010977158142571,78.02,162246.0,12658432.92,0.0049999999999954,78.02,78.01
2020-03-25,CINF,23473,CINCINNATI FINANCIAL CORP,,,-0.048577,-0.1403130653661606,0.000808298531591,-5.206729501807423e-10,0.011535,7.746619331139135,74.23,162246.0,12043520.58,0.0300000000000011,74.29,74.23
2020-03-26,CINF,23473,CINCINNATI FINANCIAL CORP,,,0.060488,-0.1522654110488217,0.0001270325203252,7.211706147481511e-10,0.062414,6.567077154444486,78.72,162246.0,12772005.12,0.0050000000000025,78.72,78.71
2020-03-27,CINF,23473,CINCINNATI FINANCIAL CORP,,,-0.035188,-0.2513557244514689,0.003159973666886,-5.808248376744744e-10,-0.033687,4.9164047187604005,75.95,162246.0,12322583.7,0.1199999999999974,76.03,75.79
2020-03-30,CINF,23473,CINCINNATI FINANCIAL CORP,,,0.049901,0.1930066055133281,0.0003762227238525,6.576102045757885e-10,0.033516,5.865303304858055,79.74,162246.0,12937496.04,0.0150000000000005,79.74,79.71
2020-03-31,CINF,23473,CINCINNATI FINANCIAL CORP,,,-0.0538,1.1226989287763418,0.0018555334658714,-3.529963031382825e-10,-0.016013,12.562232587064676,75.45,160800.0,12132360.0,0.0700000000000002,75.58,75.44
2020-04-01,CINF,23473,CINCINNATI FINANCIAL CORP,,,-0.024917,-0.4099020448939038,0.0020388745412533,-2.8413060237822136e-10,-0.044142,7.412947761194029,73.57,160800.0,11830055.999999998,0.0750000000000028,73.64,73.49
2020-04-02,CINF,23473,CINCINNATI FINANCIAL CORP,,,-0.008835,-0.1924040395905376,0.0009599561162919,-1.258603026780415e-10,0.022829,5.986666666666666,72.92,160800.0,11725536.0,0.0350000000000036,72.92,72.85
2020-04-03,CINF,23473,CINCINNATI FINANCIAL CORP,,,-0.025919,-0.0023871455639398,0.0016894270026749,-3.799647152618383e-10,-0.015137,5.972375621890548,71.03,160800.0,11421624.0,0.0600000000000022,71.03,70.91
2020-04-06,CINF,23473,CINCINNATI FINANCIAL CORP,,,0.089821,-0.0072629165373746,0.0001291822761915,1.217063995248003e-09,0.070331,5.928998756218905,77.41,160800.0,12447528.0,0.0049999999999954,77.41,77.4
2020-04-07,CINF,23473,CINCINNATI FINANCIAL CORP,,,0.031908,0.0594011011314445,0.000751126690035,3.9548835785670605e-10,-0.001603,6.281187810945274,79.88,160800.0,12844704.0,0.0300000000000011,79.86,79.8
2020-04-08,CINF,23473,CINCINNATI FINANCIAL CORP,,,0.015023,-0.258957540234551,0.0002466699555993,2.475551758648316e-10,0.034056,4.654626865671641,81.08,160800.0,13037664.0,0.009999999999998,81.08,81.06
2020-04-09,CINF,23473,CINCINNATI FINANCIAL CORP,,,0.030834,0.6408818593813463,0.0001196458482891,3.003857119129653e-10,0.014487,7.6376927860696515,83.58,160800.0,13439664.0,0.0050000000000025,83.58,83.57
2020-04-13,CINF,23473,CINCINNATI FINANCIAL CORP,,,-0.011247,-0.5053466987910997,0.0006050338818975,-2.2402539142787216e-10,-0.010105,3.778009950248756,82.64,160800.0,13288512.0,0.0250000000000056,82.65,82.6
2020-04-14,CINF,23473,CINCINNATI FINANCIAL CORP,,,0.053969,1.4192482683241594,0.0001148105625716,4.2159614911551054e-10,0.030573,9.139944029850746,87.1,160800.0,14005680.0,0.0049999999999954,87.1,87.09
2020-04-15,CINF,23473,CINCINNATI FINANCIAL CORP,,,-0.047761,-0.1609127830588901,0.0006028454304316,-4.669524890403076e-10,-0.02203,7.669210199004975,82.94,160800.0,13336752.0,0.0249999999999985,82.99,82.94
2020-04-16,CINF,23473,CINCINNATI FINANCIAL CORP,,,-0.005667,-0.2882998745549213,0.000121256214381,-7.829310016772192e-11,0.005817,5.394901835437591,82.47,162686.0,13416714.42,0.0050000000000025,82.48,82.47
2020-04-17,CINF,23473,CINCINNATI FINANCIAL CORP,,,0.040378,-0.1256512946136098,0.00011655011655,6.132522023967616e-10,0.026794,4.717025435501518,85.8,162686.0,13958458.8,0.0049999999999954,85.8,85.79
2020-04-20,CINF,23473,CINCINNATI FINANCIAL CORP,,,-0.038695,-0.1905787639726138,0.0010911736178467,-7.552890789067861e-10,-0.017881,3.8180605583762586,82.48,162686.0,13418341.28,0.0450000000000017,82.48,82.39
2020-04-21,CINF,23473,CINCINNATI FINANCIAL CORP,,,-0.028007,-0.1023110545846782,0.0009978795060496,-6.265212951589503e-10,-0.030675,3.427430756180618,80.17,162686.0,13042536.62,0.0399999999999991,80.24,80.16
2020-04-22,CINF,23473,CINCINNATI FINANCIAL CORP,,,-0.005987,0.0157892377083725,0.0007529175555276,-1.3264257778657088e-10,0.02293,3.5223380306215097,79.69,160802.0,12814311.38,0.0300000000000011,79.7,79.64
2020-04-23,CINF,23473,CINCINNATI FINANCIAL CORP,,,-0.016188,-0.1069210927279179,0.0011479591836735,-4.0819231383253304e-10,-0.000539,3.145725799430356,78.4,160802.0,12606876.8,0.0450000000000017,78.4,78.31
2020-04-24,CINF,23473,CINCINNATI FINANCIAL CORP,,,0.001658,0.0302882933107173,0.00038201961034,4.0511456107127416e-11,0.013918,3.241004465118593,78.53,160802.0,12627781.06,0.0150000000000005,78.58,78.55
2020-04-27,CINF,23473,CINCINNATI FINANCIAL CORP,,,0.044569,0.3042597282984112,0.0015847860538826,7.993279849892355e-10,0.014714,4.227111603089514,82.03,160802.0,13190588.06,0.0649999999999977,82.03,81.9
2020-04-28,CINF,23473,CINCINNATI FINANCIAL CORP,,,-0.124589,4.776167820069205,0.0001392563709788,-4.4189573551729427e-10,-0.005242,24.4165060136068,71.81,160802.0,11547191.62,0.0049999999999954,71.82,71.81
2020-04-29,CINF,23473,CINCINNATI FINANCIAL CORP,,,-0.019357,-0.5879049661723239,0.0001420051121841,-1.6989073123699752e-10,0.026584,10.06192087163095,70.42,160802.0,11323676.84,0.0050000000000025,70.4,70.39
2020-04-30,CINF,23473,CINCINNATI FINANCIAL CORP,,,-0.065606,0.4527314047109445,0.0009118541033434,-4.2418958110472597e-10,-0.009212,14.617268441934804,65.8,160802.0,10580771.6,0.0300000000000011,65.8,65.74
2020-05-01,CINF,23473,CINCINNATI FINANCIAL CORP,,,-0.073708,0.2689903279577075,0.000656275635767,-4.0543845332616254e-10,-0.028059,18.54917227397669,60.95,160802.0,9800881.9,0.0199999999999995,60.99,60.95
2020-05-04,CINF,23473,CINCINNATI FINANCIAL CORP,,,-0.013208,-0.3245447815836693,0.0001662648599218,-1.0899962127789446e-10,0.00425,12.529135209761073,60.145,160802.0,9671436.29,0.004999999999999,60.15,60.14
2020-05-05,CINF,23473,CINCINNATI FINANCIAL CORP,,,-0.019037,-0.1841153317350884,0.0001694915254236,-1.962931679346773e-10,0.009041,10.222329324262136,59.0,160802.0,9487318.0,0.004999999999999,59.01,59.0
2020-05-06,CINF,23473,CINCINNATI FINANCIAL CORP,,,-0.099661,0.239176259953485,0.0001882530120482,-9.210702930075347e-10,-0.006979,12.66726782005199,53.12,160802.0,8541802.24,0.0050000000000025,53.13,53.12
2020-05-07,CINF,23473,CINCINNATI FINANCIAL CORP,,,0.03558,-0.311371765830994,0.0007271405199054,4.6111056708214487e-10,0.011505,8.723038270668276,55.01,160802.0,8845718.02,0.0199999999999995,55.04,55.0
2020-05-08,CINF,23473,CINCINNATI FINANCIAL CORP,,,0.013089,-0.1214708679515386,0.0005383097075182,1.9059084408245296e-10,0.016872,7.663443240755712,55.73,160802.0,8961495.459999999,0.014999999999997,55.73,55.7
2020-05-11,CINF,23473,CINCINNATI FINANCIAL CORP,,,-0.033734,0.1493747043123532,0.0005571030640668,-4.4228794958456503e-10,0.000177,8.808167808858098,53.85,160802.0,8659187.700000001,0.0150000000000005,53.86,53.83
2020-05-12,CINF,23473,CINCINNATI FINANCIAL CORP,,,-0.044568,0.0560792334776694,0.0001943634596695,-5.791142312176718e-10,-0.020544,9.302123107921544,51.45,160802.0,8273262.9,0.004999999999999,51.46,51.45
2020-05-13,CINF,23473,CINCINNATI FINANCIAL CORP,,,-0.05656,0.1212314480545526,0.0004120313143799,-6.947696355734216e-10,-0.017463,10.429832962276588,48.54,160802.0,7805329.08,0.0100000000000015,48.56,48.54
2020-05-14,CINF,23473,CINCINNATI FINANCIAL CORP,,,0.039967,0.0231817536779919,0.0007923930269413,4.6138196923115346e-10,0.011525,10.671614780910684,50.48,160802.0,8117284.96,0.0199999999999995,50.51,50.47
2020-05-15,CINF,23473,CINCINNATI FINANCIAL CORP,,,-0.024366,0.505617951337312,0.0006091370558375,-1.9148803163848152e-10,0.003926,16.067374783895723,49.25,160802.0,7919498.5,0.0150000000000005,49.27,49.24
2020-05-18,CINF,23473,CINCINNATI FINANCIAL CORP,,,0.079594,-0.3174965339947191,0.0001880759826971,8.489310905019325e-10,0.031501,10.966038979614682,53.17,160802.0,8549842.34,0.0050000000000025,53.17,53.16
2020-05-19,CINF,23473,CINCINNATI FINANCIAL CORP,,,-0.020312,0.0691032635971873,0.0013438279900172,-2.0684138817990778e-10,-0.010484,11.723828061840027,52.09,160802.0,8376176.180000001,0.0350000000000001,52.1,52.03
2020-05-20,CINF,23473,CINCINNATI FINANCIAL CORP,,,0.02822,-0.2942003962412775,0.0005601194921583,3.9598081415649035e-10,0.016651,8.274673200582082,53.56,160802.0,8612555.120000001,0.0150000000000005,53.58,53.55
2020-05-21,CINF,23473,CINCINNATI FINANCIAL CORP,,,0.072629,0.6216796534454043,0.0003481288076587,5.85885388078156e-10,-0.007774,13.418869168293927,57.45,160802.0,9238074.9,0.009999999999998,57.48,57.46
2020-05-22,CINF,23473,CINCINNATI FINANCIAL CORP,,,-0.002263,-0.3786862522192937,0.0012212142358688,-2.9448287486879955e-11,0.002354,8.337327893931668,57.32,160802.0,9217170.64,0.0350000000000001,57.39,57.32
2020-05-26,CINF,23473,CINCINNATI FINANCIAL CORP,,,0.033496,0.1619636313186276,0.00067521944632,3.629669105463762e-10,0.012289,9.687671795126926,59.24,160802.0,9525910.48,0.0199999999999995,59.28,59.24
2020-05-27,CINF,23473,CINCINNATI FINANCIAL CORP,,,0.036462,0.6421504213963694,0.0009771986970684,2.3213911069206578e-10,0.014827,15.908614320717405,61.4,160802.0,9873242.8,0.0300000000000011,61.45,61.39
2020-05-28,CINF,23473,CINCINNATI FINANCIAL CORP,,,-0.013518,-0.3937728901931366,0.0006603929337955,-1.4391157147109118e-10,-0.002108,9.644233280680588,60.57,160802.0,9739777.14,0.0199999999999995,60.56,60.52
2020-05-29,CINF,23473,CINCINNATI FINANCIAL CORP,,,-0.026746,0.1224900245806712,0.0010178117048346,-2.606353914204909e-10,0.004812,10.825555652292882,58.95,160802.0,9479277.9,0.0300000000000011,58.95,58.89
2020-06-01,CINF,23473,CINCINNATI FINANCIAL CORP,,,0.011705,-0.4237984203551185,0.0001676727028839,1.956670492312705e-10,0.003751,6.237702267384734,59.64,160802.0,9590231.28,0.004999999999999,59.64,59.63
2020-06-02,CINF,23473,CINCINNATI FINANCIAL CORP,,,0.019282,-0.1321230066747422,0.00098700444152,3.6437256663784047e-10,0.008211,5.413558289076007,60.79,160802.0,9775153.58,0.0300000000000011,60.79,60.73
2020-06-03,CINF,23473,CINCINNATI FINANCIAL CORP,,,0.050666,0.6490808272382542,0.0007828401440425,5.525906049217849e-10,0.013649,8.927395181651969,63.87,160802.0,10270423.74,0.0249999999999985,63.87,63.82
2020-06-04,CINF,23473,CINCINNATI FINANCIAL CORP,,,0.011899,-0.3488164408868281,0.0003094538140181,1.96950313168096e-10,-0.003369,5.813372967997911,64.63,160802.0,10392633.26,0.009999999999998,64.63,64.61
2020-06-05,CINF,23473,CINCINNATI FINANCIAL CORP,,,0.064212,0.8352635103476458,0.0011631288165164,5.441717132217335e-10,0.026212,10.669071280207955,68.78,160802.0,11059961.56,0.0399999999999991,68.84,68.76
2020-06-08,CINF,23473,CINCINNATI FINANCIAL CORP,,,0.038529,-0.1519257312859347,0.000139997200056,3.707277862706873e-10,0.012042,9.0481648238206,71.43,160802.0,11486086.86,0.0050000000000025,71.45,71.44
2020-06-09,CINF,23473,CINCINNATI FINANCIAL CORP,,,-0.036679,-0.280239428768979,0.0004359831419851,-5.090095463367245e-10,-0.007799,6.512512282185545,68.81,160802.0,11064785.62,0.0150000000000005,68.81,68.78
2020-06-10,CINF,23473,CINCINNATI FINANCIAL CORP,,,-0.052027,0.5990068991859439,0.0007665184730951,-4.763114994114618e-10,-0.005313,10.413552070247883,65.23,160802.0,10489114.46,0.0249999999999985,65.24,65.19
2020-06-11,CINF,23473,CINCINNATI FINANCIAL CORP,,,-0.100721,0.0181466927836035,0.0006818956699624,-1.0071108537634682e-09,-0.058944,10.60252360045273,58.66,160802.0,9432645.32,0.0199999999999995,58.69,58.65
2020-06-12,CINF,23473,CINCINNATI FINANCIAL CORP,,,0.040402,-0.333730813469591,0.0003277076847452,5.827859483521327e-10,0.013061,7.064134774443104,61.03,160802.0,9813746.06,0.0100000000000015,61.06,61.04
2020-06-15,CINF,23473,CINCINNATI FINANCIAL CORP,,,0.014911,0.206742158607023,0.0004843396835647,1.7561866087610158e-10,0.008312,8.524589246402408,61.94,160802.0,9960075.88,0.0150000000000005,61.95,61.92
2020-06-16,CINF,23473,CINCINNATI FINANCIAL CORP,,,0.030352,-0.1136302124862577,0.0012654223347041,3.9514179618832464e-10,0.018962,7.555938358975634,63.22,160802.0,10165902.44,0.0399999999999991,63.29,63.21
2020-06-17,CINF,23473,CINCINNATI FINANCIAL CORP,,,-0.018349,-0.171951671179661,0.0004834031582339,-2.9387665779848277e-10,-0.0036,6.256682130819269,62.06,160802.0,9979372.12,0.0150000000000005,62.08,62.05
2020-06-18,CINF,23473,CINCINNATI FINANCIAL CORP,,,0.017241,0.1500923876364568,0.0004752098843656,2.360252119275696e-10,0.000594,7.195762490516287,63.13,160802.0,10151430.26,0.0150000000000005,63.15,63.12
2020-06-19,CINF,23473,CINCINNATI FINANCIAL CORP,,,0.000634,4.7702068891610265,0.0007915149596326,1.503206793352117e-12,-0.005649,41.52103829554359,63.17,160802.0,10157862.34,0.0249999999999985,62.93,62.88
2020-06-22,CINF,23473,CINCINNATI FINANCIAL CORP,,,-0.005857,-0.7344190947997099,0.0009554140127388,-5.259677091926781e-11,0.006495,11.027194935386376,62.8,160802.0,10098365.6,0.0300000000000011,62.86,62.8
2020-06-23,CINF,23473,CINCINNATI FINANCIAL CORP,,,0.015764,-0.2459447494494401,0.0004702931493964,1.8482220945198404e-10,0.004307,8.315114239872639,63.79,160802.0,10257559.58,0.0150000000000005,63.83,63.8
2020-06-24,CINF,23473,CINCINNATI FINANCIAL CORP,,,-0.027904,0.1345873529545946,0.0008063215610384,-2.966245738643951e-10,-0.025855,9.434223454932152,62.01,160802.0,9971332.02,0.0249999999999985,62.05,62.0
2020-06-25,CINF,23473,CINCINNATI FINANCIAL CORP,,,0.027899,-0.312611648194315,0.0003137747097583,4.1973656558032954e-10,0.010959,6.484975311252348,63.74,160802.0,10249519.48,0.009999999999998,63.8,63.78
2020-06-26,CINF,23473,CINCINNATI FINANCIAL CORP,,,-0.027298,0.8333788839054965,0.0011290322580645,-2.3029639613558287e-10,-0.024227,11.889416798298528,62.0,160802.0,9969724.0,0.0350000000000001,62.01,61.94
2020-06-29,CINF,23473,CINCINNATI FINANCIAL CORP,,,0.028226,-0.4379744769703773,0.000156862745098,4.1206061988947967e-10,0.014686,6.6821556945809135,63.75,160802.0,10251127.5,0.004999999999999,63.76,63.75
2020-06-30,CINF,23473,CINCINNATI FINANCIAL CORP,,,0.004392,0.2037861189907157,0.0007808839606435,5.302997983175568e-11,0.01541,8.04398631840796,64.03,160800.0,10296024.0,0.0250000000000021,64.04,63.99
2020-07-01,CINF,23473,CINCINNATI FINANCIAL CORP,,,0.001093,-0.2023977307605183,0.0006240249609985,1.6527926918291647e-11,0.005022,6.415901741293532,64.1,160800.0,10307280.0,0.0200000000000031,64.14,64.1
2020-07-02,CINF,23473,CINCINNATI FINANCIAL CORP,,,0.012013,0.4039171174699059,0.0016956990904886,1.27856367403812e-10,0.004541,9.007394278606965,64.87,160800.0,10431096.0,0.0549999999999997,64.97,64.86
2020-07-06,CINF,23473,CINCINNATI FINANCIAL CORP,,,0.049175,0.452557289512693,0.0004407875404055,3.4342660438521915e-10,0.015882,13.083756218905473,68.06,160800.0,10944048.0,0.0150000000000005,68.09,68.06
2020-07-07,CINF,23473,CINCINNATI FINANCIAL CORP,,,0.003526,-0.0163836324332135,0.0008784773060027,2.4946944990359723e-11,-0.010819,12.869396766169157,68.3,160800.0,10982640.0,0.029999999999994,68.35,68.29
2020-07-08,CINF,23473,CINCINNATI FINANCIAL CORP,,,0.012299,-0.4727734960730144,0.0001446340757881,1.6304179840187242e-10,0.007828,6.785087064676617,69.14,160800.0,11117712.0,0.0049999999999954,69.21,69.2
2020-07-09,CINF,23473,CINCINNATI FINANCIAL CORP,,,-0.026613,0.1694471890174713,0.000445765230312,-3.0992505447835657e-10,-0.005644,7.934800995024876,67.3,160800.0,10821840.0,0.0150000000000005,67.33,67.3
2020-07-10,CINF,23473,CINCINNATI FINANCIAL CORP,,,0.047251,-0.1020506052122554,0.0005675368898977,5.851553271986186e-10,0.010466,7.125049751243781,70.48,160800.0,11333184.0,0.019999999999996,70.52,70.48
2020-07-13,CINF,23473,CINCINNATI FINANCIAL CORP,,,-0.005534,0.1843872958904013,0.0007133685261805,-5.8185585504731566e-11,-0.009363,8.438818407960198,70.09,160800.0,11270472.0,0.0249999999999985,70.13,70.08
2020-07-14,CINF,23473,CINCINNATI FINANCIAL CORP,,,0.037381,0.0106834237067803,0.0008251959840462,3.748641784604499e-10,0.013406,8.528973880597015,72.71,160800.0,11691767.999999998,0.0300000000000011,72.77,72.71
2020-07-15,CINF,23473,CINCINNATI FINANCIAL CORP,,,0.01114,-0.088829487429081,0.0001360174102283,1.2125431626290222e-10,0.009082,7.771349502487562,73.52,160800.0,11822016.0,0.0049999999999954,73.52,73.51
2020-07-16,CINF,23473,CINCINNATI FINANCIAL CORP,,,0.031148,-0.1369602115181016,0.0005276348766654,3.8096963833394325e-10,-0.003406,6.706983830845771,75.81,160800.0,12190248.0,0.0200000000000031,75.84,75.8
2020-07-17,CINF,23473,CINCINNATI FINANCIAL CORP,,,0.011212,0.0367989110630395,0.0009131228802505,1.3079960667069688e-10,0.002849,6.953793532338309,76.66,160800.0,12326928.0,0.0350000000000036,76.65,76.58
2020-07-20,CINF,23473,CINCINNATI FINANCIAL CORP,,,0.005218,0.1679252707548941,0.000908383078121,5.1850408038475314e-11,0.008407,8.12151119402985,77.06,160800.0,12391248.0,0.0350000000000036,77.12,77.05
2020-07-21,CINF,23473,CINCINNATI FINANCIAL CORP,,,0.014145,-0.1775243713527201,0.001407549584133,1.6851091619165336e-10,0.001679,6.679745024875622,78.15,160800.0,12566520.0,0.0549999999999997,78.26,78.15
2020-07-22,CINF,23473,CINCINNATI FINANCIAL CORP,,,0.026488,0.0133301927282578,0.0004986287708799,3.033678806976242e-10,0.005747,6.768787313432836,80.22,160800.0,12899376.0,0.019999999999996,80.22,80.18
2020-07-23,CINF,23473,CINCINNATI FINANCIAL CORP,,,0.030541,0.0144502908341532,0.0003628885932019,3.3458589752466467e-10,-0.01232,6.864293085655315,82.67,160854.0,13297800.18,0.0150000000000005,82.69,82.66
2020-07-24,CINF,23473,CINCINNATI FINANCIAL CORP,,,0.006774,-0.0367894188193803,0.0012014898474107,7.652729619117397e-11,-0.00619,6.6117597324281645,83.23,160854.0,13387878.42,0.0499999999999971,83.32,83.22
2020-07-27,CINF,23473,CINCINNATI FINANCIAL CORP,,,-0.009372,-0.0936364627917647,0.0012128562765313,-1.179207590454072e-10,0.007395,5.992657938254566,82.45,160854.0,13262412.3,0.0500000000000042,82.45,82.35
2020-07-28,CINF,23473,CINCINNATI FINANCIAL CORP,,,0.011522,0.5245330896121452,0.0017985611510792,9.4009904453382e-11,-0.006473,9.13600532159598,83.4,160854.0,13415223.6,0.0750000000000028,83.54,83.39
2020-07-29,CINF,23473,CINCINNATI FINANCIAL CORP,,,0.00048,-0.1393148847650628,0.0010786193672098,4.548146452071341e-12,0.012428,7.863223793004835,83.44,160854.0,13421657.76,0.0449999999999946,83.52,83.43
2020-07-30,CINF,23473,CINCINNATI FINANCIAL CORP,,,-0.043504,-0.1225768501878906,0.0008770830722967,-4.911682546587345e-10,-0.00375,6.899374588135825,79.81,160854.0,12837757.74,0.0350000000000036,79.87,79.8
2020-07-31,CINF,23473,CINCINNATI FINANCIAL CORP,,,-0.023556,1.2645234422306162,0.0014115231618118,-1.2027585662918755e-10,0.00767,15.623795491563778,77.93,160854.0,12535352.22,0.0549999999999997,77.94,77.83
2020-08-03,CINF,23473,CINCINNATI FINANCIAL CORP,,,0.006031,-0.6882561725324792,0.000127551020408,9.818767849774304e-11,0.007181,4.870621806109888,78.4,160854.0,12610953.6,0.0049999999999954,78.41,78.4
2020-08-04,CINF,23473,CINCINNATI FINANCIAL CORP,,,-0.01199,-0.0274117726645555,0.0003872966692486,-2.0314044907787738e-10,0.003612,4.737109428425778,77.46,160854.0,12459750.84,0.0150000000000005,77.45,77.42
2020-08-05,CINF,23473,CINCINNATI FINANCIAL CORP,,,0.027111,0.0966189534412185,0.0002513826043237,4.0780235792162687e-10,0.00643,5.194803983736805,79.56,160854.0,12797544.24,0.009999999999998,79.57,79.55
2020-08-06,CINF,23473,CINCINNATI FINANCIAL CORP,,,-0.001383,-0.4201829811932671,0.0005034612964129,-3.5928268689393727e-11,0.006428,3.012035759135613,79.45,160854.0,12779850.3,0.0200000000000031,79.45,79.41
2020-08-07,CINF,23473,CINCINNATI FINANCIAL CORP,,,0.027942,0.4998039207592188,0.0002448879637565,4.708346968897351e-10,0.000633,4.517463041018563,81.67,160854.0,13136946.18,0.009999999999998,81.7,81.68
2020-08-10,CINF,23473,CINCINNATI FINANCIAL CORP,,,0.021428,-0.0716519049008328,0.0003596259889714,3.8077999897619437e-10,0.002742,4.193778208810474,83.42,160854.0,13418440.68,0.0150000000000005,83.45,83.42
2020-08-11,CINF,23473,CINCINNATI FINANCIAL CORP,,,-0.003596,0.1836622758254693,0.0001203079884504,-5.4181249729832025e-11,-0.007969,4.964017058947865,83.12,160854.0,13370184.48,0.0050000000000025,83.12,83.11
2020-08-12,CINF,23473,CINCINNATI FINANCIAL CORP,,,-0.025385,0.4553127058593682,0.0001234415504259,-2.6966034396039337e-10,0.013997,7.224197097989481,81.01,160854.0,13030782.54,0.0050000000000025,81.01,81.0
2020-08-13,CINF,23473,CINCINNATI FINANCIAL CORP,,,-0.017652,-0.15967336780716,0.0003769791404875,-2.271540083839533e-10,-0.002047,6.070685217650789,79.58,160854.0,12800761.32,0.0150000000000005,79.61,79.58
2020-08-14,CINF,23473,CINCINNATI FINANCIAL CORP,,,0.00666,-0.3864488670693317,0.0007489701660217,1.3876091530940907e-10,-0.000172,3.724675792955102,80.11,160854.0,12886013.94,0.0300000000000011,80.16,80.1
2020-08-17,CINF,23473,CINCINNATI FINANCIAL CORP,,,-0.023468,-0.0707043057505144,0.0006391409945033,-5.388011113787248e-10,0.00271,3.4613251768684647,78.23,160854.0,12583608.42,0.0249999999999985,78.27,78.22
2020-08-18,CINF,23473,CINCINNATI FINANCIAL CORP,,,0.009587,-0.0217289786769354,0.0003798429982274,2.2286000844585267e-10,0.002303,3.38611411590635,78.98,160854.0,12704248.92,0.0150000000000005,78.99,78.96
2020-08-19,CINF,23473,CINCINNATI FINANCIAL CORP,,,-0.009749,-0.177114583142086,0.0007671653241273,-2.781153524466898e-10,-0.004404,2.786383925796064,78.21,160854.0,12580391.34,0.0300000000000011,78.27,78.21
2020-08-20,CINF,23473,CINCINNATI FINANCIAL CORP,,,-0.002941,-0.0922599458724992,0.0006411900487304,-9.269951742982596e-11,0.003159,2.529312295622117,77.98,160854.0,12543394.92,0.0249999999999985,78.02,77.97
2020-08-21,CINF,23473,CINCINNATI FINANCIAL CORP,,,-0.008207,-0.0537667445004301,0.0003878975950349,-2.756434887504828e-10,0.003441,2.3933194076616062,77.34,160854.0,12440448.36,0.0150000000000005,77.37,77.34
2020-08-24,CINF,23473,CINCINNATI FINANCIAL CORP,,,0.028187,0.2230534450288979,0.0005030181086519,7.528258465403385e-10,0.010044,2.927157546595049,79.52,160854.0,12791110.08,0.0200000000000031,79.56,79.52
2020-08-25,CINF,23473,CINCINNATI FINANCIAL CORP,,,-0.002138,-0.1610083997918635,0.0005040957781977,-6.820641043116558e-11,0.003596,2.4558605940791027,79.35,160854.0,12763764.9,0.019999999999996,79.38,79.34
2020-08-26,CINF,23473,CINCINNATI FINANCIAL CORP,,,-0.010712,-0.0323540952067538,0.0002547770700638,-3.5698409624520506e-10,0.010196,2.3764034466037525,78.5,160854.0,12627039.0,0.0100000000000051,78.51,78.49
2020-08-27,CINF,23473,CINCINNATI FINANCIAL CORP,,,0.024968,0.0574644084823179,0.0008699975142929,7.676900816692125e-10,0.001673,2.5129620649781788,80.46,160854.0,12942312.84,0.0350000000000036,80.53,80.46
2020-08-28,CINF,23473,CINCINNATI FINANCIAL CORP,,,-0.00087,-0.1191801494235812,0.0004975743251648,-3.039571282375786e-11,0.006733,2.2134668705782885,80.39,160854.0,12931053.06,0.0200000000000031,80.43,80.39
2020-08-31,CINF,23473,CINCINNATI FINANCIAL CORP,,,-0.012191,0.6361471162353074,0.0010074297947361,-2.6353414491205703e-10,-0.002195,3.6215574371790566,79.41,160854.0,12773416.14,0.0399999999999991,79.41,79.33
2020-09-01,CINF,23473,CINCINNATI FINANCIAL CORP,,,0.00743,-0.049292583195718,0.000125,1.6769677173557807e-10,0.007525,3.443041515908837,80.0,160854.0,12868320.0,0.0050000000000025,80.01,80.0
2020-09-02,CINF,23473,CINCINNATI FINANCIAL CORP,,,0.020875,0.0438024870582329,0.0007346638912697,4.4215188081173355e-10,0.015366,3.5938552973503923,81.67,160854.0,13136946.18,0.0300000000000011,81.67,81.61
2020-09-03,CINF,23473,CINCINNATI FINANCIAL CORP,,,-0.013224,-0.0926834415640579,0.0011167638664847,-3.1284584848022037e-10,-0.035126,3.260764419908737,80.59,160854.0,12963223.86,0.0450000000000017,80.67,80.58
2020-09-04,CINF,23473,CINCINNATI FINANCIAL CORP,,,0.00608,0.198735193238603,0.0009866798223976,1.1926562676795842e-10,-0.008133,3.908793067004861,81.08,160854.0,13042042.32,0.0399999999999991,81.16,81.08
2020-09-08,CINF,23473,CINCINNATI FINANCIAL CORP,,,-0.023804,0.1138696928007378,0.0002526847757422,-4.2942773522637517e-10,-0.027756,4.35388613276636,79.15,160854.0,12731594.1,0.009999999999998,79.17,79.15
2020-09-09,CINF,23473,CINCINNATI FINANCIAL CORP,,,-0.003917,0.1191249964303053,0.0008878741755453,-6.338980677976436e-11,0.020145,4.872542802790107,78.84,160854.0,12681729.36,0.0349999999999965,78.86,78.79
2020-09-10,CINF,23473,CINCINNATI FINANCIAL CORP,,,-0.020421,0.0761960171887599,0.0007769001683283,-3.1348160529913963e-10,-0.017585,5.243811157944472,77.23,160854.0,12422754.42,0.0300000000000011,77.28,77.22
2020-09-11,CINF,23473,CINCINNATI FINANCIAL CORP,,,-0.004014,-0.1916506221783831,0.000130005200208,-7.653499810583317e-11,0.000533,4.238831486938466,76.92,160854.0,12372889.68,0.0050000000000025,76.92,76.91
2020-09-14,CINF,23473,CINCINNATI FINANCIAL CORP,,,0.00975,0.0707093965824476,0.0006437491953136,1.7194980184253522e-10,0.012742,4.538556703594564,77.67,160854.0,12493530.18,0.0250000000000056,77.68,77.63
2020-09-15,CINF,23473,CINCINNATI FINANCIAL CORP,,,-0.014034,-0.3205131190543049,0.0005264543300867,-3.7235010101878924e-10,0.005219,3.083889738520646,75.98,160854.0,12221686.92,0.019999999999996,76.02,75.98
2020-09-16,CINF,23473,CINCINNATI FINANCIAL CORP,,,0.016057,0.402305384875901,0.0006476683937825,2.990017969231488e-10,-0.004619,4.324555186691037,77.2,160854.0,12417928.8,0.0250000000000056,77.26,77.21
2020-09-17,CINF,23473,CINCINNATI FINANCIAL CORP,,,0.003109,0.2067818441624904,0.000129132231405,4.7824815291426015e-11,-0.008412,5.218794683377473,77.44,160854.0,12456533.76,0.0050000000000025,77.45,77.44
2020-09-18,CINF,23473,CINCINNATI FINANCIAL CORP,,,0.007361,1.0691727102055597,0.0006409434687861,5.432349727614959e-11,-0.011183,10.798587539010532,78.01,160854.0,12548220.54,0.0250000000000056,78.01,77.96
2020-09-21,CINF,23473,CINCINNATI FINANCIAL CORP,,,-0.032944,-0.3418689507632717,0.0005302226935313,-3.820000773220847e-10,-0.011571,7.10688574732366,75.44,160854.0,12134825.76,0.0200000000000031,75.48,75.44
2020-09-22,CINF,23473,CINCINNATI FINANCIAL CORP,,,0.005832,-0.1511471162232072,0.0003953610964681,7.920389985139915e-11,0.010518,6.032700461287876,75.88,160854.0,12205601.52,0.0150000000000005,75.88,75.85
2020-09-23,CINF,23473,CINCINNATI FINANCIAL CORP,,,-0.012256,0.8484455638180348,0.001067378252168,-9.116472425863089e-11,-0.023721,11.151118405510587,74.95,160854.0,12056007.3,0.0399999999999991,75.0,74.92
2020-09-24,CINF,23473,CINCINNATI FINANCIAL CORP,,,0.018145,-0.6677212825764816,0.0005241776962389,3.9895388736819027e-10,0.002987,3.7052793216208486,76.31,160854.0,12274768.74,0.019999999999996,76.35,76.31
2020-09-25,CINF,23473,CINCINNATI FINANCIAL CORP,,,0.007339,0.0500277680370597,0.0001300897619358,1.5255498538673111e-10,0.015977,3.890646176035411,76.87,160854.0,12364846.98,0.0050000000000025,76.89,76.88
2020-09-28,CINF,23473,CINCINNATI FINANCIAL CORP,,,0.027969,0.262664063174109,0.0007593014426727,4.4791797539622253e-10,0.016111,4.912579109005682,79.02,160854.0,12710683.08,0.0300000000000011,79.09,79.03
2020-09-29,CINF,23473,CINCINNATI FINANCIAL CORP,,,-0.0143,-0.2741594618125861,0.0002567723712927,-3.200896942358529e-10,-0.004813,3.565749064368931,77.89,160854.0,12528918.06,0.009999999999998,77.91,77.89
2020-09-30,CINF,23473,CINCINNATI FINANCIAL CORP,,,0.001027,0.3666367368999155,0.0002565089136846,1.680378733019747e-11,0.008254,4.874720149253731,77.97,160800.0,12537576.0,0.009999999999998,78.0,77.98
2020-10-01,CINF,23473,CINCINNATI FINANCIAL CORP,,,-0.018982,-0.1544456564032889,0.0003922081317819,-3.744208719821924e-10,0.005293,4.1218407960199,76.49,160800.0,12299592.0,0.0150000000000005,76.52,76.49
2020-10-02,CINF,23473,CINCINNATI FINANCIAL CORP,,,0.016865,-0.2558464797402503,0.0005142710208278,4.3962118076674976e-10,-0.009572,3.0672823383084578,77.78,160800.0,12507024.0,0.019999999999996,77.82,77.78
2020-10-05,CINF,23473,CINCINNATI FINANCIAL CORP,,,0.054641,0.6897057899229349,0.0007314397171766,7.99272805537369e-10,0.017976,5.182804726368159,82.03,160800.0,13190424.0,0.0300000000000011,82.09,82.03
2020-10-06,CINF,23473,CINCINNATI FINANCIAL CORP,,,-0.025722,-0.1259618788209672,0.0006256256256255,-4.4184301459303886e-10,-0.013988,4.529968905472637,79.92,160800.0,12851136.0,0.0249999999999985,79.96,79.91
2020-10-07,CINF,23473,CINCINNATI FINANCIAL CORP,,,-0.006006,-0.0490157450588191,0.0008811681772405,-1.0914189761626464e-10,0.017406,4.307929104477612,79.44,160800.0,12773952.0,0.0349999999999965,79.5,79.43
2020-10-08,CINF,23473,CINCINNATI FINANCIAL CORP,,,0.015106,-0.3917888309044846,0.0001240079365078,4.4462100719621766e-10,0.008007,2.6201305970149256,80.64,160800.0,12966912.0,0.0049999999999954,80.63,80.62
2020-10-09,CINF,23473,CINCINNATI FINANCIAL CORP,,,-0.011781,0.4011468799027811,0.0007529175555276,-2.504296127872484e-10,0.008791,3.671187810945274,79.69,160800.0,12814152.0,0.0300000000000011,79.75,79.69
2020-10-12,CINF,23473,CINCINNATI FINANCIAL CORP,,,0.019199,-0.1738172233355411,0.0011081014528441,4.846707818214259e-10,0.016419,3.0330721393034827,81.22,160800.0,13060176.0,0.0450000000000017,81.3,81.21
2020-10-13,CINF,23473,CINCINNATI FINANCIAL CORP,,,-0.025486,0.11873049590132,0.0007580543272266,-5.901419651378949e-10,-0.006307,3.393190298507463,79.15,160800.0,12727320.0,0.029999999999994,79.21,79.15
2020-10-14,CINF,23473,CINCINNATI FINANCIAL CORP,,,-0.004801,-0.2953548682703322,0.0010156150818839,-1.5852805952465072e-10,-0.006623,2.3909950248756218,78.77,160800.0,12666216.0,0.0399999999999991,78.85,78.77
2020-10-15,CINF,23473,CINCINNATI FINANCIAL CORP,,,0.000635,0.5929066355937493,0.0005074854097945,1.3154739627331192e-11,-0.001528,3.80863184079602,78.82,160800.0,12674255.999999998,0.0200000000000031,78.86,78.82
2020-10-16,CINF,23473,CINCINNATI FINANCIAL CORP,,,-0.003045,-0.1246187306916077,0.001272588444897,-7.228080563451995e-11,0.000135,3.3340049751243783,78.58,160800.0,12635664.0,0.0500000000000042,78.68,78.58
2020-10-19,CINF,23473,CINCINNATI FINANCIAL CORP,,,-0.011581,-0.1624187663679706,0.0015449980687524,-3.320576807513779e-10,-0.01633,2.7925,77.67,160800.0,12489336.0,0.0600000000000022,77.79,77.67
2020-10-20,CINF,23473,CINCINNATI FINANCIAL CORP,,,0.027681,0.247034745698544,0.0001252818842396,6.193159590819144e-10,0.004727,3.482344527363184,79.82,160800.0,12835055.999999998,0.0050000000000025,79.83,79.82
2020-10-21,CINF,23473,CINCINNATI FINANCIAL CORP,,,0.056001,0.1624309550129383,0.0003559141060624,1.0206921657889634e-09,-0.002196,4.047985074626865,84.29,160800.0,13553832.000000002,0.0150000000000005,84.3,84.27
2020-10-22,CINF,23473,CINCINNATI FINANCIAL CORP,,,-0.089572,1.7805446478501068,0.0006515506906436,-6.4490487007124e-10,0.005219,11.24881756651771,76.74,160897.0,12347235.78,0.0249999999999985,76.8,76.75
2020-10-23,CINF,23473,CINCINNATI FINANCIAL CORP,,,0.008601,-0.1222840365301748,0.0002583979328164,6.995184438907471e-11,0.003446,9.873266748292384,77.4,160897.0,12453427.8,0.009999999999998,77.39,77.37
2020-10-26,CINF,23473,CINCINNATI FINANCIAL CORP,,,-0.007623,-0.3288920475468957,0.0003905741439916,-9.309084069182744e-11,-0.01859,6.626027831469822,76.81,160897.0,12358498.57,0.0150000000000005,77.0,76.97
2020-10-27,CINF,23473,CINCINNATI FINANCIAL CORP,,,-0.038537,0.1164816322548936,0.0010832769126609,-4.3840411142672377e-10,-0.003026,7.39783836864578,73.85,160897.0,11882243.45,0.0400000000000062,73.93,73.85
2020-10-28,CINF,23473,CINCINNATI FINANCIAL CORP,,,-0.03629,0.0106184207210007,0.0015455950540958,-4.238869120374864e-10,-0.035288,7.476391728870023,71.17,160897.0,11451039.49,0.0549999999999997,71.27,71.16
2020-10-29,CINF,23473,CINCINNATI FINANCIAL CORP,,,0.006744,-0.302105111773014,0.0004187020237264,1.1211697061135736e-10,0.011947,5.217735569960906,71.65,160897.0,11528270.05,0.0150000000000005,71.68,71.65
2020-10-30,CINF,23473,CINCINNATI FINANCIAL CORP,,,-0.012701,0.5517773293723303,0.0012722646310431,-1.3782038080173794e-10,-0.01213,8.09676376812495,70.74,160897.0,11381853.78,0.0449999999999946,70.85,70.76
2020-11-02,CINF,23473,CINCINNATI FINANCIAL CORP,,,0.020922,-0.5476812422999129,0.0012461921905289,4.916337628438132e-10,0.012318,3.6623181289893534,72.22,160897.0,11619981.34,0.0450000000000017,72.22,72.13
2020-11-03,CINF,23473,CINCINNATI FINANCIAL CORP,,,0.020354,0.1306206470532331,0.000949925363007,4.1459139905862756e-10,0.017799,4.140692492712729,73.69,160897.0,11856499.93,0.0349999999999965,73.69,73.62
2020-11-04,CINF,23473,CINCINNATI FINANCIAL CORP,,,-0.018999,0.1609171075837743,0.0004149951583896,-3.3980548232846867e-10,0.022047,4.80700075203391,72.29,160897.0,11631244.13,0.0149999999999934,72.32,72.29
2020-11-05,CINF,23473,CINCINNATI FINANCIAL CORP,,,0.031263,-0.3884426814509872,0.000804828973843,8.86591775907986e-10,0.01946,2.9397564901769453,74.55,160897.0,11994871.35,0.0300000000000011,74.56,74.5
2020-11-06,CINF,23473,CINCINNATI FINANCIAL CORP,,,-0.004024,-0.1184127628446631,0.0006734006734008,-1.2996814351286528e-10,-0.000288,2.591651802084564,74.25,160897.0,11946602.25,0.0250000000000056,74.26,74.21
2020-11-09,CINF,23473,CINCINNATI FINANCIAL CORP,,,0.154613,2.284604629858342,0.0017496792254752,1.3167565395991812e-09,0.0117,8.512551508107672,85.73,160897.0,13793699.81,0.0749999999999957,85.74,85.59
2020-11-10,CINF,23473,CINCINNATI FINANCIAL CORP,,,0.010615,-0.2860626556973928,0.0009233610341643,1.2529500452086566e-10,-0.0014,6.077428416937544,86.64,160897.0,13940116.08,0.0399999999999991,86.75,86.67
2020-11-11,CINF,23473,CINCINNATI FINANCIAL CORP,,,-0.024469,-0.1683404237912132,0.0003549455750118,-3.559945433626611e-10,0.007652,5.054351541669515,84.52,160897.0,13599014.44,0.0150000000000005,84.55,84.52
2020-11-12,CINF,23473,CINCINNATI FINANCIAL CORP,,,-0.018102,-0.2942218068689054,0.0006024822267744,-3.800311265268856e-10,-0.009979,3.5672510985288723,82.99,160897.0,13352842.03,0.0250000000000056,83.04,82.99
2020-11-13,CINF,23473,CINCINNATI FINANCIAL CORP,,,-0.050729,3.373789114223988,0.0007616146230007,-2.5650796698909884e-10,0.01361,15.602404022449145,78.78,160897.0,12675465.66,0.0300000000000011,78.79,78.73
2020-11-16,CINF,23473,CINCINNATI FINANCIAL CORP,,,0.013455,-0.4770118468120364,0.000125250501002,1.2836063482278255e-10,0.011648,8.159872464993132,79.84,160897.0,12846016.48,0.0050000000000025,79.84,79.83
2020-11-17,CINF,23473,CINCINNATI FINANCIAL CORP,,,-0.001691,-0.2869200144108572,0.0001254626434977,-2.266149080593145e-11,-0.004792,5.818641739746546,79.705,160897.0,12824295.385,0.0049999999999954,79.71,79.7
2020-11-18,CINF,23473,CINCINNATI FINANCIAL CORP,,,-0.002572,-0.3906955977449311,0.0008805031446541,-5.6715263621012906e-11,-0.011564,3.545324027172663,79.5,160897.0,12791311.5,0.0350000000000036,79.54,79.47
2020-11-19,CINF,23473,CINCINNATI FINANCIAL CORP,,,-0.014465,0.4504358100527319,0.0002552648372687,-2.231398018486936e-10,0.003946,5.142264927251596,78.35,160897.0,12606279.95,0.0100000000000051,78.34,78.32
2020-11-20,CINF,23473,CINCINNATI FINANCIAL CORP,,,-0.012125,-0.0042278289771868,0.0001291989664081,-1.901421532219322e-10,-0.006793,5.120524310583789,77.4,160897.0,12453427.8,0.0049999999999954,77.41,77.4
2020-11-23,CINF,23473,CINCINNATI FINANCIAL CORP,,,0.002972,-0.1568146701510056,0.0002576323586241,5.511042981103923e-11,0.005636,4.317550979819387,77.63,160897.0,12490434.11,0.009999999999998,77.63,77.61
2020-11-24,CINF,23473,CINCINNATI FINANCIAL CORP,,,0.024862,0.239108310145232,0.0002513826043237,3.630334118681109e-10,0.016162,5.349913298569892,79.56,160897.0,12800965.32,0.009999999999998,79.55,79.53
2020-11-25,CINF,23473,CINCINNATI FINANCIAL CORP,,,-0.012946,-0.377109266541587,0.0001273398701133,-3.0746341371514935e-10,-0.001584,3.3324114184851177,78.53,160897.0,12635241.41,0.0050000000000025,78.51,78.5
2020-11-27,CINF,23473,CINCINNATI FINANCIAL CORP,,,-0.009168,-0.3116911456147713,0.0010281454825857,-3.1926350155893464e-10,0.002397,2.2937282857977466,77.81,160897.0,12519395.57,0.0399999999999991,77.81,77.73
2020-11-30,CINF,23473,CINCINNATI FINANCIAL CORP,,,-0.018764,7.6189473627165665,0.0005239030779304,-7.726311929685502e-11,-0.004595,19.76952335966488,76.35,160897.0,12284485.95,0.019999999999996,76.41,76.37
2020-12-01,CINF,23473,CINCINNATI FINANCIAL CORP,,,0.047806,-0.6529667947977542,0.000125,5.413488811564479e-10,0.011271,6.8606810568251735,80.0,160897.0,12871760.0,0.0050000000000025,79.98,79.97
2020-12-02,CINF,23473,CINCINNATI FINANCIAL CORP,,,-0.000875,-0.226404001221166,0.0006255473539346,-1.2819433936952688e-11,0.001791,5.307395414457696,79.93,160897.0,12860497.21,0.0249999999999985,79.96,79.91
2020-12-03,CINF,23473,CINCINNATI FINANCIAL CORP,,,0.022144,0.0032133254639648,0.0006119951040391,3.1638168350305663e-10,-0.000624,5.324449803290304,81.7,160897.0,13145284.9,0.0249999999999985,81.7,81.65
2020-12-04,CINF,23473,CINCINNATI FINANCIAL CORP,,,0.015422,0.031020628280074,0.0002410800385729,2.104659854918533e-10,0.008836,5.489617581434085,82.96,160897.0,13348015.12,0.0100000000000051,82.98,82.96
2020-12-07,CINF,23473,CINCINNATI FINANCIAL CORP,,,-0.03351,-0.4113067115909984,0.0009977550511351,-8.037653004574304e-10,-0.001936,3.231701026122302,80.18,160897.0,12900721.46,0.0400000000000062,80.18,80.1
2020-12-08,CINF,23473,CINCINNATI FINANCIAL CORP,,,0.01347,-0.2118329676078089,0.0007383706620722,4.0447658906077937e-10,0.002787,2.5471202073376134,81.26,160897.0,13074490.22,0.029999999999994,81.32,81.26
2020-12-09,CINF,23473,CINCINNATI FINANCIAL CORP,,,0.000861,0.2030139767314749,0.0013525144473134,2.1472584390817963e-11,-0.007949,3.0642212098423216,81.33,160897.0,13085753.01,0.0549999999999997,81.41,81.3
2020-12-10,CINF,23473,CINCINNATI FINANCIAL CORP,,,-0.004426,0.22509654702408,0.0004940101272076,-9.050006552217012e-11,-0.001285,3.7539668234957766,80.97,160897.0,13027830.09,0.0200000000000031,81.01,80.97
2020-12-11,CINF,23473,CINCINNATI FINANCIAL CORP,,,-0.00988,-0.0902712242674693,0.0006236746912809,-2.2428217143749357e-10,-0.001265,3.41509164247935,80.17,160897.0,12899112.49,0.0249999999999985,80.17,80.12
2020-12-14,CINF,23473,CINCINNATI FINANCIAL CORP,,,-0.006985,0.7412435074743666,0.0007536741615375,-9.170414532046728e-11,-0.004359,5.946506149897139,79.61,160897.0,12809010.17,0.0300000000000011,79.61,79.55
2020-12-15,CINF,23473,CINCINNATI FINANCIAL CORP,,,0.024118,-0.154067570745473,0.0004942542938342,3.682020967834337e-10,0.012921,5.030342392959471,80.93,160897.0,13021394.21,0.0200000000000031,80.93,80.89
2020-12-16,CINF,23473,CINCINNATI FINANCIAL CORP,,,0.013716,0.2305888428858602,0.0010970258410531,1.67858507925216e-10,0.001773,6.190283224671685,82.04,160897.0,13199989.88,0.0450000000000017,82.09,82.0
2020-12-17,CINF,23473,CINCINNATI FINANCIAL CORP,,,0.027426,-0.0843084022257072,0.0003559141060624,3.5676210875582555e-10,0.005758,5.668390336675016,84.29,160897.0,13562008.13,0.0150000000000005,84.29,84.26
2020-12-18,CINF,23473,CINCINNATI FINANCIAL CORP,,,-0.01483,1.762826100543076,0.0004816955684006,-7.087491724830093e-11,-0.003511,15.660776770231887,83.04,160897.0,13360886.88,0.019999999999996,83.1,83.06
2020-12-21,CINF,23473,CINCINNATI FINANCIAL CORP,,,0.012163,-0.6733716383863302,0.0005948839976204,1.7582792497123923e-10,-0.003906,5.115253858058261,84.05,160897.0,13523392.85,0.0249999999999985,84.1,84.05
2020-12-22,CINF,23473,CINCINNATI FINANCIAL CORP,,,-0.001071,5.072013258342051,0.0008337303477847,-2.5525202230631318e-12,-0.002073,31.059889245915087,83.96,160897.0,13508912.12,0.0350000000000036,84.03,83.96
2020-12-23,CINF,23473,CINCINNATI FINANCIAL CORP,,,0.020843,-0.756905281360888,0.0008167075020418,2.001729365864741e-10,0.000746,7.55049503719771,85.71,160897.0,13790481.87,0.0350000000000036,85.78,85.71
2020-12-24,CINF,23473,CINCINNATI FINANCIAL CORP,,,-0.0056,-0.8137797855211992,0.001173295787868,-2.90432586839123e-10,0.003537,1.406054805248078,85.23,160897.0,13713251.31,0.0499999999999971,85.32,85.22
2020-12-28,CINF,23473,CINCINNATI FINANCIAL CORP,,,0.025109,1.584259382044822,0.0003433672885429,4.915648084780606e-10,0.008723,3.63361032213155,87.37,160897.0,14057570.89,0.0150000000000005,87.4,87.37
2020-12-29,CINF,23473,CINCINNATI FINANCIAL CORP,,,-0.013048,0.2375970046370654,0.000347906760988,-2.091317709966044e-10,-0.002227,4.496945250688329,86.23,160897.0,13874148.31,0.0150000000000005,86.26,86.23
2020-12-30,CINF,23473,CINCINNATI FINANCIAL CORP,,,0.002667,-0.4347373003752358,0.0009252833680314,7.542093454349779e-11,0.001342,2.5419554124688464,86.46,160897.0,13911154.62,0.0399999999999991,86.53,86.45
2020-12-31,CINF,23473,CINCINNATI FINANCIAL CORP,,,0.010525,0.0860234771744259,0.0011445576284766,2.7120936384937833e-10,0.006439,2.760571783716594,87.37,160900.0,14057833.0,0.0500000000000042,87.37,87.27
