date,TICKER,PERMNO,COMNAM,SHRCLS,NAMEENDT,RET,VOL_CHANGE,BA_SPREAD,ILLIQUIDITY,sprtrn,TURNOVER,PRC,SHROUT,MARKET_CAP,TRAN_COST,ASK,BID
2007-12-07,KIM,77129,KIMCO REALTY CORP,,,-0.001478,0.2144794149067301,0.0022205773501111,-2.4674751136854095e-11,-0.001778,5.848228594945174,40.53,252709.0,10242295.77,0.0450000000000017,40.52,40.43
2007-12-10,KIM,77129,KIMCO REALTY CORP,,,0.031088,-0.2222748494485418,0.0004785833931563,6.472159616513718e-10,0.00751,4.548314464463078,41.79,252709.0,10560709.11,0.0100000000000015,41.77,41.75
2007-12-11,KIM,77129,KIMCO REALTY CORP,,,-0.072027,1.2629197842352533,0.001031459515214,-7.140804931018913e-10,-0.025271,10.29247078655687,38.78,252709.0,9800055.02,0.0199999999999995,38.72,38.68
2007-12-12,KIM,77129,KIMCO REALTY CORP,,,0.005673,-0.2020376778162245,0.001025641025641,7.00850582806738e-11,0.00605,8.21300388984959,39.0,252709.0,9855651.0,0.0199999999999995,38.98,38.94
2007-12-13,KIM,77129,KIMCO REALTY CORP,,,-0.007692,-0.3169838593110093,0.0007751937984496,-1.4020858487759635e-10,0.001224,5.609614220308735,38.7,252709.0,9779838.3,0.0150000000000005,38.74,38.71
2007-12-14,KIM,77129,KIMCO REALTY CORP,,,-0.035917,0.3541901805869074,0.0,-5.014659400443763e-10,-0.013746,7.59648449402277,37.31,252709.0,9428572.79,0.0,37.34,37.34
2007-12-17,KIM,77129,KIMCO REALTY CORP,,,-0.041276,-0.059748919101943,0.0013978194017334,-6.39295220232061e-10,-0.015021,7.142602756530239,35.77,252709.0,9039400.930000002,0.0250000000000021,35.77,35.72
2007-12-18,KIM,77129,KIMCO REALTY CORP,,,0.004473,0.0284210526315789,0.0013915947676035,6.706462743620355e-11,0.00628,7.345603045400045,35.93,252709.0,9079834.37,0.0249999999999985,36.07,36.02
2007-12-19,KIM,77129,KIMCO REALTY CORP,,,0.014194,-0.0684156655712977,0.0005488474204172,2.2524548329962008e-10,-0.001361,6.843048724026449,36.44,252709.0,9208715.96,0.0100000000000015,36.5,36.48
2007-12-20,KIM,77129,KIMCO REALTY CORP,,,0.009056,-0.1963800381657318,0.0005439216752786,1.772236702642458e-10,0.0049,5.499210554432173,36.77,252709.0,9292109.930000002,0.009999999999998,36.83,36.81
2007-12-21,KIM,77129,KIMCO REALTY CORP,,,0.020669,0.1728430596531625,0.0010658140154542,3.3789358067097663e-10,0.01667,6.449710932337194,37.53,252709.0,9484168.77,0.0199999999999995,37.5,37.46
2007-12-24,KIM,77129,KIMCO REALTY CORP,,,0.047962,-0.7034173875697896,0.0007627765064836,2.522706302852464e-09,0.008077,1.9128721177322532,39.33,252709.0,9939044.97,0.0150000000000005,39.32,39.29
2007-12-26,KIM,77129,KIMCO REALTY CORP,,,-0.031528,1.4172527927182457,0.0021002887897085,-7.083644090921293e-10,0.000809,4.623895468701154,38.09,252709.0,9625685.81,0.0399999999999991,38.17,38.09
2007-12-27,KIM,77129,KIMCO REALTY CORP,,,-0.031242,-0.0185708172871202,0.0032520325203253,-7.382862457853736e-10,-0.014216,4.538025950797162,36.9,252709.0,9324962.1,0.0600000000000022,37.1,36.98
2007-12-28,KIM,77129,KIMCO REALTY CORP,,,-0.012737,-0.1291419602371817,0.0013877324451846,-3.5397112554953136e-10,0.001436,3.951976383904016,36.03,252709.0,9105105.27,0.0250000000000021,36.1,36.05
2007-12-31,KIM,77129,KIMCO REALTY CORP,,,0.010269,0.2341043356363272,0.0016483516483517,2.2889686378530192e-10,-0.006852,4.877151189708321,36.4,252709.0,9198607.6,0.0300000000000011,36.38,36.32
2008-01-02,KIM,77129,KIMCO REALTY CORP,,,0.000824,0.2749695740365112,0.0010979961570134,1.4393993149088123e-11,-0.014438,6.2182193748540815,36.43,252709.0,9206188.87,0.0199999999999995,36.51,36.47
2008-01-03,KIM,77129,KIMCO REALTY CORP,,,-0.02992,0.1422298587247041,0.000848896434635,-4.71687955211589e-10,0.0,7.102635838058795,35.34,252709.0,8930736.06,0.0150000000000005,35.32,35.29
2008-01-04,KIM,77129,KIMCO REALTY CORP,,,-0.044426,0.6688394896651624,0.0005922416345867,-4.3918887057084405e-10,-0.024552,11.853159167263533,33.77,252709.0,8533982.930000002,0.009999999999998,33.72,33.7
2008-01-07,KIM,77129,KIMCO REALTY CORP,,,0.01451,-0.2130266408493022,0.0014594279042616,1.796657098446086e-10,0.003223,9.328120486409269,34.26,252709.0,8657810.34,0.0250000000000021,34.34,34.29
2008-01-08,KIM,77129,KIMCO REALTY CORP,,,-0.039405,0.0535358248844015,0.0006077180188393,-4.821245929607607e-10,-0.018352,9.827509111270276,32.91,252709.0,8316653.189999999,0.0100000000000015,32.93,32.91
2008-01-09,KIM,77129,KIMCO REALTY CORP,,,-0.001215,0.6186027783370243,0.0003042287800425,-9.195431806352287e-12,0.013624,15.906833551634488,32.87,252709.0,8306544.829999999,0.004999999999999,32.94,32.93
2008-01-10,KIM,77129,KIMCO REALTY CORP,,,0.006389,-0.0610229364645007,0.0012091898428052,5.1169121113281176e-11,0.007948,14.93615185846171,33.08,252709.0,8359613.72,0.0199999999999995,33.05,33.01
2008-01-11,KIM,77129,KIMCO REALTY CORP,,,-0.015115,-0.2963306398198436,0.0012277470841006,-1.7467429570954166e-10,-0.013595,10.510112421797404,32.58,252709.0,8233259.22,0.0199999999999995,32.6,32.56
2008-01-14,KIM,77129,KIMCO REALTY CORP,,,-0.022406,0.1806099397590361,0.0015698587127157,-2.2434706328482607e-10,0.010871,12.40834319315893,31.85,252709.0,8048781.65,0.0249999999999985,31.9,31.85
2008-01-15,KIM,77129,KIMCO REALTY CORP,,,-0.043328,-0.0958637624772777,0.0016409583196587,-5.015656736917309e-10,-0.024925,11.218832728553396,30.47,252709.0,7700043.229999999,0.0250000000000003,30.53,30.48
2008-01-16,KIM,77129,KIMCO REALTY CORP,,,0.028225,0.1484956438926317,0.0009575486753909,2.766787605101292e-10,-0.005612,12.884780518303662,31.33,252709.0,7917372.97,0.0149999999999987,31.33,31.3
2008-01-17,KIM,77129,KIMCO REALTY CORP,,,-0.013086,-0.092718282608028,0.000646830530401,-1.4326085439083244e-10,-0.029093,11.69012579686517,30.92,252709.0,7813762.28,0.0099999999999997,30.99,30.97
2008-01-18,KIM,77129,KIMCO REALTY CORP,,,-0.007115,-0.0143862974747817,0.0022801302931596,-7.959575425171656e-11,-0.006045,11.521948169633848,30.7,252709.0,7758166.3,0.0350000000000001,30.8,30.73
2008-01-22,KIM,77129,KIMCO REALTY CORP,,,0.054723,0.5916131469588213,0.0003088326127238,3.6467745001597176e-10,-0.011085,18.33848418536736,32.38,252709.0,8182717.420000001,0.004999999999999,32.37,32.36
2008-01-23,KIM,77129,KIMCO REALTY CORP,,,0.096973,0.2207021556653647,0.0008445945945946,4.825963339380107e-10,0.021442,22.385827176713136,35.52,252709.0,8976223.680000002,0.0150000000000005,35.53,35.5
2008-01-24,KIM,77129,KIMCO REALTY CORP,,,-0.010417,-0.0091389581234201,0.0005689900426741,-5.2870172285097365e-11,0.010063,22.181244039587035,35.15,252709.0,8882721.35,0.009999999999998,35.22,35.2
2008-01-25,KIM,77129,KIMCO REALTY CORP,,,-0.008819,-0.5327541299461234,0.0011481056257175,-9.664716422820064e-11,-0.015872,10.36409467015421,34.84,252709.0,8804381.56,0.0199999999999995,34.9,34.86
2008-01-28,KIM,77129,KIMCO REALTY CORP,,,0.032147,0.0587606429689588,0.00055617352614,3.2238208339032794e-10,0.017556,10.97309553676363,35.96,252709.0,9087415.64,0.009999999999998,35.97,35.95
2008-01-29,KIM,77129,KIMCO REALTY CORP,,,-0.010289,-0.488856833754057,0.0011239112110143,-2.039636385305213e-10,0.006152,5.608822796180587,35.59,252709.0,8993913.31,0.0199999999999995,35.66,35.62
2008-01-30,KIM,77129,KIMCO REALTY CORP,,,-0.013206,0.611048398476083,0.0002847380410022,-1.6467048694881023e-10,-0.004764,9.03608498312288,35.12,252709.0,8875140.08,0.004999999999999,35.03,35.02
2008-01-31,KIM,77129,KIMCO REALTY CORP,,,0.020786,0.1157433763958835,0.000836820083682,2.2757074416377823e-10,0.016772,10.081951968469662,35.85,252709.0,9059617.65,0.0150000000000005,35.85,35.82
2008-02-01,KIM,77129,KIMCO REALTY CORP,,,0.042399,-0.1573906900070649,0.0016055659620014,5.284950563855201e-10,0.012238,8.495146591534136,37.37,252709.0,9443735.33,0.0299999999999975,37.44,37.38
2008-02-04,KIM,77129,KIMCO REALTY CORP,,,-0.02007,-0.2308086454257499,0.0010922992900054,-3.318967896567797e-10,-0.010463,6.534393314048965,36.62,252709.0,9254203.58,0.0199999999999995,36.71,36.67
2008-02-05,KIM,77129,KIMCO REALTY CORP,,,-0.037138,0.3127233089081329,0.0011344299489506,-4.858889542387014e-10,-0.031995,8.577850412925539,35.26,252709.0,8910519.34,0.0199999999999995,35.39,35.35
2008-02-06,KIM,77129,KIMCO REALTY CORP,,,-0.009643,0.4275499377220095,0.0011454753722794,-8.923751021886557e-11,-0.007624,12.245309822760566,34.92,252709.0,8824598.280000001,0.0199999999999995,34.87,34.83
2008-02-07,KIM,77129,KIMCO REALTY CORP,,,0.040951,-0.3079334302795282,0.0002751031636863,5.260435961954168e-10,0.007886,8.474569564202303,36.35,252709.0,9185972.15,0.004999999999999,36.35,36.34
2008-02-08,KIM,77129,KIMCO REALTY CORP,,,-0.060523,0.1968154650728426,0.0002928257686677,-6.91455424956956e-10,-0.004204,10.14249591427294,34.15,252709.0,8630012.35,0.0050000000000025,34.2,34.19
2008-02-11,KIM,77129,KIMCO REALTY CORP,,,-0.019326,-0.3722445476181186,0.0005971931919977,-3.586499573817848e-10,0.005889,6.367007110945791,33.49,252709.0,8463224.41,0.0100000000000015,33.43,33.41
2008-02-12,KIM,77129,KIMCO REALTY CORP,,,0.045088,0.1431323803604722,0.0005714285714286,7.003906765772692e-10,0.007266,7.278331994507517,35.0,252709.0,8844815.0,0.0100000000000015,34.99,34.97
2008-02-13,KIM,77129,KIMCO REALTY CORP,,,-0.008,-0.0938944163540477,0.0017281105990784,-1.3825437810139135e-10,0.013604,6.594937259852241,34.72,252709.0,8774056.48,0.0300000000000011,34.74,34.68
2008-02-14,KIM,77129,KIMCO REALTY CORP,,,-0.022466,-0.0436817472698908,0.0023571007660579,-4.1531736894727524e-10,-0.013421,6.306858877206589,33.94,252709.0,8576943.459999999,0.0400000000000027,34.02,33.94
2008-02-15,KIM,77129,KIMCO REALTY CORP,,,0.003241,0.1310703977914418,0.0011747430249634,5.280055117193683e-11,0.000838,7.133501379056543,34.05,252709.0,8604741.45,0.0200000000000031,34.09,34.05
2008-02-19,KIM,77129,KIMCO REALTY CORP,,,-0.024376,0.2573916902424142,0.001505117399157,-3.2371943108355143e-10,-0.000896,8.9696053563585,33.22,252709.0,8394992.98,0.0249999999999985,33.29,33.24
2008-02-20,KIM,77129,KIMCO REALTY CORP,,,0.018061,0.2155115365950501,0.0005913660555885,1.938273506457292e-10,0.008341,10.902658789358512,33.82,252709.0,8546618.38,0.0100000000000015,33.88,33.86
2008-02-21,KIM,77129,KIMCO REALTY CORP,,,-0.017741,-0.0092552264808362,0.0003010234798313,-1.9564265507892238e-10,-0.012867,10.801752213019718,33.22,252709.0,8394992.98,0.004999999999999,33.28,33.27
2008-02-22,KIM,77129,KIMCO REALTY CORP,,,0.02047,-0.1204527970106604,0.0002949852507374,2.515035229537203e-10,0.007881,9.5006509463454,33.9,252709.0,8566835.1,0.004999999999999,33.91,33.9
2008-02-25,KIM,77129,KIMCO REALTY CORP,,,0.037463,0.2268316048148611,0.0002843332385555,3.616355836363253e-10,0.013813,11.655698847290758,35.17,252709.0,8887775.530000001,0.004999999999999,35.23,35.22
2008-02-26,KIM,77129,KIMCO REALTY CORP,,,0.005687,-0.1610252928195552,0.0005654509471302,6.506392716757493e-11,0.006918,9.77883652738921,35.37,252709.0,8938317.33,0.009999999999998,35.36,35.34
2008-02-27,KIM,77129,KIMCO REALTY CORP,,,-0.001414,-0.3603512463580447,0.0002831257078142,-2.5326738207716647e-11,-0.000919,6.255020596812935,35.32,252709.0,8925681.88,0.004999999999999,35.33,35.32
2008-02-28,KIM,77129,KIMCO REALTY CORP,,,-0.018403,0.2011134307585247,0.0017306028266513,-2.7957691473422143e-10,-0.008942,7.512989248503219,34.67,252709.0,8761421.030000001,0.0300000000000011,34.75,34.69
2008-02-29,KIM,77129,KIMCO REALTY CORP,,,-0.025959,-0.0240176972506057,0.0008883624518804,-4.148408146854191e-10,-0.02709,7.3282527278264,33.77,252857.0,8538980.89,0.0150000000000005,33.77,33.74
2008-03-03,KIM,77129,KIMCO REALTY CORP,,,0.003553,0.7362115488397194,0.0014753614635586,3.2587089891978155e-11,0.000534,12.723397018868372,33.89,252857.0,8569323.73,0.0250000000000021,33.88,33.83
2008-03-04,KIM,77129,KIMCO REALTY CORP,,,0.010623,-0.2679348501802809,0.0002919708029196,1.3169182402411933e-10,-0.003448,9.31435554483364,34.25,252857.0,8660352.25,0.004999999999999,34.21,34.2
2008-03-05,KIM,77129,KIMCO REALTY CORP,,,0.006423,0.0478940217391303,0.0002901073397158,7.550078780364294e-11,0.005238,9.760457491783894,34.47,252857.0,8715980.79,0.0050000000000025,34.49,34.48
2008-03-06,KIM,77129,KIMCO REALTY CORP,,,-0.032492,0.0051863857374392,0.0008995502248875,-3.927252755434601e-10,-0.022014,9.811078989310165,33.35,252857.0,8432780.950000001,0.0150000000000005,33.33,33.3
2008-03-07,KIM,77129,KIMCO REALTY CORP,,,0.02099,-0.0110851338277975,0.0020558002936857,2.5127232802734525e-10,-0.00841,9.702321865718568,34.05,252857.0,8609780.85,0.0350000000000001,34.05,33.98
2008-03-10,KIM,77129,KIMCO REALTY CORP,,,-0.024376,-0.3099906248726205,0.0012040939193256,-4.3346812053230505e-10,-0.015463,6.69469304784918,33.22,252857.0,8399909.54,0.0199999999999995,33.29,33.25
2008-03-11,KIM,77129,KIMCO REALTY CORP,,,0.069837,0.7491138941398865,0.0008441193021947,6.636581186730607e-10,0.03713,11.709780626994704,35.54,252857.0,8986537.78,0.0150000000000005,35.65,35.62
2008-03-12,KIM,77129,KIMCO REALTY CORP,,,-0.016601,-0.1188489986152858,0.0005722460658083,-1.8205935106331063e-10,-0.008996,10.318084925471709,34.95,252857.0,8837352.15,0.0100000000000015,34.92,34.9
2008-03-13,KIM,77129,KIMCO REALTY CORP,,,-0.004006,0.1113070141816787,0.0028727377190462,-3.969161654997338e-11,0.005127,11.466560150598957,34.81,252857.0,8801952.17,0.0500000000000007,34.84,34.74
2008-03-14,KIM,77129,KIMCO REALTY CORP,,,-0.033324,0.1914878940470441,0.0008915304606241,-2.8666474719539697e-10,-0.020783,13.662267605800908,33.65,252857.0,8508638.049999999,0.0150000000000005,33.7,33.67
2008-03-17,KIM,77129,KIMCO REALTY CORP,,,0.005349,-0.226220112314016,0.0014779781259236,5.915008787973563e-11,-0.008959,10.571587893552485,33.83,252857.0,8554152.309999999,0.0249999999999985,33.75,33.7
2008-03-18,KIM,77129,KIMCO REALTY CORP,,,0.068874,0.2865212674422954,0.0016592920353982,5.53853250198787e-10,0.04241,13.600572655690764,36.16,252857.0,9143309.12,0.0300000000000011,36.1,36.04
2008-03-19,KIM,77129,KIMCO REALTY CORP,,,-0.004425,-0.2456528060482699,0.0002777777777777,-4.738133785624341e-11,-0.024287,10.25955381895696,36.0,252857.0,9102852.0,0.004999999999999,35.98,35.97
2008-03-20,KIM,77129,KIMCO REALTY CORP,,,0.063889,0.2963148562177164,0.0026109660574412,4.96036190323424e-10,0.023944,13.299612033679114,38.3,252857.0,9684423.1,0.0500000000000007,38.34,38.24
2008-03-24,KIM,77129,KIMCO REALTY CORP,,,0.029765,-0.2363436319842993,0.0007606490872211,2.9387121582928886e-10,0.015321,10.1563334216573,39.44,252857.0,9972680.08,0.0150000000000005,39.4,39.37
2008-03-25,KIM,77129,KIMCO REALTY CORP,,,-0.002028,-0.081227366535571,0.0002540650406503,-2.1836995229456425e-11,0.002304,9.331361204158872,39.36,252857.0,9952451.52,0.004999999999999,39.35,39.34
2008-03-26,KIM,77129,KIMCO REALTY CORP,,,-0.017785,-0.3183301546937911,0.0010346611484738,-2.8602102284269867e-10,-0.008766,6.360907548535338,38.66,252857.0,9775451.62,0.0199999999999995,38.66,38.62
2008-03-27,KIM,77129,KIMCO REALTY CORP,,,-0.010864,0.1512683412086546,0.0018305439330544,-1.5342680693959163e-10,-0.01146,7.323111481983888,38.24,252857.0,9669251.68,0.0350000000000001,38.19,38.12
2008-03-28,KIM,77129,KIMCO REALTY CORP,,,0.013598,0.6830480099368148,0.002063983488132,1.1257038132368132e-10,-0.00795,12.325148206298422,38.76,252857.0,9800737.32,0.0399999999999991,38.75,38.67
2008-03-31,KIM,77129,KIMCO REALTY CORP,,,0.010578,0.0806032408150168,0.0017870819504723,8.018933172744431e-11,0.005687,13.305124588622473,39.17,253113.0,9914436.21,0.0350000000000001,39.07,39.0
2008-04-01,KIM,77129,KIMCO REALTY CORP,,,0.055144,-0.1546159099682276,0.0016936849745947,4.686465163282227e-10,0.035896,11.24794064311197,41.33,253113.0,10461160.29,0.0350000000000001,41.38,41.31
2008-04-02,KIM,77129,KIMCO REALTY CORP,,,-0.006291,-0.2180892167193536,0.0007376444553725,-6.948656497534496e-11,-0.001934,8.794886078549897,40.67,253113.0,10294105.71,0.0150000000000005,40.65,40.62
2008-04-03,KIM,77129,KIMCO REALTY CORP,,,0.030981,-0.2543461659404339,0.0004769854519436,4.4513182380469476e-10,0.001302,6.557940524587832,41.93,253113.0,10613028.09,0.009999999999998,41.9,41.88
2008-04-04,KIM,77129,KIMCO REALTY CORP,,,-0.02695,0.0269895776854027,0.0007352941176469,-3.87481208239734e-10,0.000796,6.734936569832446,40.8,253113.0,10327010.4,0.014999999999997,40.87,40.84
2008-04-07,KIM,77129,KIMCO REALTY CORP,,,-0.000245,-0.0152519504898223,0.0017161068889433,-3.5779913690961997e-12,0.001562,6.632215650717269,40.79,253113.0,10324479.27,0.0350000000000001,40.74,40.67
2008-04-08,KIM,77129,KIMCO REALTY CORP,,,-0.027703,0.606838625126586,0.0002521432173475,-2.5895764625848965e-10,-0.0051,10.656900277741562,39.66,253113.0,10038461.579999998,0.0050000000000025,39.7,39.69
2008-04-09,KIM,77129,KIMCO REALTY CORP,,,-0.026475,-0.3946392822718173,0.0012950012950012,-4.1992968687806086e-10,-0.008092,6.4512688008913015,38.61,253113.0,9772692.93,0.0249999999999985,38.68,38.63
2008-04-10,KIM,77129,KIMCO REALTY CORP,,,0.006216,-0.1001898462857492,0.0007722007722008,1.088953923637106e-10,0.004474,5.804917171381952,38.85,253113.0,9833440.05,0.0150000000000005,38.77,38.74
2008-04-11,KIM,77129,KIMCO REALTY CORP,,,-0.022136,0.2512080582590348,0.0002632271650433,-3.1694933232166126e-10,-0.020374,7.263159142359341,37.99,253113.0,9615762.87,0.004999999999999,38.04,38.03
2008-04-14,KIM,77129,KIMCO REALTY CORP,,,-0.004738,0.2406984334203654,0.0002644802962178,-5.493917503970191e-11,-0.003384,9.01139016960804,37.81,253113.0,9570202.53,0.004999999999999,37.89,37.88
2008-04-15,KIM,77129,KIMCO REALTY CORP,,,0.016133,-0.3112806348371256,0.0002602811035918,2.6730632403385237e-10,0.0046,6.206318916847416,38.42,253113.0,9724601.46,0.004999999999999,38.41,38.4
2008-04-16,KIM,77129,KIMCO REALTY CORP,,,0.050234,0.2421541791329811,0.000991325898389,6.380139545389972e-10,0.022691,7.7092049795940945,40.35,253113.0,10213109.55,0.0199999999999995,40.39,40.35
2008-04-17,KIM,77129,KIMCO REALTY CORP,,,-0.001239,-0.3844103930712857,0.0004962779156328,-2.5594752641899046e-11,0.000623,4.745706463121215,40.3,253113.0,10200453.9,0.0100000000000015,40.25,40.23
2008-04-18,KIM,77129,KIMCO REALTY CORP,,,0.0067,0.3478188478188477,0.0007394626571358,1.0200534903870616e-10,0.018139,6.396352617210495,40.57,253113.0,10268794.41,0.0150000000000005,40.52,40.49
2008-04-21,KIM,77129,KIMCO REALTY CORP,,,-0.040424,0.0611488573193328,0.0005137426149499,-6.044101125359477e-10,-0.001554,6.787482270764441,38.93,253113.0,9853689.09,0.0100000000000015,38.96,38.94
2008-04-22,KIM,77129,KIMCO REALTY CORP,,,-0.001541,0.3891734575087311,0.0046308206843323,-1.6611485131233208e-11,-0.00881,9.428990213857052,38.87,253113.0,9838502.31,0.0899999999999998,38.98,38.8
2008-04-23,KIM,77129,KIMCO REALTY CORP,,,0.022125,0.0369563395625576,0.0002516989680341,2.2502180652001628e-10,0.0029,9.777451177932386,39.73,253113.0,10056179.489999998,0.004999999999999,39.71,39.7
2008-04-24,KIM,77129,KIMCO REALTY CORP,,,0.041279,-0.322652335542266,0.0009668842156151,5.952397174786587e-10,0.006442,6.622733719722022,41.37,253113.0,10471284.81,0.0199999999999995,41.48,41.44
2008-04-25,KIM,77129,KIMCO REALTY CORP,,,0.017404,-0.0551810535107081,0.0007127583749109,2.6107771934481187e-10,0.006495,6.25728429594687,42.09,253113.0,10653526.170000002,0.0150000000000005,42.04,42.01
2008-04-28,KIM,77129,KIMCO REALTY CORP,,,-0.007128,0.1050637706781159,0.0004785833931561,-9.745578866466127e-11,-0.001052,6.914698178284008,41.79,253113.0,10577592.27,0.009999999999998,41.73,41.71
2008-04-29,KIM,77129,KIMCO REALTY CORP,,,-0.027758,-0.3031653525311393,0.0004922471080483,-5.601752716137688e-10,-0.003889,4.81840126741811,40.63,253113.0,10283981.19,0.0100000000000015,40.71,40.69
2008-04-30,KIM,77129,KIMCO REALTY CORP,,,-0.017721,0.2333551984257134,0.009771986970684,-2.951895054658782e-10,-0.003846,5.942800251271171,39.91,253113.0,10101739.829999998,0.1950000000000002,40.32,39.93
2008-05-01,KIM,77129,KIMCO REALTY CORP,,,0.02681,0.4394362451801621,0.0012201073694484,3.0215295192051165e-10,0.017141,8.5542820795455,40.98,253113.0,10372570.739999998,0.0249999999999985,40.91,40.86
2008-05-02,KIM,77129,KIMCO REALTY CORP,,,0.006345,-0.1398946979493811,0.0007274490785645,8.261584068968042e-11,0.003236,7.357583371853678,41.24,253113.0,10438380.12,0.0150000000000005,41.2,41.17
2008-05-05,KIM,77129,KIMCO REALTY CORP,,,0.003637,-0.5058798260215862,0.0004832085044697,9.549170456184639e-11,-0.004534,3.635530375761024,41.39,253113.0,10476347.07,0.0100000000000015,41.38,41.36
2008-05-06,KIM,77129,KIMCO REALTY CORP,,,0.005074,1.4705498804607693,0.0019230769230768,5.3651426869954186e-11,0.007652,8.981759135247893,41.6,253113.0,10529500.8,0.0399999999999991,41.54,41.46
2008-05-07,KIM,77129,KIMCO REALTY CORP,,,-0.038702,-0.303730095891616,0.0047511877969493,-6.114043514985133e-10,-0.018114,6.253728571823652,39.99,253113.0,10121988.87,0.0950000000000024,40.2,40.01
2008-05-08,KIM,77129,KIMCO REALTY CORP,,,-0.005001,-0.3105060332301472,0.0022618748429254,-1.1515928663968518e-10,0.003669,4.311908120088656,39.79,253113.0,10071366.27,0.0450000000000017,39.85,39.76
2008-05-09,KIM,77129,KIMCO REALTY CORP,,,-0.00754,0.149990837456478,0.0007596859964548,-1.5212685345840122e-10,-0.006725,4.958654830056141,39.49,253113.0,9995432.37,0.0150000000000005,39.58,39.55
2008-05-12,KIM,77129,KIMCO REALTY CORP,,,0.03292,-0.0227870289219982,0.0012257906349596,6.580192042864792e-10,0.011021,4.845661819029445,40.79,253113.0,10324479.27,0.0250000000000021,40.84,40.79
2008-05-13,KIM,77129,KIMCO REALTY CORP,,,0.002206,-0.4300856094578067,0.0002446183953034,7.720002575667224e-11,-0.000385,2.7616124023657416,40.88,253113.0,10347259.44,0.0050000000000025,40.84,40.83
2008-05-14,KIM,77129,KIMCO REALTY CORP,,,0.013943,0.2494992846924177,0.0041013268998794,3.8513989254312487e-10,0.004006,3.450632721353704,41.45,253113.0,10491533.85,0.0850000000000008,41.52,41.35
2008-05-15,KIM,77129,KIMCO REALTY CORP,,,-0.000724,0.3134875200366385,0.0007242877836794,-1.5236644449787092e-11,0.010585,4.532363015728153,41.42,253113.0,10483940.46,0.0150000000000005,41.39,41.36
2008-05-16,KIM,77129,KIMCO REALTY CORP,,,-0.013279,-0.1389470013947001,0.0002446782481036,-3.2892108286795005e-10,0.00125,3.902604765460486,40.87,253113.0,10344728.31,0.004999999999999,40.82,40.81
2008-05-19,KIM,77129,KIMCO REALTY CORP,,,0.006117,-0.1078153472362826,0.0004863813229571,1.6879578761654275e-10,0.000898,3.481844077546392,41.12,253113.0,10408006.56,0.009999999999998,41.08,41.06
2008-05-20,KIM,77129,KIMCO REALTY CORP,,,-0.005593,0.7243844320889594,0.0007336757153338,-9.000566506244805e-11,-0.009274,6.004037722282143,40.89,253113.0,10349790.57,0.0150000000000005,40.97,40.94
2008-05-21,KIM,77129,KIMCO REALTY CORP,,,-0.031793,-0.036191353556623,0.0005051780752714,-5.482735900562523e-10,-0.016053,5.786743470307728,39.59,253113.0,10020743.670000002,0.009999999999998,39.66,39.64
2008-05-22,KIM,77129,KIMCO REALTY CORP,,,-0.007072,0.250699802007237,0.0043245993385907,-9.820586958096657e-11,0.002617,7.237478912580547,39.31,253113.0,9949872.03,0.0850000000000008,39.32,39.15
2008-05-23,KIM,77129,KIMCO REALTY CORP,,,-0.013737,-0.1716796768382553,0.0007737941707506,-2.335049102324309e-10,-0.01321,5.994950871745031,38.77,253113.0,9813191.010000002,0.0150000000000005,38.83,38.8
2008-05-27,KIM,77129,KIMCO REALTY CORP,,,0.007996,-0.1041254777909582,0.0005117707267145,1.5051194390203758e-10,0.006846,5.370723747891258,39.08,253113.0,9891656.04,0.0100000000000015,39.07,39.05
2008-05-28,KIM,77129,KIMCO REALTY CORP,,,0.008188,-0.3374282771811093,0.0005076142131978,2.3072860984040046e-10,0.003963,3.5584896864246405,39.4,253113.0,9972652.2,0.009999999999998,39.37,39.35
2008-05-29,KIM,77129,KIMCO REALTY CORP,,,0.016497,0.5808815365826578,0.0014981273408238,2.8928303417343257e-10,0.005335,5.625550643388526,40.05,253113.0,10137175.65,0.0299999999999975,40.01,39.95
2008-05-30,KIM,77129,KIMCO REALTY CORP,,,-0.017478,0.1025352903996066,0.0010165184243964,-2.829274001783715e-10,0.001516,6.187846610460098,39.35,253707.0,9983370.45,0.0199999999999995,39.39,39.35
2008-06-02,KIM,77129,KIMCO REALTY CORP,,,-0.030495,0.0956748837505574,0.001048492791612,-4.6470826812699404e-10,-0.010504,6.779868115582148,38.15,253707.0,9678922.05,0.0199999999999995,38.13,38.09
2008-06-03,KIM,77129,KIMCO REALTY CORP,,,0.012058,0.0219173303877682,0.0002590002590003,1.776666926285768e-10,-0.005788,6.928464725056857,38.61,253707.0,9795627.27,0.0050000000000025,38.56,38.55
2008-06-04,KIM,77129,KIMCO REALTY CORP,,,0.011655,-0.0848788258049835,0.0007680491551459,1.8549490039425187e-10,-0.000327,6.340384774562783,39.06,253707.0,9909795.42,0.0150000000000005,39.04,39.01
2008-06-05,KIM,77129,KIMCO REALTY CORP,,,0.028674,-0.2616560984707199,0.0009955201592832,6.008576460235582e-10,0.019496,4.681384431647531,40.18,253707.0,10193947.26,0.0199999999999995,40.24,40.2
2008-06-06,KIM,77129,KIMCO REALTY CORP,,,-0.056994,0.7977603771996296,0.0005278437582474,-7.044756265820852e-10,-0.030889,8.416007441655138,37.89,253707.0,9612958.23,0.009999999999998,37.79,37.77
2008-06-09,KIM,77129,KIMCO REALTY CORP,,,-0.018475,-0.0226208317721993,0.0005377789728422,-2.3804366580236093e-10,0.000794,8.22563035312388,37.19,253707.0,9435363.33,0.0100000000000015,37.28,37.26
2008-06-10,KIM,77129,KIMCO REALTY CORP,,,0.012907,-0.1346494800900858,0.0050438014335013,1.8972999350725643e-10,-0.002438,7.11805350266252,37.67,253707.0,9557142.69,0.0949999999999988,37.65,37.46
2008-06-11,KIM,77129,KIMCO REALTY CORP,,,-0.030528,-0.0671133506838695,0.0008214676889375,-4.961865734331747e-10,-0.016894,6.640337081751785,36.52,253707.0,9265379.64,0.0150000000000005,36.58,36.55
2008-06-12,KIM,77129,KIMCO REALTY CORP,,,0.01862,0.3205912031815754,0.0010752688172042,2.2498095757308617e-10,0.00328,8.76917073632182,37.2,253707.0,9437900.4,0.0199999999999995,37.18,37.14
2008-06-13,KIM,77129,KIMCO REALTY CORP,,,0.01586,-0.3256921970514204,0.0002646202699128,2.7975453145014197e-10,0.015046,5.9131202528901445,37.79,253707.0,9587587.53,0.0050000000000025,37.88,37.87
2008-06-16,KIM,77129,KIMCO REALTY CORP,,,0.008203,0.0573256899080123,0.0002624671916009,1.3573435712415912e-10,8.1e-05,6.252093950896112,38.1,253707.0,9666236.7,0.004999999999999,38.14,38.13
2008-06-17,KIM,77129,KIMCO REALTY CORP,,,-0.036745,-0.1920312697011725,0.0029972752043596,-7.812313967214006e-10,-0.006771,5.051496411214512,36.7,253707.0,9311046.9,0.0549999999999997,36.82,36.71
2008-06-18,KIM,77129,KIMCO REALTY CORP,,,-0.021526,0.3599406991260923,-0.0005569479253688,-3.4393427739665557e-10,-0.009712,6.8697355611000095,35.91,253707.0,9110618.37,-0.009999999999998,35.89,35.91
2008-06-19,KIM,77129,KIMCO REALTY CORP,,,0.037037,0.3572207240805554,0.0008055853920515,4.2043917657174004e-10,0.003752,9.323747472478097,37.24,253707.0,9448048.68,0.0150000000000005,37.2,37.17
2008-06-20,KIM,77129,KIMCO REALTY CORP,,,-0.023362,0.0073980131050517,0.0008248556502612,-2.695520730368199e-10,-0.018543,9.39272467846768,36.37,253707.0,9227323.59,0.0150000000000005,36.43,36.4
2008-06-23,KIM,77129,KIMCO REALTY CORP,,,-0.030245,-0.2012589173310952,0.0045364332293735,-4.5052413780077304e-10,5.3e-05,7.502355078890216,35.27,253707.0,8948245.89,0.0800000000000018,35.42,35.26
2008-06-24,KIM,77129,KIMCO REALTY CORP,,,0.01049,0.0188609856047072,0.0011223344556677,1.5177239777181335e-10,-0.002815,7.643856890034567,35.64,253707.0,9042117.48,0.0199999999999995,35.75,35.71
2008-06-25,KIM,77129,KIMCO REALTY CORP,,,0.026655,-0.1179291496931882,0.0010931948619843,4.258609412806541e-10,0.005843,6.7424233466163725,36.59,253707.0,9283139.13,0.0200000000000031,36.7,36.66
2008-06-26,KIM,77129,KIMCO REALTY CORP,,,-0.045641,-0.1186718110604466,0.0008591065292096,-8.669514703205172e-10,-0.029365,5.94228775713717,34.92,253707.0,8859448.440000001,0.0150000000000005,34.96,34.93
2008-06-27,KIM,77129,KIMCO REALTY CORP,,,-0.004295,0.5805253382860176,0.0034512510785158,-5.184070345191252e-11,-0.003717,9.391936367542089,34.77,253707.0,8821392.39,0.0599999999999987,34.82,34.7
2008-06-30,KIM,77129,KIMCO REALTY CORP,,,-0.00719,-0.1214537518885344,-0.0002896871378912,-9.949606006672629e-11,0.001267,8.251250458205725,34.52,253707.0,8757965.64,-0.0050000000000025,34.51,34.52
2008-07-01,KIM,77129,KIMCO REALTY CORP,,,-0.006373,0.5173402120951562,0.0041297935103245,-5.918464308493428e-11,0.003836,12.51995412030413,33.9,253707.0,8600667.299999999,0.0700000000000002,33.94,33.8
2008-07-02,KIM,77129,KIMCO REALTY CORP,,,-0.002655,0.4756957562019897,0.0008873114463176,-1.6752797499490695e-11,-0.018204,18.47564316317642,33.81,253707.0,8577833.67,0.0150000000000005,33.85,33.82
2008-07-03,KIM,77129,KIMCO REALTY CORP,,,0.007394,-0.6244186542646243,0.0005871990604815,1.233101349957465e-10,0.001094,6.939106922552393,34.06,253707.0,8641260.42,0.0100000000000015,34.02,34.0
2008-07-07,KIM,77129,KIMCO REALTY CORP,,,-0.042866,1.0413518886679922,0.0006134969325154,-3.658823461127839e-10,-0.008385,14.165159022021466,32.6,253707.0,8270848.2,0.0100000000000015,32.52,32.5
2008-07-08,KIM,77129,KIMCO REALTY CORP,,,0.064724,0.7625076520674494,0.0046096225871505,2.943918752572785e-10,0.01708,24.9662011690651,34.71,253707.0,8806169.97,0.0799999999999983,35.19,35.03
2008-07-09,KIM,77129,KIMCO REALTY CORP,,,-0.076635,-0.3968361724633333,0.0009360374414976,-6.258624903300018e-10,-0.022776,15.058709456183708,32.05,253707.0,8131309.35,0.0150000000000005,32.09,32.06
2008-07-10,KIM,77129,KIMCO REALTY CORP,,,0.025585,-0.1483051956550189,0.0006084575600852,2.3921120309135863e-10,0.00699,12.825424603972298,32.87,253707.0,8339349.089999999,0.0100000000000015,32.84,32.82
2008-07-11,KIM,77129,KIMCO REALTY CORP,,,-0.007606,0.3279756599772581,0.0009196811771919,-5.396075870898338e-11,-0.01109,17.03185170294868,32.62,253707.0,8275922.339999999,0.0150000000000005,32.58,32.55
2008-07-14,KIM,77129,KIMCO REALTY CORP,,,-0.049969,-0.2064057763069589,0.0006453694740238,-4.70203943303091e-10,-0.009028,13.516379130256556,30.99,253707.0,7862379.93,0.0099999999999997,31.06,31.04
2008-07-15,KIM,77129,KIMCO REALTY CORP,,,-0.025492,1.1825790271783507,0.0003311258278145,-1.1278054115370442e-10,-0.010901,29.500565613089115,30.2,253707.0,7661951.399999999,0.004999999999999,30.18,30.17
2008-07-16,KIM,77129,KIMCO REALTY CORP,,,0.071523,-0.1538245707796112,0.0018541409147093,3.4899082255091906e-10,0.025064,24.962653769899923,32.36,253707.0,8209958.52,0.0299999999999975,32.55,32.49
2008-07-17,KIM,77129,KIMCO REALTY CORP,,,0.055006,-0.0548222067833007,0.0005858230814292,2.6915957581946234e-10,0.012013,23.59414600306653,34.14,253707.0,8661556.98,0.009999999999998,34.08,34.06
2008-07-18,KIM,77129,KIMCO REALTY CORP,,,0.002929,-0.5562646174406949,0.0005841121495328,3.2205114185326935e-11,0.000286,10.469557402830825,34.24,253707.0,8686927.68,0.0100000000000015,34.25,34.23
2008-07-21,KIM,77129,KIMCO REALTY CORP,,,0.004381,0.0422031473533619,0.000290782204129,4.6018019589264863e-11,-0.000539,10.911405676626975,34.39,253707.0,8724983.73,0.004999999999999,34.32,34.31
2008-07-22,KIM,77129,KIMCO REALTY CORP,,,0.036639,0.5401148719430697,0.0014025245441796,2.4105592482323697e-10,0.013492,16.804818156377237,35.65,253707.0,9044654.55,0.0250000000000021,35.56,35.51
2008-07-23,KIM,77129,KIMCO REALTY CORP,,,0.037027,0.0407646299988273,0.0010819583446037,2.2570973128728287e-10,0.004064,17.489860350719532,36.97,253707.0,9379547.79,0.0199999999999995,36.89,36.85
2008-07-24,KIM,77129,KIMCO REALTY CORP,,,-0.085475,-0.0482275257476393,0.0068027210884354,-5.98607296616404e-10,-0.023125,16.64636766033259,33.81,253707.0,8577833.67,0.1150000000000019,33.84,33.61
2008-07-25,KIM,77129,KIMCO REALTY CORP,,,0.026028,-0.3181871995832642,0.0023061400980109,2.605670015238284e-10,0.004168,11.349706551257947,34.69,253707.0,8801095.83,0.0399999999999991,34.8,34.72
2008-07-28,KIM,77129,KIMCO REALTY CORP,,,-0.024791,0.0054523354749087,0.0062075081288797,-2.5311243243834857e-10,-0.018597,11.411588958917177,33.83,253707.0,8582907.809999999,0.1050000000000004,33.72,33.51
2008-07-29,KIM,77129,KIMCO REALTY CORP,,,0.066805,0.4571014092290688,0.0019395954558049,4.3878698561150444e-10,0.023356,16.627842353581098,36.09,253707.0,9156285.63,0.0350000000000001,36.03,35.96
2008-07-30,KIM,77129,KIMCO REALTY CORP,,,-0.010806,-0.2488266249466647,0.0016806722689074,-9.551865809279308e-11,0.016672,12.490392460594308,35.7,253707.0,9057339.9,0.0299999999999975,35.69,35.63
2008-07-31,KIM,77129,KIMCO REALTY CORP,,,-0.011485,-0.2346555587112246,0.0002833663927457,-1.3418806006208494e-10,-0.013144,9.548312421506832,35.29,254003.0,8963765.87,0.004999999999999,35.32,35.31
2008-08-01,KIM,77129,KIMCO REALTY CORP,,,-0.009634,-0.0926483321650929,0.002002861230329,-1.2526171494131462e-10,-0.005578,8.663677200662985,34.95,254003.0,8877404.850000001,0.0350000000000001,34.98,34.91
2008-08-04,KIM,77129,KIMCO REALTY CORP,,,-0.007153,0.0568935744796874,0.0005763688760807,-8.863114993991717e-11,-0.008966,9.156584764746873,34.7,254003.0,8813904.100000001,0.0100000000000015,34.68,34.66
2008-08-05,KIM,77129,KIMCO REALTY CORP,,,0.05879,0.5538309398916501,0.0002721829069133,4.42780184771064e-10,0.028719,14.227784711204198,36.74,254003.0,9332070.22,0.004999999999999,36.76,36.75
2008-08-06,KIM,77129,KIMCO REALTY CORP,,,0.017692,-0.3088353302526356,0.0010698047606311,1.8943656242580395e-10,0.003354,9.83374212115605,37.39,254003.0,9497172.17,0.0199999999999995,37.44,37.4
2008-08-07,KIM,77129,KIMCO REALTY CORP,,,-0.056432,0.2695972455761068,0.0005668934240363,-5.04397857360233e-10,-0.017934,12.484891910725464,35.28,254003.0,8961225.84,0.0100000000000015,35.27,35.25
2008-08-08,KIM,77129,KIMCO REALTY CORP,,,0.036565,-0.2095736629667003,0.000546896363139,3.988922348636461e-10,0.023893,9.868387381251402,36.57,254003.0,9288889.71,0.009999999999998,36.47,36.45
2008-08-11,KIM,77129,KIMCO REALTY CORP,,,0.02297,0.0876486076757361,0.0008019246190858,2.2521620878603438e-10,0.006943,10.73333779522289,37.41,254003.0,9502252.23,0.0150000000000005,37.39,37.36
2008-08-12,KIM,77129,KIMCO REALTY CORP,,,-0.025394,-0.1736786120382937,0.0005485463521668,-3.091660614995262e-10,-0.012051,8.86918658441042,36.46,254003.0,9260949.38,0.0100000000000015,36.53,36.51
2008-08-13,KIM,77129,KIMCO REALTY CORP,,,-0.027427,0.0912198153409091,0.000282007896221,-3.1463330633592116e-10,-0.002916,9.678232146864406,35.46,254003.0,9006946.38,0.004999999999999,35.51,35.5
2008-08-14,KIM,77129,KIMCO REALTY CORP,,,0.028201,-0.3121669446365375,0.0002742731760833,4.5743555732020654e-10,0.005522,6.6570079880946285,36.46,254003.0,9260949.38,0.004999999999999,36.46,36.45
2008-08-15,KIM,77129,KIMCO REALTY CORP,,,0.016456,0.1053876633745343,0.0005396654074472,2.3756711639168925e-10,0.004076,7.358574505025532,37.06,254003.0,9413351.18,0.009999999999998,37.12,37.1
2008-08-18,KIM,77129,KIMCO REALTY CORP,,,-0.027523,0.0783264672837193,0.0008324084350719,-3.78903123434889e-10,-0.015098,7.934945650248226,36.04,254003.0,9154268.12,0.014999999999997,36.12,36.09
2008-08-19,KIM,77129,KIMCO REALTY CORP,,,-0.035794,0.2623170429173902,0.0005755395683452,-4.04859352829033e-10,-0.009315,10.016417128931549,34.75,254003.0,8826604.25,0.009999999999998,34.79,34.77
2008-08-20,KIM,77129,KIMCO REALTY CORP,,,0.008058,-0.2296596179545633,0.0,1.173689482400753e-10,0.006197,7.716050597827585,35.03,254003.0,8897725.09,0.0,35.05,35.05
2008-08-21,KIM,77129,KIMCO REALTY CORP,,,-0.010277,-0.155569161691923,0.004903374675512,-1.7910780714496715e-10,0.002495,6.5156710747510855,34.67,254003.0,8806284.01,0.0850000000000008,34.74,34.57
2008-08-22,KIM,77129,KIMCO REALTY CORP,,,0.051053,0.4341389728096676,0.0002744237102085,5.902740121035483e-10,0.011333,9.344377822309186,36.44,254003.0,9255869.32,0.004999999999999,36.44,36.43
2008-08-25,KIM,77129,KIMCO REALTY CORP,,,-0.04281,-0.2272593216768486,0.0002866972477063,-6.691842960750191e-10,-0.019625,7.220780856919013,34.88,254003.0,8859624.64,0.004999999999999,34.97,34.96
2008-08-26,KIM,77129,KIMCO REALTY CORP,,,0.011755,-0.3180306417316395,0.0002833663927457,2.6630731905397487e-10,0.003686,4.924351287189522,35.29,254003.0,8963765.87,0.004999999999999,35.25,35.24
2008-08-27,KIM,77129,KIMCO REALTY CORP,,,0.013318,0.0305404541093698,0.0002796420581654,2.889273026104553e-10,0.007983,5.07474321169435,35.76,254003.0,9083147.28,0.004999999999999,35.72,35.71
2008-08-28,KIM,77129,KIMCO REALTY CORP,,,0.057886,0.6432117920868892,0.0007930214115781,7.224216267820315e-10,0.01484,8.338877887269048,37.83,254003.0,9608933.49,0.0150000000000005,37.7,37.67
2008-08-29,KIM,77129,KIMCO REALTY CORP,,,-0.01824,-0.2117463764694773,0.000269251480883,-2.941511147166125e-10,-0.013724,6.572089874195021,37.14,254044.0,9435194.16,0.004999999999999,37.18,37.17
2008-09-02,KIM,77129,KIMCO REALTY CORP,,,0.001077,0.3645184475323431,0.0002689618074234,1.2714944543716248e-11,-0.004093,8.967737872179622,37.18,254044.0,9445355.92,0.0050000000000025,37.2,37.19
2008-09-03,KIM,77129,KIMCO REALTY CORP,,,0.015331,-0.0057501536300588,0.0010596026490066,1.7929416153724479e-10,-0.002035,8.916172001700494,37.75,254044.0,9590161.0,0.0199999999999995,37.73,37.69
2008-09-04,KIM,77129,KIMCO REALTY CORP,,,-0.01351,0.6325990022515562,0.0010741138560687,-9.810220521558086e-11,-0.029922,14.556533513879485,37.24,254044.0,9460598.56,0.0199999999999995,37.17,37.13
2008-09-05,KIM,77129,KIMCO REALTY CORP,,,0.015306,-0.1887236343969713,0.0010579211848717,1.3493334935207703e-10,0.004431,11.809371604918834,37.81,254044.0,9605403.64,0.0199999999999995,37.89,37.85
2008-09-08,KIM,77129,KIMCO REALTY CORP,,,0.05607,0.993000233325556,0.0007513148009016,2.348487026500282e-10,0.02051,23.536080364031427,39.93,254044.0,10143976.92,0.0150000000000005,40.0,39.97
2008-09-09,KIM,77129,KIMCO REALTY CORP,,,-0.058352,0.1294487556863794,0.0047872340425531,-2.298043732774124e-10,-0.034138,26.582796680889924,37.6,254044.0,9552054.4,0.0899999999999998,37.37,37.19
2008-09-10,KIM,77129,KIMCO REALTY CORP,,,-0.009043,1.2357697091749098,0.0002683843263554,-1.6074334463005495e-11,0.006149,59.43301160428902,37.26,254044.0,9465679.44,0.0050000000000025,37.2,37.19
2008-09-11,KIM,77129,KIMCO REALTY CORP,,,0.027644,-0.6270051527956234,0.0028728127448419,1.2819645209409094e-10,0.013806,22.16820708223772,38.29,254044.0,9727344.76,0.0549999999999997,38.42,38.31
2008-09-12,KIM,77129,KIMCO REALTY CORP,,,0.015148,-0.3671715467798355,0.0005145356315923,1.093491083835546e-10,0.002122,14.028672198516793,38.87,254044.0,9874690.28,0.009999999999998,38.87,38.85
2008-09-15,KIM,77129,KIMCO REALTY CORP,,,-0.067661,0.7886023738039787,0.0102097130242826,-2.9289429378662547e-10,-0.047136,25.091716395585017,36.24,254044.0,9206554.56,0.1850000000000022,36.88,36.51
2008-09-16,KIM,77129,KIMCO REALTY CORP,,,0.036148,0.0419333584337349,0.0002663115845538,1.4494227620120438e-10,0.017515,26.143896332918708,37.55,254044.0,9539352.2,0.004999999999999,37.73,37.72
2008-09-17,KIM,77129,KIMCO REALTY CORP,,,-0.047403,-0.1634822409925169,0.0019569471624266,-2.385242106602474e-10,-0.047133,21.86983357213711,35.77,254044.0,9087153.88,0.0350000000000001,35.98,35.91
2008-09-18,KIM,77129,KIMCO REALTY CORP,,,0.137545,0.4715887614967873,0.0002457606291471,4.1344356330789e-10,0.043342,32.18340130056211,40.69,254044.0,10337050.36,0.004999999999999,39.33,39.32
2008-09-19,KIM,77129,KIMCO REALTY CORP,,,0.055542,0.3794153620352249,0.0011641443538999,1.1466276359370341e-10,0.040257,44.39427815653981,42.95,254044.0,10911189.8,0.0250000000000021,43.74,43.69
2008-09-22,KIM,77129,KIMCO REALTY CORP,,,-0.109197,-0.5879625114159299,0.0005227391531624,-6.141763213674774e-10,-0.038237,18.292106879123303,38.26,254044.0,9719723.44,0.009999999999998,38.04,38.02
2008-09-23,KIM,77129,KIMCO REALTY CORP,,,-0.027182,-0.0047342371422423,0.0069854916711444,-1.5790406204162249e-10,-0.015633,18.20550770732629,37.22,254044.0,9455517.68,0.129999999999999,37.26,37.0
2008-09-24,KIM,77129,KIMCO REALTY CORP,,,-0.013971,-0.150054054054054,0.0008174386920981,-9.684080358943823e-11,-0.001978,15.473697469729654,36.7,254044.0,9323414.8,0.0150000000000005,36.7,36.67
2008-09-25,KIM,77129,KIMCO REALTY CORP,,,0.016076,-0.1232002035105571,0.0002681684097612,1.2507834610854275e-10,0.019656,13.567334792398167,37.29,254044.0,9473300.76,0.004999999999999,37.3,37.29
2008-09-26,KIM,77129,KIMCO REALTY CORP,,,0.02923,-0.0853279948936663,0.0020844189682125,2.4157666069615e-10,0.003167,12.409661318511754,38.38,254044.0,9750208.72,0.0399999999999991,38.4,38.32
2008-09-29,KIM,77129,KIMCO REALTY CORP,,,-0.047681,0.6136839434117871,0.1119015047879617,-2.5643105845265866e-10,-0.087897,20.02527121286077,36.55,254044.0,9285308.2,2.0450000000000017,37.95,33.86
2008-09-30,KIM,77129,KIMCO REALTY CORP,,,0.01067,0.0002948518860692,0.0002707092582565,5.676127545979932e-11,0.054203,19.227833657021517,36.94,264658.0,9776466.52,0.004999999999999,37.76,37.75
2008-10-01,KIM,77129,KIMCO REALTY CORP,,,-0.009746,-0.3922928784782267,0.0011068068622025,-8.720242262753443e-11,-0.004544,11.684891444808017,36.14,264658.0,9564740.12,0.0199999999999995,36.28,36.24
2008-10-02,KIM,77129,KIMCO REALTY CORP,,,-0.050636,0.3430234438156831,0.0002914602156805,-3.5534104161030545e-10,-0.040291,15.693083148818475,34.31,264658.0,9080415.98,0.004999999999999,34.19,34.18
2008-10-03,KIM,77129,KIMCO REALTY CORP,,,-0.085981,0.6677100137240266,0.0009566326530612,-3.9583354817419635e-10,-0.013506,26.171511913488352,31.36,264658.0,8299674.88,0.0150000000000005,31.57,31.54
2008-10-06,KIM,77129,KIMCO REALTY CORP,,,-0.033482,0.3447339926369739,0.0016496205872649,-1.1859741795476708e-10,-0.038518,35.19372170877132,30.31,264658.0,8021783.979999999,0.0250000000000003,30.46,30.41
2008-10-07,KIM,77129,KIMCO REALTY CORP,,,-0.0871,-0.121093372556177,0.0003614022406939,-3.8451743335822844e-10,-0.057395,30.93199525425266,27.67,264658.0,7323086.86,0.0050000000000007,27.66,27.65
2008-10-08,KIM,77129,KIMCO REALTY CORP,,,-0.002168,-0.131840613700772,0.0065193770373053,-1.104842686021173e-11,-0.011333,26.85390201694262,27.61,264658.0,7307207.38,0.0899999999999998,27.72,27.54
2008-10-09,KIM,77129,KIMCO REALTY CORP,,,-0.078957,0.0387077711021373,0.0011797090051121,-4.205895438425488e-10,-0.076167,27.89335670941366,25.43,264658.0,6730252.94,0.0150000000000005,25.82,25.79
2008-10-10,KIM,77129,KIMCO REALTY CORP,,,0.171058,0.5759394218525642,0.0127602417730019,4.937343808783356e-10,-0.011759,43.95824044616071,29.78,264658.0,7881515.24,0.1899999999999995,30.36,29.98
2008-10-13,KIM,77129,KIMCO REALTY CORP,,,0.027535,-0.4969700616302358,0.0045751633986928,1.537603980224855e-10,0.1158,22.112310982475496,30.6,264658.0,8098534.800000001,0.0700000000000002,31.04,30.9
2008-10-14,KIM,77129,KIMCO REALTY CORP,,,-0.105882,0.2028980554321451,0.0010964912280702,-5.497409143063352e-10,-0.005322,26.598855881930643,27.36,264658.0,7241042.88,0.0150000000000005,27.32,27.29
2008-10-15,KIM,77129,KIMCO REALTY CORP,,,-0.09576,-0.1008864140007954,0.0194017784963621,-6.115358185648327e-10,-0.09035,23.91539269547869,24.74,264658.0,6547638.92,0.2400000000000002,24.6,24.12
2008-10-16,KIM,77129,KIMCO REALTY CORP,,,0.017381,0.1629854330584257,0.0003972983710767,9.381120754902528e-11,0.042507,27.8132533307136,25.17,264658.0,6661441.86,0.0050000000000007,25.17,25.16
2008-10-17,KIM,77129,KIMCO REALTY CORP,,,-0.021454,-0.3623964135307702,0.0004060089321965,-1.8559073659487558e-10,-0.006213,17.733830075040242,24.63,264658.0,6518526.54,0.0050000000000007,24.48,24.47
2008-10-20,KIM,77129,KIMCO REALTY CORP,,,-0.055217,0.1480589764349937,0.0004297378599053,-4.4037702819812656e-10,0.047685,20.359482804222807,23.27,264658.0,6158591.66,0.004999999999999,23.24,23.23
2008-10-21,KIM,77129,KIMCO REALTY CORP,,,-0.030082,-0.2373290277081825,0.0035445281346921,-3.243292838173952e-10,-0.0308,15.527586545655147,22.57,264658.0,5973331.0600000005,0.0400000000000009,22.64,22.56
2008-10-22,KIM,77129,KIMCO REALTY CORP,,,-0.123615,0.8839518189560773,0.000505561172902,-8.072092118194155e-10,-0.061013,29.25322491668493,19.78,264658.0,5234935.24,0.0050000000000007,19.91,19.9
2008-10-23,KIM,77129,KIMCO REALTY CORP,,,-0.036906,0.6202451531238296,0.0104986876640419,-1.5444095906806143e-10,0.012634,47.39739588449999,19.05,264658.0,5041734.9,0.0999999999999996,19.12,18.92
2008-10-24,KIM,77129,KIMCO REALTY CORP,,,-0.028871,-0.3081608086670228,0.0048648648648648,-1.7982307940249978e-10,-0.034511,32.79137604002146,18.5,264658.0,4896173.0,0.0449999999999999,18.57,18.48
2008-10-27,KIM,77129,KIMCO REALTY CORP,,,-0.047568,-0.2191968658178257,0.0068104426787741,-3.9840315779729956e-10,-0.031764,25.603609186195012,17.62,264658.0,4663273.96,0.0600000000000005,17.76,17.64
2008-10-28,KIM,77129,KIMCO REALTY CORP,,,0.280363,0.5278179510640182,0.0199468085106382,1.2003938976182683e-09,0.10789,39.11765372669634,22.56,264658.0,5970684.48,0.2249999999999996,22.55,22.1
2008-10-29,KIM,77129,KIMCO REALTY CORP,,,-0.079344,-0.2188683254771656,0.0038517091959556,-4.723843723242365e-10,-0.011079,30.556038358938707,20.77,264658.0,5496946.66,0.0399999999999991,20.7,20.62
2008-10-30,KIM,77129,KIMCO REALTY CORP,,,0.013481,-0.2732567485686727,0.0004750593824227,1.0896999429041202e-10,0.025804,22.206394667835472,21.05,264658.0,5571050.9,0.004999999999999,21.08,21.07
2008-10-31,KIM,77129,KIMCO REALTY CORP,,,0.072684,0.3157169352231543,0.0057573073516387,4.162836338722784e-10,0.015365,29.21732953472028,22.58,264658.0,5975977.64,0.0650000000000012,22.71,22.58
2008-11-03,KIM,77129,KIMCO REALTY CORP,,,-0.049159,-0.57530455474226,0.0009315323707498,-6.972168059332143e-10,-0.002529,12.408466775990146,21.47,264658.0,5682207.26,0.0099999999999997,21.49,21.47
2008-11-04,KIM,77129,KIMCO REALTY CORP,,,0.085235,0.7823690621193666,0.0012875536480687,6.249730077798452e-10,0.040826,22.11646728986088,23.3,264658.0,6166531.4,0.0150000000000005,23.01,22.98
2008-11-05,KIM,77129,KIMCO REALTY CORP,,,-0.116309,0.8988092187313139,0.0024283632831471,-5.082470422780793e-10,-0.052677,41.9949519757574,20.59,264658.0,5449308.22,0.0250000000000003,20.46,20.41
2008-11-06,KIM,77129,KIMCO REALTY CORP,,,-0.028655,-0.5054479364422411,0.0005,-2.6066113597496635e-10,-0.050264,20.768690158619805,20.0,264658.0,5293160.0,0.0050000000000007,20.0,19.99
2008-11-07,KIM,77129,KIMCO REALTY CORP,,,0.0505,0.0283993741585708,0.0066634935744883,4.2521579512149824e-10,0.028855,21.358507961217875,21.01,264658.0,5560464.58,0.0700000000000002,21.07,20.93
2008-11-10,KIM,77129,KIMCO REALTY CORP,,,-0.095669,0.2198064641675658,0.0015789473684211,-7.302486550521796e-10,-0.012653,26.053246076067985,19.0,264658.0,5028502.0,0.0150000000000005,18.93,18.9
2008-11-11,KIM,77129,KIMCO REALTY CORP,,,0.017368,-0.1448978999883977,0.0010346611484738,1.523888233467399e-10,-0.022041,22.27818543176477,19.33,264658.0,5115839.14,0.0099999999999997,19.33,19.31
2008-11-12,KIM,77129,KIMCO REALTY CORP,,,-0.107087,0.5829107376062144,0.0005793742757822,-6.647750248653558e-10,-0.051894,35.264378934322785,17.26,264658.0,4567997.08,0.0050000000000007,17.3,17.29
2008-11-13,KIM,77129,KIMCO REALTY CORP,,,0.110081,0.2445087324547306,0.0078288100208767,4.946495829577512e-10,0.069213,43.88682752835735,19.16,264658.0,5070847.28,0.0749999999999992,19.5,19.35
2008-11-14,KIM,77129,KIMCO REALTY CORP,,,-0.099687,-0.4290055962117951,0.0005797101449274,-8.713614875739405e-10,-0.041699,25.059132918710183,17.25,264658.0,4565350.5,0.004999999999999,17.2,17.19
2008-11-17,KIM,77129,KIMCO REALTY CORP,,,-0.015072,0.0367304473696115,0.0011771630370806,-1.2902105454629596e-10,-0.02581,25.979566081508967,16.99,264658.0,4496539.42,0.0099999999999997,17.0,16.98
2008-11-18,KIM,77129,KIMCO REALTY CORP,,,-0.002943,0.3892112803060052,0.0005903187721368,-1.818828018173596e-11,0.009838,36.09110625788754,16.94,264658.0,4483306.5200000005,0.004999999999999,17.02,17.01
2008-11-19,KIM,77129,KIMCO REALTY CORP,,,-0.246163,0.5310308004773969,0.0023492560689116,-1.3181436161119074e-09,-0.061156,55.256595304128346,12.77,264658.0,3379682.66,0.0150000000000005,12.64,12.61
2008-11-20,KIM,77129,KIMCO REALTY CORP,,,-0.118246,0.2540874310213961,0.0088809946714031,-5.725996847936697e-10,-0.067123,69.29660165194326,11.26,264658.0,2980049.08,0.0499999999999998,11.25,11.15
2008-11-21,KIM,77129,KIMCO REALTY CORP,,,0.001776,-0.0464724453241293,0.0044326241134752,9.00333999580493e-12,0.063248,66.07621912052535,11.28,264658.0,2985342.24,0.0250000000000003,11.55,11.5
2008-11-24,KIM,77129,KIMCO REALTY CORP,,,0.336879,-0.1530798966124568,0.0039787798408488,1.5083424191742231e-09,0.064723,55.96127832901329,15.08,264658.0,3991042.64,0.0300000000000002,14.89,14.83
2008-11-25,KIM,77129,KIMCO REALTY CORP,,,-0.051061,-0.2334746735446234,0.0202655485674354,-3.1430444326985765e-10,0.006551,42.89573714000711,14.31,264658.0,3787255.98,0.1450000000000004,14.41,14.12
2008-11-26,KIM,77129,KIMCO REALTY CORP,,,0.049616,-0.0721502373884626,0.0066577896138481,3.1359923433649686e-10,0.035328,39.8007995224025,15.02,264658.0,3975163.16,0.0499999999999998,15.03,14.93
2008-11-28,KIM,77129,KIMCO REALTY CORP,,,-0.057923,-0.6179843548264601,0.0120141342756183,-1.017270932707641e-09,0.009643,15.111685268360096,14.15,266284.0,3767918.6,0.0849999999999999,15.12,14.95
2008-12-01,KIM,77129,KIMCO REALTY CORP,,,-0.161131,2.0843439363817096,0.0033698399326031,-1.0937236697316306e-09,-0.089295,46.60963482597528,11.87,266284.0,3160791.08,0.0199999999999995,11.79,11.75
2008-12-02,KIM,77129,KIMCO REALTY CORP,,,0.173547,0.3100536603445218,0.0007178750897343,7.662246807924765e-10,0.039941,61.06112271109041,13.93,266284.0,3709336.12,0.0049999999999998,13.94,13.93
2008-12-03,KIM,77129,KIMCO REALTY CORP,,,0.05743,-0.2448953233781888,0.0006788866259334,3.1755507079794365e-10,0.025836,46.107539318922655,14.73,266284.0,3922363.32,0.0049999999999998,14.6,14.59
2008-12-04,KIM,77129,KIMCO REALTY CORP,,,-0.008147,-0.0655090122742858,0.0130047912388774,-4.860213703602513e-11,-0.029308,43.08707995974223,14.61,266284.0,3890409.24,0.0949999999999997,14.58,14.39
2008-12-05,KIM,77129,KIMCO REALTY CORP,,,0.114305,-0.0577248243763836,0.015970515970516,6.494428546763646e-10,0.036499,40.59988583617491,16.28,266284.0,4335103.5200000005,0.1300000000000007,16.5,16.24
2008-12-08,KIM,77129,KIMCO REALTY CORP,,,0.15172,-0.0689661551553495,0.0010666666666666,8.039077376517145e-10,0.038387,37.7998678103078,18.75,266284.0,4992825.0,0.0099999999999997,18.65,18.63
2008-12-09,KIM,77129,KIMCO REALTY CORP,,,-0.1312,-0.1524117033431027,0.0006138735420502,-9.440444559744507e-10,-0.023118,32.03872557119466,16.29,266284.0,4337766.359999999,0.004999999999999,16.27,16.26
2008-12-10,KIM,77129,KIMCO REALTY CORP,,,0.11725,-0.2094615186253136,0.0054945054945053,9.55208423626667e-10,0.011894,25.327845458232563,18.2,266284.0,4846368.8,0.0499999999999989,18.29,18.19
2008-12-11,KIM,77129,KIMCO REALTY CORP,,,-0.180769,0.7878239724808731,0.0060362173038229,-1.0054911120646372e-09,-0.028524,45.28172928151898,14.91,266284.0,3970294.44,0.0449999999999999,14.87,14.78
2008-12-12,KIM,77129,KIMCO REALTY CORP,,,0.072435,0.0486075403473269,0.0150093808630394,3.582770159306921e-10,0.007028,47.48276276456716,15.99,266284.0,4257881.16,0.1200000000000001,15.93,15.69
2008-12-15,KIM,77129,KIMCO REALTY CORP,,,-0.053158,-0.5561654236430216,0.0006605019815059,-6.256631443189884e-10,-0.012686,21.074491895870576,15.14,266284.0,4031539.76,0.0049999999999998,15.23,15.22
2008-12-16,KIM,77129,KIMCO REALTY CORP,,,0.168428,1.0240920916639935,0.0039570378745053,8.382122547240786e-10,0.05136,42.65671238226856,17.69,266284.0,4710563.96,0.0350000000000001,17.85,17.78
2008-12-17,KIM,77129,KIMCO REALTY CORP,,,0.066139,-0.24279853505652,0.0005302226935311,4.0772940886960124e-10,-0.009593,32.29972510552643,18.86,266284.0,5022116.24,0.004999999999999,18.95,18.94
2008-12-18,KIM,77129,KIMCO REALTY CORP,,,-0.069989,0.2136171795974839,0.0028506271379701,-3.822738456044281e-10,-0.021163,39.19950128434303,17.54,266284.0,4670621.359999999,0.0249999999999985,17.56,17.51
2008-12-19,KIM,77129,KIMCO REALTY CORP,,,0.074686,-0.2865340767565288,0.006896551724138,5.320212715903911e-10,0.002937,27.967508374517436,18.85,266284.0,5019453.4,0.0650000000000012,18.71,18.58
2008-12-22,KIM,77129,KIMCO REALTY CORP,,,-0.018568,0.0044714191720489,0.0027027027027027,-1.341704777258075e-10,-0.018302,28.092562827657687,18.5,266284.0,4926254.0,0.0250000000000003,18.64,18.59
2008-12-23,KIM,77129,KIMCO REALTY CORP,,,0.008108,-0.3147341122369863,0.0075067024128686,8.480849524228317e-11,-0.009717,19.250875005633084,18.65,266284.0,4966196.6,0.0700000000000002,18.8,18.66
2008-12-24,KIM,77129,KIMCO REALTY CORP,,,0.018767,-0.7563107174905388,0.0010526315789473,7.906955188162528e-10,0.005781,4.691231917802046,19.0,266284.0,5059396.0,0.0099999999999997,18.95,18.93
2008-12-26,KIM,77129,KIMCO REALTY CORP,,,-0.026316,1.0895773294908744,0.0021621621621621,-5.449513414115183e-10,0.005356,9.802691862823153,18.5,266284.0,4926254.0,0.0199999999999995,18.61,18.57
2008-12-29,KIM,77129,KIMCO REALTY CORP,,,-0.039459,0.8240432134237443,0.0005627462014632,-4.663726789644435e-10,-0.003873,17.88053356566673,17.77,266284.0,4731866.68,0.0050000000000007,17.76,17.75
2008-12-30,KIM,77129,KIMCO REALTY CORP,,,0.024761,-0.1118602062461933,0.0039392234102419,3.295140041721761e-10,0.024407,15.88041339321927,17.77,266284.0,4731866.68,0.0350000000000001,17.84,17.77
2008-12-31,KIM,77129,KIMCO REALTY CORP,,,0.0287,0.456192210371982,0.0038293216630197,2.54964740952625e-10,0.014158,23.124934280692795,18.28,266284.0,4867671.5200000005,0.0350000000000001,18.32,18.25
2009-01-02,KIM,77129,KIMCO REALTY CORP,,,-0.004376,-0.0235960895124882,0.0005494505494504,-3.9989947682255374e-11,0.031608,22.57927626143516,18.2,266284.0,4846368.8,0.004999999999999,18.13,18.12
2009-01-05,KIM,77129,KIMCO REALTY CORP,,,0.032967,0.1745696465696464,0.0053191489361702,2.4830628705161837e-10,-0.004668,26.520932538192305,18.8,266284.0,5006139.2,0.0500000000000007,18.91,18.81
2009-01-06,KIM,77129,KIMCO REALTY CORP,,,0.087766,0.1898302204726638,0.0004889975550121,5.107567735751953e-10,0.007817,31.555407009058,20.45,266284.0,5445507.8,0.004999999999999,20.45,20.44
2009-01-07,KIM,77129,KIMCO REALTY CORP,,,-0.018093,-0.2632606186106846,0.0019920318725099,-1.455506439978464e-10,-0.03001,23.248111039341456,20.08,266284.0,5346982.72,0.0199999999999995,20.07,20.03
2009-01-08,KIM,77129,KIMCO REALTY CORP,,,-0.011454,0.1187445481859592,0.0045340050377833,-8.331687884380847e-11,0.003397,26.00869748088507,19.85,266284.0,5285737.4,0.0449999999999999,19.91,19.82
2009-01-09,KIM,77129,KIMCO REALTY CORP,,,-0.098237,0.2971829562354708,0.0022346368715083,-6.108817505380981e-10,-0.021303,33.738039086088534,17.9,266284.0,4766483.6,0.0199999999999995,17.9,17.86
2009-01-12,KIM,77129,KIMCO REALTY CORP,,,-0.086033,-0.1617560302318592,0.0061124694376528,-6.983070406862368e-10,-0.022564,28.28070781571555,16.36,266284.0,4356406.24,0.0500000000000007,16.43,16.33
2009-01-13,KIM,77129,KIMCO REALTY CORP,,,0.020782,0.1064310090695419,0.0011976047904191,1.4935204840552922e-10,0.001758,31.29065208574304,16.7,266284.0,4446942.8,0.0099999999999997,16.73,16.71
2009-01-14,KIM,77129,KIMCO REALTY CORP,,,-0.053293,0.113871486522167,0.0006325110689436,-3.6319806483371344e-10,-0.03346,34.85376515299455,15.81,266284.0,4209950.04,0.0049999999999998,15.83,15.82
2009-01-15,KIM,77129,KIMCO REALTY CORP,,,0.015813,0.202542829436483,0.0006226650062267,8.822129008191185e-11,0.001329,41.91314536359676,16.06,266284.0,4276521.04,0.0050000000000007,16.35,16.34
2009-01-16,KIM,77129,KIMCO REALTY CORP,,,0.062889,-0.3273242061500967,0.0087873462214412,4.907271001120739e-10,0.007562,28.19395833020384,17.07,266284.0,4545467.88,0.075000000000001,17.1,16.95
2009-01-20,KIM,77129,KIMCO REALTY CORP,,,-0.136497,0.2826602376258724,0.0047489823609225,-9.616407651311795e-10,-0.052816,36.16326929143321,14.74,266284.0,3925026.16,0.0349999999999992,14.78,14.71
2009-01-21,KIM,77129,KIMCO REALTY CORP,,,0.13365,-0.0413720053584223,0.0011968880909636,8.664223530665836e-10,0.043491,34.66712232052996,16.71,266284.0,4449605.640000001,0.0100000000000015,16.67,16.65
2009-01-22,KIM,77129,KIMCO REALTY CORP,,,-0.096349,0.2001993218723257,0.0112582781456953,-5.759092077929484e-10,-0.015162,41.60745670036503,15.1,266284.0,4020888.4,0.0849999999999999,15.27,15.1
2009-01-23,KIM,77129,KIMCO REALTY CORP,,,0.033775,-0.5365723775655722,0.0012812299807816,4.2139977213844445e-10,0.005378,19.28204473419357,15.61,266284.0,4156693.24,0.0100000000000006,15.71,15.69
2009-01-26,KIM,77129,KIMCO REALTY CORP,,,-0.003203,-0.046314149381634,0.0012853470437017,-4.2038174494831867e-11,0.005553,18.389013233990777,15.56,266284.0,4143379.04,0.0099999999999997,15.52,15.5
2009-01-27,KIM,77129,KIMCO REALTY CORP,,,0.007712,-0.1217350460514223,0.0044642857142857,1.1436467811325804e-10,0.010926,16.150425861110694,15.68,266284.0,4175333.12,0.0350000000000001,15.71,15.64
2009-01-28,KIM,77129,KIMCO REALTY CORP,,,0.09949,0.8871320280891037,0.0005800464037123,7.110675066578332e-10,0.033558,30.477985909780536,17.24,266284.0,4590736.159999999,0.0050000000000007,17.23,17.22
2009-01-29,KIM,77129,KIMCO REALTY CORP,,,-0.104988,-0.0527612804652652,0.0032404406999351,-8.850808788303134e-10,-0.03312,28.8699283471782,15.43,266284.0,4108762.12,0.0249999999999994,15.45,15.4
2009-01-30,KIM,77129,KIMCO REALTY CORP,,,-0.068049,0.0136583589156564,0.0013908205841446,-6.072681128920962e-10,-0.022789,29.264244190413244,14.38,266284.0,3829163.92,0.0099999999999997,14.42,14.4
2009-02-02,KIM,77129,KIMCO REALTY CORP,,,-0.018776,0.2032569360675513,0.0007087172218284,-1.4191728850905708e-10,-0.000533,35.212404800889274,14.11,266284.0,3757267.24,0.0049999999999998,14.07,14.06
2009-02-03,KIM,77129,KIMCO REALTY CORP,,,-0.018427,-0.1474750706553618,0.0036101083032491,-1.6643973555167472e-10,0.015834,30.019452914932927,13.85,266284.0,3688033.4,0.0250000000000003,13.89,13.84
2009-02-04,KIM,77129,KIMCO REALTY CORP,,,-0.028881,-0.012384752992982,0.0007434944237918,-2.7199086036874865e-10,-0.007489,29.647669405597032,13.45,266284.0,3581519.8,0.0049999999999998,13.48,13.47
2009-02-05,KIM,77129,KIMCO REALTY CORP,,,-0.100372,0.5720040026853459,0.0561983471074379,-6.684022893171304e-10,0.016366,46.6062549758904,12.1,266284.0,3222036.4,0.3399999999999998,12.53,11.85
2009-02-06,KIM,77129,KIMCO REALTY CORP,,,0.105785,-0.3009387212441078,0.0014947683109117,9.113043660442711e-10,0.026896,32.58062820146911,13.38,266284.0,3562879.9200000004,0.0099999999999997,13.4,13.38
2009-02-09,KIM,77129,KIMCO REALTY CORP,,,0.005232,-0.3813640397892965,0.0007434944237918,7.247792709803824e-11,0.001485,20.155548211683765,13.45,266284.0,3581519.8,0.0049999999999998,13.45,13.44
2009-02-10,KIM,77129,KIMCO REALTY CORP,,,-0.133086,0.824020420711371,0.0137221269296741,-1.165908419411861e-09,-0.049121,36.76413152874375,11.66,266284.0,3104871.44,0.08,11.78,11.62
2009-02-11,KIM,77129,KIMCO REALTY CORP,,,0.010292,0.0252408143252602,0.0008488964346349,8.704808410313206e-11,0.007955,37.69208814649021,11.78,266284.0,3136825.52,0.0049999999999998,11.78,11.77
2009-02-12,KIM,77129,KIMCO REALTY CORP,,,-0.006791,-0.0007572134544875,0.0008547008547008,-5.787374371109864e-11,0.001739,37.66354719021796,11.7,266284.0,3115522.8,0.0049999999999998,11.75,11.74
2009-02-13,KIM,77129,KIMCO REALTY CORP,,,-0.111111,0.0360646911019821,0.0048076923076923,-1.028183314246119e-09,-0.009998,39.0218713854381,10.4,266284.0,2769353.6,0.0250000000000003,10.46,10.41
2009-02-17,KIM,77129,KIMCO REALTY CORP,,,-0.0875,0.0647393392295181,0.0010537407797681,-8.333844158295263e-10,-0.045559,41.54812155443061,9.49,266284.0,2527035.16,0.0049999999999998,9.49,9.48
2009-02-18,KIM,77129,KIMCO REALTY CORP,,,0.031612,-0.1896670161611049,0.0010214504596526,3.601714622154706e-10,-0.00095,33.667813312102865,9.79,266284.0,2606920.36,0.0049999999999998,9.77,9.76
2009-02-19,KIM,77129,KIMCO REALTY CORP,,,-0.060266,0.0846606879935751,0.0010869565217391,-6.736443279563401e-10,-0.012024,36.51815355034474,9.2,266284.0,2449812.8,0.0049999999999998,9.19,9.18
2009-02-20,KIM,77129,KIMCO REALTY CORP,,,0.088044,0.1263651508607393,0.0019980019980019,8.030315343380255e-10,-0.011413,41.132775532889696,10.01,266284.0,2665502.84,0.0099999999999997,9.98,9.96
2009-02-23,KIM,77129,KIMCO REALTY CORP,,,-0.121878,-0.0836117958550168,0.0045506257110353,-1.381414040792144e-09,-0.034699,37.69359030208349,8.79,266284.0,2340636.36,0.0200000000000004,8.82,8.78
2009-02-24,KIM,77129,KIMCO REALTY CORP,,,0.095563,0.2292671262902004,0.0031152647975079,8.042751351991524e-10,0.040103,46.33549143020234,9.63,266284.0,2564314.9200000004,0.0150000000000005,9.64,9.61
2009-02-25,KIM,77129,KIMCO REALTY CORP,,,-0.021807,-0.1031414121766193,0.0021231422505307,-2.0920025238719678e-10,-0.010658,41.556383410193625,9.42,266284.0,2508395.28,0.0099999999999997,9.41,9.39
2009-02-26,KIM,77129,KIMCO REALTY CORP,,,-0.039278,-0.2080825606824631,0.0,-4.95265484895651e-10,-0.01578,32.90922473749831,9.05,266284.0,2409870.2,0.0,9.04,9.04
2009-02-27,KIM,77129,KIMCO REALTY CORP,,,-0.022099,0.1240300346905241,0.0011299435028248,-2.5350627373251594e-10,-0.023564,36.33637178555488,8.85,271081.0,2399066.85,0.0049999999999998,8.85,8.84
2009-03-02,KIM,77129,KIMCO REALTY CORP,,,-0.091525,0.2199063968893717,0.0049751243781095,-9.473632652304131e-10,-0.04662,44.32697238094887,8.04,271081.0,2179491.24,0.0200000000000004,8.06,8.02
2009-03-03,KIM,77129,KIMCO REALTY CORP,,,0.002488,-0.2182886436643863,0.0049627791563276,3.2862588204613256e-11,-0.006407,34.65089770216282,8.06,271081.0,2184912.8600000003,0.0200000000000004,8.07,8.03
2009-03-04,KIM,77129,KIMCO REALTY CORP,,,0.023573,0.0546352680662607,0.0060606060606059,2.8843306683894587e-10,0.023753,36.544058786857065,8.25,271081.0,2236418.25,0.0249999999999994,8.26,8.21
2009-03-05,KIM,77129,KIMCO REALTY CORP,,,-0.126061,0.1735342808689333,0.0055478502080443,-1.503951539882764e-09,-0.042532,42.88570574846633,7.21,271081.0,1954494.01,0.02,7.25,7.21
2009-03-06,KIM,77129,KIMCO REALTY CORP,,,-0.027739,0.2764784310352242,0.0014265335235377,-2.6665372891241143e-10,0.001216,54.7426783876406,7.01,271081.0,1900277.81,0.0049999999999998,7.0,6.99
2009-03-09,KIM,77129,KIMCO REALTY CORP,,,0.059914,-0.3744347931561959,0.0013458950201883,8.686439400160432e-10,-0.010024,34.24511492874824,7.43,271081.0,2014131.83,0.0049999999999998,7.42,7.41
2009-03-10,KIM,77129,KIMCO REALTY CORP,,,0.212651,0.7513896070320578,0.0044395116537179,1.4516508175336067e-09,0.063663,59.97653837782803,9.01,271081.0,2442439.81,0.0199999999999995,9.01,8.97
2009-03-11,KIM,77129,KIMCO REALTY CORP,,,-0.045505,-0.2818956238275364,0.0023255813953489,-4.5320283588151403e-10,0.002446,43.06941467679402,8.6,271081.0,2331296.6,0.0100000000000006,8.64,8.62
2009-03-12,KIM,77129,KIMCO REALTY CORP,,,0.097674,0.3604618296746122,0.0021186440677967,6.514072220689196e-10,0.040729,58.59429469420579,9.44,271081.0,2559004.64,0.0100000000000006,9.47,9.45
2009-03-13,KIM,77129,KIMCO REALTY CORP,,,-0.027542,-0.5370629194525239,0.0010893246187363,-4.0801526749221387e-10,0.007739,27.125471722474096,9.18,271081.0,2488523.58,0.0049999999999998,9.2,9.19
2009-03-16,KIM,77129,KIMCO REALTY CORP,,,-0.138344,0.4793287276287874,0.0075853350189632,-1.6078398019566823e-09,-0.003516,40.127489569538255,7.91,271081.0,2144250.71,0.0299999999999998,7.96,7.9
2009-03-17,KIM,77129,KIMCO REALTY CORP,,,0.059418,0.230349886925665,0.0,5.297906721426028e-10,0.03214,49.3708522544922,8.38,271081.0,2271658.7800000003,0.0,8.37,8.37
2009-03-18,KIM,77129,KIMCO REALTY CORP,,,0.087112,-0.1784660215937534,0.004390779363337,8.696897951319056e-10,0.020858,40.55983266993998,9.11,271081.0,2469547.91,0.0200000000000004,9.14,9.1
2009-03-19,KIM,77129,KIMCO REALTY CORP,,,-0.079034,-0.064856753069577,0.00119189511323,-9.161753992843991e-10,-0.012979,37.92925361792232,8.39,271081.0,2274369.5900000003,0.0049999999999998,8.4,8.39
2009-03-20,KIM,77129,KIMCO REALTY CORP,,,-0.129917,0.3355897256343672,0.0027397260273973,-1.2959751620305622e-09,-0.019769,50.6579214330772,7.3,271081.0,1978891.3,0.0100000000000002,7.32,7.3
2009-03-23,KIM,77129,KIMCO REALTY CORP,,,0.160274,0.2026375578922838,0.0011806375442738,1.1457726672618167e-09,0.070758,60.92311892017515,8.47,271081.0,2296056.0700000003,0.0049999999999998,8.58,8.57
2009-03-24,KIM,77129,KIMCO REALTY CORP,,,-0.062574,-0.3622442492022452,0.0012594458438286,-7.482346641070394e-10,-0.020415,38.8540694478772,7.94,271081.0,2152383.14,0.0049999999999998,7.84,7.83
2009-03-25,KIM,77129,KIMCO REALTY CORP,,,-0.035265,0.1685908512617966,0.0013054830287205,-3.7403913625628956e-10,0.009626,45.404510091079786,7.66,271081.0,2076480.46,0.0049999999999998,7.66,7.65
2009-03-26,KIM,77129,KIMCO REALTY CORP,,,0.05483,-0.1080652892763419,0.0012376237623762,6.181241996965724e-10,0.02332,40.49785857363666,8.08,271081.0,2190334.48,0.0049999999999998,8.11,8.1
2009-03-27,KIM,77129,KIMCO REALTY CORP,,,-0.053218,-0.3164544278661347,0.0013071895424836,-9.270400590596531e-10,-0.020316,27.682131908912837,7.65,271081.0,2073769.65,0.0049999999999998,7.64,7.63
2009-03-30,KIM,77129,KIMCO REALTY CORP,,,-0.088889,0.1268773070721338,0.0014347202295553,-1.508134226779587e-09,-0.034819,31.19436625953128,6.97,271081.0,1889434.57,0.0050000000000003,6.98,6.97
2009-03-31,KIM,77129,KIMCO REALTY CORP,,,0.093257,0.4068139353373856,0.0091863517060367,1.0287611646957084e-09,0.01313,43.88418350031724,7.62,271084.0,2065660.08,0.0350000000000001,7.71,7.64
2009-04-01,KIM,77129,KIMCO REALTY CORP,,,-0.052493,-0.1703807066062557,0.002770083102493,-7.366707819075576e-10,0.016557,36.4071653066946,7.22,271084.0,1957226.48,0.0099999999999997,7.31,7.29
2009-04-02,KIM,77129,KIMCO REALTY CORP,,,0.098338,0.4818732648387946,0.0013351134846461,8.977134661620866e-10,0.028727,53.95080491655723,7.49,271084.0,2030419.16,0.0049999999999998,7.49,7.48
2009-04-03,KIM,77129,KIMCO REALTY CORP,,,0.255007,5.677932609468589,0.001063829787234,2.777668428996258e-10,0.009732,360.2798394593558,9.4,271084.0,2548189.6,0.0049999999999998,9.35,9.34
2009-04-06,KIM,77129,KIMCO REALTY CORP,,,-0.007447,-0.7591067934523852,0.0010718113612004,-3.392589484832212e-11,-0.008332,86.78896578182409,9.33,271084.0,2529213.72,0.0049999999999998,9.36,9.35
2009-04-07,KIM,77129,KIMCO REALTY CORP,,,-0.082529,-0.2770634714860734,0.0011682242990656,-5.66844908914138e-10,-0.023855,62.74291363562586,8.56,271084.0,2320479.04,0.0050000000000007,8.55,8.54
2009-04-08,KIM,77129,KIMCO REALTY CORP,,,0.044392,0.1325741095681007,0.0022371364653245,2.577697769581854e-10,0.011783,71.0609995425772,8.94,271084.0,2423490.96,0.0100000000000006,8.71,8.69
2009-04-09,KIM,77129,KIMCO REALTY CORP,,,0.149888,0.1180055545461624,0.0038910505836576,6.770092329410593e-10,0.038053,79.44659220020363,10.28,271084.0,2786743.52,0.0200000000000004,10.33,10.29
2009-04-13,KIM,77129,KIMCO REALTY CORP,,,-0.0107,-0.412769830103962,0.0009832841691248,-8.319080105666312e-11,0.002533,46.653435835386816,10.17,271084.0,2756924.28,0.0049999999999998,10.14,10.13
2009-04-14,KIM,77129,KIMCO REALTY CORP,,,-0.108161,0.2947023009409346,0.0011025358324145,-7.282927194153602e-10,-0.020065,60.40231072287557,9.07,271084.0,2458731.88,0.0049999999999998,9.04,9.03
2009-04-15,KIM,77129,KIMCO REALTY CORP,,,0.125689,0.0157138407607135,0.0009794319294808,7.40189158967525e-10,0.012549,61.351463015153975,10.21,271084.0,2767767.64,0.0049999999999998,10.24,10.23
2009-04-16,KIM,77129,KIMCO REALTY CORP,,,0.067581,0.0852423728609739,0.0009174311926605,3.4351251547829343e-10,0.015539,66.58120730105797,10.9,271084.0,2954815.6,0.0049999999999998,10.97,10.96
2009-04-17,KIM,77129,KIMCO REALTY CORP,,,0.016514,-0.2422558465519056,0.0018050541516245,1.0897688116903252e-10,0.004969,50.45152056189225,11.08,271084.0,3003610.72,0.0099999999999997,11.17,11.15
2009-04-20,KIM,77129,KIMCO REALTY CORP,,,-0.106498,0.0812043929046693,0.0010101010101009,-7.274787476583623e-10,-0.04279,54.54840566023815,9.9,271084.0,2683731.6,0.0049999999999998,9.87,9.86
2009-04-21,KIM,77129,KIMCO REALTY CORP,,,0.113131,0.2405458775156892,0.0018148820326678,5.596303442988778e-10,0.021252,67.66979976686193,11.02,271084.0,2987345.68,0.0099999999999997,11.2,11.18
2009-04-22,KIM,77129,KIMCO REALTY CORP,,,-0.065336,-0.2174147687007337,0.0058252427184464,-4.418602087555491e-10,-0.007682,52.95738590252468,10.3,271084.0,2792165.2,0.0299999999999993,10.37,10.31
2009-04-23,KIM,77129,KIMCO REALTY CORP,,,0.045631,-0.1807061904861415,0.000928505106778,3.6022527804136217e-10,0.009922,43.38765843797494,10.77,271084.0,2919574.68,0.0049999999999998,10.75,10.74
2009-04-24,KIM,77129,KIMCO REALTY CORP,,,0.083565,0.2783271125772635,0.0017137960582691,4.762571003214252e-10,0.016797,55.463620132505056,11.67,271084.0,3163550.28,0.0100000000000006,11.71,11.69
2009-04-27,KIM,77129,KIMCO REALTY CORP,,,-0.077978,-0.2197229187312525,0.0009293680297397,-6.177302541238553e-10,-0.010067,43.27699163358959,10.76,271084.0,2916863.84,0.0049999999999998,10.77,10.76
2009-04-28,KIM,77129,KIMCO REALTY CORP,,,0.003717,-0.1804597799125447,0.0018518518518519,3.579625430768484e-11,-0.00274,35.467235248114974,10.8,271084.0,2927707.2,0.0100000000000006,10.8,10.78
2009-04-29,KIM,77129,KIMCO REALTY CORP,,,0.049074,0.3779252386994778,0.0052956751985878,3.2693745149718287e-10,0.02161,48.87119859526936,11.33,271084.0,3071381.72,0.0300000000000002,11.39,11.33
2009-04-30,KIM,77129,KIMCO REALTY CORP,,,0.0609,0.3350794824957352,0.0024958402662229,2.86450000589833e-10,-0.00095,48.78165826858954,12.02,362583.0,4358247.66,0.0149999999999996,11.95,11.92
2009-05-01,KIM,77129,KIMCO REALTY CORP,,,-0.072379,-0.3272499067132535,0.000896860986547,-5.455316436843778e-10,0.005396,32.8178651508758,11.15,362583.0,4042800.45,0.0049999999999998,11.16,11.15
2009-05-04,KIM,77129,KIMCO REALTY CORP,,,0.117489,0.2913221056877773,0.0008025682182985,6.136585863298058e-10,0.033868,42.37843473080646,12.46,362583.0,4517784.180000001,0.0049999999999998,12.44,12.43
2009-05-05,KIM,77129,KIMCO REALTY CORP,,,-0.076244,-0.2926843554149827,0.001737619461338,-6.094874048169553e-10,-0.003792,29.974929878124456,11.51,362583.0,4173330.33,0.0100000000000006,11.56,11.54
2009-05-06,KIM,77129,KIMCO REALTY CORP,,,0.050391,0.144887931986309,0.0,3.349639619099491e-10,0.017404,34.317935479600536,12.09,362583.0,4383628.47,0.0,12.07,12.07
2009-05-07,KIM,77129,KIMCO REALTY CORP,,,-0.084367,0.0244713937845071,0.0009033423667569,-5.978559529337905e-10,-0.013202,35.157743192593145,11.07,362583.0,4013793.81,0.0049999999999998,11.11,11.1
2009-05-08,KIM,77129,KIMCO REALTY CORP,,,0.092141,0.3692695095547398,0.0024813895781637,4.3662566026653085e-10,0.024069,48.14042577837351,12.09,362583.0,4383628.47,0.0149999999999996,12.18,12.15
2009-05-11,KIM,77129,KIMCO REALTY CORP,,,-0.057072,-0.3601510177657849,0.0008771929824561,-4.4825319330918957e-10,-0.021512,30.802602438614056,11.4,362583.0,4133446.2,0.0049999999999998,11.4,11.39
2009-05-12,KIM,77129,KIMCO REALTY CORP,,,-0.02193,-0.0985091999820925,0.000896860986547,-1.9534739166470582e-10,-0.000979,27.76826271501973,11.15,362583.0,4042800.45,0.0049999999999998,11.16,11.15
2009-05-13,KIM,77129,KIMCO REALTY CORP,,,-0.087892,-0.0184340951302602,0.0009832841691248,-8.744858408402935e-10,-0.026895,27.256379918529,10.17,362583.0,3687469.11,0.0049999999999998,10.17,10.16
2009-05-14,KIM,77129,KIMCO REALTY CORP,,,0.049164,0.1230534165764416,0.0009372071227741,4.1515164688135183e-10,0.010352,30.610370591009502,10.67,362583.0,3868760.61,0.0049999999999998,10.68,10.67
2009-05-15,KIM,77129,KIMCO REALTY CORP,,,-0.05717,-0.1481691714419577,0.0019880715705764,-6.010918401672298e-10,-0.01141,26.07485734300836,10.06,362583.0,3647584.98,0.0099999999999997,10.12,10.1
2009-05-18,KIM,77129,KIMCO REALTY CORP,,,0.131213,0.3220862464698601,0.0017574692442883,9.224555256683955e-10,0.030389,34.473210271854995,11.38,362583.0,4126194.540000001,0.0100000000000006,11.39,11.37
2009-05-19,KIM,77129,KIMCO REALTY CORP,,,-0.028998,-0.2289069875354017,0.0009049773755655,-2.722762957466289e-10,-0.001737,26.582051557850203,11.05,362583.0,4006542.15,0.0049999999999998,11.07,11.06
2009-05-20,KIM,77129,KIMCO REALTY CORP,,,0.015385,0.3020273495050942,0.0,1.0926689519747244e-10,-0.005131,34.610558134275465,11.22,362583.0,4068181.26,0.0,11.22,11.22
2009-05-21,KIM,77129,KIMCO REALTY CORP,,,0.006239,-0.153619354221783,0.0,5.2028257272869057e-11,-0.016758,29.293706544432585,11.29,362583.0,4093562.07,0.0,11.31,11.31
2009-05-22,KIM,77129,KIMCO REALTY CORP,,,-0.025686,-0.3204285687385844,0.0018181818181817,-3.2350940829743825e-10,-0.001497,19.90716608335195,11.0,362583.0,3988413.0,0.0099999999999997,11.01,10.99
2009-05-26,KIM,77129,KIMCO REALTY CORP,,,0.082727,1.0233028539761708,0.0008396305625524,4.756174083364974e-10,0.026302,40.27822595102363,11.91,362583.0,4318363.53,0.0049999999999998,11.92,11.91
2009-05-27,KIM,77129,KIMCO REALTY CORP,,,-0.036944,-0.0828049465222333,0.003487358326068,-2.4045899185185464e-10,-0.018971,36.942989605138685,11.47,362583.0,4158827.01,0.0200000000000004,11.49,11.45
2009-05-28,KIM,77129,KIMCO REALTY CORP,,,0.008718,-0.2370678392522527,0.0017286084701814,7.373235533907251e-11,0.015419,28.184994883930024,11.57,362583.0,4195085.3100000005,0.0099999999999997,11.61,11.59
2009-05-29,KIM,77129,KIMCO REALTY CORP,,,0.010372,-0.0582715227899877,0.001710863986313,9.219277666039415e-11,0.013575,25.571539409914124,11.69,376352.0,4399554.88,0.0099999999999997,11.66,11.64
2009-06-01,KIM,77129,KIMCO REALTY CORP,,,0.059025,0.2200770997204875,0.0048465266558965,4.0604762412712487e-10,0.025818,31.19924963863617,12.38,376352.0,4659237.760000001,0.0299999999999993,12.45,12.39
2009-06-02,KIM,77129,KIMCO REALTY CORP,,,-0.017771,-0.2317342167792265,0.0008223684210526,-1.6200500183492015e-10,0.001983,23.96931595952725,12.16,376352.0,4576440.32,0.0049999999999998,12.18,12.17
2009-06-03,KIM,77129,KIMCO REALTY CORP,,,0.0,-0.4438248955204026,0.0008223684210526,0.0,-0.013739,13.33113680809455,12.16,376352.0,4576440.32,0.0049999999999998,12.17,12.16
2009-06-04,KIM,77129,KIMCO REALTY CORP,,,0.037829,0.9919875627840228,0.0015847860538826,2.9992831658526766e-10,0.011484,26.55545871949664,12.62,376352.0,4749562.239999999,0.0099999999999997,12.66,12.64
2009-06-05,KIM,77129,KIMCO REALTY CORP,,,-0.017433,-0.2655540213323728,-0.0008064516129032,-1.9153253273401182e-10,-0.002515,19.503549868208484,12.4,376352.0,4666764.8,-0.0049999999999998,12.38,12.39
2009-06-08,KIM,77129,KIMCO REALTY CORP,,,-0.009677,-0.1988229203563936,0.0024429967426709,-1.3400035980834443e-10,-0.001011,15.62579712609472,12.28,376352.0,4621602.56,0.0149999999999996,12.27,12.24
2009-06-09,KIM,77129,KIMCO REALTY CORP,,,-0.032573,0.1155455040130595,0.0008417508417508,-4.179435417336122e-10,0.003503,17.43128773063515,11.88,376352.0,4471061.760000001,0.0049999999999998,11.91,11.9
2009-06-10,KIM,77129,KIMCO REALTY CORP,,,-0.037037,0.51637882413914,0.000874125874126,-3.254455714271354e-10,-0.00348,26.432435592211547,11.44,376352.0,4305466.88,0.0050000000000007,11.46,11.45
2009-06-11,KIM,77129,KIMCO REALTY CORP,,,-0.032343,-0.3185999055076951,0.0009033423667569,-4.3102164443492916e-10,0.006112,18.011064110194713,11.07,376352.0,4166216.64,0.0049999999999998,11.06,11.05
2009-06-12,KIM,77129,KIMCO REALTY CORP,,,0.025294,-0.1168400088515158,0.0017621145374448,3.7226196533978246e-10,0.001397,15.906651220134345,11.35,376352.0,4271595.2,0.0099999999999997,11.36,11.34
2009-06-15,KIM,77129,KIMCO REALTY CORP,,,-0.084582,0.6601854171886745,0.0009624639076036,-8.190922578699051e-10,-0.023769,26.40799039197347,10.39,376352.0,3910297.28,0.0050000000000007,10.38,10.37
2009-06-16,KIM,77129,KIMCO REALTY CORP,,,-0.012512,-0.2133679455059515,0.0019493177387913,-1.5598331786340855e-10,-0.01272,20.773371737097182,10.26,376352.0,3861371.52,0.0099999999999997,10.28,10.26
2009-06-17,KIM,77129,KIMCO REALTY CORP,,,-0.02924,-0.0827310983487036,0.002008032128514,-4.09373889237314e-10,-0.001382,19.05476787688122,9.96,376352.0,3748465.92,0.0099999999999997,9.98,9.96
2009-06-18,KIM,77129,KIMCO REALTY CORP,,,0.004016,-0.0957427523601021,0.0009999999999999,6.193038999491109e-11,0.008411,17.230411954765753,10.0,376352.0,3763520.0,0.0049999999999998,9.99,9.98
2009-06-19,KIM,77129,KIMCO REALTY CORP,,,0.017,0.4055700340802195,0.0019665683382497,1.8339419701276959e-10,0.003114,24.21855071847632,10.17,376352.0,3827499.84,0.0099999999999997,10.2,10.18
2009-06-22,KIM,77129,KIMCO REALTY CORP,,,-0.088496,0.1438884439422032,0.0032362459546924,-9.156254500088639e-10,-0.0306,27.703320295893207,9.27,376352.0,3488783.04,0.0149999999999996,9.27,9.24
2009-06-23,KIM,77129,KIMCO REALTY CORP,,,0.018339,-0.3226391206767566,0.0042372881355931,2.7507903628649326e-10,0.002307,18.76514539579968,9.44,376352.0,3552762.88,0.0199999999999995,9.44,9.4
2009-06-24,KIM,77129,KIMCO REALTY CORP,,,0.033898,0.024085637823372,0.0010245901639344,4.802217435021455e-10,0.006524,19.217115891505824,9.76,376352.0,3673195.52,0.0049999999999998,9.76,9.75
2009-06-25,KIM,77129,KIMCO REALTY CORP,,,0.020492,-0.2056302195675018,0.001004016064257,3.5811281049841636e-10,0.021444,15.265496131281354,9.96,376352.0,3748465.92,0.0049999999999998,9.95,9.94
2009-06-26,KIM,77129,KIMCO REALTY CORP,,,0.001004,0.3137053540346723,0.0010030090270812,1.3342445355277489e-11,-0.001478,20.05436399965989,9.97,376352.0,3752229.44,0.0049999999999998,9.97,9.96
2009-06-29,KIM,77129,KIMCO REALTY CORP,,,-0.009027,-0.1912686319973501,0.001012145748988,-1.4968527787338192e-10,0.009065,16.218593231868038,9.88,376352.0,3718357.76,0.0050000000000007,9.88,9.87
2009-06-30,KIM,77129,KIMCO REALTY CORP,,,0.017206,-0.144677992758728,0.000995024875622,3.2792671640266327e-10,-0.008531,13.87211971771108,10.05,376352.0,3782337.6,0.0050000000000007,10.05,10.04
2009-07-01,KIM,77129,KIMCO REALTY CORP,,,0.020895,-0.2222264787005823,0.0009803921568627,5.044893394485311e-10,0.004362,10.78936740073123,10.2,376352.0,3838790.4,0.0049999999999998,10.19,10.18
2009-07-02,KIM,77129,KIMCO REALTY CORP,,,-0.084314,0.7152637541250062,0.0021413276231262,-1.2960796641512854e-09,-0.029145,18.50661083241221,9.34,376352.0,3515127.68,0.0099999999999997,9.42,9.4
2009-07-06,KIM,77129,KIMCO REALTY CORP,,,0.040685,0.3103374012921751,0.0010288065843621,4.5863141275158774e-10,0.002566,24.249904344868632,9.72,376352.0,3658141.44,0.0049999999999998,9.7,9.69
2009-07-07,KIM,77129,KIMCO REALTY CORP,,,-0.047325,-0.1131320878759656,-0.0010799136069114,-6.314172405125306e-10,-0.019684,21.506462035541198,9.26,376352.0,3485019.52,-0.0049999999999998,9.26,9.27
2009-07-08,KIM,77129,KIMCO REALTY CORP,,,-0.046436,0.914936990363232,0.001132502831257,-3.3929418027841977e-10,-0.001669,41.18351968370037,8.83,376352.0,3323188.16,0.0049999999999998,8.83,8.82
2009-07-09,KIM,77129,KIMCO REALTY CORP,,,-0.039638,-0.2511951998451562,0.0011792452830188,-4.0274445789974134e-10,0.003547,30.838417226426323,8.48,376352.0,3191464.96,0.0049999999999998,8.49,8.48
2009-07-10,KIM,77129,KIMCO REALTY CORP,,,0.01533,-0.2651967499849217,0.0011614401858304,2.0877650675148903e-10,-0.004022,22.66016920329904,8.61,376352.0,3240390.72,0.0049999999999998,8.6,8.59
2009-07-13,KIM,77129,KIMCO REALTY CORP,,,0.031359,0.305152318191412,0.0011261261261261,3.1727120900211293e-10,0.024934,29.574972366295384,8.88,376352.0,3342005.76,0.0049999999999998,8.87,8.86
2009-07-14,KIM,77129,KIMCO REALTY CORP,,,-0.004504,-0.2923112860043484,0.0011312217194569,-6.46822727489449e-11,0.005316,20.929874160360512,8.84,376352.0,3326951.68,0.0049999999999998,8.82,8.81
2009-07-15,KIM,77129,KIMCO REALTY CORP,,,0.057692,0.4461216199060556,0.0010695187165775,5.416744106959946e-10,0.02963,30.267143525210443,9.35,376352.0,3518891.2,0.0049999999999998,9.36,9.35
2009-07-16,KIM,77129,KIMCO REALTY CORP,,,-0.017112,-0.4349887192632845,0.001088139281828,-2.893093548988052e-10,0.008642,17.10127752742114,9.19,376352.0,3458674.88,0.0049999999999998,9.2,9.19
2009-07-17,KIM,77129,KIMCO REALTY CORP,,,-0.105549,1.0580475753950376,0.0012165450121654,-9.694024482405824e-10,-0.000383,35.195242751466715,8.22,376352.0,3093613.4400000004,0.0049999999999998,8.23,8.22
2009-07-20,KIM,77129,KIMCO REALTY CORP,,,0.052311,-0.216846094611122,0.0011560693641618,5.829772449864608e-10,0.011432,27.56329181192076,8.65,376352.0,3255444.8000000003,0.0049999999999998,8.64,8.63
2009-07-21,KIM,77129,KIMCO REALTY CORP,,,-0.006936,-0.3698173229864558,0.0011641443538998,-1.23516264435073e-10,0.003627,17.369909021341723,8.59,376352.0,3232863.68,0.0049999999999998,8.56,8.55
2009-07-22,KIM,77129,KIMCO REALTY CORP,,,0.005821,-0.2872483632136082,0.0,1.4459519505770096e-10,-0.000534,12.380431085792024,8.64,376352.0,3251681.2800000003,0.0,8.65,8.65
2009-07-23,KIM,77129,KIMCO REALTY CORP,,,0.059028,1.7210585053869596,0.0010928961748633,5.088257712650238e-10,0.02329,33.6878773063515,9.15,376352.0,3443620.8000000003,0.0049999999999998,9.15,9.14
2009-07-24,KIM,77129,KIMCO REALTY CORP,,,0.001093,-0.3782466380092282,0.0010917030567685,1.5136960269038486e-11,0.003042,20.94555097355667,9.16,376352.0,3447384.32,0.0049999999999998,9.18,9.17
2009-07-27,KIM,77129,KIMCO REALTY CORP,,,0.031659,-0.0550558804500881,0.001058201058201,4.4975214194830507e-10,0.002982,19.792375223195307,9.45,376352.0,3556526.4,0.0049999999999998,9.45,9.44
2009-07-28,KIM,77129,KIMCO REALTY CORP,,,-0.027513,-0.2264495428855267,0.001088139281828,-5.195671033292688e-10,-0.002606,15.310400901283904,9.19,376352.0,3458674.88,0.0049999999999998,9.2,9.19
2009-07-29,KIM,77129,KIMCO REALTY CORP,,,-0.013058,0.1548220266916575,0.0,-2.1635828348515584e-10,-0.004563,17.68078819828246,9.07,376352.0,3413512.64,0.0,9.09,9.09
2009-07-30,KIM,77129,KIMCO REALTY CORP,,,0.055127,0.7022782603468487,-0.005224660397074,5.08541053401091e-10,0.011896,30.09762137573336,9.57,376352.0,3601688.64,-0.0249999999999994,9.47,9.52
2009-07-31,KIM,77129,KIMCO REALTY CORP,,,0.028213,-0.2292426262216061,0.0010162601626016,3.284052409625876e-10,0.00074,23.197593780389948,9.84,376358.0,3703362.72,0.0049999999999998,9.85,9.84
2009-08-03,KIM,77129,KIMCO REALTY CORP,,,0.025407,0.1062126314342657,0.0009910802775024,2.6072310347493195e-10,0.015342,25.66147125874832,10.09,376358.0,3797452.22,0.0049999999999998,10.12,10.11
2009-08-04,KIM,77129,KIMCO REALTY CORP,,,0.075322,0.6375506062394516,0.000921658986175,4.389496130751995e-10,0.003012,42.02195781675957,10.85,376358.0,4083484.3,0.0049999999999998,10.87,10.86
2009-08-05,KIM,77129,KIMCO REALTY CORP,,,0.047005,-0.0827679525522753,0.0008802816901408,2.8523910883595686e-10,-0.002914,38.5438864060283,11.36,376358.0,4275426.88,0.0049999999999998,11.36,11.35
2009-08-06,KIM,77129,KIMCO REALTY CORP,,,-0.002641,-0.1434755933628837,0.0008826125330981,-1.876039999928965e-11,-0.005625,33.013779433411806,11.33,376358.0,4264136.14,0.0050000000000007,11.3,11.29
2009-08-07,KIM,77129,KIMCO REALTY CORP,,,0.061783,-0.2119678068410463,0.0008312551953449,5.245211538202112e-10,0.013439,26.015921011377465,12.03,376358.0,4527586.74,0.0049999999999998,12.04,12.03
2009-08-10,KIM,77129,KIMCO REALTY CORP,,,-0.019119,-0.1656674803141564,0.0,-1.9833695310289083e-10,-0.003345,21.70592892937044,11.8,376358.0,4441024.4,0.0,11.82,11.82
2009-08-11,KIM,77129,KIMCO REALTY CORP,,,-0.040678,-0.0747074376927973,0.0008833922261483,-4.753949513191737e-10,-0.01266,20.08433459631521,11.32,376358.0,4260372.5600000005,0.0049999999999998,11.34,11.33
2009-08-12,KIM,77129,KIMCO REALTY CORP,,,0.019435,-0.1163264496156848,0.0008665511265164,2.5213218072710166e-10,0.011525,17.747995259832393,11.54,376358.0,4343171.319999999,0.0049999999999998,11.53,11.52
2009-08-13,KIM,77129,KIMCO REALTY CORP,,,-0.005199,-0.0001497095634469,0.0008710801393728,-6.780980511782863e-11,0.00688,17.745338215209987,11.48,376358.0,4320589.84,0.0049999999999998,11.48,11.47
2009-08-14,KIM,77129,KIMCO REALTY CORP,,,-0.027875,0.0018566765489773,0.0008960573476702,-3.733014282813965e-10,-0.008531,17.77828556852784,11.16,376358.0,4200155.28,0.0049999999999998,11.15,11.14
2009-08-17,KIM,77129,KIMCO REALTY CORP,,,-0.06362,0.0319234793005529,0.0009569377990432,-8.817365636694321e-10,-0.024261,18.345830299874056,10.45,376358.0,3932941.1,0.0050000000000007,10.46,10.45
2009-08-18,KIM,77129,KIMCO REALTY CORP,,,0.035407,-0.2277177533818034,0.0009242144177448,6.136875248784628e-10,0.010146,14.16815904006292,10.82,376358.0,4072193.56,0.0049999999999998,10.85,10.84
2009-08-19,KIM,77129,KIMCO REALTY CORP,,,-0.01756,-0.0335690039945238,0.0009407337723425,-3.205574106365439e-10,0.006861,13.692548052651995,10.63,376358.0,4000685.540000001,0.0050000000000007,10.63,10.62
2009-08-20,KIM,77129,KIMCO REALTY CORP,,,0.073377,0.2017736207866804,0.0017528483786152,1.0384036708405415e-09,0.010949,16.4553430510312,11.41,376358.0,4294244.78,0.0099999999999997,11.43,11.41
2009-08-21,KIM,77129,KIMCO REALTY CORP,,,0.056091,0.5703928565661784,0.0,4.786187764029194e-10,0.018623,25.8413531796853,12.05,376358.0,4535113.9,0.0,12.03,12.03
2009-08-24,KIM,77129,KIMCO REALTY CORP,,,-0.011618,-0.2615159990129143,0.0,-1.358194964737083e-10,-0.000546,19.083425887054347,11.91,376358.0,4482423.78,0.0,11.92,11.92
2009-08-25,KIM,77129,KIMCO REALTY CORP,,,0.031906,0.2358051850407954,0.000813669650122,2.9249131184562677e-10,0.002369,23.5833966595635,12.29,376358.0,4625439.819999999,0.0049999999999998,12.31,12.3
2009-08-26,KIM,77129,KIMCO REALTY CORP,,,0.013019,-0.1051961513328375,0.0008032128514056,1.3166578250651338e-10,0.000117,21.10251409562172,12.45,376358.0,4685657.1,0.0049999999999998,12.47,12.46
2009-08-27,KIM,77129,KIMCO REALTY CORP,,,-0.001606,0.2871532718046865,0.0008045052292839,-1.2638885991275186e-11,0.002782,27.16217006148401,12.43,376358.0,4678129.94,0.0049999999999998,12.42,12.41
2009-08-28,KIM,77129,KIMCO REALTY CORP,,,0.020917,-0.1896074422608508,0.0007880220646177,1.9896501286285927e-10,-0.001988,22.01202046987177,12.69,376358.0,4775983.02,0.0049999999999998,12.7,12.69
2009-08-31,KIM,77129,KIMCO REALTY CORP,,,-0.011032,0.398966732654145,0.0007968127490039,-7.584764139411155e-11,-0.008076,30.793429799716236,12.55,376366.0,4723393.3,0.0049999999999998,12.56,12.55
2009-09-01,KIM,77129,KIMCO REALTY CORP,,,-0.057371,-0.1012459446400221,0.004226542688081,-4.6558434084964493e-10,-0.022124,27.67571991093776,11.83,376366.0,4452409.78,0.0249999999999994,11.86,11.81
2009-09-02,KIM,77129,KIMCO REALTY CORP,,,-0.048183,-0.0105316718188974,0.0008880994671403,-4.1518747028789617e-10,-0.003296,27.384248311484036,11.26,376366.0,4237881.16,0.0049999999999998,11.25,11.24
2009-09-03,KIM,77129,KIMCO REALTY CORP,,,0.020426,-0.2839955367971668,0.0017406440382941,2.4089975693608437e-10,0.008535,19.607244012477217,11.49,376366.0,4324445.34,0.0099999999999997,11.48,11.46
2009-09-04,KIM,77129,KIMCO REALTY CORP,,,0.017406,-0.3894843824107324,0.0,3.304918489974653e-10,0.013118,11.970528687500996,11.69,376366.0,4399718.54,0.0,11.68,11.68
2009-09-08,KIM,77129,KIMCO REALTY CORP,,,0.049615,0.8211439859720773,0.0,4.92833741467018e-10,0.008845,21.800056328148663,12.27,376366.0,4618010.82,0.0,12.26,12.26
2009-09-09,KIM,77129,KIMCO REALTY CORP,,,0.031785,-0.0128827028081123,-0.0007898894154818,3.09992901323481e-10,0.007782,21.51921268127301,12.66,376366.0,4764793.56,-0.0049999999999998,12.64,12.65
2009-09-10,KIM,77129,KIMCO REALTY CORP,,,0.024487,-0.1809089898877652,0.0007710100231302,2.8459461909874536e-10,0.010422,17.626193651923924,12.97,376366.0,4881467.0200000005,0.0049999999999998,12.99,12.98
2009-09-11,KIM,77129,KIMCO REALTY CORP,,,0.005397,0.4321289136103952,0.0007668711656442,4.3563603151186193e-11,-0.00135,25.24298156581625,13.04,376366.0,4907812.64,0.0050000000000007,13.05,13.04
2009-09-14,KIM,77129,KIMCO REALTY CORP,,,0.023773,0.0584594657179546,0.0007490636704119,1.7708324022179908e-10,0.006339,26.71867278128205,13.35,376366.0,5024486.1,0.0049999999999998,13.34,13.33
2009-09-15,KIM,77129,KIMCO REALTY CORP,,,0.059925,1.342422434367542,0.0007067137809188,1.797881730794415e-10,0.003135,62.58641853940048,14.15,376366.0,5325578.9,0.0050000000000007,14.13,14.12
2009-09-16,KIM,77129,KIMCO REALTY CORP,,,0.04947,-0.1617718230214727,0.0013468013468013,1.6871850468544278e-10,0.015324,52.46169951589676,14.85,376366.0,5589035.1,0.0099999999999997,14.9,14.88
2009-09-17,KIM,77129,KIMCO REALTY CORP,,,0.027609,-0.0405423200032413,0.0006553079947575,9.550312456654938e-11,-0.00306,50.33478050620938,15.26,376366.0,5743345.16,0.0049999999999998,15.23,15.22
2009-09-18,KIM,77129,KIMCO REALTY CORP,,,-0.02097,-0.0735841387646943,-0.000669344042838,-7.997666466278783e-11,0.002637,46.63093903275004,14.94,376366.0,5622908.04,-0.0049999999999998,14.93,14.94
2009-09-21,KIM,77129,KIMCO REALTY CORP,,,-0.032128,-0.5071081406015852,0.0006915629322268,-2.5684978598196236e-10,-0.003407,22.984010245346287,14.46,376366.0,5442252.36,0.0049999999999998,14.47,14.46
2009-09-22,KIM,77129,KIMCO REALTY CORP,,,0.029737,0.0330620549338758,0.0040295500335796,2.2348061364859087e-10,0.006575,23.74390885467869,14.89,376366.0,5604089.74,0.0300000000000002,14.9,14.84
2009-09-23,KIM,77129,KIMCO REALTY CORP,,,-0.073204,0.0484647061456515,0.0065217391304347,-5.661601666214226e-10,-0.010068,24.894650420069823,13.8,376366.0,5193850.8,0.0449999999999999,13.85,13.76
2009-09-24,KIM,77129,KIMCO REALTY CORP,,,-0.061594,0.1319921020331929,0.0007722007722007,-4.4844463014967053e-10,-0.009511,28.18054765839635,12.95,376366.0,4873939.7,0.0049999999999998,12.95,12.94
2009-09-25,KIM,77129,KIMCO REALTY CORP,,,0.005405,-0.2456299145782655,0.0007680491551459,5.188483544011684e-11,-0.006091,21.258562144295716,13.02,376366.0,4900285.32,0.0049999999999998,13.04,13.03
2009-09-28,KIM,77129,KIMCO REALTY CORP,,,0.056836,-0.049156355455568,0.0007267441860464,5.42939818317488e-10,0.01781,20.213568707056428,13.76,376366.0,5178796.16,0.0049999999999998,13.74,13.73
2009-09-29,KIM,77129,KIMCO REALTY CORP,,,-0.031977,-0.1800149848180133,0.0007507507507507,-3.848346759763514e-10,-0.00223,16.574823443137795,13.32,376366.0,5013195.12,0.0049999999999998,13.31,13.3
2009-09-30,KIM,77129,KIMCO REALTY CORP,,,-0.021021,0.991071142316694,0.0007668711656441,-1.2978655609592162e-10,-0.003328,33.00165264662589,13.04,376366.0,4907812.64,0.0049999999999998,13.03,13.02
2009-10-01,KIM,77129,KIMCO REALTY CORP,,,-0.07362,-0.1269171624787652,0.0008319467554076,-5.647936716349741e-10,-0.02576,28.8131765356063,12.02,376366.0,4523919.32,0.0049999999999998,12.0,11.99
2009-10-02,KIM,77129,KIMCO REALTY CORP,,,-0.024127,-0.1052718939903912,0.000852514919011,-2.119886985167056e-10,-0.004506,25.779958869823524,11.73,376366.0,4414773.18,0.0049999999999998,11.72,11.71
2009-10-05,KIM,77129,KIMCO REALTY CORP,,,0.031543,-0.4107619528584827,0.0008264462809917,4.5596786960963956e-10,0.014875,15.19053261984345,12.1,376366.0,4554028.6,0.0049999999999998,12.1,12.09
2009-10-06,KIM,77129,KIMCO REALTY CORP,,,0.01157,0.6079199608199819,0.0008169934640522,1.028262812101315e-10,0.013705,24.425160614933336,12.24,376366.0,4606719.84,0.0049999999999998,12.24,12.23
2009-10-07,KIM,77129,KIMCO REALTY CORP,,,-0.003268,-0.3617940127055956,0.0008196721311476,-4.5657647558168087e-11,0.002712,15.588283745077929,12.2,376366.0,4591665.2,0.0050000000000007,12.21,12.2
2009-10-08,KIM,77129,KIMCO REALTY CORP,,,0.031148,-0.0972234058872658,0.0007949125596184,4.674773228923861e-10,0.00747,14.07273770744435,12.58,376366.0,4734684.28,0.0049999999999998,12.58,12.57
2009-10-09,KIM,77129,KIMCO REALTY CORP,,,0.009539,0.1548569810252054,0.0007874015748031,1.227953573339749e-10,0.005641,16.25199938357875,12.7,376366.0,4779848.2,0.0049999999999998,12.69,12.68
2009-10-12,KIM,77129,KIMCO REALTY CORP,,,0.005512,-0.2496117187372275,0.0007830853563038,9.404053430241946e-11,0.004386,12.195309884527296,12.77,376366.0,4806193.82,0.0049999999999998,12.77,12.76
2009-10-13,KIM,77129,KIMCO REALTY CORP,,,-0.011746,0.3840388679491928,0.0007923930269413,-1.4651400205354104e-10,-0.002788,16.87878288687076,12.62,376366.0,4749738.92,0.0049999999999998,12.61,12.6
2009-10-14,KIM,77129,KIMCO REALTY CORP,,,0.070523,0.5453200264458646,0.0007401924500369,5.317475364065687e-10,0.017546,26.083121217113128,13.51,376366.0,5084704.66,0.0049999999999998,13.53,13.52
2009-10-15,KIM,77129,KIMCO REALTY CORP,,,0.011103,-0.2943117920299893,0.000732064421669,1.173293965268216e-10,0.004157,18.40655106996913,13.66,376366.0,5141159.56,0.0049999999999998,13.66,13.65
2009-10-16,KIM,77129,KIMCO REALTY CORP,,,-0.036603,-0.2293723656100237,0.0007598784194528,-5.209948261198448e-10,-0.008098,14.184596908328595,13.16,376366.0,4952976.56,0.0049999999999998,13.17,13.16
2009-10-19,KIM,77129,KIMCO REALTY CORP,,,0.017477,0.1141497770951185,0.0007468259895444,2.1943977503813235e-10,0.009405,15.803765483598411,13.39,376366.0,5039540.74,0.0049999999999998,13.39,13.38
2009-10-20,KIM,77129,KIMCO REALTY CORP,,,-0.020911,-0.1845326160053799,0.0007627765064835,-3.288475079803432e-10,-0.006239,12.887455296174467,13.11,376366.0,4934158.26,0.0049999999999998,13.12,13.11
2009-10-21,KIM,77129,KIMCO REALTY CORP,,,0.036613,1.3240351311232064,0.0007358351729212,2.3899874194869186e-10,-0.008854,29.95089885908929,13.59,376366.0,5114813.94,0.0049999999999998,13.59,13.58
2009-10-22,KIM,77129,KIMCO REALTY CORP,,,0.030905,-0.0471590153027279,0.0007137758743754,2.053761174349744e-10,0.010644,28.538443961463045,14.01,376366.0,5272887.66,0.0049999999999998,14.0,13.99
2009-10-23,KIM,77129,KIMCO REALTY CORP,,,-0.024982,-0.3352605461367297,0.0014641288433381,-2.5614411101188566e-10,-0.012179,18.970629653050487,13.66,376366.0,5141159.56,0.0099999999999997,13.69,13.67
2009-10-26,KIM,77129,KIMCO REALTY CORP,,,-0.009517,-0.1322287426994776,0.0007390983000738,-1.1352849546149647e-10,-0.011717,16.462167145810195,13.53,376366.0,5092231.98,0.0049999999999998,13.53,13.52
2009-10-27,KIM,77129,KIMCO REALTY CORP,,,-0.053954,0.8286742632105619,0.0007812499999999,-3.720316899233017e-10,-0.003318,30.10394137621358,12.8,376366.0,4817484.8,0.0049999999999998,12.81,12.8
2009-10-28,KIM,77129,KIMCO REALTY CORP,,,-0.046875,0.0061341029646693,0.0008196721311475,-3.3704806438419754e-10,-0.019541,30.288602052257644,12.2,376366.0,4591665.2,0.0049999999999998,12.2,12.19
2009-10-29,KIM,77129,KIMCO REALTY CORP,,,0.063934,-0.3416172497280606,0.0007704160246532,6.562799371135717e-10,0.02252,19.941493121057693,12.98,376366.0,4885230.68,0.0049999999999998,12.97,12.96
2009-10-30,KIM,77129,KIMCO REALTY CORP,,,-0.026194,0.7395840272873835,0.0015822784810127,-1.5872351824681785e-10,-0.028065,34.6899029136532,12.64,376366.0,4757266.24,0.0100000000000006,12.64,12.62
2009-11-02,KIM,77129,KIMCO REALTY CORP,,,0.011076,-0.3633091045564908,0.0007824726134585,1.0425814316247027e-10,0.006456,22.08674534894225,12.78,376366.0,4809957.48,0.0049999999999998,12.78,12.77
2009-11-03,KIM,77129,KIMCO REALTY CORP,,,0.014867,-0.028967724084834,0.0007710100231302,1.4200629360966042e-10,0.002426,21.4469426037421,12.97,376366.0,4881467.0200000005,0.0049999999999998,12.97,12.96
2009-11-04,KIM,77129,KIMCO REALTY CORP,,,-0.03778,0.3261437827525117,0.000801282051282,-2.828010266470727e-10,0.001043,28.44172959300256,12.48,376366.0,4697047.68,0.0049999999999998,12.49,12.48
2009-11-05,KIM,77129,KIMCO REALTY CORP,,,-0.036058,0.5165117473959551,0.0008312551953449,-1.846391710582989e-10,0.019236,43.13221704404755,12.03,376366.0,4527682.98,0.0049999999999998,12.03,12.02
2009-11-06,KIM,77129,KIMCO REALTY CORP,,,-0.00665,-0.5293005205285366,0.0008368200836821,-7.282791164211115e-11,0.002503,20.30231211108336,11.95,376366.0,4497573.7,0.0050000000000007,11.96,11.95
2009-11-09,KIM,77129,KIMCO REALTY CORP,,,0.071967,0.3122063577233644,0.0007806401249024,5.603072583088401e-10,0.022239,26.640823028647645,12.81,376366.0,4821248.46,0.0049999999999998,12.81,12.8
2009-11-10,KIM,77129,KIMCO REALTY CORP,,,-0.0242,-0.4476348150438329,0.0007999999999999,-3.495594395493283e-10,-6.4e-05,14.715463139603472,12.5,376366.0,4704575.0,0.0049999999999998,12.5,12.49
2009-11-11,KIM,77129,KIMCO REALTY CORP,,,0.024,0.0752744474938611,0.0007812500000001,3.1484559971789837e-10,0.005032,15.8231614970534,12.8,376366.0,4817484.8,0.0050000000000007,12.8,12.79
2009-11-12,KIM,77129,KIMCO REALTY CORP,,,-0.025,-0.2514398938760431,0.000801282051282,-4.4936071428366006e-10,-0.010259,11.8445874494508,12.48,376366.0,4697047.68,0.0049999999999998,12.5,12.49
2009-11-13,KIM,77129,KIMCO REALTY CORP,,,-0.002404,0.875950559680567,0.0008032128514057,-2.3089440077236288e-11,0.005739,22.21986045498265,12.45,376366.0,4685756.7,0.0050000000000007,12.46,12.45
2009-11-16,KIM,77129,KIMCO REALTY CORP,,,0.027309,-0.0227316209881858,0.0007818608287724,2.6125805881713036e-10,0.014468,21.714767008709607,12.79,376366.0,4813721.14,0.0049999999999998,12.79,12.78
2009-11-17,KIM,77129,KIMCO REALTY CORP,,,-0.017201,-0.2586171032828808,0.0007955449482895,-2.2584490527519e-10,0.000919,16.09895686645446,12.57,376366.0,4730920.62,0.0049999999999998,12.58,12.57
2009-11-18,KIM,77129,KIMCO REALTY CORP,,,0.009547,0.2876334769190143,0.0007880220646177,9.642839117274286e-11,-0.000468,20.729555804722,12.69,376366.0,4776084.54,0.0049999999999998,12.68,12.67
2009-11-19,KIM,77129,KIMCO REALTY CORP,,,-0.018913,-0.0962201515015572,0.0008032128514057,-2.1544084210679795e-10,-0.013426,18.734954804631663,12.45,376366.0,4685756.7,0.0050000000000007,12.46,12.45
2009-11-20,KIM,77129,KIMCO REALTY CORP,,,-0.004016,-0.2904470161107328,0.0008064516129032,-6.473276457905649e-11,-0.003215,13.293443084656955,12.4,376366.0,4666938.4,0.0049999999999998,12.41,12.4
2009-11-23,KIM,77129,KIMCO REALTY CORP,,,-0.003226,0.1354932842980492,0.0008090614886731,-4.594237669570237e-11,0.013616,15.094615347826318,12.36,376366.0,4651883.76,0.0049999999999998,12.37,12.36
2009-11-24,KIM,77129,KIMCO REALTY CORP,,,-0.024272,-0.0491454119800742,0.0008291873963515,-3.7257328873628605e-10,-0.000533,14.35278425787664,12.06,376366.0,4538973.96,0.0049999999999998,12.06,12.05
2009-11-25,KIM,77129,KIMCO REALTY CORP,,,0.019071,-0.2506155241674226,0.000813669650122,3.833278302778495e-10,0.004504,10.755753707826957,12.29,376366.0,4625538.14,0.0049999999999998,12.28,12.27
2009-11-27,KIM,77129,KIMCO REALTY CORP,,,-0.035801,-0.1837158172970034,0.0016877637130802,-9.14290471673876e-10,-0.017233,8.77975162474825,11.85,376366.0,4459937.1,0.0100000000000006,11.81,11.79
2009-11-30,KIM,77129,KIMCO REALTY CORP,,,0.039662,1.363363999515797,0.0008116883116882,4.122310239859379e-10,0.003793,20.72997544628044,12.32,376725.0,4641252.0,0.0049999999999998,12.32,12.31
2009-12-01,KIM,77129,KIMCO REALTY CORP,,,-0.005682,-0.0759715730840643,0.0008163265306122,-6.427714513093837e-11,0.012075,19.15508660163249,12.25,376725.0,4614881.25,0.0049999999999998,12.26,12.25
2009-12-02,KIM,77129,KIMCO REALTY CORP,,,0.044898,0.0430004711621074,0.0007812499999999,4.66040822427423e-10,0.000343,19.97876435065366,12.8,376725.0,4822080.0,0.0049999999999998,12.81,12.8
2009-12-03,KIM,77129,KIMCO REALTY CORP,,,-0.003125,0.2750946655151798,0.0,-2.5519011786272028e-11,-0.008402,25.47481584710333,12.76,376725.0,4807011.0,0.0,12.76,12.76
2009-12-04,KIM,77129,KIMCO REALTY CORP,,,0.065047,0.6131603626133166,0.0014716703458424,3.091681716436364e-10,0.005509,41.094963169420666,13.59,376725.0,5119692.75,0.0099999999999997,13.61,13.59
2009-12-07,KIM,77129,KIMCO REALTY CORP,,,-0.037528,-0.3950779963181862,0.0007645259938837,-3.06362254524468e-10,-0.002468,24.85924746167629,13.08,376725.0,4927563.0,0.0049999999999998,13.1,13.09
2009-12-08,KIM,77129,KIMCO REALTY CORP,,,-0.043578,2.755176132662758,0.0007993605115907,-9.905291340353256e-11,-0.010252,93.35085274404406,12.51,376725.0,4712829.75,0.0049999999999998,12.51,12.5
2009-12-09,KIM,77129,KIMCO REALTY CORP,,,-0.007994,-0.6059298900123977,0.0008058017727638,-4.6481072060285145e-11,0.003672,36.786780808281904,12.41,376725.0,4675157.25,0.0049999999999998,12.42,12.41
2009-12-10,KIM,77129,KIMCO REALTY CORP,,,-0.012087,-0.2830753689071689,0.0008156606851549,-9.922893363663819e-11,0.00584,26.37334926007034,12.26,376725.0,4618648.5,0.0049999999999998,12.27,12.26
2009-12-11,KIM,77129,KIMCO REALTY CORP,,,0.019576,-0.1143777363997785,0.0007999999999999,1.7798183905172117e-10,0.003683,23.35682527042272,12.5,376725.0,4709062.5,0.0049999999999998,12.51,12.5
2009-12-14,KIM,77129,KIMCO REALTY CORP,,,0.0016,0.1237058335511587,0.0007987220447284,1.292482777990104e-11,0.006959,26.24620080960913,12.52,376725.0,4716597.0,0.0049999999999998,12.51,12.5
2009-12-15,KIM,77129,KIMCO REALTY CORP,,,-0.001597,-0.16799830090214,0.0007999999999999,-1.5530298425819e-11,-0.005547,21.836883668458423,12.5,376725.0,4709062.5,0.0049999999999998,12.52,12.51
2009-12-16,KIM,77129,KIMCO REALTY CORP,,,0.0,-0.2341457484957151,0.0007999999999999,0.0,0.001128,16.72387019709337,12.5,376725.0,4709062.5,0.0049999999999998,12.5,12.49
2009-12-17,KIM,77129,KIMCO REALTY CORP,,,-0.004,-0.3520943447137438,0.0008032128514056,-7.870777573793459e-11,-0.011811,10.835490078970071,12.45,376725.0,4690226.25,0.0049999999999998,12.45,12.44
2009-12-18,KIM,77129,KIMCO REALTY CORP,,,0.030522,0.6949779519843213,0.0007794232268121,3.438343628143306e-10,0.00583,18.365916782799125,12.83,376725.0,4833381.75,0.0049999999999998,12.82,12.81
2009-12-21,KIM,77129,KIMCO REALTY CORP,,,0.0265,-0.1656621717325008,0.0007593014426727,3.485628602010781e-10,0.010504,15.323379122702235,13.17,376725.0,4961468.25,0.0049999999999998,13.17,13.16
2009-12-22,KIM,77129,KIMCO REALTY CORP,,,0.020501,-0.3067715280544633,0.0007440476190476,3.8117147878692677e-10,0.003564,10.622602694273011,13.44,376725.0,5063184.0,0.0049999999999998,13.44,13.43
2009-12-23,KIM,77129,KIMCO REALTY CORP,,,0.016369,0.1110750162426907,0.000732064421669,2.695086368059198e-10,0.002299,11.802508461079036,13.66,376725.0,5146063.5,0.0049999999999998,13.67,13.66
2009-12-24,KIM,77129,KIMCO REALTY CORP,,,0.022694,-0.5385826417470706,0.0007158196134575,7.91811771680758e-10,0.005256,5.445882274868937,13.97,376725.0,5262848.25,0.0050000000000007,13.96,13.95
2009-12-28,KIM,77129,KIMCO REALTY CORP,,,0.000716,0.3249658802885553,0.0007153075822603,1.884119592754392e-11,0.001154,7.21560820226956,13.98,376725.0,5266615.5,0.0049999999999998,13.97,13.96
2009-12-29,KIM,77129,KIMCO REALTY CORP,,,-0.009299,0.0697494757753007,0.0007220216606498,-2.3089100114799928e-10,-0.001401,7.718893091777822,13.85,376725.0,5217641.25,0.0049999999999998,13.85,13.84
2009-12-30,KIM,77129,KIMCO REALTY CORP,,,0.017329,0.0870043674129097,0.0007178750897343,3.9356061343311016e-10,0.000195,8.39047050235583,13.93,376725.0,5247779.25,0.0049999999999998,13.93,13.92
2009-12-31,KIM,77129,KIMCO REALTY CORP,,,-0.028715,0.6629757347590877,0.0014781966001479,-4.0375169193612325e-10,-0.01005,13.9521859265138,13.53,376751.0,5097441.029999999,0.0100000000000006,13.55,13.53
2010-01-04,KIM,77129,KIMCO REALTY CORP,,,0.009608,0.1916103871397316,0.000732064421669,1.1229265391696248e-10,0.016043,16.625569673338624,13.66,376751.0,5146418.66,0.0049999999999998,13.68,13.67
2010-01-05,KIM,77129,KIMCO REALTY CORP,,,-0.005124,-0.0427063875983843,0.0007358351729212,-6.288014786112147e-11,0.003116,15.915551650825082,13.59,376751.0,5120046.09,0.0049999999999998,13.61,13.6
2010-01-06,KIM,77129,KIMCO REALTY CORP,,,0.004415,0.0282512257763249,0.0007326007326007,5.2459326495916605e-11,0.000546,16.3651854938673,13.65,376751.0,5142651.15,0.0049999999999998,13.66,13.65
2010-01-07,KIM,77129,KIMCO REALTY CORP,,,0.0337,0.1233456597898015,0.0007087172218284,3.4483721539712287e-10,0.004001,18.38376009619085,14.11,376751.0,5315956.609999999,0.0049999999999998,14.12,14.11
2010-01-08,KIM,77129,KIMCO REALTY CORP,,,-0.012757,-0.1861220600337852,0.0007178750897343,-1.6246110554801428e-10,0.002882,14.962136795920914,13.93,376751.0,5248141.43,0.0049999999999998,13.93,13.92
2010-01-11,KIM,77129,KIMCO REALTY CORP,,,0.014357,0.0061025368103602,0.0007077140835103,1.7915595967409862e-10,0.001747,15.053443786479663,14.13,376751.0,5323491.63,0.0050000000000007,14.13,14.12
2010-01-12,KIM,77129,KIMCO REALTY CORP,,,-0.027601,0.7366787742003738,0.0007278020378456,-2.0395215999532287e-10,-0.009381,26.142996302597737,13.74,376751.0,5176558.74,0.0049999999999998,13.75,13.74
2010-01-13,KIM,77129,KIMCO REALTY CORP,,,0.032751,-0.2054033748248624,0.0007047216349541,2.949074053688816e-10,0.008326,20.77313663401026,14.19,376751.0,5346096.69,0.0049999999999998,14.19,14.18
2010-01-14,KIM,77129,KIMCO REALTY CORP,,,-0.015504,-0.2585257401326297,0.0007158196134573,-1.9124706681102302e-10,0.002427,15.402746110826516,13.97,376751.0,5263211.470000001,0.0049999999999998,13.97,13.96
2010-01-15,KIM,77129,KIMCO REALTY CORP,,,-0.025054,0.3570566948130278,0.000734214390602,-2.33587394820875e-10,-0.010823,20.902399728202447,13.62,376751.0,5131348.62,0.0049999999999998,13.61,13.6
2010-01-19,KIM,77129,KIMCO REALTY CORP,,,0.01395,0.0332571428571428,0.0007241129616219,1.2414280395024003e-10,0.0125,21.59755382202038,13.81,376751.0,5202931.3100000005,0.0049999999999998,13.82,13.81
2010-01-20,KIM,77129,KIMCO REALTY CORP,,,-0.014482,-0.0557337560987599,0.0007347538574577,-1.3848954061617462e-10,-0.010598,20.39384102497405,13.61,376751.0,5127581.109999999,0.0049999999999998,13.62,13.61
2010-01-21,KIM,77129,KIMCO REALTY CORP,,,-0.024982,0.2192909389072546,0.0007535795026375,-2.0095346151266216e-10,-0.018945,24.8660255712659,13.27,376751.0,4999485.77,0.0049999999999998,13.29,13.28
2010-01-22,KIM,77129,KIMCO REALTY CORP,,,-0.017332,-0.0228643403819263,0.0007668711656442,-1.451962622534688e-10,-0.022141,24.2974802986588,13.04,376751.0,4912833.04,0.0050000000000007,13.05,13.04
2010-01-25,KIM,77129,KIMCO REALTY CORP,,,0.000767,-0.3258430648561846,0.0007662835249041,9.523754534725788e-12,0.004598,16.380314849861048,13.05,376751.0,4916600.55,0.0049999999999998,13.04,13.03
2010-01-26,KIM,77129,KIMCO REALTY CORP,,,-0.016092,0.0081992448916758,0.0015576323987538,-2.0142898922152122e-10,-0.004203,16.514621062717815,12.84,376751.0,4837482.84,0.0099999999999997,12.83,12.81
2010-01-27,KIM,77129,KIMCO REALTY CORP,,,-0.000779,0.2201256850801203,0.0007794232268121,-7.998033243583901e-12,0.00488,20.14991333798716,12.83,376751.0,4833715.33,0.0049999999999998,12.83,12.82
2010-01-28,KIM,77129,KIMCO REALTY CORP,,,-0.018706,-0.1895145886847131,0.0007942811755361,-2.414806863473383e-10,-0.011818,16.331210799705907,12.59,376751.0,4743295.09,0.0049999999999998,12.6,12.59
2010-01-29,KIM,77129,KIMCO REALTY CORP,,,0.002383,0.1950656611623975,0.0007923930269413,2.568030168912373e-11,-0.009829,19.51686923193303,12.62,376751.0,4754597.62,0.0049999999999998,12.61,12.6
2010-02-01,KIM,77129,KIMCO REALTY CORP,,,0.024564,-0.3888344893240854,0.0007733952049497,4.227437151335176e-10,0.014266,11.928037350929394,12.93,376751.0,4871390.43,0.0049999999999998,12.93,12.92
2010-02-02,KIM,77129,KIMCO REALTY CORP,,,0.006187,0.2372994503660517,0.0007686395080706,8.552726716964035e-11,0.012973,14.758554058250676,13.01,376751.0,4901530.51,0.0049999999999998,13.0,12.99
2010-02-03,KIM,77129,KIMCO REALTY CORP,,,-0.026902,0.0749060302501662,0.0007898894154818,-3.555348188879042e-10,-0.005474,15.864058754986717,12.66,376751.0,4769667.66,0.0049999999999998,12.65,12.64
2010-02-04,KIM,77129,KIMCO REALTY CORP,,,0.0,1.2528610627760677,0.0007898894154818,0.0,-0.031141,35.73952026670135,12.66,376751.0,4769667.66,0.0049999999999998,12.68,12.67
2010-02-05,KIM,77129,KIMCO REALTY CORP,,,0.024487,-0.0993026312857875,0.0007710100231302,1.5567310176941962e-10,0.002897,32.19049186332617,12.97,376751.0,4886460.470000001,0.0049999999999998,12.99,12.98
2010-02-08,KIM,77129,KIMCO REALTY CORP,,,-0.028527,-0.4651049654512772,0.0007936507936507,-3.4900766429492666e-10,-0.008863,17.218534257374234,12.6,376751.0,4747062.6,0.0049999999999998,12.61,12.6
2010-02-09,KIM,77129,KIMCO REALTY CORP,,,0.015873,0.5422762097084983,0.0007812499999999,1.2394707843156854e-10,0.01304,26.55573575119907,12.8,376751.0,4822412.8,0.0049999999999998,12.82,12.81
2010-02-10,KIM,77129,KIMCO REALTY CORP,,,-0.003125,-0.6572679387100321,0.0007836990595611,-7.14219761192338e-11,-0.002233,9.101502053080152,12.76,376751.0,4807342.76,0.0049999999999998,12.78,12.77
2010-02-11,KIM,77129,KIMCO REALTY CORP,,,-0.002351,0.4633129192184311,0.0007855459544383,-3.6806077264175306e-11,0.00968,13.31834553856526,12.73,376751.0,4796040.23,0.0049999999999998,12.74,12.73
2010-02-12,KIM,77129,KIMCO REALTY CORP,,,0.00707,-0.0488072224325886,0.000780031201248,1.155468612308019e-10,-0.002745,12.66831408543043,12.82,376751.0,4829947.82,0.0049999999999998,12.84,12.83
2010-02-16,KIM,77129,KIMCO REALTY CORP,,,0.031981,-0.0735207844451893,0.000755857898715,5.466675288632883e-10,0.018001,11.736929696271543,13.23,376751.0,4984415.73,0.0049999999999998,13.23,13.22
2010-02-17,KIM,77129,KIMCO REALTY CORP,,,0.014361,0.000565367828309,0.0007451564828613,2.418676487291515e-10,0.004238,11.74356537872494,13.42,376751.0,5055998.42,0.0049999999999998,13.43,13.42
2010-02-18,KIM,77129,KIMCO REALTY CORP,,,0.023845,0.1732664316065455,0.0007278020378456,3.3431784997940395e-10,0.006585,13.77833104623478,13.74,376751.0,5176558.74,0.0049999999999998,13.74,13.73
2010-02-19,KIM,77129,KIMCO REALTY CORP,,,-0.002183,-0.1330379502985936,0.0007293946024799,-3.5380597662734697e-11,0.002187,11.945290125308228,13.71,376751.0,5165256.21,0.0049999999999998,13.7,13.69
2010-02-22,KIM,77129,KIMCO REALTY CORP,,,-0.005106,-0.2442671762509999,0.0007331378299121,-1.1006444266651356e-10,-0.001046,9.027447836900231,13.64,376751.0,5138883.640000001,0.0050000000000007,13.63,13.62
2010-02-23,KIM,77129,KIMCO REALTY CORP,,,-0.014663,0.2512128429037663,0.0007440476190476,-2.5637340472553727e-10,-0.012103,11.295258672173398,13.44,376751.0,5063533.44,0.0049999999999998,13.45,13.44
2010-02-24,KIM,77129,KIMCO REALTY CORP,,,0.026786,0.0254259193984256,0.0007246376811595,4.4480933445324455e-10,0.00972,11.582451008756449,13.8,376751.0,5199163.8,0.0050000000000007,13.8,13.79
2010-02-25,KIM,77129,KIMCO REALTY CORP,,,0.01087,0.1335105529711024,0.0007168458781361,1.575342113365647e-10,-0.002081,13.128830447696224,13.95,376751.0,5255676.45,0.0049999999999998,13.95,13.94
2010-02-26,KIM,77129,KIMCO REALTY CORP,,,-0.004301,0.6274386915472172,0.0007199424046076,-3.8466449877232015e-11,0.001405,19.84992589998841,13.89,405533.0,5632853.37,0.0049999999999998,13.92,13.91
2010-03-01,KIM,77129,KIMCO REALTY CORP,,,0.007919,-0.3006161643767546,0.0007142857142856,1.004712085725958e-10,0.010159,13.882717312771094,14.0,405533.0,5677462.0,0.0049999999999998,13.99,13.98
2010-03-02,KIM,77129,KIMCO REALTY CORP,,,0.001429,0.201495586067248,0.0007132667617688,1.50681992603486e-11,0.00233,16.680023573913836,14.02,405533.0,5685572.66,0.0049999999999998,14.0,13.99
2010-03-03,KIM,77129,KIMCO REALTY CORP,,,-0.001427,-0.1714589831911653,0.0007142857142856,-1.818691612607216e-11,0.000429,13.820083692325902,14.0,405533.0,5677462.0,0.0049999999999998,14.0,13.99
2010-03-04,KIM,77129,KIMCO REALTY CORP,,,0.002857,-0.2205727540369346,0.0007122507122506,4.6583345578377965e-11,0.003736,10.77174977128865,14.04,405533.0,5693683.319999999,0.0049999999999998,14.04,14.03
2010-03-05,KIM,77129,KIMCO REALTY CORP,,,0.040598,0.266762813909301,0.000684462696783,5.021652552406619e-10,0.014008,13.64525205100448,14.61,405533.0,5924837.13,0.0049999999999998,14.61,14.6
2010-03-08,KIM,77129,KIMCO REALTY CORP,,,0.009583,-0.4429304611825936,0.0006779661016949,2.1076199158315615e-10,-0.000176,7.6013542671003345,14.75,405533.0,5981611.75,0.0049999999999998,14.75,14.74
2010-03-09,KIM,77129,KIMCO REALTY CORP,,,-0.004746,0.3409459547135536,0.0006811989100817,-7.821197085465347e-11,0.001713,10.1930052548128,14.68,405533.0,5953224.44,0.0049999999999998,14.67,14.66
2010-03-10,KIM,77129,KIMCO REALTY CORP,,,0.004768,-0.1763353977162763,0.0006779661016949,9.494353020475683e-11,0.004525,8.39561761928129,14.75,405533.0,5981611.75,0.0049999999999998,14.75,14.74
2010-03-11,KIM,77129,KIMCO REALTY CORP,,,0.012203,-0.1145769083913413,0.000669792364367,2.7112970949283703e-10,0.004042,7.433673708428167,14.93,405533.0,6054607.69,0.0049999999999998,14.93,14.92
2010-03-12,KIM,77129,KIMCO REALTY CORP,,,0.012726,-0.0465069992702182,0.0013227513227512,2.9281473234993965e-10,-0.000217,7.087955850695258,15.12,405533.0,6131658.96,0.0099999999999997,15.12,15.1
2010-03-15,KIM,77129,KIMCO REALTY CORP,,,-0.001984,0.2420679098246589,0.0006626905235254,-3.682645226246762e-11,0.000452,8.803722508402522,15.09,405533.0,6119492.97,0.0049999999999998,15.1,15.09
2010-03-16,KIM,77129,KIMCO REALTY CORP,,,0.031809,0.4133942076074168,0.0006422607578676,4.0486063389575087e-10,0.007779,12.443130398759164,15.57,405533.0,6314148.8100000005,0.0049999999999998,15.57,15.56
2010-03-17,KIM,77129,KIMCO REALTY CORP,,,0.021195,-0.0303204454925586,0.00062893081761,2.7242829043439296e-10,0.005822,12.065849141746789,15.9,405533.0,6447974.7,0.0049999999999998,15.89,15.88
2010-03-18,KIM,77129,KIMCO REALTY CORP,,,-0.016352,0.1822362101735095,0.0006393861892582,-1.8073646395297878e-10,-0.000326,14.264683761864015,15.64,405533.0,6342536.12,0.0049999999999998,15.62,15.61
2010-03-19,KIM,77129,KIMCO REALTY CORP,,,-0.004476,-0.0732782464389434,0.0006422607578676,-5.3624562148441485e-11,-0.005087,13.21939274978855,15.57,405533.0,6314148.8100000005,0.0049999999999998,15.57,15.56
2010-03-22,KIM,77129,KIMCO REALTY CORP,,,0.01413,-0.2980656233095189,0.0006333122229258,2.3780764575984587e-10,0.005095,9.27914621004949,15.79,405533.0,6403366.069999999,0.0049999999999998,15.79,15.78
2010-03-23,KIM,77129,KIMCO REALTY CORP,,,-0.006333,0.4556205155461068,0.0006373486297004,-7.368925370867959e-11,0.007171,13.506915590099943,15.69,405533.0,6362812.77,0.0049999999999998,15.7,15.69
2010-03-24,KIM,77129,KIMCO REALTY CORP,,,0.01211,-0.2460976722957554,0.0006297229219144,1.8466992576299483e-10,-0.005493,10.182895103481098,15.88,405533.0,6439864.04,0.0050000000000007,15.88,15.87
2010-03-25,KIM,77129,KIMCO REALTY CORP,,,0.011335,0.1547644993340597,0.0006226650062265,1.4800796555758668e-10,-0.001704,11.7588457659426,16.06,405533.0,6512859.98,0.004999999999999,16.06,16.05
2010-03-26,KIM,77129,KIMCO REALTY CORP,,,0.002491,0.1819401920899215,0.0006211180124224,2.7451207709877207e-11,0.000738,13.898252423353956,16.1,405533.0,6529081.300000001,0.0050000000000007,16.12,16.11
2010-03-29,KIM,77129,KIMCO REALTY CORP,,,0.003727,-0.214240090841347,0.0006188118811882,5.207649832203849e-11,0.005683,10.920689561638634,16.16,405533.0,6553413.28,0.0050000000000007,16.16,16.15
2010-03-30,KIM,77129,KIMCO REALTY CORP,,,-0.007426,0.1845010951294963,0.0006234413965086,-8.825490507594296e-11,4.3e-05,12.93556874533022,16.04,405533.0,6504749.319999999,0.004999999999999,16.04,16.03
2010-03-31,KIM,77129,KIMCO REALTY CORP,,,-0.014963,0.3149567272865912,0.0006393861892582,-1.3869433966181678e-10,-0.003273,17.00920982874897,15.64,405545.0,6342723.8,0.0049999999999998,15.65,15.64
2010-04-01,KIM,77129,KIMCO REALTY CORP,,,0.006394,-0.1358944621629457,0.0006353240152477,6.815189332440159e-11,0.007414,14.697752407254436,15.74,405545.0,6383278.3,0.0049999999999998,15.74,15.73
2010-04-05,KIM,77129,KIMCO REALTY CORP,,,0.02033,0.0432674562963459,0.0006226650062265,2.0356644812394947e-10,0.007928,15.333686767189832,16.06,405545.0,6513052.699999999,0.004999999999999,16.06,16.05
2010-04-06,KIM,77129,KIMCO REALTY CORP,,,0.029265,-0.1337621612929163,0.0006049606775558,3.2866456696447056e-10,0.001684,13.28261968462193,16.53,405545.0,6703658.850000001,0.004999999999999,16.54,16.53
2010-04-07,KIM,77129,KIMCO REALTY CORP,,,-0.032668,0.2001596524773981,0.0006253908692934,-3.160183284826338e-10,-0.005877,15.9412642246853,15.99,405545.0,6484664.55,0.0050000000000007,16.01,16.0
2010-04-08,KIM,77129,KIMCO REALTY CORP,,,0.006254,-0.2217203669043604,0.0006215040397763,7.725104371977981e-11,0.003374,12.40676127186872,16.09,405545.0,6525219.05,0.0050000000000007,16.1,16.09
2010-04-09,KIM,77129,KIMCO REALTY CORP,,,0.019267,0.0948623670873496,0.0006097560975608,2.1326188519654583e-10,0.006684,13.583696014005843,16.4,405545.0,6650937.999999999,0.004999999999999,16.38,16.37
2010-04-12,KIM,77129,KIMCO REALTY CORP,,,-0.014634,-0.1505954109787975,0.0006188118811882,-1.9353079734371111e-10,0.001767,11.53805373016558,16.16,405545.0,6553607.2,0.0050000000000007,16.17,16.16
2010-04-13,KIM,77129,KIMCO REALTY CORP,,,0.02104,0.1259830740297487,0.0006060606060607,2.4202393667347066e-10,0.000685,12.991653207412249,16.5,405545.0,6691492.5,0.0050000000000007,16.5,16.49
2010-04-14,KIM,77129,KIMCO REALTY CORP,,,-0.012727,0.1819803746654773,0.0006138735420502,-1.254559384933705e-10,0.01115,15.355879125621078,16.29,405545.0,6606328.05,0.004999999999999,16.29,16.28
2010-04-15,KIM,77129,KIMCO REALTY CORP,,,-0.039288,0.158667201926937,0.0006389776357827,-3.479149808003851e-10,0.000843,17.792353499611632,15.65,405545.0,6346779.25,0.0049999999999998,15.64,15.63
2010-04-16,KIM,77129,KIMCO REALTY CORP,,,-0.033227,0.5412301125339543,0.0006609385327164,-1.9747506610588828e-10,-0.016127,27.42211098645033,15.13,405545.0,6135895.850000001,0.0049999999999998,15.16,15.15
2010-04-19,KIM,77129,KIMCO REALTY CORP,,,0.001322,-0.0560296378890198,0.0006600660066006,8.312286962278503e-12,0.004521,25.88566003772701,15.15,405545.0,6144006.75,0.0049999999999998,15.14,15.13
2010-04-20,KIM,77129,KIMCO REALTY CORP,,,-0.00198,-0.0658328411667206,0.0006613756613756,-1.335335851533961e-11,0.008058,24.1815334919676,15.12,405545.0,6131840.399999999,0.0049999999999998,15.12,15.11
2010-04-21,KIM,77129,KIMCO REALTY CORP,,,0.012566,-0.2381025217453374,0.000653167864141,1.0985060134637183e-10,-0.001019,18.42384938786078,15.31,405545.0,6208893.95,0.0049999999999998,15.32,15.31
2010-04-22,KIM,77129,KIMCO REALTY CORP,,,0.025474,-0.2611453885996493,0.0006369426751592,2.9391319096107904e-10,0.002264,13.612546079966464,15.7,405545.0,6367056.5,0.0049999999999998,15.7,15.69
2010-04-23,KIM,77129,KIMCO REALTY CORP,,,0.003185,-0.1740784349243728,0.0006349206349206,4.4351841698041935e-11,0.007124,11.242895363029996,15.75,405545.0,6387333.75,0.0049999999999998,15.75,15.74
2010-04-26,KIM,77129,KIMCO REALTY CORP,,,0.010159,0.0292137295756114,0.0006285355122564,1.3606862294655952e-10,-0.004296,11.57134226781245,15.91,405545.0,6452220.95,0.0049999999999998,15.92,15.91
2010-04-27,KIM,77129,KIMCO REALTY CORP,,,-0.034569,0.2442943294904851,0.0006510416666666,-3.8543370339607135e-10,-0.023382,14.398155568432603,15.36,405545.0,6229171.2,0.0049999999999998,15.37,15.36
2010-04-28,KIM,77129,KIMCO REALTY CORP,,,0.008464,-0.0870510866400644,0.0006455777921239,1.0250188400497336e-10,0.006463,13.144780480587851,15.49,405545.0,6281892.05,0.0049999999999998,15.49,15.48
2010-04-29,KIM,77129,KIMCO REALTY CORP,,,0.051646,0.1189877691903653,0.0006138735420502,5.314934025034237e-10,0.012943,14.708848586470058,16.29,405545.0,6606328.05,0.004999999999999,16.29,16.28
2010-04-30,KIM,77129,KIMCO REALTY CORP,,,-0.042971,0.0807362827111028,0.0006414368184733,-4.2755489671645377e-10,-0.016648,15.896386344302112,15.59,405545.0,6322446.55,0.0049999999999998,15.6,15.59
2010-05-03,KIM,77129,KIMCO REALTY CORP,,,0.033355,-0.0899685110211425,0.0006207324643079,3.5291614275469086e-10,0.013121,14.466212134288426,16.11,405545.0,6533329.95,0.0050000000000007,16.1,16.09
2010-05-04,KIM,77129,KIMCO REALTY CORP,,,-0.02545,0.297799444321339,0.0006369426751592,-2.1290539655365974e-10,-0.023838,18.77424206931413,15.7,405545.0,6367056.5,0.0049999999999998,15.7,15.69
2010-05-05,KIM,77129,KIMCO REALTY CORP,,,-0.025478,-0.3170952743702224,0.0006535947712418,-3.2026709456100285e-10,-0.006561,12.821018629251997,15.3,405545.0,6204838.5,0.0049999999999998,15.33,15.32
2010-05-06,KIM,77129,KIMCO REALTY CORP,,,-0.01634,1.3919030676026545,0.0019933554817275,-8.729922613830725e-11,-0.032378,30.666633789098626,15.05,405545.0,6103452.25,0.0149999999999996,15.03,15.0
2010-05-07,KIM,77129,KIMCO REALTY CORP,,,-0.002658,-0.2137303303931107,0.0006662225183211,-1.8109130690462183e-11,-0.015308,24.11224401731004,15.01,405545.0,6087230.45,0.0049999999999998,15.01,15.0
2010-05-10,KIM,77129,KIMCO REALTY CORP,,,0.089274,0.0525637616836764,0.0006116207951069,5.304960346499943e-10,0.043974,25.379674265494582,16.35,405545.0,6630660.750000001,0.004999999999999,16.36,16.35
2010-05-11,KIM,77129,KIMCO REALTY CORP,,,0.003058,-0.1668771738919223,0.000609756097561,2.1745004622057884e-11,-0.003397,21.14438594977129,16.4,405545.0,6650937.999999999,0.0050000000000007,16.39,16.38
2010-05-12,KIM,77129,KIMCO REALTY CORP,,,0.012195,-0.3395918367346938,0.000602409638554,1.2972603818062288e-10,0.01374,13.963925088461206,16.6,405545.0,6732047.000000001,0.004999999999999,16.61,16.6
2010-05-13,KIM,77129,KIMCO REALTY CORP,,,-0.024096,0.1068868091117782,0.0006172839506171,-2.3729039889721407e-10,-0.012145,15.45648448384273,16.2,405545.0,6569829.0,0.004999999999999,16.22,16.21
2010-05-14,KIM,77129,KIMCO REALTY CORP,,,-0.029012,0.2678238118788187,0.0006357279084551,-2.3208136402085935e-10,-0.0188,19.596099076551308,15.73,405545.0,6379222.850000001,0.0049999999999998,15.75,15.74
2010-05-17,KIM,77129,KIMCO REALTY CORP,,,-0.008264,-0.0292811214153591,0.0006410256410256,-6.866944801197628e-11,0.001109,19.022303320223404,15.6,405545.0,6326502.0,0.0049999999999998,15.6,15.59
2010-05-18,KIM,77129,KIMCO REALTY CORP,,,-0.036539,-0.1310665767914549,0.0006653359946774,-3.6266781897743354e-10,-0.014196,16.529115141352992,15.03,405545.0,6095341.35,0.0050000000000007,15.05,15.04
2010-05-19,KIM,77129,KIMCO REALTY CORP,,,-0.022621,0.0499903032834574,0.0006807351940096,-2.1878425243932686e-10,-0.00513,17.35541062027642,14.69,405545.0,5957456.05,0.0050000000000007,14.71,14.7
2010-05-20,KIM,77129,KIMCO REALTY CORP,,,-0.060585,0.2930779722664243,0.0014492753623188,-4.823778613044815e-10,-0.038976,22.441899172718195,13.8,405545.0,5596521.0,0.0099999999999997,13.82,13.8
2010-05-21,KIM,77129,KIMCO REALTY CORP,,,0.034783,-0.0515756164022326,0.0007002801120448,2.8218729740326354e-10,0.015024,21.2844443896485,14.28,405545.0,5791182.6,0.0049999999999998,14.27,14.26
2010-05-24,KIM,77129,KIMCO REALTY CORP,,,-0.032913,-0.4771542436108343,0.0007241129616219,-5.280789237079904e-10,-0.012908,11.128481426228902,13.81,405545.0,5600576.45,0.0049999999999998,13.79,13.78
2010-05-25,KIM,77129,KIMCO REALTY CORP,,,0.003621,0.4004786067226518,0.0007215007215007,4.1334611384449205e-11,0.000354,15.585200162743964,13.86,405545.0,5620853.7,0.0049999999999998,13.89,13.88
2010-05-26,KIM,77129,KIMCO REALTY CORP,,,-0.004329,0.2350130527648128,0.0007246376811595,-4.0186993450327706e-11,-0.005661,19.24792563094108,13.8,405545.0,5596521.0,0.0050000000000007,13.8,13.79
2010-05-27,KIM,77129,KIMCO REALTY CORP,,,0.055072,-0.2528343944964706,0.0006868131868131,6.485293250377352e-10,0.032876,14.381388008728994,14.56,405545.0,5904735.2,0.0049999999999998,14.57,14.56
2010-05-28,KIM,77129,KIMCO REALTY CORP,,,-0.017857,-0.0971657836531042,0.0006993006993008,-2.3715080118908743e-10,-0.012375,12.981608401952569,14.3,405620.0,5800366.0,0.0050000000000007,14.3,14.29
2010-06-01,KIM,77129,KIMCO REALTY CORP,,,-0.016084,0.241586903676694,0.0007107320540156,-1.7485376136542654e-10,-0.017165,16.117794980523644,14.07,405620.0,5707073.4,0.0049999999999998,14.08,14.07
2010-06-02,KIM,77129,KIMCO REALTY CORP,,,0.02914,-0.1734860883797053,0.0006906077348066,3.7243100568641045e-10,0.025843,13.321581776046546,14.48,405620.0,5873377.600000001,0.0049999999999998,14.49,14.48
2010-06-03,KIM,77129,KIMCO REALTY CORP,,,-0.004834,-0.2812991579531785,0.0006939625260235,-8.638122443151942e-11,0.004051,9.574232039840243,14.41,405620.0,5844984.2,0.0049999999999998,14.41,14.4
2010-06-04,KIM,77129,KIMCO REALTY CORP,,,-0.076336,1.3980430024462471,0.0007513148009015,-6.158445004898939e-10,-0.034411,22.95942014693556,13.31,405620.0,5398802.2,0.0049999999999998,13.32,13.31
2010-06-07,KIM,77129,KIMCO REALTY CORP,,,0.009016,-0.1722682759213125,0.0007446016381235,8.708994446808604e-11,-0.013532,19.00424042206992,13.43,405620.0,5447476.6,0.0049999999999998,13.45,13.44
2010-06-08,KIM,77129,KIMCO REALTY CORP,,,0.01936,0.061724070830901,0.0007304601899196,1.7279070020459182e-10,0.010976,20.177259503969232,13.69,405620.0,5552937.8,0.0049999999999998,13.68,13.67
2010-06-09,KIM,77129,KIMCO REALTY CORP,,,0.002191,-0.132949671932847,0.0007288629737609,2.250413989896288e-11,-0.005942,17.494699472412602,13.72,405620.0,5565106.4,0.0049999999999998,13.74,13.73
2010-06-10,KIM,77129,KIMCO REALTY CORP,,,0.056122,-0.2594064428849243,0.0006901311249137,7.369855575676171e-10,0.029507,12.956461712933288,14.49,405620.0,5877433.8,0.0049999999999998,14.49,14.48
2010-06-11,KIM,77129,KIMCO REALTY CORP,,,0.003451,-0.0470183049815428,0.0006877579092159,4.739038285854011e-11,0.00438,12.347270844632908,14.54,405620.0,5897714.8,0.0049999999999998,14.54,14.53
2010-06-14,KIM,77129,KIMCO REALTY CORP,,,0.019945,0.2419982828504683,0.0,2.1621287852796247e-10,-0.001805,15.335289186923722,14.83,405620.0,6015344.6,0.0,14.82,14.82
2010-06-15,KIM,77129,KIMCO REALTY CORP,,,0.031018,-0.3127984180827291,0.000654022236756,4.745815220067176e-10,0.023494,10.5384349884128,15.29,405620.0,6201929.8,0.0049999999999998,15.29,15.28
2010-06-16,KIM,77129,KIMCO REALTY CORP,,,-0.018967,0.1438263229308005,0.0006666666666666,-2.5861387218608964e-10,-0.000556,12.054139342241507,15.0,405620.0,6084300.0,0.0049999999999998,15.01,15.0
2010-06-17,KIM,77129,KIMCO REALTY CORP,,,-0.002667,0.2912831840307603,0.0006684491978609,-2.823672723478185e-11,0.001283,15.565307430600068,14.96,405620.0,6068075.2,0.0049999999999998,14.97,14.96
2010-06-18,KIM,77129,KIMCO REALTY CORP,,,0.014037,0.2169126964014192,0.0006591957811469,1.2043486587393695e-10,0.001317,18.94162023568857,15.17,405620.0,6153255.4,0.0049999999999998,15.19,15.18
2010-06-21,KIM,77129,KIMCO REALTY CORP,,,0.002637,-0.2883861982793404,0.0006574621959237,3.17102793037072e-11,-0.003857,13.479118386667324,15.21,405620.0,6169480.2,0.0049999999999998,15.19,15.18
2010-06-22,KIM,77129,KIMCO REALTY CORP,,,-0.036818,0.262537952225921,0.0006825938566552,-3.6408038208168375e-10,-0.016071,17.017898525713722,14.65,405620.0,5942333.0,0.0049999999999998,14.67,14.66
2010-06-23,KIM,77129,KIMCO REALTY CORP,,,0.00273,0.1015095323636785,0.0006807351940095,2.44414687926089e-11,-0.002985,18.74537744687145,14.69,405620.0,5958557.8,0.0049999999999998,14.7,14.69
2010-06-24,KIM,77129,KIMCO REALTY CORP,,,-0.02791,0.1447359768527651,0.0007002801120448,-2.2454983831768e-10,-0.016803,21.45850796311819,14.28,405620.0,5792253.6,0.0049999999999998,14.28,14.27
2010-06-25,KIM,77129,KIMCO REALTY CORP,,,0.028711,-0.1209214154411765,0.0006807351940095,2.554347272457377e-10,0.002859,18.863714806962182,14.69,405620.0,5958557.8,0.0049999999999998,14.69,14.68
2010-06-28,KIM,77129,KIMCO REALTY CORP,,,-0.011572,-0.4592432856302686,0.0006887052341597,-1.926164194145633e-10,-0.002034,10.200680439820522,14.52,405620.0,5889602.399999999,0.0049999999999998,14.52,14.51
2010-06-29,KIM,77129,KIMCO REALTY CORP,,,-0.055096,0.6632830626450117,0.0007374631268436,-5.903991345041872e-10,-0.031017,16.96661900300774,13.56,405620.0,5500207.2,0.0049999999999998,13.56,13.55
2010-06-30,KIM,77129,KIMCO REALTY CORP,,,-0.00885,0.0799767509444928,0.0007440476190476,-8.859616582223008e-11,-0.010113,18.32355406538139,13.44,405620.0,5451532.8,0.0049999999999998,13.43,13.42
2010-07-01,KIM,77129,KIMCO REALTY CORP,,,-0.00744,-0.1457133631128572,0.0007496251874062,-8.7838400389058e-11,-0.00324,15.6535673783344,13.34,405620.0,5410970.8,0.0049999999999998,13.33,13.32
2010-07-02,KIM,77129,KIMCO REALTY CORP,,,-0.023238,-0.1043405676126878,0.0007674597083652,-3.1360193959790207e-10,-0.004662,14.020265272915536,13.03,405620.0,5285228.6,0.0049999999999998,13.01,13.0
2010-07-06,KIM,77129,KIMCO REALTY CORP,,,-0.028396,0.3369322477975698,0.0007898894154818,-2.9501117771961223e-10,0.005359,18.744144766037177,12.66,405620.0,5135149.2,0.0049999999999998,12.66,12.65
2010-07-07,KIM,77129,KIMCO REALTY CORP,,,0.053713,0.0274365382086019,0.0007496251874062,5.154464858819502e-10,0.031331,19.25841921009812,13.34,405620.0,5410970.8,0.0049999999999998,13.33,13.32
2010-07-08,KIM,77129,KIMCO REALTY CORP,,,0.008246,-0.0304931128065952,0.0007434944237918,8.095247865671112e-11,0.009413,18.671170060647896,13.45,405620.0,5455589.0,0.0049999999999998,13.45,13.44
2010-07-09,KIM,77129,KIMCO REALTY CORP,,,0.011152,-0.371193915546518,0.000735294117647,1.7218932426189575e-10,0.007204,11.740545338001084,13.6,405620.0,5516432.0,0.0049999999999998,13.59,13.58
2010-07-12,KIM,77129,KIMCO REALTY CORP,,,0.005882,-0.2242030994078366,0.0007309941520467,1.1638131282552934e-10,0.000733,9.108278684483013,13.68,405620.0,5548881.6,0.0049999999999998,13.68,13.67
2010-07-13,KIM,77129,KIMCO REALTY CORP,,,0.031433,0.7998917309514142,0.0007087172218284,3.3500922498360743e-10,0.015379,16.393915487402,14.11,405620.0,5723298.2,0.0049999999999998,14.11,14.1
2010-07-14,KIM,77129,KIMCO REALTY CORP,,,-0.007087,-0.3150969216656391,0.0007137758743754,-1.1106906775203728e-10,-0.000155,11.228243183274987,14.01,405620.0,5682736.2,0.0049999999999998,14.02,14.01
2010-07-15,KIM,77129,KIMCO REALTY CORP,,,0.004283,-0.0159186720533989,0.0007107320540156,6.791908314217117e-11,0.001196,11.04950446230462,14.07,405620.0,5707073.4,0.0049999999999998,14.07,14.06
2010-07-16,KIM,77129,KIMCO REALTY CORP,,,-0.049751,0.6195586693143533,0.0007479431563202,-5.126389018706141e-10,-0.02882,17.89532074355308,13.37,405620.0,5423139.399999999,0.0050000000000007,13.38,13.37
2010-07-19,KIM,77129,KIMCO REALTY CORP,,,0.022438,-0.3103172744430821,0.0007315288953913,3.2787434291062107e-10,0.005982,12.34209358512894,13.67,405620.0,5544825.4,0.0049999999999998,13.67,13.66
2010-07-20,KIM,77129,KIMCO REALTY CORP,,,0.020483,0.1346730054732132,0.0007168458781361,2.5848803115737976e-10,0.011417,14.004240422069918,13.95,405620.0,5658399.0,0.0049999999999998,13.95,13.94
2010-07-21,KIM,77129,KIMCO REALTY CORP,,,-0.021505,0.1296739666220687,0.0007326007326007,-2.455131487389552e-10,-0.01282,15.82022582712884,13.65,405620.0,5536713.0,0.0049999999999998,13.66,13.65
2010-07-22,KIM,77129,KIMCO REALTY CORP,,,0.054945,0.2316035530621785,0.0006944444444444,4.827949438202247e-10,0.022513,19.48424633893792,14.4,405620.0,5840928.0,0.0049999999999998,14.4,14.39
2010-07-23,KIM,77129,KIMCO REALTY CORP,,,0.022917,-0.142575159429092,0.0006788866259334,2.2959159445306224e-10,0.00822,16.706276810808145,14.73,405620.0,5974782.600000001,0.0049999999999998,14.76,14.75
2010-07-26,KIM,77129,KIMCO REALTY CORP,,,0.029192,-0.3308098695472522,0.0006596306068601,4.246352939656811e-10,0.0112,11.179675558404416,15.16,405620.0,6149199.2,0.0049999999999998,15.15,15.14
2010-07-27,KIM,77129,KIMCO REALTY CORP,,,-0.005937,0.4964606258407391,0.0006635700066356,-5.805504169460877e-11,-0.001049,16.729944282826292,15.07,405620.0,6112693.4,0.0049999999999998,15.06,15.05
2010-07-28,KIM,77129,KIMCO REALTY CORP,,,0.004645,-0.0354406130268198,0.0006605019815059,4.687238108769555e-11,-0.006922,16.137024801538384,15.14,405620.0,6141086.8,0.0049999999999998,15.15,15.14
2010-07-29,KIM,77129,KIMCO REALTY CORP,,,-0.000661,-0.3106408983270949,0.0006609385327164,-9.682203140941852e-12,-0.004159,11.12420492086189,15.13,405620.0,6137030.600000001,0.0049999999999998,15.14,15.13
2010-07-30,KIM,77129,KIMCO REALTY CORP,,,-0.003966,0.2728159212800851,0.0013271400132713,-4.582321086358104e-11,6.4e-05,14.151633800109895,15.07,405833.0,6115903.3100000005,0.0099999999999997,15.08,15.06
2010-08-02,KIM,77129,KIMCO REALTY CORP,,,0.027206,-0.0094198356317035,0.0006459948320413,3.0892294739970813e-10,0.022023,14.018327735792802,15.48,405833.0,6282294.84,0.0049999999999998,15.49,15.48
2010-08-03,KIM,77129,KIMCO REALTY CORP,,,-0.023902,-0.0501309521716967,0.00066181336863,-2.927267924461105e-10,-0.004796,13.315575618542605,15.11,405833.0,6132136.63,0.0049999999999998,15.1,15.09
2010-08-04,KIM,77129,KIMCO REALTY CORP,,,0.005956,-0.1351986528248117,0.000657894736842,8.384698291638839e-11,0.006051,11.515327733328734,15.2,405833.0,6168661.6,0.0049999999999998,15.22,15.21
2010-08-05,KIM,77129,KIMCO REALTY CORP,,,0.007895,-0.0050499646930434,0.0006527415143602,1.108328334274184e-10,-0.001269,11.4571757348466,15.32,405833.0,6217361.5600000005,0.0049999999999998,15.33,15.32
2010-08-06,KIM,77129,KIMCO REALTY CORP,,,-0.016971,0.0830376153300211,0.0006640106241699,-2.2377624811924308e-10,-0.003704,12.408552286285245,15.06,405833.0,6111844.98,0.0049999999999998,15.07,15.06
2010-08-09,KIM,77129,KIMCO REALTY CORP,,,0.012616,-0.3841494896540768,0.000655737704918,2.667522292343824e-10,0.005483,7.64181325816284,15.25,405833.0,6188953.25,0.0049999999999998,15.24,15.23
2010-08-10,KIM,77129,KIMCO REALTY CORP,,,-0.016393,0.3334085705994261,0.0006666666666666,-2.6427748087603476e-10,-0.005967,10.189659293354657,15.0,405833.0,6087495.0,0.0049999999999998,15.0,14.99
2010-08-11,KIM,77129,KIMCO REALTY CORP,,,-0.023333,0.3818344497376249,0.0006825938566552,-2.787211462005475e-10,-0.028179,14.080422242646604,14.65,405833.0,5945453.45,0.0049999999999998,14.67,14.66
2010-08-12,KIM,77129,KIMCO REALTY CORP,,,-0.006826,0.1795495511261222,0.0006872852233676,-6.960237578012706e-11,-0.005379,16.60855573598007,14.55,405833.0,5904870.15,0.0049999999999998,14.56,14.55
2010-08-13,KIM,77129,KIMCO REALTY CORP,,,0.002062,-0.2829399284898298,0.0006858710562414,2.926148551621745e-11,-0.004024,11.909332163722516,14.58,405833.0,5917045.14,0.0049999999999998,14.59,14.58
2010-08-16,KIM,77129,KIMCO REALTY CORP,,,0.006859,-0.1937225854506331,0.0006811989100817,1.1989897929766428e-10,0.00012,9.602225545975807,14.68,405833.0,5957628.44,0.0049999999999998,14.68,14.67
2010-08-17,KIM,77129,KIMCO REALTY CORP,,,0.029292,0.2572557674048603,0.00066181336863,3.956777808284956e-10,0.012192,12.072453447600369,15.11,405833.0,6132136.63,0.0049999999999998,15.1,15.09
2010-08-18,KIM,77129,KIMCO REALTY CORP,,,0.001324,-0.1798587582152916,0.0006609385327164,2.1777975643735743e-11,0.001483,9.901116961903048,15.13,405833.0,6140253.29,0.0049999999999998,15.15,15.14
2010-08-19,KIM,77129,KIMCO REALTY CORP,,,-0.0423,0.132522024787218,0.0006901311249137,-6.414957387621889e-10,-0.016935,11.21323302934951,14.49,405833.0,5880520.17,0.0049999999999998,14.5,14.49
2010-08-20,KIM,77129,KIMCO REALTY CORP,,,-0.007591,-0.352605093721845,0.0006954102920723,-1.7918127446865352e-10,-0.003663,7.259389946110839,14.38,405833.0,5835878.54,0.0049999999999998,14.39,14.38
2010-08-23,KIM,77129,KIMCO REALTY CORP,,,0.0,-0.1197175927497369,0.0006954102920723,0.0,-0.00404,6.390313256930806,14.38,405833.0,5835878.54,0.0049999999999998,14.37,14.36
2010-08-24,KIM,77129,KIMCO REALTY CORP,,,-0.010431,0.4217629366854323,0.0007027406886858,-1.988036483966793e-10,-0.014512,9.085510542513791,14.23,405833.0,5775003.59,0.0049999999999998,14.22,14.21
2010-08-25,KIM,77129,KIMCO REALTY CORP,,,0.026704,0.1342210891733564,0.000684462696783,4.3705056920910326e-10,0.003289,10.304977663226008,14.61,405833.0,5929220.13,0.0049999999999998,14.6,14.59
2010-08-26,KIM,77129,KIMCO REALTY CORP,,,0.004107,0.1995648119365869,0.0006816632583503,5.5805429905017045e-11,-0.007685,12.361488592598434,14.67,405833.0,5953570.11,0.0049999999999998,14.66,14.65
2010-08-27,KIM,77129,KIMCO REALTY CORP,,,0.019087,-0.1807961408894293,0.0006688963210702,3.1066073144676147e-10,0.016587,10.126579159407934,14.95,405833.0,6067203.35,0.0049999999999998,14.95,14.94
2010-08-30,KIM,77129,KIMCO REALTY CORP,,,-0.009365,0.002068277489841,0.00067521944632,-1.5354839771714114e-10,-0.014719,10.147523735132433,14.81,405833.0,6010386.73,0.0049999999999998,14.83,14.82
2010-08-31,KIM,77129,KIMCO REALTY CORP,,,0.006583,0.0413773007624691,0.000670803286936,1.0296828890314755e-10,0.000391,10.5674008767153,14.9075,405833.0,6049955.447500001,0.0049999999999998,14.91,14.9
2010-09-01,KIM,77129,KIMCO REALTY CORP,,,0.026329,0.5160658489950101,0.0006535947712419,2.6467280956083155e-10,0.029505,16.020875581827994,15.3,405833.0,6209244.9,0.0050000000000007,15.3,15.29
2010-09-02,KIM,77129,KIMCO REALTY CORP,,,0.018954,-0.3980128579777907,0.0006414368184733,3.106232360077785e-10,0.009081,9.644361104198031,15.59,405833.0,6326936.47,0.0049999999999998,15.6,15.59
2010-09-03,KIM,77129,KIMCO REALTY CORP,,,0.016677,-0.3682166581502299,0.0006309148264984,4.2550010358760087e-10,0.013219,6.093146688416171,15.85,405833.0,6432453.05,0.0049999999999998,15.86,15.85
2010-09-07,KIM,77129,KIMCO REALTY CORP,,,-0.019558,0.129165318667098,0.0006435006435006,-4.5074083466748734e-10,-0.011471,6.880169922110819,15.54,405833.0,6306644.819999999,0.0049999999999998,15.54,15.53
2010-09-08,KIM,77129,KIMCO REALTY CORP,,,-0.001287,-0.0102786333357209,0.0006443298969072,-3.0007330462080246e-11,0.006439,6.809451178193986,15.52,405833.0,6298528.16,0.0049999999999998,15.52,15.51
2010-09-09,KIM,77129,KIMCO REALTY CORP,,,-0.005799,-0.1375429708702732,0.000648088139987,-1.5768495106926383e-10,0.004832,5.872859033149103,15.43,405833.0,6262003.19,0.0049999999999998,15.44,15.43
2010-09-10,KIM,77129,KIMCO REALTY CORP,,,0.007777,-0.1037593354032054,0.0006430868167202,2.3413164990559616e-10,0.004863,5.26349508295284,15.55,405833.0,6310703.15,0.0049999999999998,15.54,15.53
2010-09-13,KIM,77129,KIMCO REALTY CORP,,,0.019936,0.0824399606759982,0.0006305170239596,5.436375482077468e-10,0.011131,5.697417410609783,15.86,405833.0,6436511.38,0.0049999999999998,15.86,15.85
2010-09-14,KIM,77129,KIMCO REALTY CORP,,,0.001261,0.2366577285701929,0.0006297229219143,2.777088216178237e-11,-0.000713,7.045755273720964,15.88,405833.0,6444628.04,0.0049999999999998,15.89,15.88
2010-09-15,KIM,77129,KIMCO REALTY CORP,,,0.007557,-0.0503951878016366,0.0006249999999999,1.7394486797039002e-10,0.003541,6.690683113497424,16.0,405833.0,6493328.0,0.0049999999999998,16.0,15.99
2010-09-16,KIM,77129,KIMCO REALTY CORP,,,-0.005625,0.2509115014915479,0.0006285355122564,-1.0408974434559528e-10,-0.000364,8.369452459509207,15.91,405833.0,6456803.03,0.0049999999999998,15.93,15.92
2010-09-17,KIM,77129,KIMCO REALTY CORP,,,0.014613,0.5434846611317199,0.0006194827319187,1.7267197881833676e-10,0.000827,12.918121493323609,16.1425,405833.0,6551159.2025,0.004999999999999,16.15,16.14
2010-09-20,KIM,77129,KIMCO REALTY CORP,,,0.040731,0.099702437721741,0.0005952380952381,4.2052699524990646e-10,0.01521,14.20608969699359,16.8,405833.0,6817994.4,0.0050000000000007,16.8,16.79
2010-09-21,KIM,77129,KIMCO REALTY CORP,,,-0.000595,1.5219502887967669,0.0005955926146516,-2.437293537171688e-12,-0.002564,35.82705201400576,16.79,405833.0,6813936.069999999,0.0050000000000007,16.8,16.79
2010-09-22,KIM,77129,KIMCO REALTY CORP,,,-0.007147,-0.2438960645951113,0.0005998800239952,-3.8998531249942696e-11,-0.004825,27.0889750217454,16.67,405833.0,6765236.11,0.0050000000000007,16.69,16.68
2010-09-23,KIM,77129,KIMCO REALTY CORP,,,-0.034193,-0.1710995488284092,0.0006211180124222,-2.330606873862319e-10,-0.008331,22.45406361730071,16.1,405833.0,6533911.300000001,0.004999999999999,16.11,16.1
2010-09-24,KIM,77129,KIMCO REALTY CORP,,,0.034161,-0.5274345411847332,0.0006006006006004,4.764442123660014e-10,0.021194,10.6110148755769,16.65,405833.0,6757119.449999999,0.004999999999999,16.65,16.64
2010-09-27,KIM,77129,KIMCO REALTY CORP,,,-0.027027,-0.1595569282214429,0.0006172839506171,-4.609674329501916e-10,-0.005667,8.917953936717813,16.2,405833.0,6574494.6,0.004999999999999,16.22,16.21
2010-09-28,KIM,77129,KIMCO REALTY CORP,,,-0.000617,0.7965296198054819,0.0006176652254476,-5.861264904664673e-12,0.00485,16.021368395374452,16.19,405833.0,6570436.2700000005,0.004999999999999,16.18,16.17
2010-09-29,KIM,77129,KIMCO REALTY CORP,,,-0.027177,-0.1115349123346662,0.0006349206349206,-2.9869890069308427e-10,-0.002588,14.23442647591497,15.75,405833.0,6391869.75,0.0049999999999998,15.73,15.72
2010-09-30,KIM,77129,KIMCO REALTY CORP,,,-0.000635,0.2188928126298297,0.0006353240152477,-5.729492418762701e-12,-0.003084,17.35024012340051,15.74,405833.0,6387811.42,0.0049999999999998,15.74,15.73
2010-10-01,KIM,77129,KIMCO REALTY CORP,,,0.013342,-0.1425447005524548,0.0006333122229258,1.3995050480782743e-10,0.004416,14.8770553404972,15.79,405833.0,6408103.069999999,0.0049999999999998,15.82,15.81
2010-10-04,KIM,77129,KIMCO REALTY CORP,,,0.030399,0.1638730621438981,0.0006146281499693,2.6588986951637675e-10,-0.008035,17.31500395482871,16.27,405833.0,6602902.91,0.0050000000000007,16.3,16.29
2010-10-05,KIM,77129,KIMCO REALTY CORP,,,0.02397,-0.0793510744272093,0.0006002400960385,2.2239705539989518e-10,0.020861,15.941039787301673,16.66,405833.0,6761177.78,0.0050000000000007,16.67,16.66
2010-10-06,KIM,77129,KIMCO REALTY CORP,,,0.009004,0.0960830988963428,0.0005948839976203,7.553709652481539e-11,-0.000672,17.472704289695514,16.81,405833.0,6822052.73,0.004999999999999,16.83,16.82
2010-10-07,KIM,77129,KIMCO REALTY CORP,,,-0.000595,-0.1468904244817374,0.0005952380952379,-5.854575109377239e-12,-0.001647,14.906131339738266,16.8,405833.0,6817994.4,0.004999999999999,16.81,16.8
2010-10-08,KIM,77129,KIMCO REALTY CORP,,,0.001191,-0.2945416074321421,0.0005945303210464,1.6592127012049644e-11,0.006122,10.515655454337129,16.82,405833.0,6826111.0600000005,0.0050000000000007,16.82,16.81
2010-10-11,KIM,77129,KIMCO REALTY CORP,,,-0.002378,-0.2629581029149873,0.0005959475566148,-4.5055105539216387e-11,0.000146,7.750478645156998,16.78,405833.0,6809877.74,0.004999999999999,16.79,16.78
2010-10-12,KIM,77129,KIMCO REALTY CORP,,,0.007151,0.1540662554841991,0.0005917159763314,1.1656641726571798e-10,0.003819,8.944565868226587,16.9,405833.0,6858577.699999999,0.0050000000000007,16.91,16.9
2010-10-13,KIM,77129,KIMCO REALTY CORP,,,0.00355,-0.0242424242424242,0.0005896226415093,5.909543696664287e-11,0.007121,8.727727907784729,16.96,405833.0,6882927.680000001,0.004999999999999,16.95,16.94
2010-10-14,KIM,77129,KIMCO REALTY CORP,,,-0.012972,0.0490118577075098,0.0005973715651135,-2.085559248210876e-10,-0.003641,9.155490066110938,16.74,405833.0,6793644.419999999,0.0050000000000007,16.75,16.74
2010-10-15,KIM,77129,KIMCO REALTY CORP,,,0.017324,0.9821024868123588,0.0005871990604815,1.381269640824685e-10,0.002028,18.14711962802433,17.03,405833.0,6911335.99,0.0050000000000007,17.05,17.04
2010-10-18,KIM,77129,KIMCO REALTY CORP,,,0.004698,-0.4217822857685989,0.0005844535359437,6.44787411202425e-11,0.007244,10.492986031200026,17.11,405833.0,6943802.63,0.004999999999999,17.11,17.1
2010-10-19,KIM,77129,KIMCO REALTY CORP,,,-0.018118,-0.0404142400901746,0.0005952380952381,-2.6391904190891046e-10,-0.015877,10.06891997447226,16.8,405833.0,6817994.4,0.0050000000000007,16.82,16.81
2010-10-20,KIM,77129,KIMCO REALTY CORP,,,0.029762,0.1571592883537673,0.0005780346820808,3.6382506520233656e-10,0.010524,11.651344272151352,17.3,405833.0,7020910.9,0.004999999999999,17.29,17.28
2010-10-21,KIM,77129,KIMCO REALTY CORP,,,0.004624,0.2540129004969864,0.0005753739930956,4.4868614140475706e-11,0.001774,14.610936025409467,17.38,405833.0,7053377.54,0.0050000000000007,17.37,17.36
2010-10-22,KIM,77129,KIMCO REALTY CORP,,,-0.002877,-0.5209288990825688,0.0005770340450087,-5.844076979230127e-11,0.002389,6.999677207127069,17.33,405833.0,7033085.89,0.0050000000000007,17.34,17.33
2010-10-25,KIM,77129,KIMCO REALTY CORP,,,-0.003462,0.1915372971450699,0.0005790387955993,-5.922454237664838e-11,0.002147,8.34037646026814,17.27,405833.0,7008735.91,0.0050000000000007,17.26,17.25
2010-10-26,KIM,77129,KIMCO REALTY CORP,,,-0.011581,-0.1343653982510044,0.0005858230814292,-2.3155007187829276e-10,1.7e-05,7.219718455620908,17.07,405833.0,6927569.3100000005,0.004999999999999,17.06,17.05
2010-10-27,KIM,77129,KIMCO REALTY CORP,,,-0.001757,0.1901706484641638,0.0005868544600939,-2.956822913469192e-11,-0.002691,8.592696996055027,17.04,405833.0,6915394.319999999,0.0050000000000007,17.05,17.04
2010-10-28,KIM,77129,KIMCO REALTY CORP,,,0.01115,-0.3058327598072953,0.0005803830528149,2.673305671452747e-10,0.001125,5.964768759563663,17.23,405833.0,6992502.59,0.0050000000000007,17.25,17.24
2010-10-29,KIM,77129,KIMCO REALTY CORP,,,-0.001161,0.3942248110050812,0.0005810575246948,-1.99883788495061e-11,-0.000439,8.31622859649166,17.21,405833.0,6984385.930000001,0.004999999999999,17.22,17.21
2010-11-01,KIM,77129,KIMCO REALTY CORP,,,-0.000581,-0.0379851851851852,0.000581395348837,-1.0403803673599194e-11,0.000947,8.000335113211593,17.2,405833.0,6980327.6,0.004999999999999,17.2,17.19
2010-11-02,KIM,77129,KIMCO REALTY CORP,,,-0.00814,0.5988049772083281,0.0005861664712779,-9.191668418804932e-11,0.007759,12.790975598337248,17.06,405833.0,6923510.98,0.0050000000000007,17.05,17.04
2010-11-03,KIM,77129,KIMCO REALTY CORP,,,-0.00762,-0.2007898285494124,0.0005906674542233,-1.0848906889342047e-10,0.003678,10.222677800967393,16.93,405833.0,6870752.69,0.0050000000000007,16.92,16.91
2010-11-04,KIM,77129,KIMCO REALTY CORP,,,0.040165,1.6431412249620363,0.0005678591709254,2.0799649449393688e-10,0.019283,27.01998112524117,17.61,405833.0,7146719.13,0.004999999999999,17.63,17.62
2010-11-05,KIM,77129,KIMCO REALTY CORP,,,0.026689,-0.5947417377982053,0.0,3.3217703018177257e-10,0.003923,10.95007059554053,18.08,405833.0,7337460.64,0.0,18.07,18.07
2010-11-08,KIM,77129,KIMCO REALTY CORP,,,0.003319,-0.1739913139359571,0.0005512679162071,4.9844940035741176e-11,-0.002121,9.044853424930944,18.14,405833.0,7361810.62,0.004999999999999,18.15,18.14
2010-11-09,KIM,77129,KIMCO REALTY CORP,,,-0.035832,1.0119595717438092,0.0005717552887363,-2.7740424229216733e-10,-0.008052,18.197879423309587,17.49,405833.0,7098019.169999999,0.004999999999999,17.49,17.48
2010-11-10,KIM,77129,KIMCO REALTY CORP,,,0.005718,-0.4157177095040147,0.0005685048322911,7.533337885658184e-11,0.004376,10.632698671621084,17.59,405833.0,7138602.47,0.0050000000000007,17.59,17.58
2010-11-11,KIM,77129,KIMCO REALTY CORP,,,-0.019329,-0.2864591782345715,0.0005797101449276,-3.63923916573704e-10,-0.004242,7.586864547732688,17.25,405833.0,7000619.25,0.0050000000000007,17.26,17.25
2010-11-12,KIM,77129,KIMCO REALTY CORP,,,-0.017971,0.5685936992530043,0.000590318772137,-2.1965378085746938e-10,-0.011808,11.900707926659488,16.94,405833.0,6874811.0200000005,0.0050000000000007,16.94,16.93
2010-11-15,KIM,77129,KIMCO REALTY CORP,,,-0.025384,0.1566142824606082,0.0006056935190792,-2.7523539299887415e-10,-0.001217,13.764528759366538,16.51,405833.0,6700302.830000001,0.004999999999999,16.52,16.51
2010-11-16,KIM,77129,KIMCO REALTY CORP,,,-0.050273,0.3298544601779416,0.0006377551020408,-4.3159452185305583e-10,-0.016205,18.30481996289114,15.68,405833.0,6363461.44,0.0049999999999998,15.69,15.68
2010-11-17,KIM,77129,KIMCO REALTY CORP,,,0.01148,-0.2573263155060777,0.0006305170239596,1.3119819171406622e-10,0.000212,13.594508085838264,15.86,405833.0,6436511.38,0.0049999999999998,15.86,15.85
2010-11-18,KIM,77129,KIMCO REALTY CORP,,,0.023329,-0.1207155933370792,0.0006161429451631,2.963039056649854e-10,0.015357,11.953438976130576,16.23,405833.0,6586669.59,0.004999999999999,16.24,16.23
2010-11-19,KIM,77129,KIMCO REALTY CORP,,,0.008626,-0.2284636474201727,0.0006108735491751,1.4078751830678414e-10,0.00254,9.22251270842933,16.37,405833.0,6643486.21,0.004999999999999,16.36,16.35
2010-11-22,KIM,77129,KIMCO REALTY CORP,,,0.001222,-0.0466495671689644,0.0006101281269065,2.089503310016049e-11,-0.001575,8.792286482370827,16.39,405833.0,6651602.87,0.004999999999999,16.4,16.39
2010-11-23,KIM,77129,KIMCO REALTY CORP,,,-0.004881,0.2932571044223979,0.0006131207847944,-6.485161337022634e-11,-0.014284,11.370686957443086,16.31,405833.0,6619136.23,0.004999999999999,16.33,16.32
2010-11-24,KIM,77129,KIMCO REALTY CORP,,,0.030656,-0.1838295843626749,0.0005948839976203,4.842090070109376e-10,0.014923,9.280418300138232,16.81,405833.0,6822052.73,0.004999999999999,16.81,16.8
2010-11-26,KIM,77129,KIMCO REALTY CORP,,,-0.011303,-0.7338236465496641,0.000601684717208,-6.783882651974154e-10,-0.007469,2.47022790162456,16.62,405833.0,6744944.46,0.004999999999999,16.63,16.62
2010-11-29,KIM,77129,KIMCO REALTY CORP,,,0.009627,2.660349127182045,0.0005959475566148,1.5634792553570723e-10,-0.001379,9.041896543652191,16.78,405833.0,6809877.74,0.004999999999999,16.77,16.76
2010-11-30,KIM,77129,KIMCO REALTY CORP,,,-0.007151,0.0666303311077802,0.0006002400960385,-1.0966573650410601e-10,-0.00607,9.6415577249471,16.66,405951.0,6763143.66,0.0050000000000007,16.66,16.65
2010-12-01,KIM,77129,KIMCO REALTY CORP,,,0.010804,0.2635411343893714,0.0005938242280285,1.2972756970215248e-10,0.021617,12.182504785060264,16.84,405951.0,6836214.84,0.0050000000000007,16.84,16.83
2010-12-02,KIM,77129,KIMCO REALTY CORP,,,0.024347,-0.0328379334748761,0.0005797101449276,2.9508483825449446e-10,0.012818,11.782456503371096,17.25,405951.0,7002654.75,0.0050000000000007,17.26,17.25
2010-12-03,KIM,77129,KIMCO REALTY CORP,,2019-09-11,0.001739,-0.0912588070498212,0.0005787037037035,2.315294116644597e-11,0.002603,10.707203578757042,17.28,405951.0,7014833.28,0.004999999999999,17.29,17.28
2010-12-06,KIM,77129,KIMCO REALTY CORP,,,0.014468,0.5838586481387751,0.0005704506560183,1.1988379657300714e-10,-0.001298,16.958696985596784,17.53,405951.0,7116321.03,0.0050000000000007,17.53,17.52
2010-12-07,KIM,77129,KIMCO REALTY CORP,,,0.007416,-0.0462059148219162,0.0005662514156286,6.395261407948534e-11,0.000515,16.17510487718961,17.66,405951.0,7169094.66,0.0050000000000007,17.67,17.66
2010-12-08,KIM,77129,KIMCO REALTY CORP,,,-0.015855,-0.3363385772809649,0.0005753739930953,-2.0933853459381672e-10,0.003702,10.73479311542526,17.38,405951.0,7055428.38,0.004999999999999,17.38,17.37
2010-12-09,KIM,77129,KIMCO REALTY CORP,,,-0.020713,0.3598145853412271,0.000587544065805,-2.0536974307296276e-10,0.003843,14.59732824897586,17.02,405951.0,6909286.02,0.0050000000000007,17.03,17.02
2010-12-10,KIM,77129,KIMCO REALTY CORP,,,0.007638,-0.5006918897026562,0.0005830903790088,1.5052197900732748e-10,0.006002,7.288564383386173,17.15,405951.0,6962059.649999999,0.0050000000000007,17.14,17.13
2010-12-13,KIM,77129,KIMCO REALTY CORP,,,-0.002915,-0.1533729890496147,0.0005847953216375,-6.805103243804788e-11,4.8e-05,6.170695478025673,17.1,405951.0,6941762.100000001,0.0050000000000007,17.1,17.09
2010-12-14,KIM,77129,KIMCO REALTY CORP,,,-0.019883,0.2084630738522954,0.0005966587112172,-3.9189234788356447e-10,0.000911,7.457057625181364,16.76,405951.0,6803738.760000001,0.0050000000000007,16.78,16.77
2010-12-15,KIM,77129,KIMCO REALTY CORP,,,-0.013126,0.0062103594080338,0.0006045949214027,-2.605355528014221e-10,-0.005122,7.50336863316016,16.54,405951.0,6714429.54,0.0050000000000007,16.55,16.54
2010-12-16,KIM,77129,KIMCO REALTY CORP,,,0.004837,-0.2983256730137885,0.000601684717208,1.3616941829111406e-10,0.006185,5.264921135802104,16.62,405951.0,6746905.62,0.004999999999999,16.63,16.62
2010-12-17,KIM,77129,KIMCO REALTY CORP,,,0.017449,3.6827305478875214,0.0011827321111767,1.0310085831863385e-10,0.000837,24.65420703483918,16.91,405951.0,6864631.41,0.0099999999999997,16.93,16.91
2010-12-20,KIM,77129,KIMCO REALTY CORP,,,0.013601,-0.5073138563606571,0.0005834305717618,1.6092555681473175e-10,0.002548,12.146786188480876,17.14,405951.0,6958000.140000001,0.004999999999999,17.15,17.14
2010-12-21,KIM,77129,KIMCO REALTY CORP,,,0.01692,-0.0976475359967552,0.0005737234652898,2.1816835673002e-10,0.00603,10.9606824468963,17.43,405951.0,7075725.93,0.0050000000000007,17.42,17.41
2010-12-22,KIM,77129,KIMCO REALTY CORP,,,-0.001147,-0.3069108888639172,0.0005743825387707,-2.1363104250142092e-11,0.00338,7.5967296545642204,17.41,405951.0,7067606.91,0.004999999999999,17.43,17.42
2010-12-23,KIM,77129,KIMCO REALTY CORP,,,-0.003446,-0.3408022309413405,0.0005763688760807,-9.77011730519978e-11,-0.001644,5.007747240430495,17.35,405951.0,7043249.850000001,0.0050000000000007,17.34,17.33
2010-12-27,KIM,77129,KIMCO REALTY CORP,,,0.024207,0.3716857690983324,0.000562746201463,4.885206131905409e-10,0.000613,6.869055624939956,17.77,405951.0,7213749.27,0.004999999999999,17.77,17.76
2010-12-28,KIM,77129,KIMCO REALTY CORP,,,0.008441,0.2810471579702349,0.0005580357142858,1.318621427771601e-10,0.000771,8.799584186268786,17.92,405951.0,7274641.920000001,0.0050000000000007,17.94,17.93
2010-12-29,KIM,77129,KIMCO REALTY CORP,,,0.010603,-0.1323834051844801,0.0005521811154057,1.889064100489872e-10,0.001009,7.634665267483021,18.11,405951.0,7351772.609999999,0.004999999999999,18.11,18.1
2010-12-30,KIM,77129,KIMCO REALTY CORP,,,0.008283,0.0357500080663375,0.0005530973451326,1.4271534561959172e-10,-0.001508,7.907604612379327,18.08,405951.0,7339594.079999999,0.004999999999999,18.08,18.07
2010-12-31,KIM,77129,KIMCO REALTY CORP,,,-0.002212,0.4212018317186381,0.0005543237250553,-2.687659637505187e-11,-0.000191,11.23830215962025,18.04,405951.0,7323356.04,0.004999999999999,18.06,18.05
2011-01-03,KIM,77129,KIMCO REALTY CORP,,,0.018293,0.2667134277322345,0.0010887316276537,1.7231499969432995e-10,0.011315,14.23570825050314,18.37,405951.0,7457319.87,0.0099999999999997,18.37,18.35
2011-01-04,KIM,77129,KIMCO REALTY CORP,,,-0.020686,0.0398857933898597,0.000555864369094,-1.9134054978080148e-10,-0.001313,14.803510768541033,17.99,405951.0,7303058.489999999,0.0050000000000007,18.0,17.99
2011-01-05,KIM,77129,KIMCO REALTY CORP,,,0.014452,-0.1570346950661453,0.0005479452054793,1.563208991588503e-10,0.005007,12.478845969094792,18.25,405951.0,7408605.75,0.004999999999999,18.24,18.23
2011-01-06,KIM,77129,KIMCO REALTY CORP,,,-0.008767,-0.0121007540763551,0.0005527915975678,-9.683932332652964e-11,-0.002123,12.32784252286606,18.09,405951.0,7343653.59,0.0050000000000007,18.1,18.09
2011-01-07,KIM,77129,KIMCO REALTY CORP,,,-0.001106,0.0881806374263163,0.0005534034311013,-1.123919708395475e-11,-0.001845,13.414919534623635,18.07,405951.0,7335534.57,0.0050000000000007,18.07,18.06
2011-01-10,KIM,77129,KIMCO REALTY CORP,,,-0.013282,-0.078096882000808,0.0005608524957936,-1.483765132781731e-10,-0.001376,12.367256146677802,17.83,405951.0,7238106.329999999,0.0050000000000007,17.84,17.83
2011-01-11,KIM,77129,KIMCO REALTY CORP,,,-0.012339,0.1455831092520665,0.0005678591709254,-1.2182797771066359e-10,0.003725,14.167719749427889,17.61,405951.0,7148797.109999999,0.004999999999999,17.63,17.62
2011-01-12,KIM,77129,KIMCO REALTY CORP,,,0.018171,0.5298362137914248,0.0005577244841047,1.1518078353244536e-10,0.009008,21.67429073952275,17.93,405951.0,7278701.43,0.004999999999999,17.93,17.92
2011-01-13,KIM,77129,KIMCO REALTY CORP,,,-0.001673,-0.3375725959516746,0.0005586592178769,-1.6035633036087845e-11,-0.001711,14.357644149170712,17.9,405951.0,7266522.899999999,0.004999999999999,17.9,17.89
2011-01-14,KIM,77129,KIMCO REALTY CORP,,,0.010056,-0.080466672385691,0.0005530973451326,1.0377734681695808e-10,0.007385,13.20233230118906,18.08,405951.0,7339594.079999999,0.004999999999999,18.08,18.07
2011-01-18,KIM,77129,KIMCO REALTY CORP,,,-0.002212,-0.1244705662841683,0.0005543237250555,-2.613085158602456e-11,0.001376,11.55903052338829,18.04,405951.0,7323356.04,0.0050000000000007,18.05,18.04
2011-01-19,KIM,77129,KIMCO REALTY CORP,,,-0.014412,-0.109751939306112,0.000562429696288,-1.9403784131043558e-10,-0.010116,10.290404506947883,17.78,405951.0,7217808.78,0.0050000000000007,17.78,17.77
2011-01-20,KIM,77129,KIMCO REALTY CORP,,,-0.00225,0.0473979030018671,0.0005636978579482,-2.898752526359452e-11,-0.001295,10.778148101618177,17.74,405951.0,7201570.739999999,0.0050000000000007,17.73,17.72
2011-01-21,KIM,77129,KIMCO REALTY CORP,,,-0.001691,-0.2445490697993326,0.0005646527385658,-2.888690569718453e-11,0.002414,8.142362009208007,17.71,405951.0,7189392.21,0.0050000000000007,17.71,17.7
2011-01-24,KIM,77129,KIMCO REALTY CORP,,,0.007905,-0.0894294185272583,0.0005602240896359,1.4713839552699274e-10,0.005836,7.414195309286096,17.85,405951.0,7246225.350000001,0.0050000000000007,17.84,17.83
2011-01-25,KIM,77129,KIMCO REALTY CORP,,,0.00112,0.6207389195295367,0.000559597090095,1.2848214282334254e-11,0.000263,12.016474894753308,17.87,405951.0,7254344.37,0.004999999999999,17.88,17.87
2011-01-26,KIM,77129,KIMCO REALTY CORP,,,0.006155,0.8090650048174495,0.0005561735261402,3.879122533533517e-11,0.004221,21.73858421336565,17.98,405951.0,7298998.98,0.0050000000000007,17.98,17.97
2011-01-27,KIM,77129,KIMCO REALTY CORP,,,0.003893,-0.515773728583084,0.0005540166204985,5.0472402499323885e-11,0.002244,10.52639357952068,18.05,405951.0,7327415.550000001,0.004999999999999,18.06,18.05
2011-01-28,KIM,77129,KIMCO REALTY CORP,,,-0.012188,0.0695263502761396,0.0005608524957936,-1.4956721043985017e-10,-0.017852,11.258255306674943,17.83,405951.0,7238106.329999999,0.0050000000000007,17.85,17.84
2011-01-31,KIM,77129,KIMCO REALTY CORP,,,0.014582,0.10537601470363,0.0005527915975676,1.5955990965245648e-10,0.007663,12.444605383408344,18.09,405951.0,7343653.59,0.004999999999999,18.08,18.07
2011-02-01,KIM,77129,KIMCO REALTY CORP,,,0.010503,-0.2264692491933727,0.00054704595186,1.4702962363440095e-10,0.016694,9.62628494572005,18.28,405951.0,7420784.28,0.0050000000000007,18.28,18.27
2011-02-02,KIM,77129,KIMCO REALTY CORP,,,0.008206,0.0076001842468909,0.0005425935973954,1.130799507359464e-10,-0.002723,9.699446484920594,18.43,405951.0,7481676.93,0.004999999999999,18.43,18.42
2011-02-03,KIM,77129,KIMCO REALTY CORP,,,0.004341,-0.000584126984127,0.0005402485143166,5.959592398476059e-11,0.002354,9.693780776497656,18.51,405951.0,7514153.010000001,0.0050000000000007,18.53,18.52
2011-02-04,KIM,77129,KIMCO REALTY CORP,,,-0.007023,0.1029680829436876,0.0005440696409141,-8.803338605057785e-11,0.002884,10.691930799529992,18.38,405951.0,7461379.38,0.0050000000000007,18.39,18.38
2011-02-07,KIM,77129,KIMCO REALTY CORP,,,0.018498,0.0843931434890794,0.0005341880341879,2.09943490267284e-10,0.00624,11.594256449670034,18.72,405951.0,7599402.72,0.004999999999999,18.72,18.71
2011-02-08,KIM,77129,KIMCO REALTY CORP,,,-0.002137,-0.0977967578133299,0.0005353319057816,-2.6940568073079463e-11,0.004185,10.460375759636015,18.68,405951.0,7583164.68,0.0050000000000007,18.67,18.66
2011-02-09,KIM,77129,KIMCO REALTY CORP,,,0.008565,-0.3487895629238885,0.0005307855626327,1.644009092665911e-10,-0.002786,6.811905870412931,18.84,405951.0,7648116.84,0.0050000000000007,18.82,18.81
2011-02-10,KIM,77129,KIMCO REALTY CORP,,,-0.009554,1.0763389144035007,0.0010718113612004,-8.917294307355745e-11,0.00075,14.14382523999202,18.66,405951.0,7575045.66,0.0099999999999997,18.68,18.66
2011-02-11,KIM,77129,KIMCO REALTY CORP,,,-0.005359,-0.0521796680425658,0.0005387931034481,-5.30565818595636e-11,0.005507,13.405805134117172,18.56,405951.0,7534450.56,0.004999999999999,18.56,18.55
2011-02-14,KIM,77129,KIMCO REALTY CORP,,,-0.000539,-0.3660719207658808,0.0005390835579515,-8.422448121274502e-12,0.002385,8.498316299257793,18.55,405951.0,7530391.050000001,0.0050000000000007,18.55,18.54
2011-02-15,KIM,77129,KIMCO REALTY CORP,,,-0.009164,0.0121742659207513,0.0005440696409141,-1.427834184637657e-10,-0.003235,8.601777061763611,18.38,405951.0,7461379.38,0.0050000000000007,18.39,18.38
2011-02-16,KIM,77129,KIMCO REALTY CORP,,,0.019042,-0.2423036169420659,0.0005339028296848,3.8425344632480604e-10,0.006257,6.517535367568993,18.73,405951.0,7603462.23,0.004999999999999,18.74,18.73
2011-02-17,KIM,77129,KIMCO REALTY CORP,,,0.006407,-0.238755763852143,0.0005305039787799,1.6875721126271982e-10,0.003076,4.9614362324517,18.85,405951.0,7652176.350000001,0.0050000000000007,18.87,18.86
2011-02-18,KIM,77129,KIMCO REALTY CORP,,,-0.003183,1.016682389156447,0.0005321979776477,-4.170530707697526e-11,0.001925,10.005641074908056,18.79,405951.0,7627819.29,0.0050000000000007,18.78,18.77
2011-02-22,KIM,77129,KIMCO REALTY CORP,,,-0.00958,-0.2603771726820622,0.0005373455131648,-1.7135244045404318e-10,-0.020529,7.400400540951987,18.61,405951.0,7554748.109999999,0.004999999999999,18.63,18.62
2011-02-23,KIM,77129,KIMCO REALTY CORP,,,-0.004299,-0.0563544371213634,0.0005396654074472,-8.183786329734022e-11,-0.006112,6.983355133994004,18.53,405951.0,7522272.03,0.004999999999999,18.54,18.53
2011-02-24,KIM,77129,KIMCO REALTY CORP,,,-0.009174,0.2655472856185403,0.0005446623093682,-1.3927396454953844e-10,-0.000994,8.83776613433641,18.36,405951.0,7453260.359999999,0.0050000000000007,18.35,18.34
2011-02-25,KIM,77129,KIMCO REALTY CORP,,,0.028322,0.131170387713577,0.000529661016949,3.696389947030505e-10,0.01055,9.997019344699238,18.88,405951.0,7664354.88,0.004999999999999,18.88,18.87
2011-02-28,KIM,77129,KIMCO REALTY CORP,,,0.026483,0.1132740309982012,0.0005159958720329,3.024594661144437e-10,0.005561,11.116332742004138,19.38,406429.0,7876594.02,0.004999999999999,19.4,19.39
2011-03-01,KIM,77129,KIMCO REALTY CORP,,,-0.045408,0.4430278884462151,0.0005405405405406,-3.7647807940463924e-10,-0.01574,16.041178163959756,18.5,406429.0,7518936.5,0.0050000000000007,18.48,18.47
2011-03-02,KIM,77129,KIMCO REALTY CORP,,,-0.017838,-0.2912908767409043,0.000550357732526,-2.1247226994483966e-10,0.001615,11.368529312622869,18.17,406429.0,7384814.930000001,0.004999999999999,18.2,18.19
2011-03-03,KIM,77129,KIMCO REALTY CORP,,,0.010457,-0.059539010929553,0.0005446623093682,1.3107041397945367e-10,0.017219,10.691658321625672,18.36,406429.0,7462036.439999999,0.0050000000000007,18.35,18.34
2011-03-04,KIM,77129,KIMCO REALTY CORP,,,-0.009259,-0.2372393795738021,0.0005497526113247,-1.5357246728789512e-10,-0.007378,8.155175934788119,18.19,406429.0,7392943.510000001,0.004999999999999,18.18,18.17
2011-03-07,KIM,77129,KIMCO REALTY CORP,,,-0.002199,-0.2512596168351184,0.0005509641873277,-4.882017358801968e-11,-0.008341,6.106109554190277,18.15,406429.0,7376686.35,0.004999999999999,18.15,18.14
2011-03-08,KIM,77129,KIMCO REALTY CORP,,,0.010468,0.1589233186928316,0.0005452562704471,1.9845424842809178e-10,0.008923,7.076512748844202,18.34,406429.0,7453907.86,0.0050000000000007,18.34,18.33
2011-03-09,KIM,77129,KIMCO REALTY CORP,,,0.005453,-0.2747122839956886,0.0005422993492408,1.4176214532166722e-10,-0.001362,5.132507768884603,18.44,406429.0,7494550.760000001,0.0050000000000007,18.44,18.43
2011-03-10,KIM,77129,KIMCO REALTY CORP,,,-0.029827,1.129386385426654,0.0005589714924539,-3.753448457962138e-10,-0.018871,10.929092166159403,17.89,406429.0,7271014.81,0.0050000000000007,17.89,17.88
2011-03-11,KIM,77129,KIMCO REALTY CORP,,,0.008944,-0.1287512100677638,0.0005540166204987,1.280393967374577e-10,0.00708,9.52195832482426,18.05,406429.0,7336043.45,0.0050000000000007,18.05,18.04
2011-03-14,KIM,77129,KIMCO REALTY CORP,,,-0.018837,-0.3305426356589147,0.0005646527385656,-4.105436018358668e-10,-0.006049,6.374545123502506,17.71,406429.0,7197857.590000001,0.004999999999999,17.7,17.69
2011-03-15,KIM,77129,KIMCO REALTY CORP,,,-0.006211,0.2735448510112706,0.0005681818181817,-1.0695491052363303e-10,-0.0112,8.11826911957562,17.6,406429.0,7153150.4,0.004999999999999,17.61,17.6
2011-03-16,KIM,77129,KIMCO REALTY CORP,,,-0.023864,0.686164570389453,0.00058207217695,-2.4967323502711257e-10,-0.019495,13.688737762315188,17.18,406429.0,6982450.22,0.0050000000000007,17.19,17.18
2011-03-17,KIM,77129,KIMCO REALTY CORP,,,0.016298,-0.4635031904376741,0.0005727376861396,3.1273381160230544e-10,0.013398,7.343964136417431,17.46,406429.0,7096250.340000001,0.004999999999999,17.47,17.46
2011-03-18,KIM,77129,KIMCO REALTY CORP,,,0.0126,0.2216563923880996,0.0005656108597285,1.9544473542615143e-10,0.004302,8.971800732723304,17.68,406429.0,7185664.72,0.0050000000000007,17.69,17.68
2011-03-21,KIM,77129,KIMCO REALTY CORP,,,0.007353,-0.4326184730144801,0.0005614823133072,1.9955432595810974e-10,0.014994,5.090433999542356,17.81,406429.0,7238500.489999999,0.0050000000000007,17.8,17.79
2011-03-22,KIM,77129,KIMCO REALTY CORP,,,0.001684,0.2840639953598531,0.000560538116592,3.5532115799924984e-11,-0.003551,6.536443019567994,17.84,406429.0,7250693.36,0.0050000000000007,17.85,17.84
2011-03-23,KIM,77129,KIMCO REALTY CORP,,,-0.016256,0.1754121809832116,0.0005698005698004,-2.9663351254333126e-10,0.002914,7.683014745502905,17.55,406429.0,7132828.95,0.004999999999999,17.56,17.55
2011-03-24,KIM,77129,KIMCO REALTY CORP,,,0.007407,-0.1196118619099468,0.0005656108597285,1.523945887020861e-10,0.009341,6.764035046711726,17.68,406429.0,7185664.72,0.0050000000000007,17.69,17.68
2011-03-25,KIM,77129,KIMCO REALTY CORP,,,0.003959,-0.0867556654905241,0.00056338028169,8.884021888039782e-11,0.003161,6.177216684833021,17.75,406429.0,7214114.75,0.004999999999999,17.74,17.73
2011-03-28,KIM,77129,KIMCO REALTY CORP,,,-0.00169,0.0391539870947184,0.0005643340857786,-3.6556579591634016e-11,-0.002748,6.419079347192253,17.72,406429.0,7201921.88,0.004999999999999,17.74,17.73
2011-03-29,KIM,77129,KIMCO REALTY CORP,,,0.010722,-0.2421326996051975,0.0005583472920157,3.0278169456765246e-10,0.00706,4.864810335876623,17.91,406429.0,7279143.39,0.0050000000000007,17.91,17.9
2011-03-30,KIM,77129,KIMCO REALTY CORP,,,0.014517,0.5261986647784747,0.000550357732526,2.6476481982641836e-10,0.006685,7.424667039015425,18.17,406429.0,7384814.930000001,0.004999999999999,18.15,18.14
2011-03-31,KIM,77129,KIMCO REALTY CORP,,,0.009356,-0.0160392364793212,0.0005452562704471,1.7181118369605154e-10,-0.001829,7.304951976066761,18.34,406464.0,7454549.76,0.0050000000000007,18.35,18.34
2011-04-01,KIM,77129,KIMCO REALTY CORP,,,-0.013631,0.4284655799541963,0.0005583472920155,-1.7944150368899663e-10,0.004963,10.43487246102976,17.91,406464.0,7279770.24,0.004999999999999,17.9,17.89
2011-04-04,KIM,77129,KIMCO REALTY CORP,,,0.001675,-0.456783137643231,0.0005574136008917,4.0523775238449146e-11,0.000345,5.668398677373642,17.94,406464.0,7291964.16,0.004999999999999,17.95,17.94
2011-04-05,KIM,77129,KIMCO REALTY CORP,,,-0.001115,-0.0120225694444444,0.0005580357142858,-2.733426268192116e-11,-0.00018,5.600249960636121,17.92,406464.0,7283834.880000001,0.0050000000000007,17.91,17.9
2011-04-06,KIM,77129,KIMCO REALTY CORP,,,0.003906,0.246760093133594,0.000555864369094,7.650480005922953e-11,0.002184,6.982168162494095,17.99,406464.0,7312287.359999999,0.0050000000000007,17.98,17.97
2011-04-07,KIM,77129,KIMCO REALTY CORP,,,-0.017232,0.7516208597603946,0.0005656108597285,-1.9606538461993578e-10,-0.00152,12.23011139977956,17.68,406464.0,7186283.52,0.0050000000000007,17.67,17.66
2011-04-08,KIM,77129,KIMCO REALTY CORP,,,-0.007919,-0.4205708998008489,0.0011402508551881,-1.5674292671564527e-10,-0.004004,7.086482443709652,17.54,406464.0,7129378.56,0.0099999999999997,17.54,17.52
2011-04-11,KIM,77129,KIMCO REALTY CORP,,,0.00228,0.3148173864741008,0.0005688282138794,3.424504456181483e-11,-0.002793,9.317430325932923,17.58,406464.0,7145637.119999999,0.0050000000000007,17.59,17.58
2011-04-12,KIM,77129,KIMCO REALTY CORP,,,-0.006826,-0.250712927756654,0.0005727376861396,-1.3777028740141382e-10,-0.007777,6.9814300897496455,17.46,406464.0,7096861.44,0.004999999999999,17.47,17.46
2011-04-13,KIM,77129,KIMCO REALTY CORP,,,0.0,-0.0981076223702294,0.0005727376861396,0.0,0.00019,6.29649858290033,17.46,406464.0,7096861.44,0.004999999999999,17.47,17.46
2011-04-14,KIM,77129,KIMCO REALTY CORP,,,0.014891,0.4033524791935294,0.0011286681715575,2.3397646929869223e-10,8.4e-05,8.836206896551724,17.72,406464.0,7202542.079999999,0.0099999999999997,17.74,17.72
2011-04-15,KIM,77129,KIMCO REALTY CORP,,,0.018623,-0.0637877269183651,0.0005540166204985,3.068387070199467e-10,0.003925,8.27256534404031,18.05,406464.0,7336675.2,0.004999999999999,18.08,18.07
2011-04-18,KIM,77129,KIMCO REALTY CORP,,,0.0,0.4535018587360595,0.0005540166204987,0.0,-0.011018,12.0241891040781,18.05,406464.0,7336675.2,0.0050000000000007,18.07,18.06
2011-04-19,KIM,77129,KIMCO REALTY CORP,,,0.013296,-0.135020665384458,0.0005467468562054,1.71958514491055e-10,0.005731,10.400675090536923,18.29,406464.0,7434226.56,0.004999999999999,18.29,18.28
2011-04-20,KIM,77129,KIMCO REALTY CORP,,,0.015309,0.1825665286812536,0.0005385029617661,1.6490192310283698e-10,0.013515,12.299490237757832,18.57,406464.0,7548036.48,0.004999999999999,18.58,18.57
2011-04-21,KIM,77129,KIMCO REALTY CORP,,,0.005385,0.0226431700438061,0.0005356186395285,5.641675058898406e-11,0.005277,12.577989686663518,18.67,406464.0,7588682.880000001,0.004999999999999,18.68,18.67
2011-04-25,KIM,77129,KIMCO REALTY CORP,,,0.003749,-0.4650366748166259,0.0005336179295625,7.314565330638255e-11,-0.001593,6.728763186899701,18.74,406464.0,7617135.359999999,0.0050000000000007,18.73,18.72
2011-04-26,KIM,77129,KIMCO REALTY CORP,,,0.008004,0.6755758683729434,0.0005293806246692,9.245995853649102e-11,0.00898,11.27455321996536,18.89,406464.0,7678104.96,0.0050000000000007,18.89,18.88
2011-04-27,KIM,77129,KIMCO REALTY CORP,,,0.005294,0.0970170423549436,0.0005265929436544,5.5452888105090505e-11,0.00625,12.368377027239804,18.99,406464.0,7718751.359999999,0.004999999999999,18.97,18.96
2011-04-28,KIM,77129,KIMCO REALTY CORP,,,0.024223,-0.2618900801623137,0.0005141388174808,3.356235905849429e-10,0.003555,9.129221776098252,19.45,406464.0,7905724.8,0.0050000000000007,19.46,19.45
2011-04-29,KIM,77129,KIMCO REALTY CORP,,,0.004627,-0.1489745870051473,0.0005117707267145,7.4985374853785e-11,0.002301,7.769199732325618,19.54,406464.0,7942306.56,0.0050000000000007,19.53,19.52
2011-05-02,KIM,77129,KIMCO REALTY CORP,,,0.006141,-0.0351816080306532,0.0005086469989827,1.0252071749877895e-10,-0.001753,7.495866792631082,19.66,406464.0,7991082.24,0.0050000000000007,19.66,19.65
2011-05-03,KIM,77129,KIMCO REALTY CORP,,,-0.013733,0.130497571222266,0.000515729757607,-2.0562410757220768e-10,-0.003379,8.474059203275075,19.39,406464.0,7881336.96,0.0050000000000007,19.41,19.4
2011-05-04,KIM,77129,KIMCO REALTY CORP,,,0.000516,0.0665137614678899,0.0005154639175258,7.2404894907662706e-12,-0.006855,9.03770075578649,19.4,406464.0,7885401.6,0.0050000000000007,19.42,19.41
2011-05-05,KIM,77129,KIMCO REALTY CORP,,,-0.003093,0.4511501293044779,0.0005170630816958,-3.000067741587802e-11,-0.00907,13.115060620374743,19.34,406464.0,7861013.76,0.004999999999999,19.33,19.32
2011-05-06,KIM,77129,KIMCO REALTY CORP,,,-0.013961,-0.4393712013206273,0.0005243838489775,-2.4496161800087665e-10,0.00382,7.3526806802078415,19.07,406464.0,7751268.48,0.0050000000000007,19.09,19.08
2011-05-09,KIM,77129,KIMCO REALTY CORP,,,0.010488,-0.107575453389547,0.0005189413596264,2.0406647593870822e-10,0.004544,6.56171272240592,19.27,406464.0,7832561.28,0.0050000000000007,19.26,19.25
2011-05-10,KIM,77129,KIMCO REALTY CORP,,,0.019201,0.0212215514978815,0.0005091649694501,3.589410206120866e-10,0.008074,6.700962446858762,19.64,406464.0,7982952.96,0.0050000000000007,19.64,19.63
2011-05-11,KIM,77129,KIMCO REALTY CORP,,,-0.020367,0.4166758453574182,0.0005197505197504,-2.743419591499206e-10,-0.011111,9.49309163911195,19.24,406464.0,7820367.359999999,0.004999999999999,19.24,19.23
2011-05-12,KIM,77129,KIMCO REALTY CORP,,,-0.005198,0.5542424713626704,0.0005224660397073,-4.528410715665918e-11,0.004895,14.75456621004566,19.14,406464.0,7779720.96,0.004999999999999,19.15,19.14
2011-05-13,KIM,77129,KIMCO REALTY CORP,,,-0.008359,-0.4304175281798172,0.0005268703898839,-1.2892969902635018e-10,-0.008067,8.403942292552355,18.98,406464.0,7714686.72,0.004999999999999,18.99,18.98
2011-05-16,KIM,77129,KIMCO REALTY CORP,,,0.00843,-0.1697941977224157,0.0005224660397073,1.5530832239266344e-10,-0.006204,6.977001653282947,19.14,406464.0,7779720.96,0.004999999999999,19.15,19.14
2011-05-17,KIM,77129,KIMCO REALTY CORP,,,-0.003135,0.176416657851123,0.0005241090146749,-4.9250097746127015e-11,-0.000369,8.207860966776886,19.08,406464.0,7755333.119999999,0.004999999999999,19.06,19.05
2011-05-18,KIM,77129,KIMCO REALTY CORP,,,0.012579,-0.1300581499910077,0.0005175983436853,2.2433482290657035e-10,0.008804,7.14036175405448,19.32,406464.0,7852884.48,0.0050000000000007,19.32,19.31
2011-05-19,KIM,77129,KIMCO REALTY CORP,,,0.004658,-0.2248906040037211,0.0005151983513653,1.0667647229104967e-10,0.002178,5.534561486380098,19.41,406464.0,7889466.24,0.0050000000000007,19.42,19.41
2011-05-20,KIM,77129,KIMCO REALTY CORP,,,-0.022411,0.3770448079658606,0.0005270092226614,-3.81264242012543e-10,-0.007688,7.62133915918753,18.975,406464.0,7712654.4,0.0050000000000007,18.98,18.97
2011-05-23,KIM,77129,KIMCO REALTY CORP,,,-0.007642,-0.1646329653302344,0.0005310674455656,-1.5682886695309588e-10,-0.011926,6.366615493623051,18.83,406464.0,7653717.119999999,0.0050000000000007,18.84,18.83
2011-05-24,KIM,77129,KIMCO REALTY CORP,,,0.000531,-0.0896900842414406,0.0005307855626327,1.196447483796586e-11,-0.000827,5.795593213667139,18.84,406464.0,7657781.76,0.0050000000000007,18.85,18.84
2011-05-25,KIM,77129,KIMCO REALTY CORP,,,0.003715,0.0941121535000213,0.0005288207297726,7.622289947641945e-11,0.003183,6.341028971815462,18.91,406464.0,7686234.24,0.0050000000000007,18.92,18.91
2011-05-26,KIM,77129,KIMCO REALTY CORP,,,0.009519,0.0896640024831225,0.000523834468308,1.7754603182567174e-10,0.003953,6.909591009289875,19.09,406464.0,7759397.76,0.0050000000000007,19.09,19.08
2011-05-27,KIM,77129,KIMCO REALTY CORP,,,0.003667,-0.3626491009435642,0.0005219206680583,1.0692084300393043e-10,0.004081,4.403834041883168,19.16,406464.0,7787850.24,0.004999999999999,19.15,19.14
2011-05-31,KIM,77129,KIMCO REALTY CORP,,,0.018267,2.171564245810056,0.0005125576627369,1.6492383127332323e-10,0.010593,13.951048091809405,19.51,406930.0,7939204.300000001,0.004999999999999,19.52,19.51
2011-06-01,KIM,77129,KIMCO REALTY CORP,,,-0.043567,-0.0638882528051293,0.0005359056806001,-4.3933092704180224e-10,-0.022785,13.059740004423364,18.66,406930.0,7593313.8,0.004999999999999,18.65,18.64
2011-06-02,KIM,77129,KIMCO REALTY CORP,,,-0.012326,-0.1473543579707963,0.0005425935973954,-1.4759580432762248e-10,-0.001225,11.135330400806035,18.43,406930.0,7499719.899999999,0.004999999999999,18.43,18.42
2011-06-03,KIM,77129,KIMCO REALTY CORP,,,0.013565,-0.1666850572683336,0.0005353319057814,1.923140175298516e-10,-0.009734,9.279237215245866,18.68,406930.0,7601452.399999999,0.004999999999999,18.68,18.67
2011-06-06,KIM,77129,KIMCO REALTY CORP,,,-0.031049,0.3869173728813559,0.0005524861878453,-3.2755668601124383e-10,-0.01076,12.869535300911704,18.1,406930.0,7365433.000000001,0.0050000000000007,18.1,18.09
2011-06-07,KIM,77129,KIMCO REALTY CORP,,,0.01326,-0.1576856979186557,0.0005452562704471,1.6390320425572815e-10,-0.000956,10.840193645098664,18.34,406930.0,7463096.2,0.0050000000000007,18.35,18.34
2011-06-08,KIM,77129,KIMCO REALTY CORP,,,-0.012541,0.2419749727965179,0.0005521811154059,-1.2639914153807182e-10,-0.004187,13.463249207480402,18.11,406930.0,7369502.3,0.0050000000000007,18.1,18.09
2011-06-09,KIM,77129,KIMCO REALTY CORP,,,-0.024296,0.1002810937100719,0.0005659309564232,-2.2809984268846867e-10,0.007378,14.813358562897797,17.67,406930.0,7190453.100000001,0.004999999999999,17.68,17.67
2011-06-10,KIM,77129,KIMCO REALTY CORP,,,-0.024901,0.172826808228268,0.0005803830528147,-2.0442047014261752e-10,-0.01398,17.373504042464305,17.23,406930.0,7011403.9,0.004999999999999,17.24,17.23
2011-06-13,KIM,77129,KIMCO REALTY CORP,,,-0.002321,-0.0213018755834677,0.0005817335660266,-1.951386875286318e-11,0.000669,17.00341582090286,17.19,406930.0,6995126.7,0.004999999999999,17.2,17.19
2011-06-14,KIM,77129,KIMCO REALTY CORP,,,0.011635,0.0369551393224649,0.0005750431282345,9.325045362318324e-11,0.012612,17.63177942152213,17.39,406930.0,7076512.7,0.004999999999999,17.4,17.39
2011-06-15,KIM,77129,KIMCO REALTY CORP,,,-0.013226,0.2235013728414332,0.0005827505827504,-8.779927330932628e-11,-0.017432,21.572506327869657,17.16,406930.0,6982918.8,0.004999999999999,17.18,17.17
2011-06-16,KIM,77129,KIMCO REALTY CORP,,,0.015152,-0.2762430939226519,0.0005740528128588,1.3690167971096686e-10,0.001754,15.613250436192956,17.42,406930.0,7088720.600000001,0.0050000000000007,17.44,17.43
2011-06-17,KIM,77129,KIMCO REALTY CORP,,,0.017796,-0.1647910600456441,0.0005640157924422,1.8914962861210182e-10,0.003045,13.040326346054604,17.73,406930.0,7214868.9,0.0050000000000007,17.73,17.72
2011-06-20,KIM,77129,KIMCO REALTY CORP,,,0.016357,0.0712522378215396,0.0005549389567148,1.5967942361790368e-10,0.005395,13.969478780134176,18.02,406930.0,7332878.6,0.0050000000000007,18.03,18.02
2011-06-21,KIM,77129,KIMCO REALTY CORP,,,0.007769,-0.1379340674805614,0.0005506607929514,8.729892256791203e-11,0.013423,12.042611751406875,18.16,406930.0,7389848.8,0.004999999999999,18.18,18.17
2011-06-22,KIM,77129,KIMCO REALTY CORP,,,0.006057,-0.0197326803387409,0.0005473453749314,6.901350880470858e-11,-0.006468,11.804978743272798,18.27,406930.0,7434611.1,0.004999999999999,18.29,18.28
2011-06-23,KIM,77129,KIMCO REALTY CORP,,,-0.012589,0.4808901286481535,0.0005543237250555,-9.809501644277875e-11,-0.002828,17.481876489813974,18.04,406930.0,7341017.199999999,0.0050000000000007,18.05,18.04
2011-06-24,KIM,77129,KIMCO REALTY CORP,,,0.002217,-0.4427810343131053,0.0005530973451328,3.0933824776975073e-11,-0.011726,9.741233135920185,18.08,406930.0,7357294.399999999,0.0050000000000007,18.09,18.08
2011-06-27,KIM,77129,KIMCO REALTY CORP,,,0.009956,-0.2281281533804238,0.0005476451259584,1.7819900232184917e-10,0.009184,7.518983608974517,18.26,406930.0,7430541.800000001,0.0050000000000007,18.26,18.25
2011-06-28,KIM,77129,KIMCO REALTY CORP,,,0.009858,0.0188580579795405,0.0005422993492408,1.7148864389605495e-10,0.012944,7.660777037819773,18.44,406930.0,7503789.2,0.0050000000000007,18.44,18.43
2011-06-29,KIM,77129,KIMCO REALTY CORP,,,0.011931,0.0352537370885994,0.0005359056806002,1.9811888189016075e-10,0.008283,7.93084805740545,18.66,406930.0,7593313.8,0.0050000000000007,18.66,18.65
2011-06-30,KIM,77129,KIMCO REALTY CORP,,,-0.001072,0.1998264803396028,0.0005364806866953,-1.4852210529862586e-11,0.010119,9.515641510824958,18.64,406930.0,7585175.2,0.0050000000000007,18.64,18.63
2011-07-01,KIM,77129,KIMCO REALTY CORP,,,0.014485,-0.0532513816435101,0.000533902829685,2.109542413526237e-10,0.01441,9.00892045314919,18.73,406930.0,7621798.9,0.0050000000000007,18.73,18.72
2011-07-05,KIM,77129,KIMCO REALTY CORP,,,0.012814,0.0465357337697762,0.0005271481286242,1.7606412240498812e-10,-0.001336,9.428157176910034,18.97,406930.0,7719462.1,0.0050000000000007,18.96,18.95
2011-07-06,KIM,77129,KIMCO REALTY CORP,,,0.005799,0.1146327477453996,0.0005241090146749,7.10716531685677e-11,0.001002,10.50893274027474,19.08,406930.0,7764224.399999999,0.004999999999999,19.08,19.07
2011-07-07,KIM,77129,KIMCO REALTY CORP,,,0.015199,-0.1407959966326817,0.0005162622612287,2.1355551012206608e-10,0.010454,9.02931708156194,19.37,406930.0,7882234.100000001,0.0050000000000007,19.39,19.38
2011-07-08,KIM,77129,KIMCO REALTY CORP,,,0.006711,0.579783904417168,0.0005128205128205,5.928984704438654e-11,-0.006961,14.264369793330548,19.5,406930.0,7935135.0,0.0050000000000007,19.51,19.5
2011-07-11,KIM,77129,KIMCO REALTY CORP,,,-0.017949,-0.3802501464355855,0.0005221932114883,-2.6054500341920855e-10,-0.01809,8.840341090605264,19.15,406930.0,7792709.499999999,0.0050000000000007,19.16,19.15
2011-07-12,KIM,77129,KIMCO REALTY CORP,,,0.009922,0.5430032801467726,0.000517063081696,9.242451352214785e-11,-0.004434,13.64067530042022,19.34,406930.0,7870026.2,0.0050000000000007,19.35,19.34
2011-07-13,KIM,77129,KIMCO REALTY CORP,,,-0.007239,0.0748360596670749,0.0005208333333334,-6.319453756159699e-11,0.003106,14.661489691101664,19.2,406930.0,7813056.0,0.0050000000000007,19.21,19.2
2011-07-14,KIM,77129,KIMCO REALTY CORP,,,-0.00625,-0.1097013174214742,0.0005241090146751,-6.166917073101038e-11,-0.006716,13.053104956626449,19.08,406930.0,7764224.399999999,0.0050000000000007,19.09,19.08
2011-07-15,KIM,77129,KIMCO REALTY CORP,,,0.014151,-0.2724174934578384,0.0005167958656331,1.8923016778983214e-10,0.005554,9.497210822500184,19.35,406930.0,7874095.500000001,0.0050000000000007,19.37,19.36
2011-07-18,KIM,77129,KIMCO REALTY CORP,,,-0.008269,-0.0518280849742541,0.000521104742053,-1.1759128676011135e-10,-0.00813,9.00498857297324,19.19,406930.0,7808986.7,0.004999999999999,19.2,19.19
2011-07-19,KIM,77129,KIMCO REALTY CORP,,,0.027618,-0.1595076956664119,0.0005070993914806,4.547248609992145e-10,0.016309,7.568623596195906,19.72,406930.0,8024659.6,0.004999999999999,19.74,19.73
2011-07-20,KIM,77129,KIMCO REALTY CORP,,,0.005071,0.1039319458423975,0.0005045408678101,7.52507864901763e-11,-0.000671,8.35524537389723,19.82,406930.0,8065352.600000001,0.004999999999999,19.83,19.82
2011-07-21,KIM,77129,KIMCO REALTY CORP,,,0.013623,0.5148823529411766,0.0004977600796415,1.3165428425732322e-10,0.013546,12.657213771410316,20.09,406930.0,8175223.7,0.004999999999999,20.08,20.07
2011-07-22,KIM,77129,KIMCO REALTY CORP,,,0.010453,-0.3358443676464878,0.0004926108374383,1.5052797836014506e-10,0.000908,8.406359816184601,20.3,406930.0,8260679.0,0.004999999999999,20.29,20.28
2011-07-25,KIM,77129,KIMCO REALTY CORP,,,-0.012808,0.1833781571562207,0.000499001996008,-1.5788190916405867e-10,-0.005643,9.94790258766864,20.04,406930.0,8154877.199999999,0.0050000000000007,20.05,20.04
2011-07-26,KIM,77129,KIMCO REALTY CORP,,,-0.002495,-0.1977470912279835,0.0005002501250626,-3.8432197993318616e-11,-0.004105,7.9807337871378365,19.99,406930.0,8134530.699999999,0.0050000000000007,20.0,19.99
2011-07-27,KIM,77129,KIMCO REALTY CORP,,,-0.037018,0.7373752925237098,0.0005194805194806,-3.408207622800962e-10,-0.020309,13.865529697982454,19.25,406930.0,7833402.5,0.0050000000000007,19.26,19.25
2011-07-28,KIM,77129,KIMCO REALTY CORP,,,-0.008312,-0.1980752529996632,0.000523834468308,-9.622985171561027e-11,-0.003234,11.119111395080235,19.09,406930.0,7768293.7,0.0050000000000007,19.09,19.08
2011-07-29,KIM,77129,KIMCO REALTY CORP,,,-0.003143,0.1920569319512894,0.0005254860746189,-3.0620960241162606e-11,-0.006451,13.254613815643967,19.03,406930.0,7743877.9,0.004999999999999,19.02,19.01
2011-08-01,KIM,77129,KIMCO REALTY CORP,,,-0.01629,-0.2541668984185253,0.0005341880341879,-2.1631508096159582e-10,-0.004132,9.885729732386404,18.72,406930.0,7617729.6,0.004999999999999,18.74,18.73
2011-08-02,KIM,77129,KIMCO REALTY CORP,,,-0.036325,-0.0613751615789996,0.0005543237250555,-5.332717845451041e-10,-0.025557,9.278991472734868,18.04,406930.0,7341017.199999999,0.0050000000000007,18.05,18.04
2011-08-03,KIM,77129,KIMCO REALTY CORP,,,-0.010532,0.7227415980296088,0.0005602240896359,-9.070516244745985e-11,0.005016,15.98530459784238,17.85,406930.0,7263700.500000001,0.0050000000000007,17.85,17.84
2011-08-04,KIM,77129,KIMCO REALTY CORP,,,-0.070588,0.1128533874463866,0.0006027727546713,-5.877679680446338e-10,-0.04782,17.789300371071192,16.59,406930.0,6750968.7,0.004999999999999,16.56,16.55
2011-08-05,KIM,77129,KIMCO REALTY CORP,,,-0.030139,0.397775935902749,0.0006215040397761,-1.8512141379469936e-10,-0.000575,24.865455975229157,16.09,406930.0,6547503.7,0.004999999999999,16.08,16.07
2011-08-08,KIM,77129,KIMCO REALTY CORP,,,-0.090118,0.1398329791965211,0.0013661202185792,-5.337195530282635e-10,-0.066634,28.342466763325387,14.64,406930.0,5957455.2,0.0099999999999997,14.65,14.63
2011-08-09,KIM,77129,KIMCO REALTY CORP,,,0.112705,-0.0562366691522013,0.0006138735420502,6.35625988137433e-10,0.047407,26.748580836998997,16.29,406930.0,6628889.699999999,0.004999999999999,16.31,16.3
2011-08-10,KIM,77129,KIMCO REALTY CORP,,,-0.025783,0.0551411142143172,0.0006301197227474,-1.4145735142876971e-10,-0.044152,28.22352738800285,15.87,406930.0,6457979.1,0.0050000000000007,15.88,15.87
2011-08-11,KIM,77129,KIMCO REALTY CORP,,,0.076875,-0.2799477579451458,0.0005851375073143,5.439363210087375e-10,0.04629,20.322414174428037,17.09,406930.0,6954433.7,0.0050000000000007,17.09,17.08
2011-08-12,KIM,77129,KIMCO REALTY CORP,,,-0.013458,-0.4795641974412924,0.0005931198102017,-1.8546449512521086e-10,0.005262,10.576511930798908,16.86,406930.0,6860839.8,0.0050000000000007,16.87,16.86
2011-08-15,KIM,77129,KIMCO REALTY CORP,,,0.051008,0.0353865099096168,0.0005643340857786,6.459663625376792e-10,0.021785,10.950777775047303,17.72,406930.0,7210799.6,0.004999999999999,17.72,17.71
2011-08-16,KIM,77129,KIMCO REALTY CORP,,,-0.023702,-0.076836766751941,0.0,-3.3303947772575426e-10,-0.009739,10.109355417393656,17.3,406930.0,7039889.0,0.0,17.3,17.3
2011-08-17,KIM,77129,KIMCO REALTY CORP,,,-0.001734,-0.1546502017599299,0.0005790387955991,-2.887201724089013e-11,0.000947,8.545941562430885,17.27,406930.0,7027681.1,0.004999999999999,17.27,17.26
2011-08-18,KIM,77129,KIMCO REALTY CORP,,,-0.053851,1.0659937888198758,0.000611995104039,-4.5870458540528095e-10,-0.044594,17.655862187599833,16.34,406930.0,6649236.2,0.004999999999999,16.33,16.32
2011-08-19,KIM,77129,KIMCO REALTY CORP,,,-0.008568,-0.0418667446100742,0.0006172839506171,-7.682983321792715e-11,-0.015009,16.916668714520924,16.2,406930.0,6592266.0,0.004999999999999,16.18,16.17
2011-08-22,KIM,77129,KIMCO REALTY CORP,,,0.003704,-0.3812083266752858,0.0006150061500613,5.3477540198319086e-11,0.000258,10.467893740938244,16.26,406930.0,6616681.800000001,0.004999999999999,16.27,16.26
2011-08-23,KIM,77129,KIMCO REALTY CORP,,,0.0123,0.6255839613118295,0.0006075334143376,1.0791625382850457e-10,0.034285,17.016440173985696,16.46,406930.0,6698067.800000001,0.004999999999999,16.45,16.44
2011-08-24,KIM,77129,KIMCO REALTY CORP,,,0.014581,0.0246082749657015,0.0005988023952094,1.2306216753655298e-10,0.01312,17.435185412724547,16.7,406930.0,6795731.0,0.004999999999999,16.7,16.69
2011-08-25,KIM,77129,KIMCO REALTY CORP,,,-0.005988,-0.2328714992459372,0.000602409638554,-6.627646050053557e-11,-0.015566,13.375027646032487,16.6,406930.0,6755038.000000001,0.004999999999999,16.61,16.6
2011-08-26,KIM,77129,KIMCO REALTY CORP,,,0.001807,0.4634648244437502,0.0006013229104027,1.364172273261206e-11,0.015122,19.57388248593124,16.63,406930.0,6767245.899999999,0.004999999999999,16.63,16.62
2011-08-29,KIM,77129,KIMCO REALTY CORP,,,0.037282,-0.6618791744086778,0.0005797101449274,8.024934510317988e-10,0.02828,6.618337306170594,17.25,406930.0,7019542.5,0.004999999999999,17.24,17.23
2011-08-30,KIM,77129,KIMCO REALTY CORP,,,0.002899,0.2142432793702657,0.0005780346820808,5.124220363747175e-11,0.002347,8.036271594623154,17.3,406930.0,7039889.0,0.004999999999999,17.29,17.28
2011-08-31,KIM,77129,KIMCO REALTY CORP,,,0.023121,0.5699651397468044,0.0005649717514123,2.544304135955041e-10,0.004922,12.615023231928609,17.7,406983.0,7203599.1,0.004999999999999,17.72,17.71
2011-09-01,KIM,77129,KIMCO REALTY CORP,,,-0.022599,-0.303052141563273,0.0005780346820808,-3.650719853654581e-10,-0.011871,8.7920134256222,17.3,406983.0,7040805.9,0.004999999999999,17.33,17.32
2011-09-02,KIM,77129,KIMCO REALTY CORP,,,-0.038728,0.2975238946956571,0.0006013229104027,-5.015945910675234e-10,-0.025282,11.407847502229822,16.63,406983.0,6768127.29,0.004999999999999,16.63,16.62
2011-09-06,KIM,77129,KIMCO REALTY CORP,,,-0.019242,-0.1160291203584044,0.0006131207847944,-2.8746059162831755e-10,-0.007436,10.084204991363276,16.31,406983.0,6637892.73,0.004999999999999,16.31,16.3
2011-09-07,KIM,77129,KIMCO REALTY CORP,,,0.050276,-0.0312614215053239,0.0005837711617044,7.382081323472273e-10,0.028646,9.768958408582176,17.13,406983.0,6971618.79,0.004999999999999,17.13,17.12
2011-09-08,KIM,77129,KIMCO REALTY CORP,,,-0.014594,-0.2346697519995976,0.0005924170616114,-2.8413745882596283e-10,-0.010612,7.476479361545814,16.88,406983.0,6869873.04,0.0050000000000007,16.89,16.88
2011-09-09,KIM,77129,KIMCO REALTY CORP,,,-0.040877,0.6565334560273433,0.0006176652254476,-5.009086682001788e-10,-0.026705,12.385038195698591,16.19,406983.0,6589054.7700000005,0.004999999999999,16.18,16.17
2011-09-12,KIM,77129,KIMCO REALTY CORP,,,0.004324,-0.3063783354825909,0.0006150061500613,7.606219875481747e-11,0.006966,8.590530808412145,16.26,406983.0,6617543.580000001,0.004999999999999,16.27,16.26
2011-09-13,KIM,77129,KIMCO REALTY CORP,,,0.00369,-0.1838853612493564,0.000612745098039,7.92426107231874e-11,0.00912,7.010857947383552,16.32,406983.0,6641962.5600000005,0.004999999999999,16.31,16.3
2011-09-14,KIM,77129,KIMCO REALTY CORP,,,0.006127,0.3089405250061332,0.0006090133982948,9.990963616129402e-11,0.01348,9.176796082391649,16.42,406983.0,6682660.86,0.0050000000000007,16.42,16.41
2011-09-15,KIM,77129,KIMCO REALTY CORP,,,0.020097,-0.0119685123701402,0.0005970149253732,3.2514590269163113e-10,0.017187,9.066963484961288,16.75,406983.0,6816965.25,0.0050000000000007,16.75,16.74
2011-09-16,KIM,77129,KIMCO REALTY CORP,,,0.010746,0.2221349014931843,0.0005906674542231,1.4074487700304414e-10,0.005707,11.081052525535464,16.93,406983.0,6890222.19,0.004999999999999,16.95,16.94
2011-09-19,KIM,77129,KIMCO REALTY CORP,,,-0.020083,-0.2446006474788239,0.0006027727546715,-3.553434476786189e-10,-0.009803,8.370619903042634,16.59,406983.0,6751847.97,0.0050000000000007,16.6,16.59
2011-09-20,KIM,77129,KIMCO REALTY CORP,,,0.000603,-0.1405172160742067,0.0006024096385543,1.2406182105471063e-11,-0.001661,7.194403697451737,16.6,406983.0,6755917.800000001,0.0050000000000007,16.62,16.61
2011-09-21,KIM,77129,KIMCO REALTY CORP,,,-0.071687,0.5531420765027322,0.0006489292667099,-1.022952597911748e-09,-0.02939,11.173931097859125,15.41,406983.0,6271608.03,0.0049999999999998,15.42,15.41
2011-09-22,KIM,77129,KIMCO REALTY CORP,,,-0.037638,0.3728999912041517,0.0006743088334457,-4.0650344160601496e-10,-0.031883,15.340689905966588,14.83,406983.0,6035557.89,0.0049999999999998,14.85,14.84
2011-09-23,KIM,77129,KIMCO REALTY CORP,,,0.026298,-0.3499535509498029,0.0006570302233903,4.2573810064598927e-10,0.006082,9.97216099935378,15.22,406983.0,6194281.260000001,0.0050000000000007,15.21,15.2
2011-09-26,KIM,77129,KIMCO REALTY CORP,,,0.026281,0.1714180115806332,0.0006402048655569,3.539023194586459e-10,0.023336,11.681569009024948,15.62,406983.0,6357074.46,0.0049999999999998,15.64,15.63
2011-09-27,KIM,77129,KIMCO REALTY CORP,,,0.012804,-0.1538008497749358,0.0006321112515802,2.0118201504434203e-10,0.010688,9.884933768732354,15.82,406983.0,6438471.0600000005,0.0049999999999998,15.82,15.81
2011-09-28,KIM,77129,KIMCO REALTY CORP,,,-0.028445,0.0750186428038777,0.0006506180871828,-4.2792340662956486e-10,-0.020691,10.626488084268876,15.37,406983.0,6255328.71,0.0049999999999998,15.36,15.35
2011-09-29,KIM,77129,KIMCO REALTY CORP,,,0.018868,0.193743063263041,0.0006385696040868,2.333765527710423e-10,0.008114,12.685296437443332,15.66,406983.0,6373353.78,0.0049999999999998,15.66,15.65
2011-09-30,KIM,77129,KIMCO REALTY CORP,,,-0.04023,-0.1407209405931004,0.0,-6.033647505943886e-10,-0.024974,10.900209591064,15.03,406983.0,6116954.489999999,0.0,15.01,15.01
2011-10-03,KIM,77129,KIMCO REALTY CORP,,,-0.049235,0.089558631260989,0.0007087172218284,-7.219135702229383e-10,-0.028451,11.876417442497598,14.11,406983.0,5742530.13,0.0049999999999998,14.1,14.09
2011-10-04,KIM,77129,KIMCO REALTY CORP,,,0.048902,0.7979104168821765,0.0006756756756756,3.802201547938125e-10,0.022488,21.35273463510761,14.8,406983.0,6023348.4,0.0049999999999998,14.79,14.78
2011-10-05,KIM,77129,KIMCO REALTY CORP,,,-0.011486,-0.4825895836689604,0.0006835269993164,-1.7460615412661258e-10,0.017866,11.048127317357237,14.63,406983.0,5954161.29,0.0049999999999998,14.62,14.61
2011-10-06,KIM,77129,KIMCO REALTY CORP,,,0.028708,0.0738590872698159,0.0006644518272425,3.950519427664576e-10,0.018304,11.86413191705796,15.05,406983.0,6125094.15,0.0049999999999998,15.04,15.03
2011-10-07,KIM,77129,KIMCO REALTY CORP,,,-0.031229,0.0433467950709329,0.0006858710562414,-4.2516708117359776e-10,-0.008163,12.378404011961187,14.58,406983.0,5933812.14,0.0049999999999998,14.6,14.59
2011-10-10,KIM,77129,KIMCO REALTY CORP,,,0.034294,-0.0682043749255627,0.0006631299734747,4.844569747847307e-10,0.034125,11.534142703749296,15.08,406983.0,6137303.64,0.0049999999999998,15.08,15.07
2011-10-11,KIM,77129,KIMCO REALTY CORP,,,-0.027851,-0.1683353926121596,0.0006821282401091,-4.866279102274507e-10,0.000544,9.59253826326898,14.66,406983.0,5966370.78,0.0049999999999998,14.65,14.64
2011-10-12,KIM,77129,KIMCO REALTY CORP,,,0.029332,-0.0249487704918033,0.0006626905235254,5.106404254728724e-10,0.009795,9.353216227704843,15.09,406983.0,6141373.47,0.0049999999999998,15.08,15.07
2011-10-13,KIM,77129,KIMCO REALTY CORP,,,-0.001988,-0.0292912310198076,0.00066401062417,-3.5724422095476004e-11,-0.002974,9.079249010400924,15.06,406983.0,6129163.98,0.0050000000000007,15.05,15.04
2011-10-14,KIM,77129,KIMCO REALTY CORP,,,0.028552,0.012286541636221,0.0006455777921239,4.927827060746703e-10,0.01738,9.190801581392837,15.49,406983.0,6304166.67,0.0049999999999998,15.49,15.48
2011-10-17,KIM,77129,KIMCO REALTY CORP,,,-0.038735,0.4308514904424543,0.0006715916722632,-4.860541362290974e-10,-0.01937,13.150672141096802,14.89,406983.0,6059976.87,0.0049999999999998,14.89,14.88
2011-10-18,KIM,77129,KIMCO REALTY CORP,,,0.041639,-0.1408979652846546,0.0006447453255963,5.838745239779916e-10,0.020419,11.297769194290671,15.51,406983.0,6312306.33,0.0049999999999998,15.51,15.5
2011-10-19,KIM,77129,KIMCO REALTY CORP,,,-0.025145,-0.0130926489778164,0.0006613756613756,-3.6648356043216987e-10,-0.012649,11.149851467997436,15.12,406983.0,6153582.96,0.0049999999999998,15.15,15.14
2011-10-20,KIM,77129,KIMCO REALTY CORP,,,0.029762,0.0579796377099035,0.0006422607578676,3.9815377690971103e-10,0.004554,11.79631581663116,15.57,406983.0,6336725.3100000005,0.0049999999999998,15.56,15.55
2011-10-21,KIM,77129,KIMCO REALTY CORP,,,0.04817,-0.0275573330000624,0.0006127450980393,6.322223230207989e-10,0.018809,11.471240813498351,16.32,406983.0,6641962.5600000005,0.0050000000000007,16.32,16.31
2011-10-24,KIM,77129,KIMCO REALTY CORP,,,0.027574,-0.149895043481986,0.0005963029218841,4.1429290385099183e-10,0.012873,9.751758672966684,16.77,406983.0,6825104.91,0.004999999999999,16.77,16.76
2011-10-25,KIM,77129,KIMCO REALTY CORP,,,-0.003578,0.2447087280790163,0.0005984440454818,-4.334479341566179e-11,-0.020045,12.138099134361877,16.71,406983.0,6800685.930000001,0.0050000000000007,16.73,16.72
2011-10-26,KIM,77129,KIMCO REALTY CORP,,,0.00778,-0.0889271255060728,0.0005938242280285,1.0264964325686575e-10,0.010537,11.058692869235324,16.84,406983.0,6853593.72,0.0050000000000007,16.85,16.84
2011-10-27,KIM,77129,KIMCO REALTY CORP,,,0.049287,0.94909680716333,0.0005659309564234,3.179672269443132e-10,0.034291,21.554462962826456,17.67,406983.0,7191389.61,0.0050000000000007,17.69,17.68
2011-10-28,KIM,77129,KIMCO REALTY CORP,,,0.013016,-0.517321569029787,0.0005586592178771,1.71732756598372e-10,0.000389,10.403874363302643,17.9,406983.0,7284995.699999999,0.0050000000000007,17.89,17.88
2011-10-31,KIM,77129,KIMCO REALTY CORP,,,-0.024022,-0.0756931651787823,0.0005724098454494,-3.5134091287998793e-10,-0.024738,9.61637218262188,17.47,406983.0,7109993.01,0.0050000000000007,17.44,17.43
2011-11-01,KIM,77129,KIMCO REALTY CORP,,,-0.048655,0.4616603214349593,0.000601684717208,-5.11755439485432e-10,-0.027942,14.055869655489296,16.62,406983.0,6764057.46,0.004999999999999,16.65,16.64
2011-11-02,KIM,77129,KIMCO REALTY CORP,,,0.043923,-0.1581854732977886,0.0011527377521613,5.257050034075135e-10,0.016105,11.832435261423695,17.35,406983.0,7061155.050000001,0.0099999999999997,17.38,17.36
2011-11-03,KIM,77129,KIMCO REALTY CORP,,,0.005187,-0.0703754464656533,0.0005733944954129,6.643726958934977e-11,0.018782,10.999722347125063,17.44,406983.0,7097783.5200000005,0.0050000000000007,17.44,17.43
2011-11-04,KIM,77129,KIMCO REALTY CORP,,,-0.006881,-0.3769294346281859,0.0005773672055428,-1.424322855676869e-10,-0.00628,6.853603221756191,17.32,406983.0,7048945.5600000005,0.0050000000000007,17.34,17.33
2011-11-07,KIM,77129,KIMCO REALTY CORP,,,-0.005774,0.1589287634890475,0.000580720092915,-1.0372696332650036e-10,0.006296,7.942837907234455,17.22,406983.0,7008247.26,0.004999999999999,17.22,17.21
2011-11-08,KIM,77129,KIMCO REALTY CORP,,,0.004065,0.2939120212831776,0.0005783689994215,5.6209385866759026e-11,0.011736,10.277333451274378,17.29,406983.0,7036736.069999999,0.004999999999999,17.29,17.28
2011-11-09,KIM,77129,KIMCO REALTY CORP,,,-0.055523,0.2013771009156764,0.0006123698714024,-6.766291018879881e-10,-0.036695,12.346953066835717,16.33,406983.0,6646032.39,0.0050000000000007,16.35,16.34
2011-11-10,KIM,77129,KIMCO REALTY CORP,,,-0.015309,0.6435621890547263,0.0006218905472637,-1.1527591311263852e-10,0.008616,20.292985210684478,16.08,406983.0,6544286.64,0.0050000000000007,16.07,16.06
2011-11-11,KIM,77129,KIMCO REALTY CORP,,,0.013682,-0.0242405162915158,0.0006134969325154,1.0415904588425984e-10,0.019489,19.80107277208139,16.3,406983.0,6633822.9,0.0050000000000007,16.32,16.31
2011-11-14,KIM,77129,KIMCO REALTY CORP,,,-0.017791,-0.5196371623214662,0.000624609618988,-2.870612934674347e-10,-0.00955,9.511699505876166,16.01,406983.0,6515797.830000001,0.004999999999999,16.02,16.01
2011-11-15,KIM,77129,KIMCO REALTY CORP,,,0.006871,-0.0219834155666348,0.000620347394541,1.1258338478317006e-10,0.004817,9.302599862893535,16.12,406983.0,6560565.96,0.0050000000000007,16.1,16.09
2011-11-16,KIM,77129,KIMCO REALTY CORP,,,-0.012407,-0.0046751188589539,0.0006281407035175,-2.0681319715900307e-10,-0.016616,9.25910910283722,15.92,406983.0,6479169.36,0.0049999999999998,15.95,15.94
2011-11-17,KIM,77129,KIMCO REALTY CORP,,,-0.018844,0.1972242125096197,0.000640204865557,-2.674059733249628e-10,-0.0168,11.085229604184942,15.62,406983.0,6357074.46,0.0050000000000007,15.63,15.62
2011-11-18,KIM,77129,KIMCO REALTY CORP,,,0.008963,-0.2853374709076803,0.0006345177664974,1.7639050744732807e-10,-0.000395,7.922198224495863,15.76,406983.0,6414052.08,0.0049999999999998,15.76,15.75
2011-11-21,KIM,77129,KIMCO REALTY CORP,,,-0.029188,0.3227777433161714,0.0006535947712419,-4.4730531039430074e-10,-0.018648,10.479307489502018,15.3,406983.0,6226839.9,0.0050000000000007,15.3,15.29
2011-11-22,KIM,77129,KIMCO REALTY CORP,,,-0.002614,-0.2501113742408966,0.0006553079947575,-5.356059965906445e-11,-0.004141,7.858313492209748,15.26,406983.0,6210560.58,0.0049999999999998,15.27,15.26
2011-11-23,KIM,77129,KIMCO REALTY CORP,,,-0.04325,0.2658370333312487,0.0006849315068493,-7.317282795976899e-10,-0.022095,9.947344237965714,14.6,406983.0,5941951.8,0.0049999999999998,14.61,14.6
2011-11-25,KIM,77129,KIMCO REALTY CORP,,,0.008219,-0.6827141586799723,0.0006793478260869,4.3468741009020603e-10,-0.002686,3.156151485442881,14.72,406983.0,5990789.760000001,0.0049999999999998,14.74,14.73
2011-11-28,KIM,77129,KIMCO REALTY CORP,,,0.025136,1.7043985986765278,0.0006626905235254,4.795149116050811e-10,0.02924,8.535491654442568,15.09,406983.0,6141373.47,0.0049999999999998,15.09,15.08
2011-11-29,KIM,77129,KIMCO REALTY CORP,,,-0.013254,-0.1475905348609592,0.0006715916722632,-3.0060707251282626e-10,0.002214,7.275733875862136,14.89,406983.0,6059976.87,0.0049999999999998,14.9,14.89
2011-11-30,KIM,77129,KIMCO REALTY CORP,,,0.0591,0.9289453243726992,0.0006341154090044,6.561192736468773e-10,0.043315,14.035906836846529,15.77,406942.0,6417475.34,0.0049999999999998,15.79,15.78
2011-12-01,KIM,77129,KIMCO REALTY CORP,,,-0.011414,-0.4394411569032529,0.0006414368184733,-2.2866387176135808e-10,-0.001909,7.867951698276413,15.59,406942.0,6344225.78,0.0049999999999998,15.59,15.58
2011-12-02,KIM,77129,KIMCO REALTY CORP,,,0.0,0.219470297957399,0.0006414368184733,0.0,-0.000241,9.59473340181156,15.59,406942.0,6344225.78,0.0049999999999998,15.58,15.57
2011-12-05,KIM,77129,KIMCO REALTY CORP,,,0.010904,-0.223229606863875,0.0006345177664974,2.2812429443398477e-10,0.010287,7.452904836561475,15.76,406942.0,6413405.92,0.0049999999999998,15.76,15.75
2011-12-06,KIM,77129,KIMCO REALTY CORP,,,0.003173,-0.031520986514557,0.0006325110689436,6.832661361653154e-11,0.001106,7.217981923713944,15.81,406942.0,6433753.0200000005,0.0049999999999998,15.82,15.81
2011-12-07,KIM,77129,KIMCO REALTY CORP,,,0.019608,0.1216082797126612,0.0006203473945408,3.6921450029317984e-10,0.002018,8.095748288453883,16.12,406942.0,6559905.04,0.004999999999999,16.13,16.12
2011-12-08,KIM,77129,KIMCO REALTY CORP,,,-0.030397,-0.0291394748823797,0.000639795265515,-6.080305357467727e-10,-0.021142,7.859842434548412,15.63,406942.0,6360503.46,0.0049999999999998,15.64,15.63
2011-12-09,KIM,77129,KIMCO REALTY CORP,,,0.026232,-0.1360637798968266,0.0006234413965088,5.918327620315187e-10,0.016883,6.790402563510279,16.04,406942.0,6527349.68,0.0050000000000007,16.03,16.02
2011-12-12,KIM,77129,KIMCO REALTY CORP,,,-0.025561,-0.0713639489016755,0.000639795265515,-6.373020062285108e-10,-0.014914,6.305812621946125,15.63,406942.0,6360503.46,0.0049999999999998,15.64,15.63
2011-12-13,KIM,77129,KIMCO REALTY CORP,,,-0.012156,-0.0420092747749503,0.0006476683937823,-3.2026428811856376e-10,-0.008686,6.0409100068314405,15.44,406942.0,6283184.48,0.0049999999999998,15.43,15.42
2011-12-14,KIM,77129,KIMCO REALTY CORP,,,0.003886,0.2609933694016191,0.0006451612903225,8.087669841586981e-11,-0.011348,7.617547463766336,15.5,406942.0,6307601.0,0.0049999999999998,15.5,15.49
2011-12-15,KIM,77129,KIMCO REALTY CORP,,,0.015484,-0.297364431110681,0.0006353240152477,4.516485492905087e-10,0.003243,5.3523597957448485,15.74,406942.0,6405267.08,0.0049999999999998,15.75,15.74
2011-12-16,KIM,77129,KIMCO REALTY CORP,,,0.024778,1.4362058674991969,0.0006199628022317,2.8949434283212745e-10,0.003216,13.0394503393604,16.13,406942.0,6563974.46,0.004999999999999,16.13,16.12
2011-12-19,KIM,77129,KIMCO REALTY CORP,,,-0.007439,-0.4733430073685996,0.000624609618988,-1.6626604722152423e-10,-0.011733,6.867317701294042,16.01,406942.0,6515141.420000001,0.004999999999999,16.02,16.01
2011-12-20,KIM,77129,KIMCO REALTY CORP,,,0.034978,0.3339297216059542,0.00060350030175,5.662651846831046e-10,0.029825,9.160519189466804,16.57,406942.0,6743028.94,0.004999999999999,16.56,16.55
2011-12-21,KIM,77129,KIMCO REALTY CORP,,,-0.004224,-0.079188797682279,0.0006060606060607,-7.457903629901531e-11,0.00195,8.435108688707482,16.5,406942.0,6714543.0,0.0050000000000007,16.51,16.5
2011-12-22,KIM,77129,KIMCO REALTY CORP,,,0.023636,0.1261434481151313,0.0005920663114269,3.6201571132258205e-10,0.008266,9.499142383926948,16.89,406942.0,6873250.38,0.0050000000000007,16.92,16.91
2011-12-23,KIM,77129,KIMCO REALTY CORP,,,0.000592,-0.5747878725165563,0.0005917159763314,2.131142288666823e-11,0.009035,4.039150542337729,16.9,406942.0,6877319.8,0.0050000000000007,16.91,16.9
2011-12-27,KIM,77129,KIMCO REALTY CORP,,,-0.014793,1.162681754578086,0.0006006006006006,-2.49934867916189e-10,7.9e-05,8.735397181907986,16.65,406942.0,6775584.3,0.0050000000000007,16.64,16.63
2011-12-28,KIM,77129,KIMCO REALTY CORP,,,-0.00961,-0.1447338809497018,0.0006064281382654,-1.916841893475172e-10,-0.012478,7.471089246133356,16.49,406942.0,6710473.579999999,0.004999999999999,16.52,16.51
2011-12-29,KIM,77129,KIMCO REALTY CORP,,,0.001819,0.1341315001809031,0.0006053268765134,3.193322665751353e-11,0.010707,8.473197654702636,16.52,406942.0,6722681.84,0.0050000000000007,16.53,16.52
2011-12-30,KIM,77129,KIMCO REALTY CORP,,,-0.005448,-0.0195759983759171,0.0006157635467979,-9.923326637152178e-11,-0.004291,8.307326351175352,16.24,406942.0,6608738.079999999,0.004999999999999,16.24,16.23
2012-01-03,KIM,77129,KIMCO REALTY CORP,,,0.023399,0.2250488079039223,0.0006016847172082,3.3995317279070536e-10,0.015474,10.176880243376203,16.62,406942.0,6763376.04,0.0050000000000007,16.62,16.61
2012-01-04,KIM,77129,KIMCO REALTY CORP,,,-0.015644,-0.2718162940068576,0.0006112469437653,-3.17085492199624e-10,0.000188,7.410638371070079,16.36,406942.0,6657571.12,0.0050000000000007,16.37,16.36
2012-01-05,KIM,77129,KIMCO REALTY CORP,,,0.017115,-0.2435918692177604,0.0006009615384614,4.508989842957007e-10,0.002944,5.60546711816426,16.64,406942.0,6771514.88,0.004999999999999,16.63,16.62
2012-01-06,KIM,77129,KIMCO REALTY CORP,,,-0.011418,0.3093244487308755,0.0006079027355621,-2.3239807930660778e-10,-0.002537,7.339375144369468,16.45,406942.0,6694195.899999999,0.004999999999999,16.45,16.44
2012-01-09,KIM,77129,KIMCO REALTY CORP,,,-0.010942,0.0795861653329761,0.0006146281499693,-2.0857403600557428e-10,0.002262,7.923487868049992,16.27,406942.0,6620946.34,0.0050000000000007,16.28,16.27
2012-01-10,KIM,77129,KIMCO REALTY CORP,,,0.022127,-0.1287061158665178,0.0006013229104027,4.73605468729432e-10,0.008886,6.903686520437802,16.63,406942.0,6767445.46,0.004999999999999,16.65,16.64
2012-01-11,KIM,77129,KIMCO REALTY CORP,,,0.027661,0.580764576066064,0.0005851375073141,3.644559466295566e-10,0.00031,10.91310309577286,17.09,406942.0,6954638.78,0.004999999999999,17.11,17.1
2012-01-12,KIM,77129,KIMCO REALTY CORP,,,0.003511,-0.0275613600540418,0.0005830903790088,4.7404953473341086e-11,0.002337,10.612323132043388,17.15,406942.0,6979055.3,0.0050000000000007,17.16,17.15
2012-01-13,KIM,77129,KIMCO REALTY CORP,,,0.004082,-0.0165562913907284,0.0,5.581454214122359e-11,-0.004948,10.436622417936707,17.22,406942.0,7007541.239999999,0.0,17.21,17.21
2012-01-17,KIM,77129,KIMCO REALTY CORP,,,0.008711,-0.1647006192460738,0.0005757052389177,1.4136228256319368e-10,0.003553,8.717704242865077,17.37,406942.0,7068582.54,0.0050000000000007,17.37,17.36
2012-01-18,KIM,77129,KIMCO REALTY CORP,,,0.008636,-0.3344232720712594,0.0005707762557078,2.0875926411537515e-10,0.011108,5.8023010650166364,17.52,406942.0,7129623.84,0.0050000000000007,17.51,17.5
2012-01-19,KIM,77129,KIMCO REALTY CORP,,,0.009132,0.1687701168897171,0.0005656108597285,1.8716376312790242e-10,0.004939,6.781556093988824,17.68,406942.0,7194734.56,0.0050000000000007,17.71,17.7
2012-01-20,KIM,77129,KIMCO REALTY CORP,,,0.024887,0.6860528318295467,0.0005518763796908,2.9517617582997315e-10,0.000669,11.434061856480776,18.12,406942.0,7373789.04,0.004999999999999,18.11,18.1
2012-01-23,KIM,77129,KIMCO REALTY CORP,,,0.008278,0.1314420803782505,0.0005473453749316,8.606399372570822e-11,0.000471,12.93697873407021,18.27,406942.0,7434830.34,0.0050000000000007,18.26,18.25
2012-01-24,KIM,77129,KIMCO REALTY CORP,,,0.012589,-0.1043764008661626,0.0005405405405404,1.4432069022639742e-10,-0.001026,11.586663455725878,18.5,406942.0,7528427.0,0.004999999999999,18.49,18.48
2012-01-25,KIM,77129,KIMCO REALTY CORP,,,0.016216,0.2905346652244915,0.0005319148936169,1.4175072990786554e-10,0.008672,14.952990843904043,18.8,406942.0,7650509.600000001,0.004999999999999,18.81,18.8
2012-01-26,KIM,77129,KIMCO REALTY CORP,,,-0.004787,-0.1121939194741167,0.0005344735435596,-4.735991805378775e-11,-0.005746,13.275356193265871,18.71,406942.0,7613884.82,0.0050000000000007,18.73,18.72
2012-01-27,KIM,77129,KIMCO REALTY CORP,,,-0.018706,-0.0041278714621549,0.0005446623093682,-1.893764527702861e-10,-0.001593,13.220557229285744,18.36,406942.0,7471455.12,0.0050000000000007,18.39,18.38
2012-01-30,KIM,77129,KIMCO REALTY CORP,,,-0.003813,-0.3038104089219331,0.0005467468562056,-5.5660012353807616e-11,-0.002522,9.204014331280623,18.29,406942.0,7442969.18,0.0050000000000007,18.28,18.27
2012-01-31,KIM,77129,KIMCO REALTY CORP,,,-0.002187,0.1019356561206781,0.0005479452054793,-2.9034869391213667e-11,-0.000457,10.14223157108384,18.25,406942.0,7426691.5,0.004999999999999,18.27,18.26
2012-02-01,KIM,77129,KIMCO REALTY CORP,,,0.001096,-0.0597242749497249,0.0005473453749314,1.5457908960137438e-11,0.0089,9.536494144128648,18.27,406942.0,7434830.34,0.004999999999999,18.27,18.26
2012-02-02,KIM,77129,KIMCO REALTY CORP,,,0.013684,0.0590857555143269,0.0005399568034556,1.7977102499910272e-10,0.001095,10.099965105592442,18.52,406942.0,7536565.84,0.004999999999999,18.54,18.53
2012-02-03,KIM,77129,KIMCO REALTY CORP,,,0.019978,0.1470280528454295,0.0005293806246692,2.2433323688359115e-10,0.014605,11.584943308874484,18.89,406942.0,7687134.38,0.0050000000000007,18.92,18.91
2012-02-06,KIM,77129,KIMCO REALTY CORP,,,-0.006882,-0.5691498387917868,0.0005330490405118,-1.806047408823211e-10,-0.000424,4.991374692216581,18.76,406942.0,7634231.920000001,0.0050000000000007,18.75,18.74
2012-02-07,KIM,77129,KIMCO REALTY CORP,,,-0.008529,0.2473414730208742,0.0005376344086022,-1.809868910233558e-10,0.002023,6.225948660988544,18.6,406942.0,7569121.2,0.0050000000000007,18.59,18.58
2012-02-08,KIM,77129,KIMCO REALTY CORP,,,0.013979,0.3251499842121881,0.0005302226935311,2.2076556361690017e-10,0.00216,8.250315769814863,18.86,406942.0,7674926.12,0.004999999999999,18.86,18.85
2012-02-09,KIM,77129,KIMCO REALTY CORP,,,-0.011135,0.1602728301661999,0.0005361930294907,-1.5326683053210156e-10,0.001474,9.572617228007925,18.65,406942.0,7589468.3,0.0050000000000007,18.66,18.65
2012-02-10,KIM,77129,KIMCO REALTY CORP,,,-0.014209,0.1076113464253625,0.0005439216752788,-1.7912214253681362e-10,-0.006886,10.602739456728475,18.385,406942.0,7481628.670000001,0.0050000000000007,18.39,18.38
2012-02-13,KIM,77129,KIMCO REALTY CORP,,,0.024204,-0.0603054673557836,0.0005310674455656,3.1702938592846127e-10,0.0068,9.963336298538858,18.83,406942.0,7662717.859999999,0.0050000000000007,18.82,18.81
2012-02-14,KIM,77129,KIMCO REALTY CORP,,,-0.015401,-0.0972006412627943,0.0005393743257821,-2.2693978776554504e-10,-0.00094,8.994893621204005,18.54,406942.0,7544704.68,0.0050000000000007,18.57,18.56
2012-02-15,KIM,77129,KIMCO REALTY CORP,,,-0.005394,0.0107911703638947,0.0005422993492406,-7.906058784844922e-11,-0.005383,9.091959050675529,18.44,406942.0,7504010.48,0.004999999999999,18.43,18.42
2012-02-16,KIM,77129,KIMCO REALTY CORP,,,0.018438,-0.1702208167788318,0.0005324813631521,3.197906053158502e-10,0.011026,7.544318354949845,18.78,406942.0,7642370.760000001,0.004999999999999,18.77,18.76
2012-02-17,KIM,77129,KIMCO REALTY CORP,,,-0.000532,-0.2999902283313247,0.0005327650506127,-1.3188358239539606e-11,0.002349,5.281096569044237,18.77,406942.0,7638301.34,0.0050000000000007,18.78,18.77
2012-02-21,KIM,77129,KIMCO REALTY CORP,,,-0.010123,0.2992415429714765,0.0005382131324003,-1.9512683687735688e-10,0.00072,6.8614200549464055,18.58,406942.0,7560982.359999999,0.004999999999999,18.58,18.57
2012-02-22,KIM,77129,KIMCO REALTY CORP,,,-0.004306,0.1010314447389155,0.0005405405405406,-7.571048913793603e-11,-0.00334,7.55463923605821,18.5,406942.0,7528427.0,0.0050000000000007,18.51,18.5
2012-02-23,KIM,77129,KIMCO REALTY CORP,,,0.012432,-0.1421461796181244,0.000533902829685,2.5167709318787727e-10,0.004272,6.480776130259349,18.73,406942.0,7622023.66,0.0050000000000007,18.73,18.72
2012-02-24,KIM,77129,KIMCO REALTY CORP,,,-0.001602,-0.3096727713949873,0.0005347593582888,-4.7055063823937687e-11,0.001672,4.473856225211455,18.7,406942.0,7609815.399999999,0.0050000000000007,18.71,18.7
2012-02-27,KIM,77129,KIMCO REALTY CORP,,,-0.004278,0.3328023728441174,0.0005370569280342,-9.468491811790816e-11,0.001355,5.962766192725253,18.62,406942.0,7577260.04,0.004999999999999,18.61,18.6
2012-02-28,KIM,77129,KIMCO REALTY CORP,,,-0.010204,0.1899855759324129,0.0005425935973954,-1.917445910934788e-10,0.003356,7.095605762000481,18.43,406942.0,7499941.06,0.004999999999999,18.45,18.44
2012-02-29,KIM,77129,KIMCO REALTY CORP,,,-0.001085,0.2146839826839826,0.0005431830526888,-1.6803147977627315e-11,-0.004737,8.618135088051226,18.41,406979.0,7492483.39,0.0050000000000007,18.39,18.38
2012-03-01,KIM,77129,KIMCO REALTY CORP,,,0.015752,-0.1344300621543023,0.0005347593582888,2.7746399459022714e-10,0.006158,7.459598652510326,18.7,406979.0,7610507.3,0.0050000000000007,18.69,18.68
2012-03-02,KIM,77129,KIMCO REALTY CORP,,,0.003743,-0.2980005929049046,0.0005327650506127,9.35688618826605e-11,-0.003246,5.236633831229621,18.77,406979.0,7638995.83,0.0050000000000007,18.76,18.75
2012-03-05,KIM,77129,KIMCO REALTY CORP,,,0.005328,-0.0123404654654654,0.0005299417064123,1.3414078634446796e-10,-0.00387,5.172011332280044,18.87,406979.0,7679693.73,0.0050000000000007,18.87,18.86
2012-03-06,KIM,77129,KIMCO REALTY CORP,,,-0.033386,1.819088792816761,0.0005482456140349,-3.0846033924022044e-10,-0.01537,14.580359183151955,18.24,406979.0,7423296.959999999,0.004999999999999,18.27,18.26
2012-03-07,KIM,77129,KIMCO REALTY CORP,,,0.006579,-0.5091255329547177,0.000544662309368,1.2302023253684884e-10,0.006901,7.157126043358502,18.36,406979.0,7472134.439999999,0.004999999999999,18.36,18.35
2012-03-08,KIM,77129,KIMCO REALTY CORP,,,-0.009804,0.2282340016478989,0.0005500550055006,-1.507362274689007e-10,0.009818,8.790625560532607,18.18,406979.0,7398878.22,0.0050000000000007,18.17,18.16
2012-03-09,KIM,77129,KIMCO REALTY CORP,,,-0.00055,0.2925424865831842,0.0005503577325262,-6.545926925508803e-12,0.003631,11.362257020632514,18.17,406979.0,7394808.430000001,0.0050000000000007,18.17,18.16
2012-03-12,KIM,77129,KIMCO REALTY CORP,,,0.008255,0.2063059556247566,0.0005458515283843,8.077882411552519e-11,0.00016,13.706358313328206,18.32,406979.0,7455855.28,0.0050000000000007,18.35,18.34
2012-03-13,KIM,77129,KIMCO REALTY CORP,,,0.036572,0.0996558029471872,0.0005265929436546,3.1395896929189915e-10,0.018132,15.072276456524785,18.99,406979.0,7728531.209999999,0.0050000000000007,18.98,18.97
2012-03-14,KIM,77129,KIMCO REALTY CORP,,,0.014218,-0.1121924976769208,0.0005192107995847,1.3555407092481108e-10,-0.001196,13.38128011519022,19.26,406979.0,7838415.540000001,0.0050000000000007,19.28,19.27
2012-03-15,KIM,77129,KIMCO REALTY CORP,,,0.010384,0.0525716594135037,0.0005138746145941,9.308945950846972e-11,0.005967,14.084756215922688,19.46,406979.0,7919811.340000001,0.0050000000000007,19.48,19.47
2012-03-16,KIM,77129,KIMCO REALTY CORP,,,0.007708,0.5284532989079236,0.0005099439061704,4.4863236797325035e-11,0.001119,21.52789210254092,19.61,406979.0,7980858.189999999,0.0050000000000007,19.64,19.63
2012-03-19,KIM,77129,KIMCO REALTY CORP,,,0.007649,-0.2682676284612048,0.000506072874494,6.037983804405004e-11,0.003974,15.752655542423565,19.76,406979.0,8041905.040000001,0.0050000000000007,19.75,19.74
2012-03-20,KIM,77129,KIMCO REALTY CORP,,,-0.015182,-0.0489939167056621,0.0005138746145941,-1.2796083909473176e-10,-0.003001,14.980871248885078,19.46,406979.0,7919811.340000001,0.0050000000000007,19.48,19.47
2012-03-21,KIM,77129,KIMCO REALTY CORP,,,0.002569,-0.4470140563237055,0.0005125576627371,3.9055632079830985e-11,-0.001871,8.284211224657783,19.51,406979.0,7940160.290000001,0.0050000000000007,19.51,19.5
2012-03-22,KIM,77129,KIMCO REALTY CORP,,,-0.017427,0.1628948539225863,0.0005216484089724,-2.3186591229018263e-10,-0.007207,9.633666601962265,19.17,406979.0,7801787.430000001,0.0050000000000007,19.19,19.18
2012-03-23,KIM,77129,KIMCO REALTY CORP,,,0.001565,-0.0169612569184074,0.0005208333333334,2.114846574299898e-11,0.003109,9.4702675076601,19.2,406979.0,7813996.8,0.0050000000000007,19.21,19.2
2012-03-26,KIM,77129,KIMCO REALTY CORP,,,0.0125,-0.24975351564527,0.0005144032921811,2.2236966220304932e-10,0.013886,7.105034903520821,19.44,406979.0,7911671.760000001,0.0050000000000007,19.44,19.43
2012-03-27,KIM,77129,KIMCO REALTY CORP,,,0.004115,-0.145732466454558,0.0005122950819671,8.534103563659145e-11,-0.002817,6.069600642785009,19.52,406979.0,7944230.08,0.004999999999999,19.52,19.51
2012-03-28,KIM,77129,KIMCO REALTY CORP,,,-0.002049,0.2341915634361591,0.0005133470225871,-3.4501526856736124e-11,-0.004942,7.491049906751946,19.48,406979.0,7927950.92,0.004999999999999,19.47,19.46
2012-03-29,KIM,77129,KIMCO REALTY CORP,,,-0.010267,0.5492833010791485,0.0005186721991702,-1.1274336732537987e-10,-0.001608,11.6057585280813,19.28,406979.0,7846555.12,0.0050000000000007,19.28,19.27
2012-03-30,KIM,77129,KIMCO REALTY CORP,,,-0.001037,0.3001079753562128,0.0005192107995847,-8.767939017217018e-12,0.003698,15.065085447649516,19.26,407618.0,7850722.680000001,0.0050000000000007,19.26,19.25
2012-04-02,KIM,77129,KIMCO REALTY CORP,,,0.008307,-0.3079077644606566,0.0005200208008321,1.0164265394145176e-10,0.007505,10.426428666054983,19.23,407618.0,7838494.140000001,0.0050000000000007,19.25,19.24
2012-04-03,KIM,77129,KIMCO REALTY CORP,,,-0.00884,-0.0399764705882352,0.0005246589716683,-1.1367332441726411e-10,-0.003989,10.009616847146102,19.06,407618.0,7769199.079999999,0.004999999999999,19.06,19.05
2012-04-04,KIM,77129,KIMCO REALTY CORP,,,-0.018363,0.2300433812896742,0.0005344735435594,-1.9555936159532988e-10,-0.010202,12.31226295207768,18.71,407618.0,7626532.78,0.004999999999999,18.72,18.71
2012-04-05,KIM,77129,KIMCO REALTY CORP,,,-0.017103,-0.0258234204076752,0.0005437737901032,-1.9022239537209366e-10,-0.000629,11.994318209696331,18.39,407618.0,7496095.02,0.004999999999999,18.4,18.39
2012-04-09,KIM,77129,KIMCO REALTY CORP,,,-0.010332,-0.230840031907713,0.0005494505494506,-1.5096192200300696e-10,-0.011358,9.225549411458768,18.2,407618.0,7418647.6,0.0050000000000007,18.21,18.2
2012-04-10,KIM,77129,KIMCO REALTY CORP,,,-0.022527,0.4109825821034436,0.0005621135469365,-2.386493002608012e-10,-0.017081,13.017089529902998,17.79,407618.0,7251524.22,0.0050000000000007,17.8,17.79
2012-04-11,KIM,77129,KIMCO REALTY CORP,,,0.011804,-0.3024312099509988,0.0005555555555556,1.771749865662815e-10,0.007449,9.080315393333954,18.0,407618.0,7337124.0,0.0050000000000007,18.01,18.0
2012-04-12,KIM,77129,KIMCO REALTY CORP,,,0.018333,-0.3867560046470158,0.0005455537370429,4.4063955684250286e-10,0.013779,5.568448890873317,18.33,407618.0,7471637.939999999,0.004999999999999,18.33,18.32
2012-04-13,KIM,77129,KIMCO REALTY CORP,,,-0.012002,-0.0196933650541898,0.0005521811154059,-2.9784179349696864e-10,-0.012475,5.458787394079751,18.11,407618.0,7381961.979999999,0.0050000000000007,18.12,18.11
2012-04-16,KIM,77129,KIMCO REALTY CORP,,,0.018222,0.2282144622713586,0.0005422993492408,3.615858151365037e-10,-0.000504,6.7045616238733325,18.44,407618.0,7516475.920000001,0.0050000000000007,18.44,18.43
2012-04-17,KIM,77129,KIMCO REALTY CORP,,,0.013557,0.0490687548025907,0.0005350454788655,2.530035422735383e-10,0.015487,7.033546114254032,18.69,407618.0,7618380.420000001,0.004999999999999,18.68,18.67
2012-04-18,KIM,77129,KIMCO REALTY CORP,,,-0.007491,-0.1320892919427974,0.0005390835579513,-1.6229051692378554e-10,-0.004055,6.104489988175203,18.55,407618.0,7561313.9,0.004999999999999,18.56,18.55
2012-04-19,KIM,77129,KIMCO REALTY CORP,,,0.001078,-0.0063899047542499,0.0005385029617663,2.347946096036484e-11,-0.005934,6.065482878577492,18.57,407618.0,7569466.26,0.0050000000000007,18.57,18.56
2012-04-20,KIM,77129,KIMCO REALTY CORP,,,0.012386,-0.0592541659925578,0.0005319148936171,2.832580021643417e-10,0.001169,5.706077749265243,18.8,407618.0,7663218.4,0.0050000000000007,18.8,18.79
2012-04-23,KIM,77129,KIMCO REALTY CORP,,,-0.015425,-0.1858635366954727,0.0005402485143166,-4.4007886213209405e-10,-0.008408,4.645525958127463,18.51,407618.0,7545009.180000001,0.0050000000000007,18.51,18.5
2012-04-24,KIM,77129,KIMCO REALTY CORP,,,0.020529,0.1218842416561047,0.0005293806246692,5.115634929313082e-10,0.00368,5.211742366627578,18.89,407618.0,7699904.02,0.0050000000000007,18.89,18.88
2012-04-25,KIM,77129,KIMCO REALTY CORP,,,0.020117,0.4522218038034269,0.0005189413596262,3.3838589775383385e-10,0.013645,7.568605900622642,19.27,407618.0,7854798.859999999,0.004999999999999,19.27,19.26
2012-04-26,KIM,77129,KIMCO REALTY CORP,,,0.004152,-0.3845256231564616,0.0005167958656329,1.1300486802762415e-10,0.00668,4.658283000260047,19.35,407618.0,7887408.300000001,0.004999999999999,19.36,19.35
2012-04-27,KIM,77129,KIMCO REALTY CORP,,,0.0,0.2783863492732252,0.0005167958656329,0.0,0.002414,5.955085398583968,19.35,407618.0,7887408.300000001,0.004999999999999,19.36,19.35
2012-04-30,KIM,77129,KIMCO REALTY CORP,,,0.003101,0.0267776221471534,0.0005151983513653,6.410006770918472e-11,-0.003884,6.11454842524128,19.41,407618.0,7911865.38,0.0050000000000007,19.41,19.4
2012-05-01,KIM,77129,KIMCO REALTY CORP,,,0.018032,0.1348499438292409,0.000506072874494,3.2262704871396466e-10,0.005658,6.93909493692624,19.76,407618.0,8054531.680000001,0.0050000000000007,19.76,19.75
2012-05-02,KIM,77129,KIMCO REALTY CORP,,,-0.002024,-0.1857168110305815,0.0005070993914808,-4.4562746107893285e-11,-0.002497,5.650388353801844,19.72,407618.0,8038226.96,0.0050000000000007,19.73,19.72
2012-05-03,KIM,77129,KIMCO REALTY CORP,,,-0.006085,-0.0743747829107328,0.0005102040816325,-1.4562558453654928e-10,-0.007659,5.230141946626499,19.6,407618.0,7989312.800000001,0.004999999999999,19.61,19.6
2012-05-04,KIM,77129,KIMCO REALTY CORP,,,-0.005612,-0.0728927247994746,0.000513083632632,-1.4568304307267654e-10,-0.016147,4.848902649048864,19.49,407618.0,7944474.819999999,0.004999999999999,19.52,19.51
2012-05-07,KIM,77129,KIMCO REALTY CORP,,,0.016419,0.9375158107766252,0.0005047955577991,2.1643134256438911e-10,0.000351,9.394825547448836,19.81,407618.0,8074912.579999999,0.0050000000000007,19.84,19.83
2012-05-08,KIM,77129,KIMCO REALTY CORP,,,-0.004543,-0.4954171562867214,0.0005070993914808,-1.1922333672291867e-10,-0.004279,4.740467790921892,19.72,407618.0,8038226.96,0.0050000000000007,19.73,19.72
2012-05-09,KIM,77129,KIMCO REALTY CORP,,,-0.009128,0.4987320809398126,0.0005117707267145,-1.613067401052947e-10,-0.006702,7.104691156916525,19.54,407618.0,7964855.72,0.0050000000000007,19.55,19.54
2012-05-10,KIM,77129,KIMCO REALTY CORP,,,-0.001024,-0.1951312154696132,0.0005122950819672,-2.2505906042062128e-11,0.002517,5.718344135931191,19.52,407618.0,7956703.359999999,0.0050000000000007,19.53,19.52
2012-05-11,KIM,77129,KIMCO REALTY CORP,,,0.004611,0.0186194173924234,0.0005099439061702,9.903345623347307e-11,-0.003387,5.824816372191611,19.61,407618.0,7993388.979999999,0.004999999999999,19.63,19.62
2012-05-14,KIM,77129,KIMCO REALTY CORP,,,-0.018868,0.1259739712757444,0.0005197505197506,-3.668232515393434e-10,-0.011113,6.558591622548563,19.24,407618.0,7842570.319999999,0.0050000000000007,19.25,19.24
2012-05-15,KIM,77129,KIMCO REALTY CORP,,,-0.001559,0.2059549637166156,0.0005205622071838,-2.5172347425542168e-11,-0.005746,7.90936612220265,19.21,407618.0,7830341.78,0.0050000000000007,19.21,19.2
2012-05-16,KIM,77129,KIMCO REALTY CORP,,,-0.020302,-0.1142990074441687,0.0005313496280553,-3.7777832774568015e-10,-0.004404,7.005333424922354,18.82,407618.0,7671370.76,0.0050000000000007,18.82,18.81
2012-05-17,KIM,77129,KIMCO REALTY CORP,,,-0.036663,0.2479775871125897,0.0005515719801434,-5.674678277022616e-10,-0.015051,8.742499104553774,18.13,407618.0,7390114.34,0.0050000000000007,18.14,18.13
2012-05-18,KIM,77129,KIMCO REALTY CORP,,,-0.018753,-0.0322987989673364,0.0005621135469363,-3.0567827593735915e-10,-0.007388,8.460126883503673,17.79,407618.0,7251524.22,0.004999999999999,17.79,17.78
2012-05-21,KIM,77129,KIMCO REALTY CORP,,,0.016863,0.2899811512251704,0.0005527915975676,2.0954759379081516e-10,0.016036,10.91340421669308,18.09,407618.0,7373809.62,0.004999999999999,18.08,18.07
2012-05-22,KIM,77129,KIMCO REALTY CORP,,,0.003317,-0.0661121726424637,0.0005509641873279,4.399066554415538e-11,0.000486,10.191895353002076,18.15,407618.0,7398266.699999999,0.0050000000000007,18.17,18.16
2012-05-23,KIM,77129,KIMCO REALTY CORP,,,-0.002204,-0.060586366262276,0.0005521811154059,-3.118372353382274e-11,0.001694,9.574405448238302,18.11,407618.0,7381961.979999999,0.0050000000000007,18.1,18.09
2012-05-24,KIM,77129,KIMCO REALTY CORP,,,0.003865,-0.4168652471365978,0.0005500550055004,9.341605572807917e-11,0.00138,5.583168554872454,18.18,407618.0,7410495.24,0.004999999999999,18.18,18.17
2012-05-25,KIM,77129,KIMCO REALTY CORP,,,-0.004951,-0.3850514104930134,0.0005527915975678,-1.9556064305521731e-10,-0.002166,3.433361627798576,18.09,407618.0,7373809.62,0.0050000000000007,18.09,18.08
2012-05-29,KIM,77129,KIMCO REALTY CORP,,,0.017689,0.4690246516613077,0.0005431830526888,4.673556602466756e-10,0.011079,5.043692869304103,18.41,407618.0,7504247.38,0.0050000000000007,18.41,18.4
2012-05-30,KIM,77129,KIMCO REALTY CORP,,,-0.032048,0.3319713993871298,0.0005611672278339,-6.567443513592116e-10,-0.014335,6.718054649205874,17.82,407618.0,7263752.76,0.0050000000000007,17.82,17.81
2012-05-31,KIM,77129,KIMCO REALTY CORP,,,0.007295,0.4239702015775635,0.0005571030640667,1.0422287665711874e-10,-0.002277,9.582530570518616,17.95,406928.0,7304357.6,0.004999999999999,17.95,17.94
2012-06-01,KIM,77129,KIMCO REALTY CORP,,,-0.027855,-0.1248397189311175,0.0005730659025788,-4.67759207534794e-10,-0.024643,8.386250147446232,17.45,406928.0,7100893.6,0.0050000000000007,17.46,17.45
2012-06-04,KIM,77129,KIMCO REALTY CORP,,,-0.004585,-0.2328429936119088,0.0005757052389175,-1.0082538275162476e-10,0.00011,6.433570557936539,17.37,406928.0,7068339.36,0.004999999999999,17.36,17.35
2012-06-05,KIM,77129,KIMCO REALTY CORP,,,0.021301,0.0978991596638656,0.0005636978579482,4.177479063477481e-10,0.005727,7.063411709196713,17.74,406928.0,7218902.72,0.0050000000000007,17.75,17.74
2012-06-06,KIM,77129,KIMCO REALTY CORP,,,0.031003,0.2045367567755627,0.0005467468562054,4.895960020490295e-10,0.023049,8.508139031966342,18.29,406928.0,7442713.12,0.004999999999999,18.29,18.28
2012-06-07,KIM,77129,KIMCO REALTY CORP,,,-0.003827,-0.219253653746173,0.000548847420417,-7.770482327462298e-11,-0.000106,6.642698462627295,18.22,406928.0,7414228.159999999,0.004999999999999,18.22,18.21
2012-06-08,KIM,77129,KIMCO REALTY CORP,,,0.012624,-0.2009544596944249,0.000542005420054,3.1678672266143006e-10,0.008114,5.30781858215704,18.45,406928.0,7507821.6,0.004999999999999,18.45,18.44
2012-06-11,KIM,77129,KIMCO REALTY CORP,,,-0.03252,0.4512708921709338,0.0005602240896357,-5.812061314029853e-10,-0.01262,7.703082609208509,17.85,406928.0,7263664.800000001,0.004999999999999,17.86,17.85
2012-06-12,KIM,77129,KIMCO REALTY CORP,,,0.018487,0.1534486058827282,0.0005500550055006,2.8124977560262937e-10,0.011651,8.885109896591043,18.18,406928.0,7397951.04,0.0050000000000007,18.17,18.16
2012-06-13,KIM,77129,KIMCO REALTY CORP,,,-0.0044,-0.3060626175461887,0.0005524861878451,-9.688876949060729e-11,-0.007023,6.165709904454842,18.1,406928.0,7365396.800000001,0.004999999999999,18.11,18.1
2012-06-14,KIM,77129,KIMCO REALTY CORP,,,0.020442,0.0356317257871661,0.0005414185165133,4.2594201487700725e-10,0.010815,6.385404789053592,18.47,406928.0,7515960.159999999,0.0050000000000007,18.46,18.45
2012-06-15,KIM,77129,KIMCO REALTY CORP,,,0.008663,0.1657173645320198,0.0005367686527107,1.5351689793438874e-10,0.010338,7.44357724216569,18.63,406928.0,7581068.64,0.0050000000000007,18.64,18.63
2012-06-18,KIM,77129,KIMCO REALTY CORP,,,0.0,0.2821393199075603,0.0005367686527107,0.0,0.001445,9.54370306294971,18.63,406928.0,7581068.64,0.0050000000000007,18.62,18.61
2012-06-19,KIM,77129,KIMCO REALTY CORP,,,0.005904,-0.2828303635801833,0.0005336179295623,1.1311504581849083e-10,0.009816,6.844454055754335,18.74,406928.0,7625830.72,0.004999999999999,18.74,18.73
2012-06-20,KIM,77129,KIMCO REALTY CORP,,,0.001067,0.3364210828665805,0.0005330490405118,1.5280299989952518e-11,-0.001686,9.147072700821766,18.76,406928.0,7633969.28,0.0050000000000007,18.75,18.74
2012-06-21,KIM,77129,KIMCO REALTY CORP,,,-0.012793,-0.0176239858148407,0.0005399568034556,-1.8890957136709158e-10,-0.022262,8.985864821295168,18.52,406928.0,7536306.56,0.004999999999999,18.52,18.51
2012-06-22,KIM,77129,KIMCO REALTY CORP,,,-0.00432,-0.3176721544604277,0.0005422993492406,-9.389712179239172e-11,0.007175,6.131305783824166,18.44,406928.0,7503752.32,0.004999999999999,18.45,18.44
2012-06-25,KIM,77129,KIMCO REALTY CORP,,,-0.011931,-0.0123446893787575,0.0005488474204172,-2.6573730107120796e-10,-0.015955,6.055616718436677,18.22,406928.0,7414228.159999999,0.0050000000000007,18.23,18.22
2012-06-26,KIM,77129,KIMCO REALTY CORP,,,0.002195,0.1128560993425857,0.0005476451259582,4.383477560728737e-11,0.004773,6.73903000039319,18.26,406928.0,7430505.28,0.004999999999999,18.27,18.26
2012-06-27,KIM,77129,KIMCO REALTY CORP,,,-0.000548,0.1387156766218138,0.0005479452054795,-9.61584438475485e-12,0.008985,7.673839106672434,18.25,406928.0,7426436.0,0.0050000000000007,18.25,18.24
2012-06-28,KIM,77129,KIMCO REALTY CORP,,,0.010959,0.4583853716335222,0.0005420054200542,1.304283480462437e-10,-0.00211,11.191414697440331,18.45,406928.0,7507821.6,0.0050000000000007,18.44,18.43
2012-06-29,KIM,77129,KIMCO REALTY CORP,,,0.031436,-0.29131990953207,0.0005254860746191,5.118417376750198e-10,0.02492,7.931132780246137,19.03,406928.0,7743839.840000001,0.0050000000000007,19.03,19.02
2012-07-02,KIM,77129,KIMCO REALTY CORP,,,0.007357,-0.2002540744872033,0.0005268703898841,1.5017571804181314e-10,0.002459,6.342891125702827,18.98,406928.0,7723493.44,0.0050000000000007,18.98,18.97
2012-07-03,KIM,77129,KIMCO REALTY CORP,,,0.004742,-0.4512417186470884,0.0005243838489773,1.75559743847153e-10,0.006232,3.480714032949318,19.07,406928.0,7760116.96,0.004999999999999,19.06,19.05
2012-07-05,KIM,77129,KIMCO REALTY CORP,,,-0.003671,0.4925868398757413,0.0005263157894735,-9.139138466287755e-11,-0.004687,5.19526795895097,19.0,406928.0,7731632.0,0.004999999999999,19.02,19.01
2012-07-06,KIM,77129,KIMCO REALTY CORP,,,0.013158,0.580672626649638,0.0,2.0454632897401547e-10,-0.009433,8.212017850823733,19.25,406928.0,7833364.0,0.0,19.25,19.25
2012-07-09,KIM,77129,KIMCO REALTY CORP,,,0.001558,-0.1703025406230361,0.00051867219917,2.9145613731048614e-11,-0.001639,6.813490347186726,19.28,406928.0,7845571.840000001,0.004999999999999,19.29,19.28
2012-07-10,KIM,77129,KIMCO REALTY CORP,,,-0.012448,0.0533073649282263,0.0005252100840336,-2.238671115617868e-10,-0.008126,7.176699563559155,19.04,406928.0,7747909.12,0.0050000000000007,19.05,19.04
2012-07-11,KIM,77129,KIMCO REALTY CORP,,,0.010504,0.4529858923435146,0.0005197505197506,1.2866069944287368e-10,-1.5e-05,10.427643219439313,19.24,406928.0,7829294.72,0.0050000000000007,19.26,19.25
2012-07-12,KIM,77129,KIMCO REALTY CORP,,,-0.006757,-0.2005750241557278,0.000523286237572,-1.0423457069965445e-10,-0.004987,8.33611842881296,19.11,406928.0,7776394.08,0.0050000000000007,19.12,19.11
2012-07-13,KIM,77129,KIMCO REALTY CORP,,,0.008896,-0.222923176699487,0.00051867219917,1.7504202897638187e-10,0.016497,6.477804427318838,19.28,406928.0,7845571.840000001,0.004999999999999,19.27,19.26
2012-07-16,KIM,77129,KIMCO REALTY CORP,,,0.00778,0.3832701062215478,0.0005146680391148,1.0981316250206836e-10,-0.002314,8.960553218259742,19.43,406928.0,7906611.04,0.0050000000000007,19.44,19.43
2012-07-17,KIM,77129,KIMCO REALTY CORP,,,0.006691,-0.2079368126594082,0.0005112474437626,1.1844315107568188e-10,0.00741,7.0973243423898085,19.56,406928.0,7959511.68,0.004999999999999,19.58,19.57
2012-07-18,KIM,77129,KIMCO REALTY CORP,,,-0.00818,0.6989023925764344,0.0005154639175258,-8.59351658044435e-11,0.006681,12.057661306177014,19.4,406928.0,7894403.199999999,0.0050000000000007,19.41,19.4
2012-07-19,KIM,77129,KIMCO REALTY CORP,,,-0.008247,-0.2251661028003098,0.0005197505197504,-1.1274613436747163e-10,0.002717,9.342684700979042,19.24,406928.0,7829294.72,0.004999999999999,19.24,19.23
2012-07-20,KIM,77129,KIMCO REALTY CORP,,,-0.009875,0.4489189331369352,0.0005249343832021,-9.410414875412064e-11,-0.010062,13.53679274957732,19.05,406928.0,7751978.4,0.0050000000000007,19.07,19.06
2012-07-23,KIM,77129,KIMCO REALTY CORP,,,-0.007874,-0.3978397022782971,0.0005291005291006,-1.2559956485190134e-10,-0.008909,8.151319152282468,18.9,406928.0,7690939.199999999,0.0050000000000007,18.89,18.88
2012-07-24,KIM,77129,KIMCO REALTY CORP,,,-0.005291,1.209195055773289,0.0005319148936171,-3.8406115014228624e-11,-0.009041,18.007853969252547,18.8,406928.0,7650246.4,0.0050000000000007,18.8,18.79
2012-07-25,KIM,77129,KIMCO REALTY CORP,,,-0.001064,-0.0688464635161506,0.0005324813631523,-8.303194454290179e-12,-0.000314,16.76807690795423,18.78,406928.0,7642107.840000001,0.0050000000000007,18.78,18.77
2012-07-26,KIM,77129,KIMCO REALTY CORP,,,0.007987,-0.512823519066741,0.0005282620179608,1.2692463562522639e-10,0.016541,8.169012700035386,18.93,406928.0,7703147.04,0.004999999999999,18.95,18.94
2012-07-27,KIM,77129,KIMCO REALTY CORP,,,0.018489,0.3002226099512664,0.0005186721991702,2.218715073447881e-10,0.019081,10.621535013565053,19.28,406928.0,7845571.840000001,0.0050000000000007,19.28,19.27
2012-07-30,KIM,77129,KIMCO REALTY CORP,,,0.005705,-0.5248253204386655,0.0005157297576069,1.4325826600194832e-10,-0.000483,5.047084496520269,19.39,406928.0,7890333.92,0.004999999999999,19.4,19.39
2012-07-31,KIM,77129,KIMCO REALTY CORP,,,0.005157,0.5359820819943519,0.0005130836326321,8.387663391503955e-11,-0.004317,7.752574279324667,19.49,406910.0,7930675.899999999,0.0050000000000007,19.48,19.47
2012-08-01,KIM,77129,KIMCO REALTY CORP,,,0.016419,0.5887592721739683,0.0005047955577991,1.6537118185724534e-10,-0.00303,12.316974269494482,19.81,406910.0,8060887.1,0.0050000000000007,19.8,19.79
2012-08-02,KIM,77129,KIMCO REALTY CORP,,,-0.004038,-0.0781140884694426,0.0005068423720222,-4.429550467981239e-11,-0.007374,11.354845051731342,19.73,406910.0,8028334.3,0.004999999999999,19.72,19.71
2012-08-03,KIM,77129,KIMCO REALTY CORP,,,0.010644,-0.2557787204571032,0.0005015045135405,1.5523800506387424e-10,0.01904,8.450517313410828,19.94,406910.0,8113785.4,0.004999999999999,19.95,19.94
2012-08-06,KIM,77129,KIMCO REALTY CORP,,,-0.00652,-0.2298900715407433,0.0005047955577989,-1.2428786816396948e-10,0.002329,6.507827283674523,19.81,406910.0,8060887.1,0.004999999999999,19.81,19.8
2012-08-07,KIM,77129,KIMCO REALTY CORP,,,-0.009086,-0.0223556512216306,0.000509424350484,-1.7878750235610482e-10,0.005107,6.362340566710083,19.63,406910.0,7987643.3,0.0050000000000007,19.62,19.61
2012-08-08,KIM,77129,KIMCO REALTY CORP,,,-0.010698,-0.1090810769052493,0.0005149330587024,-2.388360659873375e-10,0.000621,5.668329606055393,19.42,406910.0,7902192.200000001,0.0050000000000007,19.44,19.43
2012-08-09,KIM,77129,KIMCO REALTY CORP,,,0.005149,-0.0484283546499024,0.0005122950819671,1.2018440755645984e-10,0.000414,5.393821729620801,19.52,406910.0,7942883.2,0.004999999999999,19.54,19.53
2012-08-10,KIM,77129,KIMCO REALTY CORP,,,0.002049,-0.2104064151631127,0.0005112474437626,6.044697127928094e-11,0.002188,4.258927035462388,19.56,406910.0,7959159.6,0.004999999999999,19.58,19.57
2012-08-13,KIM,77129,KIMCO REALTY CORP,,,0.005624,0.1965377957299481,0.0005083884087441,1.3788466487161624e-10,-0.001252,5.095967167186847,19.67,406910.0,8003919.700000001,0.004999999999999,19.68,19.67
2012-08-14,KIM,77129,KIMCO REALTY CORP,,,0.0,0.2947048611111111,0.0005083884087441,0.0,-0.000128,6.597773463419429,19.67,406910.0,8003919.700000001,0.004999999999999,19.68,19.67
2012-08-15,KIM,77129,KIMCO REALTY CORP,,,0.008643,-0.1586024509256155,0.0005040322580645,1.92852751624756e-10,0.00114,5.551350421469121,19.84,406910.0,8073094.4,0.0050000000000007,19.84,19.83
2012-08-16,KIM,77129,KIMCO REALTY CORP,,,0.011593,0.6458453229447962,0.0004982561036373,1.5536830946976342e-10,0.007101,9.136664127202575,20.07,406910.0,8166683.7,0.0050000000000007,20.09,20.08
2012-08-17,KIM,77129,KIMCO REALTY CORP,,,0.011958,-0.0579105922857603,0.0004923682914821,1.6810107150726903e-10,0.001872,8.607554496080214,20.31,406910.0,8264342.1,0.0050000000000007,20.32,20.31
2012-08-20,KIM,77129,KIMCO REALTY CORP,,,-0.003939,-0.0492219842969308,0.0004943153732081,-5.846996351661308e-11,-2.1e-05,8.183873583839178,20.23,406910.0,8231789.3,0.0050000000000007,20.23,20.22
2012-08-21,KIM,77129,KIMCO REALTY CORP,,,0.007415,0.7431308369118044,0.0004906771344454,6.26786616578287e-11,-0.003498,14.265562409377996,20.38,406910.0,8292825.8,0.004999999999999,20.4,20.39
2012-08-22,KIM,77129,KIMCO REALTY CORP,,,-0.002944,-0.3649049062844542,0.0004921259842518,-3.9299595769483946e-11,0.000226,9.059988695288885,20.32,406910.0,8268411.2,0.004999999999999,20.31,20.3
2012-08-23,KIM,77129,KIMCO REALTY CORP,,,-0.007382,-0.2754841859708132,0.0004957858205256,-1.3702324699062089e-10,-0.008072,6.564105084662456,20.17,406910.0,8207374.700000001,0.0050000000000007,20.17,20.16
2012-08-24,KIM,77129,KIMCO REALTY CORP,,,0.007437,-0.3403219767877199,0.000492125984252,2.0771515010680415e-10,0.006455,4.330195866407805,20.32,406910.0,8268411.2,0.0050000000000007,20.32,20.31
2012-08-27,KIM,77129,KIMCO REALTY CORP,,,0.0,0.2261066969353007,0.0004921259842518,0.0,-0.000489,5.309282150844167,20.32,406910.0,8268411.2,0.004999999999999,20.33,20.32
2012-08-28,KIM,77129,KIMCO REALTY CORP,,,0.001476,0.3168394741714497,0.0004914004914005,2.549499544121499e-11,-0.000808,6.991472315745496,20.35,406910.0,8280618.500000001,0.0050000000000007,20.37,20.36
2012-08-29,KIM,77129,KIMCO REALTY CORP,,,0.000491,-0.3491862631375444,0.0004911591355598,1.302506808317156e-11,0.000844,4.550146223980732,20.36,406910.0,8284687.6,0.004999999999999,20.38,20.37
2012-08-30,KIM,77129,KIMCO REALTY CORP,,,-0.000491,0.6859843370240346,0.0004914004914005,-7.729293992748631e-12,-0.007806,7.67147526480057,20.35,406910.0,8280618.500000001,0.0050000000000007,20.37,20.36
2012-08-31,KIM,77129,KIMCO REALTY CORP,,,-0.001474,0.223347001537673,0.0004921259842518,-1.8995331014648624e-11,0.005073,9.38383850794314,20.32,406955.0,8269325.600000001,0.004999999999999,20.33,20.32
2012-09-04,KIM,77129,KIMCO REALTY CORP,,,0.008366,-0.4193987640096365,0.0004880429477793,1.8414970688807951e-10,-0.001166,5.448268236045754,20.49,406955.0,8338507.949999999,0.004999999999999,20.49,20.48
2012-09-05,KIM,77129,KIMCO REALTY CORP,,,-0.005856,0.1183925672018761,0.0004909180166912,-1.1593402047601488e-10,-0.001068,6.093302699315649,20.37,406955.0,8289673.350000001,0.0050000000000007,20.37,20.36
2012-09-06,KIM,77129,KIMCO REALTY CORP,,,0.009327,0.0129451143283461,0.0004863813229572,1.80606680437208e-10,0.020436,6.172181199395511,20.56,406955.0,8366994.8,0.0050000000000007,20.57,20.56
2012-09-07,KIM,77129,KIMCO REALTY CORP,,,-0.003891,0.5564137272075802,0.0004882812499999,-4.8598310322555887e-11,0.00405,9.60646754555172,20.48,406955.0,8334438.4,0.004999999999999,20.49,20.48
2012-09-10,KIM,77129,KIMCO REALTY CORP,,,-0.003418,-0.5743336573387221,0.0004899559039687,-1.0063513489362546e-10,-0.006148,4.089149906009264,20.41,406955.0,8305951.55,0.0050000000000007,20.41,20.4
2012-09-11,KIM,77129,KIMCO REALTY CORP,,,0.007349,0.3263625984015383,0.0004863813229571,1.6194347328798706e-10,0.003135,5.423695494587854,20.56,406955.0,8366994.8,0.004999999999999,20.58,20.57
2012-09-12,KIM,77129,KIMCO REALTY CORP,,,-0.000973,-0.1125860819137368,0.0004868549172347,-2.4184910117390517e-11,0.002093,4.81306286935902,20.54,406955.0,8358855.699999999,0.0050000000000007,20.55,20.54
2012-09-13,KIM,77129,KIMCO REALTY CORP,,,0.014119,0.3430846990350742,0.0004800768122898,2.5765782919838963e-10,0.01631,6.464351095329951,20.83,406955.0,8476872.649999999,0.004999999999999,20.83,20.82
2012-09-14,KIM,77129,KIMCO REALTY CORP,,,0.009602,0.2126050100733645,0.0004755111745126,1.43130354158934e-10,0.003959,7.838704525070339,21.03,406955.0,8558263.65,0.0050000000000007,21.03,21.02
2012-09-17,KIM,77129,KIMCO REALTY CORP,,,-0.001427,-0.4621003134796237,0.0004761904761905,-3.960159738468498e-11,-0.003125,4.21643670676119,21.0,406955.0,8546055.0,0.0050000000000007,21.0,20.99
2012-09-18,KIM,77129,KIMCO REALTY CORP,,,-0.008571,0.917943936126814,0.0004803073967339,-1.2509008500171195e-10,-0.00128,8.086889213795137,20.82,406955.0,8472803.1,0.0050000000000007,20.82,20.81
2012-09-19,KIM,77129,KIMCO REALTY CORP,,,0.003842,0.322181707687633,0.0004784688995216,4.224662771957168e-11,0.001185,10.692336990576354,20.9,406955.0,8505359.5,0.0050000000000007,20.92,20.91
2012-09-20,KIM,77129,KIMCO REALTY CORP,,,-0.009091,0.1868407142692989,0.0004828585224529,-8.500022902657684e-11,-0.000541,12.690100871103684,20.71,406955.0,8428038.05,0.0050000000000007,20.73,20.72
2012-09-21,KIM,77129,KIMCO REALTY CORP,,,-0.003863,-0.2505470247661832,0.0004847309743093,-4.8380419433564096e-11,-7.5e-05,9.510633853865906,20.63,406955.0,8395481.65,0.0050000000000007,20.64,20.63
2012-09-24,KIM,77129,KIMCO REALTY CORP,,,-0.001939,-0.4820690367920628,0.0004856726566295,-4.6977914856054476e-11,-0.002233,4.925851752650784,20.59,406955.0,8379203.45,0.0050000000000007,20.6,20.59
2012-09-25,KIM,77129,KIMCO REALTY CORP,,,-0.016513,0.8364262196947021,0.0004938271604939,-2.215132670859361e-10,-0.010502,9.045963312897005,20.25,406955.0,8240838.75,0.0050000000000007,20.26,20.25
2012-09-26,KIM,77129,KIMCO REALTY CORP,,,-0.000988,-0.2264145818053404,0.000494315373208,-1.7149504485202946e-11,-0.005737,6.997825312380976,20.23,406955.0,8232699.65,0.004999999999999,20.24,20.23
2012-09-27,KIM,77129,KIMCO REALTY CORP,,,0.005437,-0.0691762061942552,0.0004916420845625,1.008396715620182e-10,0.009649,6.513742305660331,20.34,406955.0,8277464.7,0.0050000000000007,20.35,20.34
2012-09-28,KIM,77129,KIMCO REALTY CORP,,,-0.003441,0.8777727478497057,0.0004933399111987,-3.410444058251217e-11,-0.004478,12.231327788084675,20.27,406955.0,8248977.85,0.004999999999999,20.27,20.26
2012-10-01,KIM,77129,KIMCO REALTY CORP,,,-0.012827,-0.2712753134040502,0.0005045408678103,-1.7841771321375744e-10,0.002652,8.91327050902434,19.82,406955.0,8065848.100000001,0.0050000000000007,19.82,19.81
2012-10-02,KIM,77129,KIMCO REALTY CORP,,,0.003027,-0.2788024150194359,0.0005030181086519,5.820473298506637e-11,0.000872,6.428229165386837,19.88,406955.0,8090265.399999999,0.0050000000000007,19.89,19.88
2012-10-03,KIM,77129,KIMCO REALTY CORP,,,0.012575,0.4561544342507646,0.0004967709885741,1.6399063295937338e-10,0.003624,9.360494403558134,20.13,406955.0,8192004.149999999,0.004999999999999,20.13,20.12
2012-10-04,KIM,77129,KIMCO REALTY CORP,,,-0.000993,-0.146404851285013,0.0004972650422676,-1.518588347188018e-11,0.007174,7.990072612451008,20.11,406955.0,8183865.05,0.0050000000000007,20.12,20.11
2012-10-05,KIM,77129,KIMCO REALTY CORP,,,0.006962,0.0911858777217369,0.0004938271604939,9.689762665533735e-11,-0.000322,8.718654396677765,20.25,406955.0,8240838.75,0.0050000000000007,20.26,20.25
2012-10-08,KIM,77129,KIMCO REALTY CORP,,,-0.002963,-0.3925481243482427,0.0004952947003466,-6.809066937907905e-11,-0.003457,5.296162966421349,20.19,406955.0,8216421.45,0.004999999999999,20.2,20.19
2012-10-09,KIM,77129,KIMCO REALTY CORP,,,0.000495,0.1454553890409688,0.0004950495049505,9.925854866756928e-12,-0.009891,6.066518411126538,20.2,406955.0,8220491.0,0.0050000000000007,20.21,20.2
2012-10-10,KIM,77129,KIMCO REALTY CORP,,,0.002475,-0.0751377187297472,0.0004938271604939,5.3528761977060496e-11,-0.006188,5.610694057082479,20.25,406955.0,8240838.75,0.0050000000000007,20.25,20.24
2012-10-11,KIM,77129,KIMCO REALTY CORP,,,0.003457,0.2016817763762974,0.0004921259842518,6.20045020613403e-11,0.000195,6.742268801218808,20.32,406955.0,8269325.600000001,0.004999999999999,20.33,20.32
2012-10-12,KIM,77129,KIMCO REALTY CORP,,,-0.002461,0.0293388730957067,0.0004933399111988,-4.298798008215438e-11,-0.002966,6.940079369954909,20.27,406955.0,8248977.85,0.0050000000000007,20.28,20.27
2012-10-15,KIM,77129,KIMCO REALTY CORP,,,0.008387,-0.1595793647983571,0.0004892367906067,1.7286943726061695e-10,0.008078,5.832585912447322,20.44,406955.0,8318160.2,0.0050000000000007,20.44,20.43
2012-10-16,KIM,77129,KIMCO REALTY CORP,,,0.00636,0.064164138860802,0.0004861448711715,1.2240711748887264e-10,0.01027,6.20682876485115,20.57,406955.0,8371064.350000001,0.004999999999999,20.58,20.57
2012-10-17,KIM,77129,KIMCO REALTY CORP,,,0.001945,0.3128389880834554,0.0004852013585638,2.8458630391321087e-11,0.004117,8.148566794854467,20.61,406955.0,8387342.55,0.0050000000000007,20.62,20.61
2012-10-18,KIM,77129,KIMCO REALTY CORP,,,0.011645,-0.2361810560598293,0.0004796163069545,2.2050345037247475e-10,-0.002444,6.224029683871681,20.85,406955.0,8485011.75,0.0050000000000007,20.87,20.86
2012-10-19,KIM,77129,KIMCO REALTY CORP,,,-0.01295,0.0367168068222196,0.000485908649174,-2.3963277378433e-10,-0.016571,6.452556179430158,20.58,406955.0,8375133.899999999,0.0050000000000007,20.59,20.58
2012-10-22,KIM,77129,KIMCO REALTY CORP,,,-0.005345,-0.2041585742031303,0.0004885197850511,-1.2494680118189154e-10,0.00044,5.135211509872099,20.47,406955.0,8330368.85,0.004999999999999,20.47,20.46
2012-10-23,KIM,77129,KIMCO REALTY CORP,,,-0.02296,0.8793185950808691,0.0005,-2.923053419565107e-10,-0.014444,9.65069848017594,20.0,406955.0,8139100.0,0.0050000000000007,20.01,20.0
2012-10-24,KIM,77129,KIMCO REALTY CORP,,,-0.003,-0.2792941895401538,0.0005015045135407,-5.315363153583698e-11,-0.003085,6.955314469658807,19.94,406955.0,8114682.7,0.0050000000000007,19.94,19.93
2012-10-25,KIM,77129,KIMCO REALTY CORP,,,-0.008024,0.0647588765235824,0.0005055611729018,-1.3460159437802824e-10,0.002996,7.405732820582128,19.78,406955.0,8049569.9,0.004999999999999,19.79,19.78
2012-10-26,KIM,77129,KIMCO REALTY CORP,,,-0.007583,-0.0190125423053951,0.000509424350484,-1.3066006594689047e-10,-0.000729,7.264931012028357,19.63,406955.0,7988526.649999999,0.0050000000000007,19.64,19.63
2012-10-31,KIM,77129,KIMCO REALTY CORP,,,-0.005604,0.8193810248604769,0.0005122950819671,-5.3372404523968425e-11,0.000156,13.217677630204816,19.52,406955.0,7943761.6,0.004999999999999,19.54,19.53
2012-11-01,KIM,77129,KIMCO REALTY CORP,,,-0.000512,-0.1349321435211006,0.0005125576627371,-5.639764534543403e-12,0.010927,11.434188055190376,19.51,406955.0,7939692.050000001,0.0050000000000007,19.51,19.5
2012-11-02,KIM,77129,KIMCO REALTY CORP,,,0.0041,0.1746969827215678,0.0005104645227157,3.828880816549738e-11,-0.009379,13.43170620830313,19.59,406955.0,7972248.45,0.0050000000000007,19.59,19.58
2012-11-05,KIM,77129,KIMCO REALTY CORP,,,-0.008167,-0.4521505277986133,0.0005146680391148,-1.4036244825520387e-10,0.002164,7.358553156982959,19.43,406955.0,7907135.649999999,0.0050000000000007,19.44,19.43
2012-11-06,KIM,77129,KIMCO REALTY CORP,,,0.002059,0.0688906698724369,0.0005136106831021,3.303834535622629e-11,0.007853,7.865488813259451,19.47,406955.0,7923413.85,0.004999999999999,19.47,19.46
2012-11-07,KIM,77129,KIMCO REALTY CORP,,,-0.00565,0.3896404136336655,0.0005165289256199,-6.560977562896666e-11,-0.023705,10.930201127888832,19.36,406955.0,7878648.8,0.0050000000000007,19.37,19.36
2012-11-08,KIM,77129,KIMCO REALTY CORP,,,-0.021694,-0.2140689283064679,0.0005279831045407,-3.276428235906337e-10,-0.012205,8.590384686267523,18.94,406955.0,7707727.7,0.0050000000000007,18.94,18.93
2012-11-09,KIM,77129,KIMCO REALTY CORP,,,0.0,0.2119625847421264,0.0005279831045405,0.0,0.001699,10.41122482829797,18.94,406955.0,7707727.7,0.004999999999999,18.93,18.92
2012-11-12,KIM,77129,KIMCO REALTY CORP,,,-0.003696,-0.4862753428214024,0.0005299417064121,-8.998734479922086e-11,0.00013,5.3485029057266775,18.87,406955.0,7679240.850000001,0.004999999999999,18.88,18.87
2012-11-13,KIM,77129,KIMCO REALTY CORP,,,-0.009009,0.5935863272994579,0.0005347593582886,-1.388931286058793e-10,-0.003985,8.523301102087455,18.7,406955.0,7610058.5,0.004999999999999,18.7,18.69
2012-11-14,KIM,77129,KIMCO REALTY CORP,,,-0.020321,-0.2316208268465663,0.0005458515283843,-4.1618823759181084e-10,-0.013852,6.549127053359708,18.32,406955.0,7455415.600000001,0.0050000000000007,18.34,18.33
2012-11-15,KIM,77129,KIMCO REALTY CORP,,,-0.002729,-0.1194657061383761,0.0005473453749314,-6.364860781439778e-11,-0.001594,5.766730965340148,18.27,406955.0,7435067.85,0.004999999999999,18.27,18.26
2012-11-16,KIM,77129,KIMCO REALTY CORP,,,0.015873,0.5403102096471792,0.0005387931034481,2.3659021055202184e-10,0.00484,8.882554582201964,18.56,406955.0,7553084.8,0.004999999999999,18.58,18.57
2012-11-19,KIM,77129,KIMCO REALTY CORP,,,0.01347,0.087086422485338,0.0005316321105793,1.8223443937056144e-10,0.019862,9.656104483296678,18.81,406955.0,7654823.55,0.004999999999999,18.81,18.8
2012-11-20,KIM,77129,KIMCO REALTY CORP,,,0.005316,-0.4122557003257329,0.0005288207297726,1.2171852266501468e-10,0.000663,5.675320367116758,18.91,406955.0,7695519.05,0.0050000000000007,18.91,18.9
2012-11-21,KIM,77129,KIMCO REALTY CORP,,,0.005288,0.0211724974021476,0.0005260389268806,1.1794334726922008e-10,0.00232,5.795481072845892,19.01,406955.0,7736214.550000001,0.0050000000000007,19.01,19.0
2012-11-23,KIM,77129,KIMCO REALTY CORP,,,0.008417,-0.6647021411914352,0.0005216484089724,5.552244130399964e-10,0.013026,1.9432123944907915,19.17,406955.0,7801327.350000001,0.0050000000000007,19.17,19.16
2012-11-26,KIM,77129,KIMCO REALTY CORP,,,0.0,2.3917551846231664,0.0005216484089724,0.0,-0.00203,6.590900713838139,19.17,406955.0,7801327.350000001,0.0050000000000007,19.17,19.16
2012-11-27,KIM,77129,KIMCO REALTY CORP,,,-0.014606,0.259003802848408,0.0005293806246692,-2.289713466172352e-10,-0.005227,8.297969062918504,18.89,406955.0,7687379.95,0.0050000000000007,18.89,18.88
2012-11-28,KIM,77129,KIMCO REALTY CORP,,,-0.002647,-0.1716367082235186,0.0005307855626327,-5.022662511310004e-11,0.007856,6.873732968018577,18.84,406955.0,7667032.2,0.0050000000000007,18.85,18.84
2012-11-29,KIM,77129,KIMCO REALTY CORP,,,0.008493,-0.0865119937082186,0.0005263157894737,1.7493053653191408e-10,0.00427,6.2790726247373785,19.0,406955.0,7732145.0,0.0050000000000007,19.01,19.0
2012-11-30,KIM,77129,KIMCO REALTY CORP,,,0.013684,0.6247798692912769,0.0005192107995847,1.7112771765297206e-10,0.000162,10.185391893980468,19.26,407623.0,7850818.98,0.0050000000000007,19.26,19.25
2012-12-03,KIM,77129,KIMCO REALTY CORP,,,0.001038,-0.4163736210800135,0.0005186721991702,2.221871745856916e-11,-0.004745,5.944463388964803,19.28,407623.0,7858971.44,0.0050000000000007,19.3,19.29
2012-12-04,KIM,77129,KIMCO REALTY CORP,,,0.010373,0.4218150303330443,0.0005133470225873,1.5456138004463428e-10,-0.00171,8.451927393694664,19.48,407623.0,7940496.04,0.0050000000000007,19.5,19.49
2012-12-05,KIM,77129,KIMCO REALTY CORP,,,0.00308,0.4232845698362939,0.0005117707267145,3.2145484618750896e-11,0.001585,12.029497844822298,19.54,407623.0,7964953.42,0.0050000000000007,19.55,19.54
2012-12-06,KIM,77129,KIMCO REALTY CORP,,,0.0087,0.3701233812582849,0.0005073566717401,6.570021201684969e-11,0.003307,16.481896261987178,19.71,407623.0,8034249.33,0.004999999999999,19.72,19.71
2012-12-07,KIM,77129,KIMCO REALTY CORP,,,-0.005581,-0.2277179090259585,0.0005102040816327,-5.4880003461344054e-11,0.002921,12.728673308424696,19.6,407623.0,7989410.800000001,0.0050000000000007,19.6,19.59
2012-12-10,KIM,77129,KIMCO REALTY CORP,,,-0.009184,-0.3381709549966272,0.0005149330587024,-1.3771936314751602e-10,0.000338,8.424205699874639,19.42,407623.0,7916038.660000001,0.0050000000000007,19.42,19.41
2012-12-11,KIM,77129,KIMCO REALTY CORP,,,-0.000515,-0.3010279856722677,0.0005151983513653,-1.1054376758316679e-11,0.006549,5.88828402715254,19.41,407623.0,7911962.43,0.0050000000000007,19.41,19.4
2012-12-12,KIM,77129,KIMCO REALTY CORP,,,-0.004122,0.6190317473543872,0.0005173305742368,-5.4874848867850124e-11,0.000448,9.533318777399703,19.33,407623.0,7879352.589999999,0.004999999999999,19.33,19.32
2012-12-13,KIM,77129,KIMCO REALTY CORP,,,-0.006208,-0.0679361811631498,0.0005205622071836,-8.922281011034712e-11,-0.006321,8.885661505852221,19.21,407623.0,7830437.83,0.004999999999999,19.22,19.21
2012-12-14,KIM,77129,KIMCO REALTY CORP,,,0.004165,0.1345113197128657,0.0005184033177813,5.2544286444048446e-11,-0.004135,10.080883561526214,19.29,407623.0,7863047.67,0.0050000000000007,19.28,19.27
2012-12-17,KIM,77129,KIMCO REALTY CORP,,,0.0,-0.2786430448749148,0.0005184033177813,0.0,0.011871,7.271915470913074,19.29,407623.0,7863047.67,0.0050000000000007,19.3,19.29
2012-12-18,KIM,77129,KIMCO REALTY CORP,,,0.00985,0.3005195330949328,0.0005133470225873,1.3116648955861475e-10,0.011487,9.45726811293769,19.48,407623.0,7940496.04,0.0050000000000007,19.48,19.47
2012-12-19,KIM,77129,KIMCO REALTY CORP,,,-0.00616,0.2311024643320363,0.0005165289256199,-6.704351507233993e-11,-0.007589,11.642866079686376,19.36,407623.0,7891581.279999999,0.0050000000000007,19.35,19.34
2012-12-20,KIM,77129,KIMCO REALTY CORP,,,0.015496,-0.5053203818032407,0.0005086469989827,3.357325849229464e-10,0.005488,5.759488547015256,19.66,407623.0,8013868.18,0.0050000000000007,19.66,19.65
2012-12-21,KIM,77129,KIMCO REALTY CORP,,,-0.010682,0.975635728585424,0.0005141388174806,-1.1840866819734054e-10,-0.009379,11.378651351861892,19.45,407623.0,7928267.35,0.004999999999999,19.47,19.46
2012-12-24,KIM,77129,KIMCO REALTY CORP,,,0.002571,-0.8124056746151525,0.0005128205128204,1.5152988604316036e-10,-0.00244,2.1345704241419154,19.5,407623.0,7948648.5,0.004999999999999,19.49,19.48
2012-12-26,KIM,77129,KIMCO REALTY CORP,,,-0.002051,0.9379381680266636,0.0005138746145939,-6.250485319252604e-11,-0.004787,4.136665497285482,19.46,407623.0,7932343.58,0.004999999999999,19.47,19.46
2012-12-27,KIM,77129,KIMCO REALTY CORP,,,-0.001542,0.1155260348713083,0.0005146680391146,-4.219128741706416e-11,-0.001218,4.614558059775822,19.43,407623.0,7920114.89,0.004999999999999,19.43,19.42
2012-12-28,KIM,77129,KIMCO REALTY CORP,,,-0.008749,-0.1125996810207337,0.0005249343832021,-2.751408410397298e-10,-0.01105,4.094960294193409,19.05,407623.0,7765218.15,0.0050000000000007,19.05,19.04
2012-12-31,KIM,77129,KIMCO REALTY CORP,,,0.014173,0.5673376467768991,0.0005175983436851,2.8040368951348367e-10,0.016942,6.418185431145936,19.32,407623.0,7875276.36,0.004999999999999,19.33,19.32
2013-01-02,KIM,77129,KIMCO REALTY CORP,,,0.01087,0.0453329256173076,0.0005120327700973,2.0351748614002854e-10,0.025403,6.709140553894162,19.53,407623.0,7960877.19,0.0050000000000007,19.53,19.52
2013-01-03,KIM,77129,KIMCO REALTY CORP,,,0.00512,0.0997147871873629,0.000509424350484,8.672494345728478e-11,-0.002086,7.378141076435824,19.63,407623.0,8001639.489999999,0.0050000000000007,19.64,19.63
2013-01-04,KIM,77129,KIMCO REALTY CORP,,,0.00866,0.0363092269326683,0.0005050505050505,1.403323185977917e-10,0.004865,7.646035675121374,19.8,407623.0,8070935.4,0.0050000000000007,19.8,19.79
2013-01-07,KIM,77129,KIMCO REALTY CORP,,,0.002525,-0.5351172714730323,0.0005037783375315,8.779351937794205e-11,-0.003123,3.5545099270649594,19.85,407623.0,8091316.550000001,0.0050000000000007,19.85,19.84
2013-01-08,KIM,77129,KIMCO REALTY CORP,,,-0.00403,0.1628131686106702,0.0010116337885685,-1.20990152182194e-10,-0.003242,4.133230951148487,19.77,407623.0,8058706.71,0.0099999999999997,19.77,19.75
2013-01-09,KIM,77129,KIMCO REALTY CORP,,,-0.000506,0.0896842355175688,0.000506072874494,-1.394808401840662e-11,0.002656,4.503916609219794,19.76,407623.0,8054630.48,0.0050000000000007,19.76,19.75
2013-01-10,KIM,77129,KIMCO REALTY CORP,,,0.00253,0.3798137153439729,0.0005047955577989,5.0415788774344745e-11,0.007597,6.214565910166993,19.81,407623.0,8075011.63,0.004999999999999,19.81,19.8
2013-01-11,KIM,77129,KIMCO REALTY CORP,,,-0.000505,-0.294252329069951,0.0005050505050504,-1.426616540163917e-11,-4.8e-05,4.385915416941635,19.8,407623.0,8070935.4,0.004999999999999,19.79,19.78
2013-01-14,KIM,77129,KIMCO REALTY CORP,,,-0.001515,-0.2907484058619533,0.0005058168942843,-6.0434747227182e-11,-0.000931,3.1107175012204906,19.77,407623.0,8058706.71,0.0050000000000007,19.78,19.77
2013-01-15,KIM,77129,KIMCO REALTY CORP,,,0.003541,0.78698738170347,0.0005040322580645,7.876685757564108e-11,0.001129,5.558812922725165,19.84,407623.0,8087240.32,0.0050000000000007,19.84,19.83
2013-01-16,KIM,77129,KIMCO REALTY CORP,,,-0.00504,0.1504920782029215,0.0005065856129684,-9.793975562398643e-11,0.000197,6.395370231807332,19.74,407623.0,8046478.02,0.004999999999999,19.74,19.73
2013-01-17,KIM,77129,KIMCO REALTY CORP,,,0.004559,0.7127622847059727,0.0005042864346949,5.1490299121479945e-11,0.005643,10.95374892977089,19.83,407623.0,8083164.089999999,0.0050000000000007,19.84,19.83
2013-01-18,KIM,77129,KIMCO REALTY CORP,,,0.002017,-0.3315565509518476,0.0005032712632109,3.4011195399595456e-11,0.003403,7.321961714623561,19.87,407623.0,8099469.010000001,0.0050000000000007,19.89,19.88
2013-01-22,KIM,77129,KIMCO REALTY CORP,,,0.012078,0.1401862896200496,0.0004972650422674,1.7649036675013843e-10,0.004428,8.348400360136695,20.11,407623.0,8197298.529999999,0.004999999999999,20.11,20.1
2013-01-23,KIM,77129,KIMCO REALTY CORP,,,0.001492,0.0229503379371143,0.000496524329692,2.128104047285901e-11,0.001507,8.539998969636159,20.14,407623.0,8209527.220000001,0.004999999999999,20.15,20.14
2013-01-24,KIM,77129,KIMCO REALTY CORP,,,0.010924,0.1580822153916865,0.0004911591355598,1.3309079716367962e-10,7e-06,9.890020926198964,20.36,407623.0,8299204.279999999,0.004999999999999,20.36,20.35
2013-01-25,KIM,77129,KIMCO REALTY CORP,,,0.016699,1.4864811231830135,0.0004830917874396,8.047834954563153e-11,0.005445,24.591350340878705,20.7,407623.0,8437796.1,0.0050000000000007,20.71,20.7
2013-01-28,KIM,77129,KIMCO REALTY CORP,,,0.003865,-0.6358439744612929,0.0004812319538016,5.0953661382453376e-11,-0.00185,8.95508840276432,20.78,407623.0,8470405.940000001,0.004999999999999,20.79,20.78
2013-01-29,KIM,77129,KIMCO REALTY CORP,,,0.001925,-0.1395775689669341,0.0004803073967339,2.9438096622286556e-11,0.005106,7.7051589336224895,20.82,407623.0,8486710.86,0.0050000000000007,20.82,20.81
2013-01-30,KIM,77129,KIMCO REALTY CORP,,,-0.001921,-0.1363028527763626,0.0004812319538018,-3.4078467329713126e-11,-0.0039,6.654923789874467,20.78,407623.0,8470405.940000001,0.0050000000000007,20.78,20.77
2013-01-31,KIM,77129,KIMCO REALTY CORP,,,-0.000481,0.432594831717477,0.0004814636494943,-5.9591378572085005e-12,-0.002563,9.533809426847847,20.77,407623.0,8466329.709999999,0.004999999999999,20.77,20.76
2013-02-01,KIM,77129,KIMCO REALTY CORP,,,0.013481,0.2405434614790798,0.0004750593824227,1.3284122660115754e-10,0.010053,11.82710494746371,21.05,407623.0,8580464.15,0.004999999999999,21.06,21.05
2013-02-04,KIM,77129,KIMCO REALTY CORP,,,-0.000475,-0.0794233561501762,0.0004752851711027,-5.086871775619393e-12,-0.011539,10.887756578995788,21.04,407623.0,8576387.92,0.0050000000000007,21.05,21.04
2013-02-05,KIM,77129,KIMCO REALTY CORP,,,-0.000951,-0.2245780852166468,0.0004757373929591,-1.3146575832628912e-11,0.010416,8.442605054179966,21.02,407623.0,8568235.459999999,0.0050000000000007,21.01,21.0
2013-02-06,KIM,77129,KIMCO REALTY CORP,,,0.010942,-0.1267216830359737,0.0004705882352941,1.7133652116554872e-10,0.000549,7.372743932506262,21.25,407623.0,8661988.75,0.0050000000000007,21.25,21.24
2013-02-07,KIM,77129,KIMCO REALTY CORP,,,-0.001882,-0.131634113066915,0.0004714757190005,-3.40007396696512e-11,-0.001805,6.402239324081321,21.21,407623.0,8645683.83,0.0050000000000007,21.23,21.22
2013-02-08,KIM,77129,KIMCO REALTY CORP,,,0.01603,0.0939188412461202,0.0004640371229697,2.605616884267373e-10,0.005658,7.003530222779382,21.55,407623.0,8784275.65,0.004999999999999,21.56,21.55
2013-02-11,KIM,77129,KIMCO REALTY CORP,,,-0.005568,-0.2472677595628415,0.0004666355576293,-1.2090961817120423e-10,-0.000606,5.271782995562075,21.43,407623.0,8735360.89,0.004999999999999,21.43,21.42
2013-02-12,KIM,77129,KIMCO REALTY CORP,,,0.003733,1.05356228768207,0.00046490004649,3.932724225672885e-11,0.001595,10.825934748529892,21.51,407623.0,8767970.73,0.0050000000000007,21.51,21.5
2013-02-13,KIM,77129,KIMCO REALTY CORP,,,0.001395,-0.216071064379433,0.0004642525533891,1.872094328431855e-11,0.000592,8.486763504512748,21.54,407623.0,8780199.42,0.0050000000000007,21.53,21.52
2013-02-14,KIM,77129,KIMCO REALTY CORP,,,0.0,-0.2434237150951032,0.0004642525533889,0.0,0.000691,6.420884003110718,21.54,407623.0,8780199.42,0.004999999999999,21.54,21.53
2013-02-15,KIM,77129,KIMCO REALTY CORP,,,0.007892,0.7317846635846101,0.0004606172270842,8.020101390259983e-11,-0.001045,11.1195884432429,21.71,407623.0,8849495.33,0.004999999999999,21.7,21.69
2013-02-19,KIM,77129,KIMCO REALTY CORP,,,0.009673,-0.349777169836297,0.0004562043795621,1.4973076016231164e-10,0.007337,7.230210267821001,21.92,407623.0,8935096.16,0.0050000000000007,21.92,21.91
2013-02-20,KIM,77129,KIMCO REALTY CORP,,,-0.018248,0.0471634093376764,0.0004646840148699,-2.7475710917457465e-10,-0.012404,7.571211634279714,21.52,407623.0,8772046.959999999,0.0050000000000007,21.53,21.52
2013-02-21,KIM,77129,KIMCO REALTY CORP,,,-0.0079,-0.2404251182684207,0.0004683840749415,-1.578463523606122e-10,-0.006303,5.750902181672771,21.35,407623.0,8702751.05,0.0050000000000007,21.37,21.36
2013-02-22,KIM,77129,KIMCO REALTY CORP,,,0.016862,-0.0087449876290418,0.0004606172270842,3.3424829724557157e-10,0.008773,5.700610613238212,21.71,407623.0,8849495.33,0.004999999999999,21.7,21.69
2013-02-25,KIM,77129,KIMCO REALTY CORP,,,-0.024413,0.0874897792313982,0.0004721435316336,-4.5613138257900605e-10,-0.01831,6.199355777274589,21.18,407623.0,8633455.14,0.0050000000000007,21.19,21.18
2013-02-26,KIM,77129,KIMCO REALTY CORP,,,0.011331,-0.0291650178076771,0.0004668534080299,2.1562450439760948e-10,0.006109,6.01855145563425,21.42,407623.0,8731284.66,0.0050000000000007,21.42,21.41
2013-02-27,KIM,77129,KIMCO REALTY CORP,,,0.015873,1.8513023274772755,0.0004595588235294,1.0428124266818707e-10,0.012726,17.160709773491682,21.76,407623.0,8869876.48,0.0050000000000007,21.76,21.75
2013-02-28,KIM,77129,KIMCO REALTY CORP,,,0.00046,-0.2968935397635488,0.0004593477262288,4.2961989725154496e-12,-0.000864,12.058085141854056,21.77,407884.0,8879634.68,0.0050000000000007,21.78,21.77
2013-03-01,KIM,77129,KIMCO REALTY CORP,,,0.001378,-0.5413049224325479,0.0004587155963301,2.8019064350315568e-11,0.002324,5.530984299457689,21.8,407884.0,8891871.200000001,0.004999999999999,21.79,21.78
2013-03-04,KIM,77129,KIMCO REALTY CORP,,,0.006881,0.5142287234042553,0.0004555808656037,9.176698387689702e-11,0.004611,8.375175294936795,21.95,407884.0,8953053.799999999,0.0050000000000007,21.94,21.93
2013-03-05,KIM,77129,KIMCO REALTY CORP,,,0.011845,-0.4413805216474927,0.0004502476361998,2.7947299956966584e-10,0.009566,4.678536054368399,22.21,407884.0,9059103.64,0.004999999999999,22.22,22.21
2013-03-06,KIM,77129,KIMCO REALTY CORP,,,0.001351,0.0829534140334329,0.0004496402877696,2.939436895272324e-11,0.001085,5.0666365927567645,22.24,407884.0,9071340.16,0.004999999999999,22.24,22.23
2013-03-07,KIM,77129,KIMCO REALTY CORP,,,-0.006295,0.0766960224523372,0.0004524886877827,-1.2801295625332616e-10,0.001816,5.45522746663267,22.1,407884.0,9014236.4,0.004999999999999,22.11,22.1
2013-03-08,KIM,77129,KIMCO REALTY CORP,,,-0.001357,-0.2258325468518268,0.0004531037607611,-3.569382348502077e-11,0.004481,4.223259554186975,22.07,407884.0,9001999.88,0.004999999999999,22.08,22.07
2013-03-11,KIM,77129,KIMCO REALTY CORP,,,-0.004984,0.5904446766515732,0.0004553734061931,-8.284049554572772e-11,0.003249,6.71686067607457,21.96,407884.0,8957132.64,0.0050000000000007,21.96,21.95
2013-03-12,KIM,77129,KIMCO REALTY CORP,,,-0.000455,0.0244187319779538,0.0004555808656037,-7.385779728128637e-12,-0.002403,6.880877896656893,21.95,407884.0,8953053.799999999,0.0050000000000007,21.96,21.95
2013-03-13,KIM,77129,KIMCO REALTY CORP,,,-0.002278,-0.0526615834105322,0.0004566210045662,-3.912225998201545e-11,0.001314,6.518519971364407,21.9,407884.0,8932659.6,0.0050000000000007,21.89,21.88
2013-03-14,KIM,77129,KIMCO REALTY CORP,,,0.007306,-0.3770121859485482,0.000453309156845,1.9994425862770696e-10,0.005603,4.060958507811044,22.06,407884.0,8997921.04,0.0050000000000007,22.07,22.06
2013-03-15,KIM,77129,KIMCO REALTY CORP,,,0.000453,0.3758753924172904,0.0004531037607612,9.006406477614308e-12,-0.001618,5.587372880524855,22.07,407884.0,9001999.88,0.0050000000000007,22.07,22.06
2013-03-18,KIM,77129,KIMCO REALTY CORP,,,-0.006343,0.0711715664765249,0.0004559963520292,-1.1848209327056827e-10,-0.00551,5.985034960920261,21.93,407884.0,8944896.12,0.0050000000000007,21.94,21.93
2013-03-19,KIM,77129,KIMCO REALTY CORP,,,0.001368,0.019007045715222,0.0004553734061929,2.5042242308736585e-11,-0.002423,6.098792794029675,21.96,407884.0,8957132.64,0.004999999999999,21.97,21.96
2013-03-20,KIM,77129,KIMCO REALTY CORP,,,0.011384,-0.1062469850458273,0.0004502476361999,2.3054104666485739e-10,0.006697,5.450814447244805,22.21,407884.0,9059103.64,0.0050000000000007,22.21,22.2
2013-03-21,KIM,77129,KIMCO REALTY CORP,,,-0.004953,0.135609229523681,0.0004524886877827,-8.876649519123239e-11,-0.008282,6.189995194712222,22.1,407884.0,9014236.4,0.004999999999999,22.11,22.1
2013-03-22,KIM,77129,KIMCO REALTY CORP,,,0.009502,-0.0987404942965779,0.0004482294935005,1.8717102382963691e-10,0.007174,5.578792009492895,22.31,407884.0,9099892.04,0.004999999999999,22.31,22.3
2013-03-25,KIM,77129,KIMCO REALTY CORP,,,-0.005827,0.2453526697429136,0.0004508566275924,-9.270737416123452e-11,-0.00334,6.947563522962411,22.18,407884.0,9046867.12,0.0050000000000007,22.16,22.15
2013-03-26,KIM,77129,KIMCO REALTY CORP,,,-0.000451,-0.016903098313219,0.0004510599909788,-7.302058793619256e-12,0.007785,6.830128173696443,22.17,407884.0,9042788.28,0.0050000000000007,22.17,22.16
2013-03-27,KIM,77129,KIMCO REALTY CORP,,,0.001804,0.1855055816791702,0.0004502476361999,2.4593415560136783e-11,-0.000588,8.09715507350129,22.21,407884.0,9059103.64,0.0050000000000007,22.21,22.2
2013-03-28,KIM,77129,KIMCO REALTY CORP,,,0.008555,0.1283495322009264,0.0004464285714284,1.0248474289087715e-10,0.004057,9.12291181136288,22.4,408488.0,9150131.2,0.004999999999999,22.4,22.39
2013-04-01,KIM,77129,KIMCO REALTY CORP,,,0.007143,-0.4082541727043417,0.0004474272930649,1.4492894768558027e-10,-0.004474,5.39844499716026,22.35,408488.0,9129706.8,0.0050000000000007,22.35,22.34
2013-04-02,KIM,77129,KIMCO REALTY CORP,,,0.008501,0.1113277707237438,0.0004436557231587,1.5389551159151275e-10,0.005172,5.999441844068858,22.54,408488.0,9207319.52,0.004999999999999,22.54,22.53
2013-04-03,KIM,77129,KIMCO REALTY CORP,,,-0.00488,-0.0093442689843717,0.000445831475702,-8.961436697531348e-11,-0.010546,5.943381445721784,22.43,408488.0,9162385.84,0.004999999999999,22.43,22.42
2013-04-04,KIM,77129,KIMCO REALTY CORP,,,0.014267,0.0867040118625916,0.0004395604395605,2.3769885119996937e-10,0.004048,6.458696461095553,22.75,408488.0,9293102.0,0.0050000000000007,22.75,22.74
2013-04-05,KIM,77129,KIMCO REALTY CORP,,,-0.006593,0.089413637569647,0.0004424778761062,-1.0149803900800713e-10,-0.004295,7.036192005640313,22.6,408488.0,9231828.8,0.0050000000000007,22.6,22.59
2013-04-08,KIM,77129,KIMCO REALTY CORP,,,0.017699,-0.3132349871268527,0.0004347826086957,3.8984839106866345e-10,0.006303,4.832210493331505,23.0,408488.0,9395224.0,0.0050000000000007,23.0,22.99
2013-04-09,KIM,77129,KIMCO REALTY CORP,,,0.008261,1.545417700998024,0.0004312203536007,7.090023368154007e-11,0.003544,12.29999412467441,23.19,408488.0,9472836.72,0.0050000000000007,23.19,23.18
2013-04-10,KIM,77129,KIMCO REALTY CORP,,,0.001725,-0.2626383249741263,0.0004304778303918,2.0043572053167312e-11,0.012189,9.069544270578328,23.23,408488.0,9489176.24,0.0050000000000007,23.23,23.22
2013-04-11,KIM,77129,KIMCO REALTY CORP,,,0.005596,-0.2584484992442237,0.0004280821917808,8.719644542661812e-11,0.003552,6.725534165018312,23.36,408488.0,9542279.68,0.0050000000000007,23.35,23.34
2013-04-12,KIM,77129,KIMCO REALTY CORP,,,-0.005137,-0.008954245986969,0.0004302925989673,-8.118459914404851e-11,-0.002837,6.665312077710973,23.24,408488.0,9493261.12,0.0050000000000007,23.25,23.24
2013-04-15,KIM,77129,KIMCO REALTY CORP,,,-0.021084,0.2551878649869614,0.0004395604395605,-2.7118338866692926e-10,-0.022966,8.366218836293845,22.75,408488.0,9293102.0,0.0050000000000007,22.76,22.75
2013-04-16,KIM,77129,KIMCO REALTY CORP,,,0.012308,0.0156547183613753,0.0004342162396874,1.5397100196116623e-10,0.014307,8.497189635925658,23.03,408488.0,9407478.64,0.0050000000000007,23.03,23.02
2013-04-17,KIM,77129,KIMCO REALTY CORP,,,-0.022579,0.2658311725727456,0.0004442470013328,-2.2829626608762446e-10,-0.014328,10.756007520416755,22.51,408488.0,9195064.88,0.0050000000000007,22.51,22.5
2013-04-18,KIM,77129,KIMCO REALTY CORP,,,0.001777,-0.4011880647290439,0.0004434589800442,2.9951600438570977e-11,-0.006701,6.440825679089716,22.55,408488.0,9211404.4,0.004999999999999,22.56,22.55
2013-04-19,KIM,77129,KIMCO REALTY CORP,,,0.015078,-0.2428354237932345,0.0004368719965049,3.306639206517119e-10,0.008848,4.876765045729617,22.89,408488.0,9350290.32,0.004999999999999,22.9,22.89
2013-04-22,KIM,77129,KIMCO REALTY CORP,,,-0.003932,-0.0290146077004166,0.0004385964912279,-8.915687346889168e-11,0.004662,4.735267621080668,22.8,408488.0,9313526.4,0.004999999999999,22.81,22.8
2013-04-23,KIM,77129,KIMCO REALTY CORP,,,0.007456,0.2392079822157886,0.0004353504571178,1.3541814802968955e-10,0.010419,5.867981433971132,22.97,408488.0,9382969.36,0.004999999999999,22.97,22.96
2013-04-24,KIM,77129,KIMCO REALTY CORP,,,0.000871,-0.2942010846891948,0.0004349717268376,2.2393922099283903e-11,6e-06,4.141614931160769,22.99,408488.0,9391139.12,0.004999999999999,22.99,22.98
2013-04-25,KIM,77129,KIMCO REALTY CORP,,,0.006525,0.3484454427237262,0.0004321521175452,1.2360463625930735e-10,0.004035,5.584741779440277,23.14,408488.0,9452412.32,0.004999999999999,23.15,23.14
2013-04-26,KIM,77129,KIMCO REALTY CORP,,,-0.001729,-0.4354973041686757,0.0004329004329003,-5.81212027088716e-11,-0.001842,3.152601790015863,23.1,408488.0,9436072.8,0.004999999999999,23.11,23.1
2013-04-29,KIM,77129,KIMCO REALTY CORP,,,0.01645,0.6843453952477092,0.0004258943781942,3.2298937445459954e-10,0.007186,5.3100703080629055,23.48,408488.0,9591298.24,0.0050000000000007,23.48,23.47
2013-04-30,KIM,77129,KIMCO REALTY CORP,,,0.012777,0.2405144991010095,0.0004205214465936,1.9968048621706107e-10,0.002485,6.587219208397799,23.78,408488.0,9713844.64,0.004999999999999,23.77,23.76
2013-05-01,KIM,77129,KIMCO REALTY CORP,,,-0.004626,0.1758584807492196,0.0004224757076468,-6.176904625708421e-11,-0.009308,7.745637570748713,23.67,408488.0,9668910.96,0.0050000000000007,23.67,23.66
2013-05-02,KIM,77129,KIMCO REALTY CORP,,,0.020701,-0.0573324905183312,0.0004139072847681,2.8727602434073477e-10,0.009408,7.301560878165332,24.16,408488.0,9869070.08,0.004999999999999,24.15,24.14
2013-05-03,KIM,77129,KIMCO REALTY CORP,,,0.016556,0.1714611412861262,0.0004071661237784,1.9293195035137014e-10,0.010535,8.553494839505689,24.56,408488.0,10032465.28,0.004999999999999,24.58,24.57
2013-05-06,KIM,77129,KIMCO REALTY CORP,,,0.005293,-0.1788494562106468,0.0004050222762252,7.471969983827484e-11,0.001908,7.023706938759523,24.69,408488.0,10085568.72,0.0050000000000007,24.69,24.68
2013-05-07,KIM,77129,KIMCO REALTY CORP,,,0.00729,-0.1585514621309818,0.0004020908725372,1.2141672027156572e-10,0.00523,5.910087934039678,24.87,408488.0,10159096.56,0.0050000000000007,24.87,24.86
2013-05-08,KIM,77129,KIMCO REALTY CORP,,,0.005227,-0.1969182337834479,0.0004,1.0783990096967195e-10,0.004139,4.746283856563718,25.0,408488.0,10212200.0,0.0050000000000007,25.0,24.99
2013-05-09,KIM,77129,KIMCO REALTY CORP,,,-0.0076,0.2625335258923045,0.000403063280935,-1.2514424933028889e-10,-0.003687,5.992342492313115,24.81,408488.0,10134587.28,0.004999999999999,24.81,24.8
2013-05-10,KIM,77129,KIMCO REALTY CORP,,,0.006449,0.1486232535337854,0.000400480576692,9.185870106298564e-11,0.004322,6.882943929809444,24.97,408488.0,10199945.36,0.0050000000000007,24.96,24.95
2013-05-13,KIM,77129,KIMCO REALTY CORP,,,-0.004405,0.0257860293071561,0.0004022526146419,-6.143763279699e-11,4.3e-05,7.060427723703022,24.86,408488.0,10155011.68,0.004999999999999,24.86,24.85
2013-05-14,KIM,77129,KIMCO REALTY CORP,,,-0.00362,0.159703200305121,0.0004037141703672,-4.369436113044264e-11,0.010142,8.188000626701397,24.77,408488.0,10118247.76,0.004999999999999,24.77,24.76
2013-05-15,KIM,77129,KIMCO REALTY CORP,,,-0.004037,1.1723622447454185,0.0004053506282933,-2.2521648886177265e-11,0.005114,17.787303421397937,24.67,408488.0,10077398.96,0.004999999999999,24.68,24.67
2013-05-16,KIM,77129,KIMCO REALTY CORP,,,-0.021078,0.0005367538777028,0.0004140786749483,-1.2005763997027436e-10,-0.00501,17.796850825483247,24.15,408488.0,9864985.2,0.0050000000000007,24.12,24.11
2013-05-17,KIM,77129,KIMCO REALTY CORP,,,0.002899,0.1692343668326501,0.0004128819157721,1.4081536379845962e-11,0.0103,20.80868960654903,24.22,408488.0,9893579.36,0.0050000000000007,24.23,24.22
2013-05-20,KIM,77129,KIMCO REALTY CORP,,,-0.004129,-0.556558158139316,0.0004145936981757,-4.541579019361228e-11,-0.000708,9.227443645835374,24.12,408488.0,9852730.56,0.004999999999999,24.13,24.12
2013-05-21,KIM,77129,KIMCO REALTY CORP,,,0.002902,-0.4043721645928952,0.000413393964448,5.3435004446503115e-11,0.001722,5.496122285109967,24.19,408488.0,9881324.72,0.004999999999999,24.18,24.17
2013-05-22,KIM,77129,KIMCO REALTY CORP,,,-0.021497,0.4091131798138168,0.0004224757076467,-2.8707675708950184e-10,-0.008274,7.744658349816886,23.67,408488.0,9668910.96,0.004999999999999,23.68,23.67
2013-05-23,KIM,77129,KIMCO REALTY CORP,,,-0.012252,0.2807877102035656,0.0004277159965781,-1.2933133567158588e-10,-0.002924,9.919263234170892,23.38,408488.0,9550449.44,0.004999999999999,23.4,23.39
2013-05-24,KIM,77129,KIMCO REALTY CORP,,,-0.009837,-0.3008711962289296,0.0004319654427646,-1.500015553683692e-10,-0.000551,6.934842639196256,23.15,408488.0,9456497.2,0.0050000000000007,23.17,23.16
2013-05-28,KIM,77129,KIMCO REALTY CORP,,,-0.014255,0.4568977689918101,0.0004382120946537,-1.5135842139250554e-10,0.006341,10.1033567693543,22.82,408488.0,9321696.16,0.004999999999999,22.83,22.82
2013-05-29,KIM,77129,KIMCO REALTY CORP,,,-0.011832,-0.1812410651547091,0.0004434589800442,-1.5527822946597318e-10,-0.007048,8.272213626838488,22.55,408488.0,9211404.4,0.004999999999999,22.56,22.55
2013-05-30,KIM,77129,KIMCO REALTY CORP,,,-0.015964,-0.1773253233109407,0.0004506534474987,-2.5879461980186387e-10,0.00367,6.805340670962183,22.19,408488.0,9064348.72,0.004999999999999,22.2,22.19
2013-05-31,KIM,77129,KIMCO REALTY CORP,,,-0.001803,1.3232490377351702,0.000451467268623,-1.2603670960722682e-11,-0.014307,15.800212352661992,22.15,408754.0,9053901.1,0.0050000000000007,22.16,22.15
2013-06-03,KIM,77129,KIMCO REALTY CORP,,,-0.000903,0.0450575994054254,0.0004518752824219,-6.0456245003572536e-12,0.005936,16.512131991368893,22.13,408754.0,9045726.02,0.004999999999999,22.13,22.12
2013-06-04,KIM,77129,KIMCO REALTY CORP,,,-0.013556,-0.5272024179927104,0.0004580852038478,-1.945975689687677e-10,-0.005511,7.806896079304423,21.83,408754.0,8923099.819999998,0.004999999999999,21.83,21.82
2013-06-05,KIM,77129,KIMCO REALTY CORP,,,-0.021988,0.9363542352166964,0.0004683840749415,-1.6667199171097158e-10,-0.01378,15.11691628705774,21.35,408754.0,8726897.9,0.0050000000000007,21.35,21.34
2013-06-06,KIM,77129,KIMCO REALTY CORP,,,0.029977,-0.233512971144665,0.0004547521600726,2.8782791061401836e-10,0.00849,11.58692025032171,21.99,408754.0,8988500.459999999,0.004999999999999,21.99,21.98
2013-06-07,KIM,77129,KIMCO REALTY CORP,,,0.006367,-0.4382205143363878,0.0004518752824219,1.081328193024844e-10,0.012832,6.509294098651022,22.13,408754.0,9045726.02,0.004999999999999,22.13,22.12
2013-06-10,KIM,77129,KIMCO REALTY CORP,,,0.002711,1.7510805427143232,0.0004506534474987,1.6690640402325823e-11,-0.000347,17.907592341603998,22.19,408754.0,9070251.26,0.004999999999999,22.18,22.17
2013-06-11,KIM,77129,KIMCO REALTY CORP,,,-0.015773,-0.3747506762479849,0.0004578754578755,-1.578008083787357e-10,-0.010153,11.196710001614663,21.84,408754.0,8927187.36,0.0050000000000007,21.85,21.84
2013-06-12,KIM,77129,KIMCO REALTY CORP,,,-0.006868,-0.0834444031725916,0.0004610419548179,-7.54847941663311e-11,-0.00837,10.26240721803334,21.69,408754.0,8865874.26,0.0050000000000007,21.71,21.7
2013-06-13,KIM,77129,KIMCO REALTY CORP,,,0.017981,0.1742872127395822,0.0004528985507245,1.6532144056070387e-10,0.014784,12.051013568062942,22.08,408754.0,9025288.319999998,0.004999999999999,22.08,22.07
2013-06-14,KIM,77129,KIMCO REALTY CORP,,,-0.00317,-0.1559308958768955,0.0004543389368469,-3.4639819851956186e-11,-0.005885,10.171888226170264,22.01,408754.0,8996675.540000001,0.0050000000000007,22.01,22.0
2013-06-17,KIM,77129,KIMCO REALTY CORP,,,0.002272,-0.0794410505555822,0.000453309156845,2.6908384176401515e-11,0.007567,9.36382273934934,22.06,408754.0,9017113.24,0.0050000000000007,22.05,22.04
2013-06-18,KIM,77129,KIMCO REALTY CORP,,,0.00952,0.3643892880470281,0.0004490345756623,8.185839608412822e-11,0.007791,12.775899440739416,22.27,408754.0,9102951.58,0.0050000000000007,22.26,22.25
2013-06-19,KIM,77129,KIMCO REALTY CORP,,,-0.030983,-0.1502814905595343,0.0004633920296571,-3.2355152239747644e-10,-0.013851,10.855918229546376,21.58,408754.0,8820911.319999998,0.0050000000000007,21.59,21.58
2013-06-20,KIM,77129,KIMCO REALTY CORP,,,-0.045876,0.3433542164330463,0.0004856726566295,-3.737748497824495e-10,-0.02501,14.5833435269135,20.59,408754.0,8416244.86,0.0050000000000007,20.6,20.59
2013-06-21,KIM,77129,KIMCO REALTY CORP,,,0.012142,-0.1136386512330146,0.0004798464491363,1.1027132230700029e-10,0.00267,12.926112038047334,20.84,408754.0,8518433.36,0.0050000000000007,20.84,20.83
2013-06-24,KIM,77129,KIMCO REALTY CORP,,,-0.003839,-0.0787720493602847,0.0004816955684006,-3.799213722090969e-11,-0.012145,11.9078957025497,20.76,408754.0,8485733.040000001,0.004999999999999,20.77,20.76
2013-06-25,KIM,77129,KIMCO REALTY CORP,,,0.007225,0.3369971648107819,0.0004782400765184,5.3095326349486425e-11,0.009497,15.920822793171444,20.91,408754.0,8547046.14,0.0050000000000007,20.91,20.9
2013-06-26,KIM,77129,KIMCO REALTY CORP,,,0.006695,-0.3116154709036987,0.0004750593824227,7.099697676951348e-11,0.00959,10.959648101302983,21.05,408754.0,8604271.700000001,0.004999999999999,21.06,21.05
2013-06-27,KIM,77129,KIMCO REALTY CORP,,,0.027553,-0.1894280994687263,0.0004623208506702,3.5080211496256256e-10,0.0062,8.883582790627125,21.63,408754.0,8841349.02,0.004999999999999,21.63,21.62
2013-06-28,KIM,77129,KIMCO REALTY CORP,,,-0.009246,0.0580248953513991,0.0004666355576295,-1.1230152700076205e-10,-0.00429,9.399051752398751,21.43,408754.0,8759598.22,0.0050000000000007,21.44,21.43
2013-07-01,KIM,77129,KIMCO REALTY CORP,,,-0.007466,-0.2583877768812306,0.000474833808167,-1.2442472314249188e-10,0.005404,6.970451665304805,21.06,408754.0,8608359.24,0.004999999999999,21.06,21.05
2013-07-02,KIM,77129,KIMCO REALTY CORP,,,0.024217,0.6649585848659272,0.0004636068613816,2.366703352181154e-10,-0.000545,11.605513340542233,21.57,408754.0,8816823.78,0.0050000000000007,21.57,21.56
2013-07-03,KIM,77129,KIMCO REALTY CORP,,,-0.006027,-0.6080989923689869,0.0004664179104478,-1.5120761369849155e-10,0.000824,4.5482123722336665,21.44,408754.0,8763685.76,0.0050000000000007,21.48,21.47
2013-07-05,KIM,77129,KIMCO REALTY CORP,,,-0.002799,0.2644828142649669,0.0004677268475209,-5.5690294632100236e-11,0.010202,5.751136380316767,21.38,408754.0,8739160.52,0.004999999999999,21.38,21.37
2013-07-08,KIM,77129,KIMCO REALTY CORP,,,0.014032,0.7388973966309342,0.0004612546125461,1.5833271498721149e-10,0.005252,10.00063607940228,21.68,408754.0,8861786.72,0.0050000000000007,21.69,21.68
2013-07-09,KIM,77129,KIMCO REALTY CORP,,,0.016144,-0.4726992514310876,0.0004539264639129,3.3997628547478476e-10,0.00723,5.273342890834096,22.03,408754.0,9004850.620000001,0.0050000000000007,22.03,22.02
2013-07-10,KIM,77129,KIMCO REALTY CORP,,,-0.003178,0.1862212943632568,0.0004553734061931,-5.6598876955751215e-11,0.000182,6.2553516295865,21.96,408754.0,8976237.84,0.0050000000000007,21.96,21.95
2013-07-11,KIM,77129,KIMCO REALTY CORP,,,0.023224,-0.0028159098908835,0.0004450378282153,4.053637103374676e-10,0.013554,6.237737123061793,22.47,408754.0,9184702.38,0.004999999999999,22.49,22.48
2013-07-12,KIM,77129,KIMCO REALTY CORP,,,-0.005785,-0.1467623641997097,0.0004476275738584,-1.190312808444822e-10,0.003087,5.322272075624948,22.34,408754.0,9131564.36,0.004999999999999,22.33,22.32
2013-07-15,KIM,77129,KIMCO REALTY CORP,,,0.007162,-0.4504251896115835,0.0004444444444445,2.662354559310063e-10,0.001375,2.9249866667971447,22.5,408754.0,9196965.0,0.0050000000000007,22.5,22.49
2013-07-16,KIM,77129,KIMCO REALTY CORP,,,0.000444,1.001840080294413,0.0004442470013328,8.241232915172432e-12,-0.003709,5.8553555439212825,22.51,408754.0,9201052.54,0.0050000000000007,22.51,22.5
2013-07-17,KIM,77129,KIMCO REALTY CORP,,,0.002221,-0.1882259547087824,0.0004432624113474,5.0670946296918867e-11,0.002774,4.753225656507337,22.56,408754.0,9221490.24,0.004999999999999,22.58,22.57
2013-07-18,KIM,77129,KIMCO REALTY CORP,,,0.01773,0.0971743270369036,0.0004355400696864,3.6225197896233376e-10,0.005033,5.215117160932982,22.96,408754.0,9384991.84,0.0050000000000007,22.96,22.95
2013-07-19,KIM,77129,KIMCO REALTY CORP,,,0.000436,0.255242294882019,0.0004353504571178,7.093684105816551e-12,0.00161,6.546235633168116,22.97,408754.0,9389079.38,0.004999999999999,22.97,22.96
2013-07-22,KIM,77129,KIMCO REALTY CORP,,,0.00653,-0.3086179834068315,0.000432525951557,1.5266997100907134e-10,0.002033,4.525949593153828,23.12,408754.0,9450392.48,0.004999999999999,23.13,23.12
2013-07-23,KIM,77129,KIMCO REALTY CORP,,,0.001298,-0.3106486486486486,0.0004319654427646,4.3965431248210086e-11,-0.001852,3.1199694681886907,23.15,408754.0,9462655.1,0.0050000000000007,23.16,23.15
2013-07-24,KIM,77129,KIMCO REALTY CORP,,,-0.025918,0.7139496589037873,0.0004434589800444,-5.25828979997683e-10,-0.003811,5.347470605792237,22.55,408754.0,9217402.7,0.0050000000000007,22.57,22.56
2013-07-25,KIM,77129,KIMCO REALTY CORP,,,0.006208,-0.2414219050233323,0.000440722785368,1.6500856712891658e-10,0.002556,4.0564740650856015,22.69,408754.0,9274628.26,0.0050000000000007,22.69,22.68
2013-07-26,KIM,77129,KIMCO REALTY CORP,,,0.000881,-0.3173511850913696,0.0004403346543372,3.4272888989412316e-11,0.000828,2.76914721323828,22.71,408754.0,9282803.34,0.004999999999999,22.72,22.71
2013-07-29,KIM,77129,KIMCO REALTY CORP,,,-0.003963,0.4147892923403127,0.0004420866489832,-1.0940360871240317e-10,-0.003736,3.917759826203536,22.62,408754.0,9246015.48,0.0050000000000007,22.64,22.63
2013-07-30,KIM,77129,KIMCO REALTY CORP,,,-0.009726,1.8479455476458095,0.0004464285714284,-9.520390040376007e-11,0.000374,11.15756665378198,22.4,408754.0,9156089.6,0.004999999999999,22.4,22.39
2013-07-31,KIM,77129,KIMCO REALTY CORP,,,0.006696,0.3534325871028569,0.0004434589800442,4.8106168071427596e-11,-0.000136,15.069198788136234,22.55,409617.0,9236863.35,0.004999999999999,22.54,22.53
2013-08-01,KIM,77129,KIMCO REALTY CORP,,,0.01286,-0.1492887924051453,0.0004378283712783,1.0722463587897736e-10,0.012541,12.819536298542296,22.84,409617.0,9355652.28,0.004999999999999,22.83,22.82
2013-08-02,KIM,77129,KIMCO REALTY CORP,,,-0.014886,-0.5121593570870866,0.0004444444444443,-2.5826599523753755e-10,0.00164,6.253890829726306,22.5,409617.0,9216382.5,0.004999999999999,22.49,22.48
2013-08-05,KIM,77129,KIMCO REALTY CORP,,,-0.013778,-0.1727758910098762,0.0004506534474987,-2.930066159992203e-10,-0.00148,5.1733692693418485,22.19,409617.0,9089401.23,0.004999999999999,22.2,22.19
2013-08-06,KIM,77129,KIMCO REALTY CORP,,,-0.009464,0.4878486149780567,0.0004549590536852,-1.3656419436317147e-10,-0.005723,7.697190302160311,21.98,409617.0,9003381.66,0.0050000000000007,21.98,21.97
2013-08-07,KIM,77129,KIMCO REALTY CORP,,,-0.00091,-0.3869136350661296,0.0004553734061929,-2.143765130034668e-11,-0.003806,4.719042422555704,21.96,409617.0,8995189.32,0.004999999999999,21.97,21.96
2013-08-08,KIM,77129,KIMCO REALTY CORP,,,0.005465,0.475168132436627,0.0004528985507245,8.679959949886535e-11,0.003885,6.961380997370715,22.08,409617.0,9044343.36,0.004999999999999,22.08,22.07
2013-08-09,KIM,77129,KIMCO REALTY CORP,,,0.002264,0.1994739610731193,0.0004518752824221,2.9910991416060714e-11,-0.00357,8.349995239455394,22.13,409617.0,9064824.21,0.0050000000000007,22.14,22.13
2013-08-12,KIM,77129,KIMCO REALTY CORP,,,-0.011297,-0.3480688828465339,0.0004570383912247,-2.3155272695610708e-10,-0.001153,5.443621724684278,21.88,409617.0,8962419.959999999,0.004999999999999,21.88,21.87
2013-08-13,KIM,77129,KIMCO REALTY CORP,,,-0.009141,0.0481657547762131,0.000461254612546,-1.80400839178681e-10,0.002776,5.705817873769887,21.68,409617.0,8880496.56,0.004999999999999,21.68,21.67
2013-08-14,KIM,77129,KIMCO REALTY CORP,,,0.002306,-0.3333048091733698,0.0004601932811781,6.810458903842168e-11,-0.005177,3.804041336175012,21.73,409617.0,8900977.41,0.0050000000000007,21.73,21.72
2013-08-15,KIM,77129,KIMCO REALTY CORP,,,-0.020248,0.5148247978436657,0.0004697040864256,-4.0292189213457776e-10,-0.014282,5.762456148060261,21.29,409617.0,8720745.93,0.0050000000000007,21.3,21.29
2013-08-16,KIM,77129,KIMCO REALTY CORP,,,-0.037107,1.3054567022538557,0.0004878048780488,-3.3262846135021677e-10,-0.003305,13.285093147989464,20.5,409617.0,8397148.5,0.0050000000000007,20.51,20.5
2013-08-19,KIM,77129,KIMCO REALTY CORP,,,-0.019512,-0.31585137270756,0.000497512437811,-2.6074302139584105e-10,-0.0059,9.088978240649192,20.1,409617.0,8233301.7,0.0050000000000007,20.1,20.09
2013-08-20,KIM,77129,KIMCO REALTY CORP,,,0.023383,0.1014235831318828,0.0004861448711715,2.7721615184621115e-10,0.003821,10.01081498082355,20.57,409617.0,8425821.69,0.004999999999999,20.56,20.55
2013-08-21,KIM,77129,KIMCO REALTY CORP,,,-0.009723,0.0283617031653904,0.0004909180166911,-1.1319205758468686e-10,-0.00578,10.29473874375331,20.37,409617.0,8343898.29,0.004999999999999,20.38,20.37
2013-08-22,KIM,77129,KIMCO REALTY CORP,,,0.006873,-0.4636581374943679,0.0004875670404679,1.4816502052159906e-10,0.008619,5.521499351833542,20.51,409617.0,8401244.67,0.004999999999999,20.52,20.51
2013-08-23,KIM,77129,KIMCO REALTY CORP,,,0.002925,0.6583985497634524,0.0004861448711716,3.7911212226110606e-11,0.003947,9.156846517600588,20.57,409617.0,8425821.69,0.0050000000000007,20.57,20.56
2013-08-26,KIM,77129,KIMCO REALTY CORP,,,-0.004375,-0.1715900607870321,0.00048828125,-6.875098058541453e-11,-0.00404,7.585622667027979,20.48,409617.0,8388956.16,0.0050000000000007,20.48,20.47
2013-08-27,KIM,77129,KIMCO REALTY CORP,,,-0.01123,0.0143859423274974,0.0004938271604939,-1.7594717511170022e-10,-0.015874,7.694748997234002,20.25,409617.0,8294744.25,0.0050000000000007,20.26,20.25
2013-08-28,KIM,77129,KIMCO REALTY CORP,,,-0.004444,-0.3161585075668645,0.0004960317460316,-1.022717397868182e-10,0.002748,5.261988638166873,20.16,409617.0,8257878.72,0.004999999999999,20.15,20.14
2013-08-29,KIM,77129,KIMCO REALTY CORP,,,0.00248,0.034517954903962,0.0004948045522019,5.503252710829056e-11,0.001963,5.443621724684278,20.21,409617.0,8278359.57,0.0050000000000007,20.21,20.2
2013-08-30,KIM,77129,KIMCO REALTY CORP,,,-0.008906,0.4030406314467665,0.0004992511233149,-1.421233979301146e-10,-0.003174,7.637212277151345,20.03,409639.0,8205069.170000001,0.004999999999999,20.02,20.01
2013-09-03,KIM,77129,KIMCO REALTY CORP,,,-0.00699,0.5552820840658463,0.0015082956259425,-7.222658216590531e-11,0.004164,11.878019426861211,19.89,409639.0,8147719.71,0.0149999999999987,19.88,19.85
2013-09-04,KIM,77129,KIMCO REALTY CORP,,,0.020111,-0.4493700803584274,0.000492853622474,3.6995294123533636e-10,0.008117,6.540392882513628,20.29,409639.0,8311575.31,0.004999999999999,20.29,20.28
2013-09-05,KIM,77129,KIMCO REALTY CORP,,,-0.022671,0.0920424007166318,0.0005042864346948,-3.9075390528977475e-10,0.00121,7.142386345050154,19.83,409639.0,8123141.369999999,0.004999999999999,19.83,19.82
2013-09-06,KIM,77129,KIMCO REALTY CORP,,,0.013616,0.2089343085651787,0.000497512437811,1.9151647827977244e-10,5.4e-05,8.634675897558582,20.1,409639.0,8233743.9,0.0050000000000007,20.09,20.08
2013-09-09,KIM,77129,KIMCO REALTY CORP,,,0.01393,0.0383082185971559,0.0004906771344456,1.8611154176404452e-10,0.009993,8.965454949357849,20.38,409639.0,8348442.819999999,0.0050000000000007,20.37,20.36
2013-09-10,KIM,77129,KIMCO REALTY CORP,,,-0.002453,-0.187659968414747,0.0004918839153958,-4.044349549059148e-11,0.007346,7.282997956737518,20.33,409639.0,8327960.869999999,0.004999999999999,20.33,20.32
2013-09-11,KIM,77129,KIMCO REALTY CORP,,,0.006886,0.2156264664476772,0.0004885197850511,9.275504563000012e-11,0.003052,8.853405071294482,20.47,409639.0,8385310.329999999,0.004999999999999,20.47,20.46
2013-09-12,KIM,77129,KIMCO REALTY CORP,,,-0.011724,0.0106984310805966,0.000494315373208,-1.5810539995885538e-10,-0.00338,8.948122615278331,20.23,409639.0,8286996.97,0.004999999999999,20.24,20.23
2013-09-13,KIM,77129,KIMCO REALTY CORP,,,0.000989,-0.3108170781612331,0.0004938271604939,1.933319063131957e-11,0.002715,6.166893288969068,20.25,409639.0,8295189.75,0.0050000000000007,20.26,20.25
2013-09-16,KIM,77129,KIMCO REALTY CORP,,,0.022716,-0.0227614599002454,0.0004828585224529,4.4430729517724147e-10,0.005693,6.0265257946631055,20.71,409639.0,8483623.69,0.0050000000000007,20.71,20.7
2013-09-17,KIM,77129,KIMCO REALTY CORP,,,-0.00338,-0.2526835986551626,0.0004844961240309,-8.876345055150989e-11,0.004218,4.503721569479469,20.64,409639.0,8454948.96,0.004999999999999,20.65,20.64
2013-09-18,KIM,77129,KIMCO REALTY CORP,,,0.014535,3.734457152149168,0.0004775549188157,7.946855889205771e-11,0.012178,21.322676795910542,20.94,409639.0,8577840.66,0.0050000000000007,20.94,20.93
2013-09-19,KIM,77129,KIMCO REALTY CORP,,,0.008118,-0.4911501385295262,0.0004737091425865,8.652231515809784e-11,-0.001843,10.850041133778769,21.11,409639.0,8647479.29,0.0050000000000007,21.12,21.11
2013-09-20,KIM,77129,KIMCO REALTY CORP,,,-0.022738,0.0695900643477478,0.0004847309743093,-2.3184780693417864e-10,-0.007217,11.60509619445414,20.63,409639.0,8450852.57,0.0050000000000007,20.64,20.63
2013-09-23,KIM,77129,KIMCO REALTY CORP,,,-0.006786,-0.3736511075117272,0.0004880429477793,-1.1122580076675979e-10,-0.00472,7.2688391486162205,20.49,409639.0,8393503.11,0.004999999999999,20.49,20.48
2013-09-24,KIM,77129,KIMCO REALTY CORP,,,-0.011225,0.283281837721655,0.0004935834155971,-1.449968291873799e-10,-0.002597,9.327969260739334,20.26,409639.0,8299286.140000001,0.004999999999999,20.27,20.26
2013-09-25,KIM,77129,KIMCO REALTY CORP,,,-0.003455,0.0049723901494334,0.0004952947003467,-4.4562464250875504e-11,-0.002739,9.374351563205652,20.19,409639.0,8270611.41,0.0050000000000007,20.19,20.18
2013-09-26,KIM,77129,KIMCO REALTY CORP,,,0.011392,-0.3247571677820889,0.0004897159647405,2.151501839692716e-10,0.003485,6.329963699745385,20.42,409639.0,8364828.380000001,0.0050000000000007,20.42,20.41
2013-09-27,KIM,77129,KIMCO REALTY CORP,,,-0.002449,-0.1551870420362514,0.0004909180166912,-5.488259941919016e-11,-0.004074,5.3476353569850525,20.37,409639.0,8344346.430000001,0.0050000000000007,20.37,20.36
2013-09-30,KIM,77129,KIMCO REALTY CORP,,,-0.009327,1.1679905048845067,0.0004955401387513,-9.731960907379779e-11,-0.006029,11.593622677528264,20.18,409639.0,8266515.02,0.0050000000000007,20.19,20.18
2013-10-01,KIM,77129,KIMCO REALTY CORP,,,0.009911,-0.1112397877537269,0.0004957858205256,1.16414349243729e-10,0.007999,10.303950551583224,20.17,409639.0,8262418.630000001,0.0050000000000007,20.17,20.16
2013-10-02,KIM,77129,KIMCO REALTY CORP,,,0.000496,-0.2112819540856215,0.0004955401387513,7.383013692007284e-12,-0.000667,8.126911744243102,20.18,409639.0,8266515.02,0.0050000000000007,20.17,20.16
2013-10-03,KIM,77129,KIMCO REALTY CORP,,,-0.024281,0.0315700940194045,0.0005078720162519,-3.5908335060894803e-10,-0.008979,8.38347911209626,19.69,409639.0,8065791.91,0.0050000000000007,19.69,19.68
2013-10-04,KIM,77129,KIMCO REALTY CORP,,,-0.005587,-0.1547085201793722,0.0005107252298262,-9.829556164662362e-11,0.007053,7.086483464709171,19.58,409639.0,8020731.619999999,0.004999999999999,19.58,19.57
2013-10-07,KIM,77129,KIMCO REALTY CORP,,,0.001021,0.2728650659685143,0.0005102040816327,1.4097926044572093e-11,-0.008506,9.020137242791824,19.6,409639.0,8028924.4,0.0050000000000007,19.6,19.59
2013-10-08,KIM,77129,KIMCO REALTY CORP,,,-0.017857,0.2889851150202978,0.0005194805194806,-1.9476702016384559e-10,-0.012332,11.62682264139889,19.25,409639.0,7885550.75,0.0050000000000007,19.25,19.24
2013-10-09,KIM,77129,KIMCO REALTY CORP,,,0.017143,0.1425422020660116,0.0005107252298262,1.6089388637582331e-10,0.000574,13.28413554373485,19.58,409639.0,8020731.619999999,0.004999999999999,19.58,19.57
2013-10-10,KIM,77129,KIMCO REALTY CORP,,,0.031154,-0.2730948049322822,0.0004952947003466,3.9009027946711717e-10,0.02183,9.656307138724584,20.19,409639.0,8270611.41,0.004999999999999,20.18,20.17
2013-10-11,KIM,77129,KIMCO REALTY CORP,,,0.009906,0.0896703407826877,0.0004904364884748,1.1271289364616846e-10,0.006286,10.52219149055632,20.39,409639.0,8352539.21,0.0050000000000007,20.41,20.4
2013-10-14,KIM,77129,KIMCO REALTY CORP,,,0.006376,0.0717119458042363,0.0004873294346979,6.726441692933125e-11,0.004075,11.276758316468891,20.52,409639.0,8405792.28,0.0050000000000007,20.53,20.52
2013-10-15,KIM,77129,KIMCO REALTY CORP,,,-0.011209,-0.2699701259903884,0.000492853622474,-1.6381686843734154e-10,-0.007064,8.232370453008624,20.29,409639.0,8311575.31,0.004999999999999,20.29,20.28
2013-10-16,KIM,77129,KIMCO REALTY CORP,,,0.02415,-0.3149482549002165,0.0004812319538018,5.03062578318407e-10,0.013828,5.639599745141454,20.78,409639.0,8512298.42,0.0050000000000007,20.78,20.77
2013-10-17,KIM,77129,KIMCO REALTY CORP,,,0.007218,0.2286814994372781,0.0004777830864786,1.2149509664271748e-10,0.006744,6.929271871086494,20.93,409639.0,8573744.27,0.004999999999999,20.93,20.92
2013-10-18,KIM,77129,KIMCO REALTY CORP,,,-0.003344,0.406869825612119,0.0004793863854267,-4.014293766882182e-11,0.006549,9.748583508894416,20.86,409639.0,8545069.54,0.0050000000000007,20.85,20.84
2013-10-21,KIM,77129,KIMCO REALTY CORP,,,-0.005753,-0.204387238944258,0.0004821600771456,-8.730539228939658e-11,9.2e-05,7.75609744189396,20.74,409639.0,8495912.86,0.0050000000000007,20.73,20.72
2013-10-22,KIM,77129,KIMCO REALTY CORP,,,0.013983,-0.1899471232531788,0.0004755111745126,2.5834684513384237e-10,0.005738,6.282849045134863,21.03,409639.0,8614708.17,0.0050000000000007,21.03,21.02
2013-10-23,KIM,77129,KIMCO REALTY CORP,,,0.0,0.5555814586004584,0.0004755111745126,0.0,-0.004725,9.773483481797388,21.03,409639.0,8614708.17,0.0050000000000007,21.03,21.02
2013-10-24,KIM,77129,KIMCO REALTY CORP,,,0.009035,0.1789639324607852,0.0004712535344014,9.020520080755968e-11,0.003258,11.522584519540375,21.22,409639.0,8692539.58,0.004999999999999,21.22,21.21
2013-10-25,KIM,77129,KIMCO REALTY CORP,,,0.018379,0.3536365754962818,0.0004627487274409,1.3311096460704819e-10,0.004395,15.597391849897104,21.61,409639.0,8852298.79,0.004999999999999,21.61,21.6
2013-10-28,KIM,77129,KIMCO REALTY CORP,,,-0.000463,-0.3027718216393031,0.000462962962963,-4.811705393100741e-12,0.00133,10.874941106681735,21.6,409639.0,8848202.4,0.0050000000000007,21.6,21.59
2013-10-29,KIM,77129,KIMCO REALTY CORP,,,-0.006019,0.7240055670288228,0.0004657661853748,-3.650273654993782e-11,0.005584,18.7484590090299,21.47,409639.0,8794949.33,0.004999999999999,21.47,21.46
2013-10-30,KIM,77129,KIMCO REALTY CORP,,,0.008384,0.1660525253577427,0.0004618937644342,4.324225965357401e-11,-0.004876,21.86168797404544,21.65,409639.0,8868684.35,0.0050000000000007,21.66,21.65
2013-10-31,KIM,77129,KIMCO REALTY CORP,,,-0.007852,-0.3657681398932487,0.0004655493482309,-6.435954579930849e-11,-0.003839,13.864803640127326,21.48,409656.0,8799410.88,0.0050000000000007,21.48,21.47
2013-11-01,KIM,77129,KIMCO REALTY CORP,,,0.003724,-0.2936899186591077,0.0004638218923932,4.305587973359741e-11,0.002903,9.792850586833833,21.56,409656.0,8832183.36,0.004999999999999,21.58,21.57
2013-11-04,KIM,77129,KIMCO REALTY CORP,,,0.004638,0.2950120896378094,0.0004616805170822,4.121639663972796e-11,0.003571,12.681859901966527,21.66,409656.0,8873148.96,0.0050000000000007,21.67,21.66
2013-11-05,KIM,77129,KIMCO REALTY CORP,,,-0.01385,0.0630774561133353,0.0004681647940075,-1.1740358139752203e-10,-0.002806,13.481799363368289,21.36,409656.0,8750252.16,0.0050000000000007,21.35,21.34
2013-11-06,KIM,77129,KIMCO REALTY CORP,,,0.000936,-0.3691538865451121,0.0004677268475209,1.2565435242378251e-11,0.004266,8.504940730759467,21.38,409656.0,8758445.28,0.004999999999999,21.38,21.37
2013-11-07,KIM,77129,KIMCO REALTY CORP,,,-0.012161,-0.131626531959473,0.0004734848484847,-1.903172778854484e-10,-0.013183,7.385464877848731,21.12,409656.0,8651934.72,0.004999999999999,21.13,21.12
2013-11-08,KIM,77129,KIMCO REALTY CORP,,,-0.005682,0.1332011237811932,0.0004761904761905,-7.891831079814164e-11,0.013428,8.369217099224715,21.0,409656.0,8602776.0,0.0050000000000007,21.0,20.99
2013-11-11,KIM,77129,KIMCO REALTY CORP,,,0.001905,-0.3985999708327257,0.0004752851711027,4.391184106651973e-11,0.000723,5.033247407580995,21.04,409656.0,8619162.24,0.0050000000000007,21.05,21.04
2013-11-12,KIM,77129,KIMCO REALTY CORP,,,-0.00903,0.3613657306367912,0.0004796163069543,-1.5429053266115286e-10,-0.00237,6.852090534497236,20.85,409656.0,8541327.600000001,0.004999999999999,20.86,20.85
2013-11-13,KIM,77129,KIMCO REALTY CORP,,,0.003357,-0.1111150694691841,0.0004780114722754,6.431343482939755e-11,0.008095,6.090720018747437,20.92,409656.0,8570003.520000001,0.0050000000000007,20.92,20.91
2013-11-14,KIM,77129,KIMCO REALTY CORP,,,0.00956,0.0630836439421265,0.0004734848484849,1.7065090109387944e-10,0.004837,6.474944831761283,21.12,409656.0,8651934.72,0.0050000000000007,21.12,21.11
2013-11-15,KIM,77129,KIMCO REALTY CORP,,,0.002841,1.0694816211121585,0.0004721435316335,2.4435898445541417e-11,0.004222,13.399779327045133,21.18,409656.0,8676514.08,0.004999999999999,21.18,21.17
2013-11-18,KIM,77129,KIMCO REALTY CORP,,,-0.000472,-0.5163682072395388,0.0004723665564477,-8.398260307494472e-12,-0.003698,6.480559298533404,21.17,409656.0,8672417.520000001,0.004999999999999,21.18,21.17
2013-11-19,KIM,77129,KIMCO REALTY CORP,,,-0.002834,-0.0649013108332078,0.0004737091425865,-5.407821591500523e-11,-0.002043,6.0599625051262525,21.11,409656.0,8647838.16,0.0050000000000007,21.12,21.11
2013-11-20,KIM,77129,KIMCO REALTY CORP,,,-0.010895,-0.0478549848942597,0.000478927203065,-2.207518668779725e-10,-0.003636,5.769963090983655,20.88,409656.0,8553617.28,0.004999999999999,20.88,20.87
2013-11-21,KIM,77129,KIMCO REALTY CORP,,,0.003831,0.3437407454414689,0.0004770992366411,5.754572053310621e-11,0.008129,7.753334505048138,20.96,409656.0,8586389.76,0.004999999999999,20.97,20.96
2013-11-22,KIM,77129,KIMCO REALTY CORP,,,-0.002385,0.003085448019646,0.0004782400765184,-3.5800457705474357e-11,0.004961,7.777257015642393,20.91,409656.0,8565906.96,0.0050000000000007,20.91,20.9
2013-11-25,KIM,77129,KIMCO REALTY CORP,,,-0.003348,-0.2901757689893283,0.0004798464491363,-7.103806817193249e-11,-0.001263,5.520485480500713,20.84,409656.0,8537231.04,0.0050000000000007,20.85,20.84
2013-11-26,KIM,77129,KIMCO REALTY CORP,,,0.00144,0.9401282334733584,0.0004791566842356,1.5725809674981148e-11,0.00015,10.710449743199172,20.87,409656.0,8549520.72,0.004999999999999,20.88,20.87
2013-11-27,KIM,77129,KIMCO REALTY CORP,,,0.000479,-0.4936411705716109,0.0004789272030652,1.0325702402133467e-11,0.002485,5.4233307946179234,20.88,409656.0,8553617.28,0.0050000000000007,20.89,20.88
2013-11-29,KIM,77129,KIMCO REALTY CORP,,,-0.012452,-0.3759283431606427,0.0004849660523762,-4.3554253762640505e-10,-0.000786,3.3842661524567355,20.62,409690.0,8447807.8,0.004999999999999,20.63,20.62
2013-12-02,KIM,77129,KIMCO REALTY CORP,,,0.00194,2.9095564370717635,0.0004840271055179,1.7323037757900294e-11,-0.002719,13.23097952110132,20.66,409690.0,8464195.4,0.0050000000000007,20.66,20.65
2013-12-03,KIM,77129,KIMCO REALTY CORP,,,0.0,-0.4883038777995055,0.0004840271055179,0.0,-0.003193,6.7702409138617,20.66,409690.0,8464195.4,0.0050000000000007,20.66,20.65
2013-12-04,KIM,77129,KIMCO REALTY CORP,,,0.001936,-0.0778022136496376,0.0004830917874396,3.656381017565549e-11,-0.001304,6.243501183821914,20.7,409690.0,8480583.0,0.0050000000000007,20.69,20.68
2013-12-05,KIM,77129,KIMCO REALTY CORP,,,0.001449,-0.0818640290863599,0.0004823926676315,2.9763124351627586e-11,-0.00434,5.732383021308794,20.73,409690.0,8492873.7,0.0050000000000007,20.73,20.72
2013-12-06,KIM,77129,KIMCO REALTY CORP,,,0.01206,0.3564828614008941,0.0004766444232603,1.8044171593428723e-10,0.011238,7.775879323390856,20.98,409690.0,8595296.2,0.0050000000000007,21.01,21.0
2013-12-09,KIM,77129,KIMCO REALTY CORP,,,0.006196,-0.3323288445239665,0.0004737091425863,1.3799256452588888e-10,0.001817,5.191730332690571,21.11,409690.0,8648555.9,0.004999999999999,21.11,21.1
2013-12-10,KIM,77129,KIMCO REALTY CORP,,,-0.011843,0.1551010813352138,0.0004793863854265,-2.3107871556057883e-10,-0.00318,5.9969733212917085,20.86,409690.0,8546133.4,0.004999999999999,20.86,20.85
2013-12-11,KIM,77129,KIMCO REALTY CORP,,,-0.032119,0.7690585697423582,0.0004952947003466,-3.6601257317402574e-10,-0.011317,10.608997046547389,20.19,409690.0,8271641.100000001,0.004999999999999,20.2,20.19
2013-12-12,KIM,77129,KIMCO REALTY CORP,,,0.000495,-0.1583149272961531,0.0004950495049505,6.698452968605501e-12,-0.003771,8.929434450438135,20.2,409690.0,8275738.0,0.0050000000000007,20.21,20.2
2013-12-13,KIM,77129,KIMCO REALTY CORP,,,-0.008911,-0.1247027307765902,0.0004995004995005,-1.3900405830701575e-10,-0.000101,7.81590959017794,20.02,409690.0,8201993.8,0.0050000000000007,20.03,20.02
2013-12-16,KIM,77129,KIMCO REALTY CORP,,,-0.005495,0.0089004091065238,0.0005022601707685,-8.543055897891032e-11,0.00632,7.885474383070126,19.91,409690.0,8156927.9,0.0050000000000007,19.91,19.9
2013-12-17,KIM,77129,KIMCO REALTY CORP,,,0.009543,0.4740605460286016,0.0004975124378108,9.969889741983263e-11,-0.003101,11.6236666748029,20.1,409690.0,8234769.000000001,0.004999999999999,20.11,20.1
2013-12-18,KIM,77129,KIMCO REALTY CORP,,,0.018408,-0.111253438609017,0.0004885197850513,2.1247719214668687e-10,0.016648,10.330493787986038,20.47,409690.0,8386354.3,0.0050000000000007,20.48,20.47
2013-12-19,KIM,77129,KIMCO REALTY CORP,,,-0.012213,-0.3088391654655861,0.0004945598417407,-2.064836369199032e-10,-0.00058,7.140032707657009,20.22,409690.0,8283931.8,0.004999999999999,20.22,20.21
2013-12-20,KIM,77129,KIMCO REALTY CORP,,,-0.000495,0.6302133187474361,0.0004948045522017,-5.136164014090439e-12,0.004819,11.639776416314774,20.21,409690.0,8279834.9,0.004999999999999,20.2,20.19
2013-12-23,KIM,77129,KIMCO REALTY CORP,,,-0.004453,-0.4848700903810262,0.000497017892644,-9.009650624646179e-11,0.005318,5.995996973321292,20.12,409690.0,8242962.800000001,0.004999999999999,20.13,20.12
2013-12-24,KIM,77129,KIMCO REALTY CORP,,,-0.000497,-0.6097292896397313,0.0004972650422674,-2.577873432846164e-11,0.002916,2.3400619980961213,20.11,409690.0,8238865.899999999,0.004999999999999,20.11,20.1
2013-12-26,KIM,77129,KIMCO REALTY CORP,,,0.007459,0.7127359966621467,0.0004935834155973,2.2421672941167982e-10,0.004745,4.007908418560375,20.26,409690.0,8300319.4,0.0050000000000007,20.25,20.24
2013-12-27,KIM,77129,KIMCO REALTY CORP,,,-0.006417,-0.1402557856272838,0.0004967709885741,-2.258113929079176e-10,-0.000337,3.445776074592985,20.13,409690.0,8247059.699999999,0.004999999999999,20.15,20.14
2013-12-30,KIM,77129,KIMCO REALTY CORP,,,0.001242,0.1372812920592194,0.0005017561465128,3.881539295975653e-11,-0.000179,3.918816666259855,19.93,409690.0,8165121.7,0.0050000000000007,19.94,19.93
2013-12-31,KIM,77129,KIMCO REALTY CORP,,,-0.009032,0.6620990345686701,0.0005063291139241,-1.7137584998920835e-10,0.00396,6.51346139764212,19.75,409690.0,8091377.5,0.0050000000000007,19.76,19.75
2014-01-02,KIM,77129,KIMCO REALTY CORP,,,0.001013,-0.0154393854225219,0.0005058168942843,1.9502626799755056e-11,-0.008862,6.412897556689204,19.77,409690.0,8099571.3,0.0050000000000007,19.78,19.77
2014-01-03,KIM,77129,KIMCO REALTY CORP,,,0.008599,0.2088455829178244,0.0005015045135407,1.3578203123223575e-10,-0.000333,7.752202885108253,19.94,409690.0,8169218.600000001,0.0050000000000007,19.96,19.95
2014-01-06,KIM,77129,KIMCO REALTY CORP,,,0.000502,0.4233942065491183,0.0005012531328319,5.566152867513974e-12,-0.002512,11.034440674656448,19.95,409690.0,8173315.5,0.004999999999999,19.95,19.94
2014-01-07,KIM,77129,KIMCO REALTY CORP,,,0.003007,0.3578870528900391,0.0004997501249376,2.4480315148195947e-11,0.006082,14.98352412799922,20.01,409690.0,8197896.9,0.0050000000000007,20.01,20.0
2014-01-08,KIM,77129,KIMCO REALTY CORP,,,0.006996,-0.4903398168963607,0.0004962779156328,1.1097488645933484e-10,-0.000212,7.636505650613879,20.15,409690.0,8255253.499999999,0.0050000000000007,20.16,20.15
2014-01-09,KIM,77129,KIMCO REALTY CORP,,,0.005955,-0.0156299942466279,0.0004933399111987,9.539368026719969e-11,0.000348,7.517147111230442,20.27,409690.0,8304416.3,0.004999999999999,20.27,20.26
2014-01-10,KIM,77129,KIMCO REALTY CORP,,,0.014307,0.1316686690262039,0.0004863813229572,1.9966307780180876e-10,0.002307,8.506919866240327,20.56,409690.0,8423226.4,0.0050000000000007,20.57,20.56
2014-01-13,KIM,77129,KIMCO REALTY CORP,,,-0.015564,-0.0264547228279582,0.0004940711462449,-2.2663493428111117e-10,-0.012576,8.28187165905929,20.24,409690.0,8292125.6,0.004999999999999,20.24,20.23
2014-01-14,KIM,77129,KIMCO REALTY CORP,,,0.017293,0.7217506631299735,0.0004856726566295,1.437672204435674e-10,0.010818,14.259318020942665,20.59,409690.0,8435517.1,0.0050000000000007,20.6,20.59
2014-01-15,KIM,77129,KIMCO REALTY CORP,,,0.008256,-0.3948715315222787,0.0004816955684006,1.1249691982452442e-10,0.005166,8.628719275549805,20.76,409690.0,8505164.4,0.004999999999999,20.77,20.76
2014-01-16,KIM,77129,KIMCO REALTY CORP,,,0.006262,-0.2085372408135555,0.0004786979415987,1.0713772866406968e-10,-0.001347,6.829309966071908,20.89,409690.0,8558424.1,0.004999999999999,20.9,20.89
2014-01-17,KIM,77129,KIMCO REALTY CORP,,,-0.006223,0.2389649379892062,0.0004816955684008,-8.647314357876809e-11,-0.003895,8.461275598623349,20.76,409690.0,8505164.4,0.0050000000000007,20.75,20.74
2014-01-21,KIM,77129,KIMCO REALTY CORP,,,0.009634,-0.0213183326121447,0.0004770992366412,1.3548234527505532e-10,0.002774,8.280895311088871,20.96,409690.0,8587102.4,0.0050000000000007,20.96,20.95
2014-01-22,KIM,77129,KIMCO REALTY CORP,,,0.005725,-0.3387962035017391,0.0004743833017076,1.210700963925214e-10,0.000575,5.47535941809661,21.08,409690.0,8636265.2,0.004999999999999,21.08,21.07
2014-01-23,KIM,77129,KIMCO REALTY CORP,,,-0.009488,0.6176890156918688,0.0004789272030652,-1.2522214789136883e-10,-0.00889,8.857428787619908,20.88,409690.0,8554327.2,0.0050000000000007,20.89,20.88
2014-01-24,KIM,77129,KIMCO REALTY CORP,,,-0.0091,-0.0758101851851852,0.0004833252779119,-1.3114649578076503e-10,-0.020875,8.185945470965851,20.69,409690.0,8476486.1,0.004999999999999,20.7,20.69
2014-01-27,KIM,77129,KIMCO REALTY CORP,,,-0.011117,-0.2632018367772907,0.0004887585532747,-2.1989189950443717e-10,-0.004876,6.031389587248896,20.46,409690.0,8382257.4,0.0050000000000007,20.46,20.45
2014-01-28,KIM,77129,KIMCO REALTY CORP,,,0.01173,-0.0951436665317685,0.0004830917874395,2.5344007633018767e-10,0.006141,5.457541067636505,20.7,409690.0,8480583.0,0.004999999999999,20.7,20.69
2014-01-29,KIM,77129,KIMCO REALTY CORP,,,-0.006763,0.0563978711033588,0.0004863813229571,-1.3926320436746538e-10,-0.010209,5.765334765310357,20.56,409690.0,8423226.4,0.004999999999999,20.56,20.55
2014-01-30,KIM,77129,KIMCO REALTY CORP,,,0.013619,0.1406011854360711,0.0004798464491363,2.4256815971147867e-10,0.011267,6.575947667748785,20.84,409690.0,8537939.6,0.0050000000000007,20.84,20.83
2014-01-31,KIM,77129,KIMCO REALTY CORP,,,0.003359,0.1749007089566088,0.0004782400765183,5.075058973953012e-11,-0.006465,7.726085576899607,20.91,409690.0,8566617.9,0.004999999999999,20.9,20.89
2014-02-03,KIM,77129,KIMCO REALTY CORP,,,-0.021521,1.292010235996588,0.0004887585532745,-1.4498577271946458e-10,-0.022832,17.708267226439503,20.46,409690.0,8382257.4,0.004999999999999,20.47,20.46
2014-02-04,KIM,77129,KIMCO REALTY CORP,,,0.0,-0.2538008794056431,0.0004887585532747,0.0,0.007641,13.213893431619027,20.46,409690.0,8382257.4,0.0050000000000007,20.46,20.45
2014-02-05,KIM,77129,KIMCO REALTY CORP,,,0.002933,-0.2403576178513373,0.0004873294346977,3.4756765683513536e-11,-0.002028,10.037833483853646,20.52,409690.0,8406838.8,0.004999999999999,20.52,20.51
2014-02-06,KIM,77129,KIMCO REALTY CORP,,,0.011696,0.2419998054663943,0.0004816955684008,1.1030447505707991e-10,0.01244,12.466987234250286,20.76,409690.0,8505164.4,0.0050000000000007,20.76,20.75
2014-02-07,KIM,77129,KIMCO REALTY CORP,,,0.008189,-0.3380256872112146,0.0004777830864788,1.1571872157506109e-10,0.013302,8.252825306939393,20.93,409690.0,8574811.7,0.0050000000000007,20.92,20.91
2014-02-10,KIM,77129,KIMCO REALTY CORP,,,0.009556,0.1491230664576617,0.0004732607666825,1.1639976028665524e-10,0.001569,9.483511923649589,21.13,409690.0,8656749.7,0.0050000000000007,21.12,21.11
2014-02-11,KIM,77129,KIMCO REALTY CORP,,,0.007099,0.1587779579440456,0.0004699248120299,7.409702457912805e-11,0.011062,10.989284581024677,21.28,409690.0,8718203.200000001,0.004999999999999,21.29,21.28
2014-02-12,KIM,77129,KIMCO REALTY CORP,,,0.00094,-0.4030473990493536,0.0004694835680751,1.6420395668648988e-11,-0.000269,6.560082013229515,21.3,409690.0,8726397.0,0.0050000000000007,21.3,21.29
2014-02-13,KIM,77129,KIMCO REALTY CORP,,,0.00892,0.0708810834945676,0.0004653327128896,1.442190264054852e-10,0.00581,7.025067734140448,21.49,409690.0,8804238.1,0.004999999999999,21.49,21.48
2014-02-14,KIM,77129,KIMCO REALTY CORP,,,0.008841,-0.4311872415829888,0.000461254612546,2.4909608634294146e-10,0.004809,3.995948155922771,21.68,409690.0,8882079.2,0.004999999999999,21.68,21.67
2014-02-18,KIM,77129,KIMCO REALTY CORP,,,0.002768,0.083745647791827,0.0004599816007358,7.176355939787885e-11,0.001158,4.33059142278308,21.74,409690.0,8906660.6,0.004999999999999,21.74,21.73
2014-02-19,KIM,77129,KIMCO REALTY CORP,,,0.00276,0.3639386765866306,0.0004587155963303,5.2318486130483055e-11,-0.006524,5.906661134028168,21.8,409690.0,8931242.0,0.0050000000000007,21.82,21.81
2014-02-20,KIM,77129,KIMCO REALTY CORP,,,-0.004587,-0.1994297285011776,0.0004608294930876,-1.0911190237921988e-10,0.006031,4.728697307720472,21.7,409690.0,8890273.0,0.0050000000000007,21.71,21.7
2014-02-21,KIM,77129,KIMCO REALTY CORP,,,0.004147,-0.1123212718732256,0.0004589261128957,1.1066852300860503e-10,-0.001919,4.19756401181381,21.79,409690.0,8927145.1,0.004999999999999,21.79,21.78
2014-02-24,KIM,77129,KIMCO REALTY CORP,,,-0.002754,0.5987090771646217,0.000460193281178,-4.6097999358544826e-11,0.006187,6.710683687666284,21.73,409690.0,8902563.7,0.004999999999999,21.74,21.73
2014-02-25,KIM,77129,KIMCO REALTY CORP,,,0.008744,-0.2691957952933473,0.0004562043795621,1.9853927408374035e-10,-0.001348,4.9041958554028655,21.92,409690.0,8980404.8,0.0050000000000007,21.92,21.91
2014-02-26,KIM,77129,KIMCO REALTY CORP,,,0.003193,0.055046784789966,0.0004547521600726,6.849814355657722e-11,2.2e-05,5.174156069223071,21.99,409690.0,9009083.1,0.004999999999999,21.99,21.98
2014-02-27,KIM,77129,KIMCO REALTY CORP,,,0.000455,0.4004623077648834,0.0004545454545455,6.966624509656814e-12,0.004948,7.24621054943982,22.0,409690.0,9013180.0,0.0050000000000007,22.01,22.0
2014-02-28,KIM,77129,KIMCO REALTY CORP,,,0.011818,0.7212921480782835,0.0004492362982928,1.0389578421184963e-10,0.002783,12.47031893267736,22.26,409773.0,9121546.98,0.004999999999999,22.27,22.26
2014-03-03,KIM,77129,KIMCO REALTY CORP,,,-0.000449,-0.4072722113502935,0.0004494382022472,-6.662544717926201e-12,-0.007379,7.391504564722419,22.25,409773.0,9117449.25,0.0050000000000007,22.26,22.25
2014-03-04,KIM,77129,KIMCO REALTY CORP,,,0.016629,0.2978197256440504,0.0004420866489832,1.8701781267031198e-10,0.015268,9.592840426284797,22.62,409773.0,9269065.26,0.0050000000000007,22.62,22.61
2014-03-05,KIM,77129,KIMCO REALTY CORP,,,0.000442,-0.1672815830116714,0.0004418912947414,5.966903111754364e-12,-5.3e-05,7.988134894197519,22.63,409773.0,9273162.99,0.004999999999999,22.65,22.64
2014-03-06,KIM,77129,KIMCO REALTY CORP,,,-0.011047,-0.1531991047626845,0.0004468275245754,-1.780796256072006e-10,0.001718,6.764359779682898,22.38,409773.0,9170719.74,0.004999999999999,22.38,22.37
2014-03-07,KIM,77129,KIMCO REALTY CORP,,,-0.014745,0.0365423550752348,0.000453514739229,-2.3274432067513448e-10,0.000538,7.0115454166087074,22.05,409773.0,9035494.65,0.0050000000000007,22.05,22.04
2014-03-10,KIM,77129,KIMCO REALTY CORP,,,-0.007256,0.2246098522105764,0.0004568296025583,-9.420992816105804e-11,-0.000463,8.586407596400933,21.89,409773.0,8969930.97,0.0050000000000007,21.89,21.88
2014-03-11,KIM,77129,KIMCO REALTY CORP,,,0.000914,-0.3109028960817717,0.0004564125969877,1.7205549746150627e-11,-0.005082,5.91686860774136,21.91,409773.0,8978126.43,0.0050000000000007,21.92,21.91
2014-03-12,KIM,77129,KIMCO REALTY CORP,,,0.004108,0.7601598302051535,0.0004545454545455,4.375426412357397e-11,0.000305,10.414634443948234,22.0,409773.0,9015006.0,0.0050000000000007,22.0,21.99
2014-03-13,KIM,77129,KIMCO REALTY CORP,,,-0.001818,-0.1142477943292258,0.0004553734061931,-2.190089840867985e-11,-0.011701,9.224785429981964,21.96,409773.0,8998615.08,0.0050000000000007,21.96,21.95
2014-03-14,KIM,77129,KIMCO REALTY CORP,,,-0.003643,0.1095104638329258,0.0004570383912249,-3.9699116224442524e-11,-0.002822,10.234995961178504,21.88,409773.0,8965833.24,0.0050000000000007,21.89,21.88
2014-03-17,KIM,77129,KIMCO REALTY CORP,,,-0.000457,-0.2200582972204505,0.0004572473708276,-6.388137564583765e-12,0.009614,7.982700177903376,21.87,409773.0,8961735.51,0.0050000000000007,21.87,21.86
2014-03-18,KIM,77129,KIMCO REALTY CORP,,,0.004115,0.0499912108942113,0.0004553734061931,5.4558030317887096e-11,0.00722,8.381765026002201,21.96,409773.0,8998615.08,0.0050000000000007,21.96,21.95
2014-03-19,KIM,77129,KIMCO REALTY CORP,,,-0.020947,-0.1249214978887044,0.0004651162790698,-3.241585918403447e-10,-0.006132,7.33470238400285,21.5,409773.0,8810119.5,0.0050000000000007,21.51,21.5
2014-03-20,KIM,77129,KIMCO REALTY CORP,,,0.004651,-0.2831472838865796,0.0004629629629628,9.993941836195376e-11,0.006041,5.257901325856023,21.6,409773.0,8851096.8,0.004999999999999,21.61,21.6
2014-03-21,KIM,77129,KIMCO REALTY CORP,,,0.011574,0.6036524632103468,0.0004576659038902,1.533084208562341e-10,-0.002933,8.43184641252596,21.85,409773.0,8953540.05,0.0050000000000007,21.85,21.84
2014-03-24,KIM,77129,KIMCO REALTY CORP,,,-0.005492,-0.4330608024038368,0.0004601932811781,-1.2902334322839946e-10,-0.004865,4.780344239371554,21.73,409773.0,8904367.290000001,0.0050000000000007,21.73,21.72
2014-03-25,KIM,77129,KIMCO REALTY CORP,,,0.006443,0.1562559983990656,0.0004572473708275,1.3007170657763148e-10,0.004404,5.527301701185778,21.87,409773.0,8961735.51,0.004999999999999,21.88,21.87
2014-03-26,KIM,77129,KIMCO REALTY CORP,,,-0.009145,-0.2576802289156573,0.0004614674665436,-2.510020455217513e-10,-0.007,4.103025333538325,21.67,409773.0,8879780.91,0.0050000000000007,21.67,21.66
2014-03-27,KIM,77129,KIMCO REALTY CORP,,,0.004153,0.5188784453066033,0.0004595588235294,7.473645317224105e-11,-0.0019,6.231996739658299,21.76,409773.0,8916660.48,0.0050000000000007,21.76,21.75
2014-03-28,KIM,77129,KIMCO REALTY CORP,,,0.003676,-0.1739496825003994,0.0004578754578755,7.978951210673788e-11,0.00464,5.147942885451213,21.84,409773.0,8949442.32,0.0050000000000007,21.84,21.83
2014-03-31,KIM,77129,KIMCO REALTY CORP,,,0.001831,0.5851334541841433,0.0004570383912247,2.50263858201914e-11,0.007924,8.14584378821615,21.88,410494.0,8981608.719999999,0.004999999999999,21.88,21.87
2014-04-01,KIM,77129,KIMCO REALTY CORP,,,0.005713,-0.0112000645967785,0.0004591368227732,7.933321019230502e-11,0.007039,8.054609811592861,21.78,410494.0,8940559.32,0.0050000000000007,21.78,21.77
2014-04-02,KIM,77129,KIMCO REALTY CORP,,,0.001837,-0.3631594053779237,0.0004582951420714,3.998272137010465e-11,0.002853,5.129502501863608,21.82,410494.0,8956979.08,0.004999999999999,21.83,21.82
2014-04-03,KIM,77129,KIMCO REALTY CORP,,,0.001375,-0.1836647464179366,0.0004576659038902,3.661007724992555e-11,-0.001126,4.187393725608657,21.85,410494.0,8969293.9,0.0050000000000007,21.85,21.84
2014-04-04,KIM,77129,KIMCO REALTY CORP,,,0.001373,0.1096503577869567,0.0004570383912249,3.2899284313425905e-11,-0.012537,4.646542945816504,21.88,410494.0,8981608.719999999,0.0050000000000007,21.89,21.88
2014-04-07,KIM,77129,KIMCO REALTY CORP,,,0.003656,0.3762667913753854,0.0004553734061931,6.342119947086542e-11,-0.01075,6.394882751026811,21.96,410494.0,9014448.24,0.0050000000000007,21.96,21.95
2014-04-08,KIM,77129,KIMCO REALTY CORP,,,0.006375,-0.2928625277660214,0.0004524886877827,1.5539772763767644e-10,0.003751,4.52206122379377,22.1,410494.0,9071917.4,0.004999999999999,22.11,22.1
2014-04-09,KIM,77129,KIMCO REALTY CORP,,,0.003167,0.098666741368081,0.0004510599909788,7.004435506699218e-11,0.010918,4.968238269012458,22.17,410494.0,9100651.98,0.0050000000000007,22.17,22.16
2014-04-10,KIM,77129,KIMCO REALTY CORP,,,-0.010825,0.5766581087283127,0.0004559963520292,-1.5351206553520242e-10,-0.020885,7.833213152932807,21.93,410494.0,9002133.42,0.0050000000000007,21.94,21.93
2014-04-11,KIM,77129,KIMCO REALTY CORP,,,-0.008208,-0.0953354810639881,0.0004597701149426,-1.2973100151183318e-10,-0.009487,7.0864300087212,21.75,410494.0,8928244.5,0.0050000000000007,21.76,21.75
2014-04-14,KIM,77129,KIMCO REALTY CORP,,,0.004598,-0.1030345449213923,0.0004576659038902,8.065057956439622e-11,0.008217,6.356282917655313,21.85,410494.0,8969293.9,0.0050000000000007,21.85,21.84
2014-04-15,KIM,77129,KIMCO REALTY CORP,,,0.01373,0.1458817514533101,0.0004514672686229,2.073227546034581e-10,0.006757,7.283548602415626,22.15,410494.0,9092442.1,0.004999999999999,22.15,22.14
2014-04-16,KIM,77129,KIMCO REALTY CORP,,,0.019865,-0.1796870949842685,0.0004426737494465,3.5854441209720465e-10,0.010488,5.974788912870833,22.59,410494.0,9273059.46,0.004999999999999,22.58,22.57
2014-04-17,KIM,77129,KIMCO REALTY CORP,,,-0.006197,-0.0446458168118518,0.000445434298441,-1.1780707175567718e-10,0.001364,5.708039581577319,22.45,410494.0,9215590.3,0.0050000000000007,22.46,22.45
2014-04-21,KIM,77129,KIMCO REALTY CORP,,,0.003563,-0.3132474021772716,0.0004438526409232,9.827895502068553e-11,0.003775,3.920011011123184,22.53,410494.0,9248429.82,0.0050000000000007,22.53,22.52
2014-04-22,KIM,77129,KIMCO REALTY CORP,,,0.005326,0.2630714151214841,0.0004415011037528,1.1569402982529527e-10,0.004092,4.951253855111159,22.65,410494.0,9297689.1,0.0050000000000007,22.66,22.65
2014-04-23,KIM,77129,KIMCO REALTY CORP,,,-0.007506,0.1823110909931806,0.0004448398576513,-1.3894997800791715e-10,-0.002213,5.853922347220665,22.48,410494.0,9227905.12,0.0050000000000007,22.48,22.47
2014-04-24,KIM,77129,KIMCO REALTY CORP,,,0.009342,-0.4330391177694548,0.000440722785368,3.022028117080937e-10,0.001717,3.3189449784893323,22.69,410494.0,9314108.86,0.0050000000000007,22.69,22.68
2014-04-25,KIM,77129,KIMCO REALTY CORP,,,-0.006611,-0.1716557533835336,0.0004436557231588,-2.598935605234911e-10,-0.008096,2.74922897776825,22.54,410494.0,9252534.76,0.0050000000000007,22.55,22.54
2014-04-28,KIM,77129,KIMCO REALTY CORP,,,0.011979,1.6044232292639529,0.0004384042086803,1.7867590599562778e-10,0.003236,7.160155812265222,22.81,410494.0,9363368.14,0.004999999999999,22.81,22.8
2014-04-29,KIM,77129,KIMCO REALTY CORP,,,0.001754,-0.2094936685173963,0.000437636761488,3.3037619359854326e-11,0.004761,5.660148503997623,22.85,410494.0,9379787.9,0.0050000000000007,22.85,22.84
2014-04-30,KIM,77129,KIMCO REALTY CORP,,,0.003063,0.2491403972614945,0.0004363001745201,4.6045425478167625e-11,0.002992,7.070320150842643,22.92,410494.0,9408522.48,0.0050000000000007,22.91,22.9
2014-05-01,KIM,77129,KIMCO REALTY CORP,,,0.003927,-0.1952724781933374,0.0004345936549327,7.307175446443577e-11,-0.000143,5.689681213367309,23.01,410494.0,9445466.94,0.0050000000000007,23.01,23.0
2014-05-02,KIM,77129,KIMCO REALTY CORP,,,-0.001738,-0.1508203529744217,0.0004353504571178,-3.814999213296896e-11,-0.001348,4.831561484455315,22.97,410494.0,9429047.18,0.004999999999999,22.97,22.96
2014-05-05,KIM,77129,KIMCO REALTY CORP,,,-0.001741,0.2532053463700137,0.0004361098996946,-3.0547674421267565e-11,0.001871,6.05493868363484,22.93,410494.0,9412627.42,0.004999999999999,22.93,22.92
2014-05-06,KIM,77129,KIMCO REALTY CORP,,,-0.003053,-0.2850301506809853,0.0004374453193349,-7.515299405538046e-11,-0.008988,4.329098598274275,22.86,410494.0,9383892.84,0.004999999999999,22.86,22.85
2014-05-07,KIM,77129,KIMCO REALTY CORP,,,0.014873,0.8773896792977651,0.0004310344827585,1.9215508251834064e-10,0.005616,8.127405029062544,23.2,410494.0,9523460.8,0.004999999999999,23.2,23.19
2014-05-08,KIM,77129,KIMCO REALTY CORP,,,-0.0125,0.1512596024699579,0.0004364906154518,-1.420538279567709e-10,-0.001374,9.356753082870885,22.91,410494.0,9404417.54,0.0050000000000007,22.92,22.91
2014-05-09,KIM,77129,KIMCO REALTY CORP,,,-0.007857,-0.0818864685303488,0.0004399472063353,-9.802321592026196e-11,0.001519,8.590561616004132,22.73,410494.0,9330528.62,0.0050000000000007,22.73,22.72
2014-05-12,KIM,77129,KIMCO REALTY CORP,,,0.00044,0.4166444058401066,0.0004397537379066,3.873227390064248e-12,0.009673,12.169771056336998,22.74,410494.0,9334633.56,0.004999999999999,22.74,22.73
2014-05-13,KIM,77129,KIMCO REALTY CORP,,,-0.00044,-0.4806762646783641,0.0004399472063353,-7.461494905935935e-12,0.000422,6.320050962986061,22.73,410494.0,9330528.62,0.0050000000000007,22.73,22.72
2014-05-14,KIM,77129,KIMCO REALTY CORP,,,0.0022,-0.3249801587531024,0.0004389815627744,5.514739832470035e-11,-0.004701,4.266159797707153,22.78,410494.0,9351053.32,0.0050000000000007,22.78,22.77
2014-05-15,KIM,77129,KIMCO REALTY CORP,,,-0.001756,0.4831150395178711,0.0004397537379068,-2.973139452674691e-11,-0.009362,6.327205756965997,22.74,410494.0,9334633.56,0.0050000000000007,22.75,22.74
2014-05-16,KIM,77129,KIMCO REALTY CORP,,,0.008355,-0.1546179079652559,0.0004361098996946,1.6594745041656127e-10,0.003747,5.348906439558191,22.93,410494.0,9412627.42,0.004999999999999,22.93,22.92
2014-05-19,KIM,77129,KIMCO REALTY CORP,,,-0.004797,0.2648889143933535,0.0004382120946538,-7.568849624058173e-11,0.003845,6.765772459524378,22.82,410494.0,9367473.08,0.0050000000000007,22.82,22.81
2014-05-20,KIM,77129,KIMCO REALTY CORP,,,-0.011394,0.4765926297722003,0.0004432624113475,-1.2315504916401443e-10,-0.006498,9.99028974844943,22.56,410494.0,9260744.64,0.0050000000000007,22.57,22.56
2014-05-21,KIM,77129,KIMCO REALTY CORP,,,0.000887,-0.4901330275833379,0.0004428697962799,1.8787020260268734e-11,0.008116,5.093718787607127,22.58,410494.0,9268954.52,0.0050000000000007,22.59,22.58
2014-05-22,KIM,77129,KIMCO REALTY CORP,,,-0.002214,0.0379197691374362,0.0004438526409231,-4.528046335220819e-11,0.002362,5.28687142808421,22.53,410494.0,9248429.82,0.004999999999999,22.54,22.53
2014-05-23,KIM,77129,KIMCO REALTY CORP,,,0.007989,-0.259495656909939,0.0004403346543373,2.1889816170984226e-10,0.004248,3.914951253855111,22.71,410494.0,9322318.74,0.0050000000000007,22.71,22.7
2014-05-27,KIM,77129,KIMCO REALTY CORP,,,0.008807,0.353756913228098,0.0004364906154518,1.7669694757722415e-10,0.005988,5.299892324857367,22.91,410494.0,9404417.54,0.0050000000000007,22.91,22.9
2014-05-28,KIM,77129,KIMCO REALTY CORP,,,-0.006984,0.1747111337054037,0.0004395604395605,-1.2012070841239383e-10,-0.001114,6.225842521449765,22.75,410494.0,9338738.5,0.0050000000000007,22.75,22.74
2014-05-29,KIM,77129,KIMCO REALTY CORP,,,0.001758,-0.4102719011954199,0.0004387889425185,5.118206211240839e-11,0.005367,3.6715542736312834,22.79,410494.0,9355158.26,0.004999999999999,22.79,22.78
2014-05-30,KIM,77129,KIMCO REALTY CORP,,,0.005704,1.1747867333797344,0.0004363001745199,7.592616466088374e-11,0.001844,7.982902818842945,22.92,410594.0,9410814.48,0.004999999999999,22.93,22.92
2014-06-02,KIM,77129,KIMCO REALTY CORP,,,0.004799,-0.4696973395018262,0.0,1.1988354174512918e-10,0.000728,4.233354603330784,23.03,410594.0,9455979.82,0.0,23.04,23.04
2014-06-03,KIM,77129,KIMCO REALTY CORP,,,0.0,-0.0342655290848525,0.0004342162396874,0.0,-0.000379,4.0882964680438585,23.03,410594.0,9455979.82,0.0050000000000007,23.03,23.02
2014-06-04,KIM,77129,KIMCO REALTY CORP,,,0.003474,-0.0723881975182142,0.0004327131112073,9.654029519516226e-11,0.001892,3.792352055802082,23.11,410594.0,9488827.34,0.0050000000000007,23.12,23.11
2014-06-05,KIM,77129,KIMCO REALTY CORP,,,0.018607,0.6327861040628289,0.0004248088360237,3.108990230205974e-10,0.006525,6.192099738427741,23.54,410594.0,9665382.76,0.004999999999999,23.54,23.53
2014-06-06,KIM,77129,KIMCO REALTY CORP,,,-0.005947,-0.2242606410615948,0.0004273504273503,-1.2885928353891666e-10,0.004628,4.8034554815706025,23.4,410594.0,9607899.6,0.004999999999999,23.4,23.39
2014-06-09,KIM,77129,KIMCO REALTY CORP,,,-0.017949,0.5287744578582041,0.0004351610095734,-2.5904812092095767e-10,0.000939,7.343400049684116,22.98,410594.0,9435450.12,0.004999999999999,22.99,22.98
2014-06-10,KIM,77129,KIMCO REALTY CORP,,,-0.009138,0.0108561547064232,0.0004391743522178,-1.316706491137484e-10,-0.000246,7.423121136694642,22.77,410594.0,9349225.38,0.0050000000000007,22.78,22.77
2014-06-11,KIM,77129,KIMCO REALTY CORP,,,-0.006588,-0.4214999299515173,0.0004420866489832,-1.6518036730300782e-10,-0.003537,4.294276097556224,22.62,410594.0,9287636.28,0.0050000000000007,22.62,22.61
2014-06-12,KIM,77129,KIMCO REALTY CORP,,,-0.005747,0.987630472707639,0.000444642063139,-7.291443802857923e-11,-0.007089,8.535434029722792,22.49,410594.0,9234259.06,0.004999999999999,22.49,22.48
2014-06-13,KIM,77129,KIMCO REALTY CORP,,,0.008893,-0.4141122605217489,0.000440722785368,1.9088033027196958e-10,0.003135,5.000806149140026,22.69,410594.0,9316377.86,0.0050000000000007,22.69,22.68
2014-06-16,KIM,77129,KIMCO REALTY CORP,,,-0.004848,-0.1591564023004907,0.0004428697962798,-1.2435717083732307e-10,0.000837,4.2048958338407285,22.58,410594.0,9271212.52,0.004999999999999,22.58,22.57
2014-06-17,KIM,77129,KIMCO REALTY CORP,,,0.007529,0.214362541666546,0.0004395604395605,1.5784822159705719e-10,0.002173,5.106267992225897,22.75,410594.0,9341013.5,0.0050000000000007,22.75,22.74
2014-06-18,KIM,77129,KIMCO REALTY CORP,,,0.011868,0.0781583351736117,0.0004344048653344,2.2807278759681607e-10,0.007719,5.505365397448575,23.02,410594.0,9451873.88,0.004999999999999,23.02,23.01
2014-06-19,KIM,77129,KIMCO REALTY CORP,,,0.01086,-0.0361999938065977,0.0004297378599053,2.1421395992149558e-10,0.001277,5.306071204157878,23.27,410594.0,9554522.38,0.004999999999999,23.27,23.26
2014-06-20,KIM,77129,KIMCO REALTY CORP,,,0.010314,0.5216536363723991,0.0004253509145045,1.3233448066246023e-10,0.00173,8.074002542657711,23.51,410594.0,9653064.94,0.0050000000000007,23.51,23.5
2014-06-23,KIM,77129,KIMCO REALTY CORP,,,-0.001701,-0.1538476388758594,0.0004260758414997,-2.583694571769665e-11,-0.000132,6.831836315192136,23.47,410594.0,9636641.18,0.004999999999999,23.47,23.46
2014-06-24,KIM,77129,KIMCO REALTY CORP,,,-0.006817,-0.3859230525993445,0.0004290004290004,-1.697767341108566e-10,-0.006435,4.195273189574129,23.31,410594.0,9570946.14,0.0050000000000007,23.32,23.31
2014-06-25,KIM,77129,KIMCO REALTY CORP,,,-0.010296,1.1978683977396356,0.0004334633723451,-1.1788170520254242e-10,0.004897,9.220658363249342,23.07,410594.0,9472403.58,0.0050000000000007,23.07,23.06
2014-06-26,KIM,77129,KIMCO REALTY CORP,,,-0.008236,0.221342506907783,0.0004370629370628,-7.784815344951317e-11,-0.001179,11.261582000711163,22.88,410594.0,9394390.72,0.004999999999999,22.88,22.87
2014-06-27,KIM,77129,KIMCO REALTY CORP,,,0.004808,-0.1479652192568326,0.0004349717268378,5.308308592298428e-11,0.001911,9.595259550797138,22.99,410594.0,9439556.06,0.0050000000000007,23.0,22.99
2014-06-30,KIM,77129,KIMCO REALTY CORP,,,-0.000435,-0.0638075048302483,0.0004351610095734,-5.132213936359173e-12,-0.000372,8.983009980662162,22.98,410594.0,9435450.12,0.004999999999999,22.99,22.98
2014-07-01,KIM,77129,KIMCO REALTY CORP,,,0.008921,-0.3849963534027226,0.0004355400696864,1.7128900389631428e-10,0.006678,5.524583895526968,22.96,410594.0,9427238.24,0.0050000000000007,22.96,22.95
2014-07-02,KIM,77129,KIMCO REALTY CORP,,,0.006533,0.1188430765649735,0.0004327131112071,1.1138619335039803e-10,0.000659,6.1811424424127,23.11,410594.0,9488827.34,0.004999999999999,23.13,23.12
2014-07-03,KIM,77129,KIMCO REALTY CORP,,,-0.010385,-0.4159905277508531,0.0004372540445999,-3.063649617131843e-10,0.00548,3.609845735690244,22.87,410594.0,9390284.78,0.0050000000000007,22.87,22.86
2014-07-07,KIM,77129,KIMCO REALTY CORP,,,0.006996,0.0123729827868526,0.0004342162396872,2.024482721225176e-10,-0.003924,3.654510294841133,23.03,410594.0,9455979.82,0.004999999999999,23.02,23.01
2014-07-08,KIM,77129,KIMCO REALTY CORP,,,0.005211,-0.1667901794044731,0.0004319654427644,1.800420334402631e-10,-0.007049,3.044973867129086,23.15,410594.0,9505251.1,0.004999999999999,23.15,23.14
2014-07-09,KIM,77129,KIMCO REALTY CORP,,,-0.000432,0.3118621265540917,0.0004321521175452,-1.1382457293898947e-11,0.004644,3.9945858926335993,23.14,410594.0,9501145.16,0.004999999999999,23.13,23.12
2014-07-10,KIM,77129,KIMCO REALTY CORP,,,0.001296,0.3481602021274845,0.0004315925766075,2.529607280443039e-11,-0.004131,5.3853417244285104,23.17,410594.0,9513462.98,0.004999999999999,23.18,23.17
2014-07-11,KIM,77129,KIMCO REALTY CORP,,,0.001295,-0.3146393184843087,0.0004310344827585,3.683296942928386e-11,0.001471,3.690901474449213,23.2,410594.0,9525780.8,0.004999999999999,23.2,23.19
2014-07-14,KIM,77129,KIMCO REALTY CORP,,,0.00431,0.274930021340027,0.0004291845493562,9.573923443851595e-11,0.004844,4.705641095583472,23.3,410594.0,9566840.2,0.0050000000000007,23.3,23.29
2014-07-15,KIM,77129,KIMCO REALTY CORP,,,-0.003004,-0.1068014831469048,0.0004304778303916,-7.493269051341969e-11,-0.001932,4.203071647418131,23.23,410594.0,9538098.62,0.004999999999999,23.24,23.23
2014-07-16,KIM,77129,KIMCO REALTY CORP,,,0.005166,-0.2251193100299231,0.0004282655246253,1.6544486281331027e-10,0.004201,3.256879058145029,23.35,410594.0,9587369.9,0.0050000000000007,23.35,23.34
2014-07-17,KIM,77129,KIMCO REALTY CORP,,,-0.002998,0.0936268699687046,0.0004295532646048,-8.8057276672918e-11,-0.011834,3.5618104502257704,23.28,410594.0,9558628.32,0.0050000000000007,23.28,23.27
2014-07-18,KIM,77129,KIMCO REALTY CORP,,,0.00988,-0.028749543576636,0.0004253509145045,2.958623326669162e-10,0.010265,3.459410025475287,23.51,410594.0,9653064.94,0.0050000000000007,23.51,23.5
2014-07-21,KIM,77129,KIMCO REALTY CORP,,,-0.00553,0.0068015429315275,0.0004277159965783,-1.6539489991971356e-10,-0.00232,3.4829393512813143,23.38,410594.0,9599687.72,0.0050000000000007,23.39,23.38
2014-07-22,KIM,77129,KIMCO REALTY CORP,,,0.005988,-0.1801962695636729,0.0004251700680271,2.1715812000775679e-10,0.005016,2.855326673063902,23.52,410594.0,9657170.88,0.004999999999999,23.52,23.51
2014-07-23,KIM,77129,KIMCO REALTY CORP,,,0.002551,-0.2434620174346201,0.0004240882103478,1.219740712100024e-10,0.001754,2.1601630808048826,23.58,410594.0,9681806.52,0.0050000000000007,23.59,23.58
2014-07-24,KIM,77129,KIMCO REALTY CORP,,,-0.002969,0.5575094424713907,0.0004253509145043,-9.141716356593188e-11,0.000488,3.3644743956316945,23.51,410594.0,9653064.94,0.004999999999999,23.52,23.51
2014-07-25,KIM,77129,KIMCO REALTY CORP,,,-0.007656,-0.1398620128518719,0.0004286326618087,-2.7617809609883005e-10,-0.004849,2.8939122344700605,23.33,410594.0,9579158.02,0.004999999999999,23.33,23.32
2014-07-28,KIM,77129,KIMCO REALTY CORP,,,0.005572,0.6120871250598583,0.0004262574595056,1.2399284811922389e-10,0.000288,4.665238654242391,23.46,410594.0,9632535.24,0.0050000000000007,23.46,23.45
2014-07-29,KIM,77129,KIMCO REALTY CORP,,,-0.005968,0.1151416404640204,0.0004288164665523,-1.1980743524381024e-10,-0.004528,5.202401886048018,23.32,410594.0,9575052.08,0.0050000000000007,23.34,23.33
2014-07-30,KIM,77129,KIMCO REALTY CORP,,,-0.018439,0.5718174689559121,0.0004368719965049,-2.39923596689108e-10,6.1e-05,8.17722616501946,22.89,410594.0,9398496.66,0.004999999999999,22.9,22.89
2014-07-31,KIM,77129,KIMCO REALTY CORP,,,-0.02228,0.2943818651862089,0.0004468275245755,-2.2907309114431075e-10,-0.019999,10.573508767234603,22.38,411019.0,9198605.22,0.0050000000000007,22.39,22.38
2014-08-01,KIM,77129,KIMCO REALTY CORP,,,-0.00134,-0.1680627292815111,0.0004474272930647,-1.658271595556983e-11,-0.002859,8.796496025731171,22.35,411019.0,9186274.65,0.004999999999999,22.36,22.35
2014-08-04,KIM,77129,KIMCO REALTY CORP,,,0.000895,-0.5041068701741129,0.0004470272686632,2.231502360422734e-11,0.007189,4.362121945700807,22.37,411019.0,9194495.03,0.004999999999999,22.38,22.37
2014-08-05,KIM,77129,KIMCO REALTY CORP,,,-0.009388,0.3008062289623323,0.0004512635379062,-1.8164816555204838e-10,-0.009685,5.674275398460899,22.16,411019.0,9108181.04,0.0050000000000007,22.17,22.16
2014-08-06,KIM,77129,KIMCO REALTY CORP,,,0.003159,0.0255505984602752,0.0004498425551057,5.941290151156324e-11,1.6e-05,5.819256530719991,22.23,411019.0,9136952.37,0.0050000000000007,22.23,22.22
2014-08-07,KIM,77129,KIMCO REALTY CORP,,,-0.004498,0.8301832282880228,0.0004518752824219,-4.643164443851889e-11,-0.005557,10.650305703629272,22.13,411019.0,9095850.47,0.004999999999999,22.13,22.12
2014-08-08,KIM,77129,KIMCO REALTY CORP,,,0.00723,-0.2885106447136912,0.000448631673396,1.0414438262267279e-10,0.011531,7.577579138677287,22.29,411019.0,9161613.51,0.004999999999999,22.29,22.28
2014-08-11,KIM,77129,KIMCO REALTY CORP,,,0.017497,-0.2455299019530722,0.0004409171075836,3.2831152660665766e-10,0.002759,5.717056875716208,22.68,411019.0,9321910.92,0.004999999999999,22.68,22.67
2014-08-12,KIM,77129,KIMCO REALTY CORP,,,-0.001323,-0.2077917490666302,0.0004415011037528,-3.137746584102142e-11,-0.001637,4.5290996279977325,22.65,411019.0,9309580.35,0.0050000000000007,22.66,22.65
2014-08-13,KIM,77129,KIMCO REALTY CORP,,,0.012804,-0.0562258466887199,0.0004359197907585,3.1769501490266764e-10,0.006707,4.274447166675993,22.94,411019.0,9428775.86,0.0050000000000007,22.94,22.93
2014-08-14,KIM,77129,KIMCO REALTY CORP,,,0.001744,0.0403898048755777,0.0004351610095734,4.1520112039203536e-11,0.004346,4.447091253689003,22.98,411019.0,9445216.62,0.004999999999999,22.99,22.98
2014-08-15,KIM,77129,KIMCO REALTY CORP,,,0.00087,3.4953981176679125,0.0004347826086957,4.603470004678396e-12,-6.1e-05,19.991445650930977,23.0,411019.0,9453437.0,0.0050000000000007,23.0,22.99
2014-08-18,KIM,77129,KIMCO REALTY CORP,,,0.004348,-0.6148338344166339,0.0004329004329005,5.94734766062516e-11,0.008532,7.700028465837346,23.1,411019.0,9494538.9,0.0050000000000007,23.1,23.09
2014-08-19,KIM,77129,KIMCO REALTY CORP,,,0.012987,-0.1260233476509846,0.0004273504273503,2.0064988872065636e-10,0.005001,6.729645101564648,23.4,411019.0,9617844.6,0.004999999999999,23.4,23.39
2014-08-20,KIM,77129,KIMCO REALTY CORP,,,0.008547,-0.0837675324618981,0.0004237288135592,1.4290320321868775e-10,0.002478,6.165919337062277,23.6,411019.0,9700048.4,0.004999999999999,23.61,23.6
2014-08-21,KIM,77129,KIMCO REALTY CORP,,,-0.001271,-0.3837040456771271,0.0004242681374627,-3.452525651474443e-11,0.00295,3.800031142112652,23.57,411019.0,9687717.83,0.004999999999999,23.58,23.57
2014-08-22,KIM,77129,KIMCO REALTY CORP,,,-0.011879,0.1102846880532177,0.000429368827823,-2.9412164700427967e-10,-0.001993,4.219116391213058,23.29,411019.0,9572632.51,0.004999999999999,23.29,23.28
2014-08-25,KIM,77129,KIMCO REALTY CORP,,,-0.003006,-0.1605640154151604,0.0004306632213608,-8.89315320022541e-11,0.004788,3.541678121935969,23.22,411019.0,9543861.18,0.004999999999999,23.22,23.21
2014-08-26,KIM,77129,KIMCO REALTY CORP,,,0.002584,0.1208081077312106,0.0004295532646048,6.803106699544249e-11,0.001051,3.969541554040081,23.28,411019.0,9568522.32,0.0050000000000007,23.3,23.29
2014-08-27,KIM,77129,KIMCO REALTY CORP,,,0.0,0.0384828724954138,0.0004295532646048,0.0,5e-05,4.122300915529452,23.28,411019.0,9568522.32,0.0050000000000007,23.28,23.27
2014-08-28,KIM,77129,KIMCO REALTY CORP,,,-0.001718,-0.1331854688304146,0.0004302925989673,-5.033374719822382e-11,-0.00169,3.573270335434615,23.24,411019.0,9552081.56,0.0050000000000007,23.26,23.25
2014-08-29,KIM,77129,KIMCO REALTY CORP,,,0.010757,-0.0167469881158752,0.0004257130693912,3.171137652079906e-10,0.00332,3.513112568603791,23.49,411056.0,9655705.44,0.0050000000000007,23.5,23.49
2014-09-02,KIM,77129,KIMCO REALTY CORP,,,0.001703,0.1368436505859069,0.0004249893752656,4.4085819947453737e-11,-0.000544,3.9938597174107664,23.53,411056.0,9672147.68,0.0050000000000007,23.53,23.52
2014-09-03,KIM,77129,KIMCO REALTY CORP,,,-0.002975,0.8506578546628494,0.0004262574595054,-4.173871066260681e-11,-0.000779,7.391267856447783,23.46,411056.0,9643373.76,0.004999999999999,23.47,23.46
2014-09-04,KIM,77129,KIMCO REALTY CORP,,,-0.002984,-0.3862972623818184,0.0004275331338177,-6.842118686604057e-11,-0.001534,4.536041317971274,23.39,411056.0,9614599.84,0.004999999999999,23.4,23.39
2014-09-05,KIM,77129,KIMCO REALTY CORP,,,0.008978,-0.1054180407569156,0.0004237288135593,2.2807068600004272e-10,0.005036,4.057860729438325,23.6,411056.0,9700921.6,0.0050000000000007,23.6,23.59
2014-09-08,KIM,77129,KIMCO REALTY CORP,,,-0.007627,-0.0009484366981453,0.0004269854824935,-1.9542531591433707e-10,-0.003073,4.054012105406563,23.42,411056.0,9626931.52,0.004999999999999,23.43,23.42
2014-09-09,KIM,77129,KIMCO REALTY CORP,,,-0.006405,-0.1052792023168145,0.0004297378599055,-1.8460743378505609e-10,-0.006545,3.62720894476665,23.27,411056.0,9565273.12,0.0050000000000007,23.28,23.27
2014-09-10,KIM,77129,KIMCO REALTY CORP,,,-0.014611,0.9577762634927492,0.0004361098996947,-2.18292724723412e-10,0.003646,7.101263574792729,22.93,411056.0,9425514.08,0.0050000000000007,22.94,22.93
2014-09-11,KIM,77129,KIMCO REALTY CORP,,,0.002617,-0.3003593332961062,0.0004349717268378,5.573821829678187e-11,0.000882,4.968332781908061,22.99,411056.0,9450177.44,0.0050000000000007,23.0,22.99
2014-09-12,KIM,77129,KIMCO REALTY CORP,,,-0.028273,0.934183795133144,0.0004476275738584,-3.20390267306415e-10,-0.005963,9.609668755595346,22.34,411056.0,9182991.04,0.004999999999999,22.36,22.35
2014-09-15,KIM,77129,KIMCO REALTY CORP,,,0.001343,-0.2924906939347542,0.0004470272686632,2.1481690854892478e-11,-0.00071,6.798930072788136,22.37,411056.0,9195322.72,0.004999999999999,22.38,22.37
2014-09-16,KIM,77129,KIMCO REALTY CORP,,,0.010729,0.0342464650570482,0.0004422821760282,1.641697252991902e-10,0.007484,7.031769393951189,22.61,411056.0,9293976.16,0.004999999999999,22.61,22.6
2014-09-17,KIM,77129,KIMCO REALTY CORP,,,-0.006634,-0.0160179155432836,0.0004452359750668,-1.0385153320191937e-10,0.001296,6.919135105679032,22.46,411056.0,9232317.76,0.0050000000000007,22.46,22.45
2014-09-18,KIM,77129,KIMCO REALTY CORP,,,-0.004898,0.0622065909276297,0.0004474272930649,-7.254031861590309e-11,0.004891,7.34955091277101,22.35,411056.0,9187101.6,0.0050000000000007,22.35,22.34
2014-09-19,KIM,77129,KIMCO REALTY CORP,,,0.003132,1.1799686006017058,0.0004460303300623,2.121163338683045e-11,-0.000477,16.02179021836441,22.42,411056.0,9215875.52,0.004999999999999,22.43,22.42
2014-09-22,KIM,77129,KIMCO REALTY CORP,,,-0.012043,-0.499844287444618,0.000451467268623,-1.650607026461554e-10,-0.008013,8.013389903078899,22.15,411056.0,9104890.4,0.0050000000000007,22.16,22.15
2014-09-23,KIM,77129,KIMCO REALTY CORP,,,-0.008578,-0.1398226203660526,0.0004553734061931,-1.3786322139732703e-10,-0.005776,6.892936728815538,21.96,411056.0,9026789.76,0.0050000000000007,21.96,21.95
2014-09-24,KIM,77129,KIMCO REALTY CORP,,,-0.001366,0.0243754550655523,0.0004559963520292,-2.1460884635034462e-11,0.007832,7.060955198318477,21.93,411056.0,9014458.08,0.0050000000000007,21.94,21.93
2014-09-25,KIM,77129,KIMCO REALTY CORP,,,-0.0114,-0.2653125913022386,0.0004612546125461,-2.465917421855752e-10,-0.016169,5.18759487758359,21.68,411056.0,8911694.08,0.0050000000000007,21.69,21.68
2014-09-26,KIM,77129,KIMCO REALTY CORP,,,0.014299,-0.08030887379056,0.0004547521600728,3.315670735153497e-10,0.008576,4.770984975283173,21.99,411056.0,9039121.44,0.0050000000000007,22.0,21.99
2014-09-29,KIM,77129,KIMCO REALTY CORP,,,-0.001364,-0.186417913644193,0.0004553734061931,-3.892885375245895e-11,-0.002547,3.881587910163092,21.96,411056.0,9026789.76,0.0050000000000007,21.96,21.95
2014-09-30,KIM,77129,KIMCO REALTY CORP,,,-0.002277,0.8653266898561625,0.0004564125969877,-3.4918479983715595e-11,-0.002786,7.24042952785022,21.91,411056.0,9006236.96,0.0050000000000007,21.91,21.9
2014-10-01,KIM,77129,KIMCO REALTY CORP,,,0.002054,0.6648082703508005,0.000460193281178,1.907704770104148e-11,-0.013249,12.053926958857188,21.73,411056.0,8932246.88,0.004999999999999,21.74,21.73
2014-10-02,KIM,77129,KIMCO REALTY CORP,,,0.00046,-0.2472159034834431,0.000459981600736,5.672810929620724e-12,5e-06,9.074004515199876,21.74,411056.0,8936357.44,0.0050000000000007,21.75,21.74
2014-10-03,KIM,77129,KIMCO REALTY CORP,,,0.01012,-0.4603093789578554,0.0004553734061931,2.2893032410122934e-10,0.011166,4.897155132147445,21.96,411056.0,9026789.76,0.0050000000000007,21.96,21.95
2014-10-06,KIM,77129,KIMCO REALTY CORP,,,0.008652,0.3693403642812611,0.0004514672686229,1.4170543790040196e-10,-0.001565,6.70587219259663,22.15,411056.0,9104890.4,0.004999999999999,22.15,22.14
2014-10-07,KIM,77129,KIMCO REALTY CORP,,,-0.007223,0.098662827967026,0.0004547521600728,-1.0846052214813206e-10,-0.015126,7.3674925071036546,21.99,411056.0,9039121.44,0.0050000000000007,22.01,22.0
2014-10-08,KIM,77129,KIMCO REALTY CORP,,,0.02683,-0.0159933193591973,0.0004428697962798,3.9872915604808787e-10,0.017462,7.249661846561053,22.58,411056.0,9281644.48,0.004999999999999,22.58,22.57
2014-10-09,KIM,77129,KIMCO REALTY CORP,,,0.002214,0.5391113540627452,0.0004418912947414,2.1330659296705884e-11,-0.020661,11.158036861157605,22.63,411056.0,9302197.28,0.004999999999999,22.63,22.62
2014-10-10,KIM,77129,KIMCO REALTY CORP,,,0.00221,-0.3077032593798688,0.0004409171075836,3.068796943633323e-11,-0.011451,7.724672550698688,22.68,411056.0,9322750.08,0.004999999999999,22.68,22.67
2014-10-13,KIM,77129,KIMCO REALTY CORP,,,-0.000441,-0.0531025206336589,0.0004411116012351,-6.469981492563657e-12,-0.016468,7.314472967186953,22.67,411056.0,9318639.52,0.0050000000000007,22.69,22.68
2014-10-14,KIM,77129,KIMCO REALTY CORP,,,0.01588,0.5235776732837589,0.0004342162396874,1.505247551120745e-10,0.001579,11.14416770464365,23.03,411056.0,9466619.68,0.0050000000000007,23.03,23.02
2014-10-15,KIM,77129,KIMCO REALTY CORP,,,-0.004776,-0.188605806268101,0.0004363001745199,-5.606207633700512e-11,-0.0081,9.0423129695224,22.92,411056.0,9421403.52,0.004999999999999,22.93,22.92
2014-10-16,KIM,77129,KIMCO REALTY CORP,,,0.001309,-0.1167931207133261,0.0004357298474944,1.7374566881099285e-11,0.000145,7.986233019345296,22.95,411056.0,9433735.2,0.004999999999999,22.95,22.94
2014-10-17,KIM,77129,KIMCO REALTY CORP,,,-0.0061,0.0029109394481339,0.0004384042086803,-8.12267752301311e-11,0.012884,8.009480460083298,22.81,411056.0,9376187.36,0.004999999999999,22.81,22.8
2014-10-20,KIM,77129,KIMCO REALTY CORP,,,0.013591,-0.2779836256528402,0.0004325259515571,2.472926439190021e-10,0.009143,5.782976042193765,23.12,411056.0,9503614.72,0.0050000000000007,23.12,23.11
2014-10-21,KIM,77129,KIMCO REALTY CORP,,,0.014706,-0.05213394151848,0.0004262574595054,2.7820645142985616e-10,0.019574,5.481486707407263,23.46,411056.0,9643373.76,0.004999999999999,23.45,23.44
2014-10-22,KIM,77129,KIMCO REALTY CORP,,,0.006394,0.22577199163145,0.0004235493434985,9.805451459189327e-11,-0.007299,6.71905287843992,23.61,411056.0,9705032.16,0.0050000000000007,23.62,23.61
2014-10-23,KIM,77129,KIMCO REALTY CORP,,,0.011859,0.9090324185426952,0.0004185851820846,9.414766753861452e-11,0.012303,12.82688976684442,23.89,411056.0,9820127.84,0.0050000000000007,23.89,23.88
2014-10-24,KIM,77129,KIMCO REALTY CORP,,,0.007535,-0.3789912699120163,0.0004154549231407,9.560643108739249e-11,0.007053,7.965610525086606,24.07,411056.0,9894117.92,0.004999999999999,24.08,24.07
2014-10-27,KIM,77129,KIMCO REALTY CORP,,,0.002908,-0.2011738649218523,0.0004142502071251,4.605585100813353e-11,-0.001502,6.363137869292748,24.14,411056.0,9922891.84,0.0050000000000007,24.14,24.13
2014-10-28,KIM,77129,KIMCO REALTY CORP,,,0.001243,0.1070837886134226,0.0004137360364088,1.775994686098165e-11,0.011939,7.044526779806158,24.17,411056.0,9935223.52,0.0050000000000007,24.17,24.16
2014-10-29,KIM,77129,KIMCO REALTY CORP,,,0.007447,0.8701838418756118,0.0004106776180697,5.6473573760671964e-11,-0.001385,13.174560157253511,24.35,411056.0,10009213.6,0.004999999999999,24.38,24.37
2014-10-30,KIM,77129,KIMCO REALTY CORP,,,0.007803,-0.2137602894811578,0.0004074979625101,7.467839182076361e-11,0.00623,10.358362364252072,24.54,411056.0,10087314.24,0.004999999999999,24.54,24.53
2014-10-31,KIM,77129,KIMCO REALTY CORP,,,0.016707,0.3918318726254248,0.0004008016032064,1.1299235323556251e-10,0.011731,14.407214991077897,24.95,411338.0,10262883.1,0.0050000000000007,24.94,24.93
2014-11-03,KIM,77129,KIMCO REALTY CORP,,,0.013226,-0.3875114638552133,0.000395569620253,1.4413671344035318e-10,-0.000119,8.824254019808528,25.28,411338.0,10398624.64,0.004999999999999,25.29,25.28
2014-11-04,KIM,77129,KIMCO REALTY CORP,,,-0.002769,-0.1526281003848473,0.0003966679888932,-3.5710770327667745e-11,-0.00283,7.477424891451799,25.21,411338.0,10369830.98,0.004999999999999,25.22,25.21
2014-11-05,KIM,77129,KIMCO REALTY CORP,,,-0.005553,-0.0719671858789517,0.0003988831272437,-7.759953438781317e-11,0.005701,6.9392956643927866,25.07,411338.0,10312243.66,0.0050000000000007,25.07,25.06
2014-11-06,KIM,77129,KIMCO REALTY CORP,,,-0.013562,-0.0288702058158714,0.000404367165386,-1.9783727485813423e-10,0.003776,6.738956770344583,24.73,411338.0,10172388.74,0.004999999999999,24.74,24.73
2014-11-07,KIM,77129,KIMCO REALTY CORP,,,0.002426,-0.0917564968692156,0.00040338846309,3.887053044720167e-11,0.00035,6.120613704544681,24.79,411338.0,10197069.02,0.0050000000000007,24.8,24.79
2014-11-10,KIM,77129,KIMCO REALTY CORP,,,0.006051,0.1180327139572321,0.0004009623095429,8.619506271461453e-11,0.00312,6.843046351175919,24.94,411338.0,10258769.72,0.0050000000000007,24.94,24.93
2014-11-11,KIM,77129,KIMCO REALTY CORP,,,-0.006415,-0.3486880973992869,0.0004035512510087,-1.4120758642928728e-10,0.000697,4.456957538569254,24.78,411338.0,10192955.64,0.004999999999999,24.79,24.78
2014-11-12,KIM,77129,KIMCO REALTY CORP,,,-0.007264,0.6736590964132751,0.0004065040650405,-9.623574161633936e-11,-0.000701,7.459427526754154,24.6,411338.0,10118914.8,0.004999999999999,24.61,24.6
2014-11-13,KIM,77129,KIMCO REALTY CORP,,,0.005691,-0.2609164676995358,0.0004042037186741,1.014357474135289e-10,0.00053,5.513140045412775,24.74,411338.0,10176502.12,0.004999999999999,24.74,24.73
2014-11-14,KIM,77129,KIMCO REALTY CORP,,,-0.011318,0.1031214006395726,0.000408830744072,-1.8496607042904522e-10,0.00024,6.081662768817858,24.46,411338.0,10061327.48,0.0050000000000007,24.46,24.45
2014-11-17,KIM,77129,KIMCO REALTY CORP,,,0.011856,0.1269321987081166,0.0004040404040404,1.6991981747378309e-10,0.000735,6.853621595865201,24.75,411338.0,10180615.5,0.0050000000000007,24.76,24.75
2014-11-18,KIM,77129,KIMCO REALTY CORP,,,0.00404,-0.2722826520712766,0.0004024144869215,7.924525905135916e-11,0.005134,4.987499331450048,24.85,411338.0,10221749.3,0.0050000000000007,24.87,24.86
2014-11-19,KIM,77129,KIMCO REALTY CORP,,,-0.008048,0.3207850852137019,0.0004056795131846,-1.204917204229593e-10,-0.001501,6.587414729492534,24.65,411338.0,10139481.7,0.0050000000000007,24.66,24.65
2014-11-20,KIM,77129,KIMCO REALTY CORP,,,-0.000811,-0.1271749086783774,0.0004060089321964,-1.3922440841154928e-11,0.001967,5.749660862842723,24.63,411338.0,10131254.94,0.004999999999999,24.63,24.62
2014-11-21,KIM,77129,KIMCO REALTY CORP,,,0.008932,0.7977289313478677,0.0004024144869215,8.453898951115615e-11,0.005237,10.336331678570907,24.85,411338.0,10221749.3,0.0050000000000007,24.85,24.84
2014-11-24,KIM,77129,KIMCO REALTY CORP,,,0.005231,-0.4209132949771458,0.0004003202562048,8.505178306678099e-11,0.002864,5.985632253766975,24.98,411338.0,10275223.24,0.004999999999999,24.97,24.96
2014-11-25,KIM,77129,KIMCO REALTY CORP,,,0.004404,0.4318631357229832,0.0003985651654046,4.9789329498748806e-11,-0.00115,8.570606168163408,25.09,411338.0,10320470.42,0.0050000000000007,25.1,25.09
2014-11-26,KIM,77129,KIMCO REALTY CORP,,,0.011957,-0.2439280924577411,0.0003938558487592,1.7667945680141714e-10,0.002806,6.479994554356757,25.39,411338.0,10443871.82,0.004999999999999,25.4,25.39
2014-11-28,KIM,77129,KIMCO REALTY CORP,,,0.002363,-0.3579904166923031,0.0003929273084479,5.425764642242164e-11,-0.002542,4.159338883150028,25.45,411425.0,10470766.25,0.0050000000000007,25.44,25.43
2014-12-01,KIM,77129,KIMCO REALTY CORP,,,0.007466,1.876947692221386,0.0003900156006239,5.914567807522861e-11,-0.006829,11.966200401045148,25.64,411425.0,10548937.0,0.004999999999999,25.65,25.64
2014-12-02,KIM,77129,KIMCO REALTY CORP,,,-0.00351,-0.3516970893285944,0.0003913894324853,-4.3041885804664113e-11,0.006384,7.75772254967491,25.55,411425.0,10511908.75,0.0050000000000007,25.57,25.56
2014-12-03,KIM,77129,KIMCO REALTY CORP,,,-0.003914,-0.0804587869679085,0.0003929273084479,-5.2400679039701806e-11,0.003765,7.133545603694476,25.45,411425.0,10470766.25,0.0050000000000007,25.46,25.45
2014-12-04,KIM,77129,KIMCO REALTY CORP,,,0.000393,-0.0443923665354989,0.0003927729772192,5.503746483838079e-12,-0.001162,6.816870632557574,25.46,411425.0,10474880.5,0.0050000000000007,25.48,25.47
2014-12-05,KIM,77129,KIMCO REALTY CORP,,,-0.004713,0.4454329286098599,0.0003946329913181,-4.5879339286162125e-11,0.001665,9.853329282372243,25.34,411425.0,10425509.5,0.0050000000000007,25.34,25.33
2014-12-08,KIM,77129,KIMCO REALTY CORP,,,0.004736,-0.3105160800472433,0.0003927729772192,6.655113675989674e-11,-0.007257,6.7937120981952965,25.46,411425.0,10474880.5,0.0050000000000007,25.46,25.45
2014-12-09,KIM,77129,KIMCO REALTY CORP,,,-0.001178,0.7999043326846988,0.0003932363350374,-9.207711250193446e-12,-0.000238,12.228031840554172,25.43,411425.0,10462537.75,0.0050000000000007,25.42,25.41
2014-12-10,KIM,77129,KIMCO REALTY CORP,,,-0.00118,-0.2153102077990537,0.0003937007874014,-1.1768010546211809e-11,-0.016351,9.595211763991006,25.4,411425.0,10450195.0,0.004999999999999,25.4,25.39
2014-12-11,KIM,77129,KIMCO REALTY CORP,,,-0.000394,-0.0240891554850787,0.0003938558487594,-4.027894948472257e-12,0.004536,9.36407121589597,25.39,411425.0,10446080.75,0.0050000000000007,25.39,25.38
2014-12-12,KIM,77129,KIMCO REALTY CORP,,,-0.003545,-0.3245303901533842,0.0003952569169961,-5.384365318029269e-11,-0.016214,6.325145530777177,25.3,411425.0,10409052.5,0.0050000000000007,25.32,25.31
2014-12-15,KIM,77129,KIMCO REALTY CORP,,,-0.009486,0.0901924933991669,0.0003990422984837,-1.3342513969403255e-10,-0.006343,6.895626177310567,25.06,411425.0,10310310.5,0.0050000000000007,25.07,25.06
2014-12-16,KIM,77129,KIMCO REALTY CORP,,,-0.005188,0.5767976615005888,0.0004011231448055,-4.6519745940879366e-11,-0.008489,10.873007230965548,24.93,411425.0,10256825.25,0.0050000000000007,24.92,24.91
2014-12-17,KIM,77129,KIMCO REALTY CORP,,,0.016045,0.496960160521229,0.0003947887879983,9.459189688401361e-11,0.020352,16.276458649814668,25.33,411425.0,10421395.25,0.004999999999999,25.33,25.32
2014-12-18,KIM,77129,KIMCO REALTY CORP,,,0.006711,-0.1354608094745019,0.0003921568627451,4.5458151976152936e-11,0.024015,14.071636385732514,25.5,411425.0,10491337.5,0.0050000000000007,25.5,25.49
2014-12-19,KIM,77129,KIMCO REALTY CORP,,,0.003137,-0.0324196383646522,0.0003909304143863,2.1892313126183697e-11,0.00457,13.615439022908184,25.58,411425.0,10524251.5,0.0050000000000007,25.59,25.58
2014-12-22,KIM,77129,KIMCO REALTY CORP,,,0.012901,-0.3872257723147055,0.0003859513701274,1.4505514705085166e-10,0.00381,8.343190131858783,25.91,411425.0,10660021.75,0.0050000000000007,25.91,25.9
2014-12-23,KIM,77129,KIMCO REALTY CORP,,,-0.002702,-0.3430787243594281,0.0003869969040246,-4.6372092044551065e-11,0.001746,5.480819104332503,25.84,411425.0,10631222.0,0.004999999999999,25.86,25.85
2014-12-24,KIM,77129,KIMCO REALTY CORP,,,-0.002322,-0.4326675672056005,0.0003878975950349,-7.040533099803196e-11,-0.000139,3.1094464361669805,25.78,411425.0,10606536.5,0.0050000000000007,25.8,25.79
2014-12-26,KIM,77129,KIMCO REALTY CORP,,,-0.000388,0.3951445473476203,0.0003880481179666,-8.435762481191408e-12,0.00331,4.338127240687853,25.77,411425.0,10602422.25,0.0050000000000007,25.78,25.77
2014-12-29,KIM,77129,KIMCO REALTY CORP,,,0.005045,0.5771234425547984,0.0003861003861004,6.919946796431412e-11,0.000862,6.841762168074376,25.9,411425.0,10655907.5,0.0050000000000007,25.91,25.9
2014-12-30,KIM,77129,KIMCO REALTY CORP,,,-0.000386,-0.1337961370890044,0.0003898635477583,-6.171932503915626e-12,-0.004889,5.926360819104333,25.65,411425.0,10553051.25,0.0050000000000007,25.66,25.65
2014-12-31,KIM,77129,KIMCO REALTY CORP,,,-0.019883,0.3696093063353147,0.0003977724741448,-2.3683243139210306e-10,-0.010311,8.116798930546272,25.14,411425.0,10343224.5,0.0050000000000007,25.14,25.13
2015-01-02,KIM,77129,KIMCO REALTY CORP,,,0.012729,-0.1865427701654222,0.000392772977219,1.8404570976077628e-10,-0.00034,6.6026687731664335,25.46,411425.0,10474880.5,0.004999999999999,25.47,25.46
2015-01-05,KIM,77129,KIMCO REALTY CORP,,,0.009034,0.5115356029424596,0.0003892565200467,8.564212050103091e-11,-0.018278,9.980168925077477,25.69,411425.0,10569508.25,0.0050000000000007,25.71,25.7
2015-01-06,KIM,77129,KIMCO REALTY CORP,,,0.005839,0.2074542429770796,0.0003869969040246,4.557710269455134e-11,-0.008893,12.050597314212798,25.84,411425.0,10631222.0,0.004999999999999,25.83,25.82
2015-01-07,KIM,77129,KIMCO REALTY CORP,,,0.025929,-0.0778613276503015,0.000377216144851,2.1393436495349884e-10,0.01163,11.11232180834903,26.51,411425.0,10906876.75,0.0050000000000007,26.51,26.5
2015-01-08,KIM,77129,KIMCO REALTY CORP,,,0.003395,-0.0837157611288292,0.0003759398496241,3.046719260034938e-11,0.017888,10.182045330254605,26.6,411425.0,10943905.0,0.0050000000000007,26.59,26.58
2015-01-09,KIM,77129,KIMCO REALTY CORP,,,-0.002256,-0.3286689799453254,0.0003767897513186,-3.0225657564706946e-11,-0.008404,6.835522877802759,26.54,411425.0,10919219.5,0.004999999999999,26.56,26.55
2015-01-12,KIM,77129,KIMCO REALTY CORP,,,0.006029,-0.0429900028624207,0.0003745318352059,8.389868018539501e-11,-0.008094,6.541663729719876,26.7,411425.0,10985047.5,0.004999999999999,26.7,26.69
2015-01-13,KIM,77129,KIMCO REALTY CORP,,,0.004494,0.2845644875314148,0.0003728560775539,4.8466257960095935e-11,-0.002579,8.403188916570457,26.82,411425.0,11034418.5,0.004999999999999,26.83,26.82
2015-01-14,KIM,77129,KIMCO REALTY CORP,,,0.016779,0.0217853215329266,0.0003667033370002,1.7417526160700766e-10,-0.005813,8.58625508901987,27.27,411425.0,11219559.75,0.004999999999999,27.29,27.28
2015-01-15,KIM,77129,KIMCO REALTY CORP,,,0.000367,-0.0010142671120421,0.000366568914956,3.812132154332391e-12,-0.009248,8.577546332867472,27.28,411425.0,11223674.0,0.0050000000000007,27.28,27.27
2015-01-16,KIM,77129,KIMCO REALTY CORP,,,0.015762,-0.0347717225505006,0.0003608805485384,1.669902098097087e-10,0.013424,8.279290271616942,27.71,411425.0,11400586.75,0.0050000000000007,27.71,27.7
2015-01-20,KIM,77129,KIMCO REALTY CORP,,,-0.014796,-0.1560417190816917,0.0003663003663004,-1.8852845555123049e-10,0.00155,6.987375584857507,27.3,411425.0,11231902.5,0.0050000000000007,27.3,27.29
2015-01-21,KIM,77129,KIMCO REALTY CORP,,,0.0,-0.0539261947257895,0.0003663003663004,0.0,0.004732,6.610573008446254,27.3,411425.0,11231902.5,0.0050000000000007,27.32,27.31
2015-01-22,KIM,77129,KIMCO REALTY CORP,,,0.026374,-0.1085858836549615,0.0003568879371876,3.882384816290279e-10,0.01527,5.89275809685848,28.02,411425.0,11528128.5,0.004999999999999,28.02,28.01
2015-01-23,KIM,77129,KIMCO REALTY CORP,,,-0.001428,-0.1604069083511656,0.0003573981415297,-2.507277190319981e-11,-0.005492,4.947518988880112,27.98,411425.0,11511671.5,0.0050000000000007,27.98,27.97
2015-01-26,KIM,77129,KIMCO REALTY CORP,,,0.011437,0.1888448873096138,0.0003533568904594,1.670022581692859e-10,0.002568,5.881832654797351,28.3,411425.0,11643327.5,0.0050000000000007,28.3,28.29
2015-01-27,KIM,77129,KIMCO REALTY CORP,,,0.00106,-0.1405790986775253,0.0003529827038474,1.799078183669804e-11,-0.013388,5.054969921613903,28.33,411425.0,11655670.25,0.004999999999999,28.33,28.32
2015-01-28,KIM,77129,KIMCO REALTY CORP,,,-0.007413,0.2742966552085091,0.0003556187766713,-9.947155039078643e-11,-0.013496,6.441531263292216,28.12,411425.0,11569271.0,0.004999999999999,28.13,28.12
2015-01-29,KIM,77129,KIMCO REALTY CORP,,,0.006046,-0.1019980703394112,0.0003534817956874,8.98003705517084e-11,0.009535,5.78450750440542,28.29,411425.0,11639213.25,0.004999999999999,28.31,28.3
2015-01-30,KIM,77129,KIMCO REALTY CORP,,,-0.022623,0.3906788168029544,0.0003616636528029,-2.4721291398038763e-10,-0.012992,8.04439205201434,27.65,411425.0,11375901.25,0.0050000000000007,27.67,27.66
2015-02-02,KIM,77129,KIMCO REALTY CORP,,,0.00434,-0.1021251704100476,0.0003601008282318,5.2591329118179825e-11,0.012962,7.222857142857142,27.77,411425.0,11425272.25,0.004999999999999,27.77,27.76
2015-02-03,KIM,77129,KIMCO REALTY CORP,,,0.010443,-0.1620152884040726,0.0003563791874553,1.4945202810676903e-10,0.014439,6.052643859755727,28.06,411425.0,11544585.5,0.004999999999999,28.06,28.05
2015-02-04,KIM,77129,KIMCO REALTY CORP,,,-0.013186,0.9268896707063544,0.0003611412062115,-9.924244804382115e-11,-0.004156,11.662776933827551,27.69,411425.0,11392358.25,0.004999999999999,27.7,27.69
2015-02-05,KIM,77129,KIMCO REALTY CORP,,,0.011918,-0.3507397738976542,0.0003568879371876,1.3652865266977715e-10,0.010291,7.572177189038099,28.02,411425.0,11528128.5,0.004999999999999,28.04,28.03
2015-02-06,KIM,77129,KIMCO REALTY CORP,,,-0.046039,0.9093398789169742,0.0003741114852226,-2.8955577693154136e-10,-0.003418,14.45785987725588,26.73,411425.0,10997390.25,0.0050000000000007,26.73,26.72
2015-02-09,KIM,77129,KIMCO REALTY CORP,,,-0.007856,-0.6275144683587397,0.0003770739064855,-1.3369767583779285e-10,-0.004247,5.385343622774503,26.52,411425.0,10910991.0,0.004999999999999,26.52,26.51
2015-02-10,KIM,77129,KIMCO REALTY CORP,,,0.013575,0.3257884201808487,0.0003720238095238,1.7192231682097736e-10,0.010676,7.139826213769217,26.88,411425.0,11059104.0,0.0050000000000007,26.87,26.86
2015-02-11,KIM,77129,KIMCO REALTY CORP,,,-0.00372,0.5646346573943926,0.0003734129947721,-3.0223245754791186e-11,-2.9e-05,11.1712195418363,26.78,411425.0,11017961.5,0.004999999999999,26.79,26.78
2015-02-12,KIM,77129,KIMCO REALTY CORP,,,0.011202,-0.5217586837938704,0.0003692762186115,1.8819520361584676e-10,0.009645,5.3425387373154285,27.08,411425.0,11141389.0,0.0050000000000007,27.07,27.06
2015-02-13,KIM,77129,KIMCO REALTY CORP,,,-0.009232,-0.2272282664575119,0.0003727171077153,-2.0257485534666519e-10,0.004075,4.128562921553138,26.83,411425.0,11038532.75,0.0050000000000007,26.82,26.81
2015-02-17,KIM,77129,KIMCO REALTY CORP,,,-0.002609,1.037219017611036,0.000373692077728,-2.81747883715512e-11,0.001598,8.410786899191834,26.76,411425.0,11009733.0,0.0050000000000007,26.75,26.74
2015-02-18,KIM,77129,KIMCO REALTY CORP,,,0.006726,-0.4280394103816659,0.0003711952487007,1.2614378528285138e-10,-0.000314,4.810638634015921,26.94,411425.0,11083789.5,0.004999999999999,26.95,26.94
2015-02-19,KIM,77129,KIMCO REALTY CORP,,,-0.022272,0.3161032873100826,0.0003796507213364,-3.2460862933598746e-10,-0.001062,6.331297320289239,26.34,411425.0,10836934.5,0.0050000000000007,26.34,26.33
2015-02-20,KIM,77129,KIMCO REALTY CORP,,,0.02126,0.7287214561737434,0.0003717472118959,1.7551028498814394e-10,0.006126,10.945049522999332,26.9,411425.0,11067332.5,0.0050000000000007,26.91,26.9
2015-02-23,KIM,77129,KIMCO REALTY CORP,,,0.013383,-0.1268217861293202,0.0003668378576669,1.2485798628569506e-10,-0.000303,9.556978793218692,27.26,411425.0,11215445.5,0.0050000000000007,27.26,27.25
2015-02-24,KIM,77129,KIMCO REALTY CORP,,,-0.029714,0.0894854500785864,0.0003780718336483,-2.622422774226448e-10,0.002759,10.412189341921373,26.45,411425.0,10882191.25,0.004999999999999,26.47,26.46
2015-02-25,KIM,77129,KIMCO REALTY CORP,,,0.0,-0.2866032421883663,0.0003780718336484,0.0,-0.000766,7.428022118247554,26.45,411425.0,10882191.25,0.0050000000000007,26.44,26.43
2015-02-26,KIM,77129,KIMCO REALTY CORP,,,-0.010586,-0.2114778634286996,0.0003821169277798,-1.6786123381608906e-10,-0.001476,5.857159871179437,26.17,411425.0,10766992.25,0.004999999999999,26.18,26.17
2015-02-27,KIM,77129,KIMCO REALTY CORP,,,0.004203,-0.0201233970541733,0.000380517503805,6.77305941158897e-11,-0.002956,5.72325475425253,26.28,412578.0,10842549.84,0.004999999999999,26.29,26.28
2015-03-02,KIM,77129,KIMCO REALTY CORP,,,0.001142,-0.1511068742538504,0.0003800836183959,2.1654247441897e-11,0.006125,4.858431617778941,26.31,412578.0,10854927.18,0.004999999999999,26.31,26.3
2015-03-03,KIM,77129,KIMCO REALTY CORP,,,0.00152,0.1348557881786916,0.0003795066413661,2.5358299720531684e-11,-0.004539,5.513619242906795,26.35,412578.0,10871430.3,0.004999999999999,26.36,26.35
2015-03-04,KIM,77129,KIMCO REALTY CORP,,,-0.017457,0.017828835791134,0.0003862495171881,-2.9121917898347006e-10,-0.004389,5.611920655003417,25.89,412578.0,10681644.42,0.0050000000000007,25.89,25.88
2015-03-05,KIM,77129,KIMCO REALTY CORP,,,0.011201,-0.1818986721258727,0.0003819709702063,2.2587203731824688e-10,0.001196,4.591119739782538,26.18,412578.0,10801292.04,0.0050000000000007,26.19,26.18
2015-03-06,KIM,77129,KIMCO REALTY CORP,,,-0.033995,0.8347398235134187,0.0003954132068011,-3.8678270177301694e-10,-0.014174,8.423510221097587,25.29,412578.0,10434097.62,0.0050000000000007,25.3,25.29
2015-03-09,KIM,77129,KIMCO REALTY CORP,,,0.009094,-0.4080081027693574,0.0003918495297806,1.7320456890477564e-10,0.003944,4.98664979712927,25.52,412578.0,10528990.56,0.0050000000000007,25.53,25.52
2015-03-10,KIM,77129,KIMCO REALTY CORP,,,0.003135,0.3353990654142011,0.0003906249999999,4.4572970300200985e-11,-0.016961,6.659167478634343,25.6,412578.0,10561996.8,0.004999999999999,25.61,25.6
2015-03-11,KIM,77129,KIMCO REALTY CORP,,,0.000391,-0.1906657358560339,0.0003904724716908,6.866149383522006e-12,-0.001918,5.389492411131956,25.61,412578.0,10566122.58,0.0050000000000007,25.62,25.61
2015-03-12,KIM,77129,KIMCO REALTY CORP,,,0.018352,-0.2060684857702828,0.0003834355828221,3.986014198655198e-10,0.012601,4.278887870899563,26.08,412578.0,10760034.24,0.0050000000000007,26.09,26.08
2015-03-13,KIM,77129,KIMCO REALTY CORP,,,-0.001534,-0.0279136160872336,0.000384024577573,-3.4327529387728544e-11,-0.006075,4.159448637590953,26.04,412578.0,10743531.12,0.0050000000000007,26.05,26.04
2015-03-16,KIM,77129,KIMCO REALTY CORP,,,0.014593,0.351727786949106,0.0003785011355034,2.3811167801303323e-10,0.013534,5.622442301819293,26.42,412578.0,10900310.76,0.0050000000000007,26.41,26.4
2015-03-17,KIM,77129,KIMCO REALTY CORP,,,-0.003785,-0.3278270083666136,0.0003799392097265,-9.222907799228659e-11,-0.00332,3.7792538622999774,26.32,412578.0,10859052.96,0.0050000000000007,26.34,26.33
2015-03-18,KIM,77129,KIMCO REALTY CORP,,,0.028115,0.2732759676688021,0.000369549150037,5.233299881425281e-10,0.012158,4.812033118586061,27.06,412578.0,11164360.68,0.0050000000000007,27.07,27.06
2015-03-19,KIM,77129,KIMCO REALTY CORP,,,-0.002587,-0.0501737990338173,0.0003705075954057,-5.0829369750476127e-11,-0.004873,4.57059513595005,26.99,412578.0,11135480.22,0.0050000000000007,27.0,26.99
2015-03-20,KIM,77129,KIMCO REALTY CORP,,,0.027788,0.9712938299128137,0.0003604902667628,2.694763470262897e-10,0.009013,9.009985990527852,27.74,412578.0,11444913.72,0.0050000000000007,27.76,27.75
2015-03-23,KIM,77129,KIMCO REALTY CORP,,,-0.003244,-0.2521734732691976,0.0003616636528029,-4.220410177345851e-11,-0.001746,6.737906529189632,27.65,412578.0,11407781.7,0.0050000000000007,27.66,27.65
2015-03-24,KIM,77129,KIMCO REALTY CORP,,,-0.01085,0.3849877262301828,0.0003656307129798,-1.030375288776682e-10,-0.006139,9.331917843413851,27.35,412578.0,11284008.3,0.004999999999999,27.36,27.35
2015-03-25,KIM,77129,KIMCO REALTY CORP,,,-0.021938,-0.4158358752296017,0.0003738317757008,-3.6463755072335537e-10,-0.014559,5.451371619427114,26.75,412578.0,11036461.5,0.004999999999999,26.77,26.76
2015-03-26,KIM,77129,KIMCO REALTY CORP,,,-0.011215,0.1377741299248238,0.0003780718336483,-1.6569358387919e-10,-0.002377,6.202429601190563,26.45,412578.0,10912688.1,0.004999999999999,26.45,26.44
2015-03-27,KIM,77129,KIMCO REALTY CORP,,,0.002646,-0.1370535047866615,0.0003770739064855,4.518190530139847e-11,0.002369,5.35236488615486,26.52,412578.0,10941568.56,0.004999999999999,26.52,26.51
2015-03-30,KIM,77129,KIMCO REALTY CORP,,,0.019231,0.369794789400562,0.0003699593044765,2.3520607418317977e-10,0.012237,7.3316415320254595,27.03,412578.0,11151983.34,0.0050000000000007,27.03,27.02
2015-03-31,KIM,77129,KIMCO REALTY CORP,,,-0.006659,0.1017420890919753,0.0003724394785846,-7.441791449145483e-11,-0.008796,8.076716704392883,26.85,412622.0,11078900.7,0.004999999999999,26.86,26.85
2015-04-01,KIM,77129,KIMCO REALTY CORP,,,-0.008566,-0.1976123369193889,0.0003790750568613,-1.2143162488654118e-10,-0.003965,6.48065784180194,26.38,412622.0,10884968.36,0.0050000000000007,26.39,26.38
2015-04-02,KIM,77129,KIMCO REALTY CORP,,,0.008719,-0.3185367429775375,0.0003757985719654,1.7980753448115975e-10,0.00353,4.416330200522512,26.61,412622.0,10979871.42,0.0050000000000007,26.62,26.61
2015-04-06,KIM,77129,KIMCO REALTY CORP,,,0.013153,0.1233699633699634,0.0003709198813056,2.3832423498993234e-10,0.006609,4.961172695590637,26.96,412622.0,11124289.12,0.0050000000000007,26.96,26.95
2015-04-07,KIM,77129,KIMCO REALTY CORP,,,-0.018917,-0.2352682272241216,0.0003780718336484,-4.568574679059923e-10,-0.002062,3.793966390546311,26.45,412622.0,10913851.9,0.0050000000000007,26.46,26.45
2015-04-08,KIM,77129,KIMCO REALTY CORP,,,-0.000378,-0.3207507758033668,0.0003782148260212,-1.3444830731267034e-11,0.002683,2.577048727406682,26.44,412622.0,10909725.68,0.0050000000000007,26.44,26.43
2015-04-09,KIM,77129,KIMCO REALTY CORP,,,-0.025719,0.6013427413628853,0.000388198757764,-5.863391783293393e-10,0.004457,4.126738273771151,25.76,412622.0,10629142.72,0.0050000000000007,25.76,25.75
2015-04-10,KIM,77129,KIMCO REALTY CORP,,,0.005823,0.6720680204112914,0.0003859513701274,7.89343670239329e-11,0.005203,6.900187096180039,25.91,412622.0,10691036.02,0.0050000000000007,25.91,25.9
2015-04-13,KIM,77129,KIMCO REALTY CORP,,,-0.006561,-0.4794485329111128,0.0003885003885004,-1.7198262523470438e-10,-0.004581,3.591902516104328,25.74,412622.0,10620890.28,0.0050000000000007,25.75,25.74
2015-04-14,KIM,77129,KIMCO REALTY CORP,,,0.002719,-0.1049120908333997,0.0003874467260752,7.941062078612315e-11,0.00163,3.215068513070074,25.81,412622.0,10649773.82,0.0050000000000007,25.82,25.81
2015-04-15,KIM,77129,KIMCO REALTY CORP,,,-0.012011,0.2808614149771447,0.0003921568627451,-2.7720064185645917e-10,0.005148,4.118057204899399,25.5,412622.0,10521861.0,0.0050000000000007,25.51,25.5
2015-04-16,KIM,77129,KIMCO REALTY CORP,,,0.000784,0.0647692650840012,0.0003918495297804,1.6979900110816892e-11,-0.000778,4.38478074363461,25.52,412622.0,10530113.44,0.004999999999999,25.52,25.51
2015-04-17,KIM,77129,KIMCO REALTY CORP,,,-0.008621,-0.0546417673111117,0.0003952569169959,-1.9922344775262128e-10,-0.011311,4.1451885745306845,25.3,412622.0,10439336.6,0.004999999999999,25.31,25.3
2015-04-20,KIM,77129,KIMCO REALTY CORP,,,0.001186,-0.1665000385875551,0.0003947887879983,3.284333446029448e-11,0.009235,3.4550145169186326,25.33,412622.0,10451715.26,0.004999999999999,25.33,25.32
2015-04-21,KIM,77129,KIMCO REALTY CORP,,,-0.001184,0.3393847567541026,0.0003952569169961,-2.4508886066139573e-11,-0.001481,4.627593778324956,25.3,412622.0,10439336.6,0.0050000000000007,25.3,25.29
2015-04-22,KIM,77129,KIMCO REALTY CORP,,,-0.005138,0.877451953366603,0.0003972983710765,-5.6942226497344397e-11,0.005088,8.688084978503328,25.17,412622.0,10385695.74,0.004999999999999,25.15,25.14
2015-04-23,KIM,77129,KIMCO REALTY CORP,,,0.001192,-0.2686460830791418,0.0003968253968253,1.804146013508416e-11,0.002358,6.354064979569679,25.2,412622.0,10398074.4,0.004999999999999,25.2,25.19
2015-04-24,KIM,77129,KIMCO REALTY CORP,,,0.009127,-0.0767697487286537,0.0003932363350374,1.4827489743595303e-10,0.002253,5.866265007682577,25.43,412622.0,10492977.46,0.0050000000000007,25.44,25.43
2015-04-27,KIM,77129,KIMCO REALTY CORP,,,-0.005112,-0.2245547499535229,0.0003952569169961,-1.0764779188983052e-10,-0.004141,4.548967335721314,25.3,412622.0,10439336.6,0.0050000000000007,25.3,25.29
2015-04-28,KIM,77129,KIMCO REALTY CORP,,,0.003953,1.0847456904726895,0.0003937007874016,3.977176044110631e-11,0.002769,9.483440049246042,25.4,412622.0,10480598.8,0.0050000000000007,25.41,25.4
2015-04-29,KIM,77129,KIMCO REALTY CORP,,,-0.030315,-0.3315897774538496,0.0004060089321965,-4.705781895722165e-10,-0.00374,6.3388282738196216,24.63,412622.0,10162879.86,0.0050000000000007,24.64,24.63
2015-04-30,KIM,77129,KIMCO REALTY CORP,,,-0.021518,0.6529921163507344,0.000414937759336,-2.0651552805639987e-10,-0.010129,10.47803316352497,24.1,412622.0,9944190.2,0.004999999999999,24.11,24.1
2015-05-01,KIM,77129,KIMCO REALTY CORP,,,0.006224,-0.1213003360497489,0.0004123711340206,6.755931418644947e-11,0.010923,9.207044219648976,24.25,412622.0,10006083.5,0.0050000000000007,24.25,24.24
2015-05-04,KIM,77129,KIMCO REALTY CORP,,,0.006598,-0.2454216590607758,0.0004096681687833,9.429042380718074e-11,0.002941,6.947436152216799,24.41,412622.0,10072103.02,0.0050000000000007,24.41,24.4
2015-05-05,KIM,77129,KIMCO REALTY CORP,,,-0.023351,0.0966638934092403,0.0004194630872482,-3.1156505665607544e-10,-0.011837,7.619002379902186,23.84,412622.0,9836908.48,0.004999999999999,23.83,23.82
2015-05-06,KIM,77129,KIMCO REALTY CORP,,,0.002097,0.0522172755750425,0.0004185851820846,2.653544430790976e-11,-0.004456,8.016845926780443,23.89,412622.0,9857539.58,0.0050000000000007,23.91,23.9
2015-05-07,KIM,77129,KIMCO REALTY CORP,,,0.013813,0.1071275152081652,0.0004128819157721,1.5572570718758934e-10,0.003774,8.875670710723131,24.22,412622.0,9993704.84,0.0050000000000007,24.23,24.22
2015-05-08,KIM,77129,KIMCO REALTY CORP,,,0.013625,-0.1470325863795317,0.0004073319755601,1.7766382720534826e-10,0.013458,7.570657890272453,24.55,412622.0,10129870.1,0.0050000000000007,24.55,24.54
2015-05-11,KIM,77129,KIMCO REALTY CORP,,,-0.017108,0.2190875274503652,0.0004144218814754,-1.8617485769640198e-10,-0.00509,9.229294608624842,24.13,412622.0,9956568.86,0.0050000000000007,24.14,24.13
2015-05-12,KIM,77129,KIMCO REALTY CORP,,,0.0,-0.3710598942810401,0.0004144218814754,0.0,-0.00295,5.804673526859935,24.13,412622.0,9956568.86,0.0050000000000007,24.12,24.11
2015-05-13,KIM,77129,KIMCO REALTY CORP,,,-0.007045,0.3142030348172295,0.0004173622704508,-9.341175670849756e-11,-0.000305,7.628519565122557,23.96,412622.0,9886423.12,0.0050000000000007,23.96,23.95
2015-05-14,KIM,77129,KIMCO REALTY CORP,,,0.021285,-0.2823246852061588,0.0004086636697996,3.850516887914723e-10,0.010779,5.474800180310308,24.47,412622.0,10096860.34,0.004999999999999,24.47,24.46
2015-05-15,KIM,77129,KIMCO REALTY CORP,,,0.006539,1.3333728784523222,0.0004060089321964,5.0366541139805314e-11,0.000768,12.774750255681957,24.63,412622.0,10162879.86,0.004999999999999,24.63,24.62
2015-05-18,KIM,77129,KIMCO REALTY CORP,,,-0.003654,-0.6872738986591713,0.0004074979625102,-9.032855351609932e-11,0.003048,3.994997843062173,24.54,412622.0,10125743.88,0.0050000000000007,24.55,24.54
2015-05-19,KIM,77129,KIMCO REALTY CORP,,,-0.002038,0.3389831742318723,0.0004083299305838,-3.770260394244016e-11,-0.000643,5.349234892952872,24.49,412622.0,10105112.78,0.004999999999999,24.49,24.48
2015-05-20,KIM,77129,KIMCO REALTY CORP,,,-0.001225,-0.3505177572430741,0.0004088307440718,-3.4935607984970395e-11,-0.000931,3.474233075308636,24.46,412622.0,10092734.12,0.004999999999999,24.47,24.46
2015-05-21,KIM,77129,KIMCO REALTY CORP,,,-0.006132,0.3237547478453764,0.0004113533525298,-1.3292244655333114e-10,0.002338,4.59903252856125,24.31,412622.0,10030840.82,0.0050000000000007,24.32,24.31
2015-05-22,KIM,77129,KIMCO REALTY CORP,,,0.001234,-0.3276969238989873,0.0004108463434676,3.973842281721552e-11,-0.002234,3.0919437160403467,24.34,412622.0,10043219.48,0.0050000000000007,24.35,24.34
2015-05-26,KIM,77129,KIMCO REALTY CORP,,,-0.012736,1.328656282626485,0.0004161464835621,-1.783979790242096e-10,-0.010282,7.200074159884834,24.03,412622.0,9915306.66,0.004999999999999,24.04,24.03
2015-05-27,KIM,77129,KIMCO REALTY CORP,,,0.011652,-0.5201576352557415,0.0004113533525298,3.3622312395322415e-10,0.009163,3.4549006112131684,24.31,412622.0,10030840.82,0.0050000000000007,24.32,24.31
2015-05-28,KIM,77129,KIMCO REALTY CORP,,,0.000411,0.5276766874677321,0.0004111842105263,7.759948908526596e-12,-0.001267,5.277971121268377,24.32,412622.0,10034967.04,0.0050000000000007,24.34,24.33
2015-05-29,KIM,77129,KIMCO REALTY CORP,,,-0.014803,1.2206471923361435,0.0004173622704506,-1.2775090075914806e-10,-0.006318,11.716791882796732,23.96,412753.0,9889561.88,0.004999999999999,23.95,23.94
2015-06-01,KIM,77129,KIMCO REALTY CORP,,,0.012938,-0.4685010217857585,0.0004120313143798,2.073939017153356e-10,0.002059,6.227462913655383,24.27,412753.0,10017515.31,0.004999999999999,24.29,24.28
2015-06-02,KIM,77129,KIMCO REALTY CORP,,,-0.009889,-0.1498694368667338,0.0004161464835622,-1.88326566196487e-10,-0.001009,5.2941565536773805,24.03,412753.0,9918454.59,0.0050000000000007,24.03,24.02
2015-06-03,KIM,77129,KIMCO REALTY CORP,,,-0.011236,0.0742762949854451,0.0004208754208754,-2.0144768611852119e-10,0.002119,5.68738688755745,23.76,412753.0,9807011.28,0.0050000000000007,23.76,23.75
2015-06-04,KIM,77129,KIMCO REALTY CORP,,,-0.00463,-0.0385288772755194,0.0004228329809725,-8.673823689003067e-11,-0.008623,5.46825825614835,23.65,412753.0,9761608.45,0.0050000000000007,23.66,23.65
2015-06-05,KIM,77129,KIMCO REALTY CORP,,,-0.013108,0.3327313649735937,0.0004284490145673,-1.8670403609766032e-10,-0.001436,7.287719289744714,23.34,412753.0,9633655.02,0.0050000000000007,23.34,23.33
2015-06-08,KIM,77129,KIMCO REALTY CORP,,,-0.001285,-0.3056394421860434,0.0004290004290004,-2.6393314708863078e-11,-0.006474,5.060304831218671,23.31,412753.0,9621272.43,0.0050000000000007,23.32,23.31
2015-06-09,KIM,77129,KIMCO REALTY CORP,,,-0.010725,-0.358242812602937,0.000433651344319,-3.4697672113928355e-10,0.000418,3.2474869958546635,23.06,412753.0,9518084.18,0.004999999999999,23.06,23.05
2015-06-10,KIM,77129,KIMCO REALTY CORP,,,0.009107,0.5406375661178295,0.0004297378599055,1.8951378732696862e-10,0.012042,5.003200461292831,23.27,412753.0,9604762.31,0.0050000000000007,23.26,23.25
2015-06-11,KIM,77129,KIMCO REALTY CORP,,,0.005587,0.4984271841463261,0.0004273504273504,7.715943310170396e-11,0.001739,7.496931578934617,23.4,412753.0,9658420.2,0.0050000000000007,23.42,23.41
2015-06-12,KIM,77129,KIMCO REALTY CORP,,,-0.005556,-0.0099725922567388,0.0004297378599053,-7.793720918716179e-11,-0.006994,7.422167737121232,23.27,412753.0,9604762.31,0.004999999999999,23.27,23.26
2015-06-15,KIM,77129,KIMCO REALTY CORP,,,-0.00043,0.1910425320921476,0.0004299226139295,-5.0665282824195395e-12,-0.004622,8.840117455233518,23.26,412753.0,9600634.78,0.0050000000000007,23.26,23.25
2015-06-16,KIM,77129,KIMCO REALTY CORP,,,0.007739,-0.2048657292770058,0.0004266211604096,1.1379901244796444e-10,0.00569,7.029080345872713,23.44,412753.0,9674930.32,0.0050000000000007,23.44,23.43
2015-06-17,KIM,77129,KIMCO REALTY CORP,,,0.007679,-0.3816726720744059,0.0004233700254022,1.8122478242343544e-10,0.00198,4.346272468037785,23.62,412753.0,9749225.86,0.0050000000000007,23.62,23.61
2015-06-18,KIM,77129,KIMCO REALTY CORP,,,0.016935,0.6627975229899379,0.0004163197335552,2.3635546132324526e-10,0.009903,7.226971094092593,24.02,412753.0,9914327.06,0.004999999999999,24.02,24.01
2015-06-19,KIM,77129,KIMCO REALTY CORP,,,-0.010824,-0.110337604937924,0.0004208754208753,-1.7166017749327406e-10,-0.005304,6.429564412614808,23.76,412753.0,9807011.28,0.004999999999999,23.77,23.76
2015-06-22,KIM,77129,KIMCO REALTY CORP,,,-0.010943,0.1127592581567265,0.0004255319148936,-1.576868692250543e-10,0.006095,7.154557326052142,23.5,412753.0,9699695.5,0.0050000000000007,23.51,23.5
2015-06-23,KIM,77129,KIMCO REALTY CORP,,,-0.006809,-0.2277484579580876,0.0004284490145673,-1.27923605659461e-10,0.000636,5.525117927671029,23.34,412753.0,9633655.02,0.0050000000000007,23.35,23.34
2015-06-24,KIM,77129,KIMCO REALTY CORP,,,-0.003856,0.0153334189867262,0.0004301075268817,-7.162647798513714e-11,-0.007353,5.609836875807081,23.25,412753.0,9596507.25,0.0050000000000007,23.26,23.25
2015-06-25,KIM,77129,KIMCO REALTY CORP,,,-0.005591,-0.1118357038312192,0.000432525951557,-1.1758932038506279e-10,-0.002974,4.982456820422868,23.12,412753.0,9542849.36,0.004999999999999,23.13,23.12
2015-06-26,KIM,77129,KIMCO REALTY CORP,,,0.000432,0.3672308224946561,0.0004323389537397,6.642514199041812e-12,-0.00039,6.812168536630867,23.13,412753.0,9546976.89,0.0050000000000007,23.14,23.13
2015-06-29,KIM,77129,KIMCO REALTY CORP,,,-0.019888,0.0885596585463179,0.000441111601235,-2.8662345913138663e-10,-0.020866,7.415451856194867,22.67,412753.0,9357110.51,0.004999999999999,22.68,22.67
2015-06-30,KIM,77129,KIMCO REALTY CORP,,,-0.005734,0.29834713713959,0.0004436557231587,-6.401549294430794e-11,0.002658,9.627830688087064,22.54,412753.0,9303452.62,0.004999999999999,22.54,22.53
2015-07-01,KIM,77129,KIMCO REALTY CORP,,,0.019077,-0.2557336390603123,0.0004399472063353,2.8376809899397793e-10,0.006936,7.1656705099660085,22.73,412753.0,9381875.69,0.0050000000000007,22.73,22.72
2015-07-02,KIM,77129,KIMCO REALTY CORP,,,0.007479,-0.0133531598714115,0.0004366812227073,1.1191782160626058e-10,-0.000308,7.069986166060573,22.9,412753.0,9452043.7,0.004999999999999,22.9,22.89
2015-07-06,KIM,77129,KIMCO REALTY CORP,,,0.012227,0.5405283058696617,0.0004314063848144,1.1733511289892532e-10,-0.003862,10.89151381092324,23.18,412753.0,9567614.54,0.004999999999999,23.18,23.17
2015-07-07,KIM,77129,KIMCO REALTY CORP,,,0.02157,-0.0400044043995057,0.0004222972972973,2.1106718669550816e-10,0.006081,10.455805287908264,23.68,412753.0,9773991.04,0.0050000000000007,23.69,23.68
2015-07-08,KIM,77129,KIMCO REALTY CORP,,,0.006757,0.3036324645216901,0.0004194630872483,5.0378446949407456e-11,-0.016653,13.630527216034771,23.84,412753.0,9840031.52,0.0050000000000007,23.87,23.86
2015-07-09,KIM,77129,KIMCO REALTY CORP,,,-0.008809,-0.5721472701674233,0.0004231908590775,-1.5486942585728919e-10,0.002262,5.83185827843771,23.63,412753.0,9753353.39,0.0050000000000007,23.64,23.63
2015-07-10,KIM,77129,KIMCO REALTY CORP,,,0.01058,0.3134259780475981,0.0004187604690117,1.4013562129397908e-10,0.012338,7.65971416319203,23.88,412753.0,9856541.64,0.0050000000000007,23.89,23.88
2015-07-13,KIM,77129,KIMCO REALTY CORP,,,0.0067,0.1061032967797643,0.0004159733777037,7.969697741809649e-11,0.011066,8.47243508829736,24.04,412753.0,9922582.12,0.004999999999999,24.04,24.03
2015-07-14,KIM,77129,KIMCO REALTY CORP,,,0.002912,0.1090533290744728,0.0004147656574036,3.1141766337256025e-11,0.004453,9.39638234004356,24.11,412753.0,9951474.83,0.0050000000000007,24.12,24.11
2015-07-15,KIM,77129,KIMCO REALTY CORP,,,0.006221,0.0020761218909417,0.0004122011541631,6.598082974327035e-11,-0.000735,9.415890375115383,24.26,412753.0,10013387.78,0.004999999999999,24.27,24.26
2015-07-16,KIM,77129,KIMCO REALTY CORP,,,0.011542,-0.0864156552647065,0.0004074979625101,1.3246655154843604e-10,0.008015,8.602210038449146,24.54,412753.0,10128958.62,0.004999999999999,24.54,24.53
2015-07-17,KIM,77129,KIMCO REALTY CORP,,,-0.003667,-0.0600911736309591,0.0004089979550101,-4.494134208418107e-11,0.001106,8.085293141418719,24.45,412753.0,10091810.85,0.004999999999999,24.45,24.44
2015-07-20,KIM,77129,KIMCO REALTY CORP,,,0.0,-0.5422774403554566,0.0004089979550101,0.0,0.000771,3.700821072166647,24.45,412753.0,10091810.85,0.004999999999999,24.45,24.44
2015-07-21,KIM,77129,KIMCO REALTY CORP,,,-0.004908,0.3352789643377358,0.0004110152075625,-9.890132524825719e-11,-0.004262,4.941628528441949,24.33,412753.0,10042280.49,0.004999999999999,24.33,24.32
2015-07-22,KIM,77129,KIMCO REALTY CORP,,,0.009042,0.1753629995411028,0.0004073319755601,1.536316366584947e-10,-0.002388,5.808207329807416,24.55,412753.0,10133086.15,0.0050000000000007,24.55,24.54
2015-07-23,KIM,77129,KIMCO REALTY CORP,,,-0.016293,0.2045083018576723,0.0004140786749483,-2.336370831944657e-10,-0.005676,6.996033947663615,24.15,412753.0,9967984.95,0.0050000000000007,24.17,24.16
2015-07-24,KIM,77129,KIMCO REALTY CORP,,,0.005797,-0.0395022360867063,0.0004116920543434,8.604730657314109e-11,-0.010703,6.719674962992395,24.29,412753.0,10025770.37,0.0050000000000007,24.3,24.29
2015-07-27,KIM,77129,KIMCO REALTY CORP,,,0.001647,-0.2011140171173139,0.0004110152075625,3.055119373578012e-11,-0.005775,5.3682541374623565,24.33,412753.0,10042280.49,0.004999999999999,24.33,24.32
2015-07-28,KIM,77129,KIMCO REALTY CORP,,,0.003288,0.646190499615708,0.0004096681687832,3.6928411998335405e-11,0.012386,8.837168960613248,24.41,412753.0,10075300.73,0.004999999999999,24.43,24.42
2015-07-29,KIM,77129,KIMCO REALTY CORP,,,0.004097,-0.1110424809078267,0.000407996736026,5.155113695061793e-11,0.007319,7.855867795025111,24.51,412753.0,10116576.03,0.004999999999999,24.52,24.51
2015-07-30,KIM,77129,KIMCO REALTY CORP,,,-0.002448,-0.0838353842505226,0.0004089979550102,-3.3703471103554616e-11,2.8e-05,7.197268099807875,24.45,412753.0,10091810.85,0.0050000000000007,24.46,24.45
2015-07-31,KIM,77129,KIMCO REALTY CORP,,,0.010634,0.1426966224054042,0.0004046944556858,1.2677541702280466e-10,-0.002272,8.217007690278104,24.71,413119.0,10208170.49,0.004999999999999,24.7,24.69
2015-08-03,KIM,77129,KIMCO REALTY CORP,,,0.014164,0.1550909355500291,0.0003990422984835,1.441450764694129e-10,-0.002757,9.49139110038512,25.06,413119.0,10352762.14,0.004999999999999,25.06,25.05
2015-08-04,KIM,77129,KIMCO REALTY CORP,,,-0.007183,-0.2398062367606426,0.0004019292604502,-9.685591529901962e-11,-0.00225,7.215296318978309,24.88,413119.0,10278400.72,0.0050000000000007,24.89,24.88
2015-08-05,KIM,77129,KIMCO REALTY CORP,,,-0.009244,-0.0482199937197561,0.0004056795131846,-1.321834536832292e-10,0.003115,6.867374775790995,24.65,413119.0,10183383.35,0.0050000000000007,24.66,24.65
2015-08-06,KIM,77129,KIMCO REALTY CORP,,,0.006897,0.4082303299597503,0.0004029008863818,6.955347562146443e-11,-0.007753,9.67084544646942,24.82,413119.0,10253613.58,0.004999999999999,24.83,24.82
2015-08-07,KIM,77129,KIMCO REALTY CORP,,,0.003626,-0.5094866102157334,0.0004014452027298,7.427858008650051e-11,-0.002875,4.743679182027455,24.91,413119.0,10290794.29,0.0050000000000007,24.92,24.91
2015-08-10,KIM,77129,KIMCO REALTY CORP,,,-0.009635,0.5141383596706441,0.0004053506282935,-1.3162140678489302e-10,0.012808,7.182586615478833,24.67,413119.0,10191645.73,0.0050000000000007,24.67,24.66
2015-08-11,KIM,77129,KIMCO REALTY CORP,,,0.009323,0.0381755847055014,0.0004016064257028,1.2154286932899128e-10,-0.009557,7.456786059222646,24.9,413119.0,10286663.1,0.0050000000000007,24.92,24.91
2015-08-12,KIM,77129,KIMCO REALTY CORP,,,0.010442,0.306817960487447,0.0003974562798092,1.0309345751285516e-10,0.00095,9.744661949704565,25.16,413119.0,10394074.04,0.0050000000000007,25.16,25.15
2015-08-13,KIM,77129,KIMCO REALTY CORP,,,0.006359,-0.2855773088192006,0.0003949447077409,8.732285705678391e-11,-0.001275,6.96180761475507,25.32,413119.0,10460173.08,0.0050000000000007,25.32,25.31
2015-08-14,KIM,77129,KIMCO REALTY CORP,,,0.00316,-0.3973693131737744,0.0003937007874016,7.178024497988844e-11,0.003912,4.195398904431895,25.4,413119.0,10493222.6,0.0050000000000007,25.41,25.4
2015-08-17,KIM,77129,KIMCO REALTY CORP,,,0.005905,0.2746534010231947,0.0003913894324853,1.0461367495006543e-10,0.005211,5.3476794821831,25.55,413119.0,10555190.45,0.0050000000000007,25.55,25.54
2015-08-18,KIM,77129,KIMCO REALTY CORP,,,0.004305,-0.1594321636336313,0.000389711613406,9.034480748652252e-11,-0.002626,4.495087371919471,25.66,413119.0,10600633.54,0.004999999999999,25.68,25.67
2015-08-19,KIM,77129,KIMCO REALTY CORP,,,-0.010133,0.5186299882714434,0.0003937007874016,-1.4146175687572474e-10,-0.008255,6.82637448289718,25.4,413119.0,10493222.6,0.0050000000000007,25.41,25.4
2015-08-20,KIM,77129,KIMCO REALTY CORP,,,-0.008661,-0.0977612535703458,0.0003971405877681,-1.3518408331758326e-10,-0.0211,6.159019556108531,25.18,413119.0,10402336.42,0.0050000000000007,25.19,25.18
2015-08-21,KIM,77129,KIMCO REALTY CORP,,,-0.02502,0.6434986055695471,0.00040733197556,-2.4371357288436867e-10,-0.031851,10.12234005213994,24.55,413119.0,10142071.45,0.004999999999999,24.56,24.55
2015-08-24,KIM,77129,KIMCO REALTY CORP,,,-0.050917,0.7044752519949276,0.0004291845493561,-3.0659148861359085e-10,-0.039414,17.253278111149573,23.3,413119.0,9625672.7,0.004999999999999,23.31,23.3
2015-08-25,KIM,77129,KIMCO REALTY CORP,,,-0.030043,-0.1557969189594841,0.0004424778761061,-2.20923102508952e-10,-0.013522,14.56527053948136,22.6,413119.0,9336489.4,0.004999999999999,22.61,22.6
2015-08-26,KIM,77129,KIMCO REALTY CORP,,,0.042035,0.2025259298775674,0.0004246284501062,2.466788785886163e-10,0.039034,17.51511549940816,23.55,413119.0,9728952.45,0.0050000000000007,23.55,23.54
2015-08-27,KIM,77129,KIMCO REALTY CORP,,,0.01104,-0.2697832604345018,0.000419991600168,8.775456516930079e-11,0.024298,12.78983053309095,23.81,413119.0,9836363.39,0.0050000000000007,23.82,23.81
2015-08-28,KIM,77129,KIMCO REALTY CORP,,,-0.00966,-0.1256621752620595,0.0004240882103478,-8.867763445529589e-11,0.000609,11.182632607069634,23.58,413119.0,9741346.02,0.0050000000000007,23.59,23.58
2015-08-31,KIM,77129,KIMCO REALTY CORP,,,-0.022477,0.4963699397241154,0.0004338394793925,-1.4106173282818876e-10,-0.008392,16.732707226451403,23.05,413135.0,9522761.75,0.004999999999999,23.06,23.05
2015-09-01,KIM,77129,KIMCO REALTY CORP,,,-0.022126,-0.3029258338110656,0.0004436557231587,-2.0370974590072148e-10,-0.029576,11.663937937962167,22.54,413135.0,9312062.9,0.004999999999999,22.54,22.53
2015-09-02,KIM,77129,KIMCO REALTY CORP,,,0.00976,-0.1886221847392525,0.0004393673110719,1.0967742400641426e-10,0.018293,9.463860481440692,22.76,413135.0,9402952.6,0.004999999999999,22.77,22.76
2015-09-03,KIM,77129,KIMCO REALTY CORP,,,0.003076,-0.2239048946098215,0.0004380201489267,4.4402268313781285e-11,0.001165,7.344855797741658,22.83,413135.0,9431872.05,0.004999999999999,22.83,22.82
2015-09-04,KIM,77129,KIMCO REALTY CORP,,,-0.024091,0.0504367066227218,0.0004488330341112,-3.392301847825554e-10,-0.01533,7.715306134798553,22.28,413135.0,9204647.8,0.004999999999999,22.29,22.28
2015-09-08,KIM,77129,KIMCO REALTY CORP,,,0.016158,0.0041079692532901,0.0004416961130741,2.229901168781872e-10,0.025083,7.747000375180026,22.64,413135.0,9353376.4,0.004999999999999,22.63,22.62
2015-09-09,KIM,77129,KIMCO REALTY CORP,,,-0.016784,-0.1427751482007663,0.0004492362982929,-2.748210480820641e-10,-0.013898,6.6409212485023055,22.26,413135.0,9196385.1,0.0050000000000007,22.28,22.27
2015-09-10,KIM,77129,KIMCO REALTY CORP,,,0.008985,0.6925273646238861,0.0004452359750668,8.61494107277042e-11,0.005278,11.239940939402375,22.46,413135.0,9279012.1,0.0050000000000007,22.46,22.45
2015-09-11,KIM,77129,KIMCO REALTY CORP,,,0.024043,-0.3161966770271338,0.0004347826086957,3.2921043690331376e-10,0.004487,7.685908964382103,23.0,413135.0,9502105.0,0.0050000000000007,23.0,22.99
2015-09-14,KIM,77129,KIMCO REALTY CORP,,,-0.001739,-0.3277810285458024,0.0004355400696864,-3.5483766111300963e-11,-0.00409,5.166613818727535,22.96,413135.0,9485579.6,0.0050000000000007,22.96,22.95
2015-09-15,KIM,77129,KIMCO REALTY CORP,,,0.013502,0.3145524333699225,0.0004297378599053,2.0678823034563622e-10,0.012831,6.791784767690949,23.27,413135.0,9613651.45,0.004999999999999,23.29,23.28
2015-09-16,KIM,77129,KIMCO REALTY CORP,,,0.013752,-0.1118184241625931,0.0004239084357779,2.339161778216292e-10,0.008705,6.032338097716243,23.59,413135.0,9745854.65,0.0050000000000007,23.59,23.58
2015-09-17,KIM,77129,KIMCO REALTY CORP,,,0.010598,0.3421644590858568,0.0004194630872483,1.329028413585127e-10,-0.002561,8.096389799944328,23.84,413135.0,9849138.4,0.0050000000000007,23.84,23.83
2015-09-18,KIM,77129,KIMCO REALTY CORP,,,0.012164,1.2534071252311727,0.0004144218814752,6.687996361444954e-11,-0.016164,18.244462463843536,24.13,413135.0,9968947.55,0.004999999999999,24.15,24.14
2015-09-21,KIM,77129,KIMCO REALTY CORP,,,0.006631,-0.5016432665474925,0.0004116920543434,7.267551553287989e-11,0.004566,9.092250717077953,24.29,413135.0,10035049.15,0.0050000000000007,24.3,24.29
2015-09-22,KIM,77129,KIMCO REALTY CORP,,,-0.009469,0.020155061047667,0.0004156275976725,-1.0270200286116217e-10,-0.012318,9.275505585341351,24.06,413135.0,9940028.1,0.0050000000000007,24.07,24.06
2015-09-23,KIM,77129,KIMCO REALTY CORP,,,0.007066,-0.4270761026253407,0.0004127115146511,1.3282924403376024e-10,-0.002049,5.314158810074189,24.23,413135.0,10010261.05,0.004999999999999,24.24,24.23
2015-09-24,KIM,77129,KIMCO REALTY CORP,,,-0.012381,0.5581072802344833,0.0004178854993732,-1.512478292238075e-10,-0.003363,8.280029530298814,23.93,413135.0,9886320.55,0.0050000000000007,23.94,23.93
2015-09-25,KIM,77129,KIMCO REALTY CORP,,,0.00794,0.0571280735039188,0.0004145936981758,9.103150395542476e-11,-0.000466,8.75305166592034,24.12,413135.0,9964816.2,0.0050000000000007,24.12,24.11
2015-09-28,KIM,77129,KIMCO REALTY CORP,,,-0.018242,-0.1044985996318779,0.0004222972972972,-2.3788825627287413e-10,-0.025666,7.8383700243261885,23.68,413135.0,9783036.8,0.004999999999999,23.7,23.69
2015-09-29,KIM,77129,KIMCO REALTY CORP,,,0.016892,-0.1128232207898884,0.0004152823920264,2.441724571551029e-10,0.001233,6.954019872438791,24.08,413135.0,9948290.8,0.004999999999999,24.08,24.07
2015-09-30,KIM,77129,KIMCO REALTY CORP,,,0.014535,0.4805080076256138,0.0004093327875563,1.3987912014251523e-10,0.019076,10.295482106333282,24.43,413135.0,10092888.05,0.0050000000000007,24.44,24.43
2015-10-01,KIM,77129,KIMCO REALTY CORP,,,0.01228,0.1236535553474096,0.0004083299305839,1.0491521480466455e-10,0.001974,11.568555072797029,24.49,413135.0,10117676.15,0.0050000000000007,24.48,24.47
2015-10-02,KIM,77129,KIMCO REALTY CORP,,,0.016333,0.0109185824506341,0.0004017677782242,1.3581688895314403e-10,0.014315,11.694867295194063,24.89,413135.0,10282930.15,0.0050000000000007,24.89,24.88
2015-10-05,KIM,77129,KIMCO REALTY CORP,,,0.014865,-0.2912012458090649,0.0003958828186857,1.7183884087476622e-10,0.01829,8.289307369261863,25.26,413135.0,10435790.1,0.0050000000000007,25.28,25.27
2015-10-06,KIM,77129,KIMCO REALTY CORP,,,-0.009897,-0.1996266428546608,0.0003998400639744,-1.4437334617875768e-10,-0.003588,6.634540767545717,25.01,413135.0,10332506.35,0.0050000000000007,25.01,25.0
2015-10-07,KIM,77129,KIMCO REALTY CORP,,,0.014394,0.0920410761043297,0.0003941663381947,1.8954799752157603e-10,0.008036,7.245191039248672,25.37,413135.0,10481234.95,0.0050000000000007,25.37,25.36
2015-10-08,KIM,77129,KIMCO REALTY CORP,,,0.013402,-0.1244239523566754,0.0003889537145078,1.9889864938127404e-10,0.008818,6.343715734566183,25.71,413135.0,10621700.85,0.004999999999999,25.72,25.71
2015-10-09,KIM,77129,KIMCO REALTY CORP,,,-0.010113,0.3897652291599813,0.0003929273084479,-1.0909756962978428e-10,0.000725,8.816275551575151,25.45,413135.0,10514285.75,0.0050000000000007,25.46,25.45
2015-10-12,KIM,77129,KIMCO REALTY CORP,,,0.01611,0.4076070364098407,0.0003866976024749,1.2150899982270275e-10,0.001276,12.409851501325234,25.86,413135.0,10683671.1,0.0050000000000007,25.87,25.86
2015-10-13,KIM,77129,KIMCO REALTY CORP,,,0.002707,-0.2335272240149297,0.0003856536829925,2.6566260767428776e-11,-0.006825,9.511813329783244,25.93,413135.0,10712590.55,0.004999999999999,25.93,25.92
2015-10-14,KIM,77129,KIMCO REALTY CORP,,,-0.025839,0.0142638185513617,0.0003958828186855,-2.5664695423578957e-10,-0.004716,9.647488109213697,25.26,413135.0,10435790.1,0.004999999999999,25.27,25.26
2015-10-15,KIM,77129,KIMCO REALTY CORP,,,0.006334,0.4544725350407643,0.0003933910306844,4.298240845668569e-11,0.014853,14.032006486983674,25.42,413135.0,10501891.7,0.004999999999999,25.43,25.42
2015-10-16,KIM,77129,KIMCO REALTY CORP,,,0.016522,-0.461343948272183,0.0003869969040246,2.0476079126053875e-10,0.00457,7.558425212097741,25.84,413135.0,10675408.4,0.004999999999999,25.83,25.82
2015-10-19,KIM,77129,KIMCO REALTY CORP,,,0.013158,-0.1445378124349511,0.0003819709702061,1.881464864594109e-10,0.000271,6.465946966487952,26.18,413135.0,10815874.3,0.004999999999999,26.2,26.19
2015-10-20,KIM,77129,KIMCO REALTY CORP,,,-0.00382,-0.1011758654652082,0.0003834355828221,-6.100380487182697e-11,-0.001421,5.811749186101396,26.08,413135.0,10774560.8,0.0050000000000007,26.09,26.08
2015-10-21,KIM,77129,KIMCO REALTY CORP,,,-0.006518,-0.1293578566261161,0.0003859513701274,-1.20339556117751e-10,-0.005825,5.059953768138744,25.91,413135.0,10704327.85,0.0050000000000007,25.91,25.9
2015-10-22,KIM,77129,KIMCO REALTY CORP,,,0.018526,0.1714463530235681,0.0003789314134142,2.866693930525947e-10,0.016628,5.927464388153993,26.39,413135.0,10902632.65,0.0050000000000007,26.39,26.38
2015-10-23,KIM,77129,KIMCO REALTY CORP,,,-0.002653,-0.1325911869401183,0.0003799392097265,-4.745331885557199e-11,0.01103,5.1415348493833735,26.32,413135.0,10873713.2,0.0050000000000007,26.34,26.33
2015-10-26,KIM,77129,KIMCO REALTY CORP,,,0.007599,-0.0338587518383841,0.0003770739064855,1.3962318083645791e-10,-0.001913,4.967448896849698,26.52,413135.0,10956340.2,0.004999999999999,26.52,26.51
2015-10-27,KIM,77129,KIMCO REALTY CORP,,,0.012443,0.4224503429688822,0.0003724394785847,1.5875166893943543e-10,-0.002554,7.065949387004248,26.85,413135.0,11092674.75,0.0050000000000007,26.87,26.86
2015-10-28,KIM,77129,KIMCO REALTY CORP,,,0.009311,0.2960433215914957,0.0003690036900369,9.081236914365284e-11,0.01184,9.15777651373038,27.1,413135.0,11195958.5,0.0050000000000007,27.09,27.08
2015-10-29,KIM,77129,KIMCO REALTY CORP,,,0.000369,-0.3332036439200951,0.00036886757654,5.395374572224511e-12,-0.00045,6.106372009149552,27.11,413135.0,11200089.85,0.0050000000000007,27.12,27.11
2015-10-30,KIM,77129,KIMCO REALTY CORP,,,-0.012542,0.2429703863552401,0.000373552484124,-1.4941093920592334e-10,-0.00481,7.590039575441442,26.77,413135.0,11059623.95,0.0050000000000007,26.75,26.74
2015-11-02,KIM,77129,KIMCO REALTY CORP,,,0.020172,-0.1447837507984632,0.0003661662394726,2.7543256460683945e-10,0.011874,6.491125177000254,27.31,413135.0,11282716.85,0.004999999999999,27.31,27.3
2015-11-03,KIM,77129,KIMCO REALTY CORP,,,-0.005126,-0.3158442501820666,0.000368052999632,-1.0283051450766881e-10,0.002728,4.440940612632675,27.17,413135.0,11224877.95,0.0050000000000007,27.17,27.16
2015-11-04,KIM,77129,KIMCO REALTY CORP,,,-0.009937,0.2252494674901946,0.0003717472118959,-1.6432798605899378e-10,-0.003545,5.441260120783763,26.9,413135.0,11113331.5,0.0050000000000007,26.92,26.91
2015-11-05,KIM,77129,KIMCO REALTY CORP,,,0.001487,0.2255803556534215,0.0003711952487007,2.003457383787565e-11,-0.001132,6.668701514032943,26.94,413135.0,11129856.9,0.004999999999999,26.95,26.94
2015-11-06,KIM,77129,KIMCO REALTY CORP,,,-0.029324,0.1720305879261319,0.0003824091778201,-3.4727962445704387e-10,-0.000348,7.815922156195916,26.15,413135.0,10803480.25,0.004999999999999,26.15,26.14
2015-11-09,KIM,77129,KIMCO REALTY CORP,,,-0.024092,0.0713378100117341,0.0003918495297806,-2.7289371750608003e-10,-0.009823,8.373492926041125,25.52,413135.0,10543205.2,0.0050000000000007,25.53,25.52
2015-11-10,KIM,77129,KIMCO REALTY CORP,,,0.012147,-0.4075287413969485,0.00038714672861,2.2944504923813408e-10,0.001511,4.961053892795333,25.83,413135.0,10671277.05,0.004999999999999,25.83,25.82
2015-11-11,KIM,77129,KIMCO REALTY CORP,,,0.011227,0.2655810810481145,0.0003828483920366,1.6570462950213618e-10,-0.003228,6.278615948781876,26.12,413135.0,10791086.2,0.004999999999999,26.13,26.12
2015-11-12,KIM,77129,KIMCO REALTY CORP,,,-0.008423,-0.065554551496656,0.0003861003861003,-1.3417054243863238e-10,-0.01399,5.867024096239728,25.9,413135.0,10700196.5,0.004999999999999,25.9,25.89
2015-11-13,KIM,77129,KIMCO REALTY CORP,,,-0.01583,0.0516454451202683,0.0003923107100824,-2.4363062156776367e-10,-0.011207,6.170029167221369,25.49,413135.0,10530811.15,0.0050000000000007,25.5,25.49
2015-11-16,KIM,77129,KIMCO REALTY CORP,,,0.011769,-0.2288071461777011,0.0003877471888329,2.321378821573657e-10,0.014903,4.758282401636269,25.79,413135.0,10654751.65,0.0050000000000007,25.8,25.79
2015-11-17,KIM,77129,KIMCO REALTY CORP,,,0.003877,-0.1873011318981001,0.000386249517188,9.373286526897467e-11,-0.001339,3.867050721918986,25.89,413135.0,10696065.15,0.004999999999999,25.9,25.89
2015-11-18,KIM,77129,KIMCO REALTY CORP,,,0.013905,0.2772365540111692,0.0003809523809524,2.5959629415788624e-10,0.016162,4.939138538250209,26.25,413135.0,10844793.75,0.0050000000000007,26.25,26.24
2015-11-19,KIM,77129,KIMCO REALTY CORP,,,0.003048,-0.1117405224424427,0.0003797949107481,6.386766762760273e-11,-0.001123,4.387236617570528,26.33,413135.0,10877844.55,0.004999999999999,26.33,26.32
2015-11-20,KIM,77129,KIMCO REALTY CORP,,,0.006836,0.9865805692734042,0.000377216144851,7.161485153941289e-11,0.00381,8.715599017270383,26.51,413135.0,10952208.85,0.0050000000000007,26.5,26.49
2015-11-23,KIM,77129,KIMCO REALTY CORP,,,-0.012071,-0.0467903771441203,0.000381825124093,-1.342858038169999e-10,-0.001235,8.307792852215378,26.19,413135.0,10820005.65,0.004999999999999,26.2,26.19
2015-11-24,KIM,77129,KIMCO REALTY CORP,,,-0.0042,0.1262665198237884,0.0003834355828221,-4.1660346792058305e-11,0.001222,9.35678894308156,26.08,413135.0,10774560.8,0.0050000000000007,26.09,26.08
2015-11-25,KIM,77129,KIMCO REALTY CORP,,,0.000767,-0.2749537784007054,0.0003831417624521,1.0485046006611584e-11,-0.000129,6.784104469483341,26.1,413135.0,10782823.5,0.0050000000000007,26.1,26.09
2015-11-27,KIM,77129,KIMCO REALTY CORP,,,0.010728,-0.6074842181842055,0.0003790750568611,3.696598937944797e-10,0.000594,2.66286806975928,26.38,413135.0,10898501.3,0.004999999999999,26.38,26.37
2015-11-30,KIM,77129,KIMCO REALTY CORP,,,-0.010993,2.474889194309005,0.0003832886163281,-1.1021978234577632e-10,-0.004641,9.249253586896035,26.09,413310.0,10783257.9,0.0050000000000007,26.1,26.09
2015-12-01,KIM,77129,KIMCO REALTY CORP,,,0.021464,-0.2567753188820053,0.000375234521576,2.834723624794169e-10,0.010681,6.874273547700273,26.65,413310.0,11014711.5,0.0050000000000007,26.64,26.63
2015-12-02,KIM,77129,KIMCO REALTY CORP,,,-0.025141,0.0260023384436045,0.0003849114703618,-3.3196502318171397e-10,-0.010996,7.053020735041494,25.98,413310.0,10737793.8,0.0050000000000007,26.0,25.99
2015-12-03,KIM,77129,KIMCO REALTY CORP,,,-0.027329,0.8238548185918484,0.000395726157499,-2.0341227640299624e-10,-0.014374,12.863685853233653,25.27,413310.0,10444343.7,0.0050000000000007,25.28,25.27
2015-12-04,KIM,77129,KIMCO REALTY CORP,,,0.013059,0.1675506753261897,0.000390625,8.217749119815449e-11,0.020526,15.019005105126904,25.6,413310.0,10580736.0,0.0050000000000007,25.6,25.59
2015-12-07,KIM,77129,KIMCO REALTY CORP,,,-0.000391,-0.385913503090211,0.0003907776475186,-4.008296556738299e-12,-0.00699,9.222968232077616,25.59,413310.0,10576602.9,0.0050000000000007,25.59,25.58
2015-12-08,KIM,77129,KIMCO REALTY CORP,,,-0.00508,0.0845964461711803,0.0003927729772192,-4.826035475511136e-11,-0.00649,10.003198567661078,25.46,413310.0,10522872.6,0.0050000000000007,25.48,25.47
2015-12-09,KIM,77129,KIMCO REALTY CORP,,,0.000786,-0.3853452792191992,0.0003924646781788,1.2138837507355286e-11,-0.007739,6.148513222520626,25.48,413310.0,10531138.8,0.004999999999999,25.49,25.48
2015-12-10,KIM,77129,KIMCO REALTY CORP,,,-0.010204,0.3171618444839177,0.0003965107057891,-1.208760338594165e-10,0.002251,8.098587017009026,25.22,413310.0,10423678.2,0.0050000000000007,25.23,25.22
2015-12-11,KIM,77129,KIMCO REALTY CORP,,,-0.003569,0.3060177872609178,0.0003979307600476,-3.2487762490236296e-11,-0.019423,10.576898695894124,25.13,413310.0,10386480.3,0.004999999999999,25.13,25.12
2015-12-14,KIM,77129,KIMCO REALTY CORP,,,0.005969,-0.0465659911912008,0.0003955696202532,5.664996062333272e-11,0.004756,10.084374924390891,25.28,413310.0,10448476.8,0.0050000000000007,25.28,25.27
2015-12-15,KIM,77129,KIMCO REALTY CORP,,,0.022943,0.2264210924590921,0.0003866976024747,1.7356301132464648e-10,0.010619,12.367690111538554,25.86,413310.0,10688196.6,0.004999999999999,25.86,25.85
2015-12-16,KIM,77129,KIMCO REALTY CORP,,,0.021655,-0.3622347990586283,0.0003785011355034,2.5142013084817105e-10,0.014515,7.887682369166002,26.42,413310.0,10919650.2,0.0050000000000007,26.44,26.43
2015-12-17,KIM,77129,KIMCO REALTY CORP,,,-0.007949,-0.0846153657388917,0.0003815337657383,-1.0162873767984227e-10,-0.015041,7.220263240666812,26.21,413310.0,10832855.1,0.0050000000000007,26.23,26.22
2015-12-18,KIM,77129,KIMCO REALTY CORP,,,-0.016406,0.7726679147927742,0.0003878975950349,-1.2029940113781956e-10,-0.017797,12.799128983087757,25.78,413310.0,10655131.8,0.0050000000000007,25.8,25.79
2015-12-21,KIM,77129,KIMCO REALTY CORP,,,0.012025,-0.3103477348238415,0.000383288616328,1.2633524012079556e-10,0.007778,8.826948295468293,26.09,413310.0,10783257.9,0.004999999999999,26.08,26.07
2015-12-22,KIM,77129,KIMCO REALTY CORP,,,0.00115,-0.3308506013541775,0.0003828483920366,1.8034955702432023e-11,0.008817,5.906547143790375,26.12,413310.0,10795657.2,0.004999999999999,26.13,26.12
2015-12-23,KIM,77129,KIMCO REALTY CORP,,,0.014165,-0.043942922332344,0.0003775009437522,2.2910850521226458e-10,0.012418,5.6469962013984665,26.49,413310.0,10948581.9,0.004999999999999,26.49,26.48
2015-12-24,KIM,77129,KIMCO REALTY CORP,,,-0.000378,-0.5924857324032974,0.0003776435045317,-1.500851044482106e-11,-0.001599,2.3012315211342576,26.48,413310.0,10944448.8,0.0050000000000007,26.5,26.49
2015-12-28,KIM,77129,KIMCO REALTY CORP,,,0.006798,1.5536965815110997,0.0003750937734434,1.0498215726312887e-10,-0.002179,5.876647068786141,26.66,413310.0,11018844.6,0.0050000000000007,26.67,26.66
2015-12-29,KIM,77129,KIMCO REALTY CORP,,,0.011628,-0.0322935249500078,0.00037078235076,1.8343191805102395e-10,0.01063,5.6868694200479055,26.97,413310.0,11146970.7,0.004999999999999,26.97,26.96
2015-12-30,KIM,77129,KIMCO REALTY CORP,,,-0.000927,-0.3285240210343595,0.0003746721618582,-2.2006527047611332e-11,-0.007217,3.818596211076432,26.69,413310.0,11031243.9,0.004999999999999,26.7,26.69
2015-12-31,KIM,77129,KIMCO REALTY CORP,,,-0.008618,0.5172334919886661,0.0003779289493574,-1.3601430244208789e-10,-0.009412,5.793702063826184,26.46,413310.0,10936182.6,0.004999999999999,26.47,26.46
2016-01-04,KIM,77129,KIMCO REALTY CORP,,,-0.026833,0.678113835533775,0.0003883495145631,-2.5932148976277004e-10,-0.015304,9.722491592267303,25.75,413310.0,10642732.5,0.0050000000000007,25.75,25.74
2016-01-05,KIM,77129,KIMCO REALTY CORP,,,0.031456,-0.3283192352782934,0.0003765060240964,4.3879232709970876e-10,0.002012,6.530410587694466,26.56,413310.0,10977513.6,0.0050000000000007,26.57,26.56
2016-01-06,KIM,77129,KIMCO REALTY CORP,,,-0.009036,0.7142645430820234,0.0003799392097263,-7.419866544933646e-11,-0.013115,11.194851322252063,26.32,413310.0,10878319.2,0.004999999999999,26.33,26.32
2016-01-07,KIM,77129,KIMCO REALTY CORP,,,-0.025076,-0.0392939702749806,0.0003897116134061,-2.1984512989309543e-10,-0.0237,10.754961167162662,25.66,413310.0,10605534.6,0.0050000000000007,25.67,25.66
2016-01-08,KIM,77129,KIMCO REALTY CORP,,,-0.017147,-0.2833649746812975,0.0003965107057891,-2.134323643970013e-10,-0.010838,7.707381868331277,25.22,413310.0,10423678.2,0.0050000000000007,25.23,25.22
2016-01-11,KIM,77129,KIMCO REALTY CORP,,,0.01586,0.0447613558526063,0.0003903200624512,1.860048066217482e-10,0.000853,8.052374730831579,25.62,413310.0,10589002.2,0.0050000000000007,25.62,25.61
2016-01-12,KIM,77129,KIMCO REALTY CORP,,,-0.004294,0.3018093960957619,0.000392003136025,-3.8851186741125537e-11,0.007803,10.482657085480632,25.51,413310.0,10543538.1,0.004999999999999,25.52,25.51
2016-01-13,KIM,77129,KIMCO REALTY CORP,,,-0.01176,-0.2012040381416461,0.0003966679888932,-1.3478802911840416e-10,-0.024965,8.37350414942779,25.21,413310.0,10419545.1,0.004999999999999,25.22,25.21
2016-01-14,KIM,77129,KIMCO REALTY CORP,,,0.002777,-0.1228041179443333,0.000395569620253,3.6184208139775136e-11,0.016696,7.345203358254095,25.28,413310.0,10448476.8,0.004999999999999,25.27,25.26
2016-01-15,KIM,77129,KIMCO REALTY CORP,,,0.004747,0.590456169384086,0.0003937007874016,3.870651518304847e-11,-0.021599,11.682223996515932,25.4,413310.0,10498074.0,0.0050000000000007,25.41,25.4
2016-01-19,KIM,77129,KIMCO REALTY CORP,,,0.012205,-0.3728662615618489,0.0003889537145078,1.5677402166318203e-10,0.000532,7.326316808206915,25.71,413310.0,10626200.1,0.004999999999999,25.72,25.71
2016-01-20,KIM,77129,KIMCO REALTY CORP,,,-0.014002,0.8454075903885021,0.0003944773175541,-9.884579511540648e-11,-0.011694,13.520040647455906,25.35,413310.0,10477408.5,0.004999999999999,25.36,25.35
2016-01-21,KIM,77129,KIMCO REALTY CORP,,,0.025641,0.1756924878596297,0.0003846153846154,1.5011149734757942e-10,0.005195,15.895410224770751,26.0,413310.0,10746060.0,0.0050000000000007,26.01,26.0
2016-01-22,KIM,77129,KIMCO REALTY CORP,,,0.022308,-0.3243739622864372,0.0003762227238525,1.890826268631552e-10,0.020284,10.739353027993516,26.58,413310.0,10985779.8,0.0050000000000007,26.59,26.58
2016-01-25,KIM,77129,KIMCO REALTY CORP,,,-0.014673,-0.2169610258180243,0.000381825124093,-1.6119293699296374e-10,-0.015638,8.409331978418136,26.19,413310.0,10824588.9,0.004999999999999,26.2,26.19
2016-01-26,KIM,77129,KIMCO REALTY CORP,,,0.021,-0.0922526679097874,0.0003739715781599,2.4891753976236156e-10,0.014144,7.633548668069972,26.74,413310.0,11051909.4,0.004999999999999,26.74,26.73
2016-01-27,KIM,77129,KIMCO REALTY CORP,,,-0.011219,-0.2781635120135454,0.0003782148260211,-1.8631656720272672e-10,-0.010863,5.510173961433306,26.44,413310.0,10927916.4,0.004999999999999,26.45,26.44
2016-01-28,KIM,77129,KIMCO REALTY CORP,,,0.0,0.1993369661150166,0.0003782148260211,0.0,0.005529,6.608555321671385,26.44,413310.0,10927916.4,0.004999999999999,26.45,26.44
2016-01-29,KIM,77129,KIMCO REALTY CORP,,,0.028366,0.8845815048938597,0.0003677822728945,2.0267095934742584e-10,0.02476,12.454361133289783,27.19,413310.0,11237898.9,0.0050000000000007,27.19,27.18
2016-02-01,KIM,77129,KIMCO REALTY CORP,,,0.003678,-0.1535104726322153,0.0003664345914253,3.0930663201139537e-11,-0.000443,10.542486269386176,27.29,413310.0,11279229.9,0.004999999999999,27.29,27.28
2016-02-02,KIM,77129,KIMCO REALTY CORP,,,-0.004031,-0.0633504807433017,0.0003679175864606,-3.633852323728115e-11,-0.018743,9.874614695990903,27.18,413310.0,11233765.8,0.0050000000000007,27.19,27.18
2016-02-03,KIM,77129,KIMCO REALTY CORP,,,0.020603,0.2496946421426431,0.0003604902667628,1.45621005737134e-10,0.004992,12.340253078802837,27.74,413310.0,11465219.4,0.0050000000000007,27.75,27.74
2016-02-04,KIM,77129,KIMCO REALTY CORP,,,0.002523,-0.3777844657719568,0.0003595828838547,2.8587450956320072e-11,0.001527,7.678297161936561,27.81,413310.0,11494151.1,0.0050000000000007,27.82,27.81
2016-02-05,KIM,77129,KIMCO REALTY CORP,,,-0.00863,0.1209481468036881,0.0003627130939427,-8.799290934497908e-11,-0.018481,8.606972974280806,27.57,413310.0,11394956.7,0.0050000000000007,27.57,27.56
2016-02-08,KIM,77129,KIMCO REALTY CORP,,,-0.025753,0.0279410392236014,0.0003723008190618,-2.621967245532798e-10,-0.014154,8.847460743751663,26.86,413310.0,11101506.6,0.0050000000000007,26.87,26.86
2016-02-09,KIM,77129,KIMCO REALTY CORP,,,0.005957,-0.0416963834493199,0.0003700962250185,6.291360492482553e-11,-0.000664,8.478553628027388,27.02,413310.0,11167636.2,0.0050000000000007,27.03,27.02
2016-02-10,KIM,77129,KIMCO REALTY CORP,,,-0.010363,0.146463272960339,0.0003739715781601,-9.646422155352384e-11,-0.000189,9.720350342358037,26.74,413310.0,11051909.4,0.0050000000000007,26.75,26.74
2016-02-11,KIM,77129,KIMCO REALTY CORP,,,-0.017203,-0.116668301175004,0.0003805175038052,-1.8445786669808835e-10,-0.012301,8.586293581089254,26.28,413310.0,10861786.8,0.0050000000000007,26.3,26.29
2016-02-12,KIM,77129,KIMCO REALTY CORP,,,0.000381,0.1424892520037048,0.0003803727653099,3.5743791621219618e-12,0.019518,9.809748130942875,26.29,413310.0,10865919.9,0.004999999999999,26.29,26.28
2016-02-16,KIM,77129,KIMCO REALTY CORP,,,0.008749,-0.009146948291847,0.0003770739064855,8.211866407102381e-11,0.016517,9.720018872033098,26.52,413310.0,10960981.2,0.004999999999999,26.52,26.51
2016-02-17,KIM,77129,KIMCO REALTY CORP,,,0.009427,-0.2858426920424027,0.0003735524841239,1.2274059661159128e-10,0.01648,6.941622510948199,26.77,413310.0,11064308.7,0.004999999999999,26.77,26.76
2016-02-18,KIM,77129,KIMCO REALTY CORP,,,0.000374,-0.1130307607905356,0.0003734129947722,5.488018480575299e-12,-0.004666,6.157005637415016,26.78,413310.0,11068441.8,0.0050000000000007,26.78,26.77
2016-02-19,KIM,77129,KIMCO REALTY CORP,,,0.004481,-0.1552245562632429,0.0003717472118959,7.748826169560543e-11,-2.6e-05,5.201287169436984,26.9,413310.0,11118039.0,0.0050000000000007,26.91,26.9
2016-02-22,KIM,77129,KIMCO REALTY CORP,,,0.00632,-0.0393791074658191,0.0003694126339121,1.1305507154046844e-10,0.014454,4.996465123031139,27.07,413310.0,11188301.7,0.0050000000000007,27.07,27.06
2016-02-23,KIM,77129,KIMCO REALTY CORP,,,-0.006649,0.0480507135527814,0.0003718854592784,-1.1424690912994427e-10,-0.012454,5.236548837434372,26.89,413310.0,11113905.9,0.004999999999999,26.9,26.89
2016-02-24,KIM,77129,KIMCO REALTY CORP,,,-0.012272,0.137627649910965,0.0003765060240964,-1.8765756017456198e-10,0.00444,5.95724274757446,26.56,413310.0,10977513.6,0.0050000000000007,26.57,26.56
2016-02-25,KIM,77129,KIMCO REALTY CORP,,,0.021084,0.0819007321942921,0.0003687315634218,2.918466397301132e-10,0.011348,6.445145290459945,27.12,413310.0,11208967.2,0.0050000000000007,27.12,27.11
2016-02-26,KIM,77129,KIMCO REALTY CORP,,,-0.015855,0.4062874576316997,0.0003746721618582,-1.5857508180483154e-10,-0.00187,9.06372698458784,26.69,413310.0,11031243.9,0.004999999999999,26.7,26.69
2016-02-29,KIM,77129,KIMCO REALTY CORP,,,0.002248,0.2655648003579161,0.0003738317757008,1.7725782045309743e-11,-0.008121,11.459615528714489,26.75,413711.0,11066769.25,0.004999999999999,26.74,26.73
2016-03-01,KIM,77129,KIMCO REALTY CORP,,,0.023925,-0.4948330183133448,0.0003650967506389,3.6471854094191735e-10,0.023869,5.789019387930222,27.39,413711.0,11331544.29,0.0050000000000007,27.39,27.38
2016-03-02,KIM,77129,KIMCO REALTY CORP,,,0.004016,-0.2310723968165091,0.0003636363636364,7.930005459283514e-11,0.004094,4.451336802743945,27.5,413711.0,11377052.5,0.0050000000000007,27.5,27.49
2016-03-03,KIM,77129,KIMCO REALTY CORP,,,0.004727,-0.2198785056422058,0.0003619254433585,1.1908442098863772e-10,0.003499,3.472583518446452,27.63,413711.0,11430834.93,0.004999999999999,27.63,27.62
2016-03-04,KIM,77129,KIMCO REALTY CORP,,,-0.000724,0.3715494283212426,0.0003621876131835,-1.330794287873808e-11,0.003306,4.762819939523,27.61,413711.0,11422560.71,0.004999999999999,27.61,27.6
2016-03-07,KIM,77129,KIMCO REALTY CORP,,,-0.005795,-0.0513725169772502,0.0003642987249543,-1.1294165760904292e-10,0.000885,4.518141891320269,27.45,413711.0,11356366.95,0.004999999999999,27.45,27.44
2016-03-08,KIM,77129,KIMCO REALTY CORP,,,-0.004372,0.3657565649567598,0.0003658982802781,-6.266287126713713e-11,-0.01124,6.170681949476808,27.33,413711.0,11306721.63,0.0050000000000007,27.32,27.31
2016-03-09,KIM,77129,KIMCO REALTY CORP,,,0.001464,-0.2018129335546259,0.000365363536719,2.6250124173711112e-11,0.005052,4.925358523220315,27.37,413711.0,11323270.07,0.0050000000000007,27.37,27.36
2016-03-10,KIM,77129,KIMCO REALTY CORP,,,-0.001461,0.2256326450488914,0.000365898280278,-2.140500566324805e-11,0.000156,6.036680194628618,27.33,413711.0,11306721.63,0.004999999999999,27.33,27.32
2016-03-11,KIM,77129,KIMCO REALTY CORP,,,0.016465,0.1729690511207271,0.0003599712023037,2.0232414002399534e-10,0.016396,7.080839039812816,27.78,413711.0,11492891.58,0.004999999999999,27.79,27.78
2016-03-14,KIM,77129,KIMCO REALTY CORP,,,0.00072,-0.37498024353618,0.0003597122302158,1.4145300066489983e-11,-0.001261,4.425664292223315,27.8,413711.0,11501165.8,0.0050000000000007,27.8,27.79
2016-03-15,KIM,77129,KIMCO REALTY CORP,,,0.010432,0.2110116846701104,0.0003559985760057,1.6749119062044554e-10,-0.001837,5.359531170309709,28.09,413711.0,11621141.99,0.0050000000000007,28.09,28.08
2016-03-16,KIM,77129,KIMCO REALTY CORP,,,0.009612,0.3109218115570444,0.0003526093088858,1.166022354884511e-10,0.0056,7.02592631087885,28.36,413711.0,11732843.96,0.0050000000000007,28.37,28.36
2016-03-17,KIM,77129,KIMCO REALTY CORP,,,0.02433,0.8826316276551129,0.0003442340791738,1.530488120208573e-10,0.006595,13.227231086434733,29.05,413711.0,12018304.55,0.0050000000000007,29.05,29.04
2016-03-18,KIM,77129,KIMCO REALTY CORP,,,-0.019277,-0.1002678787943024,0.0003510003510004,-1.3742563848584695e-10,0.004406,11.900964683075866,28.49,413711.0,11786626.39,0.0050000000000007,28.5,28.49
2016-03-21,KIM,77129,KIMCO REALTY CORP,,,-0.021411,-0.5559944430452761,0.0003586800573887,-3.5129869926333214e-10,0.000986,5.284094452407598,27.88,413711.0,11534262.68,0.004999999999999,27.9,27.89
2016-03-22,KIM,77129,KIMCO REALTY CORP,,,0.004304,0.0931623063664408,0.0003571428571429,6.432235591030092e-11,-0.000877,5.776372878652006,28.0,413711.0,11583908.0,0.0050000000000007,28.0,27.99
2016-03-23,KIM,77129,KIMCO REALTY CORP,,,-0.0075,-0.2295111327591308,0.0003598416696654,-1.4657302806425462e-10,-0.006386,4.450630996033463,27.79,413711.0,11497028.69,0.0050000000000007,27.8,27.79
2016-03-24,KIM,77129,KIMCO REALTY CORP,,,0.00036,0.1260382072205401,0.0003597122302158,6.245769055319172e-12,-0.000378,5.011580547773687,27.8,413711.0,11501165.8,0.0050000000000007,27.8,27.79
2016-03-28,KIM,77129,KIMCO REALTY CORP,,,0.007554,-0.0111317647898614,0.0003570153516601,1.315387352880337e-10,0.000545,4.955792811890426,28.01,413711.0,11588045.11,0.0050000000000007,28.01,28.0
2016-03-29,KIM,77129,KIMCO REALTY CORP,,,0.028561,0.1050595386159649,0.0003471017007982,4.3755662469672115e-10,0.008817,5.47644611818395,28.81,413711.0,11919013.91,0.004999999999999,28.81,28.8
2016-03-30,KIM,77129,KIMCO REALTY CORP,,,-0.005207,-0.1483281295654346,0.0003489183531054,-9.41549594952995e-11,0.00435,4.664135108807839,28.66,413711.0,11856957.26,0.0050000000000007,28.67,28.66
2016-03-31,KIM,77129,KIMCO REALTY CORP,,,0.004187,0.481497239848176,0.0003474635163308,5.089125183263171e-11,-0.00204,6.899496784003283,28.78,414335.0,11924561.3,0.0050000000000007,28.78,28.77
2016-04-01,KIM,77129,KIMCO REALTY CORP,,,0.003648,-0.2006325945717341,0.0003492839678658,5.575938929169378e-11,0.006331,5.515232842989368,28.63,414335.0,11862411.05,0.004999999999999,28.63,28.62
2016-04-04,KIM,77129,KIMCO REALTY CORP,,,-0.008034,-0.1581840873744177,0.0003521126760562,-1.4705536835597934e-10,-0.003208,4.64281076906368,28.4,414335.0,11767114.0,0.004999999999999,28.4,28.39
2016-04-05,KIM,77129,KIMCO REALTY CORP,,,-0.008803,-0.0899588756752035,0.0003552397868561,-1.7863176128864078e-10,-0.010145,4.225148732305985,28.15,414335.0,11663530.25,0.0050000000000007,28.16,28.15
2016-04-06,KIM,77129,KIMCO REALTY CORP,,,0.008881,0.299465277297791,0.0003521126760563,1.3746281345321388e-10,0.010508,5.490434069050406,28.4,414335.0,11767114.0,0.0050000000000007,28.42,28.41
2016-04-07,KIM,77129,KIMCO REALTY CORP,,,-0.010915,-0.2176779512229002,0.0003559985760057,-2.183373971787286e-10,-0.011976,4.295287629575102,28.09,414335.0,11638670.15,0.0050000000000007,28.1,28.09
2016-04-08,KIM,77129,KIMCO REALTY CORP,,,0.003204,-0.0859066308251783,0.0003548616039743,6.989032949538006e-11,0.002787,3.926293940893239,28.18,414335.0,11675960.3,0.004999999999999,28.18,28.17
2016-04-11,KIM,77129,KIMCO REALTY CORP,,,0.006033,0.1816989293712014,0.0003527336860669,1.106977998751724e-10,-0.00274,4.639697346350175,28.35,414335.0,11746397.25,0.004999999999999,28.36,28.35
2016-04-12,KIM,77129,KIMCO REALTY CORP,,,0.009876,-0.1029547089584886,0.0003492839678659,2.0003412449293875e-10,0.009662,4.162018656401221,28.63,414335.0,11862411.05,0.0050000000000007,28.64,28.63
2016-04-13,KIM,77129,KIMCO REALTY CORP,,,0.002096,0.6348478083121192,0.0003485535029627,2.591360038144345e-11,0.01004,6.804267078571687,28.69,414335.0,11887271.15,0.0050000000000007,28.69,28.68
2016-04-14,KIM,77129,KIMCO REALTY CORP,,,-0.005925,-0.4600137767332116,0.0003506311360449,-1.3646559742779396e-10,0.000173,3.674210481856469,28.52,414335.0,11816834.2,0.0050000000000007,28.53,28.52
2016-04-15,KIM,77129,KIMCO REALTY CORP,,,0.004558,0.1634803731589367,0.0003490401396161,8.982039907713701e-11,-0.000984,4.2748717824948415,28.65,414335.0,11870697.75,0.0050000000000007,28.66,28.65
2016-04-18,KIM,77129,KIMCO REALTY CORP,,,-0.000349,-0.1859748231312834,0.0003491620111731,-8.451618046534174e-12,0.006541,3.4798532588364486,28.64,414335.0,11866554.4,0.004999999999999,28.63,28.62
2016-04-19,KIM,77129,KIMCO REALTY CORP,,,0.000698,1.2278147486692212,0.0003489183531054,7.58206686824338e-12,0.003085,7.752468413240494,28.66,414335.0,11874841.1,0.0050000000000007,28.66,28.65
2016-04-20,KIM,77129,KIMCO REALTY CORP,,,-0.013259,-0.2125824105520374,0.0003536067892504,-1.8536794156241514e-10,0.000762,6.1044299902253005,28.28,414335.0,11717393.8,0.0050000000000007,28.28,28.27
2016-04-21,KIM,77129,KIMCO REALTY CORP,,,-0.013791,-0.0200207252738824,0.0003585514521334,-1.994957348148223e-10,-0.005194,5.982214874437352,27.89,414335.0,11555803.15,0.0050000000000007,27.89,27.88
2016-04-22,KIM,77129,KIMCO REALTY CORP,,,0.011832,0.0073967952599831,0.0003543586109143,1.6791401933689163e-10,4.8e-05,6.02646409306479,28.22,414335.0,11692533.7,0.0050000000000007,28.23,28.22
2016-04-25,KIM,77129,KIMCO REALTY CORP,,,0.007796,-0.2109392364761361,0.000351617440225,1.3912897828436144e-10,-0.001812,4.755246358622854,28.44,414335.0,11783687.4,0.0050000000000007,28.44,28.43
2016-04-26,KIM,77129,KIMCO REALTY CORP,,,0.004571,0.1728381715149993,0.000350017500875,6.923700068200673e-11,0.001873,5.577134444350586,28.57,414335.0,11837550.95,0.0050000000000007,28.57,28.56
2016-04-27,KIM,77129,KIMCO REALTY CORP,,,0.00525,0.0578954839055878,0.0003481894150417,7.477722940395901e-11,0.001649,5.900025341812785,28.72,414335.0,11899701.2,0.004999999999999,28.72,28.71
2016-04-28,KIM,77129,KIMCO REALTY CORP,,,-0.010446,0.9507716436355098,0.0003518648838846,-7.707508563541902e-11,-0.009231,11.509602133539286,28.42,414335.0,11775400.7,0.0050000000000007,28.42,28.41
2016-04-29,KIM,77129,KIMCO REALTY CORP,,,-0.010556,-0.2151623741751385,0.0003556187766714,-1.0029801035876176e-10,-0.005063,8.918782125061659,28.12,419649.0,11800529.88,0.0050000000000007,28.12,28.11
2016-05-02,KIM,77129,KIMCO REALTY CORP,,,0.014936,-0.5187637031301516,0.0003503854239662,2.9055624388858e-10,0.00781,4.29204168245367,28.54,419649.0,11976782.46,0.004999999999999,28.54,28.53
2016-05-03,KIM,77129,KIMCO REALTY CORP,,,-0.001051,0.2914902748298171,0.0003507541213609,-1.5847626786804106e-11,-0.008677,5.54313009205312,28.51,419649.0,11964192.99,0.0050000000000007,28.51,28.5
2016-05-04,KIM,77129,KIMCO REALTY CORP,,,0.016836,0.2696717220459905,0.0003449465332873,1.9663371790092618e-10,-0.005937,7.037955529502036,28.99,419649.0,12165624.51,0.0050000000000007,28.98,28.97
2016-05-05,KIM,77129,KIMCO REALTY CORP,,,0.007589,0.2894600962731646,0.0003423485107839,6.822010413184833e-11,-0.000239,9.075162814637949,29.21,419649.0,12257947.29,0.004999999999999,29.22,29.21
2016-05-06,KIM,77129,KIMCO REALTY CORP,,,0.013009,-0.1757409903363186,0.0003379520108145,1.40053713226981e-10,0.003175,7.480284714130142,29.59,419649.0,12417413.91,0.0050000000000007,29.59,29.58
2016-05-09,KIM,77129,KIMCO REALTY CORP,,,0.002366,-0.1050742666514605,0.0003371544167229,2.8395680207367524e-11,0.000753,6.694299283448787,29.66,419649.0,12446789.34,0.0050000000000007,29.66,29.65
2016-05-10,KIM,77129,KIMCO REALTY CORP,,,0.00236,-0.2523803455434463,0.0003363605785402,3.779593265364732e-11,0.012484,5.004789717120737,29.73,419649.0,12476164.77,0.0050000000000007,29.73,29.72
2016-05-11,KIM,77129,KIMCO REALTY CORP,,,-0.0148,0.5619493823369066,0.00034141345169,-1.5402930673240322e-10,-0.009562,7.817228207382836,29.29,419649.0,12291519.21,0.0050000000000007,29.3,29.29
2016-05-12,KIM,77129,KIMCO REALTY CORP,,,-0.005804,-0.0049934582983284,0.0003434065934066,-6.106201253976559e-11,-0.00017,7.778193204320754,29.12,419649.0,12220178.88,0.0050000000000007,29.12,29.11
2016-05-13,KIM,77129,KIMCO REALTY CORP,,,-0.01511,-0.3821104735715176,0.0003486750348674,-2.61221888323829e-10,-0.008478,4.806064115486991,28.68,419649.0,12035533.32,0.004999999999999,28.68,28.67
2016-05-16,KIM,77129,KIMCO REALTY CORP,,,0.015342,0.8377443154210009,0.0003434065934065,1.4214440402085635e-10,0.009797,8.832317007785077,29.12,419649.0,12220178.88,0.004999999999999,29.11,29.1
2016-05-17,KIM,77129,KIMCO REALTY CORP,,,-0.040865,0.5047599159632352,0.0003580379520228,-2.623327505493001e-10,-0.009411,13.290516598395326,27.93,419649.0,11720796.57,0.004999999999999,27.93,27.92
2016-05-18,KIM,77129,KIMCO REALTY CORP,,,-0.02184,-0.2886990098527042,0.0003660322108346,-2.0150715482818624e-10,0.000205,9.453557616007664,27.32,419649.0,11464810.68,0.0050000000000007,27.32,27.31
2016-05-19,KIM,77129,KIMCO REALTY CORP,,,-0.00549,-0.1731173509821596,0.000368052999632,-6.159668770927437e-11,-0.003707,7.8169827641671965,27.17,419649.0,11401863.33,0.0050000000000007,27.17,27.16
2016-05-20,KIM,77129,KIMCO REALTY CORP,,,0.005153,1.832777149295404,0.0003661662394727,2.0304892048132965e-11,0.006019,22.14377015076885,27.31,419649.0,11460614.19,0.0050000000000007,27.32,27.31
2016-05-23,KIM,77129,KIMCO REALTY CORP,,,-0.000732,-0.6463815175304336,0.0003664345914253,-8.16271872985729e-12,-0.002085,7.830446396869765,27.29,419649.0,11452221.21,0.004999999999999,27.29,27.28
2016-05-24,KIM,77129,KIMCO REALTY CORP,,,0.017955,0.0799269272214968,0.0003599712023038,1.821319277795252e-10,0.013681,8.456309916144207,27.78,419649.0,11657849.22,0.0050000000000007,27.78,27.77
2016-05-25,KIM,77129,KIMCO REALTY CORP,,,-0.00108,-0.0332892606325391,0.0003603603603604,-1.1344807760775e-11,0.006975,8.174805611356158,27.75,419649.0,11645259.75,0.0050000000000007,27.75,27.74
2016-05-26,KIM,77129,KIMCO REALTY CORP,,,0.009369,-0.1106790778968613,0.00035701535166,1.0963721462393632e-10,-0.00021,7.2700256643051695,28.01,419649.0,11754368.49,0.004999999999999,28.02,28.01
2016-05-27,KIM,77129,KIMCO REALTY CORP,,,0.00357,-0.371887065249492,0.0003557452863748,6.627465826352415e-11,0.004287,4.566397155718232,28.11,419649.0,11796333.39,0.004999999999999,28.11,28.1
2016-05-31,KIM,77129,KIMCO REALTY CORP,,,0.00249,0.7197534394693061,0.0003548616039745,2.6812190608640916e-11,-0.001,7.853077214529285,28.18,419649.0,11825708.82,0.0050000000000007,28.19,28.18
2016-06-01,KIM,77129,KIMCO REALTY CORP,,,0.009226,-0.1411943307553005,0.000351617440225,1.14620657492467e-10,0.00113,6.744267232854123,28.44,419649.0,11934817.56,0.0050000000000007,28.46,28.45
2016-06-02,KIM,77129,KIMCO REALTY CORP,,,0.011252,0.026091918487046,0.0003477051460362,1.34720476985545e-10,0.002825,6.920238103748609,28.76,419649.0,12069105.24,0.0050000000000007,28.76,28.75
2016-06-03,KIM,77129,KIMCO REALTY CORP,,,0.004172,-0.1530651282286143,0.0003462603878115,5.873403882363214e-11,-0.002912,5.860990971025786,28.88,419649.0,12119463.12,0.004999999999999,28.88,28.87
2016-06-06,KIM,77129,KIMCO REALTY CORP,,,-0.005886,-0.0706305479966123,0.0003483106931382,-8.968946368540882e-11,0.004897,5.447025966939037,28.71,419649.0,12048122.79,0.004999999999999,28.7,28.69
2016-06-07,KIM,77129,KIMCO REALTY CORP,,,0.005225,-0.2564445702431361,0.0003465003465002,1.0651995651242551e-10,0.001289,4.050165733744153,28.86,419649.0,12111070.14,0.004999999999999,28.86,28.85
2016-06-08,KIM,77129,KIMCO REALTY CORP,,,0.012474,0.0143323794103249,0.0003422313483914,2.476203033765348e-10,0.003309,4.108214245714871,29.22,419649.0,12262143.78,0.004999999999999,29.22,29.21
2016-06-09,KIM,77129,KIMCO REALTY CORP,,,0.002053,0.0916103637570127,0.0003415300546448,3.72572632136323e-11,-0.001718,4.484569247156553,29.28,419649.0,12287322.72,0.0050000000000007,29.28,29.27
2016-06-10,KIM,77129,KIMCO REALTY CORP,,,-0.000342,0.1097045875410811,0.0003416467372737,-5.59485808761965e-12,-0.009175,4.976547066715279,29.27,419649.0,12283126.23,0.0050000000000007,29.28,29.27
2016-06-13,KIM,77129,KIMCO REALTY CORP,,,-0.002392,0.0297682008692765,0.0003424657534245,-3.8091189837107487e-11,-0.008115,5.124689919432669,29.2,419649.0,12253750.8,0.004999999999999,29.22,29.21
2016-06-14,KIM,77129,KIMCO REALTY CORP,,,-0.002055,0.1105385499943969,0.0003431708991078,-2.952805593564095e-11,-0.001799,5.691165712297658,29.14,419649.0,12228571.86,0.0050000000000007,29.14,29.13
2016-06-15,KIM,77129,KIMCO REALTY CORP,,,0.00755,0.1675239041122274,0.0003405994550409,9.222267078894987e-11,-0.001841,6.644572011371408,29.36,419649.0,12320894.64,0.0050000000000007,29.37,29.36
2016-06-16,KIM,77129,KIMCO REALTY CORP,,,0.002725,-0.2215724640903633,0.0003396739130435,4.264393824276883e-11,0.003133,5.172317817985984,29.44,419649.0,12354466.56,0.0050000000000007,29.44,29.43
2016-06-17,KIM,77129,KIMCO REALTY CORP,,,-0.003736,0.6691551204805399,0.0003409478349811,-3.515820631118047e-11,-0.003258,8.633400770644037,29.33,419649.0,12308305.17,0.004999999999999,29.33,29.32
2016-06-20,KIM,77129,KIMCO REALTY CORP,,,0.004773,-0.4503074525572468,0.0003393281303019,8.132486579103333e-11,0.005808,4.74571606270955,29.47,419649.0,12367056.03,0.004999999999999,29.49,29.48
2016-06-21,KIM,77129,KIMCO REALTY CORP,,,0.006447,-0.0765821338816541,0.0003371544167229,1.1819532721588368e-10,0.002712,4.382278999830811,29.66,419649.0,12446789.34,0.0050000000000007,29.67,29.66
2016-06-22,KIM,77129,KIMCO REALTY CORP,,,0.000674,-0.0894585645934055,0.0003369272237196,1.3561573122715336e-11,-0.001652,3.990246610858122,29.68,419649.0,12455182.32,0.004999999999999,29.68,29.67
2016-06-23,KIM,77129,KIMCO REALTY CORP,,,0.001685,0.0336595395768177,0.0003363605785401,3.2744740195961366e-11,0.013364,4.124556474577564,29.73,419649.0,12476164.77,0.004999999999999,29.72,29.71
2016-06-24,KIM,77129,KIMCO REALTY CORP,,,-0.005718,1.096251818453884,0.000338294993234,-5.331296321401175e-11,-0.03592,8.646109010148958,29.56,419649.0,12404824.44,0.004999999999999,29.56,29.55
2016-06-27,KIM,77129,KIMCO REALTY CORP,,,0.014547,0.034808015035012,0.0003334444814937,1.2919041396641806e-10,-0.018097,8.947062902568575,29.99,419649.0,12585273.51,0.004999999999999,29.99,29.98
2016-06-28,KIM,77129,KIMCO REALTY CORP,,,0.01934,-0.1898399467749917,0.0003271180896304,2.0798093308577863e-10,0.01777,7.248552957352454,30.57,419649.0,12828669.93,0.0050000000000007,30.57,30.56
2016-06-29,KIM,77129,KIMCO REALTY CORP,,,0.011449,0.5807548569159273,0.0003234152652005,7.700626092419468e-11,0.017033,11.4581852929472,30.92,419649.0,12975547.08,0.0050000000000007,30.92,30.91
2016-06-30,KIM,77129,KIMCO REALTY CORP,,,0.014877,-0.3502750178021203,0.0003186743148501,1.5175074234725016e-10,0.013565,7.444669235480127,31.38,419649.0,13168585.62,0.004999999999999,31.38,31.37
2016-07-01,KIM,77129,KIMCO REALTY CORP,,,0.003346,-0.0270272086981794,0.0003202049311558,3.524695932105962e-11,0.001949,7.2434606063638896,31.23,419649.0,13105638.27,0.004999999999999,31.22,31.21
2016-07-05,KIM,77129,KIMCO REALTY CORP,,,0.01537,-0.0354632397619378,0.000315357931252,1.6532043765769287e-10,-0.006848,6.986584026174255,31.71,419649.0,13307069.79,0.0050000000000007,31.71,31.7
2016-07-06,KIM,77129,KIMCO REALTY CORP,,,-0.006307,0.3692295780945751,0.000317359568391,-4.985940327351349e-11,0.005353,9.566237498480874,31.51,419649.0,13223139.99,0.0050000000000007,31.51,31.5
2016-07-07,KIM,77129,KIMCO REALTY CORP,,,-0.009203,-0.1532671127538385,0.0003203074951953,-8.672069381156532e-11,-0.000872,8.100047897171207,31.22,419649.0,13101441.78,0.004999999999999,31.22,31.21
2016-07-08,KIM,77129,KIMCO REALTY CORP,,,0.01025,-0.2200991592965002,0.0003170577045022,1.2258829602435247e-10,0.015253,6.317234164742439,31.54,419649.0,13235729.46,0.0050000000000007,31.53,31.52
2016-07-11,KIM,77129,KIMCO REALTY CORP,,,0.005707,0.5508470132828069,0.0003152585119798,4.3761537096258247e-11,0.003409,9.79706373659892,31.72,419649.0,13311266.28,0.0050000000000007,31.73,31.72
2016-07-12,KIM,77129,KIMCO REALTY CORP,,,-0.010088,-0.428029580709688,0.0003184713375795,-1.366217143486652e-10,0.007009,5.603630653236396,31.4,419649.0,13176978.6,0.004999999999999,31.4,31.39
2016-07-13,KIM,77129,KIMCO REALTY CORP,,,0.005414,-0.162197998093179,0.0003167564143174,8.704555143869721e-11,0.000135,4.694732979227879,31.57,419649.0,13248318.93,0.0050000000000007,31.57,31.56
2016-07-14,KIM,77129,KIMCO REALTY CORP,,,-0.008236,-0.1268270275208868,0.0003193867773874,-1.5291000315431096e-10,0.005259,4.0993139504681295,31.31,419649.0,13139210.19,0.0050000000000007,31.3,31.29
2016-07-15,KIM,77129,KIMCO REALTY CORP,,,-0.000639,0.1467941425576056,0.0003195909236177,-1.0351718557833544e-11,-0.000929,4.70106922690153,31.29,419649.0,13130817.21,0.004999999999999,31.29,31.28
2016-07-18,KIM,77129,KIMCO REALTY CORP,,,-0.001918,0.0077433129274699,0.0003202049311559,-3.089184552680822e-11,0.002382,4.737471077019128,31.23,419649.0,13105638.27,0.0050000000000007,31.23,31.22
2016-07-19,KIM,77129,KIMCO REALTY CORP,,,0.005443,0.1408437810444776,0.0003184713375795,7.642751567935829e-11,-0.001435,5.404714416095356,31.4,419649.0,13176978.6,0.004999999999999,31.4,31.39
2016-07-20,KIM,77129,KIMCO REALTY CORP,,,-0.000955,-0.2584279323111191,0.0003187759005419,-1.809991545616673e-11,0.00427,4.007985244811736,31.37,419649.0,13164389.13,0.0050000000000007,31.37,31.36
2016-07-21,KIM,77129,KIMCO REALTY CORP,,,0.002231,-0.0807902983863344,0.0003180661577608,4.589761587597241e-11,-0.003612,3.68417892095537,31.44,419649.0,13193764.56,0.0050000000000007,31.44,31.43
2016-07-22,KIM,77129,KIMCO REALTY CORP,,,0.000954,0.3626788576396031,0.0003177629488402,1.438901972927092e-11,0.004554,5.020352723347369,31.47,419649.0,13206354.03,0.0050000000000007,31.48,31.47
2016-07-25,KIM,77129,KIMCO REALTY CORP,,,-0.004131,0.2700658728508733,0.0003190810465858,-4.926171559846711e-11,-0.003011,6.376178663597435,31.34,419649.0,13151799.66,0.0050000000000007,31.35,31.34
2016-07-26,KIM,77129,KIMCO REALTY CORP,,,-0.002872,-0.1947624541391464,0.00032,-4.265438917303283e-11,0.000323,5.134338459045535,31.25,419649.0,13114031.25,0.0050000000000007,31.25,31.24
2016-07-27,KIM,77129,KIMCO REALTY CORP,,,-0.00416,-0.0258532827134251,0.0003213367609255,-6.368815738456762e-11,-0.001199,5.00159895531742,31.12,419649.0,13059476.88,0.0050000000000007,31.14,31.13
2016-07-28,KIM,77129,KIMCO REALTY CORP,,,0.022815,0.3731864448124651,0.0003141690229343,2.4869054186144886e-10,0.001606,6.868127887830068,31.83,419649.0,13357427.67,0.0050000000000007,31.84,31.83
2016-07-29,KIM,77129,KIMCO REALTY CORP,,,0.008483,-0.0231853897869095,0.0003115264797507,9.386587263684863e-11,0.001631,6.702451125098797,32.1,420052.0,13483669.2,0.004999999999999,32.12,32.11
2016-08-01,KIM,77129,KIMCO REALTY CORP,,,0.002181,-0.1713244189590171,0.0003108486167238,2.9059179698302547e-11,-0.00127,5.554157580490035,32.17,420052.0,13513072.84,0.0050000000000025,32.17,32.16
2016-08-02,KIM,77129,KIMCO REALTY CORP,,,-0.016164,0.3318389994149251,0.0003159557661927,-1.6436227558332034e-10,-0.006362,7.397243674592669,31.65,420052.0,13294645.8,0.0050000000000007,31.66,31.65
2016-08-03,KIM,77129,KIMCO REALTY CORP,,,-0.006319,-0.3713172549028443,0.0003179650238474,-1.0285447286822222e-10,0.003134,4.650519459495491,31.45,420052.0,13210635.4,0.0050000000000007,31.44,31.43
2016-08-04,KIM,77129,KIMCO REALTY CORP,,,-0.007313,-0.0211266163627614,0.0003203074951954,-1.22498742926376e-10,0.000213,4.552269718987173,31.22,420052.0,13114023.44,0.0050000000000007,31.23,31.22
2016-08-05,KIM,77129,KIMCO REALTY CORP,,,-0.002242,-0.1612941182623065,0.0003210272873193,-4.4878344281746045e-11,0.008603,3.818015388570939,31.15,420052.0,13084619.8,0.004999999999999,31.15,31.14
2016-08-08,KIM,77129,KIMCO REALTY CORP,,,0.000321,0.024580908050743,0.0003209242618742,6.269322241571864e-12,-0.000907,3.911865673773723,31.16,420052.0,13088820.32,0.0050000000000007,31.16,31.15
2016-08-09,KIM,77129,KIMCO REALTY CORP,,,0.0,0.5024358152784802,0.0003209242618742,0.0,0.00039,5.877327092836125,31.16,420052.0,13088820.32,0.0050000000000007,31.16,31.15
2016-08-10,KIM,77129,KIMCO REALTY CORP,,,-0.002888,-0.0648161462550576,0.0003218538783392,-4.026020829498129e-11,-0.002865,5.496381400398046,31.07,420052.0,13051015.64,0.0050000000000007,31.07,31.06
2016-08-11,KIM,77129,KIMCO REALTY CORP,,,-0.02092,0.4385104423748445,0.0003287310979619,-2.07066352522542e-10,0.004735,7.90660203974746,30.42,420052.0,12777981.84,0.0050000000000007,30.42,30.41
2016-08-12,KIM,77129,KIMCO REALTY CORP,,,0.00263,-0.1494780174781041,0.000327868852459,3.052652923692847e-11,-0.000796,6.724738841857675,30.5,420052.0,12811586.0,0.0050000000000007,30.5,30.49
2016-08-15,KIM,77129,KIMCO REALTY CORP,,,-0.001312,-0.1522798558451397,0.0003282994090609,-1.7987588880100744e-11,0.002793,5.700696580423376,30.46,420052.0,12794783.92,0.004999999999999,30.45,30.44
2016-08-16,KIM,77129,KIMCO REALTY CORP,,,-0.029547,0.7716977736054078,0.0003382949932341,-2.3560708162493225e-10,-0.005479,10.099911439536058,29.56,420052.0,12416737.12,0.0050000000000007,29.57,29.56
2016-08-17,KIM,77129,KIMCO REALTY CORP,,,0.014885,0.1398940904488121,0.0003333333333333,1.0259884211158274e-10,0.001869,11.512829363983506,30.0,420052.0,12601560.0,0.0050000000000007,30.0,29.99
2016-08-18,KIM,77129,KIMCO REALTY CORP,,,-0.001333,-0.5519487542046743,0.0003337783711614,-2.053409308594565e-11,0.0022,5.158337539161818,29.96,420052.0,12584757.92,0.004999999999999,29.95,29.94
2016-08-19,KIM,77129,KIMCO REALTY CORP,,,-0.010681,0.1414672531002367,0.0003373819163293,-1.4569929322330032e-10,-0.00144,5.888073381390876,29.64,420052.0,12450341.28,0.0050000000000007,29.66,29.65
2016-08-22,KIM,77129,KIMCO REALTY CORP,,,0.008097,0.1683837404080463,0.0003346720214189,9.377385517931311e-11,-0.000563,6.879529201146525,29.88,420052.0,12551153.76,0.004999999999999,29.88,29.87
2016-08-23,KIM,77129,KIMCO REALTY CORP,,,-0.006024,-0.4425592436742152,0.0003367003367003,-1.2591226034893122e-10,0.001952,3.834929961052441,29.7,420052.0,12475544.4,0.0050000000000007,29.71,29.7
2016-08-24,KIM,77129,KIMCO REALTY CORP,,,-0.000673,-0.144693861081279,0.0003369272237197,-1.645769785629726e-11,-0.00524,3.2800391380114844,29.68,420052.0,12467143.36,0.0050000000000007,29.69,29.68
2016-08-25,KIM,77129,KIMCO REALTY CORP,,,0.005054,0.2581516591461525,0.0003352329869258,9.773877845376556e-11,-0.001365,4.126786683553465,29.83,420052.0,12530151.16,0.004999999999999,29.83,29.82
2016-08-26,KIM,77129,KIMCO REALTY CORP,,,-0.009387,0.7667319501691698,0.0003384094754652,-1.0372503553204019e-10,-0.001579,7.290925885366573,29.55,420052.0,12412536.6,0.004999999999999,29.56,29.55
2016-08-29,KIM,77129,KIMCO REALTY CORP,,,0.015228,-0.4595966522212731,0.0003333333333333,3.067028716234588e-10,0.005228,3.9400407568586746,30.0,420052.0,12601560.0,0.0050000000000007,30.0,29.99
2016-08-30,KIM,77129,KIMCO REALTY CORP,,,-0.000667,0.2274676711246135,0.0003335557038025,-1.0951670571999552e-11,-0.001954,4.836272651957377,29.98,420052.0,12593158.96,0.0050000000000007,29.98,29.97
2016-08-31,KIM,77129,KIMCO REALTY CORP,,,0.002335,0.7915102540701733,0.0003327787021631,2.1350560295484582e-11,-0.002376,8.664232047460791,30.05,420052.0,12622562.6,0.0050000000000007,30.07,30.06
2016-09-01,KIM,77129,KIMCO REALTY CORP,,,-0.001664,-0.5070445135883991,0.0003333333333333,-3.091656466429887e-11,-4.1e-05,4.271080723339015,30.0,420052.0,12601560.0,0.0050000000000007,30.0,29.99
2016-09-02,KIM,77129,KIMCO REALTY CORP,,,0.005333,0.1678373714379992,0.0003315649867374,8.439506289268209e-11,0.004201,4.987927685143744,30.16,420052.0,12668768.32,0.0050000000000007,30.17,30.16
2016-09-06,KIM,77129,KIMCO REALTY CORP,,,0.017241,0.9764212202335922,0.0003259452411994,1.3570766658681935e-10,0.002982,9.858246121908715,30.68,420052.0,12887195.36,0.004999999999999,30.68,30.67
2016-09-07,KIM,77129,KIMCO REALTY CORP,,,-0.003259,-0.3964212784618891,0.0003270111183779,-4.263931754933607e-11,-0.000146,5.9502275908697015,30.58,420052.0,12845190.16,0.004999999999999,30.58,30.57
2016-09-08,KIM,77129,KIMCO REALTY CORP,,,-0.008502,0.4763885804821548,0.0003298153034301,-7.598967586352247e-11,-0.002223,8.78484806642987,30.32,420052.0,12735976.64,0.0050000000000007,30.32,30.31
2016-09-09,KIM,77129,KIMCO REALTY CORP,,,-0.044855,-0.2429686731472621,0.0003453038674032,-5.54448407396832e-10,-0.024522,6.650405187929113,28.96,420052.0,12164705.92,0.004999999999999,28.97,28.96
2016-09-12,KIM,77129,KIMCO REALTY CORP,,,0.018301,0.0075972358848133,0.0003390979993218,2.2047630297474598e-10,0.014677,6.700929884871397,29.49,420052.0,12387333.48,0.0050000000000007,29.51,29.5
2016-09-13,KIM,77129,KIMCO REALTY CORP,,,-0.028484,-0.1603519900068887,0.0003490401396161,-4.2066943402585837e-10,-0.014831,5.626422442935636,28.65,420052.0,12034489.8,0.0050000000000007,28.66,28.65
2016-09-14,KIM,77129,KIMCO REALTY CORP,,,-0.000698,-0.1783032000643144,0.0003492839678659,-1.2554143408070112e-11,-0.000588,4.623213316446535,28.63,420052.0,12026088.76,0.0050000000000007,28.64,28.63
2016-09-15,KIM,77129,KIMCO REALTY CORP,,,0.002445,0.1201875395856826,0.000348432055749,3.9161492948934754e-11,0.010109,5.1788659499300085,28.7,420052.0,12055492.4,0.004999999999999,28.72,28.71
2016-09-16,KIM,77129,KIMCO REALTY CORP,,,-0.002091,0.3139805083495257,0.0003491620111731,-2.554196876891352e-11,-0.003772,6.804928913563082,28.64,420052.0,12030289.28,0.004999999999999,28.65,28.64
2016-09-19,KIM,77129,KIMCO REALTY CORP,,,0.009427,-0.4062822730287738,0.0003459010722933,1.9214042618124752e-10,-1.9e-05,4.040206926761448,28.91,420052.0,12143703.32,0.0050000000000007,28.91,28.9
2016-09-20,KIM,77129,KIMCO REALTY CORP,,,0.002421,0.2329259906770209,0.0003450655624567,3.992571797906583e-11,0.000299,4.98127612771752,28.98,420052.0,12173106.96,0.004999999999999,28.99,28.98
2016-09-21,KIM,77129,KIMCO REALTY CORP,,,0.012077,0.1385135215865074,0.0003409478349813,1.7284830968879994e-10,0.010917,5.671250226162475,29.33,420052.0,12320125.16,0.0050000000000007,29.34,29.33
2016-09-22,KIM,77129,KIMCO REALTY CORP,,,0.020116,-0.0413849266650435,0.0003342245989305,2.9441092225391655e-10,0.0065,5.436545951453629,29.92,420052.0,12567955.84,0.0050000000000007,29.92,29.91
2016-09-23,KIM,77129,KIMCO REALTY CORP,,,0.001003,0.050587397619231,0.0003338898163606,1.395872654370738e-11,-0.005737,5.711566663175035,29.95,420052.0,12580557.4,0.0050000000000007,29.96,29.95
2016-09-26,KIM,77129,KIMCO REALTY CORP,,,0.00601,-0.2084454735104651,0.0003318951211417,1.0503552164498749e-10,-0.008588,4.521016445582928,30.13,420052.0,12656166.76,0.0050000000000007,30.14,30.13
2016-09-27,KIM,77129,KIMCO REALTY CORP,,,-0.01228,-0.0423951403377035,0.0003360215053762,-2.2690285210706243e-10,0.006444,4.329347318903374,29.76,420052.0,12500747.52,0.004999999999999,29.77,29.76
2016-09-28,KIM,77129,KIMCO REALTY CORP,,,0.007392,-0.2801571140979824,0.0003335557038025,1.8835065191332927e-10,0.005296,3.1164498681115678,29.98,420052.0,12593158.96,0.0050000000000007,29.98,29.97
2016-09-29,KIM,77129,KIMCO REALTY CORP,,,-0.022348,0.5167313308445456,0.0003411804844763,-3.840174719467947e-10,-0.009321,4.726817155971165,29.31,420052.0,12311724.12,0.0050000000000007,29.32,29.31
2016-09-30,KIM,77129,KIMCO REALTY CORP,,,-0.012282,0.4306517875265234,0.0003454231433505,-1.49353265702546e-10,0.007968,6.762429413501185,28.95,420052.0,12160505.4,0.004999999999999,28.95,28.94
2016-10-03,KIM,77129,KIMCO REALTY CORP,,,-0.020553,-0.1405294426615484,0.000355871886121,-2.9959330001805685e-10,-0.003261,5.812108976983802,28.1,420052.0,11803461.2,0.0050000000000007,28.1,28.09
2016-10-04,KIM,77129,KIMCO REALTY CORP,,,0.011032,3.8557001181295223,0.0003519887363604,3.2756263530796816e-11,-0.004956,28.221858246121908,28.41,420052.0,11933677.32,0.0050000000000007,28.41,28.4
2016-10-05,KIM,77129,KIMCO REALTY CORP,,,-0.021119,-0.3293023124769288,0.0003595828838546,-9.551176911913594e-11,0.004297,18.92833506327788,27.81,420052.0,11681646.12,0.004999999999999,27.81,27.8
2016-10-06,KIM,77129,KIMCO REALTY CORP,,,-0.004315,-0.4031316010733397,0.0003611412062115,-3.283702370523416e-11,0.000482,11.297725043566034,27.69,420052.0,11631239.88,0.004999999999999,27.7,27.69
2016-10-07,KIM,77129,KIMCO REALTY CORP,,,0.007223,-0.1356367286801841,0.0003585514521334,6.313624346370414e-11,-0.003253,9.765338577128546,27.89,420052.0,11715250.28,0.0050000000000007,27.89,27.88
2016-10-10,KIM,77129,KIMCO REALTY CORP,,,0.007171,-0.4013854386328453,0.0003559985760057,1.0396576274021594e-10,0.004606,5.845673868949558,28.09,420052.0,11799260.68,0.0050000000000007,28.09,28.08
2016-10-11,KIM,77129,KIMCO REALTY CORP,,,-0.003204,0.8362658812691739,0.0003571428571429,-2.5378226666471075e-11,-0.012447,10.734211478578844,28.0,420052.0,11761456.0,0.0050000000000007,28.01,28.0
2016-10-12,KIM,77129,KIMCO REALTY CORP,,,0.006429,-0.3925377368052311,0.0003548616039745,8.329327320750428e-11,0.001147,6.520628398388771,28.18,420052.0,11837065.36,0.0050000000000007,28.19,28.18
2016-10-13,KIM,77129,KIMCO REALTY CORP,,,0.006033,0.0888472922446599,0.0003527336860669,7.135440329867823e-11,-0.003099,7.099968575319246,28.35,420052.0,11908474.2,0.004999999999999,28.36,28.35
2016-10-14,KIM,77129,KIMCO REALTY CORP,,,-0.009171,-0.399935151940278,0.0003559985760057,-1.8243463176821716e-10,0.000202,4.260441564377744,28.09,420052.0,11799260.68,0.0050000000000007,28.1,28.09
2016-10-17,KIM,77129,KIMCO REALTY CORP,,,-0.005696,0.3034403642810963,0.0003580379520229,-8.742793268770832e-11,-0.003038,5.55323150467085,27.93,420052.0,11732052.36,0.0050000000000007,27.94,27.93
2016-10-18,KIM,77129,KIMCO REALTY CORP,,,0.002506,-0.3336125584422154,0.0003571428571429,5.7576782982490216e-11,0.00616,3.700603734775695,28.0,420052.0,11761456.0,0.0050000000000007,28.0,27.99
2016-10-19,KIM,77129,KIMCO REALTY CORP,,,0.001786,-0.1406977148128658,0.0003565062388592,4.766800569591032e-11,0.002192,3.1799372458647976,28.05,420052.0,11782458.6,0.0050000000000007,28.05,28.04
2016-10-20,KIM,77129,KIMCO REALTY CORP,,,-0.000356,0.1215963597678888,0.0003566333808843,-8.474494285981769e-12,-0.001376,3.566606039252283,28.04,420052.0,11778258.08,0.004999999999999,28.04,28.03
2016-10-21,KIM,77129,KIMCO REALTY CORP,,,-0.001427,-0.0267908634591765,0.0003571428571429,-3.4954377066950047e-11,-8.4e-05,3.4710535838420005,28.0,420052.0,11761456.0,0.0050000000000007,28.0,27.99
2016-10-24,KIM,77129,KIMCO REALTY CORP,,,-0.003929,0.9514939064747264,0.0003585514521334,-4.951102758569254e-11,0.00475,6.7737399179149245,27.89,420052.0,11715250.28,0.0050000000000007,27.89,27.88
2016-10-25,KIM,77129,KIMCO REALTY CORP,,,-0.007888,-0.1121099432296438,0.0003614022406939,-1.1284101289035503e-10,-0.003798,6.01433632026511,27.67,420052.0,11622838.84,0.0050000000000007,27.67,27.66
2016-10-26,KIM,77129,KIMCO REALTY CORP,,,-0.014817,0.0762836584552952,0.0003668378576669,-1.9990189731754384e-10,-0.00174,6.473131897955491,27.26,420052.0,11450617.52,0.0050000000000007,27.26,27.25
2016-10-27,KIM,77129,KIMCO REALTY CORP,,,-0.030448,0.0135230955494782,0.0003783579265984,-4.1803288271423277e-10,-0.002987,6.560668679115919,26.43,420052.0,11101974.36,0.004999999999999,26.45,26.44
2016-10-28,KIM,77129,KIMCO REALTY CORP,,,-0.00454,0.9486657701404516,0.0003800836183961,-3.2132645699471556e-11,-0.003108,12.784550484225765,26.31,420052.0,11051568.12,0.0050000000000007,26.32,26.31
2016-10-31,KIM,77129,KIMCO REALTY CORP,,,0.011403,-0.3877712760252177,0.0003757985719654,1.303382930017665e-10,-0.000122,7.735470300640431,26.61,425026.0,11309941.86,0.0050000000000007,26.62,26.61
2016-11-01,KIM,77129,KIMCO REALTY CORP,,,-0.028185,0.0297608474543278,0.0003866976024747,-3.2192219646883487e-10,-0.006787,7.965684452245274,25.86,425026.0,10991172.36,0.004999999999999,25.86,25.85
2016-11-02,KIM,77129,KIMCO REALTY CORP,,,-0.023975,2.151332856611619,0.0003961965134706,-8.903000368311276e-11,-0.006525,25.102523139760866,25.24,425026.0,10727656.24,0.004999999999999,25.24,25.23
2016-11-03,KIM,77129,KIMCO REALTY CORP,,,-0.009509,-0.0003799713662426,0.0003999999999999,-3.5663750726547185e-11,-0.004423,25.09298489974731,25.0,425026.0,10625650.0,0.004999999999999,24.99,24.98
2016-11-04,KIM,77129,KIMCO REALTY CORP,,,0.0032,-0.0008996573988359,0.0003987240829346,1.1974172634034516e-11,-0.001666,25.07040981022337,25.08,425026.0,10659652.08,0.0050000000000007,25.09,25.08
2016-11-07,KIM,77129,KIMCO REALTY CORP,,,0.016348,-0.46854792270263,0.0003923107100824,1.1325405317579235e-10,0.022224,13.323721372339577,25.49,425026.0,10833912.74,0.0050000000000007,25.5,25.49
2016-11-08,KIM,77129,KIMCO REALTY CORP,,,0.020008,-0.3088797879824713,0.0003846153846154,1.9662362409651209e-10,0.003772,9.208293139713806,26.0,425026.0,11050676.0,0.0050000000000007,26.01,26.0
2016-11-09,KIM,77129,KIMCO REALTY CORP,,,-0.02,0.1690750898623423,0.000392464678179,-1.715511094253477e-10,0.011077,10.765186129789708,25.48,425026.0,10829662.48,0.0050000000000007,25.48,25.47
2016-11-10,KIM,77129,KIMCO REALTY CORP,,,0.007064,0.103432554894739,0.0003897116134061,5.4526949845695016e-11,0.001951,11.878656835111263,25.66,425026.0,10906167.16,0.0050000000000007,25.67,25.66
2016-11-11,KIM,77129,KIMCO REALTY CORP,,,-0.003507,-0.3528202493375572,0.0003910833007429,-4.197563584792825e-11,-0.001398,7.687626168752029,25.57,425026.0,10867914.82,0.004999999999999,25.58,25.57
2016-11-14,KIM,77129,KIMCO REALTY CORP,,,0.023074,0.0617164931210694,0.0003822629969419,2.5425460671706143e-10,-0.000116,8.162079496313167,26.16,425026.0,11118680.16,0.0050000000000007,26.17,26.16
2016-11-15,KIM,77129,KIMCO REALTY CORP,,,-0.00344,0.2877816007397893,0.0003835826620635,-2.953648953827767e-11,0.007481,10.510975799127582,26.07,425026.0,11080427.82,0.004999999999999,26.08,26.07
2016-11-16,KIM,77129,KIMCO REALTY CORP,,,0.001918,-0.4705316559513528,0.0003828483920366,3.1043944382689584e-11,-0.001582,5.565228950699487,26.12,425026.0,11101679.12,0.004999999999999,26.13,26.12
2016-11-17,KIM,77129,KIMCO REALTY CORP,,,-0.019525,0.2877477363977767,0.0003904724716908,-2.5029497772688506e-10,0.004676,7.166610983798639,25.61,425026.0,10884915.86,0.0050000000000007,25.62,25.61
2016-11-18,KIM,77129,KIMCO REALTY CORP,,,0.001562,0.8151314052940319,0.0003898635477582,1.1014283745892987e-11,-0.002387,13.008340666218066,25.65,425026.0,10901916.9,0.004999999999999,25.65,25.64
2016-11-21,KIM,77129,KIMCO REALTY CORP,,,0.001559,-0.4660724417572229,0.0003892565200467,2.0557120142790964e-11,0.007461,6.945511568704032,25.69,425026.0,10918917.94,0.0050000000000007,25.69,25.68
2016-11-22,KIM,77129,KIMCO REALTY CORP,,,0.01557,0.1099886416874122,0.0003832886163281,1.8212780849303935e-10,0.002165,7.709438951969997,26.09,425026.0,11088928.34,0.0050000000000007,26.09,26.08
2016-11-23,KIM,77129,KIMCO REALTY CORP,,,-0.000767,-0.3419943528756876,0.0003835826620637,-1.3645405318542943e-11,0.000808,5.072854366556399,26.07,425026.0,11080427.82,0.0050000000000007,26.07,26.06
2016-11-25,KIM,77129,KIMCO REALTY CORP,,,0.01074,-0.2777641987018197,0.0003795066413662,2.6174401305625927e-10,0.003914,3.6637970382988336,26.35,425026.0,11199435.1,0.0050000000000007,26.35,26.34
2016-11-28,KIM,77129,KIMCO REALTY CORP,,,-0.003795,1.0117781235531005,0.0003809523809523,-4.614827651007581e-11,-0.005254,7.370746730788234,26.25,425026.0,11156932.5,0.004999999999999,26.27,26.26
2016-11-29,KIM,77129,KIMCO REALTY CORP,,,-0.008,0.8703574070013047,0.0003840245775728,-5.243211986430162e-11,0.001335,13.785930743060424,26.04,425026.0,11067677.04,0.004999999999999,26.04,26.03
2016-11-30,KIM,77129,KIMCO REALTY CORP,,,-0.019201,-0.0828770420892726,0.0003915426781519,-1.399019601541448e-10,-0.002653,12.64339358062801,25.54,425026.0,10855164.04,0.0050000000000007,25.55,25.54
2016-12-01,KIM,77129,KIMCO REALTY CORP,,,-0.01527,-0.3739342446859012,0.0003976143141153,-1.804687220870685e-10,-0.003516,7.9155957517893025,25.15,425026.0,10689403.9,0.0050000000000007,25.16,25.15
2016-12-02,KIM,77129,KIMCO REALTY CORP,,,0.001988,-0.0888306571226281,0.0003968253968253,2.573461264079824e-11,0.000397,7.212448179640775,25.2,425026.0,10710655.2,0.004999999999999,25.2,25.19
2016-12-05,KIM,77129,KIMCO REALTY CORP,,,0.020238,0.7813111038474261,0.000388953714508,1.4415427829351818e-10,0.005821,12.847614028318269,25.71,425026.0,10927418.46,0.0050000000000007,25.71,25.7
2016-12-06,KIM,77129,KIMCO REALTY CORP,,,0.006612,-0.3088781940346886,0.0003863987635238,6.769802490250591e-11,0.003411,8.87926620959659,25.88,425026.0,10999672.88,0.004999999999999,25.88,25.87
2016-12-07,KIM,77129,KIMCO REALTY CORP,,,0.012751,0.0622655123228665,0.0003815337657383,1.213532937413481e-10,0.013163,9.432138269188238,26.21,425026.0,11139931.46,0.0050000000000007,26.21,26.2
2016-12-08,KIM,77129,KIMCO REALTY CORP,,,0.00496,-0.2152735510753063,0.0003796507213364,5.985796649245216e-11,0.002159,7.401648369746792,26.34,425026.0,11195184.84,0.0050000000000007,26.35,26.34
2016-12-09,KIM,77129,KIMCO REALTY CORP,,,-0.013667,0.2547095530585432,0.0003849114703618,-1.3327444909900152e-10,0.005939,9.286918917901492,25.98,425026.0,11042175.48,0.0050000000000007,25.98,25.97
2016-12-12,KIM,77129,KIMCO REALTY CORP,,,0.014627,-0.2240750489843134,0.0003793626707131,1.8117696752661123e-10,-0.001137,7.205952106459369,26.36,425026.0,11203685.36,0.004999999999999,26.36,26.35
2016-12-13,KIM,77129,KIMCO REALTY CORP,,,0.000379,-0.0351563660632047,0.0003792188092529,4.8636831581423305e-12,0.00654,6.952617016370764,26.37,425026.0,11207935.62,0.0050000000000007,26.37,26.36
2016-12-14,KIM,77129,KIMCO REALTY CORP,,,-0.035647,0.6840255793232113,0.0003932363350374,-2.8168526996147955e-10,-0.008117,11.708384898806193,25.43,425026.0,10808411.18,0.0050000000000007,25.44,25.43
2016-12-15,KIM,77129,KIMCO REALTY CORP,,,-0.014157,-0.1438291943039582,0.0003988831272436,-1.3253909306622928e-10,0.003883,10.024377332210264,25.07,425026.0,10655401.82,0.004999999999999,25.08,25.07
2016-12-16,KIM,77129,KIMCO REALTY CORP,,,0.017551,0.4769058313330381,0.0003920031360251,1.0933663375746001e-10,-0.001751,14.805061337424064,25.51,425026.0,10842413.26,0.0050000000000007,25.51,25.5
2016-12-19,KIM,77129,KIMCO REALTY CORP,,,0.007056,-0.5309941810424287,0.0003892565200467,9.306588851076604e-11,0.001975,6.9436599172756495,25.69,425026.0,10918917.94,0.0050000000000007,25.69,25.68
2016-12-20,KIM,77129,KIMCO REALTY CORP,,,0.007007,0.0326602142288858,0.0003865481252416,8.88739133688355e-11,0.003638,7.170441337706399,25.87,425026.0,10995422.62,0.0050000000000007,25.87,25.86
2016-12-21,KIM,77129,KIMCO REALTY CORP,,,-0.021647,-0.1704577073812254,0.0003951007506914,-3.383028483951321e-10,-0.002457,5.948184346369398,25.31,425026.0,10757408.06,0.0050000000000007,25.32,25.31
2016-12-22,KIM,77129,KIMCO REALTY CORP,,,-0.005136,-0.0851940938233867,0.0003971405877679,-8.819427853568357e-11,-0.001863,5.441434171086004,25.18,425026.0,10702154.68,0.004999999999999,25.18,25.17
2016-12-23,KIM,77129,KIMCO REALTY CORP,,,-0.004766,-0.0143776826817932,0.0003990422984835,-8.343217498990019e-11,0.001252,5.363198957240263,25.06,425026.0,10651151.56,0.004999999999999,25.06,25.05
2016-12-27,KIM,77129,KIMCO REALTY CORP,,,-0.000798,-0.2903659970897113,0.0003993610223641,-1.970129362742845e-11,0.002248,3.805908344430694,25.04,425026.0,10642651.04,0.004999999999999,25.04,25.03
2016-12-28,KIM,77129,KIMCO REALTY CORP,,,-0.013179,1.229384091344638,0.000404694455686,-1.4789414868324559e-10,-0.008357,8.484831516189598,24.71,425026.0,10502392.46,0.0050000000000007,24.71,24.7
2016-12-29,KIM,77129,KIMCO REALTY CORP,,,0.01376,0.1570501853159245,0.0004035512510089,1.3307798453454318e-10,-0.000293,9.81737587818157,24.78,425026.0,10532144.28,0.0050000000000007,24.78,24.77
2016-12-30,KIM,77129,KIMCO REALTY CORP,,,0.015335,0.2715906476475325,0.0003974562798091,1.1487219016742531e-10,-0.004637,12.483683351136166,25.16,425026.0,10693654.16,0.004999999999999,25.18,25.17
2017-01-03,KIM,77129,KIMCO REALTY CORP,,,0.008744,-0.4098460390245557,0.0003940110323088,1.1002590836335487e-10,0.008487,7.367295177236216,25.38,425026.0,10787159.88,0.004999999999999,25.38,25.37
2017-01-04,KIM,77129,KIMCO REALTY CORP,,,0.022853,0.3004561695300214,0.0003852080123265,2.1618185730096248e-10,0.005722,9.58084446598561,25.96,425026.0,11033674.96,0.004999999999999,25.97,25.96
2017-01-05,KIM,77129,KIMCO REALTY CORP,,,0.004237,-0.3737810981437623,0.0003835826620635,6.373411692500169e-11,-0.000771,5.99970590034492,26.07,425026.0,11080427.82,0.004999999999999,26.08,26.07
2017-01-06,KIM,77129,KIMCO REALTY CORP,,,-0.007288,-0.3030249436183324,0.000386398763524,-1.5844604247336962e-10,0.003517,4.181645358166324,25.88,425026.0,10999672.88,0.0050000000000007,25.89,25.88
2017-01-09,KIM,77129,KIMCO REALTY CORP,,,-0.011978,0.6610154233256138,0.0003910833007431,-1.5867818340009918e-10,-0.003549,6.945777434792224,25.57,425026.0,10867914.82,0.0050000000000007,25.59,25.58
2017-01-10,KIM,77129,KIMCO REALTY CORP,,,-0.016817,-0.1888693474826362,0.0003977724741447,-2.793547603447853e-10,0.0,5.6339329829233975,25.14,425026.0,10685153.64,0.004999999999999,25.15,25.14
2017-01-11,KIM,77129,KIMCO REALTY CORP,,,-0.007558,0.0787206711189658,0.0004008016032063,-1.1727357435276889e-10,0.00283,6.077439968378405,24.95,425026.0,10604398.7,0.004999999999999,24.95,24.94
2017-01-12,KIM,77129,KIMCO REALTY CORP,,,0.016032,0.1343819563542605,0.0003944773175543,2.1583121475583087e-10,-0.002145,6.894138240954671,25.35,425026.0,10774409.1,0.0050000000000007,25.35,25.34
2017-01-13,KIM,77129,KIMCO REALTY CORP,,,-0.000789,-0.1791042076481099,0.0003947887879984,-1.2949657984490348e-11,0.00185,5.65936907389195,25.33,425026.0,10765908.58,0.0050000000000007,25.32,25.31
2017-01-17,KIM,77129,KIMCO REALTY CORP,,,0.008291,0.0569207596806988,0.0003915426781518,1.276909384850128e-10,-0.002968,5.981504660891334,25.54,425026.0,10855164.04,0.004999999999999,25.54,25.53
2017-01-18,KIM,77129,KIMCO REALTY CORP,,,-0.001566,-0.2263266064717115,0.0003921568627451,-3.1222521414791726e-11,0.001764,4.627731009397072,25.5,425026.0,10838163.0,0.0050000000000007,25.5,25.49
2017-01-19,KIM,77129,KIMCO REALTY CORP,,,-0.020392,0.2602523964032852,0.0004003202562048,-3.2932617601481145e-10,-0.003609,5.832109094502454,24.98,425026.0,10617149.48,0.004999999999999,24.99,24.98
2017-01-20,KIM,77129,KIMCO REALTY CORP,,,0.006805,-0.1855322620076344,0.0003976143141153,1.3402169831778142e-10,0.003366,4.750064701924118,25.15,425026.0,10689403.9,0.0050000000000007,25.16,25.15
2017-01-23,KIM,77129,KIMCO REALTY CORP,,,0.007952,0.4562957767617135,0.0003944773175543,1.0669247615626595e-10,-0.00269,6.91749916475698,25.35,425026.0,10774409.1,0.0050000000000007,25.35,25.34
2017-01-24,KIM,77129,KIMCO REALTY CORP,,,0.001972,-0.2196613264029968,0.0003937007874014,3.3839617831418015e-11,0.006565,5.397992122834839,25.4,425026.0,10795660.4,0.004999999999999,25.4,25.39
2017-01-25,KIM,77129,KIMCO REALTY CORP,,,-0.011024,0.099526781087109,0.0003980891719745,-1.7396665511181322e-10,0.008026,5.93523690315416,25.12,425026.0,10676653.12,0.0050000000000007,25.12,25.11
2017-01-26,KIM,77129,KIMCO REALTY CORP,,,-0.001592,-0.0651189433250218,0.0003987240829345,-2.6915696042540512e-11,-0.000735,5.5487405476370855,25.08,425026.0,10659652.08,0.004999999999999,25.08,25.07
2017-01-27,KIM,77129,KIMCO REALTY CORP,,,-0.010766,0.2177577713995198,0.000403063280935,-1.5109732834759306e-10,-0.000866,6.757021923364689,24.81,425026.0,10544895.06,0.004999999999999,24.81,24.8
2017-01-30,KIM,77129,KIMCO REALTY CORP,,,-0.002015,0.4307847390760853,0.0004038772213247,-1.9805202398327247e-11,-0.00601,9.667843849552732,24.76,425026.0,10523643.76,0.0050000000000007,24.76,24.75
2017-01-31,KIM,77129,KIMCO REALTY CORP,,,0.00525,0.8414600817456928,0.0004017677782241,2.787577643560269e-11,-0.00089,17.802948525501968,24.89,425026.0,10578897.14,0.004999999999999,24.9,24.89
2017-02-01,KIM,77129,KIMCO REALTY CORP,,,-0.012857,-0.5928126547897397,0.0004070004070004,-1.698371843039071e-10,0.000298,7.249135347014065,24.57,425026.0,10442888.82,0.0050000000000007,24.57,24.56
2017-02-02,KIM,77129,KIMCO REALTY CORP,,,0.01221,0.19725575944209,0.0004020908725371,1.3309178123359254e-10,0.00057,8.679069045187823,24.87,425026.0,10570396.62,0.004999999999999,24.88,24.87
2017-02-03,KIM,77129,KIMCO REALTY CORP,,,-0.000804,0.4891393748153207,0.0004024144869215,-5.889869432414754e-12,0.007265,12.92434345193,24.85,425026.0,10561896.1,0.0050000000000007,24.85,24.84
2017-02-06,KIM,77129,KIMCO REALTY CORP,,,-0.003622,-0.5238654026027174,0.0004038772213246,-5.5929904470747237e-11,-0.002115,6.153727066108897,24.76,425026.0,10523643.76,0.004999999999999,24.77,24.76
2017-02-07,KIM,77129,KIMCO REALTY CORP,,,-0.018175,0.3752660109333074,0.0004113533525298,-2.0784951854961176e-10,0.000227,8.463011674579908,24.31,425026.0,10332382.06,0.0050000000000007,24.32,24.31
2017-02-08,KIM,77129,KIMCO REALTY CORP,,,0.012341,-0.0373411175979983,0.0004063388866315,1.4481911141527014e-10,0.000693,8.146993360406187,24.61,425026.0,10459889.86,0.0050000000000007,24.62,24.61
2017-02-09,KIM,77129,KIMCO REALTY CORP,,,0.007314,-0.3087815694415083,0.0004033884630898,1.2326797437862986e-10,0.005752,5.631351964350416,24.79,425026.0,10536394.54,0.004999999999999,24.79,24.78
2017-02-10,KIM,77129,KIMCO REALTY CORP,,,0.010085,-0.1499834341005176,0.0003993610223642,1.9796390793482056e-10,0.003566,4.786742458108445,25.04,425026.0,10642651.04,0.0050000000000007,25.05,25.04
2017-02-13,KIM,77129,KIMCO REALTY CORP,,,-0.005192,0.0501270588697904,0.0004014452027298,-9.755814805865852e-11,0.005246,5.026687779100572,24.91,425026.0,10587397.66,0.0050000000000007,24.91,24.9
2017-02-14,KIM,77129,KIMCO REALTY CORP,,,-0.009233,0.3029352582503968,0.0004051863857373,-1.3439324332966348e-10,0.004007,6.549448739606518,24.68,425026.0,10489641.68,0.004999999999999,24.68,24.67
2017-02-15,KIM,77129,KIMCO REALTY CORP,,,-0.02188,0.3996909134148032,0.000414250207125,-2.326256841592605e-10,0.004992,9.16720388870328,24.14,425026.0,10260127.64,0.004999999999999,24.15,24.14
2017-02-16,KIM,77129,KIMCO REALTY CORP,,,0.003728,0.0071080255627133,0.0004127115146513,3.9209747377860895e-11,-0.000864,9.232364608282788,24.23,425026.0,10298379.98,0.0050000000000007,24.23,24.22
2017-02-17,KIM,77129,KIMCO REALTY CORP,,,0.004127,-0.1952390357276194,0.0004110152075625,5.3715177141459534e-11,0.001679,7.429846644675855,24.33,425026.0,10340882.58,0.004999999999999,24.33,24.32
2017-02-21,KIM,77129,KIMCO REALTY CORP,,,0.013152,-0.3662456244351428,0.0004056795131846,2.6659902581265914e-10,0.006048,4.708697820839196,24.65,425026.0,10476890.9,0.0050000000000007,24.66,24.65
2017-02-22,KIM,77129,KIMCO REALTY CORP,,,-0.01217,0.4726402937262874,0.0004106776180697,-1.695815556511893e-10,-0.001082,6.934218141948963,24.35,425026.0,10349383.1,0.004999999999999,24.36,24.35
2017-02-23,KIM,77129,KIMCO REALTY CORP,,,0.005339,-0.1059119041891298,0.000408496732026,8.276661563542856e-11,0.000419,6.199801894472338,24.48,425026.0,10404636.48,0.004999999999999,24.47,24.46
2017-02-24,KIM,77129,KIMCO REALTY CORP,,,-0.004085,0.2175981954227523,0.0004101722723543,-5.2222908230810636e-11,0.001493,7.54886759868808,24.38,425026.0,10362133.88,0.004999999999999,24.38,24.37
2017-02-27,KIM,77129,KIMCO REALTY CORP,,,0.002871,0.1448970146160235,0.0004089979550101,3.1966169651516944e-11,0.001018,8.642675977469613,24.45,425026.0,10391885.7,0.004999999999999,24.45,24.44
2017-02-28,KIM,77129,KIMCO REALTY CORP,,,-0.00818,1.5264300115262257,0.0004123711340206,-3.634716646799178e-11,-0.002578,21.80418157597344,24.25,425629.0,10321503.25,0.0050000000000007,24.26,24.25
2017-03-01,KIM,77129,KIMCO REALTY CORP,,,-0.020206,-0.5691297401042962,0.0004208754208754,-2.12674976247428e-10,0.013674,9.394773382452794,23.76,425629.0,10112945.04,0.0050000000000007,23.76,23.75
2017-03-02,KIM,77129,KIMCO REALTY CORP,,,-0.00968,0.0689031002168711,0.0004249893752655,-9.624929876096833e-11,-0.00586,10.042102394338732,23.53,425629.0,10015050.37,0.004999999999999,23.52,23.51
2017-03-03,KIM,77129,KIMCO REALTY CORP,,,-0.006375,0.2340984649794932,0.0004277159965781,-5.1692794909727016e-11,0.000504,12.392943150020322,23.38,425629.0,9951206.02,0.004999999999999,23.38,23.37
2017-03-06,KIM,77129,KIMCO REALTY CORP,,,-0.00941,-0.056637261422053,0.0004317789291883,-8.165197274425287e-11,-0.003277,11.69104078904398,23.16,425629.0,9857567.64,0.0050000000000007,23.17,23.16
2017-03-07,KIM,77129,KIMCO REALTY CORP,,,-0.017703,-0.3691864986778659,0.0004395604395605,-2.479020407587126e-10,-0.002913,7.374866374236718,22.75,425629.0,9683059.75,0.0050000000000007,22.75,22.74
2017-03-08,KIM,77129,KIMCO REALTY CORP,,,-0.022418,0.2927832397831509,0.0004496402877698,-2.4839966306536956e-10,-0.002284,9.534103644253564,22.24,425629.0,9465988.96,0.0050000000000007,22.25,22.24
2017-03-09,KIM,77129,KIMCO REALTY CORP,,,-0.029227,0.399882109152041,0.0004631773969431,-2.3830275024568085e-10,0.0008,13.34662111839184,21.59,425629.0,9189330.11,0.0050000000000007,21.6,21.59
2017-03-10,KIM,77129,KIMCO REALTY CORP,,,0.002316,-0.1361101228737469,0.0004621072088725,2.180822759394156e-11,0.003269,11.53001087801818,21.64,425629.0,9210611.56,0.0050000000000007,21.64,21.63
2017-03-13,KIM,77129,KIMCO REALTY CORP,,,0.009704,0.1332595144540802,0.00045766590389,7.985627440740339e-11,0.000367,13.066494529273148,21.85,425629.0,9299993.65,0.004999999999999,21.86,21.85
2017-03-14,KIM,77129,KIMCO REALTY CORP,,,0.015561,0.0767722039407143,0.0004506534474987,1.171024719356235e-10,-0.003379,14.069638112064732,22.19,425629.0,9444707.51,0.004999999999999,22.2,22.19
2017-03-15,KIM,77129,KIMCO REALTY CORP,,,0.02749,-0.1108217390621874,0.0004385964912279,2.2643153923379692e-10,0.008375,12.510416348510088,22.8,425629.0,9704341.2,0.004999999999999,22.81,22.8
2017-03-16,KIM,77129,KIMCO REALTY CORP,,,-0.000439,-0.2007735132012569,0.0004387889425187,-4.526341871470025e-12,-0.001627,9.998656106609277,22.79,425629.0,9700084.91,0.0050000000000007,22.8,22.79
2017-03-17,KIM,77129,KIMCO REALTY CORP,,,0.0,0.7768291977992903,0.0004387889425185,0.0,-0.001314,17.765904108977537,22.79,425629.0,9700084.91,0.004999999999999,22.79,22.78
2017-03-20,KIM,77129,KIMCO REALTY CORP,,,-0.010092,-0.4762502638301203,0.0004432624113475,-1.1295248887921637e-10,-0.00201,9.304887589896364,22.56,425629.0,9602190.24,0.0050000000000007,22.57,22.56
2017-03-21,KIM,77129,KIMCO REALTY CORP,,,0.000887,-0.221736781107102,0.0004428697962799,1.2744735734244931e-11,-0.012408,7.241651767149325,22.58,425629.0,9610702.819999998,0.0050000000000007,22.59,22.58
2017-03-22,KIM,77129,KIMCO REALTY CORP,,,-0.019929,0.2108740445718835,0.0004518752824219,-2.4128830666396215e-10,0.00189,8.76872816466923,22.13,425629.0,9419169.77,0.004999999999999,22.15,22.14
2017-03-23,KIM,77129,KIMCO REALTY CORP,,,0.016268,-0.1940721687465252,0.0004446420631392,2.404809822104717e-10,-0.00106,7.066962072603135,22.49,425629.0,9572396.21,0.0050000000000007,22.5,22.49
2017-03-24,KIM,77129,KIMCO REALTY CORP,,,0.004002,0.0460470147983447,0.0004428697962799,5.632976910224116e-11,-0.000844,7.392374579739632,22.58,425629.0,9610702.819999998,0.0050000000000007,22.59,22.58
2017-03-27,KIM,77129,KIMCO REALTY CORP,,,-0.025686,0.0551079023737854,0.0004545454545455,-3.5169139793182015e-10,-0.00102,7.799752836390377,22.0,425629.0,9363838.0,0.0050000000000007,22.0,21.99
2017-03-28,KIM,77129,KIMCO REALTY CORP,,,0.004091,-0.0442710270886719,0.0004526935264826,5.83696326888046e-11,0.007251,7.454449767285594,22.09,425629.0,9402144.61,0.0050000000000007,22.09,22.08
2017-03-29,KIM,77129,KIMCO REALTY CORP,,,-0.007243,0.0292183949344906,0.000455996352029,-1.0114059649482789e-10,0.001085,7.672256824605466,21.93,425629.0,9334043.97,0.004999999999999,21.93,21.92
2017-03-30,KIM,77129,KIMCO REALTY CORP,,,0.001368,-0.2418176500940887,0.0004553734061931,2.5160875492791468e-11,0.002935,5.816969708361038,21.96,425629.0,9346812.84,0.0050000000000007,21.96,21.95
2017-03-31,KIM,77129,KIMCO REALTY CORP,,,0.00592,1.0390715025136608,0.0004526935264826,5.308423007442683e-11,-0.002255,11.861049960647032,22.09,425635.0,9402277.15,0.0050000000000007,22.09,22.08
2017-04-03,KIM,77129,KIMCO REALTY CORP,,,0.012223,-0.1046568886702091,0.0004526935264826,1.2241429373991108e-10,-0.001642,10.619709375403808,22.09,425635.0,9402277.15,0.0050000000000007,22.09,22.08
2017-04-04,KIM,77129,KIMCO REALTY CORP,,,-0.008601,-0.115077475819226,0.0004566210045661,-9.81860115529764e-11,0.00056,9.39762002654857,21.9,425635.0,9321406.5,0.004999999999999,21.9,21.89
2017-04-05,KIM,77129,KIMCO REALTY CORP,,,-0.001826,-0.1249581245393699,0.0004574565416284,-2.3865281680010183e-11,-0.003055,8.223311052897436,21.86,425635.0,9304381.1,0.004999999999999,21.86,21.85
2017-04-06,KIM,77129,KIMCO REALTY CORP,,,-0.008234,0.1746158498729617,0.0004612546125461,-9.237866400404535e-11,0.001929,9.659231501168842,21.68,425635.0,9227766.8,0.0050000000000007,21.69,21.68
2017-04-07,KIM,77129,KIMCO REALTY CORP,,,-0.008303,0.0607434570077107,0.0004651162790698,-8.855361780776885e-11,-0.000827,10.245966614587616,21.5,425635.0,9151152.5,0.0050000000000007,21.5,21.49
2017-04-10,KIM,77129,KIMCO REALTY CORP,,,0.02,-0.0208959234971825,0.0004559963520292,2.1358573124853743e-10,0.000688,10.031867680054509,21.93,425635.0,9334175.55,0.0050000000000007,21.94,21.93
2017-04-11,KIM,77129,KIMCO REALTY CORP,,,0.014136,-0.1441014971261716,0.0004496402877696,1.7392033323127974e-10,-0.001434,8.586260528386997,22.24,425635.0,9466122.4,0.004999999999999,22.24,22.23
2017-04-12,KIM,77129,KIMCO REALTY CORP,,,0.004946,-0.1295094720015498,0.0004474272930649,6.956185263218568e-11,-0.00376,7.4742584608878495,22.35,425635.0,9512942.25,0.0050000000000007,22.35,22.34
2017-04-13,KIM,77129,KIMCO REALTY CORP,,,-0.000447,-0.3531090690427139,0.0004476275738586,-9.722721528562376e-12,-0.006815,4.835030013979114,22.34,425635.0,9508685.9,0.0050000000000007,22.35,22.34
2017-04-17,KIM,77129,KIMCO REALTY CORP,,,0.009848,0.2866540522206964,0.0004432624113474,1.6485823477462555e-10,0.008613,6.221010960094917,22.56,425635.0,9602325.6,0.004999999999999,22.56,22.55
2017-04-18,KIM,77129,KIMCO REALTY CORP,,,0.007092,0.217871278154599,0.0004401408450704,9.679673581272244e-11,-0.002903,7.576390569384567,22.72,425635.0,9670427.2,0.0050000000000007,22.73,22.72
2017-04-19,KIM,77129,KIMCO REALTY CORP,,,-0.00132,0.0067468231136602,0.0,-1.791923561206396e-11,-0.001716,7.627507136396208,22.69,425635.0,9657658.15,0.0,22.68,22.68
2017-04-20,KIM,77129,KIMCO REALTY CORP,,,-0.003967,-0.294730626569751,0.0004424778761062,-7.666175919323584e-11,0.007557,5.379447178920906,22.6,425635.0,9619351.0,0.0050000000000007,22.6,22.59
2017-04-21,KIM,77129,KIMCO REALTY CORP,,,-0.016372,0.181241404370303,0.0004498425551057,-2.7230062093399827e-10,-0.003035,6.3544257403643964,22.23,425635.0,9461866.05,0.0050000000000007,22.23,22.22
2017-04-24,KIM,77129,KIMCO REALTY CORP,,,-0.02924,0.7965183131669493,0.0004633920296569,-2.788564136926893e-10,0.01084,11.415842212224089,21.58,425635.0,9185203.3,0.004999999999999,21.58,21.57
2017-04-25,KIM,77129,KIMCO REALTY CORP,,,0.006024,0.1789636183052334,0.0004606172270843,4.843724640814425e-11,0.006091,13.458862640525332,21.71,425635.0,9240535.85,0.0050000000000007,21.71,21.7
2017-04-26,KIM,77129,KIMCO REALTY CORP,,,-0.026255,0.3993760738949716,0.0004730368968778,-1.5492692527520095e-10,-0.000486,18.83401036099005,21.14,425635.0,8997923.9,0.004999999999999,21.15,21.14
2017-04-27,KIM,77129,KIMCO REALTY CORP,,,-0.022233,-0.2776922449364516,0.0004837929366232,-1.8576127183242688e-10,0.000553,13.603951742690333,20.67,425635.0,8797875.450000001,0.0050000000000007,20.66,20.65
2017-04-28,KIM,77129,KIMCO REALTY CORP,,,-0.018384,-0.2732670295482907,0.000492853622474,-2.1531817247714938e-10,-0.001913,9.885975731519656,20.29,425655.0,8636539.95,0.004999999999999,20.29,20.28
2017-05-01,KIM,77129,KIMCO REALTY CORP,,,0.0069,-0.0464627621336901,0.0004894762604014,8.417163958843247e-11,0.001732,9.426645992646629,20.43,425655.0,8696131.65,0.0050000000000007,20.44,20.43
2017-05-02,KIM,77129,KIMCO REALTY CORP,,,0.014195,0.4093301954716999,0.0004826254826253,1.211484749936821e-10,0.001189,13.285256839459189,20.72,425655.0,8819571.6,0.004999999999999,20.72,20.71
2017-05-03,KIM,77129,KIMCO REALTY CORP,,,-0.02944,-0.3700494576773282,0.0004972650422674,-4.109524621345031e-10,-0.001271,8.369054750913298,20.11,425655.0,8559922.049999999,0.004999999999999,20.11,20.1
2017-05-04,KIM,77129,KIMCO REALTY CORP,,,-0.007459,0.9326322940322768,0.000501002004008,-5.427960638217281e-11,0.000582,16.174305482139292,19.96,425655.0,8496073.8,0.0050000000000007,19.96,19.95
2017-05-05,KIM,77129,KIMCO REALTY CORP,,,-0.001002,-0.4081230280475154,0.0005015045135407,-1.2331836092540225e-11,0.004089,9.573198952203075,19.94,425655.0,8487560.700000001,0.0050000000000007,19.94,19.93
2017-05-08,KIM,77129,KIMCO REALTY CORP,,,-0.025577,-0.0999430658080728,0.0005146680391146,-3.5891532055735536e-10,3.8e-05,8.616424099329269,19.43,425655.0,8270476.649999999,0.004999999999999,19.43,19.42
2017-05-09,KIM,77129,KIMCO REALTY CORP,,,0.004632,0.3228174425731753,0.0005122950819671,4.8910715784351645e-11,-0.001025,11.39795609120062,19.52,425655.0,8308785.6,0.004999999999999,19.52,19.51
2017-05-10,KIM,77129,KIMCO REALTY CORP,,,0.006147,0.0932167284298346,0.0005091649694501,5.901069671145823e-11,0.001131,12.460436268809246,19.64,425655.0,8359864.2,0.0050000000000007,19.64,19.63
2017-05-11,KIM,77129,KIMCO REALTY CORP,,,-0.020876,-0.2758230016816095,0.0005200208008321,-2.8263913157796207e-10,-0.002163,9.023561334883883,19.23,425655.0,8185345.65,0.0050000000000007,19.23,19.22
2017-05-12,KIM,77129,KIMCO REALTY CORP,,,-0.016121,-0.2223720125678092,0.0005285412262157,-2.852746946683053e-10,-0.001478,7.016973840316688,18.92,425655.0,8053392.600000001,0.0050000000000007,18.92,18.91
2017-05-15,KIM,77129,KIMCO REALTY CORP,,,0.001057,0.1764621787124054,0.0005279831045407,1.5882155581197588e-11,0.004776,8.255204332146926,18.94,425655.0,8061905.7,0.0050000000000007,18.94,18.93
2017-05-16,KIM,77129,KIMCO REALTY CORP,,,-0.041711,0.7577715617742153,0.0005509641873279,-3.7207112897982606e-10,-0.000687,14.51076341168317,18.15,425655.0,7725638.249999999,0.0050000000000007,18.16,18.15
2017-05-17,KIM,77129,KIMCO REALTY CORP,,,0.003857,0.0664196151299933,0.000548847420417,3.2138465809382326e-11,-0.018178,15.474562732729558,18.22,425655.0,7755434.1,0.004999999999999,18.22,18.21
2017-05-18,KIM,77129,KIMCO REALTY CORP,,,-0.000549,0.1579846132241253,0.0005491488193299,-3.9526056286261e-12,0.003687,17.9193055408723,18.21,425655.0,7751177.550000001,0.004999999999999,18.22,18.21
2017-05-19,KIM,77129,KIMCO REALTY CORP,,,0.018671,0.0465806229663889,0.0005390835579513,1.2608750800649514e-10,0.006767,18.7539979560912,18.55,425655.0,7895900.25,0.004999999999999,18.54,18.53
2017-05-22,KIM,77129,KIMCO REALTY CORP,,,-0.018868,-0.2219267511515166,0.0005494505494506,-1.6691001341028362e-10,0.00516,14.591984118593697,18.2,425655.0,7746921.0,0.0050000000000007,18.19,18.18
2017-05-23,KIM,77129,KIMCO REALTY CORP,,,-0.009341,0.0703814800187598,0.0005546311702716,-7.792682313133231e-11,0.001838,15.61898955727056,18.03,425655.0,7674559.65,0.004999999999999,18.02,18.01
2017-05-24,KIM,77129,KIMCO REALTY CORP,,,0.01553,0.106020320078769,0.0005461496450026,1.1534780422028867e-10,0.002489,17.274919829439334,18.31,425655.0,7793743.05,0.004999999999999,18.31,18.3
2017-05-25,KIM,77129,KIMCO REALTY CORP,,,0.002731,-0.4451143155401571,0.0005446623093682,3.645622726369209e-11,0.004442,9.585605713547356,18.36,425655.0,7815025.8,0.0050000000000007,18.35,18.34
2017-05-26,KIM,77129,KIMCO REALTY CORP,,,-0.017974,-0.3248903658458575,0.0005546311702718,-3.619073511108426e-10,0.000311,6.471334766418813,18.03,425655.0,7674559.65,0.0050000000000007,18.03,18.02
2017-05-30,KIM,77129,KIMCO REALTY CORP,,,-0.02995,1.263027507881488,0.0005717552887363,-2.7470437634882443e-10,-0.001205,14.644808589115598,17.49,425655.0,7444705.949999999,0.004999999999999,17.49,17.48
2017-05-31,KIM,77129,KIMCO REALTY CORP,,,0.002859,0.1710820137717377,0.0005701254275939,2.2328308115978265e-11,-0.00046,17.150271933843136,17.54,425655.0,7465988.699999999,0.004999999999999,17.54,17.53
2017-06-01,KIM,77129,KIMCO REALTY CORP,,,0.017104,0.0658586958889186,0.0005605381165918,1.2321808509157638e-10,0.007571,18.27976647754637,17.84,425655.0,7593685.2,0.004999999999999,17.83,17.82
2017-06-02,KIM,77129,KIMCO REALTY CORP,,,-0.013453,-0.1830930561271138,0.0005681818181819,-1.2025565388397243e-10,0.003708,14.93286816788244,17.6,425655.0,7491528.000000001,0.0050000000000007,17.59,17.58
2017-06-05,KIM,77129,KIMCO REALTY CORP,,,-0.017046,-0.1582964798426746,0.0005780346820808,-1.8416888857978227e-10,-0.001218,12.569047702951922,17.3,425655.0,7363831.5,0.004999999999999,17.31,17.3
2017-06-06,KIM,77129,KIMCO REALTY CORP,,,0.034682,0.3830506770181667,0.0005586592178771,2.6185019133791816e-10,-0.002779,17.383629935041288,17.9,425655.0,7619224.499999999,0.0050000000000007,17.91,17.9
2017-06-07,KIM,77129,KIMCO REALTY CORP,,,0.02905,0.4596603332500386,0.0005428881650378,1.460180342276894e-10,0.001568,25.374195064077718,18.42,425655.0,7840565.100000001,0.004999999999999,18.43,18.42
2017-06-08,KIM,77129,KIMCO REALTY CORP,,,-0.011944,-0.3120802973672054,0.0005494505494506,-8.832642343732949e-11,0.000267,17.455408723026864,18.2,425655.0,7746921.0,0.0050000000000007,18.21,18.2
2017-06-09,KIM,77129,KIMCO REALTY CORP,,,0.019231,-0.2631318622306218,0.0005390835579513,1.8935658573390167e-10,-0.00083,12.862334519740164,18.55,425655.0,7895900.25,0.004999999999999,18.56,18.55
2017-06-12,KIM,77129,KIMCO REALTY CORP,,,0.039892,1.1909685571489028,0.0005184033177811,1.7240104664481804e-10,-0.000979,28.180970504281635,19.29,425655.0,8210884.949999999,0.004999999999999,19.31,19.3
2017-06-13,KIM,77129,KIMCO REALTY CORP,,,0.007776,-0.2528379489054569,0.0005144032921811,4.4630474178704436e-11,0.004511,21.055751723813888,19.44,425655.0,8274733.2,0.0050000000000007,19.44,19.43
2017-06-14,KIM,77129,KIMCO REALTY CORP,,,-0.009259,-0.1871545461828336,0.0005192107995845,-6.598896700277801e-11,-0.000996,17.11507206540508,19.26,425655.0,8198115.300000001,0.004999999999999,19.27,19.26
2017-06-15,KIM,77129,KIMCO REALTY CORP,,,0.015057,0.2232462736351761,0.0005115089514065,8.642538360112714e-11,-0.00224,20.935948127004263,19.55,425655.0,8321555.25,0.004999999999999,19.56,19.55
2017-06-16,KIM,77129,KIMCO REALTY CORP,,,-0.05422,0.8681497854848308,0.0005408328826391,-1.7614103133530103e-10,0.000284,39.11148700238456,18.49,425655.0,7870360.949999999,0.004999999999999,18.49,18.48
2017-06-19,KIM,77129,KIMCO REALTY CORP,,,-0.033532,-0.4474260571840461,0.0005595970900952,-2.0397758062118263e-10,0.008347,21.61198858230257,17.87,425655.0,7606454.850000001,0.0050000000000007,17.87,17.86
2017-06-20,KIM,77129,KIMCO REALTY CORP,,,-0.015109,0.2034240613719529,0.0005681818181819,-7.754465964725569e-11,-0.006697,26.008387074038836,17.6,425655.0,7491528.000000001,0.0050000000000007,17.6,17.59
2017-06-21,KIM,77129,KIMCO REALTY CORP,,,-0.004545,-0.3737621267139992,0.0005707762557078,-3.7418751886016245e-11,-0.000583,16.287437008845192,17.52,425655.0,7457475.6,0.0050000000000007,17.53,17.52
2017-06-22,KIM,77129,KIMCO REALTY CORP,,,0.018836,0.0523897243102347,0.0005602240896359,1.44631661079355e-10,-0.000456,17.140731343458903,17.85,425655.0,7597941.750000001,0.0050000000000007,17.87,17.86
2017-06-23,KIM,77129,KIMCO REALTY CORP,,,0.007843,0.072824045050204,0.0005558643690938,5.569746966959864e-11,0.001561,18.3889887350084,17.99,425655.0,7657533.449999999,0.004999999999999,17.99,17.98
2017-06-26,KIM,77129,KIMCO REALTY CORP,,,0.026681,-0.1178064393317547,0.0005414185165133,2.0919713764337336e-10,0.000316,16.222647449225313,18.47,425655.0,7861847.85,0.0050000000000007,18.48,18.47
2017-06-27,KIM,77129,KIMCO REALTY CORP,,,0.011911,-0.0881788366563358,0.0005350454788657,1.0121614348191659e-10,-0.008073,14.792153269666748,18.69,425655.0,7955491.95,0.0050000000000007,18.71,18.7
2017-06-28,KIM,77129,KIMCO REALTY CORP,,,0.005885,-0.1203717262402971,0.0005319148936169,5.6519758844777534e-11,0.008808,13.011596245785906,18.8,425655.0,8002314.0,0.004999999999999,18.81,18.8
2017-06-29,KIM,77129,KIMCO REALTY CORP,,,-0.002128,-0.0662723205459432,0.0005330490405116,-2.193462624197786e-11,-0.0086,12.149287568570792,18.76,425655.0,7985287.800000001,0.004999999999999,18.77,18.76
2017-06-30,KIM,77129,KIMCO REALTY CORP,,,-0.021855,0.3355819163264142,0.0005449591280654,-1.7243906570620563e-10,0.001533,16.22636877283246,18.35,425655.0,7810769.250000001,0.0050000000000007,18.35,18.34
2017-07-03,KIM,77129,KIMCO REALTY CORP,,,0.050136,-0.4952402945777624,0.0005263157894737,7.568892227344304e-10,0.002311,8.190417121847506,19.0,425655.0,8087445.0,0.0050000000000007,19.0,18.99
2017-07-05,KIM,77129,KIMCO REALTY CORP,,,-0.060526,0.830563245993164,0.0005602240896357,-5.313188884102723e-10,0.001453,14.99307655260716,17.85,425655.0,7597941.750000001,0.004999999999999,17.86,17.85
2017-07-06,KIM,77129,KIMCO REALTY CORP,,,0.006162,0.1339646417559219,0.0005567928730513,4.740971569491877e-11,-0.009369,17.00161868179629,17.96,425655.0,7644763.800000001,0.0050000000000007,17.98,17.97
2017-07-07,KIM,77129,KIMCO REALTY CORP,,,0.026169,-0.0684047311362,0.0005425935973954,2.1061364628841455e-10,0.006403,15.83862752698782,18.43,425655.0,7844821.649999999,0.004999999999999,18.45,18.44
2017-07-10,KIM,77129,KIMCO REALTY CORP,,,-0.010852,-0.0840235183796116,0.0005485463521668,-9.639699781993002e-11,0.000928,14.507810315866136,18.23,425655.0,7759690.65,0.0050000000000007,18.23,18.22
2017-07-11,KIM,77129,KIMCO REALTY CORP,,,0.004388,-0.2231642333792473,0.0005461496450028,4.995620668492553e-11,-0.000783,11.270185948714335,18.31,425655.0,7793743.05,0.0050000000000007,18.32,18.31
2017-07-12,KIM,77129,KIMCO REALTY CORP,,,0.003277,0.2268326325442011,0.0005443658138267,3.031050310151391e-11,0.007306,13.826631896723873,18.37,425655.0,7819282.350000001,0.004999999999999,18.38,18.37
2017-07-13,KIM,77129,KIMCO REALTY CORP,,,0.019597,-0.2742003695601385,0.0005339028296848,2.4494068745004847e-10,0.001875,10.035364320870189,18.73,425655.0,7972518.15,0.004999999999999,18.74,18.73
2017-07-14,KIM,77129,KIMCO REALTY CORP,,,0.011746,0.0172207014556362,0.000527704485488,1.426509635321744e-10,0.004674,10.208180333838436,18.95,425655.0,8066162.25,0.004999999999999,18.95,18.94
2017-07-17,KIM,77129,KIMCO REALTY CORP,,,-0.001055,-0.1539332356461656,0.0005282620179608,-1.515971852523268e-11,-5.3e-05,8.636802104991132,18.93,425655.0,8057649.149999999,0.004999999999999,18.93,18.92
2017-07-18,KIM,77129,KIMCO REALTY CORP,,,0.005811,0.2828179326050282,0.0005252100840335,6.471548363163201e-11,0.000598,11.079444620643478,19.04,425655.0,8104471.199999999,0.004999999999999,19.04,19.03
2017-07-19,KIM,77129,KIMCO REALTY CORP,,,0.001576,-0.2881458755166697,0.0005243838489773,2.461720737300237e-11,0.005373,7.886948350189708,19.07,425655.0,8117240.850000001,0.004999999999999,19.06,19.05
2017-07-20,KIM,77129,KIMCO REALTY CORP,,,-0.001573,-0.1575970348385028,0.0005252100840336,-2.921293253559343e-11,-0.000154,6.643988676275387,19.04,425655.0,8104471.199999999,0.0050000000000007,19.05,19.04
2017-07-21,KIM,77129,KIMCO REALTY CORP,,,-0.007878,-0.0048849966071992,0.000529380624669,-1.4819178238124864e-10,-0.000368,6.611532814133512,18.89,425655.0,8040622.95,0.004999999999999,18.9,18.89
2017-07-24,KIM,77129,KIMCO REALTY CORP,,,0.001588,0.4999392374189477,0.0005285412262155,1.9883635943966432e-11,-0.001064,9.91689748740177,18.92,425655.0,8053392.600000001,0.004999999999999,18.93,18.92
2017-07-25,KIM,77129,KIMCO REALTY CORP,,,0.039641,0.5573563960952124,0.0005083884087441,3.0656224494361585e-10,0.002923,15.444143731425685,19.67,425655.0,8372633.850000001,0.004999999999999,19.68,19.67
2017-07-26,KIM,77129,KIMCO REALTY CORP,,,0.003559,-0.2144023990713547,0.0005065856129686,3.4910745027327704e-11,0.000283,12.132882263805197,19.74,425655.0,8402429.7,0.0050000000000007,19.76,19.75
2017-07-27,KIM,77129,KIMCO REALTY CORP,,,0.064843,0.8799230581854078,0.0004757373929591,3.1773758519299615e-10,-0.000973,22.808885129976154,21.02,425655.0,8947268.1,0.0050000000000007,21.03,21.02
2017-07-28,KIM,77129,KIMCO REALTY CORP,,,-0.02902,-0.3158824503672782,0.0004899559039685,-2.1407298982189315e-10,-0.001341,15.603958604973512,20.41,425655.0,8687618.55,0.004999999999999,20.43,20.42
2017-07-31,KIM,77129,KIMCO REALTY CORP,,,-0.011269,0.7668510064058449,0.0004955401387513,-4.7585184772647935e-11,-0.000728,27.571100658778864,20.18,425636.0,8589334.48,0.0050000000000007,20.19,20.18
2017-08-01,KIM,77129,KIMCO REALTY CORP,,,0.021308,-0.6696691583896828,0.0004852013585638,2.667000612993094e-10,0.002449,9.107584884737191,20.61,425636.0,8772357.959999999,0.0050000000000007,20.62,20.61
2017-08-02,KIM,77129,KIMCO REALTY CORP,,,-0.027656,0.3859315942459673,0.0004990019960078,-2.5686697619352777e-10,0.000493,12.622489639034292,20.04,425636.0,8529745.44,0.004999999999999,20.06,20.05
2017-08-03,KIM,77129,KIMCO REALTY CORP,,,-0.005489,-0.3573478395692503,0.0005017561465128,-7.976761078299011e-11,-0.002184,8.111870236540142,19.93,425636.0,8482925.48,0.0050000000000007,19.92,19.91
2017-08-04,KIM,77129,KIMCO REALTY CORP,,,0.019568,0.3818439113228355,0.0004921259842518,2.0183868073643674e-10,0.001889,11.209338495803928,20.32,425636.0,8648923.52,0.004999999999999,20.33,20.32
2017-08-07,KIM,77129,KIMCO REALTY CORP,,,0.00689,-0.5215740695328412,0.0004887585532747,1.4753006886668068e-10,0.001647,5.362838199776335,20.46,425636.0,8708512.56,0.0050000000000007,20.46,20.45
2017-08-08,KIM,77129,KIMCO REALTY CORP,,,0.000489,0.6028786257177616,0.0004885197850511,6.5291603022141135e-12,-0.002414,8.595978723604206,20.47,425636.0,8712768.92,0.004999999999999,20.47,20.46
2017-08-09,KIM,77129,KIMCO REALTY CORP,,,0.001466,0.0985162177984988,0.0004878048780488,1.779262195432958e-11,-0.000364,9.44282203573006,20.5,425636.0,8725538.0,0.0050000000000007,20.51,20.5
2017-08-10,KIM,77129,KIMCO REALTY CORP,,,-0.001951,0.1086247155843009,0.0004887585532745,-2.1400648087968804e-11,-0.014474,10.468545893674408,20.46,425636.0,8708512.56,0.004999999999999,20.47,20.46
2017-08-11,KIM,77129,KIMCO REALTY CORP,,,-0.022972,-0.2809450176063055,0.0005002501250624,-3.586734243375372e-10,0.001276,7.527460083263634,19.99,425636.0,8508463.639999999,0.004999999999999,19.99,19.98
2017-08-14,KIM,77129,KIMCO REALTY CORP,,,0.005003,-0.1543934096514373,0.0004977600796416,9.191690504837389e-11,0.010044,6.3652698549934685,20.09,425636.0,8551027.24,0.0050000000000007,20.09,20.08
2017-08-15,KIM,77129,KIMCO REALTY CORP,,,-0.020906,0.0614626425835864,0.0005083884087443,-3.6957850013658527e-10,-0.000499,6.75649616103901,19.67,425636.0,8372260.120000001,0.0050000000000007,19.67,19.66
2017-08-16,KIM,77129,KIMCO REALTY CORP,,,0.000508,-0.0472875796993401,0.0005081300813007,9.421431690017839e-12,0.00142,6.436997810335592,19.68,425636.0,8376516.479999999,0.004999999999999,19.68,19.67
2017-08-17,KIM,77129,KIMCO REALTY CORP,,,-0.007622,0.1438734251691171,0.0005120327700971,-1.2452800087050003e-10,-0.015437,7.36311073311468,19.53,425636.0,8312671.08,0.004999999999999,19.54,19.53
2017-08-18,KIM,77129,KIMCO REALTY CORP,,,-0.009729,0.0778859638066946,0.000517063081696,-1.4891526958408755e-10,-0.001835,7.936593709178735,19.34,425636.0,8231800.24,0.0050000000000007,19.34,19.33
2017-08-21,KIM,77129,KIMCO REALTY CORP,,,0.019131,-0.2135363073917291,0.0005073566717401,3.6534222364903336e-10,0.001163,6.241842795252281,19.71,425636.0,8389285.56,0.004999999999999,19.72,19.71
2017-08-22,KIM,77129,KIMCO REALTY CORP,,,-0.008625,-0.0982481246845303,0.0005117707267145,-1.8424525439038988e-10,0.009941,5.628593446043098,19.54,425636.0,8316927.439999999,0.0050000000000007,19.55,19.54
2017-08-23,KIM,77129,KIMCO REALTY CORP,,,0.012794,-0.2024166309086325,0.0005053057099546,3.3833445606742747e-10,-0.003454,4.489272523940644,19.79,425636.0,8423336.44,0.0050000000000007,19.8,19.79
2017-08-24,KIM,77129,KIMCO REALTY CORP,,,-0.009601,0.9346633549578292,0.0005102040816327,-1.3250756375145774e-10,-0.002074,8.685231042487008,19.6,425636.0,8342465.600000001,0.0050000000000007,19.6,19.59
2017-08-25,KIM,77129,KIMCO REALTY CORP,,,0.012755,-0.3555390725954467,0.0005037783375315,2.697140875145328e-10,0.001673,5.597292052363992,19.85,425636.0,8448874.600000001,0.0050000000000007,19.87,19.86
2017-08-28,KIM,77129,KIMCO REALTY CORP,,,-0.023174,-0.1080620497991738,0.000515729757607,-5.624348589355258e-10,0.000487,4.992437199860914,19.39,425636.0,8253082.04,0.0050000000000007,19.39,19.38
2017-08-29,KIM,77129,KIMCO REALTY CORP,,,-0.005157,0.4368960183269246,0.0005184033177813,-8.755654153400867e-11,0.000843,7.173613134227368,19.29,425636.0,8210518.439999999,0.0050000000000007,19.3,19.29
2017-08-30,KIM,77129,KIMCO REALTY CORP,,,0.007776,-0.0925420227239083,0.0005144032921809,1.44363420474703e-10,0.004615,6.509752464547172,19.44,425636.0,8274363.840000001,0.004999999999999,19.45,19.44
2017-08-31,KIM,77129,KIMCO REALTY CORP,,,0.009259,0.2458624541420573,0.0005096839959224,1.3670744142472894e-10,0.005721,8.110256181338045,19.62,425636.0,8350978.32,0.004999999999999,19.63,19.62
2017-09-01,KIM,77129,KIMCO REALTY CORP,,,0.009684,-0.3015286425298601,0.0005047955577991,2.0274435822657802e-10,0.001982,5.664781644409778,19.81,425636.0,8431849.16,0.0050000000000007,19.82,19.81
2017-09-05,KIM,77129,KIMCO REALTY CORP,,,-0.000505,0.863265640455636,0.0005050505050505,-5.677143672306814e-12,-0.007551,10.554992998712516,19.8,425636.0,8427592.8,0.0050000000000007,19.8,19.79
2017-09-06,KIM,77129,KIMCO REALTY CORP,,,0.019697,-0.0063972078435912,0.0004952947003467,2.1855193701235307e-10,0.003129,10.4874705147121,20.19,425636.0,8593590.84,0.0050000000000007,20.19,20.18
2017-09-07,KIM,77129,KIMCO REALTY CORP,,,0.019316,0.2543134898277157,0.000485908649174,1.6763188447927467e-10,-0.000178,13.154575740773806,20.58,425636.0,8759588.879999999,0.0050000000000007,20.57,20.56
2017-09-08,KIM,77129,KIMCO REALTY CORP,,,-0.019922,-0.3155375517430512,0.0004957858205256,-2.5772836114552426e-10,-0.001489,9.003813117311505,20.17,425636.0,8585078.120000001,0.0050000000000007,20.19,20.18
2017-09-11,KIM,77129,KIMCO REALTY CORP,,,0.006445,-0.1032607433512675,0.0004926108374383,9.23838114962696e-11,0.010839,8.074072681822026,20.3,425636.0,8640410.8,0.004999999999999,20.31,20.3
2017-09-12,KIM,77129,KIMCO REALTY CORP,,,-0.014286,0.6935718159957354,0.0004997501249376,-1.2266733546072595e-10,0.003364,13.674021934234888,20.01,425636.0,8516976.360000001,0.0050000000000007,20.01,20.0
2017-09-13,KIM,77129,KIMCO REALTY CORP,,,-0.007496,-0.3551016501963178,0.0005035246727088,-1.0055980967239076e-10,0.000757,8.818354180567432,19.86,425636.0,8453130.959999999,0.004999999999999,19.86,19.85
2017-09-14,KIM,77129,KIMCO REALTY CORP,,,0.032226,0.1701701040307623,0.0004878048780488,3.5791314777555384e-10,-0.001101,10.318974428854702,20.5,425636.0,8725538.0,0.0050000000000007,20.5,20.49
2017-09-15,KIM,77129,KIMCO REALTY CORP,,,0.002439,0.4704549754594982,0.0004866180048662,1.83769466064654e-11,0.001847,15.173587290548731,20.55,425636.0,8746819.8,0.0050000000000007,20.55,20.54
2017-09-18,KIM,77129,KIMCO REALTY CORP,,,-0.025304,-0.4747062944913039,0.0004992511233151,-3.7237405342744445e-10,0.001456,7.970589893711998,20.03,425636.0,8525489.08,0.0050000000000007,20.03,20.02
2017-09-19,KIM,77129,KIMCO REALTY CORP,,,-0.017973,0.1845869060918419,0.0005083884087441,-2.2736335503539008e-10,0.00111,9.441856421919198,19.67,425636.0,8372260.120000001,0.004999999999999,19.65,19.64
2017-09-20,KIM,77129,KIMCO REALTY CORP,,,-0.009151,-0.187958128732152,0.0005130836326321,-1.4387407607815339e-10,0.000634,7.667182757097614,19.49,425636.0,8295645.64,0.0050000000000007,19.51,19.5
2017-09-21,KIM,77129,KIMCO REALTY CORP,,,-0.011801,-0.1312705133159017,0.0005192107995845,-2.1612439787904827e-10,-0.003046,6.660707740886579,19.26,425636.0,8197749.36,0.004999999999999,19.27,19.26
2017-09-22,KIM,77129,KIMCO REALTY CORP,,,-0.004154,-0.0960241436002422,0.0005213764337852,-8.450887624862958e-11,0.000648,6.021118984296441,19.18,425636.0,8163698.479999999,0.0050000000000007,19.19,19.18
2017-09-25,KIM,77129,KIMCO REALTY CORP,,,0.020855,0.088394942260531,0.0005107252298262,3.81852316101155e-10,-0.002222,6.553355449257111,19.58,425636.0,8333952.879999999,0.004999999999999,19.58,19.57
2017-09-26,KIM,77129,KIMCO REALTY CORP,,,0.029622,0.7437902962130163,0.0004960317460318,3.020838555706652e-10,7.2e-05,11.427677640049245,20.16,425636.0,8580821.76,0.0050000000000007,20.17,20.16
2017-09-27,KIM,77129,KIMCO REALTY CORP,,,-0.037202,-0.2215425847409278,0.0005151983513653,-5.061853351865506e-10,0.004085,8.895960398086627,19.41,425636.0,8261594.76,0.0050000000000007,19.41,19.4
2017-09-28,KIM,77129,KIMCO REALTY CORP,,,0.003606,-0.1363319803477725,0.0005133470225871,5.660551384948364e-11,0.001205,7.68315649992012,19.48,425636.0,8291389.28,0.004999999999999,19.49,19.48
2017-09-29,KIM,77129,KIMCO REALTY CORP,,,0.003593,-0.12924664579962,0.0005115089514067,6.454123430513864e-11,0.003705,6.690134293151895,19.55,425636.0,8321183.800000001,0.0050000000000007,19.55,19.54
2017-10-02,KIM,77129,KIMCO REALTY CORP,,,-0.009719,-0.0328898896670204,0.0005165289256199,-1.822917931149129e-10,0.003874,6.47009651439258,19.36,425636.0,8240312.96,0.0050000000000007,19.37,19.36
2017-10-03,KIM,77129,KIMCO REALTY CORP,,,0.001033,-0.092091015452234,0.0005232862375718,2.1619627572568465e-11,0.002159,5.874258756308207,19.11,425636.0,8133903.96,0.004999999999999,19.11,19.1
2017-10-04,KIM,77129,KIMCO REALTY CORP,,,0.005756,0.7355313130925298,0.0005202913631632,6.901500472579405e-11,0.001247,10.194960012780871,19.22,425636.0,8180723.92,0.004999999999999,19.22,19.21
2017-10-05,KIM,77129,KIMCO REALTY CORP,,,0.003642,-0.2598820281969017,0.0005184033177813,5.878721467665912e-11,0.005647,7.545473127273069,19.29,425636.0,8210518.439999999,0.0050000000000007,19.3,19.29
2017-10-06,KIM,77129,KIMCO REALTY CORP,,,-0.009331,-0.0477091814891215,0.0005232862375718,-1.5965152649321926e-10,-0.001074,7.185484780422708,19.11,425636.0,8133903.96,0.004999999999999,19.11,19.1
2017-10-09,KIM,77129,KIMCO REALTY CORP,,,0.002616,-0.2896856886981138,0.0005219206680585,6.284883662969042e-11,-0.001804,5.103952673176141,19.16,425636.0,8155185.76,0.0050000000000007,19.17,19.16
2017-10-10,KIM,77129,KIMCO REALTY CORP,,,0.015658,0.2563663848619009,0.0005138746145939,2.948031725832534e-10,0.002322,6.412434568504544,19.46,425636.0,8282876.56,0.004999999999999,19.47,19.46
2017-10-11,KIM,77129,KIMCO REALTY CORP,,,-0.002055,-0.2340963807305953,0.0005149330587022,-5.0620587239909486e-11,0.001803,4.911306844345873,19.42,425636.0,8265851.120000001,0.004999999999999,19.43,19.42
2017-10-12,KIM,77129,KIMCO REALTY CORP,,,-0.007209,0.6172135001954144,0.0005186721991702,-1.1060256942610272e-10,-0.001687,7.942631732278285,19.28,425636.0,8206262.08,0.0050000000000007,19.28,19.27
2017-10-13,KIM,77129,KIMCO REALTY CORP,,,0.009336,-0.2158879748688869,0.0005138746145941,1.809827209143251e-10,0.000878,6.227913052467367,19.46,425636.0,8282876.56,0.0050000000000007,19.48,19.47
2017-10-16,KIM,77129,KIMCO REALTY CORP,,,-0.010277,-0.1683872637338427,0.0005192107995847,-2.4205165019314286e-10,0.001751,5.179211814790103,19.26,425636.0,8197749.36,0.0050000000000007,19.26,19.25
2017-10-17,KIM,77129,KIMCO REALTY CORP,,,0.0,0.4928352035578798,0.0005192107995845,0.0,0.000672,7.731709723801558,19.26,425636.0,8197749.36,0.004999999999999,19.27,19.26
2017-10-18,KIM,77129,KIMCO REALTY CORP,,,-0.004154,-0.464899507550228,0.0005213764337852,-1.229896724423278e-10,0.000742,4.137241680684904,19.18,425636.0,8163698.479999999,0.0050000000000007,19.19,19.18
2017-10-19,KIM,77129,KIMCO REALTY CORP,,,-0.005735,0.492301637914341,0.0005243838489773,-1.144397417344342e-10,0.000328,6.174012536533564,19.07,425636.0,8116878.52,0.004999999999999,19.08,19.07
2017-10-20,KIM,77129,KIMCO REALTY CORP,,,-0.015731,0.1599592371346962,0.0005327650506125,-2.7494350867807036e-10,0.005117,7.161602871937524,18.77,425636.0,7989187.72,0.004999999999999,18.79,18.78
2017-10-23,KIM,77129,KIMCO REALTY CORP,,,0.005328,-0.3197518171165224,0.0005299417064121,1.361684010502101e-10,-0.003972,4.871667340168595,18.87,425636.0,8031751.32,0.004999999999999,18.88,18.87
2017-10-24,KIM,77129,KIMCO REALTY CORP,,,-0.007419,0.5298523262201136,0.0005339028296848,-1.2486539757549548e-10,0.001618,7.452931612927478,18.73,425636.0,7972162.28,0.004999999999999,18.74,18.73
2017-10-25,KIM,77129,KIMCO REALTY CORP,,,-0.012814,0.775236457817136,0.0005408328826391,-1.2306260689954142e-10,-0.004663,13.23071591688673,18.49,425636.0,7870009.64,0.004999999999999,18.49,18.48
2017-10-26,KIM,77129,KIMCO REALTY CORP,,,-0.008653,0.3186529127657456,0.0005455537370429,-6.356997528309071e-11,0.001271,17.4467220817788,18.33,425636.0,7801907.879999999,0.004999999999999,18.33,18.32
2017-10-27,KIM,77129,KIMCO REALTY CORP,,,0.001637,-0.388912237930943,0.000544662309368,1.9648084623021962e-11,0.008073,10.661478352395005,18.36,425636.0,7814676.96,0.004999999999999,18.36,18.35
2017-10-30,KIM,77129,KIMCO REALTY CORP,,,0.003813,-0.2437442002472944,0.0005425935973956,6.028606939959656e-11,-0.003192,8.06280483793664,18.43,425636.0,7844471.479999999,0.0050000000000007,18.44,18.43
2017-10-31,KIM,77129,KIMCO REALTY CORP,,,-0.01465,0.7305455997109405,0.0005506607929516,-1.3583579604342419e-10,0.000944,13.952494167784558,18.16,425653.0,7729858.48,0.0050000000000007,18.17,18.16
2017-11-01,KIM,77129,KIMCO REALTY CORP,,,0.021476,-0.2457742744852137,0.0005390835579513,2.58464315650371e-10,0.001592,10.523330036438132,18.55,425653.0,7895863.15,0.004999999999999,18.56,18.55
2017-11-02,KIM,77129,KIMCO REALTY CORP,,,0.022102,0.1052401866636363,0.0005274261603376,2.3546571700298203e-10,0.00019,11.630807253795933,18.96,425653.0,8070380.880000001,0.0050000000000007,18.96,18.95
2017-11-03,KIM,77129,KIMCO REALTY CORP,,,-0.02057,-0.1017545440148924,0.0005385029617663,-2.490931597919865e-10,0.003097,10.447319765160824,18.57,425653.0,7904376.21,0.0050000000000007,18.57,18.56
2017-11-06,KIM,77129,KIMCO REALTY CORP,,,0.002693,-0.2864153788689868,0.0005370569280342,4.557751145103834e-11,0.001271,7.455046716456832,18.62,425653.0,7925658.86,0.004999999999999,18.63,18.62
2017-11-07,KIM,77129,KIMCO REALTY CORP,,,0.010741,0.4677109965357424,0.0005313496280553,1.225401708396353e-10,-0.000189,10.941854045431372,18.82,425653.0,8010789.46,0.0050000000000007,18.82,18.81
2017-11-08,KIM,77129,KIMCO REALTY CORP,,,0.005845,-0.2916402662153164,0.0005282620179608,9.359085600485675e-11,0.001444,7.75076881873263,18.93,425653.0,8057611.29,0.004999999999999,18.93,18.92
2017-11-09,KIM,77129,KIMCO REALTY CORP,,,0.007396,0.4025142325055817,0.0005243838489775,8.381822318998972e-11,-0.003762,10.87056358113299,19.07,425653.0,8117202.71,0.0050000000000007,19.07,19.06
2017-11-10,KIM,77129,KIMCO REALTY CORP,,,0.004195,-0.2597233940655549,0.0005221932114883,6.395307079454393e-11,-0.000898,8.047223912435717,19.15,425653.0,8151254.949999999,0.0050000000000007,19.16,19.15
2017-11-13,KIM,77129,KIMCO REALTY CORP,,,-0.010444,-0.2719648500507251,0.0005277044854882,-2.2100572134486217e-10,0.000984,5.858661867765528,18.95,425653.0,8066124.35,0.0050000000000007,18.96,18.95
2017-11-14,KIM,77129,KIMCO REALTY CORP,,,-0.001583,0.4381966647111166,0.0005285412262157,-2.332852999834005e-11,-0.00231,8.425907957890582,18.92,425653.0,8053354.760000001,0.0050000000000007,18.92,18.91
2017-11-15,KIM,77129,KIMCO REALTY CORP,,,0.009514,-0.2983577642127604,0.0005235602094241,1.9794368304148947e-10,-0.005526,5.911972898111842,19.1,425653.0,8129972.300000001,0.0050000000000007,19.1,19.09
2017-11-16,KIM,77129,KIMCO REALTY CORP,,,0.010471,0.0093441194317867,0.0005181347150259,2.1360108793066158e-10,0.008196,5.967215078949285,19.3,425653.0,8215102.9,0.0050000000000007,19.32,19.31
2017-11-17,KIM,77129,KIMCO REALTY CORP,,,0.002591,0.6847312342738852,0.0005167958656329,3.129164724940548e-11,-0.002626,10.053153625135968,19.35,425653.0,8236385.550000001,0.004999999999999,19.36,19.35
2017-11-20,KIM,77129,KIMCO REALTY CORP,,,-0.018605,-0.3488111554734521,0.0005265929436544,-3.5159261121481194e-10,0.001276,6.546501493000167,18.99,425653.0,8083150.47,0.004999999999999,18.99,18.98
2017-11-21,KIM,77129,KIMCO REALTY CORP,,,-0.013165,1.6527712882436916,0.0005336179295625,-9.503563887422586e-11,0.006541,17.366371199075303,18.74,425653.0,7976737.22,0.0050000000000007,18.75,18.74
2017-11-22,KIM,77129,KIMCO REALTY CORP,,,0.002135,-0.352808315097521,0.0005324813631521,2.3763181455674963e-11,-0.00075,11.23937103697143,18.78,425653.0,7993763.340000001,0.004999999999999,18.79,18.78
2017-11-24,KIM,77129,KIMCO REALTY CORP,,,0.001065,-0.7271341233994806,0.0005319148936171,4.3395512651360686e-11,0.002056,3.0668408304416976,18.8,425653.0,8002276.4,0.0050000000000007,18.8,18.79
2017-11-27,KIM,77129,KIMCO REALTY CORP,,,-0.032447,4.757212676477122,0.0005497526113247,-2.373463959814793e-10,-0.000384,17.65645490575657,18.19,425653.0,7742628.07,0.004999999999999,18.2,18.19
2017-11-28,KIM,77129,KIMCO REALTY CORP,,,0.006047,-0.1694063074519232,0.0005464480874317,5.2934771393630754e-11,0.009848,14.665340077480952,18.3,425653.0,7789449.9,0.0050000000000007,18.3,18.29
2017-11-29,KIM,77129,KIMCO REALTY CORP,,,0.00929,-0.3558139840374116,0.0005414185165133,1.2508052304388878e-10,-0.000369,9.447206997248934,18.47,425653.0,7861810.909999999,0.0050000000000007,18.48,18.47
2017-11-30,KIM,77129,KIMCO REALTY CORP,,,0.002707,0.1866599589379574,0.0005399568034556,3.063104795020456e-11,0.008191,11.210622267433802,18.52,425653.0,7883093.56,0.004999999999999,18.52,18.51
2017-12-01,KIM,77129,KIMCO REALTY CORP,,,-0.00108,-0.1822684564742913,0.0005405405405406,-1.4960835856358245e-11,-0.002024,9.167279450632323,18.5,425653.0,7874580.5,0.0050000000000007,18.5,18.49
2017-12-04,KIM,77129,KIMCO REALTY CORP,,,0.031892,0.9050688350828276,0.000523834468308,2.2473410543479717e-10,-0.001052,17.464298383894864,19.09,425653.0,8125715.77,0.0050000000000007,19.1,19.09
2017-12-05,KIM,77129,KIMCO REALTY CORP,,,-0.031954,-0.3858688187667808,0.0005411255411256,-3.7875229593776913e-10,-0.003739,10.725370195910754,18.48,425653.0,7866067.44,0.0050000000000007,18.48,18.47
2017-12-06,KIM,77129,KIMCO REALTY CORP,,,-0.023809,-0.1485736052461992,0.0005543237250553,-3.39538888420385e-10,-0.000114,9.13186327830416,18.04,425653.0,7678780.119999999,0.004999999999999,18.04,18.03
2017-12-07,KIM,77129,KIMCO REALTY CORP,,,0.006652,-0.0520812296356706,0.0005506607929516,9.941460103739943e-11,0.002932,8.656264609905252,18.16,425653.0,7729858.48,0.0050000000000007,18.16,18.15
2017-12-08,KIM,77129,KIMCO REALTY CORP,,,0.007159,-0.4199285397326414,0.0005467468562054,1.831348242523304e-10,0.005506,5.021252052728396,18.29,425653.0,7785193.369999999,0.004999999999999,18.29,18.28
2017-12-11,KIM,77129,KIMCO REALTY CORP,,,-0.009841,0.011600557897283,0.0005521811154057,-2.513298085296043e-10,0.003202,5.079501377882924,18.11,425653.0,7708575.83,0.004999999999999,18.11,18.1
2017-12-12,KIM,77129,KIMCO REALTY CORP,,,0.016565,1.1519736553035125,0.0005431830526888,1.9338550560468188e-10,0.001549,10.93095314728194,18.41,425653.0,7836271.73,0.0050000000000007,18.41,18.4
2017-12-13,KIM,77129,KIMCO REALTY CORP,,,0.0,-0.2094642938123402,0.0005431830526888,0.0,-0.000473,8.64130876559075,18.41,425653.0,7836271.73,0.0050000000000007,18.41,18.4
2017-12-14,KIM,77129,KIMCO REALTY CORP,,,-0.002716,-0.1041506998397857,0.000544662309368,-4.4893855876340734e-11,-0.004071,7.741310410122799,18.36,425653.0,7814989.08,0.004999999999999,18.36,18.35
2017-12-15,KIM,77129,KIMCO REALTY CORP,,,0.005991,1.351660277404835,0.0005414185165131,4.1858885402666586e-11,0.008974,18.20493218654632,18.47,425653.0,7861810.909999999,0.004999999999999,18.47,18.46
2017-12-18,KIM,77129,KIMCO REALTY CORP,,,0.020574,-0.4824400205239809,0.0005305039787797,2.7214598394182076e-10,0.005363,9.422144328831232,18.85,425653.0,8023559.050000001,0.004999999999999,18.86,18.85
2017-12-19,KIM,77129,KIMCO REALTY CORP,,,-0.028647,-0.0073892350302849,0.0005461496450028,-3.930125073919487e-10,-0.00323,9.35252188989623,18.31,425653.0,7793706.43,0.0050000000000007,18.32,18.31
2017-12-20,KIM,77129,KIMCO REALTY CORP,,,-0.015292,-0.2573670618089395,0.0005546311702718,-2.8688637500244035e-10,-0.000828,6.945490810589846,18.03,425653.0,7674523.590000001,0.0050000000000007,18.03,18.02
2017-12-21,KIM,77129,KIMCO REALTY CORP,,,-0.004437,0.3682283909755515,0.0005571030640669,-6.1109360405139e-11,0.001986,9.503017716308824,17.95,425653.0,7640471.35,0.0050000000000007,17.96,17.95
2017-12-22,KIM,77129,KIMCO REALTY CORP,,,0.0039,-0.3032644349006721,0.0005549389567148,7.679352497412681e-11,-0.000458,6.621090418721352,18.02,425653.0,7670267.06,0.0050000000000007,18.03,18.02
2017-12-26,KIM,77129,KIMCO REALTY CORP,,,0.012764,-0.3780977593836255,0.0005479452054795,3.9904014338684077e-10,-0.001058,4.117670966726418,18.25,425653.0,7768167.25,0.0050000000000007,18.26,18.25
2017-12-27,KIM,77129,KIMCO REALTY CORP,,,0.0,0.3918893090028579,0.0005479452054793,0.0,0.000791,5.731342196577963,18.25,425653.0,7768167.25,0.004999999999999,18.24,18.23
2017-12-28,KIM,77129,KIMCO REALTY CORP,,,0.006575,0.2817902222652171,0.0005443658138269,1.1446101915670868e-10,0.001834,7.346378388029686,18.37,425653.0,7819245.61,0.0050000000000007,18.37,18.36
2017-12-29,KIM,77129,KIMCO REALTY CORP,,,0.003266,-0.2655132318177632,0.0005509641873279,7.834775964833169e-11,-0.005183,5.395817720067755,18.15,425653.0,7725601.949999999,0.0050000000000007,18.17,18.16
2018-01-02,KIM,77129,KIMCO REALTY CORP,,,-0.001653,0.7930794262839687,0.0005518763796908,-2.2151450219344222e-11,0.008303,9.67512974183196,18.12,425653.0,7712832.36,0.004999999999999,18.13,18.12
2018-01-03,KIM,77129,KIMCO REALTY CORP,,,-0.006623,0.5882707889374317,0.0005555555555556,-5.6252937396230824e-11,0.006399,15.366725948131458,18.0,425653.0,7661754.0,0.0050000000000007,18.0,17.99
2018-01-04,KIM,77129,KIMCO REALTY CORP,,,-0.017778,-0.0794101050116551,0.0005656108597285,-1.6699266400043502e-10,0.004029,14.146452626905017,17.68,425653.0,7525545.04,0.0050000000000007,17.69,17.68
2018-01-05,KIM,77129,KIMCO REALTY CORP,,,0.001131,-0.5473244119385932,0.0005649717514123,2.3442235034174023e-11,0.007034,6.403753761867061,17.7,425653.0,7534058.1,0.004999999999999,17.7,17.69
2018-01-08,KIM,77129,KIMCO REALTY CORP,,,0.00565,0.406153548144254,0.000561797752809,8.281430772915549e-11,0.001662,9.004661073691482,17.8,425653.0,7576623.4,0.0050000000000007,17.8,17.79
2018-01-09,KIM,77129,KIMCO REALTY CORP,,,-0.032584,0.3830848548903809,0.0005807200929153,-3.569433986965404e-10,0.001303,12.454210354443642,17.22,425653.0,7329744.659999999,0.0050000000000007,17.23,17.22
2018-01-10,KIM,77129,KIMCO REALTY CORP,,,-0.005226,-0.4204057140571934,0.0005837711617047,-9.929240996808495e-11,-0.001112,7.218389157365272,17.13,425653.0,7291435.89,0.0050000000000007,17.14,17.13
2018-01-11,KIM,77129,KIMCO REALTY CORP,,,-0.007005,-0.1470117938675273,0.0005878894767784,-1.571320617328035e-10,0.007034,6.157200818507094,17.01,425653.0,7240357.53,0.0050000000000007,17.01,17.0
2018-01-12,KIM,77129,KIMCO REALTY CORP,,,-0.014697,1.078567828295682,0.0005966587112172,-1.6097241577690896e-10,0.00675,12.798159533704684,16.76,425653.0,7133944.28,0.0050000000000007,16.76,16.75
2018-01-16,KIM,77129,KIMCO REALTY CORP,,,-0.01253,-0.3166977967260662,0.0006042296072506,-2.0339348310073675e-10,-0.003524,8.745010607231713,16.55,425653.0,7044557.15,0.004999999999999,16.56,16.55
2018-01-17,KIM,77129,KIMCO REALTY CORP,,,0.003021,0.59033726097025,0.0006024096385543,3.074237130040544e-11,0.009415,13.907516216260664,16.6,425653.0,7065839.800000001,0.0050000000000007,16.6,16.59
2018-01-18,KIM,77129,KIMCO REALTY CORP,,,-0.007831,-0.478390398555621,0.0006071645415908,-1.5398299913328038e-10,-0.001616,7.254293990644962,16.47,425653.0,7010504.909999999,0.0050000000000007,16.48,16.47
2018-01-19,KIM,77129,KIMCO REALTY CORP,,,-0.003643,0.5338093769957497,0.0006093845216332,-4.6873604469265786e-11,0.004385,11.12670414633516,16.41,425653.0,6984965.73,0.0050000000000007,16.41,16.4
2018-01-22,KIM,77129,KIMCO REALTY CORP,,,0.01036,0.3245119681426653,0.0006031363088056,9.960866124146144e-11,0.008067,14.73745280780354,16.58,425653.0,7057326.739999999,0.004999999999999,16.58,16.57
2018-01-23,KIM,77129,KIMCO REALTY CORP,,,0.001206,-0.4819946179213559,0.0006024096385543,2.2357684412326612e-11,0.002174,7.63407987257226,16.6,425653.0,7065839.800000001,0.0050000000000007,16.6,16.59
2018-01-24,KIM,77129,KIMCO REALTY CORP,,,-0.016265,0.5570611690710081,0.0006123698714022,-1.9685652324143683e-10,-0.00056,11.886729331168816,16.33,425653.0,6950913.489999999,0.004999999999999,16.33,16.32
2018-01-25,KIM,77129,KIMCO REALTY CORP,,,-0.008573,-0.2009517707054005,0.0006176652254476,-1.3097696093440403e-10,0.000603,9.498070024174622,16.19,425653.0,6891322.07,0.004999999999999,16.2,16.19
2018-01-26,KIM,77129,KIMCO REALTY CORP,,,-0.012353,2.0819929941066797,0.0006253908692932,-6.200136698674539e-11,0.011841,29.27298527204084,15.99,425653.0,6806191.47,0.0049999999999998,15.99,15.98
2018-01-29,KIM,77129,KIMCO REALTY CORP,,,-0.003752,-0.4406380380820944,0.0006277463904582,-3.379336282277095e-11,-0.006732,16.374194472962717,15.93,425653.0,6780652.29,0.0049999999999998,15.93,15.92
2018-01-30,KIM,77129,KIMCO REALTY CORP,,,-0.020716,-0.2179100323183482,0.0006410256410256,-2.436177603377754e-10,-0.010899,12.806093226172491,15.6,425653.0,6640186.8,0.0049999999999998,15.6,15.59
2018-01-31,KIM,77129,KIMCO REALTY CORP,,,0.019872,2.259945051800126,0.0006285355122564,7.028922603513256e-11,0.000489,41.74716024555213,15.91,425653.0,6772139.23,0.0049999999999998,15.92,15.91
2018-02-01,KIM,77129,KIMCO REALTY CORP,,,-0.034569,-0.6143439736307728,0.0006510416666666,-3.28407329412733e-10,-0.000648,16.10004393249901,15.36,425653.0,6538030.08,0.0049999999999998,15.36,15.35
2018-02-02,KIM,77129,KIMCO REALTY CORP,,,-0.031901,0.6290736713326306,0.0006724949562878,-1.92163032670076e-10,-0.021209,26.228157677732803,14.87,425653.0,6329460.109999999,0.0049999999999998,14.87,14.86
2018-02-05,KIM,77129,KIMCO REALTY CORP,,,-0.014122,-0.2525565442211432,0.0006821282401091,-1.1544108728990313e-10,-0.040979,19.60406481335736,14.66,425653.0,6240072.98,0.0049999999999998,14.67,14.66
2018-02-06,KIM,77129,KIMCO REALTY CORP,,,0.000682,-0.0678335469862948,0.0006816632583503,5.976665679263658e-12,0.017441,18.274251561718117,14.67,425653.0,6244329.51,0.0049999999999998,14.67,14.66
2018-02-07,KIM,77129,KIMCO REALTY CORP,,,-0.010225,-0.2814251866364808,0.0006887052341597,-1.2598806674250772e-10,-0.005002,13.131416905319591,14.52,425653.0,6180481.56,0.0049999999999998,14.53,14.52
2018-02-08,KIM,77129,KIMCO REALTY CORP,,,-0.035124,0.2849442348920561,0.0007137758743754,-3.4907139736477105e-10,-0.037536,16.873138448454494,14.01,425653.0,5963398.53,0.0049999999999998,14.01,14.0
2018-02-09,KIM,77129,KIMCO REALTY CORP,,,0.012134,0.566293544703208,0.0007052186177714,7.606818132395578e-11,0.014936,26.428287830697776,14.18,425653.0,6035759.54,0.0049999999999998,14.19,14.18
2018-02-12,KIM,77129,KIMCO REALTY CORP,,,0.009873,-0.3698559374466632,0.0006983240223463,9.726163004448787e-11,0.013915,16.653628659964806,14.32,425653.0,6095350.96,0.0049999999999998,14.33,14.32
2018-02-13,KIM,77129,KIMCO REALTY CORP,,,0.001397,-0.4103520450318797,0.0006973500697349,2.330718819383535e-11,0.002613,9.819778082146724,14.34,425653.0,6103864.02,0.0049999999999998,14.34,14.33
2018-02-14,KIM,77129,KIMCO REALTY CORP,,,-0.005579,0.2241406204767766,0.0007012622720897,-7.646244034934298e-11,0.013402,12.020789234423344,14.26,425653.0,6069811.78,0.0049999999999998,14.28,14.27
2018-02-15,KIM,77129,KIMCO REALTY CORP,,,0.028752,0.8729370676522006,0.0006816632583503,2.0451543007153408e-10,0.012069,22.514181739586,14.67,425653.0,6244329.51,0.0049999999999998,14.68,14.67
2018-02-16,KIM,77129,KIMCO REALTY CORP,,,0.036128,-0.187170524673886,0.000657894736842,3.051328899343437e-10,0.000373,18.300190530784462,15.2,425653.0,6469925.6,0.0049999999999998,15.2,15.19
2018-02-20,KIM,77129,KIMCO REALTY CORP,,,0.003289,0.000522367777983,0.000655737704918,2.7672979258306938e-11,-0.005841,18.3097499606487,15.25,425653.0,6491208.25,0.0049999999999998,15.26,15.25
2018-02-21,KIM,77129,KIMCO REALTY CORP,,,-0.037377,-0.4201071391911312,0.0006811989100817,-5.633684355634485e-10,-0.005497,10.617693285375646,14.68,425653.0,6248586.04,0.0049999999999998,14.68,14.67
2018-02-22,KIM,77129,KIMCO REALTY CORP,,,0.021117,0.0804683664151391,0.000667111407605,2.884912573297569e-10,0.000974,11.472081719146816,14.99,425653.0,6380538.47,0.0049999999999998,14.99,14.98
2018-02-23,KIM,77129,KIMCO REALTY CORP,,,0.018012,-0.2568332252741379,0.0006553079947575,3.2525440645043325e-10,0.016028,8.525669970609863,15.26,425653.0,6495464.78,0.0049999999999998,15.26,15.25
2018-02-26,KIM,77129,KIMCO REALTY CORP,,,0.015072,0.3086861669280352,0.0006455777921239,2.0488008239911522e-10,0.011757,11.157426354330877,15.49,425653.0,6593364.97,0.0049999999999998,15.49,15.48
2018-02-27,KIM,77129,KIMCO REALTY CORP,,,-0.041317,0.0137362313420894,0.0006734006734006,-5.779065679847246e-10,-0.012707,11.310687343916287,14.85,425653.0,6320947.05,0.0049999999999998,14.85,14.84
2018-02-28,KIM,77129,KIMCO REALTY CORP,,,0.007407,0.6940662525226258,0.000668449197861,6.070656561037756e-11,-0.011096,19.1699259147832,14.96,425456.0,6364821.760000001,0.0050000000000007,14.96,14.95
2018-03-01,KIM,77129,KIMCO REALTY CORP,,,0.013369,-0.5212434832931991,0.0006596306068601,2.258447172027861e-10,-0.013324,9.177726956489035,15.16,425456.0,6449912.96,0.0049999999999998,15.17,15.16
2018-03-02,KIM,77129,KIMCO REALTY CORP,,,0.008575,-0.1194772274266087,0.000654022236756,1.6311588817219523e-10,0.005072,8.08119758564928,15.29,425456.0,6505222.239999999,0.0049999999999998,15.29,15.28
2018-03-05,KIM,77129,KIMCO REALTY CORP,,,-0.00981,0.9432824325794298,0.0006605019815059,-9.697880526174547e-11,0.011032,15.704049302395548,15.14,425456.0,6441403.84,0.0049999999999998,15.14,15.13
2018-03-06,KIM,77129,KIMCO REALTY CORP,,,-0.011889,-0.0943008497343813,0.0006684491978609,-1.3132985673822982e-10,0.002639,14.223144108909027,14.96,425456.0,6364821.760000001,0.0049999999999998,14.94,14.93
2018-03-07,KIM,77129,KIMCO REALTY CORP,,,0.016711,-0.2559916659533239,0.0006574621959238,2.440310911445635e-10,-0.000484,10.582137753375202,15.21,425456.0,6471185.760000001,0.0050000000000007,15.21,15.2
2018-03-08,KIM,77129,KIMCO REALTY CORP,,,-0.004602,-0.2985773284995848,0.0006605019815059,-9.625269022242956e-11,0.004463,7.422551333157835,15.14,425456.0,6441403.84,0.0049999999999998,15.14,15.13
2018-03-09,KIM,77129,KIMCO REALTY CORP,,,-0.043593,1.3307337722441228,0.0006906077348066,-4.0902293811295754e-10,0.017379,17.299991068406605,14.48,425456.0,6160602.88,0.0049999999999998,14.48,14.47
2018-03-12,KIM,77129,KIMCO REALTY CORP,,,0.014503,-0.1454563857732985,0.0006807351940095,1.5696444414851764e-10,-0.001274,14.783596893685834,14.69,425456.0,6249948.64,0.0049999999999998,14.69,14.68
2018-03-13,KIM,77129,KIMCO REALTY CORP,,,-0.000681,-0.2687190469603817,0.0006811989100817,-1.0085606730637619e-11,-0.006364,10.810962825768115,14.68,425456.0,6245694.08,0.0049999999999998,14.68,14.67
2018-03-14,KIM,77129,KIMCO REALTY CORP,,,-0.006131,-0.0552775476243638,0.0006854009595613,-9.670585312917407e-11,-0.005724,10.213359313301494,14.59,425456.0,6207403.04,0.0049999999999998,14.59,14.58
2018-03-15,KIM,77129,KIMCO REALTY CORP,,,-0.010281,-0.1379012205042878,0.0006925207756232,-1.9005875148775278e-10,-0.000782,8.80492459854838,14.44,425456.0,6143584.64,0.0049999999999998,14.44,14.43
2018-03-16,KIM,77129,KIMCO REALTY CORP,,,0.006925,0.7297952968787873,0.000687757909216,7.349881977346442e-11,0.001703,15.230717159941332,14.54,425456.0,6186130.239999999,0.0050000000000007,14.55,14.54
2018-03-19,KIM,77129,KIMCO REALTY CORP,,,-0.019945,-0.2745101851851852,0.0007017543859648,-2.9772331821945277e-10,-0.014204,11.04973017186266,14.25,425456.0,6062748.0,0.0049999999999998,14.26,14.25
2018-03-20,KIM,77129,KIMCO REALTY CORP,,,-0.005614,-0.1352853563811933,0.0007057163020465,-9.745932940851942e-11,0.001482,9.554863487646196,14.17,425456.0,6028711.52,0.0049999999999998,14.17,14.16
2018-03-21,KIM,77129,KIMCO REALTY CORP,,,-0.002117,-0.0092470826587004,0.0007072135785006,-3.7172943318263006e-11,-0.001844,9.466508875183331,14.14,425456.0,6015947.84,0.0049999999999998,14.14,14.13
2018-03-22,KIM,77129,KIMCO REALTY CORP,,,0.004243,0.1733225609503268,0.0007042253521127,6.32299395811476e-11,-0.025163,11.107268436689106,14.2,425456.0,6041475.199999999,0.0050000000000007,14.21,14.2
2018-03-23,KIM,77129,KIMCO REALTY CORP,,,-0.01338,-0.2067320205838175,0.0007137758743754,-2.5476287040457835e-10,-0.020967,8.811040389605505,14.01,425456.0,5960638.56,0.0049999999999998,14.02,14.01
2018-03-26,KIM,77129,KIMCO REALTY CORP,,,0.012848,-0.2715139341266729,0.0007047216349541,3.3155076822740016e-10,0.027157,6.418720149674702,14.19,425456.0,6037220.64,0.0049999999999998,14.19,14.18
2018-03-27,KIM,77129,KIMCO REALTY CORP,,,-0.004228,0.9787277594829218,0.0007077140835102,-5.537371693927848e-11,-0.017276,12.700899740513709,14.13,425456.0,6011693.28,0.0049999999999998,14.14,14.13
2018-03-28,KIM,77129,KIMCO REALTY CORP,,,0.028309,-0.1703864814938873,0.0006882312456986,4.346042344441628e-10,-0.002917,10.536838121920953,14.53,425456.0,6181875.68,0.0050000000000007,14.55,14.54
2018-03-29,KIM,77129,KIMCO REALTY CORP,,,-0.008947,0.6961532790492713,0.0006944444444444,-8.171182083622316e-11,0.01377,17.895478936220286,14.4,424900.0,6118560.0,0.0049999999999998,14.4,14.39
2018-04-02,KIM,77129,KIMCO REALTY CORP,,,-0.009028,-0.4617578157415993,0.0007147962830593,-1.576761643583083e-10,-0.022337,9.632101670981408,13.99,424900.0,5944351.0,0.0049999999999998,14.0,13.99
2018-04-03,KIM,77129,KIMCO REALTY CORP,,,0.020014,-0.1690110147873764,0.0007007708479327,4.123888038632949e-10,0.012615,8.004170393033656,14.27,424900.0,6063323.0,0.0049999999999998,14.29,14.28
2018-04-04,KIM,77129,KIMCO REALTY CORP,,,0.021023,0.4136482158629944,0.0006863417982154,3.0011709408971656e-10,0.011566,11.315081195575427,14.57,424900.0,6190793.0,0.0049999999999998,14.57,14.56
2018-04-05,KIM,77129,KIMCO REALTY CORP,,,0.006177,-0.2565802747131835,0.0006821282401091,1.17886790771582e-10,0.006863,8.41185455401271,14.66,424900.0,6229034.0,0.0049999999999998,14.67,14.66
2018-04-06,KIM,77129,KIMCO REALTY CORP,,,-0.02251,0.0356203085616153,0.0006978367062107,-4.2437545793606735e-10,-0.02192,8.711487408802071,14.33,424900.0,6088817.0,0.0049999999999998,14.34,14.33
2018-04-09,KIM,77129,KIMCO REALTY CORP,,,-0.004187,-0.4182510871911498,0.0007007708479327,-1.362587382587282e-10,0.003337,5.067898329018592,14.27,424900.0,6063323.0,0.0049999999999998,14.28,14.27
2018-04-10,KIM,77129,KIMCO REALTY CORP,,,0.002803,0.7420800148605662,0.0006988120195668,5.221565626830861e-11,0.016727,8.828684396328548,14.31,424900.0,6080319.0,0.0050000000000007,14.3,14.29
2018-04-11,KIM,77129,KIMCO REALTY CORP,,,0.001398,-0.2242348535497484,0.0006978367062107,3.352339498052749e-11,-0.005525,6.848985643680866,14.33,424900.0,6088817.0,0.0049999999999998,14.33,14.32
2018-04-12,KIM,77129,KIMCO REALTY CORP,,,-0.022331,0.3184894578737611,0.0007137758743754,-4.1541329109208736e-10,0.008251,9.030315368321958,14.01,424900.0,5952849.0,0.0049999999999998,14.01,14.0
2018-04-13,KIM,77129,KIMCO REALTY CORP,,,-0.001428,-0.1414461004628378,0.0007147962830593,-3.098512690149125e-11,-0.002887,7.753012473523182,13.99,424900.0,5944351.0,0.0049999999999998,14.0,13.99
2018-04-16,KIM,77129,KIMCO REALTY CORP,,,-0.002859,0.7736884363839471,0.0007168458781363,-3.5075623467458877e-11,0.008109,13.751428571428573,13.95,424900.0,5927355.0,0.0050000000000007,13.96,13.95
2018-04-17,KIM,77129,KIMCO REALTY CORP,,,0.005018,0.113403738022811,0.0007132667617688,5.5016811837379874e-11,0.010662,15.310891974582256,14.02,424900.0,5957098.0,0.0049999999999998,14.02,14.01
2018-04-18,KIM,77129,KIMCO REALTY CORP,,,-0.004993,-0.5105865748237133,0.0007168458781363,-1.1241499787947558e-10,0.000831,7.49335608378442,13.95,424900.0,5927355.0,0.0050000000000007,13.96,13.95
2018-04-19,KIM,77129,KIMCO REALTY CORP,,,-0.02509,0.6111380694343809,0.000735294117647,-3.5963826302052204e-10,-0.005726,12.072831254412804,13.6,424900.0,5778640.0,0.0049999999999998,13.61,13.6
2018-04-20,KIM,77129,KIMCO REALTY CORP,,,-0.019853,-0.1893177556939466,0.0007501875468867,-3.5813723023555755e-10,-0.008537,9.787229936455637,13.33,424900.0,5663917.0,0.0049999999999998,13.33,13.32
2018-04-23,KIM,77129,KIMCO REALTY CORP,,,0.002251,-0.2569349159836233,0.0007485029940119,5.4524998156081317e-11,5.6e-05,7.272548835020005,13.36,424900.0,5676664.0,0.0049999999999998,13.37,13.36
2018-04-24,KIM,77129,KIMCO REALTY CORP,,,-0.003742,0.1522844200166595,0.0007513148009015,-7.895736756462329e-11,-0.013381,8.38004471640386,13.31,424900.0,5655419.0,0.0049999999999998,13.32,13.31
2018-04-25,KIM,77129,KIMCO REALTY CORP,,,-0.005259,0.0944063790044658,0.0007552870090634,-1.0193034702714032e-10,0.001837,9.171174393975052,13.24,424900.0,5625676.0,0.0049999999999998,13.28,13.27
2018-04-26,KIM,77129,KIMCO REALTY CORP,,,0.062689,0.8894029817041125,0.0007107320540156,6.051471125372753e-10,0.010434,17.32804424570487,14.07,424900.0,5978343.0,0.0049999999999998,14.11,14.1
2018-04-27,KIM,77129,KIMCO REALTY CORP,,,0.044065,-0.2865694666321503,0.0006807351940096,5.710629796693733e-10,0.001114,12.362355848434929,14.69,424900.0,6241781.0,0.0050000000000007,14.71,14.7
2018-04-30,KIM,77129,KIMCO REALTY CORP,,,-0.012253,-0.0193065937653788,0.0006891798759476,-1.6392824679785456e-10,-0.008188,12.12376646575523,14.51,424897.0,6165255.47,0.0049999999999998,14.52,14.51
2018-05-01,KIM,77129,KIMCO REALTY CORP,,,0.018608,-0.094791425629621,0.0006765899864681,2.6999478598977044e-10,0.002549,10.9745373584657,14.78,424897.0,6279977.66,0.0049999999999998,14.77,14.76
2018-05-02,KIM,77129,KIMCO REALTY CORP,,,-0.023681,-0.0183768213408912,0.0006930006930006,-3.585246463449513e-10,-0.007206,10.77286024613024,14.43,424897.0,6131263.71,0.0049999999999998,14.43,14.42
2018-05-03,KIM,77129,KIMCO REALTY CORP,,,-0.004851,-0.3417966616535834,0.0006963788300835,-1.1212489863305896e-10,-0.002254,7.090732577542322,14.36,424897.0,6101520.92,0.0049999999999998,14.34,14.33
2018-05-04,KIM,77129,KIMCO REALTY CORP,,,0.021588,0.0445016663729229,0.0006816632583503,4.676257169744098e-10,0.012811,7.406281993047727,14.67,424897.0,6233238.99,0.0049999999999998,14.67,14.66
2018-05-07,KIM,77129,KIMCO REALTY CORP,,,-0.002727,0.1478772648826292,0.0006835269993165,-5.1601395776996895e-11,0.003458,8.501502717129092,14.63,424897.0,6216243.11,0.0050000000000007,14.63,14.62
2018-05-08,KIM,77129,KIMCO REALTY CORP,,,-0.012304,-0.1688777921208948,0.0006920415224914,-2.8361828442084304e-10,-0.000266,7.065787708550543,14.45,424897.0,6139761.649999999,0.0050000000000007,14.46,14.45
2018-05-09,KIM,77129,KIMCO REALTY CORP,,,0.001384,-0.0259390346915228,0.0006910850034554,3.270673330179278e-11,0.009682,6.882507996055515,14.47,424897.0,6148259.59,0.0049999999999998,14.48,14.47
2018-05-10,KIM,77129,KIMCO REALTY CORP,,,0.00622,-0.1127020401407898,0.0006868131868131,1.6463764201526534e-10,0.009371,6.106835303614759,14.56,424897.0,6186500.32,0.0049999999999998,14.56,14.55
2018-05-11,KIM,77129,KIMCO REALTY CORP,,,-0.008929,0.236514442865203,0.0006930006930006,-1.92857896728704e-10,0.001708,7.551190053118756,14.43,424897.0,6131263.71,0.0049999999999998,14.44,14.43
2018-05-14,KIM,77129,KIMCO REALTY CORP,,,-0.010395,-0.1143034173835694,0.0007002801120448,-2.561605526162469e-10,0.000884,6.688063224734465,14.28,424897.0,6067529.16,0.0049999999999998,14.29,14.28
2018-05-15,KIM,77129,KIMCO REALTY CORP,,,-0.021008,0.7407213472881737,0.0007153075822603,-3.0378354603771936e-10,-0.006842,11.642054427308263,13.98,424897.0,5940060.0600000005,0.0049999999999998,13.98,13.97
2018-05-16,KIM,77129,KIMCO REALTY CORP,,,0.001431,-0.4784762448465373,0.0007142857142856,3.962088873058992e-11,0.004061,6.071607942630802,14.0,424897.0,5948558.0,0.0049999999999998,14.0,13.99
2018-05-17,KIM,77129,KIMCO REALTY CORP,,,0.0,-0.0077470881553975,0.0007142857142856,0.0,-0.000856,6.024570660654229,14.0,424897.0,5948558.0,0.0049999999999998,14.0,13.99
2018-05-18,KIM,77129,KIMCO REALTY CORP,,,0.003571,1.3719942245984291,0.0007117437722419,4.1859123614143357e-11,-0.002632,14.290246812756974,14.05,424897.0,5969802.850000001,0.0049999999999998,14.06,14.05
2018-05-21,KIM,77129,KIMCO REALTY CORP,,,0.041993,-0.1487522075112448,0.0006830601092896,5.549532920977439e-10,0.007387,12.164541053478844,14.64,424897.0,6220492.08,0.0049999999999998,14.65,14.64
2018-05-22,KIM,77129,KIMCO REALTY CORP,,,0.031421,0.6342282560895176,0.0006622516556291,2.463490812911967e-10,-0.003136,19.879636711956078,15.1,424897.0,6415944.7,0.0049999999999998,15.11,15.1
2018-05-23,KIM,77129,KIMCO REALTY CORP,,,0.003973,-0.4791725811366627,0.0006596306068601,5.957079771927252e-11,0.003248,10.353859876628924,15.16,424897.0,6441438.5200000005,0.0049999999999998,15.17,15.16
2018-05-24,KIM,77129,KIMCO REALTY CORP,,,-0.012533,-0.3557289710873761,0.0006680026720106,-2.9537836935537597e-10,-0.002023,6.67069195593285,14.97,424897.0,6360708.09,0.0049999999999998,14.97,14.96
2018-05-25,KIM,77129,KIMCO REALTY CORP,,,0.001336,-0.2191160111446793,0.000667111407605,4.026834273829413e-11,-0.002357,5.209036542973944,14.99,424897.0,6369206.03,0.0049999999999998,15.01,15.0
2018-05-29,KIM,77129,KIMCO REALTY CORP,,,0.008672,0.414918601330861,0.0006613756613756,1.8314495210822856e-10,-0.011564,7.370362699666036,15.12,424897.0,6424442.64,0.0049999999999998,15.12,15.11
2018-05-30,KIM,77129,KIMCO REALTY CORP,,,0.017857,0.0576770355516029,0.0006497725795971,3.5030334051570525e-10,0.012696,7.795463371122884,15.39,424897.0,6539164.83,0.0049999999999998,15.39,15.38
2018-05-31,KIM,77129,KIMCO REALTY CORP,,,0.004548,0.8920468114153772,0.0006468305304011,4.694112451609625e-11,-0.00688,14.74938161483842,15.46,424897.0,6568907.62,0.0050000000000007,15.46,15.45
2018-06-01,KIM,77129,KIMCO REALTY CORP,,,-0.004528,-0.5065661736265448,0.0006497725795971,-9.514399933564272e-11,0.010849,7.277843806852013,15.39,424897.0,6539164.83,0.0049999999999998,15.37,15.36
2018-06-04,KIM,77129,KIMCO REALTY CORP,,,0.020793,0.5992030615062927,0.0006365372374283,2.6763996258745233e-10,0.00448,11.638750097082353,15.71,424897.0,6675131.87,0.0049999999999998,15.72,15.71
2018-06-05,KIM,77129,KIMCO REALTY CORP,,,0.015913,0.1307596956283478,0.00062656641604,1.7830308092198364e-10,0.000703,13.160629517271245,15.96,424897.0,6781356.12,0.0049999999999998,15.98,15.97
2018-06-06,KIM,77129,KIMCO REALTY CORP,,,0.015664,-0.1334064269967052,0.0006169031462061,1.9940859223018767e-10,0.008567,11.404916956344714,16.21,424897.0,6887580.37,0.0050000000000007,16.23,16.22
2018-06-07,KIM,77129,KIMCO REALTY CORP,,,0.004318,-0.0326569904754829,0.0006142506142507,5.658117313778494e-11,-0.000714,11.032466691927691,16.28,424897.0,6917323.16,0.0050000000000007,16.28,16.27
2018-06-08,KIM,77129,KIMCO REALTY CORP,,,0.006142,-0.1880888596490105,0.0006105006105007,9.852152475639555e-11,0.003126,8.95738261272732,16.38,424897.0,6959812.859999999,0.0050000000000007,16.39,16.38
2018-06-11,KIM,77129,KIMCO REALTY CORP,,,0.007326,-0.0975497672732145,0.0006060606060607,1.2926915760181255e-10,0.001069,8.083592023478632,16.5,424897.0,7010800.5,0.0050000000000007,16.5,16.49
2018-06-12,KIM,77129,KIMCO REALTY CORP,,,0.013939,0.1499950213905518,0.0005977286312013,2.1093646594205735e-10,0.001743,9.296090581952802,16.73,424897.0,7108526.8100000005,0.004999999999999,16.74,16.73
2018-06-13,KIM,77129,KIMCO REALTY CORP,,,-0.025702,-0.0372168174180437,0.0006134969325152,-4.1463581038232347e-10,-0.004026,8.95011967606267,16.3,424897.0,6925821.100000001,0.004999999999999,16.31,16.3
2018-06-14,KIM,77129,KIMCO REALTY CORP,,,0.014111,0.2070002753177264,0.0006049606775558,1.8597949404306451e-10,0.002472,10.802796913134245,16.53,424897.0,7023547.41,0.004999999999999,16.54,16.53
2018-06-15,KIM,77129,KIMCO REALTY CORP,,,-0.00242,0.6133626109894477,0.0006064281382657,-1.981722525163254e-11,-0.001017,17.428828633763008,16.49,424897.0,7006551.529999999,0.0050000000000007,16.5,16.49
2018-06-18,KIM,77129,KIMCO REALTY CORP,,,-0.007884,-0.5446322894049618,0.0006112469437651,-1.4290559072148846e-10,-0.002126,7.936525793309908,16.36,424897.0,6951314.92,0.004999999999999,16.36,16.35
2018-06-19,KIM,77129,KIMCO REALTY CORP,,,0.006112,0.2696152014438027,0.0006075334143376,8.672959217192687e-11,-0.004023,10.076333793837094,16.46,424897.0,6993804.62,0.004999999999999,16.47,16.46
2018-06-20,KIM,77129,KIMCO REALTY CORP,,,0.027339,-0.0265732923125218,0.0005913660555885,3.879265903147307e-10,0.001712,9.80857243049492,16.91,424897.0,7185008.2700000005,0.0050000000000007,16.92,16.91
2018-06-21,KIM,77129,KIMCO REALTY CORP,,,0.028977,0.9106689576553406,0.000574712643678,2.0913622115804407e-10,-0.006345,18.74093486186064,17.4,424897.0,7393207.8,0.004999999999999,17.4,17.39
2018-06-22,KIM,77129,KIMCO REALTY CORP,,,0.028736,0.1886095974025761,0.0005586592178771,1.6961299988638183e-10,0.001862,22.27565504110408,17.9,424897.0,7605656.3,0.0050000000000007,17.92,17.91
2018-06-25,KIM,77129,KIMCO REALTY CORP,,,-0.018994,-0.3929248180030996,0.0005694760820046,-1.8825013434135747e-10,-0.013725,13.52299733817843,17.56,424897.0,7461191.319999999,0.0050000000000007,17.57,17.56
2018-06-26,KIM,77129,KIMCO REALTY CORP,,,-0.006264,-0.4277885323416897,0.0005730659025788,-1.0918001087496699e-10,0.002205,7.738014154018503,17.45,424897.0,7414452.649999999,0.0050000000000007,17.46,17.45
2018-06-27,KIM,77129,KIMCO REALTY CORP,,,-0.017192,0.4357854153721312,0.0005830903790088,-2.1235356488114728e-10,-0.008604,11.110127866282888,17.15,424897.0,7286983.55,0.0050000000000007,17.14,17.13
2018-06-28,KIM,77129,KIMCO REALTY CORP,,,-0.004665,-0.1721371587871187,0.0005858230814294,-6.992895129956303e-11,0.006179,9.197662021619356,17.07,424897.0,7252991.79,0.0050000000000007,17.07,17.06
2018-06-29,KIM,77129,KIMCO REALTY CORP,,,-0.004687,0.2858403621849108,0.0005885815185402,-5.48976063830753e-11,0.000758,11.826725065133433,16.99,424897.0,7219000.029999999,0.004999999999999,16.99,16.98
2018-07-02,KIM,77129,KIMCO REALTY CORP,,,-0.022955,-0.0958996167270961,0.000612745098039,-3.0959384907987717e-10,0.003068,10.692546664250395,16.32,424897.0,6934319.04,0.004999999999999,16.31,16.3
2018-07-03,KIM,77129,KIMCO REALTY CORP,,,0.020833,-0.3492562891915467,0.0006002400960385,4.2296264985370455e-10,-0.004947,6.958107494286851,16.66,424897.0,7078784.0200000005,0.0050000000000007,16.67,16.66
2018-07-05,KIM,77129,KIMCO REALTY CORP,,,0.010804,0.2787508384128552,0.0,1.696999671909208e-10,0.008621,8.897685792086081,16.84,424897.0,7155265.48,0.0,16.85,16.85
2018-07-06,KIM,77129,KIMCO REALTY CORP,,,0.004157,-0.2631325715494895,0.0005913660555885,8.824423184143507e-11,0.008481,6.556414848775115,16.91,424897.0,7185008.2700000005,0.0050000000000007,16.91,16.9
2018-07-09,KIM,77129,KIMCO REALTY CORP,,,-0.008279,0.240259085268474,0.0005963029218844,-1.4288357667632662e-10,0.008823,8.131653082982464,16.77,424897.0,7125522.69,0.0050000000000007,16.78,16.77
2018-07-10,KIM,77129,KIMCO REALTY CORP,,,-0.002982,-0.1154647529821728,0.0005980861244017,-5.835710184300902e-11,0.003473,7.19273376841917,16.72,424897.0,7104277.84,0.004999999999999,16.72,16.71
2018-07-11,KIM,77129,KIMCO REALTY CORP,,,-0.017344,0.0396299814375569,0.0006086427267192,-3.322425532292659e-10,-0.007094,7.477781674146911,16.43,424897.0,6981057.71,0.004999999999999,16.43,16.42
2018-07-12,KIM,77129,KIMCO REALTY CORP,,,0.006695,0.1851674085469774,0.0006045949214027,1.0749268974488935e-10,0.008749,8.862423128428771,16.54,424897.0,7027796.38,0.0050000000000007,16.55,16.54
2018-07-13,KIM,77129,KIMCO REALTY CORP,,,0.0,-0.3766323022229823,0.0006045949214025,0.0,0.001079,5.524548302294439,16.54,424897.0,7027796.38,0.004999999999999,16.54,16.53
2018-07-16,KIM,77129,KIMCO REALTY CORP,,,-0.002418,-0.009449748739437,0.0006060606060607,-6.302536943149162e-11,-0.001028,5.472342708938872,16.5,424897.0,7010800.5,0.0050000000000007,16.51,16.5
2018-07-17,KIM,77129,KIMCO REALTY CORP,,,0.006667,0.9453978226220572,0.0006020469596629,8.873510038175334e-11,0.003974,10.645883590611373,16.61,424897.0,7057539.17,0.0050000000000007,16.62,16.61
2018-07-18,KIM,77129,KIMCO REALTY CORP,,,-0.001806,-0.2534011996275371,0.0006031363088058,-3.225377516615274e-11,0.00216,7.948203917655338,16.58,424897.0,7044792.259999999,0.0050000000000007,16.59,16.58
2018-07-19,KIM,77129,KIMCO REALTY CORP,,,0.015682,-0.2424700222198007,0.0005938242280285,3.64004600854745e-10,-0.003953,6.021002737133941,16.84,424897.0,7155265.48,0.0050000000000007,16.84,16.83
2018-07-20,KIM,77129,KIMCO REALTY CORP,,,-0.011283,0.1902884174137105,0.0006006006006006,-2.2253875465667967e-10,-0.000948,7.166729819226777,16.65,424897.0,7074535.05,0.0050000000000007,16.64,16.63
2018-07-23,KIM,77129,KIMCO REALTY CORP,,,0.00961,-0.2476245615118212,0.0005948839976203,2.4952632354386737e-10,0.001838,5.392071490267053,16.81,424897.0,7142518.569999999,0.004999999999999,16.81,16.8
2018-07-24,KIM,77129,KIMCO REALTY CORP,,,-0.008328,0.4248341935554269,0.0005998800239952,-1.530387752437363e-10,0.004781,7.682807833427866,16.67,424897.0,7083032.990000001,0.0050000000000007,16.69,16.68
2018-07-25,KIM,77129,KIMCO REALTY CORP,,,0.0018,0.1655234251173722,0.0005988023952096,2.8329009636598943e-11,0.009102,8.954492500535423,16.7,424897.0,7095779.899999999,0.0050000000000007,16.69,16.68
2018-07-26,KIM,77129,KIMCO REALTY CORP,,,-0.001796,0.6875103325144418,0.000599880023995,-1.6780297260295692e-11,-0.003032,15.11079861707661,16.67,424897.0,7083032.990000001,0.004999999999999,16.68,16.67
2018-07-27,KIM,77129,KIMCO REALTY CORP,,,-0.038992,-0.2997120332533139,0.0006242197253431,-5.41333936148766e-10,-0.006562,10.581910439471214,16.02,424897.0,6806849.94,0.004999999999999,16.02,16.01
2018-07-30,KIM,77129,KIMCO REALTY CORP,,,0.019351,-0.2359165094606093,0.0006123698714024,3.4492817125906767e-10,-0.005754,8.085463065166381,16.33,424897.0,6938568.009999999,0.0050000000000007,16.34,16.33
2018-07-31,KIM,77129,KIMCO REALTY CORP,,,0.022045,0.5750983338907503,0.0005991611743559,2.4409424041943584e-10,0.004885,12.84163300757982,16.69,421382.0,7032865.58,0.0050000000000007,16.71,16.7
2018-08-01,KIM,77129,KIMCO REALTY CORP,,,-0.001798,-0.2542725474951827,0.0006002400960385,-2.6744736585637783e-11,-0.00104,9.576358268744276,16.66,421382.0,7020224.12,0.0050000000000007,16.67,16.66
2018-08-02,KIM,77129,KIMCO REALTY CORP,,,0.004202,-0.3174124384649983,0.0005977286312015,9.118541342781906e-11,0.004926,6.536703039047705,16.73,421382.0,7049720.86,0.0050000000000007,16.73,16.72
2018-08-03,KIM,77129,KIMCO REALTY CORP,,,0.021518,-0.134905020931591,0.0005851375073143,5.283981804381022e-10,0.004644,5.65486897874138,17.09,421382.0,7201418.38,0.0050000000000007,17.09,17.08
2018-08-06,KIM,77129,KIMCO REALTY CORP,,,-0.01931,1.1013781758055448,0.0005966587112172,-2.300941170494183e-10,0.003538,11.883018258966922,16.76,421382.0,7062362.32,0.0050000000000007,16.78,16.77
2018-08-07,KIM,77129,KIMCO REALTY CORP,,,-0.0179,-0.1868921113017221,0.0006075334143378,-2.670990116497669e-10,0.002824,9.66217588791168,16.46,421382.0,6935947.720000001,0.0050000000000007,16.46,16.45
2018-08-08,KIM,77129,KIMCO REALTY CORP,,,0.001215,-0.2335551289007131,0.0006067961165049,2.3625838402252098e-11,-0.000262,7.405525152949106,16.48,421382.0,6944375.36,0.0050000000000007,16.48,16.47
2018-08-09,KIM,77129,KIMCO REALTY CORP,,,-0.002427,0.1770592090189084,0.0006082725060828,-4.019183290588366e-11,-0.001442,8.716741578899905,16.44,421382.0,6927520.08,0.0050000000000007,16.44,16.43
2018-08-10,KIM,77129,KIMCO REALTY CORP,,,-0.010341,0.1020506507076626,0.0006146281499691,-1.5701577202977448e-10,-0.007114,9.60629072907718,16.27,421382.0,6855885.14,0.004999999999999,16.27,16.26
2018-08-13,KIM,77129,KIMCO REALTY CORP,,,-0.009834,-0.4140535949591865,0.0006207324643077,-2.5736237944618747e-10,-0.004006,5.628771518479669,16.11,421382.0,6788464.02,0.004999999999999,16.11,16.1
2018-08-14,KIM,77129,KIMCO REALTY CORP,,,0.018001,0.2777904963313649,0.0006097560975608,3.6216254200932574e-10,0.006389,7.192390752333987,16.4,421382.0,6910664.8,0.004999999999999,16.4,16.39
2018-08-15,KIM,77129,KIMCO REALTY CORP,,,0.017683,0.2849953674741252,0.0005991611743557,2.7205004006004915e-10,-0.007602,9.242188797812911,16.69,421382.0,7032865.58,0.004999999999999,16.7,16.69
2018-08-16,KIM,77129,KIMCO REALTY CORP,,,0.006591,-0.1067189250870203,0.0005952380952379,1.127724669035138e-10,0.007919,8.255872343859016,16.8,421382.0,7079217.600000001,0.004999999999999,16.81,16.8
2018-08-17,KIM,77129,KIMCO REALTY CORP,,,0.01131,-0.1308434103428808,0.0005885815185402,2.20156873814064e-10,0.003323,7.175645851033029,16.99,421382.0,7159280.18,0.004999999999999,16.99,16.98
2018-08-20,KIM,77129,KIMCO REALTY CORP,,,0.014715,0.4200449914144581,0.0005800464037123,1.9878514375646901e-10,0.002428,10.189739950923393,17.24,421382.0,7264625.68,0.0050000000000007,17.26,17.25
2018-08-21,KIM,77129,KIMCO REALTY CORP,,,-0.010441,-0.3847932808744198,0.0005861664712777,-2.3168766790704418e-10,0.002069,6.26879648395043,17.06,421382.0,7188776.92,0.004999999999999,17.06,17.05
2018-08-22,KIM,77129,KIMCO REALTY CORP,,,-0.002931,-0.1630223527176008,0.0005878894767784,-7.793588911597588e-11,-0.000398,5.246842532429008,17.01,421382.0,7167707.82,0.0050000000000007,17.01,17.0
2018-08-23,KIM,77129,KIMCO REALTY CORP,,,0.001764,-0.1739954996211993,0.0005868544600937,5.6685576306521165e-11,-0.001691,4.333915544565264,17.04,421382.0,7180349.279999999,0.004999999999999,17.04,17.03
2018-08-24,KIM,77129,KIMCO REALTY CORP,,,0.005282,-0.1982117297126217,0.0005837711617044,2.1058377726552447e-10,0.006199,3.474882648048564,17.13,421382.0,7218273.659999999,0.004999999999999,17.13,17.12
2018-08-27,KIM,77129,KIMCO REALTY CORP,,,-0.007589,0.4285284032199354,0.0005882352941177,-2.134177952982786e-10,0.00767,4.963968560593476,17.0,421382.0,7163494.0,0.0050000000000007,17.01,17.0
2018-08-28,KIM,77129,KIMCO REALTY CORP,,,0.015882,0.469179773459921,0.0005790387955991,2.9924914009976705e-10,0.000269,7.292962205314892,17.27,421382.0,7277267.14,0.004999999999999,17.27,17.26
2018-08-29,KIM,77129,KIMCO REALTY CORP,,,-0.003474,-0.4575947659758493,0.000581057524695,-1.2110027493255284e-10,0.005701,3.95574087170311,17.21,421382.0,7251984.220000001,0.0050000000000007,17.21,17.2
2018-08-30,KIM,77129,KIMCO REALTY CORP,,,-0.01104,0.2616892178071821,0.000587544065805,-3.0842765457963533e-10,-0.00443,4.990915606266998,17.02,421382.0,7171921.64,0.0050000000000007,17.03,17.02
2018-08-31,KIM,77129,KIMCO REALTY CORP,,,0.005288,0.171841136008962,0.0005844535359439,1.25405473210607e-10,0.000134,5.848560213772776,17.11,421382.0,7209846.02,0.0050000000000007,17.12,17.11
2018-09-04,KIM,77129,KIMCO REALTY CORP,,,-0.008767,0.0142910587962237,0.0005896226415095,-2.0679384862144176e-10,-0.001654,5.932142331661058,16.96,421382.0,7146638.720000001,0.0050000000000007,16.96,16.95
2018-09-05,KIM,77129,KIMCO REALTY CORP,,,0.01533,2.01145578385869,0.000580720092915,1.1826193320416972e-10,-0.002803,17.86438433535367,17.22,421382.0,7256198.039999999,0.004999999999999,17.22,17.21
2018-09-06,KIM,77129,KIMCO REALTY CORP,,,0.015099,-0.4767748046223762,0.0005720823798625,2.1930779799687382e-10,-0.003652,9.347095984166383,17.48,421382.0,7365757.36,0.004999999999999,17.49,17.48
2018-09-07,KIM,77129,KIMCO REALTY CORP,,,-0.000572,-0.0085000170106974,0.0005724098454494,-8.384124721226224e-12,-0.002213,9.26764550930035,17.47,421382.0,7361543.539999999,0.0050000000000007,17.48,17.47
2018-09-10,KIM,77129,KIMCO REALTY CORP,,,-0.004579,-0.3313778305390812,0.0005750431282345,-1.0084279994402064e-10,0.001898,6.196553246223142,17.39,421382.0,7327832.98,0.004999999999999,17.4,17.39
2018-09-11,KIM,77129,KIMCO REALTY CORP,,,-0.009201,0.1208693907126301,0.0005803830528147,-1.8246038121000667e-10,0.00374,6.945526861612503,17.23,421382.0,7260411.86,0.004999999999999,17.22,17.21
2018-09-12,KIM,77129,KIMCO REALTY CORP,,,-0.008706,0.0916643888038486,0.0005854800936769,-1.595366534277461e-10,0.000357,7.582184336302927,17.08,421382.0,7197204.56,0.0050000000000007,17.09,17.08
2018-09-13,KIM,77129,KIMCO REALTY CORP,,,0.000585,0.0237004991555545,0.0005851375073141,1.046575513759568e-11,0.005282,7.761885889762733,17.09,421382.0,7201418.38,0.004999999999999,17.08,17.07
2018-09-14,KIM,77129,KIMCO REALTY CORP,,,-0.023405,-0.2274490715955727,0.0005991611743559,-5.549859084762201e-10,0.000275,5.996452150305424,16.69,421382.0,7032865.58,0.0050000000000007,16.69,16.68
2018-09-17,KIM,77129,KIMCO REALTY CORP,,,0.016776,0.1639763700843399,0.0005892751915143,3.361182229443017e-10,-0.00557,6.979728607296942,16.97,421382.0,7150852.539999999,0.004999999999999,16.97,16.96
2018-09-18,KIM,77129,KIMCO REALTY CORP,,,0.000589,-0.0647254186483299,0.0005889281507656,1.2610257680985671e-11,0.005369,6.527962751137922,16.98,421382.0,7155066.36,0.0050000000000007,17.0,16.99
2018-09-19,KIM,77129,KIMCO REALTY CORP,,,-0.020613,-0.0882361494943589,0.0006013229104029,-4.942116024102678e-10,0.001253,5.95196045393491,16.63,421382.0,7007582.659999999,0.0050000000000007,16.64,16.63
2018-09-20,KIM,77129,KIMCO REALTY CORP,,,0.010222,-0.0527525578646987,0.0005952380952381,2.561103540881236e-10,0.007841,5.637979315680309,16.8,421382.0,7079217.600000001,0.0050000000000007,16.8,16.79
2018-09-21,KIM,77129,KIMCO REALTY CORP,,,0.001786,0.6797797573222357,0.0005941770647651,2.6591665365837684e-11,-0.000369,9.470563526681254,16.83,421382.0,7091859.06,0.004999999999999,16.83,16.82
2018-09-24,KIM,77129,KIMCO REALTY CORP,,,-0.023173,-0.4774671269005005,0.0006082725060826,-6.759507109797934e-10,-0.003516,4.948680769468083,16.44,421382.0,6927520.08,0.004999999999999,16.45,16.44
2018-09-25,KIM,77129,KIMCO REALTY CORP,,,0.009124,0.205724876935287,0.0006027727546713,2.1873851017478814e-10,-0.001305,5.966747511758927,16.59,421382.0,6990727.38,0.004999999999999,16.61,16.6
2018-09-26,KIM,77129,KIMCO REALTY CORP,,,-0.010247,-0.03020188682247,0.0006090133982946,-2.559343674365237e-10,-0.003289,5.786540478710529,16.42,421382.0,6919092.44,0.004999999999999,16.43,16.42
2018-09-27,KIM,77129,KIMCO REALTY CORP,,,0.001218,-0.1529607799391718,0.0006082725060826,3.5871288741005087e-11,0.002763,4.901426733937377,16.44,421382.0,6927520.08,0.004999999999999,16.45,16.44
2018-09-28,KIM,77129,KIMCO REALTY CORP,,,0.018248,0.7180920831249367,0.0005973715651135,3.071955262289953e-10,-7e-06,8.421102467594723,16.74,421382.0,7053934.68,0.0050000000000007,16.75,16.74
2018-10-01,KIM,77129,KIMCO REALTY CORP,,,-0.008363,-0.1365951425686508,0.0006127450980393,-1.6725631447365934e-10,0.003641,7.270820775448405,16.32,421382.0,6876954.24,0.0050000000000007,16.32,16.31
2018-10-02,KIM,77129,KIMCO REALTY CORP,,,-0.008578,-0.1269090307341259,0.0006180469715699,-1.981931357034315e-10,-0.000397,6.348087958194702,16.18,421382.0,6817960.76,0.0050000000000007,16.19,16.18
2018-10-03,KIM,77129,KIMCO REALTY CORP,,,-0.021014,0.2660799934204869,0.0006313131313131,-3.9171796423490245e-10,0.000711,8.037187160343821,15.84,421382.0,6674690.88,0.0049999999999998,15.85,15.84
2018-10-04,KIM,77129,KIMCO REALTY CORP,,,-0.006313,-0.1714272131846509,0.0006353240152477,-1.4292899301709255e-10,-0.00817,6.659394563602622,15.74,421382.0,6632552.68,0.0049999999999998,15.75,15.74
2018-10-05,KIM,77129,KIMCO REALTY CORP,,,0.008895,-0.0027974280766986,0.0006297229219143,2.001710821619924e-10,-0.005528,6.640765386276585,15.88,421382.0,6691546.16,0.0049999999999998,15.87,15.86
2018-10-08,KIM,77129,KIMCO REALTY CORP,,,0.011965,1.2576079253861008,0.0006222775357808,1.1785667591857559e-10,-0.000395,14.992244566687708,16.07,421382.0,6771608.74,0.004999999999999,16.06,16.05
2018-10-09,KIM,77129,KIMCO REALTY CORP,,,-0.018668,-0.1233291153947582,0.0006341154090044,-2.1374052770904728e-10,-0.001418,13.143264306496244,15.77,421382.0,6645194.14,0.0049999999999998,15.76,15.75
2018-10-10,KIM,77129,KIMCO REALTY CORP,,,-0.018389,0.1323258705007912,0.0006459948320413,-1.894246550326615e-10,-0.032864,14.882458197075335,15.48,421382.0,6522993.36,0.0049999999999998,15.49,15.48
2018-10-11,KIM,77129,KIMCO REALTY CORP,,,-0.031008,0.3256493175149892,0.0006666666666666,-2.486584329033615e-10,-0.020573,19.72892055189828,15.0,421382.0,6320730.0,0.0049999999999998,15.01,15.0
2018-10-12,KIM,77129,KIMCO REALTY CORP,,,-0.012667,-0.3456351014481178,0.0006752194463201,-1.572242070831943e-10,0.014206,12.90991309548106,14.81,421382.0,6240667.42,0.0050000000000007,14.8,14.79
2018-10-15,KIM,77129,KIMCO REALTY CORP,,,0.012154,0.0097073440189852,0.000667111407605,1.4761238090632287e-10,-0.005905,13.035234063154098,14.99,421382.0,6316516.18,0.0049999999999998,14.99,14.98
2018-10-16,KIM,77129,KIMCO REALTY CORP,,,0.010007,-0.2585123505934027,0.000660501981506,1.6228533975888615e-10,0.021496,9.66546506495294,15.14,421382.0,6379723.48,0.0050000000000007,15.13,15.12
2018-10-17,KIM,77129,KIMCO REALTY CORP,,,0.004623,-0.1289000609646358,0.0006574621959238,8.566984092829496e-11,-0.000253,8.419586028828949,15.21,421382.0,6409220.220000001,0.0050000000000007,15.21,15.2
2018-10-18,KIM,77129,KIMCO REALTY CORP,,,-0.004602,-0.0085648765369115,0.000660501981506,-8.641511649380185e-11,-0.014392,8.347473314000123,15.14,421382.0,6379723.48,0.0050000000000007,15.13,15.12
2018-10-19,KIM,77129,KIMCO REALTY CORP,,,-0.000661,-0.1502526670409881,0.0006609385327165,-1.4616443154255008e-11,-0.000361,7.093243185518128,15.13,421382.0,6375509.66,0.0050000000000007,15.13,15.12
2018-10-22,KIM,77129,KIMCO REALTY CORP,,,-0.014541,0.5387128989466254,0.0006706908115358,-2.1204996588600784e-10,-0.004299,10.914464784921996,14.91,421382.0,6282805.62,0.0049999999999998,14.91,14.9
2018-10-23,KIM,77129,KIMCO REALTY CORP,,,0.006707,0.0525980945646802,0.0006662225183211,9.23010434143998e-11,-0.005512,11.488544835802193,15.01,421382.0,6324943.82,0.0049999999999998,15.01,15.0
2018-10-24,KIM,77129,KIMCO REALTY CORP,,,-0.005996,-0.2141551055077538,0.0006702412868632,-1.0563673301564695e-10,-0.030864,9.028214304360414,14.92,421382.0,6287019.44,0.0049999999999998,14.92,14.91
2018-10-25,KIM,77129,KIMCO REALTY CORP,,,0.062332,0.6114547987068408,0.0006309148264984,6.414839988656666e-10,0.018625,14.548559264515331,15.85,421382.0,6678904.7,0.0049999999999998,15.85,15.84
2018-10-26,KIM,77129,KIMCO REALTY CORP,,,-0.018297,-0.1977016234072875,0.0006426735218508,-2.3907733956016005e-10,-0.017327,11.672285479683518,15.56,421382.0,6556703.92,0.0049999999999998,15.56,15.55
2018-10-29,KIM,77129,KIMCO REALTY CORP,,,0.023136,-0.2260957679906297,0.0006281407035175,3.817913719556645e-10,-0.00656,9.033231129948598,15.92,421382.0,6708401.44,0.0049999999999998,15.93,15.92
2018-10-30,KIM,77129,KIMCO REALTY CORP,,,0.024497,0.3969902594050454,0.0006131207847947,2.8245317477530447e-10,0.015667,12.619335899492622,16.31,421382.0,6872740.42,0.0050000000000007,16.32,16.31
2018-10-31,KIM,77129,KIMCO REALTY CORP,,,-0.013489,-0.0807144478455442,0.0006215040397763,-1.7149868539760803e-10,0.010851,11.600525402773195,16.09,421391.0,6780181.19,0.0050000000000007,16.1,16.09
2018-11-01,KIM,77129,KIMCO REALTY CORP,,,-0.014295,0.0551215878873003,0.0006305170239596,-1.7474934342307528e-10,0.010558,12.23996478330102,15.86,421391.0,6683261.26,0.0049999999999998,15.86,15.85
2018-11-02,KIM,77129,KIMCO REALTY CORP,,,-0.013871,-0.3502255123345931,0.0006393861892582,-2.6463235611004923e-10,-0.006317,7.953216846112043,15.64,421391.0,6590555.24,0.0049999999999998,15.64,15.63
2018-11-05,KIM,77129,KIMCO REALTY CORP,,,0.014706,-0.0146982736242076,0.0006301197227473,2.8062109286005793e-10,0.0056,7.836318288715232,15.87,421391.0,6687475.17,0.0049999999999998,15.87,15.86
2018-11-06,KIM,77129,KIMCO REALTY CORP,,,0.008822,-0.3313755203421766,0.000624609618988,2.495721528598113e-10,0.006259,5.239554238225306,16.01,421391.0,6746469.910000001,0.004999999999999,16.02,16.01
2018-11-07,KIM,77129,KIMCO REALTY CORP,,,0.012492,0.1236396015944556,0.0006169031462061,3.1062923522879624e-10,0.021209,5.887370636772024,16.21,421391.0,6830748.11,0.0050000000000007,16.21,16.2
2018-11-08,KIM,77129,KIMCO REALTY CORP,,,0.004935,-0.1179708047732965,0.0006138735420504,1.3844474601048508e-10,-0.002509,5.192832784753352,16.29,421391.0,6864459.39,0.0050000000000007,16.28,16.27
2018-11-09,KIM,77129,KIMCO REALTY CORP,,,-0.000614,-0.1797069115300933,0.0006142506142507,-2.1011416149846967e-11,-0.009199,4.259644842913114,16.28,421391.0,6860245.48,0.0050000000000007,16.28,16.27
2018-11-12,KIM,77129,KIMCO REALTY CORP,,,-0.009828,0.8273163540905282,0.000620347394541,-1.8587788536938347e-10,-0.019701,7.783718684072512,16.12,421391.0,6792822.920000001,0.0050000000000007,16.12,16.11
2018-11-13,KIM,77129,KIMCO REALTY CORP,,,0.001861,-0.2490468718035334,0.0006191950464395,4.678306039029185e-11,-0.001482,5.845207894805537,16.15,421391.0,6805464.649999999,0.004999999999999,16.15,16.14
2018-11-14,KIM,77129,KIMCO REALTY CORP,,,-0.021053,0.1914086129856547,0.0006325110689436,-4.5377040443511006e-10,-0.007567,6.964031030563064,15.81,421391.0,6662191.71,0.0049999999999998,15.81,15.8
2018-11-15,KIM,77129,KIMCO REALTY CORP,,,-0.016445,0.1921603772941953,0.0006430868167203,-3.0228935057595216e-10,0.010594,8.302241860884546,15.55,421391.0,6552630.050000001,0.0050000000000007,15.55,15.54
2018-11-16,KIM,77129,KIMCO REALTY CORP,,,0.010289,-0.1678658506955858,0.0006365372374283,2.2496916700704134e-10,0.002223,6.908578968226659,15.71,421391.0,6620052.61,0.0049999999999998,15.72,15.71
2018-11-19,KIM,77129,KIMCO REALTY CORP,,,-0.010821,0.079258370995183,0.0006435006435007,-2.2162409481626108e-10,-0.016643,7.456141683139887,15.54,421391.0,6548416.14,0.0050000000000007,15.55,15.54
2018-11-20,KIM,77129,KIMCO REALTY CORP,,,-0.007078,0.1114097578224484,0.000648088139987,-1.313623832459169e-10,-0.018151,8.286828622348365,15.43,421391.0,6502063.13,0.0049999999999998,15.43,15.42
2018-11-21,KIM,77129,KIMCO REALTY CORP,,,0.005185,-0.1628473122097826,0.0006447453255963,1.1435592569225877e-10,0.003043,6.937340854455838,15.51,421391.0,6535774.41,0.0049999999999998,15.52,15.51
2018-11-23,KIM,77129,KIMCO REALTY CORP,,,-0.005158,-0.5484558208045406,0.000648088139987,-2.5324266455152317e-10,-0.006555,3.1325158819243883,15.43,421391.0,6502063.13,0.0049999999999998,15.43,15.42
2018-11-26,KIM,77129,KIMCO REALTY CORP,,,0.009721,1.1332023751263245,0.0006418485237483,2.2158119177778384e-10,0.015532,6.682290319442038,15.58,421391.0,6565271.78,0.0049999999999998,15.57,15.56
2018-11-27,KIM,77129,KIMCO REALTY CORP,,,0.005135,0.5065108064791644,0.0006385696040868,7.729757031771034e-11,0.003262,10.066942578270538,15.66,421391.0,6598983.0600000005,0.0049999999999998,15.65,15.64
2018-11-28,KIM,77129,KIMCO REALTY CORP,,,0.017241,-0.0872679432142286,0.0006277463904582,2.7952491550417057e-10,0.022974,9.188421205009124,15.93,421391.0,6712758.63,0.0049999999999998,15.93,15.92
2018-11-29,KIM,77129,KIMCO REALTY CORP,,,0.0,0.3083606109426904,0.0006277463904582,0.0,-0.002198,12.02176838138451,15.93,421391.0,6712758.63,0.0049999999999998,15.93,15.92
2018-11-30,KIM,77129,KIMCO REALTY CORP,,,0.026365,-0.0914420340849982,0.0006116207951069,3.5035132643663317e-10,0.008186,10.922473427291992,16.35,421391.0,6889742.850000001,0.004999999999999,16.36,16.35
2018-12-03,KIM,77129,KIMCO REALTY CORP,,,0.015902,-0.0902564011200548,0.0006020469596627,2.2864244497974667e-10,0.010941,9.936650284415188,16.61,421391.0,6999304.51,0.004999999999999,16.61,16.6
2018-12-04,KIM,77129,KIMCO REALTY CORP,,,-0.024082,0.8945771831635108,0.0006169031462061,-1.8727162260811215e-10,-0.032365,18.825750905928224,16.21,421391.0,6830748.11,0.0050000000000007,16.23,16.22
2018-12-06,KIM,77129,KIMCO REALTY CORP,,,0.053054,-0.0422829844238032,0.0005858230814292,4.0908150463030655e-10,-0.001522,18.02974197360646,17.07,421391.0,7193144.37,0.004999999999999,17.08,17.07
2018-12-07,KIM,77129,KIMCO REALTY CORP,,,-0.008201,-0.1580859198288505,0.0005906674542231,-7.572988786816695e-11,-0.02332,15.179493629432049,16.93,421391.0,7134149.63,0.004999999999999,16.95,16.94
2018-12-10,KIM,77129,KIMCO REALTY CORP,,,-0.00886,-0.4306094174597303,0.0005959475566148,-1.4497360736169983e-10,0.001762,8.643060720328625,16.78,421391.0,7070940.98,0.004999999999999,16.79,16.78
2018-12-11,KIM,77129,KIMCO REALTY CORP,,,-0.002384,0.2345644335642984,0.0005973715651135,-3.167263648435155e-11,-0.000356,10.670415362454348,16.74,421391.0,7054085.339999999,0.0050000000000007,16.75,16.74
2018-12-12,KIM,77129,KIMCO REALTY CORP,,,-0.027479,-0.0371066562554139,0.0006142506142504,-3.8985378753531247e-10,0.005419,10.274471927497263,16.28,421391.0,6860245.48,0.004999999999999,16.29,16.28
2018-12-13,KIM,77129,KIMCO REALTY CORP,,,0.0043,-0.2251535371872957,0.0006116207951071,7.839534543716628e-11,-0.0002,7.961138230289683,16.35,421391.0,6889742.850000001,0.0050000000000007,16.35,16.34
2018-12-14,KIM,77129,KIMCO REALTY CORP,,,0.006116,-0.1495004697813727,0.0006079027355621,1.3030679884618187e-10,-0.019087,6.770944324866929,16.45,421391.0,6931881.949999999,0.004999999999999,16.45,16.44
2018-12-17,KIM,77129,KIMCO REALTY CORP,,,-0.058359,1.039583066821112,0.0006455777921239,-6.474116759147193e-10,-0.020773,13.809903391387095,15.49,421391.0,6527346.59,0.0049999999999998,15.48,15.47
2018-12-18,KIM,77129,KIMCO REALTY CORP,,,0.0,-0.3190558976411359,0.0006455777921239,0.0,8.6e-05,9.403772268510718,15.49,421391.0,6527346.59,0.0049999999999998,15.5,15.49
2018-12-19,KIM,77129,KIMCO REALTY CORP,,,-0.029051,0.0585633658156821,0.0006648936170212,-4.60478153743436e-10,-0.015396,9.954488823918878,15.04,421391.0,6337720.64,0.0049999999999998,15.04,15.03
2018-12-20,KIM,77129,KIMCO REALTY CORP,,,-0.019282,-0.0419418928312941,0.0006779661016949,-3.2528496395516757e-10,-0.015772,9.536978720475757,14.75,421391.0,6215517.25,0.0049999999999998,14.75,14.74
2018-12-21,KIM,77129,KIMCO REALTY CORP,,,-0.002034,0.5104609663040955,0.0006793478260869,-2.276342267847361e-11,-0.020588,14.405234093751409,14.72,421391.0,6202875.5200000005,0.0049999999999998,14.72,14.71
2018-12-24,KIM,77129,KIMCO REALTY CORP,,,-0.027853,-0.2835968815709966,0.0006988120195667,-4.4757858791594414e-10,-0.027112,10.319954626463309,14.31,421391.0,6030105.21,0.0049999999999998,14.34,14.33
2018-12-26,KIM,77129,KIMCO REALTY CORP,,,0.049616,-0.0271497281049022,0.0006657789613848,7.808053276696722e-10,0.049594,10.0397706642999,15.02,421391.0,6329292.819999999,0.0049999999999998,15.04,15.03
2018-12-27,KIM,77129,KIMCO REALTY CORP,,,0.001332,-0.1278585018114156,0.0006648936170213,2.4002716121407417e-11,0.008563,8.756100628632316,15.04,421391.0,6337720.64,0.0050000000000007,15.05,15.04
2018-12-28,KIM,77129,KIMCO REALTY CORP,,,-0.00266,-0.0815813138154375,0.0006666666666666,-5.233035325742678e-11,-0.001242,8.041766435448313,15.0,421391.0,6320865.0,0.0049999999999998,15.01,15.0
2018-12-31,KIM,77129,KIMCO REALTY CORP,,,-0.004667,-0.0856583945362389,0.0006825938566552,-1.0281464565437416e-10,0.008492,7.352921633352397,14.65,421391.0,6173378.15,0.0049999999999998,14.66,14.65
2019-01-02,KIM,77129,KIMCO REALTY CORP,,,-0.004778,0.4273904252280571,0.0006858710562414,-7.40970041348346e-11,0.001269,10.49548993689946,14.58,421391.0,6143880.78,0.0049999999999998,14.6,14.59
2019-01-03,KIM,77129,KIMCO REALTY CORP,,,-0.002058,-0.035933891136759,0.0006872852233678,-3.317321695046934e-11,-0.024757,10.118346144079965,14.55,421391.0,6131239.050000001,0.0050000000000007,14.55,14.54
2019-01-04,KIM,77129,KIMCO REALTY CORP,,,0.018557,-0.3654944673505669,0.0006747638326585,4.628383776785425e-10,0.034336,6.420146609680796,14.82,421391.0,6245014.62,0.0049999999999998,14.81,14.8
2019-01-07,KIM,77129,KIMCO REALTY CORP,,,0.035088,0.4620668649866637,0.0006518904823989,5.78276865784004e-10,0.00701,9.386683626370758,15.34,421391.0,6464137.94,0.0049999999999998,15.35,15.34
2019-01-08,KIM,77129,KIMCO REALTY CORP,,,0.02086,-0.0290418519799446,0.0006385696040868,3.4683634392766727e-10,0.009695,9.114076949911128,15.66,421391.0,6598983.0600000005,0.0049999999999998,15.67,15.66
2019-01-09,KIM,77129,KIMCO REALTY CORP,,,0.005109,0.0564819467842181,0.0006353240152477,7.999652974458964e-11,0.004098,9.628857759183276,15.74,421391.0,6632694.34,0.0049999999999998,15.75,15.74
2019-01-10,KIM,77129,KIMCO REALTY CORP,,,0.003812,-0.173165391419475,0.000632911392405,7.191461032730703e-11,0.004518,7.961472836391855,15.8,421391.0,6657977.800000001,0.0049999999999998,15.81,15.8
2019-01-11,KIM,77129,KIMCO REALTY CORP,,,0.00443,-0.0592105321987914,0.0006301197227473,8.844141435560945e-11,-0.000146,7.490069792662871,15.87,421391.0,6687475.17,0.0049999999999998,15.87,15.86
2019-01-14,KIM,77129,KIMCO REALTY CORP,,,0.00063,-0.0344288534994715,0.0006297229219144,1.3017711773007104e-11,-0.005258,7.232195277070464,15.88,421391.0,6691689.08,0.0050000000000007,15.88,15.87
2019-01-15,KIM,77129,KIMCO REALTY CORP,,,0.017632,0.6283778418431398,0.0006188118811882,2.1986172792184983e-10,0.010722,11.776746537064152,16.16,421391.0,6809678.5600000005,0.0050000000000007,16.17,16.16
2019-01-16,KIM,77129,KIMCO REALTY CORP,,,0.011139,-0.012825697742017,0.0006119951040392,1.3915208768324354e-10,0.002222,11.62570154559542,16.34,421391.0,6885528.94,0.0050000000000007,16.35,16.34
2019-01-17,KIM,77129,KIMCO REALTY CORP,,,0.013464,0.1977480554059774,0.0006038647342996,1.3856191303052606e-10,0.007591,13.924661418967183,16.56,421391.0,6978234.959999999,0.0050000000000007,16.57,16.56
2019-01-18,KIM,77129,KIMCO REALTY CORP,,,-0.000604,0.1275202476188821,0.0006042296072508,-5.516259535501329e-12,0.013183,15.700337691122972,16.55,421391.0,6974021.050000001,0.0050000000000007,16.55,16.54
2019-01-22,KIM,77129,KIMCO REALTY CORP,,,-0.006042,-0.4536997612296649,0.0006079027355621,-1.0162233720463195e-10,-0.014157,8.57709822943537,16.45,421391.0,6931881.949999999,0.004999999999999,16.47,16.46
2019-01-23,KIM,77129,KIMCO REALTY CORP,,,-0.010334,0.1179242411833842,0.0006142506142507,-1.5709994878553827e-10,0.002203,9.588546029696884,16.28,421391.0,6860245.48,0.0050000000000007,16.28,16.27
2019-01-24,KIM,77129,KIMCO REALTY CORP,,,0.007371,-0.5200784452127161,0.000609756097561,2.3177911168282944e-10,0.001376,4.601749918721567,16.4,421391.0,6910812.399999999,0.0050000000000007,16.41,16.4
2019-01-25,KIM,77129,KIMCO REALTY CORP,,,0.018293,1.5978167596290307,0.0005988023952094,2.1744612856264318e-10,0.008489,11.954503062476418,16.7,421391.0,7037229.699999999,0.004999999999999,16.7,16.69
2019-01-28,KIM,77129,KIMCO REALTY CORP,,,0.019162,-0.1911063380393527,0.000587544065805,2.7629502443923067e-10,-0.007847,9.66992175912632,17.02,421391.0,7172074.819999999,0.0050000000000007,17.03,17.02
2019-01-29,KIM,77129,KIMCO REALTY CORP,,,0.012926,-0.0566312409535837,0.0005800464037123,1.9504606109757902e-10,-0.001456,9.122302089982938,17.24,421391.0,7264780.839999999,0.0050000000000007,17.25,17.24
2019-01-30,KIM,77129,KIMCO REALTY CORP,,,0.0058,0.3710042205420525,0.0005767012687426,6.346735549424603e-11,0.015549,12.506714666426191,17.34,421391.0,7306919.939999999,0.004999999999999,17.36,17.35
2019-01-31,KIM,77129,KIMCO REALTY CORP,,,-0.019031,1.858059924287748,0.0005878894767784,-7.427753245568741e-11,0.008597,35.74510962554789,17.01,421389.0,7167826.890000001,0.0050000000000007,17.01,17.0
2019-02-01,KIM,77129,KIMCO REALTY CORP,,,0.008818,-0.693088694671224,0.0005827505827506,1.111578394229624e-10,0.000899,10.9705782542971,17.16,421389.0,7231035.24,0.0050000000000007,17.17,17.16
2019-02-04,KIM,77129,KIMCO REALTY CORP,,,0.00641,0.0767990783236687,0.0005790387955991,7.456212943396664e-11,0.006776,11.8131085529048,17.27,421389.0,7277388.03,0.004999999999999,17.27,17.26
2019-02-05,KIM,77129,KIMCO REALTY CORP,,,0.009265,-0.379420978345548,0.0005737234652898,1.7206936532239858e-10,0.004708,7.3309673484595,17.43,421389.0,7344810.27,0.0050000000000007,17.44,17.43
2019-02-06,KIM,77129,KIMCO REALTY CORP,,,-0.002869,-0.0674698116560689,0.0005753739930956,-5.7302477129003515e-11,-0.002224,6.836348362202146,17.38,421389.0,7323740.819999999,0.0050000000000007,17.39,17.38
2019-02-07,KIM,77129,KIMCO REALTY CORP,,,0.013809,-0.0758448632688156,0.0005675368898979,2.943771281210409e-10,-0.009357,6.317846455412932,17.62,421389.0,7424874.180000001,0.0050000000000007,17.62,17.61
2019-02-08,KIM,77129,KIMCO REALTY CORP,,,0.011918,0.9825532411989611,0.0005608524957936,1.2664117093913447e-10,0.000676,12.525466967576277,17.83,421389.0,7513365.869999999,0.0050000000000007,17.85,17.84
2019-02-11,KIM,77129,KIMCO REALTY CORP,,,-0.001122,-0.3113521661417928,0.0005614823133072,-1.7332237490208423e-11,0.000709,8.62563569528393,17.81,421389.0,7504938.09,0.0050000000000007,17.82,17.81
2019-02-12,KIM,77129,KIMCO REALTY CORP,,,-0.004492,0.1636096917860605,0.0005640157924422,-5.990311076699522e-11,0.01289,10.036873292848176,17.73,421389.0,7471226.97,0.0050000000000007,17.73,17.72
2019-02-13,KIM,77129,KIMCO REALTY CORP,,,0.004512,-0.2749151894771586,0.0005614823133072,8.261040056953107e-11,0.003024,7.277584369786587,17.81,421389.0,7504938.09,0.0050000000000007,17.82,17.81
2019-02-14,KIM,77129,KIMCO REALTY CORP,,,-0.007299,-0.1632487623479878,0.0005656108597283,-1.6088453368815894e-10,-0.002652,6.089527728535866,17.68,421389.0,7450157.52,0.004999999999999,17.68,17.67
2019-02-15,KIM,77129,KIMCO REALTY CORP,,,0.004525,0.1546273274981879,0.0005630630630631,8.599376883487786e-11,0.010879,7.031135126925477,17.76,421389.0,7483868.640000001,0.0050000000000007,17.76,17.75
2019-02-19,KIM,77129,KIMCO REALTY CORP,,,0.001126,-0.0382591990193202,0.0005624296962878,2.222490708047615e-11,0.001499,6.762129528772702,17.78,421389.0,7492296.420000001,0.004999999999999,17.79,17.78
2019-02-20,KIM,77129,KIMCO REALTY CORP,,,-0.012374,0.6874532152629578,0.0005694760820044,-1.4655045775797015e-10,0.001777,11.410777215352086,17.56,421389.0,7399590.84,0.004999999999999,17.56,17.55
2019-02-21,KIM,77129,KIMCO REALTY CORP,,,0.003986,-0.337033751104323,0.0005672149744752,7.092431367861475e-11,-0.003526,7.564960167446231,17.63,421389.0,7429088.069999999,0.004999999999999,17.63,17.62
2019-02-22,KIM,77129,KIMCO REALTY CORP,,,0.005672,-0.3091767935852758,0.000564015792442,1.452682578663197e-10,0.006411,5.226050039274874,17.73,421389.0,7471226.97,0.004999999999999,17.74,17.73
2019-02-25,KIM,77129,KIMCO REALTY CORP,,,-0.002256,-0.0367228226319135,0.0005652911249292,-6.01178213205301e-11,0.001232,5.034134730617079,17.69,421389.0,7454371.41,0.004999999999999,17.7,17.69
2019-02-26,KIM,77129,KIMCO REALTY CORP,,,-0.002261,0.4472568847170806,0.0005665722379602,-4.17255624241339e-11,-0.00079,7.285686147478933,17.65,421389.0,7437515.85,0.004999999999999,17.65,17.64
2019-02-27,KIM,77129,KIMCO REALTY CORP,,,-0.009632,-0.1159105803444048,0.0005720823798627,-2.0301363112600268e-10,-0.000544,6.4411980379174585,17.48,421389.0,7365879.72,0.0050000000000007,17.48,17.47
2019-02-28,KIM,77129,KIMCO REALTY CORP,,,0.006293,0.8280854748088791,0.0005685048322911,7.210170718741e-11,-0.002826,11.775144404417802,17.59,421386.0,7412179.74,0.0050000000000007,17.6,17.59
2019-03-01,KIM,77129,KIMCO REALTY CORP,,,-0.014781,0.1759298540210858,0.0005770340450085,-1.4617647797556429e-10,0.006895,13.846743840564232,17.33,421386.0,7302619.379999999,0.004999999999999,17.33,17.32
2019-03-04,KIM,77129,KIMCO REALTY CORP,,,-0.005193,-0.323979609324977,0.0005800464037123,-7.636485030848224e-11,-0.003881,9.3606811806752,17.24,421386.0,7264694.64,0.0050000000000007,17.23,17.22
2019-03-05,KIM,77129,KIMCO REALTY CORP,,,0.017981,-0.4131903986857517,0.0005698005698006,4.4264132049440127e-10,-0.001131,5.492937591661802,17.55,421386.0,7395324.300000001,0.0050000000000007,17.55,17.54
2019-03-06,KIM,77129,KIMCO REALTY CORP,,,-0.017664,0.1543012822257563,0.0005800464037123,-3.834845300985858e-10,-0.006524,6.340504905241275,17.24,421386.0,7264694.64,0.0050000000000007,17.25,17.24
2019-03-07,KIM,77129,KIMCO REALTY CORP,,,0.008701,0.5475028070963395,0.0005750431282345,1.2101360412907328e-10,-0.008126,9.811949139268984,17.39,421386.0,7327902.54,0.004999999999999,17.4,17.39
2019-03-08,KIM,77129,KIMCO REALTY CORP,,,-0.004025,0.1156409128969109,0.0005773672055426,-5.038000121639978e-11,-0.002132,10.946611895032108,17.32,421386.0,7298405.52,0.004999999999999,17.33,17.32
2019-03-11,KIM,77129,KIMCO REALTY CORP,,,0.013279,-0.4323170413131085,0.0005698005698004,2.88949913918265e-10,0.014666,6.214205028168947,17.55,421386.0,7395324.300000001,0.004999999999999,17.56,17.55
2019-03-12,KIM,77129,KIMCO REALTY CORP,,,0.007407,0.5355037980523023,0.0005656108597283,1.0419419131059369e-10,0.002953,9.541935422629134,17.68,421386.0,7450104.479999999,0.004999999999999,17.68,17.67
2019-03-13,KIM,77129,KIMCO REALTY CORP,,,0.007353,-0.2542343163290836,0.0005614823133072,1.3768342957528333e-10,0.00695,7.11604799400075,17.81,421386.0,7504884.659999999,0.0050000000000007,17.82,17.81
2019-03-14,KIM,77129,KIMCO REALTY CORP,,,0.004492,-0.0054465362703899,0.0005589714924539,8.419422460610892e-11,-0.000868,7.077290180499589,17.89,421386.0,7538595.54,0.0050000000000007,17.89,17.88
2019-03-15,KIM,77129,KIMCO REALTY CORP,,,-0.012856,1.037976428030853,0.0005662514156286,-1.1977575100917303e-10,0.004985,14.423350562192384,17.66,421386.0,7441676.76,0.0050000000000007,17.67,17.66
2019-03-18,KIM,77129,KIMCO REALTY CORP,,,-0.007361,-0.3891002958637322,0.0005704506560181,-1.1309378128969399e-10,0.003706,8.811220591097,17.53,421386.0,7386896.58,0.004999999999999,17.54,17.53
2019-03-19,KIM,77129,KIMCO REALTY CORP,,,0.004564,-0.094246180571921,0.0005678591709254,7.706548732453105e-11,-0.000131,7.980796704209442,17.61,421386.0,7420607.46,0.004999999999999,17.61,17.6
2019-03-20,KIM,77129,KIMCO REALTY CORP,,,0.005111,-0.2533485023473117,0.0005649717514123,1.1499747993293975e-10,-0.002944,5.958873811659618,17.7,421386.0,7458532.199999999,0.004999999999999,17.7,17.69
2019-03-21,KIM,77129,KIMCO REALTY CORP,,,0.026554,0.1976382982621169,0.000550357732526,4.859650727590653e-10,0.010853,7.13657549135472,18.17,421386.0,7656583.620000001,0.004999999999999,18.18,18.17
2019-03-22,KIM,77129,KIMCO REALTY CORP,,,-0.002201,-0.0885768507006228,0.0005515719801434,-4.429270629489954e-11,-0.018975,6.504440109543269,18.13,421386.0,7639728.18,0.0050000000000007,18.14,18.13
2019-03-25,KIM,77129,KIMCO REALTY CORP,,,0.001103,-0.2649101748343597,0.0005509641873277,3.0162577427189275e-11,-0.000839,4.78134774292454,18.15,421386.0,7648155.899999999,0.004999999999999,18.15,18.14
2019-03-26,KIM,77129,KIMCO REALTY CORP,,,0.023141,0.244753679410242,0.0005385029617661,4.968855493547726e-10,0.007183,5.951600195545177,18.57,421386.0,7825138.02,0.004999999999999,18.58,18.57
2019-03-27,KIM,77129,KIMCO REALTY CORP,,,-0.008078,0.2147208783689758,0.000542888165038,-1.4395404570003983e-10,-0.004644,7.229533017233606,18.42,421386.0,7761930.120000001,0.0050000000000007,18.42,18.41
2019-03-28,KIM,77129,KIMCO REALTY CORP,,,0.011944,-0.1385939711609415,0.0005364806866953,2.4417749362430154e-10,0.00359,6.227563326736057,18.64,421386.0,7854635.04,0.0050000000000007,18.64,18.63
2019-03-29,KIM,77129,KIMCO REALTY CORP,,,-0.007511,0.211862017035235,0.0005405405405406,-1.2766580990120678e-10,0.006734,7.535984682428157,18.5,421999.0,7806981.5,0.0050000000000007,18.51,18.5
2019-04-01,KIM,77129,KIMCO REALTY CORP,,,-0.002162,0.0049251960110408,0.0005500550055004,-3.7211454571494296e-11,0.011569,7.573100884125318,18.18,421999.0,7671941.82,0.004999999999999,18.18,18.17
2019-04-02,KIM,77129,KIMCO REALTY CORP,,,0.007701,0.0531709806589251,0.0005458515283843,1.2489285859916438e-10,1.7e-05,7.975770084763234,18.32,421999.0,7731021.68,0.0050000000000007,18.32,18.31
2019-04-03,KIM,77129,KIMCO REALTY CORP,,,-0.007642,-0.1016371602668871,0.0005500550055004,-1.3902001375923388e-10,0.002148,7.165135462406309,18.18,421999.0,7671941.82,0.004999999999999,18.18,18.17
2019-04-04,KIM,77129,KIMCO REALTY CORP,,,-0.00055,-0.3329297412424595,0.0005503577325262,-1.5007223717586408e-11,0.002085,4.779648766940206,18.17,421999.0,7667721.830000001,0.0050000000000007,18.17,18.16
2019-04-05,KIM,77129,KIMCO REALTY CORP,,,0.01541,0.3000500246156805,0.000542005420054,3.1852153424154545e-10,0.004636,6.213782497114922,18.45,421999.0,7785881.55,0.004999999999999,18.45,18.44
2019-04-08,KIM,77129,KIMCO REALTY CORP,,,-0.00813,0.284214460321637,0.0005464480874317,-1.3192722602122868e-10,0.001047,7.979829336088474,18.3,421999.0,7722581.7,0.0050000000000007,18.3,18.29
2019-04-09,KIM,77129,KIMCO REALTY CORP,,,-0.00765,-0.2663418936415361,0.0005506607929516,-1.7050881862426966e-10,-0.006067,5.854466479778388,18.16,421999.0,7663501.84,0.0050000000000007,18.17,18.16
2019-04-10,KIM,77129,KIMCO REALTY CORP,,,0.01652,0.6785413459759837,0.0005417118093173,2.1579807058900507e-10,0.003478,9.826964044938496,18.46,421999.0,7790101.54,0.004999999999999,18.47,18.46
2019-04-11,KIM,77129,KIMCO REALTY CORP,,,-0.010292,-0.4385716411190921,0.0005473453749314,-2.4195583241471577e-10,3.8e-05,5.5171362965315085,18.27,421999.0,7709921.729999999,0.004999999999999,18.27,18.26
2019-04-12,KIM,77129,KIMCO REALTY CORP,,,-0.001642,0.581512705381694,0.0005482456140349,-2.4448403168002288e-11,0.006609,8.725421150287087,18.24,421999.0,7697261.76,0.004999999999999,18.24,18.23
2019-04-15,KIM,77129,KIMCO REALTY CORP,,,-0.019189,-0.0140112256013452,0.0005589714924539,-2.954419844358065e-10,-0.000629,8.603167306083664,17.89,421999.0,7549562.11,0.0050000000000007,17.89,17.88
2019-04-16,KIM,77129,KIMCO REALTY CORP,,,-0.029625,0.1410354086237595,0.0005760368663593,-4.1194546479577776e-10,0.000509,9.81651852255574,17.36,421999.0,7325902.64,0.004999999999999,17.36,17.35
2019-04-17,KIM,77129,KIMCO REALTY CORP,,,-0.008065,-0.0156437044620465,0.0005807200929153,-1.1485502196210876e-10,-0.002274,9.662951807942672,17.22,421999.0,7266822.779999999,0.0050000000000007,17.23,17.22
2019-04-18,KIM,77129,KIMCO REALTY CORP,,,0.018002,-0.1240449404034964,0.0005704506560181,2.8749863056258966e-10,0.001579,8.464311526804567,17.53,421999.0,7397642.470000001,0.004999999999999,17.54,17.53
2019-04-22,KIM,77129,KIMCO REALTY CORP,,,-0.02567,-0.1408047915819202,0.0005854800936769,-4.897146485739536e-10,0.001012,7.272495906388404,17.08,421999.0,7207742.919999999,0.0050000000000007,17.09,17.08
2019-04-23,KIM,77129,KIMCO REALTY CORP,,,0.024005,0.3711825339053354,0.0005717552887365,3.2615325787920037e-10,0.008841,9.97191936473783,17.49,421999.0,7380762.51,0.0050000000000007,17.5,17.49
2019-04-24,KIM,77129,KIMCO REALTY CORP,,,0.014866,0.0793070097477746,0.0005633802816902,1.8439986277926262e-10,-0.002192,10.762762471001116,17.75,421999.0,7490482.25,0.0050000000000007,17.76,17.75
2019-04-25,KIM,77129,KIMCO REALTY CORP,,,-0.000563,-0.4326794550708683,0.0005636978579482,-1.2316607179371853e-11,-0.000369,6.105936269991161,17.74,421999.0,7486262.26,0.0050000000000007,17.75,17.74
2019-04-26,KIM,77129,KIMCO REALTY CORP,,,0.003946,-0.2020476586516314,0.000561482313307,1.07758743606651e-10,0.004685,4.872246142763371,17.81,421999.0,7515802.189999999,0.004999999999999,17.81,17.8
2019-04-29,KIM,77129,KIMCO REALTY CORP,,,-0.027513,0.6378147185692407,0.0005773672055426,-4.71720389563867e-10,0.001071,7.97983644511006,17.32,421999.0,7309022.68,0.004999999999999,17.33,17.32
2019-04-30,KIM,77129,KIMCO REALTY CORP,,,0.004042,0.1841776187140364,0.0005750431282345,5.828737091736445e-11,0.000951,9.449543719297912,17.39,421999.0,7338562.61,0.004999999999999,17.4,17.39
2019-05-01,KIM,77129,KIMCO REALTY CORP,,,0.000575,0.0516195057900572,0.0005747126436782,7.880208399415735e-12,-0.007502,9.937324496029612,17.4,421999.0,7342782.6,0.0050000000000007,17.41,17.4
2019-05-02,KIM,77129,KIMCO REALTY CORP,,,0.033908,0.572263869603278,0.000555864369094,2.8586743387222486e-10,-0.002124,15.62409626563096,17.99,421999.0,7591762.01,0.0050000000000007,18.01,18.0
2019-05-03,KIM,77129,KIMCO REALTY CORP,,,0.011673,-0.4439330034354296,0.0005494505494506,1.7493537881411803e-10,0.009638,8.688044284465128,18.2,421999.0,7680381.8,0.0050000000000007,18.21,18.2
2019-05-06,KIM,77129,KIMCO REALTY CORP,,,0.004396,-0.0528346206277312,0.00054704595186,6.925039089545715e-11,-0.004471,8.229014760698485,18.28,421999.0,7714141.720000001,0.0050000000000007,18.3,18.29
2019-05-07,KIM,77129,KIMCO REALTY CORP,,,-0.017506,0.1867834693875201,0.0005567928730513,-2.365101808651258e-10,-0.016512,9.76605868734286,17.96,421999.0,7579102.04,0.0050000000000007,17.96,17.95
2019-05-08,KIM,77129,KIMCO REALTY CORP,,,0.00167,-0.436993283861492,0.0005558643690938,4.0007460083277197e-11,-0.001605,5.498356631176852,17.99,421999.0,7591762.01,0.004999999999999,17.99,17.98
2019-05-09,KIM,77129,KIMCO REALTY CORP,,,0.001112,0.0396978667853868,0.0005552470849528,2.5594084197372504e-11,-0.003021,5.7166296602598585,18.01,421999.0,7600201.99,0.0050000000000007,18.03,18.02
2019-05-10,KIM,77129,KIMCO REALTY CORP,,,0.018323,0.5414908398731229,0.0005452562704471,2.6866112057114413e-10,0.00372,8.812132256237573,18.34,421999.0,7739461.66,0.0050000000000007,18.34,18.33
2019-05-13,KIM,77129,KIMCO REALTY CORP,,,-0.013631,0.1168878140839662,0.0005527915975678,-1.8142083854163103e-10,-0.024131,9.842163133087992,18.09,421999.0,7633961.91,0.0050000000000007,18.1,18.09
2019-05-14,KIM,77129,KIMCO REALTY CORP,,,0.006633,-0.3683934277190425,0.0005491488193299,1.3885177313098842e-10,0.008016,6.2163749203197165,18.21,421999.0,7684601.79,0.004999999999999,18.22,18.21
2019-05-15,KIM,77129,KIMCO REALTY CORP,,,-0.005491,0.6731884676728279,0.0005521811154059,-6.907796092147964e-11,0.005839,10.401166827409543,18.11,421999.0,7642401.89,0.0050000000000007,18.12,18.11
2019-05-16,KIM,77129,KIMCO REALTY CORP,,,0.001656,-0.1036349453054052,0.0005512679162073,2.3203027177448198e-11,0.008895,9.32324247213856,18.14,421999.0,7655061.86,0.0050000000000007,18.14,18.13
2019-05-17,KIM,77129,KIMCO REALTY CORP,,,-0.002756,0.0008489225419181,0.0005527915975678,-3.868955364732472e-11,-0.005837,9.331157182836924,18.09,421999.0,7633961.91,0.0050000000000007,18.09,18.08
2019-05-20,KIM,77129,KIMCO REALTY CORP,,,-0.007186,-0.2032397271632274,0.0005567928730513,-1.2752821527866728e-10,-0.006749,7.43469534287996,17.96,421999.0,7579102.04,0.0050000000000007,17.96,17.95
2019-05-21,KIM,77129,KIMCO REALTY CORP,,,0.01559,0.1369023220886878,0.0005482456140351,2.3962025667844003e-10,0.008496,8.452522399342179,18.24,421999.0,7697261.76,0.0050000000000007,18.25,18.24
2019-05-22,KIM,77129,KIMCO REALTY CORP,,,-0.005482,-0.0106494164772428,0.0005512679162071,-8.563548901374313e-11,-0.002824,8.36250796802836,18.14,421999.0,7655061.86,0.004999999999999,18.15,18.14
2019-05-23,KIM,77129,KIMCO REALTY CORP,,,-0.007166,1.2087487283825027,0.0005552470849528,-5.1046834052101046e-11,-0.011914,18.470678840471187,18.01,421999.0,7600201.99,0.0050000000000007,18.01,18.0
2019-05-24,KIM,77129,KIMCO REALTY CORP,,,0.009439,-0.3905061037065622,0.0005500550055006,1.0928699070675532e-10,0.001354,11.25776601366354,18.18,421999.0,7671941.82,0.0050000000000007,18.19,18.18
2019-05-28,KIM,77129,KIMCO REALTY CORP,,,-0.022002,0.1264126669257126,0.000562429696288,-2.3124334258514728e-10,-0.008376,12.680890239076396,17.78,421999.0,7503142.220000001,0.0050000000000007,17.8,17.79
2019-05-29,KIM,77129,KIMCO REALTY CORP,,,-0.026997,0.0003176784507308,0.0005780346820808,-2.915213013681938e-10,-0.006912,12.684918684641431,17.3,421999.0,7300582.7,0.004999999999999,17.31,17.3
2019-05-30,KIM,77129,KIMCO REALTY CORP,,,0.006936,-0.1613962801953213,0.0005740528128586,8.869620533426267e-11,0.002098,10.637619994360175,17.42,421999.0,7351222.580000001,0.004999999999999,17.43,17.42
2019-05-31,KIM,77129,KIMCO REALTY CORP,,,-0.001148,-0.0745108391168316,0.000574712643678,-1.5880545232901434e-11,-0.013195,9.844045588095916,17.4,422040.0,7343495.999999999,0.004999999999999,17.4,17.39
2019-06-03,KIM,77129,KIMCO REALTY CORP,,,0.005172,-0.2401272234191607,0.0005717552887363,9.367001514893536e-11,-0.002765,7.480222253814804,17.49,422040.0,7381479.6,0.004999999999999,17.49,17.48
2019-06-04,KIM,77129,KIMCO REALTY CORP,,,0.007433,0.1819159170250555,0.0005675368898977,1.1305858119539655e-10,0.021432,8.840993744668753,17.62,422040.0,7436344.800000001,0.004999999999999,17.63,17.62
2019-06-05,KIM,77129,KIMCO REALTY CORP,,,0.040863,0.7621150321353176,0.0005452562704471,3.3887689768037827e-10,0.008162,15.57884797649512,18.34,422040.0,7740213.6,0.0050000000000007,18.34,18.33
2019-06-06,KIM,77129,KIMCO REALTY CORP,,,0.000545,-0.3983450995506089,0.0005449591280652,7.50799581061824e-12,0.006136,9.373090228414368,18.35,422040.0,7744434.000000001,0.004999999999999,18.36,18.35
2019-06-07,KIM,77129,KIMCO REALTY CORP,,,-0.00109,-0.2876400563322032,0.0005455537370429,-2.110221920189192e-11,0.010498,6.677014027106435,18.33,422040.0,7735993.199999999,0.004999999999999,18.33,18.32
2019-06-10,KIM,77129,KIMCO REALTY CORP,,,-0.005456,-0.1874812586520707,0.0005485463521666,-1.3071288582503758e-10,0.00466,5.425199033266989,18.23,422040.0,7693789.2,0.004999999999999,18.24,18.23
2019-06-11,KIM,77129,KIMCO REALTY CORP,,,0.004388,1.191880771348996,0.0005461496450028,4.775205408698176e-11,-0.00035,11.891389441759076,18.31,422040.0,7727552.399999999,0.0050000000000007,18.32,18.31
2019-06-12,KIM,77129,KIMCO REALTY CORP,,,0.003823,-0.3759180272272857,0.0005440696409141,6.640961101486324e-11,-0.002038,7.421201781821629,18.38,422040.0,7757095.199999999,0.0050000000000007,18.39,18.38
2019-06-13,KIM,77129,KIMCO REALTY CORP,,,0.019042,0.3966288468488947,0.000533902829685,2.3241594564577987e-10,0.004097,10.364664486778503,18.73,422040.0,7904809.2,0.0050000000000007,18.73,18.72
2019-06-14,KIM,77129,KIMCO REALTY CORP,,,0.0,-0.2386309316021317,0.000533902829685,0.0,-0.001612,7.891334944555019,18.73,422040.0,7904809.2,0.0050000000000007,18.75,18.74
2019-06-17,KIM,77129,KIMCO REALTY CORP,,,0.014949,-0.0406139213844097,0.0005260389268806,2.4611184784714067e-10,0.000932,7.570836887498816,19.01,422040.0,8022980.4,0.0050000000000007,19.01,19.0
2019-06-18,KIM,77129,KIMCO REALTY CORP,,,-0.001052,-0.0049746557018723,0.0005265929436544,-1.742445200138621e-11,0.009717,7.533174580608473,18.99,422040.0,8014539.6,0.004999999999999,18.99,18.98
2019-06-19,KIM,77129,KIMCO REALTY CORP,,,0.004739,-0.2738485597934892,0.0005241090146749,1.0758444619874064e-10,0.002985,5.470225571035921,19.08,422040.0,8052523.199999999,0.004999999999999,19.08,19.07
2019-06-20,KIM,77129,KIMCO REALTY CORP,,,0.002621,0.3884960674055098,0.0005227391531626,4.274138068482641e-11,0.009472,7.595386693204436,19.13,422040.0,8073625.199999999,0.0050000000000007,19.14,19.13
2019-06-21,KIM,77129,KIMCO REALTY CORP,,,-0.012023,0.7811169790460752,0.0005291005291006,-1.1141793254044615e-10,-0.001259,13.528272201687043,18.9,422040.0,7976555.999999999,0.0050000000000007,18.91,18.9
2019-06-24,KIM,77129,KIMCO REALTY CORP,,,-0.013228,-0.5292962291434304,0.0005361930294905,-2.63919649116153e-10,-0.001732,6.367808738508198,18.65,422040.0,7871045.999999999,0.004999999999999,18.65,18.64
2019-06-25,KIM,77129,KIMCO REALTY CORP,,,-0.002145,0.1484157962693537,0.0005373455131648,-3.7345488180920535e-11,-0.009496,7.3128921429248415,18.61,422040.0,7854164.399999999,0.004999999999999,18.61,18.6
2019-06-26,KIM,77129,KIMCO REALTY CORP,,,-0.024718,0.2211174231685304,0.0005509641873279,-3.613570134160078e-10,-0.001234,8.929900009477775,18.15,422040.0,7660025.999999999,0.0050000000000007,18.16,18.15
2019-06-27,KIM,77129,KIMCO REALTY CORP,,,0.013774,-0.381006560487161,0.0005434782608696,3.2088986398239536e-10,0.003823,5.527549521372382,18.4,422040.0,7765535.999999999,0.0050000000000007,18.41,18.4
2019-06-28,KIM,77129,KIMCO REALTY CORP,,,0.004348,1.111645127177222,0.0005411255411254,4.7761766103390226e-11,0.005757,11.672223012036774,18.48,422040.0,7799299.2,0.004999999999999,18.47,18.46
2019-07-01,KIM,77129,KIMCO REALTY CORP,,,-0.013528,0.5029791043503591,0.0005571030640669,-1.0179091257391723e-10,0.007672,17.54310728840868,17.95,422040.0,7575618.0,0.0050000000000007,17.94,17.93
2019-07-02,KIM,77129,KIMCO REALTY CORP,,,0.015042,-0.5411480149699623,0.0005488474204172,2.430101777538156e-10,0.002928,8.049689602881244,18.22,422040.0,7689568.8,0.0050000000000007,18.23,18.22
2019-07-03,KIM,77129,KIMCO REALTY CORP,,,0.00933,-0.582402272869766,0.0005437737901032,3.576094935905414e-10,0.007672,3.361532082267084,18.39,422040.0,7761315.600000001,0.004999999999999,18.4,18.39
2019-07-05,KIM,77129,KIMCO REALTY CORP,,,0.003263,0.5717187765427669,0.000542005420054,7.931493760813672e-11,-0.001806,5.28338309165008,18.45,422040.0,7786638.0,0.004999999999999,18.45,18.44
2019-07-08,KIM,77129,KIMCO REALTY CORP,,,0.010298,0.0078639375118565,0.0005364806866953,2.4583253364154965e-10,-0.004835,5.324931286134016,18.64,422040.0,7866825.600000001,0.0050000000000007,18.64,18.63
2019-07-09,KIM,77129,KIMCO REALTY CORP,,,0.0,0.2312976175325964,0.0005364806866951,0.0,0.001237,6.556575206141598,18.64,422040.0,7866825.600000001,0.004999999999999,18.65,18.64
2019-07-10,KIM,77129,KIMCO REALTY CORP,,,0.002682,0.0337280011795584,0.0005350454788655,5.016635305765866e-11,0.004511,6.777715382428206,18.69,422040.0,7887927.600000001,0.004999999999999,18.7,18.69
2019-07-11,KIM,77129,KIMCO REALTY CORP,,,-0.017121,-0.1294522887346716,0.0005443658138267,-3.7427468286461265e-10,0.002285,5.900324613780684,18.37,422040.0,7752874.800000001,0.004999999999999,18.38,18.37
2019-07-12,KIM,77129,KIMCO REALTY CORP,,,0.001633,-0.2845786216459659,0.0005434782608696,4.9816926304066796e-11,0.00462,4.221218367927211,18.4,422040.0,7765535.999999999,0.0050000000000007,18.41,18.4
2019-07-15,KIM,77129,KIMCO REALTY CORP,,,-0.00163,0.1898835995942798,0.0005443658138267,-4.1858391528363846e-11,0.000176,5.02275850630272,18.37,422040.0,7752874.800000001,0.004999999999999,18.38,18.37
2019-07-16,KIM,77129,KIMCO REALTY CORP,,,-0.003811,0.1025830206080276,0.0005464480874317,-8.910060370673987e-11,-0.003404,5.538008245663918,18.3,422040.0,7723332.0,0.0050000000000007,18.3,18.29
2019-07-17,KIM,77129,KIMCO REALTY CORP,,,-0.005464,0.1754493828459893,0.0005494505494506,-1.0927684758150096e-10,-0.006531,6.509648374561653,18.2,422040.0,7681128.0,0.0050000000000007,18.21,18.2
2019-07-18,KIM,77129,KIMCO REALTY CORP,,,0.001648,0.1239777354902866,0.0005485463521666,2.9275322330447386e-11,0.003582,7.316699838877831,18.23,422040.0,7693789.2,0.004999999999999,18.22,18.21
2019-07-19,KIM,77129,KIMCO REALTY CORP,,,-0.018651,0.0265105539615406,0.0005589714924539,-3.288966950235521e-10,-0.006177,7.5106696047767985,17.89,422040.0,7550295.600000001,0.0050000000000007,17.89,17.88
2019-07-22,KIM,77129,KIMCO REALTY CORP,,,0.015092,0.4046753063202981,0.0005506607929516,1.866477386236872e-10,0.002829,10.550052127760402,18.16,422040.0,7664246.4,0.0050000000000007,18.16,18.15
2019-07-23,KIM,77129,KIMCO REALTY CORP,,,0.026982,0.3507143331991778,0.0005361930294907,2.405600877554856e-10,0.006848,14.250106624964458,18.65,422040.0,7871045.999999999,0.0050000000000007,18.66,18.65
2019-07-24,KIM,77129,KIMCO REALTY CORP,,,0.008043,-0.1621839622288565,0.0005319148936171,8.490628158016459e-11,0.004688,11.938967870344044,18.8,422040.0,7934352.0,0.0050000000000007,18.82,18.81
2019-07-25,KIM,77129,KIMCO REALTY CORP,,,-0.008511,-0.2251144238558904,0.0005364806866953,-1.1694366696684302e-10,-0.005262,9.251333996777555,18.64,422040.0,7866825.600000001,0.0050000000000007,18.64,18.63
2019-07-26,KIM,77129,KIMCO REALTY CORP,,,0.005365,-0.1146443030268415,0.0005336179295623,8.281793143805492e-11,0.007388,8.19072125864847,18.74,422040.0,7909029.6,0.004999999999999,18.74,18.73
2019-07-29,KIM,77129,KIMCO REALTY CORP,,,0.010139,-0.2250058724628356,0.0005282620179609,1.9992648774623946e-10,-0.001616,6.347760875746375,18.93,422040.0,7989217.2,0.0050000000000007,18.94,18.93
2019-07-30,KIM,77129,KIMCO REALTY CORP,,,0.023244,0.1094266573945814,0.0005162622612286,4.037462266550568e-10,-0.002579,7.042375130319401,19.37,422040.0,8174914.800000001,0.004999999999999,19.38,19.37
2019-07-31,KIM,77129,KIMCO REALTY CORP,,,-0.00826,0.9217560000053832,0.0005205622071836,-7.528035652912466e-11,-0.010886,13.531899065854532,19.21,422097.0,8108483.37,0.004999999999999,19.2,19.19
2019-08-01,KIM,77129,KIMCO REALTY CORP,,,-0.010932,-0.4092844009584413,0.0005263157894737,-1.7052834116450267e-10,-0.008999,7.993503862856168,19.0,422097.0,8019843.0,0.0050000000000007,19.01,19.0
2019-08-02,KIM,77129,KIMCO REALTY CORP,,,0.003158,0.0963775113113856,0.0005246589716684,4.478985494297727e-11,-0.007283,8.763897871816194,19.06,422097.0,8045168.819999999,0.0050000000000007,19.07,19.06
2019-08-05,KIM,77129,KIMCO REALTY CORP,,,-0.016264,0.651271148067901,0.0005333333333334,-1.4200319876087715e-10,-0.029778,14.47157170034376,18.75,422097.0,7914318.75,0.0050000000000007,18.75,18.74
2019-08-06,KIM,77129,KIMCO REALTY CORP,,,0.002133,-0.4598015489144714,0.0005321979776477,3.4401927366738835e-11,0.013017,7.817520617298867,18.79,422097.0,7931202.63,0.0050000000000007,18.8,18.79
2019-08-07,KIM,77129,KIMCO REALTY CORP,,,0.003725,0.0281366599671732,0.0005302226935313,5.821735135583575e-11,0.000767,8.037479536694173,18.86,422097.0,7960749.42,0.0050000000000007,18.85,18.84
2019-08-08,KIM,77129,KIMCO REALTY CORP,,,0.011665,-0.1863572909948605,0.0005241090146751,2.2148304718783108e-10,0.018762,6.539636623809219,19.08,422097.0,8053610.759999999,0.0050000000000007,19.09,19.08
2019-08-09,KIM,77129,KIMCO REALTY CORP,,,-0.006813,0.7291082579416244,0.000527704485488,-7.532534108541395e-11,-0.006617,11.307739690166004,18.95,422097.0,7998738.149999999,0.004999999999999,18.95,18.94
2019-08-12,KIM,77129,KIMCO REALTY CORP,,,0.001055,-0.4671636884677296,0.0,2.1867707073053847e-11,-0.012184,6.025174308275112,18.97,422097.0,8007180.09,0.0,18.96,18.96
2019-08-13,KIM,77129,KIMCO REALTY CORP,,,-0.00369,0.2250106951535226,0.0005291005291006,-6.266756217084532e-11,0.014994,7.38090296780124,18.9,422097.0,7977633.3,0.0050000000000007,18.89,18.88
2019-08-14,KIM,77129,KIMCO REALTY CORP,,,-0.025926,0.6015952073804902,0.0005431830526888,-2.8223261922926227e-10,-0.029293,11.821218819370904,18.41,422097.0,7770805.77,0.0050000000000007,18.42,18.41
2019-08-15,KIM,77129,KIMCO REALTY CORP,,,0.005975,-0.4307767138752402,0.0005399568034556,1.135899078268334e-10,0.002464,6.728913022362159,18.52,422097.0,7817236.439999999,0.004999999999999,18.52,18.51
2019-08-16,KIM,77129,KIMCO REALTY CORP,,,0.008099,-0.0716664777164295,0.0005356186395287,1.6452271497937315e-10,0.014426,6.246675527189248,18.67,422097.0,7880550.990000001,0.0050000000000007,18.67,18.66
2019-08-19,KIM,77129,KIMCO REALTY CORP,,,0.01339,0.134457312787978,0.0005285412262157,2.3659745713138737e-10,0.012106,7.08658673243354,18.92,422097.0,7986075.240000001,0.0050000000000007,18.92,18.91
2019-08-20,KIM,77129,KIMCO REALTY CORP,,,-0.02537,-0.118919092399206,0.0005422993492408,-5.220287090307887e-10,-0.007915,6.243856270004288,18.44,422097.0,7783468.680000001,0.0050000000000007,18.46,18.45
2019-08-21,KIM,77129,KIMCO REALTY CORP,,,0.004881,0.0474825963673866,0.0005396654074474,9.541604466733876e-11,0.008247,6.540330777048878,18.53,422097.0,7821457.41,0.0050000000000007,18.55,18.54
2019-08-22,KIM,77129,KIMCO REALTY CORP,,,0.003778,0.48985421570396,0.0005376344086022,4.938479512379187e-11,-0.000506,9.744139380284626,18.6,422097.0,7851004.2,0.0050000000000007,18.6,18.59
2019-08-23,KIM,77129,KIMCO REALTY CORP,,,-0.024194,0.1127673614116506,0.0005509641873279,-2.912533404637313e-10,-0.025946,10.84296026742668,18.15,422097.0,7661060.55,0.0050000000000007,18.17,18.16
2019-08-26,KIM,77129,KIMCO REALTY CORP,,,0.012672,-0.1319468858134134,0.0005440696409141,1.7353745573215554e-10,0.010983,9.412265427141154,18.38,422097.0,7758142.859999999,0.0050000000000007,18.39,18.38
2019-08-27,KIM,77129,KIMCO REALTY CORP,,,-0.009249,-0.053464116415032,0.0005491488193301,-1.3506453241854434e-10,-0.003203,8.909046972615299,18.21,422097.0,7686386.37,0.0050000000000007,18.23,18.22
2019-08-28,KIM,77129,KIMCO REALTY CORP,,,0.003295,-0.1768198863869047,0.0005473453749314,5.826107412112863e-11,0.006545,7.333750299101865,18.27,422097.0,7711712.189999999,0.004999999999999,18.27,18.26
2019-08-29,KIM,77129,KIMCO REALTY CORP,,,0.008758,0.1285107609171087,0.0005425935973956,1.36030256377094e-10,0.012687,8.27621613041552,18.43,422097.0,7779247.71,0.0050000000000007,18.44,18.43
2019-08-30,KIM,77129,KIMCO REALTY CORP,,,-0.002713,-0.1089439239976572,0.0005440696409141,-4.741930251526471e-11,0.000643,7.374572669315347,18.38,422097.0,7758142.859999999,0.0050000000000007,18.39,18.38
2019-09-03,KIM,77129,KIMCO REALTY CORP,,,0.019042,0.1993378919520623,0.0010678056593699,2.723228624596359e-10,-0.006899,8.84460443926396,18.73,422097.0,7905876.81,0.0099999999999997,18.73,18.71
2019-09-04,KIM,77129,KIMCO REALTY CORP,,,0.004805,0.3167447079392096,0.0005313496280551,5.1937556228241505e-11,0.010842,11.64608608921646,18.82,422097.0,7943865.54,0.004999999999999,18.83,18.82
2019-09-05,KIM,77129,KIMCO REALTY CORP,,,0.004782,-0.0901790113385917,0.0005288207297726,5.654182602513879e-11,0.01301,10.595853559726793,18.91,422097.0,7981854.27,0.0050000000000007,18.91,18.9
2019-09-06,KIM,77129,KIMCO REALTY CORP,,,0.023268,0.0740115434888668,0.0005167958656331,2.5033462527270023e-10,0.000911,11.380069036264176,19.35,422097.0,8167576.95,0.0050000000000007,19.35,19.34
2019-09-09,KIM,77129,KIMCO REALTY CORP,,,0.021189,0.2129864663069145,0.0005060728744938,1.8403922817141567e-10,-9.4e-05,13.803869726626818,19.76,422097.0,8340636.720000001,0.004999999999999,19.77,19.76
2019-09-10,KIM,77129,KIMCO REALTY CORP,,,0.017713,0.0246949664399582,0.0004972650422676,1.4752727878517772e-10,0.000322,14.144755826267422,20.11,422097.0,8488370.67,0.0050000000000007,20.12,20.11
2019-09-11,KIM,77129,KIMCO REALTY CORP,,,0.003978,-0.2050735127734735,0.0004952947003467,4.151392261689862e-11,0.00723,11.244041061651703,20.19,422097.0,8522138.43,0.0050000000000007,20.19,20.18
2019-09-12,KIM,77129,KIMCO REALTY CORP,,2023-12-29,0.009906,0.6684012223993041,0.0004904364884748,6.135442779028836e-11,0.002879,18.759571851967674,20.39,422097.0,8606557.83,0.0050000000000007,20.39,20.38
2019-09-13,KIM,77129,KIMCO REALTY CORP,,,-0.013242,-0.2057066369433363,0.000497017892644,-1.046428322504752e-10,-0.000724,14.900603415802529,20.12,422097.0,8492591.64,0.004999999999999,20.13,20.12
2019-09-16,KIM,77129,KIMCO REALTY CORP,,,-0.005467,-0.4426843151283886,0.0004997501249376,-7.794434250903669e-11,-0.003136,8.304339997678259,20.01,422097.0,8446160.97,0.0050000000000007,20.01,20.0
2019-09-17,KIM,77129,KIMCO REALTY CORP,,,0.003498,-0.2517361878811618,0.0004980079681275,6.641772064462748e-11,0.002582,6.2138371037936775,20.08,422097.0,8475707.76,0.0050000000000007,20.1,20.09
2019-09-18,KIM,77129,KIMCO REALTY CORP,,,0.004482,0.3351635363472143,0.0004957858205256,6.345405217634535e-11,0.000343,8.296488721786698,20.17,422097.0,8513696.49,0.0050000000000007,20.17,20.16
2019-09-19,KIM,77129,KIMCO REALTY CORP,,,0.002479,-0.3092506602800804,0.0004945598417407,5.068369916032068e-11,2e-05,5.730794106567922,20.22,422097.0,8534801.34,0.004999999999999,20.22,20.21
2019-09-20,KIM,77129,KIMCO REALTY CORP,,,0.002473,1.2006489589909015,0.0004933399111988,2.2918834361237e-11,-0.004896,12.611466084809887,20.27,422097.0,8555906.19,0.0050000000000007,20.28,20.27
2019-09-23,KIM,77129,KIMCO REALTY CORP,,,-0.003453,-0.3081948624734232,0.0004950495049503,-4.641769646380767e-11,-9.7e-05,8.724677029213664,20.2,422097.0,8526359.4,0.004999999999999,20.2,20.19
2019-09-24,KIM,77129,KIMCO REALTY CORP,,,0.0,-0.2653807302330381,0.0004950495049505,0.0,-0.008416,6.409315868153529,20.2,422097.0,8526359.4,0.0050000000000007,20.21,20.2
2019-09-25,KIM,77129,KIMCO REALTY CORP,,,0.004455,0.2658226116887519,0.0004928536224742,6.411636185174721e-11,0.006159,8.11305695136426,20.29,422097.0,8564348.129999999,0.0050000000000007,20.3,20.29
2019-09-26,KIM,77129,KIMCO REALTY CORP,,,0.02415,0.1428022859999584,0.0004812319538016,2.9696392954153686e-10,-0.002429,9.27162003046693,20.78,422097.0,8771175.66,0.004999999999999,20.79,20.78
2019-09-27,KIM,77129,KIMCO REALTY CORP,,,0.003369,-0.0245413148204316,0.0004796163069545,4.2327067545330856e-11,-0.005316,9.044082284403824,20.85,422097.0,8800722.450000001,0.0050000000000007,20.85,20.84
2019-09-30,KIM,77129,KIMCO REALTY CORP,,,0.001439,0.2724218594465459,0.0004789272030652,1.4188040115960716e-11,0.005048,11.50459004590046,20.88,422218.0,8815911.84,0.0050000000000007,20.87,20.86
2019-10-01,KIM,77129,KIMCO REALTY CORP,,,-0.005268,0.1800928265785819,0.0004880429477794,-4.4851786439042346e-11,-0.012258,13.57648418589449,20.49,422218.0,8651246.819999998,0.0050000000000007,20.5,20.49
2019-10-02,KIM,77129,KIMCO REALTY CORP,,,-0.001464,-0.3991766912597457,0.0004887585532745,-2.077612800685397e-11,-0.017903,8.157068149628865,20.46,422218.0,8638580.280000001,0.004999999999999,20.47,20.46
2019-10-03,KIM,77129,KIMCO REALTY CORP,,,-0.004399,0.27783015457624,0.0004909180166911,-4.9070328520132565e-11,0.007972,10.423347654529175,20.37,422218.0,8600580.66,0.004999999999999,20.38,20.37
2019-10-04,KIM,77129,KIMCO REALTY CORP,,,0.006382,-0.2646611791839215,0.0004878048780488,9.619920367951251e-11,0.014217,7.664692173237522,20.5,422218.0,8655469.0,0.0050000000000007,20.51,20.5
2019-10-07,KIM,77129,KIMCO REALTY CORP,,,0.006341,-0.2594980302338783,0.0004847309743091,1.2826283808005483e-10,-0.004478,5.6757196519333615,20.63,422218.0,8710357.34,0.004999999999999,20.63,20.62
2019-10-08,KIM,77129,KIMCO REALTY CORP,,,-0.003878,0.9693785363073056,0.000486618004866,-3.998610465334576e-11,-0.015561,11.177640460615132,20.55,422218.0,8676579.9,0.004999999999999,20.56,20.55
2019-10-09,KIM,77129,KIMCO REALTY CORP,,,-0.003893,-0.4099435500395071,0.0004885197850511,-6.829456117038595e-11,0.009105,6.595438849125333,20.47,422218.0,8642802.459999999,0.004999999999999,20.47,20.46
2019-10-10,KIM,77129,KIMCO REALTY CORP,,,0.00342,0.1869463747251512,0.0004868549172345,5.037489178585792e-11,0.006416,7.828432231690738,20.54,422218.0,8672357.719999999,0.004999999999999,20.54,20.53
2019-10-11,KIM,77129,KIMCO REALTY CORP,,,0.009737,0.1107395535359065,0.0004821600771456,1.278770591272115e-10,0.010939,8.695349321914271,20.74,422218.0,8756801.319999998,0.0050000000000007,20.76,20.75
2019-10-14,KIM,77129,KIMCO REALTY CORP,,,0.001447,-0.4443244456441297,0.0004814636494945,3.4149705687475834e-11,-0.001387,4.831793054772653,20.77,422218.0,8769467.86,0.0050000000000007,20.78,20.77
2019-10-15,KIM,77129,KIMCO REALTY CORP,,,-0.003852,0.4589210174160691,0.0004833252779121,-6.255311443691877e-11,0.009956,7.049204439412815,20.69,422218.0,8735690.42,0.0050000000000007,20.69,20.68
2019-10-16,KIM,77129,KIMCO REALTY CORP,,,0.000483,-0.0779911037223721,0.0004830917874396,8.50285598785695e-12,-0.002,6.499429204818364,20.7,422218.0,8739912.6,0.0050000000000007,20.71,20.7
2019-10-17,KIM,77129,KIMCO REALTY CORP,,,-0.005314,0.0401100366740325,0.0004856726566293,-9.042196788743784e-11,0.002763,6.760121548583907,20.59,422218.0,8693468.62,0.004999999999999,20.61,20.6
2019-10-18,KIM,77129,KIMCO REALTY CORP,,,0.016027,0.083298735742727,0.0004780114722754,2.4777134107880935e-10,-0.003919,7.323231127048112,20.92,422218.0,8832800.56,0.0050000000000007,20.92,20.91
2019-10-21,KIM,77129,KIMCO REALTY CORP,,,0.014818,0.4963120957309184,0.0004710315591145,1.508613272986188e-10,0.006872,10.957839315235258,21.23,422218.0,8963688.14,0.0050000000000007,21.23,21.22
2019-10-22,KIM,77129,KIMCO REALTY CORP,,,0.007536,-0.3217557094339532,0.000467508181393,1.122747991285736e-10,-0.003569,7.432091952498473,21.39,422218.0,9031243.02,0.004999999999999,21.4,21.39
2019-10-23,KIM,77129,KIMCO REALTY CORP,,,-0.006078,0.5623131948974542,0.0004703668861711,-5.831516601795367e-11,0.002847,11.611255323079549,21.26,422218.0,8976354.680000002,0.004999999999999,21.27,21.26
2019-10-24,KIM,77129,KIMCO REALTY CORP,,,-0.004704,-0.2198958037777199,0.0004725897920605,-5.8127696975001134e-11,0.00192,9.05798900094264,21.16,422218.0,8934132.88,0.0050000000000007,21.16,21.15
2019-10-25,KIM,77129,KIMCO REALTY CORP,,,-0.000473,-0.1225045405269155,0.0004728132387705,-6.6640363588358495e-12,0.004073,7.948344220284308,21.15,422218.0,8929910.7,0.004999999999999,21.15,21.14
2019-10-28,KIM,77129,KIMCO REALTY CORP,,,-0.008983,-0.0045897803711276,0.0004770992366412,-1.2829644277356174e-10,0.005581,7.911863065999081,20.96,422218.0,8849689.280000001,0.0050000000000007,20.96,20.95
2019-10-29,KIM,77129,KIMCO REALTY CORP,,,0.007634,0.4135207845698783,0.0004734848484847,7.654917889865189e-11,-0.000832,11.183582888460464,21.12,422218.0,8917244.16,0.004999999999999,21.11,21.1
2019-10-30,KIM,77129,KIMCO REALTY CORP,,,0.029356,-0.1380583280918103,0.0004599816007358,3.3177354732469155e-10,0.003253,9.639596132803431,21.74,422218.0,9179019.319999998,0.004999999999999,21.74,21.73
2019-10-31,KIM,77129,KIMCO REALTY CORP,,,-0.00828,-0.0060184112524511,0.0004638218923933,-9.493091286789368e-11,-0.003023,9.581240689382405,21.56,422233.0,9103343.48,0.0050000000000007,21.57,21.56
2019-11-01,KIM,77129,KIMCO REALTY CORP,,,0.007885,-0.3996721308233609,0.000460193281178,1.4940995777421058e-10,0.009662,5.75188580712545,21.73,422233.0,9175123.09,0.004999999999999,21.72,21.71
2019-11-04,KIM,77129,KIMCO REALTY CORP,,,-0.015186,0.1037281832271284,0.000467289719626,-2.6473115938880506e-10,0.003704,6.348518472028477,21.4,422233.0,9035786.2,0.004999999999999,21.4,21.39
2019-11-05,KIM,77129,KIMCO REALTY CORP,,,-0.005607,0.3604780951997237,0.0004699248120301,-7.225082629328258e-11,-0.001186,8.637020318165563,21.28,422233.0,8985118.24,0.0050000000000007,21.28,21.27
2019-11-06,KIM,77129,KIMCO REALTY CORP,,,0.005169,-0.3888558160706475,0.0004675081813932,1.0842662765009672e-10,0.000703,5.278464733926529,21.39,422233.0,9031563.87,0.0050000000000007,21.39,21.38
2019-11-07,KIM,77129,KIMCO REALTY CORP,,,-0.023375,0.4469557265937467,0.0004786979415989,-3.4697496395608864e-10,0.00273,7.637704774378128,20.89,422233.0,8820447.370000001,0.0050000000000007,20.89,20.88
2019-11-08,KIM,77129,KIMCO REALTY CORP,,,-0.001915,-0.3216096295967833,0.0004796163069545,-4.1982471726134366e-11,0.002561,5.181345370920795,20.85,422233.0,8803558.05,0.0050000000000007,20.85,20.84
2019-11-11,KIM,77129,KIMCO REALTY CORP,,,0.001918,0.7767261574185174,0.0004786979415989,2.362081900533718e-11,-0.001962,9.205831851134326,20.89,422233.0,8820447.370000001,0.0050000000000007,20.89,20.88
2019-11-12,KIM,77129,KIMCO REALTY CORP,,,-0.007659,-0.0318206352138381,0.0004823926676315,-9.817518635516392e-11,0.001565,8.91289643395945,20.73,422233.0,8752890.09,0.0050000000000007,20.73,20.72
2019-11-13,KIM,77129,KIMCO REALTY CORP,,,0.015437,-0.0235518168935453,0.0004750593824227,1.9956784570057977e-10,0.000712,8.702981529155704,21.05,422233.0,8888004.65,0.004999999999999,21.06,21.05
2019-11-14,KIM,77129,KIMCO REALTY CORP,,,0.024228,0.3557210058219939,0.0004638218923933,2.2556839456405404e-10,0.000837,11.798814872357203,21.56,422233.0,9103343.48,0.0050000000000007,21.57,21.56
2019-11-15,KIM,77129,KIMCO REALTY CORP,,,-0.001391,-0.4293299535975498,0.0004644681839294,-2.2725186839983952e-11,0.007695,6.733230230702006,21.53,422233.0,9090676.49,0.0050000000000007,21.53,21.52
2019-11-18,KIM,77129,KIMCO REALTY CORP,,,0.011147,0.0512931446870057,0.0004593477262288,1.7131685851302868e-10,0.000503,7.078598783136325,21.77,422233.0,9192012.41,0.0050000000000007,21.78,21.77
2019-11-19,KIM,77129,KIMCO REALTY CORP,,,-0.004593,-0.1636074863039502,0.0004614674665436,-8.478673802505352e-11,-0.000593,5.92048702967319,21.67,422233.0,9149789.11,0.0050000000000007,21.67,21.66
2019-11-20,KIM,77129,KIMCO REALTY CORP,,,-0.010614,0.7071471002970209,0.0004664179104478,-1.1600420992589779e-10,-0.003756,10.107142265052708,21.44,422233.0,9052675.52,0.0050000000000007,21.44,21.43
2019-11-21,KIM,77129,KIMCO REALTY CORP,,,-0.004664,-0.0290514342005951,0.0004686035613871,-5.274573522740615e-11,-0.001583,9.813515286583474,21.34,422233.0,9010452.22,0.0050000000000007,21.34,21.33
2019-11-22,KIM,77129,KIMCO REALTY CORP,,,-0.001874,-0.2537579731585413,0.0004694835680751,-2.845335633931434e-11,0.002175,7.32325753789969,21.3,422233.0,8993562.9,0.0050000000000007,21.3,21.29
2019-11-25,KIM,77129,KIMCO REALTY CORP,,,0.006103,0.2034926835010662,0.0004666355576293,7.652815872252602e-11,0.007507,8.813486866256309,21.43,422233.0,9048453.19,0.004999999999999,21.43,21.42
2019-11-26,KIM,77129,KIMCO REALTY CORP,,,0.007,0.3173022119690596,0.0004633920296569,6.617001665395717e-11,0.002196,11.61002574407969,21.58,422233.0,9111788.14,0.004999999999999,21.58,21.57
2019-11-27,KIM,77129,KIMCO REALTY CORP,,,0.003707,-0.0513959629027019,0.0004616805170822,3.68038972381672e-11,0.004174,11.013317291637556,21.66,422233.0,9145566.78,0.0050000000000007,21.67,21.66
2019-11-29,KIM,77129,KIMCO REALTY CORP,,,-0.001847,-0.5640286216508329,0.0004625346901018,-4.2138871699281336e-11,-0.004011,4.801491119831941,21.62,422233.0,9128677.46,0.0050000000000007,21.62,21.61
2019-12-02,KIM,77129,KIMCO REALTY CORP,,,-0.026827,0.8541710648591165,0.0004752851711027,-3.391940858773121e-10,-0.008631,8.902785902570383,21.04,422233.0,8883782.32,0.0050000000000007,21.05,21.04
2019-12-03,KIM,77129,KIMCO REALTY CORP,,,0.005703,0.2808903845386468,0.0004725897920605,5.59754560163164e-11,-0.006638,11.40349285820862,21.16,422233.0,8934450.28,0.0050000000000007,21.16,21.15
2019-12-04,KIM,77129,KIMCO REALTY CORP,,,0.005199,0.0900941259594374,0.0004701457451809,4.656914454694643e-11,0.006324,12.430880580153612,21.27,422233.0,8980895.91,0.004999999999999,21.27,21.26
2019-12-05,KIM,77129,KIMCO REALTY CORP,,,-0.003761,-0.4928900868934339,0.0004719207173195,-6.668316567638819e-11,0.0015,6.303822770839797,21.19,422233.0,8947117.270000001,0.0050000000000007,21.19,21.18
2019-12-06,KIM,77129,KIMCO REALTY CORP,,,-0.000472,0.217293425736057,0.0004721435316335,-6.878038440512826e-12,0.009136,7.67360201594854,21.18,422233.0,8942894.94,0.004999999999999,21.18,21.17
2019-12-09,KIM,77129,KIMCO REALTY CORP,,,0.002361,-0.2218365283477281,0.0004710315591145,4.4108644159480515e-11,-0.003163,5.971316784808388,21.23,422233.0,8964006.59,0.0050000000000007,21.23,21.22
2019-12-10,KIM,77129,KIMCO REALTY CORP,,,-0.002826,0.3275795258532645,0.0004723665564478,-3.988122308829513e-11,-0.001097,7.92739790589556,21.17,422233.0,8938672.610000001,0.0050000000000007,21.17,21.16
2019-12-11,KIM,77129,KIMCO REALTY CORP,,,-0.01606,0.1691961870322409,0.00048007681229,-1.9700899249827932e-10,0.002908,9.26868340466046,20.83,422233.0,8795113.389999999,0.0050000000000007,20.84,20.83
2019-12-12,KIM,77129,KIMCO REALTY CORP,,,-0.019683,0.0333227376516016,0.0004897159647405,-2.38357788787565e-10,0.008575,9.577541310129716,20.42,422233.0,8621997.860000001,0.0050000000000007,20.42,20.41
2019-12-13,KIM,77129,KIMCO REALTY CORP,,,-0.005387,0.1287371221334368,0.0004923682914819,-5.810828218121498e-11,7.3e-05,10.81052641550992,20.31,422233.0,8575552.229999999,0.004999999999999,20.31,20.3
2019-12-16,KIM,77129,KIMCO REALTY CORP,,,0.004431,0.0144548402354574,0.0004901960784314,4.6907236617263774e-11,0.007148,10.966790847707308,20.4,422233.0,8613553.2,0.0050000000000007,20.41,20.4
2019-12-17,KIM,77129,KIMCO REALTY CORP,,,0.0,0.1384503452188417,0.0004901960784314,0.0,0.000335,12.485146826515216,20.4,422233.0,8613553.2,0.0050000000000007,20.39,20.38
2019-12-18,KIM,77129,KIMCO REALTY CORP,,,0.008824,-0.1223615189274079,0.0004859086491738,9.26741571352362e-11,-0.000432,10.957445296791107,20.58,422233.0,8689555.139999999,0.004999999999999,20.58,20.57
2019-12-19,KIM,77129,KIMCO REALTY CORP,,,-0.001944,0.0241856051804836,0.0004868549172345,-1.997356878737343e-11,0.004459,11.222457742526046,20.54,422233.0,8672665.82,0.004999999999999,20.54,20.53
2019-12-20,KIM,77129,KIMCO REALTY CORP,,,-0.000487,0.1795172388177504,0.0004870920603994,-4.244197327465912e-12,0.004945,13.237082369213208,20.53,422233.0,8668443.49,0.0050000000000007,20.53,20.52
2019-12-23,KIM,77129,KIMCO REALTY CORP,,,-0.010229,-0.5681849045281262,0.0004921259842518,-2.0857738117174702e-10,0.000866,5.715971987030858,20.32,422233.0,8579774.56,0.004999999999999,20.33,20.32
2019-12-24,KIM,77129,KIMCO REALTY CORP,,,0.001969,-0.4794942721523183,0.0004911591355598,7.698394539815965e-11,-0.000195,2.9751961594664555,20.36,422233.0,8596663.879999999,0.004999999999999,20.38,20.37
2019-12-26,KIM,77129,KIMCO REALTY CORP,,,0.004912,0.5300590817257405,0.0004887585532745,1.2490411600256175e-10,0.005128,4.552225903707195,20.46,422233.0,8638887.18,0.004999999999999,20.47,20.46
2019-12-27,KIM,77129,KIMCO REALTY CORP,,,0.014663,-0.0670027574007595,0.0004816955684008,3.938575240844884e-10,3.4e-05,4.247214215847648,20.76,422233.0,8765557.08,0.0050000000000007,20.76,20.75
2019-12-30,KIM,77129,KIMCO REALTY CORP,,,0.000482,0.0239322282656577,0.0004814636494945,1.263813499908134e-11,-0.005781,4.348859515954461,20.77,422233.0,8769779.41,0.0050000000000007,20.78,20.77
2019-12-31,KIM,77129,KIMCO REALTY CORP,,,0.010592,0.3544976887452129,0.0004828585224528,2.0563264100035472e-10,0.002946,5.890520163037944,20.71,422233.0,8744445.43,0.004999999999999,20.72,20.71
2020-01-02,KIM,77129,KIMCO REALTY CORP,,,-0.053597,2.0035534333773457,0.0005102040816327,-3.6605237400082116e-10,0.008379,17.6924920600711,19.6,422233.0,8275766.800000001,0.0050000000000007,19.6,19.59
2020-01-03,KIM,77129,KIMCO REALTY CORP,,,0.010714,-0.4441561939367264,0.0005047955577989,1.3024864489408322e-10,-0.00706,9.834262125414169,19.81,422233.0,8364435.729999999,0.004999999999999,19.81,19.8
2020-01-06,KIM,77129,KIMCO REALTY CORP,,,0.013125,-0.2157643262249088,0.0004982561036373,2.0082204850783002e-10,0.003533,7.71237918400504,20.07,422233.0,8474216.31,0.0050000000000007,20.07,20.06
2020-01-07,KIM,77129,KIMCO REALTY CORP,,,-0.011958,-0.140764354486106,0.0005042864346948,-2.1551772927916487e-10,-0.002803,6.626751106616489,19.83,422233.0,8372880.39,0.004999999999999,19.83,19.82
2020-01-08,KIM,77129,KIMCO REALTY CORP,,,-0.004034,0.2090154047504087,0.0005063291139241,-6.03787513119684e-11,0.004902,8.011844171346153,19.75,422233.0,8339101.75,0.0050000000000007,19.76,19.75
2020-01-09,KIM,77129,KIMCO REALTY CORP,,,-0.021266,0.3604338334518226,0.0005173305742368,-2.3905171549129307e-10,0.006655,10.899583879043089,19.33,422233.0,8161763.89,0.004999999999999,19.33,19.32
2020-01-10,KIM,77129,KIMCO REALTY CORP,,,0.003621,-0.3089720401098266,0.0005154639175258,5.869067227216777e-11,-0.002855,7.531917211586967,19.4,422233.0,8191320.199999999,0.0050000000000007,19.41,19.4
2020-01-13,KIM,77129,KIMCO REALTY CORP,,,0.018041,0.5593599696122034,0.0005063291139241,1.841999103933444e-10,0.006976,11.744970194181883,19.75,422233.0,8339101.75,0.0050000000000007,19.76,19.75
2020-01-14,KIM,77129,KIMCO REALTY CORP,,,0.014684,0.0491825757584922,0.000499001996008,1.4082880601138334e-10,-0.001515,12.32261808053847,20.04,422233.0,8461549.32,0.0050000000000007,20.05,20.04
2020-01-15,KIM,77129,KIMCO REALTY CORP,,,0.009481,-0.3846674697905984,0.0004943153732081,1.4638387090725559e-10,0.00187,7.582507762301857,20.23,422233.0,8541773.59,0.0050000000000007,20.23,20.22
2020-01-16,KIM,77129,KIMCO REALTY CORP,,,0.005437,-0.2514798139046753,0.0004916420845625,1.1154236050584712e-10,0.008367,5.67566012130743,20.34,422233.0,8588219.22,0.0050000000000007,20.34,20.33
2020-01-17,KIM,77129,KIMCO REALTY CORP,,,-0.003441,0.3885040837471745,0.0004933399111987,-5.1017034335125655e-11,0.003862,7.88067725639635,20.27,422233.0,8558662.91,0.004999999999999,20.27,20.26
2020-01-21,KIM,77129,KIMCO REALTY CORP,,,0.006907,0.0488378299266532,0.0004899559039687,9.696665028776355e-11,-0.002652,8.265552431951079,20.41,422233.0,8617775.53,0.0050000000000007,20.41,20.4
2020-01-22,KIM,77129,KIMCO REALTY CORP,,,-0.00343,-0.2336030285482275,0.0004916420845625,-6.304713171708124e-11,0.000289,6.33469435122314,20.34,422233.0,8588219.22,0.0050000000000007,20.35,20.34
2020-01-23,KIM,77129,KIMCO REALTY CORP,,,0.005408,-0.2031758873929465,0.0004889975550123,1.240803657102666e-10,0.001141,5.047637205050292,20.45,422233.0,8634664.85,0.0050000000000007,20.46,20.45
2020-01-24,KIM,77129,KIMCO REALTY CORP,,,-0.00489,-0.0870336544394234,0.0004914004914003,-1.2349499908769014e-10,-0.009042,4.608322892810368,20.35,422233.0,8592441.55,0.004999999999999,20.36,20.35
2020-01-27,KIM,77129,KIMCO REALTY CORP,,,-0.010811,0.1811941292619023,0.0004967709885743,-2.336714956713054e-10,-0.015731,5.443323946730834,20.13,422233.0,8499550.29,0.0050000000000007,20.14,20.13
2020-01-28,KIM,77129,KIMCO REALTY CORP,,,0.003477,-0.1580772475570528,0.0004950495049505,8.895384415534153e-11,0.010054,4.582858279670229,20.2,422233.0,8529106.6,0.0050000000000007,20.21,20.2
2020-01-29,KIM,77129,KIMCO REALTY CORP,,,-0.006931,0.6002866099510396,0.0004985044865404,-1.1157800665861803e-10,-0.000867,7.333886740259525,20.06,422233.0,8469993.979999999,0.0050000000000007,20.07,20.06
2020-01-30,KIM,77129,KIMCO REALTY CORP,,,-0.035394,2.1945276268330938,0.0005167958656331,-1.849079812476256e-10,0.003134,23.428303803823955,19.35,422233.0,8170208.550000001,0.0050000000000007,19.35,19.34
2020-01-31,KIM,77129,KIMCO REALTY CORP,,,-0.015504,-0.0790951216832085,0.0005249343832021,-8.933897925026662e-11,-0.017706,21.096483447772773,19.05,431815.0,8226075.75,0.0050000000000007,19.03,19.02
2020-02-03,KIM,77129,KIMCO REALTY CORP,,,0.006824,-0.4160698537329889,0.000521376433785,6.688392093184696e-11,0.007255,12.318872665377535,19.18,431815.0,8282211.7,0.004999999999999,19.2,19.19
2020-02-04,KIM,77129,KIMCO REALTY CORP,,,0.013034,-0.3456618079155946,0.0005146680391146,1.9272318121953914e-10,0.01498,8.060708868381136,19.43,431815.0,8390165.45,0.004999999999999,19.43,19.42
2020-02-05,KIM,77129,KIMCO REALTY CORP,,,0.014925,0.0604280417785323,0.0005070993914808,2.0504787143913863e-10,0.011251,8.547801720644257,19.72,431815.0,8515391.799999999,0.0050000000000007,19.73,19.72
2020-02-06,KIM,77129,KIMCO REALTY CORP,,,-0.002535,-0.3480761264555065,0.0005083884087443,-5.3558025121047075e-11,0.003326,5.57251600801269,19.67,431815.0,8493801.05,0.0050000000000007,19.66,19.65
2020-02-07,KIM,77129,KIMCO REALTY CORP,,,-0.002542,0.74594480479542,0.0005096839959226,-3.0838765456912125e-11,-0.005401,9.729305373829073,19.62,431815.0,8472210.3,0.0050000000000007,19.62,19.61
2020-02-10,KIM,77129,KIMCO REALTY CORP,,,0.004077,-0.0588152125790834,0.0005076142131978,5.233835000205156e-11,0.007326,9.157074210020497,19.7,431815.0,8506755.5,0.004999999999999,19.7,19.69
2020-02-11,KIM,77129,KIMCO REALTY CORP,,,-0.029442,0.0762227243092215,0.0005230125523011,-3.6184519036990336e-10,0.001688,9.85505135300997,19.12,431815.0,8256302.800000001,0.004999999999999,19.13,19.12
2020-02-12,KIM,77129,KIMCO REALTY CORP,,,-0.018305,0.582063601985074,0.0005327650506125,-1.4485213661457562e-10,0.006463,15.591318041290831,18.77,431815.0,8105167.55,0.004999999999999,18.77,18.76
2020-02-13,KIM,77129,KIMCO REALTY CORP,,,0.008524,-0.5378964777911539,0.0005282620179608,1.447348093111399e-10,-0.00163,7.20480298275882,18.93,431815.0,8174257.95,0.004999999999999,18.93,18.92
2020-02-14,KIM,77129,KIMCO REALTY CORP,,,0.017433,0.0148379598231132,0.0005192107995847,2.866812635826718e-10,0.001844,7.311707559950442,19.26,431815.0,8316756.9,0.0050000000000007,19.26,19.25
2020-02-18,KIM,77129,KIMCO REALTY CORP,,,-0.009865,-0.169039101385517,0.0005243838489773,-1.971738292947644e-10,-0.00292,6.075743084422728,19.07,431815.0,8234712.05,0.004999999999999,19.08,19.07
2020-02-19,KIM,77129,KIMCO REALTY CORP,,,-0.026744,0.1811596826799237,0.0005387931034481,-4.649889705116931e-10,0.004706,7.17642277364149,18.56,431815.0,8014486.399999999,0.004999999999999,18.56,18.55
2020-02-20,KIM,77129,KIMCO REALTY CORP,,,0.021552,0.0298707245536864,0.0005274261603376,3.5617283436713423e-10,-0.003816,7.390787721593738,18.96,431815.0,8187212.4,0.0050000000000007,18.96,18.95
2020-02-21,KIM,77129,KIMCO REALTY CORP,,,0.005802,-0.0595023645969406,0.0005243838489775,1.0136333018720216e-10,-0.010518,6.951018375924876,19.07,431815.0,8234712.05,0.0050000000000007,19.09,19.08
2020-02-24,KIM,77129,KIMCO REALTY CORP,,,-0.005244,0.2865302440002746,0.0005271481286242,-7.15861804724222e-11,-0.033514,8.942695367229021,18.97,431815.0,8191530.55,0.0050000000000007,18.98,18.97
2020-02-25,KIM,77129,KIMCO REALTY CORP,,,-0.020559,0.0067871006502502,0.0005382131324005,-2.846115189859469e-10,-0.03028,9.003390340770933,18.58,431815.0,8023122.699999999,0.0050000000000007,18.59,18.58
2020-02-26,KIM,77129,KIMCO REALTY CORP,,,-0.016146,-0.0152284107280237,0.00054704595186,-2.3070098158046666e-10,-0.003779,8.86628301471695,18.28,431815.0,7893578.2,0.0050000000000007,18.28,18.27
2020-02-27,KIM,77129,KIMCO REALTY CORP,,,-0.032823,0.6055643403296354,0.0005656108597283,-3.0201532716108847e-10,-0.044163,14.235387839699872,17.68,431815.0,7634489.2,0.004999999999999,17.68,17.67
2020-02-28,KIM,77129,KIMCO REALTY CORP,,,-0.018665,0.5350297882530395,0.0005763688760805,-1.1401045508002468e-10,-0.008238,21.851440759018203,17.35,431821.0,7492094.350000001,0.004999999999999,17.33,17.32
2020-03-02,KIM,77129,KIMCO REALTY CORP,,,0.027089,-0.3686802471960577,0.0005611672278337,2.5518318858044587e-10,0.046039,13.795246178393365,17.82,431821.0,7695050.22,0.004999999999999,17.83,17.82
2020-03-03,KIM,77129,KIMCO REALTY CORP,,,-0.003367,0.394823501526,0.0005630630630631,-2.2816429578388888e-11,-0.028108,19.2419335789598,17.76,431821.0,7669140.960000001,0.0050000000000007,17.78,17.77
2020-03-04,KIM,77129,KIMCO REALTY CORP,,,0.029279,-0.471624926541126,0.0005470459518598,3.64825559414484e-10,0.042203,10.16695806827366,18.28,431821.0,7893687.880000001,0.004999999999999,18.29,18.28
2020-03-05,KIM,77129,KIMCO REALTY CORP,,,-0.022429,0.1529100705053361,0.0005595970900952,-2.4796771184574813e-10,-0.033922,11.72158834331818,17.87,431821.0,7716641.27,0.0050000000000007,17.89,17.88
2020-03-06,KIM,77129,KIMCO REALTY CORP,,,-0.030218,-0.2866044284566151,0.0005770340450087,-4.828881201412361e-10,-0.017054,8.36212921557775,17.33,431821.0,7483457.93,0.0050000000000007,17.34,17.33
2020-03-09,KIM,77129,KIMCO REALTY CORP,,,-0.101558,0.6727680276315633,0.0006422607578676,-1.0798642783770806e-09,-0.07597,13.987902394742266,15.57,431821.0,6723452.97,0.0049999999999998,15.57,15.56
2020-03-10,KIM,77129,KIMCO REALTY CORP,,,0.039178,-0.1911495678173327,0.0006180469715697,4.95608984473244e-10,0.049396,11.314120897316249,16.18,431821.0,6986863.78,0.004999999999999,16.18,16.17
2020-03-11,KIM,77129,KIMCO REALTY CORP,,,-0.0822,0.6236902782113014,0.0006734006734006,-6.977785254194546e-10,-0.048868,18.37062810747972,14.85,431821.0,6412541.85,0.0049999999999998,14.86,14.85
2020-03-12,KIM,77129,KIMCO REALTY CORP,,,-0.143434,0.2294209766182857,0.0015723270440251,-1.156209718443863e-09,-0.095113,22.585235548989047,12.72,431821.0,5492763.12,0.0099999999999997,12.73,12.71
2020-03-13,KIM,77129,KIMCO REALTY CORP,,,0.039308,-0.0731670429525779,0.0007564296520423,3.2894223637875233e-10,0.092871,20.93274064948208,13.22,431821.0,5708673.62,0.0049999999999998,13.23,13.22
2020-03-16,KIM,77129,KIMCO REALTY CORP,,,-0.198185,0.1992798696609887,0.000943396226415,-1.724703800212623e-09,-0.119841,25.104214477758145,10.6,431821.0,4577302.6,0.0049999999999998,10.6,10.59
2020-03-17,KIM,77129,KIMCO REALTY CORP,,,0.024528,-0.0448087994246035,0.0009208103130754,2.1811804870637492e-10,0.059955,23.97932476651205,10.86,431821.0,4689576.06,0.0049999999999998,10.86,10.85
2020-03-18,KIM,77129,KIMCO REALTY CORP,,,-0.101289,-0.2397923431660906,0.0010245901639344,-1.3183766964365631e-09,-0.051831,18.229266293209456,9.76,431821.0,4214572.96,0.0049999999999998,9.76,9.75
2020-03-19,KIM,77129,KIMCO REALTY CORP,,,0.050205,-0.2762462873708361,0.0009756097560975,8.59724599583974e-10,0.004708,13.19349915821602,10.25,431821.0,4426165.25,0.0049999999999998,10.25,10.24
2020-03-20,KIM,77129,KIMCO REALTY CORP,,,0.037073,1.4246409219919154,0.0009407337723424,2.5247203665489504e-10,-0.04336,31.98949796327645,10.63,431821.0,4590257.23,0.0049999999999998,10.62,10.61
2020-03-23,KIM,77129,KIMCO REALTY CORP,,,-0.11477,-0.2767576941706651,0.0010626992561104,-1.2207978419064855e-09,-0.029294,23.136158269282877,9.41,431821.0,4063435.61,0.0049999999999998,9.43,9.42
2020-03-24,KIM,77129,KIMCO REALTY CORP,,,0.114772,-0.1858251075827779,0.0009532888465204,1.3450788709940587e-09,0.093828,18.836879169841207,10.49,431821.0,4529802.29,0.0049999999999998,10.49,10.48
2020-03-25,KIM,77129,KIMCO REALTY CORP,,,0.06673,-0.1620806573758076,0.000893655049151,8.749356482077312e-10,0.011535,15.783785411084686,11.19,431821.0,4832076.99,0.0049999999999998,11.2,11.19
2020-03-26,KIM,77129,KIMCO REALTY CORP,,,0.011618,0.0400896743874865,0.0008833922261483,1.4477688686931586e-10,0.062414,16.416552228817032,11.32,431821.0,4888213.72,0.0049999999999998,11.31,11.3
2020-03-27,KIM,77129,KIMCO REALTY CORP,,,-0.081272,-0.0020214382483765,0.0009615384615384,-1.104588924931945e-09,-0.033687,16.383367182235233,10.4,431821.0,4490938.4,0.0049999999999998,10.4,10.39
2020-03-30,KIM,77129,KIMCO REALTY CORP,,,-0.028846,0.3305166225139164,0.0009900990099009,-3.0341496498775797e-10,0.033516,21.79834236871296,10.1,431821.0,4361392.1,0.0049999999999998,10.1,10.09
2020-03-31,KIM,77129,KIMCO REALTY CORP,,,-0.042574,0.1878417487678187,0.0020682523267838,-3.937605185471649e-10,-0.016013,25.851732907909643,9.67,432510.0,4182371.7,0.0099999999999997,9.66,9.64
2020-04-01,KIM,77129,KIMCO REALTY CORP,,,-0.11272,-0.1937063980904261,0.0012048192771086,-1.506412326318824e-09,-0.044142,20.84408684192273,8.3,432510.0,3589833.0000000005,0.0050000000000007,8.3,8.29
2020-04-02,KIM,77129,KIMCO REALTY CORP,,,-0.066265,-0.0313235002455831,0.0012903225806451,-9.790947208798055e-10,0.022829,20.191177082610807,7.75,432510.0,3351952.5,0.0049999999999998,7.75,7.74
2020-04-03,KIM,77129,KIMCO REALTY CORP,,,0.002581,-0.0375392510562945,0.0012870012870012,3.9520840086213794e-11,-0.015137,19.433215416984577,7.77,432510.0,3360602.7,0.0049999999999998,7.77,7.76
2020-04-06,KIM,77129,KIMCO REALTY CORP,,,0.114543,0.0818301118611883,0.0011547344110854,1.4546240979196147e-09,0.070331,21.023437608379,8.66,432510.0,3745536.6,0.0049999999999998,8.65,8.64
2020-04-07,KIM,77129,KIMCO REALTY CORP,,,0.056582,0.3216033438151988,0.0010928961748633,5.145838927035634e-10,-0.001603,27.78464544172389,9.15,432510.0,3957466.5,0.0049999999999998,9.15,9.14
2020-04-08,KIM,77129,KIMCO REALTY CORP,,,0.052459,-0.4818692671973366,0.0010384215991692,8.748898034773655e-10,0.034056,14.39607870338258,9.63,432510.0,4165071.3,0.0049999999999998,9.62,9.61
2020-04-09,KIM,77129,KIMCO REALTY CORP,,,0.123572,0.6508731784156874,0.0009242144177448,1.1110631347562254e-09,0.014487,23.76610020577559,10.82,432510.0,4679758.2,0.0049999999999998,10.82,10.81
2020-04-13,KIM,77129,KIMCO REALTY CORP,,,-0.024954,-0.4071622780102024,0.0009478672985783,-3.881484035101831e-10,-0.010105,14.089440706573258,10.55,432510.0,4562980.5,0.0050000000000007,10.55,10.54
2020-04-14,KIM,77129,KIMCO REALTY CORP,,,0.017062,-0.0801682162136615,0.0009319664492078,2.8368207614452927e-10,0.030573,12.95991537767913,10.73,432510.0,4640832.3,0.0049999999999998,10.73,10.72
2020-04-15,KIM,77129,KIMCO REALTY CORP,,,-0.095061,-0.0502016576118322,0.0010298661174048,-1.8388801398263402e-09,-0.02203,12.30930614321056,9.71,432510.0,4199672.100000001,0.0050000000000007,9.71,9.7
2020-04-16,KIM,77129,KIMCO REALTY CORP,,,-0.126674,0.3612422702313229,0.0011792452830188,-2.061230116827621e-09,0.005817,16.755947839356317,8.48,432510.0,3667684.8,0.0049999999999998,8.48,8.47
2020-04-17,KIM,77129,KIMCO REALTY CORP,,,0.051887,0.0148023040892824,0.0011210762331838,7.909465016225108e-10,0.026794,17.003974474578623,8.92,432510.0,3857989.2,0.0049999999999998,8.93,8.92
2020-04-20,KIM,77129,KIMCO REALTY CORP,,,-0.040359,0.5051549489699281,0.0011682242990653,-4.25930582072455e-10,-0.017881,25.593616332570345,8.56,432510.0,3702285.6,0.0049999999999998,8.56,8.55
2020-04-21,KIM,77129,KIMCO REALTY CORP,,,-0.030374,-0.4511898690952026,0.0012048192771084,-6.0238474908098e-10,-0.030675,14.046035929805091,8.3,432510.0,3589833.0000000005,0.0049999999999998,8.31,8.3
2020-04-22,KIM,77129,KIMCO REALTY CORP,,,0.003614,0.0743152608924599,0.0012004801920768,6.647547872626861e-11,0.02293,15.089870754433424,8.33,432510.0,3602808.3,0.0049999999999998,8.34,8.33
2020-04-23,KIM,77129,KIMCO REALTY CORP,,,0.037215,0.1338578599314794,0.0011574074074073,5.82054957654439e-10,-0.000539,17.109768560264502,8.64,432510.0,3736886.4,0.0049999999999998,8.65,8.64
2020-04-24,KIM,77129,KIMCO REALTY CORP,,,-0.00463,0.2909370977275314,0.0011627906976743,-5.635561198398218e-11,0.013918,22.087634967977618,8.6,432510.0,3719586.0,0.0049999999999998,8.61,8.6
2020-04-27,KIM,77129,KIMCO REALTY CORP,,,0.081395,0.1358873951481625,0.0010752688172042,8.065552626120151e-10,0.014714,25.089066148759567,9.3,432510.0,4022343.000000001,0.0049999999999998,9.31,9.3
2020-04-28,KIM,77129,KIMCO REALTY CORP,,,0.091398,-0.1501677407035783,0.0009852216748768,9.764652395610131e-10,-0.005242,21.32149776883772,10.15,432510.0,4389976.5,0.0049999999999998,10.16,10.15
2020-04-29,KIM,77129,KIMCO REALTY CORP,,,0.102463,-0.1879821001650335,0.000893655049151,1.2228058721602854e-09,0.026584,17.313437839587525,11.19,432510.0,4839786.899999999,0.0049999999999998,11.19,11.18
2020-04-30,KIM,77129,KIMCO REALTY CORP,,,-0.025022,0.2028638257212813,0.0009165902841429,-2.5462517448101803e-10,-0.009212,20.825708076113848,10.91,432510.0,4718684.1,0.0049999999999998,10.9,10.89
2020-05-01,KIM,77129,KIMCO REALTY CORP,,,-0.028414,-0.152268147920021,0.000943396226415,-3.510525079023632e-10,-0.028059,17.654616078240966,10.6,432510.0,4584606.0,0.0049999999999998,10.61,10.6
2020-05-04,KIM,77129,KIMCO REALTY CORP,,,-0.018868,-0.2765035167247746,0.0009615384615384,-3.2839888424303443e-10,0.00425,12.773052646181592,10.4,432510.0,4498104.0,0.0049999999999998,10.42,10.41
2020-05-05,KIM,77129,KIMCO REALTY CORP,,,-0.001923,-0.337218590804951,0.0009633911368016,-5.0596532806048306e-11,0.009041,8.465741832558784,10.38,432510.0,4489453.800000001,0.0050000000000007,10.38,10.37
2020-05-06,KIM,77129,KIMCO REALTY CORP,,,-0.05395,0.6828640470974061,0.0010183299389001,-8.915993753756547e-10,-0.006979,14.246692562021687,9.82,432510.0,4247248.2,0.0049999999999998,9.82,9.81
2020-05-07,KIM,77129,KIMCO REALTY CORP,,,0.023422,0.0036229455599037,0.0009950248756218,3.76857469215564e-10,0.011505,14.298307553582577,10.05,432510.0,4346725.5,0.0049999999999998,10.04,10.03
2020-05-08,KIM,77129,KIMCO REALTY CORP,,,0.084577,0.2928759455001253,0.0009174311926605,9.70483454347186e-10,0.016872,18.48593789738965,10.9,432510.0,4714359.0,0.0049999999999998,10.9,10.89
2020-05-11,KIM,77129,KIMCO REALTY CORP,,,-0.074312,0.5173009872109462,0.0009910802775024,-6.070974383307994e-10,0.000177,28.04873182122957,10.09,432510.0,4364025.9,0.0049999999999998,10.09,10.08
2020-05-12,KIM,77129,KIMCO REALTY CORP,,,-0.070367,-0.2271170488181989,0.0010660980810234,-8.000978194429633e-10,-0.020544,21.6783866268988,9.38,432510.0,4056943.8,0.0049999999999998,9.39,9.38
2020-05-13,KIM,77129,KIMCO REALTY CORP,,,-0.066098,0.4287913794609475,0.0011415525114155,-5.632384318040209e-10,-0.017463,30.97389193313449,8.76,432510.0,3788787.6,0.0049999999999998,8.78,8.77
2020-05-14,KIM,77129,KIMCO REALTY CORP,,,0.052511,-0.2796838700922135,0.0010845986984815,5.90206918329359e-10,0.011525,22.310993965457445,9.22,432510.0,3987742.2,0.0049999999999998,9.22,9.21
2020-05-15,KIM,77129,KIMCO REALTY CORP,,,-0.007592,0.0099910588153364,0.0010928961748633,-8.513389517185052e-11,0.003926,22.53390441839495,9.15,432510.0,3957466.5,0.0049999999999998,9.17,9.16
2020-05-18,KIM,77129,KIMCO REALTY CORP,,,0.137705,-0.271164201536629,0.0009606147934677,1.8622444265191781e-09,0.031501,16.423516219278167,10.41,432510.0,4502429.1,0.0049999999999998,10.41,10.4
2020-05-19,KIM,77129,KIMCO REALTY CORP,,,0.004803,0.1569749983634447,0.0009560229445506,5.5872053177832276e-11,-0.010484,19.001597650921365,10.46,432510.0,4524054.600000001,0.0049999999999998,10.47,10.46
2020-05-20,KIM,77129,KIMCO REALTY CORP,,,0.047801,0.4981872950402275,0.000912408759124,3.542207898535322e-10,0.016651,28.467952186076623,10.96,432510.0,4740309.600000001,0.0049999999999998,10.97,10.96
2020-05-21,KIM,77129,KIMCO REALTY CORP,,,0.027372,-0.176027319492094,0.0008880994671403,2.3960890108662883e-10,-0.007774,23.45681487133245,11.26,432510.0,4870062.6,0.0049999999999998,11.27,11.26
2020-05-22,KIM,77129,KIMCO REALTY CORP,,,0.006217,-0.0738161003900621,0.0008826125330979,5.839673107704935e-11,0.002354,21.72532426995908,11.33,432510.0,4900338.3,0.0049999999999998,11.34,11.33
2020-05-26,KIM,77129,KIMCO REALTY CORP,,,0.080318,-0.1960775486834347,0.0008169934640522,8.686701330773224e-10,0.012289,17.465475942752768,12.24,432510.0,5293922.4,0.0049999999999998,12.25,12.24
2020-05-27,KIM,77129,KIMCO REALTY CORP,,,0.015523,0.2040506259404795,0.0008045052292839,1.3730400427222343e-10,0.014827,21.029317241219857,12.43,432510.0,5376099.3,0.0049999999999998,12.44,12.43
2020-05-28,KIM,77129,KIMCO REALTY CORP,,,-0.057924,0.6116940559997976,0.0008539709649871,-3.3744089922671336e-10,-0.002108,33.892825599408106,11.71,432510.0,5064692.100000001,0.0049999999999998,11.73,11.72
2020-05-29,KIM,77129,KIMCO REALTY CORP,,,-0.051238,1.6378778859601884,0.000900090009001,-1.1926677974162798e-10,0.004812,89.40203456447604,11.11,432525.0,4805352.75,0.0050000000000007,11.13,11.12
2020-06-01,KIM,77129,KIMCO REALTY CORP,,,0.078308,-0.7876026591591139,0.0008347245409014,7.958690604439031e-10,0.003751,18.98875440725969,11.98,432525.0,5181649.5,0.0049999999999998,11.98,11.97
2020-06-02,KIM,77129,KIMCO REALTY CORP,,,0.041736,-0.1260751254914246,0.000801282051282,4.659233170490768e-10,0.008211,16.594744812438588,12.48,432525.0,5397912.0,0.0049999999999998,12.5,12.49
2020-06-03,KIM,77129,KIMCO REALTY CORP,,,0.113782,0.4685021905522732,0.0007194244604316,7.766089140862766e-10,0.013649,24.36941910872204,13.9,432525.0,6012097.5,0.0049999999999998,13.89,13.88
2020-06-04,KIM,77129,KIMCO REALTY CORP,,,0.029496,-0.2885365740504875,0.0006988120195667,2.74861884426091e-10,-0.003369,17.337950407490897,14.31,432525.0,6189432.75,0.0049999999999998,14.32,14.31
2020-06-05,KIM,77129,KIMCO REALTY CORP,,,0.063592,0.1752382986911624,0.0006570302233903,4.740814086219329e-10,0.026212,20.376223339691347,15.22,432525.0,6583030.5,0.0050000000000007,15.21,15.2
2020-06-08,KIM,77129,KIMCO REALTY CORP,,,0.03088,-0.1206394798000187,0.0006373486297004,2.539524911816134e-10,0.012042,17.918046355701982,15.69,432525.0,6786317.25,0.0049999999999998,15.7,15.69
2020-06-09,KIM,77129,KIMCO REALTY CORP,,,-0.049076,-0.0672607481571297,0.0006702412868632,-4.5502809336550137e-10,-0.007799,16.712865152303333,14.92,432525.0,6453273.0,0.0049999999999998,14.92,14.91
2020-06-10,KIM,77129,KIMCO REALTY CORP,,,-0.057641,0.1156624702644946,0.0007112375533428,-5.083364339862711e-10,-0.005313,18.645916421016125,14.06,432525.0,6081301.5,0.0049999999999998,14.06,14.05
2020-06-11,KIM,77129,KIMCO REALTY CORP,,,-0.107397,0.2093291546933753,0.0007968127490039,-8.774228763085768e-10,-0.058944,22.54905034391076,12.55,432525.0,5428188.75,0.0049999999999998,12.58,12.57
2020-06-12,KIM,77129,KIMCO REALTY CORP,,,0.096414,-0.3105205890929463,0.0007267441860464,1.0419836257781735e-09,0.013061,15.547105947633083,13.76,432525.0,5951544.0,0.0049999999999998,13.76,13.75
2020-06-15,KIM,77129,KIMCO REALTY CORP,,,-0.010174,-0.0140118717908451,0.000734214390602,-1.1266322191966771e-10,0.008312,15.329261892376165,13.62,432525.0,5890990.5,0.0049999999999998,13.62,13.61
2020-06-16,KIM,77129,KIMCO REALTY CORP,,,0.037445,-0.0382177911098595,0.0007077140835102,4.1556836066338487e-10,0.018962,14.743411363505,14.13,432525.0,6111578.25,0.0049999999999998,14.14,14.13
2020-06-17,KIM,77129,KIMCO REALTY CORP,,,-0.056617,-0.3319178584433111,0.0007501875468867,-9.96959791743835e-10,-0.0036,9.849809837581642,13.33,432525.0,5765558.25,0.0049999999999998,13.34,13.33
2020-06-18,KIM,77129,KIMCO REALTY CORP,,,0.0,0.0823122562812053,0.0007501875468867,0.0,0.000594,10.6605699092538,13.33,432525.0,5765558.25,0.0049999999999998,13.33,13.32
2020-06-19,KIM,77129,KIMCO REALTY CORP,,,-0.045761,1.6365080353062909,0.0007861635220125,-2.9592908989117825e-10,-0.005649,28.1066782266921,12.72,432525.0,5501718.0,0.0049999999999998,12.72,12.71
2020-06-22,KIM,77129,KIMCO REALTY CORP,,,0.02673,-0.6076133594245413,0.0007656967840734,4.2906277031536406e-10,0.006495,11.028685047107103,13.06,432525.0,5648776.5,0.0049999999999998,13.06,13.05
2020-06-23,KIM,77129,KIMCO REALTY CORP,,,-0.000766,-0.030358590091531,0.0007662835249041,-1.2690307752437932e-11,0.004307,10.693869718513382,13.05,432525.0,5644451.25,0.0049999999999998,13.06,13.05
2020-06-24,KIM,77129,KIMCO REALTY CORP,,,-0.018391,0.165831417448911,0.0007806401249024,-2.6624064469067103e-10,-0.025855,12.467249291948445,12.81,432525.0,5540645.25,0.0049999999999998,12.81,12.8
2020-06-25,KIM,77129,KIMCO REALTY CORP,,,-0.004684,0.0778505365981028,0.0007843137254901,-6.320716345513485e-11,0.010959,13.437831339228946,12.75,432525.0,5514693.75,0.0049999999999998,12.75,12.74
2020-06-26,KIM,77129,KIMCO REALTY CORP,,,-0.018039,0.2648848163809973,0.0007987220447284,-1.959822546578463e-10,-0.024227,16.99730882607942,12.52,432525.0,5415213.0,0.0049999999999998,12.52,12.51
2020-06-29,KIM,77129,KIMCO REALTY CORP,,,0.015974,-0.1280383026597301,0.0007861635220125,1.9590150870170707e-10,0.014686,14.82100225420496,12.72,432525.0,5501718.0,0.0049999999999998,12.72,12.71
2020-06-30,KIM,77129,KIMCO REALTY CORP,,,0.009434,0.0809774159521306,0.0007788161993769,1.0602918895412805e-10,0.01541,16.021168718571182,12.84,432525.0,5553621.0,0.0049999999999998,12.84,12.83
2020-07-01,KIM,77129,KIMCO REALTY CORP,,,0.005452,-0.1198382695803309,0.0007745933384972,6.924074222860014e-11,0.005022,14.101219582683084,12.91,432525.0,5583897.75,0.0049999999999998,12.92,12.91
2020-07-02,KIM,77129,KIMCO REALTY CORP,,,-0.011619,-0.4096384238407773,0.0007836990595611,-2.528902603455323e-10,0.004541,8.32481821860008,12.76,432525.0,5519019.0,0.0049999999999998,12.78,12.77
2020-07-06,KIM,77129,KIMCO REALTY CORP,,,0.013323,-0.0285553443615838,0.0007733952049497,2.9457742792677846e-10,0.015882,8.087100167620369,12.93,432525.0,5592548.25,0.0049999999999998,12.94,12.93
2020-07-07,KIM,77129,KIMCO REALTY CORP,,,-0.060325,0.1357585023813043,0.0008230452674896,-1.2497726571344571e-09,-0.010819,9.184992774984105,12.15,432525.0,5255178.75,0.0049999999999998,12.16,12.15
2020-07-08,KIM,77129,KIMCO REALTY CORP,,,0.0,-0.0512382011503902,0.0008230452674896,0.0,0.007828,8.714370267614589,12.15,432525.0,5255178.75,0.0049999999999998,12.16,12.15
2020-07-09,KIM,77129,KIMCO REALTY CORP,,,-0.025514,0.2518474162703163,0.0008445945945945,-4.5669707260333996e-10,-0.005644,10.90906190393619,11.84,432525.0,5121096.0,0.0049999999999998,11.85,11.84
2020-07-10,KIM,77129,KIMCO REALTY CORP,,,0.021959,-0.2432798792482773,0.0008264462809917,5.082686059895008e-10,0.010466,8.25510664123461,12.1,432525.0,5233552.5,0.0049999999999998,12.1,12.09
2020-07-13,KIM,77129,KIMCO REALTY CORP,,,-0.024793,0.1585580892526059,0.0008474576271186,-5.079200495942043e-10,-0.009363,9.56402057684527,11.8,432525.0,5103795.0,0.0049999999999998,11.81,11.8
2020-07-14,KIM,77129,KIMCO REALTY CORP,,,-0.025424,-0.0428829606752084,0.0008695652173912,-5.58379255015906e-10,0.013406,9.153887058551527,11.5,432525.0,4974037.5,0.0049999999999998,11.51,11.5
2020-07-15,KIM,77129,KIMCO REALTY CORP,,,0.045217,1.4947229108285964,0.0008319467554076,3.8085371586427334e-10,0.009082,22.83641176810589,12.02,432525.0,5198950.5,0.0049999999999998,12.03,12.02
2020-07-16,KIM,77129,KIMCO REALTY CORP,,,-0.014975,-0.4322300413705379,0.0008445945945945,-2.2552964632156223e-10,-0.003406,12.965828564822845,11.84,432525.0,5121096.0,0.0049999999999998,11.86,11.85
2020-07-17,KIM,77129,KIMCO REALTY CORP,,,-0.018581,-0.1497598539241393,0.0008605851979347,-3.353589167119716e-10,0.002849,11.02406797294954,11.62,432525.0,5025940.5,0.0050000000000007,11.63,11.62
2020-07-20,KIM,77129,KIMCO REALTY CORP,,,-0.031842,-0.0322753836103255,0.0008888888888888,-6.133988110846955e-10,0.008407,10.66826195017629,11.25,432525.0,4865906.25,0.0049999999999998,11.24,11.23
2020-07-21,KIM,77129,KIMCO REALTY CORP,,,-0.003556,0.3258728861861737,0.000892060660125,-5.185007208943277e-11,0.001679,14.144759262470377,11.21,432525.0,4848605.25,0.0050000000000007,11.21,11.2
2020-07-22,KIM,77129,KIMCO REALTY CORP,,,0.007136,-0.0863047204281425,0.0,1.13071393131689e-10,0.005747,12.923999768799492,11.29,432525.0,4883207.25,0.0,11.28,11.28
2020-07-23,KIM,77129,KIMCO REALTY CORP,,,-0.017715,0.1414353573276914,0.0009017132551848,-2.5035146257465457e-10,-0.01232,14.751910294202649,11.09,432525.0,4796702.25,0.0049999999999998,11.09,11.08
2020-07-24,KIM,77129,KIMCO REALTY CORP,,,-0.030658,-0.0683857398320212,0.0009302325581395,-4.797773600187384e-10,-0.00619,13.74308999479799,10.75,432525.0,4649643.75,0.0049999999999998,10.76,10.75
2020-07-27,KIM,77129,KIMCO REALTY CORP,,,-0.003721,0.1101819747889971,0.0009337068160599,-5.2647823547669e-11,0.007395,15.25733079012774,10.71,432525.0,4632342.75,0.0050000000000007,10.71,10.7
2020-07-28,KIM,77129,KIMCO REALTY CORP,,,0.038282,-0.0316795564052911,0.0008992805755397,5.387421483109663e-10,-0.006473,14.773985318767702,11.12,432525.0,4809678.0,0.0050000000000007,11.13,11.12
2020-07-29,KIM,77129,KIMCO REALTY CORP,,,0.018885,0.4258142024920353,0.0008826125330979,1.829427760596656e-10,0.012428,21.06495809490781,11.33,432525.0,4900508.25,0.0049999999999998,11.34,11.33
2020-07-30,KIM,77129,KIMCO REALTY CORP,,,-0.008826,-0.3139224031817819,0.0008904719501335,-1.2573005757663967e-10,-0.00375,14.45219582683082,11.23,432525.0,4857255.75,0.0049999999999998,11.24,11.23
2020-07-31,KIM,77129,KIMCO REALTY CORP,,,-0.007124,1.2717300257113493,0.000896860986547,-4.4993240477716456e-11,0.00767,32.831487197271834,11.15,432525.0,4822653.75,0.0049999999999998,11.18,11.17
2020-08-03,KIM,77129,KIMCO REALTY CORP,,,-0.005381,-0.7728582193832176,0.0009017132551848,-1.504293743708267e-10,0.007181,7.457402462285417,11.09,432525.0,4796702.25,0.0049999999999998,11.1,11.09
2020-08-04,KIM,77129,KIMCO REALTY CORP,,,0.040577,0.1884596341729207,0.0008665511265166,9.172567026972087e-10,0.003612,8.862821802207964,11.54,432525.0,4991338.5,0.0050000000000007,11.55,11.54
2020-08-05,KIM,77129,KIMCO REALTY CORP,,,-0.019064,0.2474458651763242,0.0008833922261483,-3.5217835655071366e-10,0.00643,11.055890410958904,11.32,432525.0,4896183.0,0.0049999999999998,11.32,11.31
2020-08-06,KIM,77129,KIMCO REALTY CORP,,,0.010601,0.0860847742207204,0.0008741258741258,1.7842353710600835e-10,0.006428,12.00763424079533,11.44,432525.0,4948086.0,0.0049999999999998,11.45,11.44
2020-08-07,KIM,77129,KIMCO REALTY CORP,,,0.042832,-0.0868449295883666,0.0008382229673092,7.570328230845621e-10,0.000633,10.9648320906306,11.93,432525.0,5160023.25,0.0049999999999998,11.93,11.92
2020-08-10,KIM,77129,KIMCO REALTY CORP,,,0.011735,0.187946646581891,0.0008285004142501,1.7257015437097058e-10,0.002742,13.025635512398129,12.07,432525.0,5220576.75,0.0049999999999998,12.08,12.07
2020-08-11,KIM,77129,KIMCO REALTY CORP,,,0.032312,-0.072434025871539,0.0008025682182985,4.962389537972164e-10,-0.007969,12.082136292699843,12.46,432525.0,5389261.5,0.0049999999999998,12.47,12.46
2020-08-12,KIM,77129,KIMCO REALTY CORP,,,-0.005618,-0.4014280230531977,0.0008071025020177,-1.4495696996597396e-10,0.013997,7.232028206462054,12.39,432525.0,5358984.75,0.0049999999999998,12.39,12.38
2020-08-13,KIM,77129,KIMCO REALTY CORP,,,-0.03067,-0.0297822944962536,0.0008326394671107,-8.414537430820475e-10,-0.002047,7.016641812611987,12.01,432525.0,5194625.25,0.0049999999999998,12.01,12.0
2020-08-14,KIM,77129,KIMCO REALTY CORP,,,-0.002498,0.4660939683472751,0.0008347245409014,-4.686334529309293e-11,-0.000172,10.287056239523729,11.98,432525.0,5181649.5,0.0049999999999998,11.99,11.98
2020-08-17,KIM,77129,KIMCO REALTY CORP,,,0.001669,-0.1540467509280446,0.0008333333333333,3.6951017253313327e-11,0.00271,8.702368649211028,12.0,432525.0,5190300.0,0.0049999999999998,12.01,12.0
2020-08-18,KIM,77129,KIMCO REALTY CORP,,,-0.020833,-0.0706545072359345,0.0008510638297872,-5.068600458700678e-10,0.002303,8.087507080515577,11.75,432525.0,5082168.75,0.0049999999999998,11.75,11.74
2020-08-19,KIM,77129,KIMCO REALTY CORP,,,-0.027234,0.2250880419342324,0.0008748906386701,-5.559964431367792e-10,-0.004404,9.90790821339807,11.43,432525.0,4943760.75,0.0049999999999998,11.44,11.43
2020-08-20,KIM,77129,KIMCO REALTY CORP,,,0.010499,-0.2517056679185088,0.0008658008658008,2.8346556330929313e-10,0.003159,7.414031558869429,11.55,432525.0,4995663.75,0.0049999999999998,11.56,11.55
2020-08-21,KIM,77129,KIMCO REALTY CORP,,,-0.01039,0.1780479575296389,0.0008748906386701,-2.4062497480703993e-10,0.003441,8.734084734986418,11.43,432525.0,4943760.75,0.0049999999999998,11.44,11.43
2020-08-24,KIM,77129,KIMCO REALTY CORP,,,0.036745,-0.0048889406545234,0.00084388185654,8.248590292180096e-10,0.010044,8.69138431304549,11.85,432525.0,5125421.25,0.0049999999999998,11.86,11.85
2020-08-25,KIM,77129,KIMCO REALTY CORP,,,-0.002532,-0.2459012337862882,0.0008460236886632,-7.556450224141235e-11,0.003596,6.554162187156812,11.82,432525.0,5112445.5,0.0049999999999998,11.82,11.81
2020-08-26,KIM,77129,KIMCO REALTY CORP,,,-0.021151,-0.1084484868452847,0.0008643042350907,-7.233070630312314e-10,0.010196,5.843373215421074,11.57,432525.0,5004314.25,0.0049999999999998,11.57,11.56
2020-08-27,KIM,77129,KIMCO REALTY CORP,,,0.026793,0.2036887637715363,0.0008417508417509,7.413373079571554e-10,0.001673,7.0336026819259,11.88,432525.0,5138397.0,0.0050000000000007,11.88,11.87
2020-08-28,KIM,77129,KIMCO REALTY CORP,,,0.015993,0.951427400287094,0.0008285004142501,2.2319333504760362e-10,0.006733,13.725564996242992,12.07,432525.0,5220576.75,0.0049999999999998,12.06,12.05
2020-08-31,KIM,77129,KIMCO REALTY CORP,,,-0.006628,0.0589103282154077,0.0008340283569641,-8.793518606826659e-11,-0.002195,14.534848232617502,11.99,432504.0,5185722.96,0.0049999999999998,11.99,11.98
2020-09-01,KIM,77129,KIMCO REALTY CORP,,,0.018349,-0.2482500262472201,0.0008190008190009,3.179967528755222e-10,0.007525,10.926571777370846,12.21,432504.0,5280873.840000001,0.0050000000000007,12.21,12.2
2020-09-02,KIM,77129,KIMCO REALTY CORP,,,0.012285,0.057076642911888,0.0008090614886731,1.98964759777655e-10,0.015366,11.550223812958956,12.36,432504.0,5345749.44,0.0049999999999998,12.36,12.35
2020-09-03,KIM,77129,KIMCO REALTY CORP,,,0.012136,-0.2449129399593795,0.0007993605115907,2.571820786268549e-10,-0.035126,8.721424541738342,12.51,432504.0,5410625.04,0.0049999999999998,12.51,12.5
2020-09-04,KIM,77129,KIMCO REALTY CORP,,,0.01199,0.3785555921698831,0.0007898894154818,1.8213090144595064e-10,-0.008133,12.022968573701052,12.66,432504.0,5475500.64,0.0049999999999998,12.66,12.65
2020-09-08,KIM,77129,KIMCO REALTY CORP,,,-0.031596,0.0759681475820492,0.0008156606851549,-4.60617442637001e-10,-0.027756,12.936331224682316,12.26,432504.0,5302499.04,0.0049999999999998,12.26,12.25
2020-09-09,KIM,77129,KIMCO REALTY CORP,,,-0.00571,-0.2130539417678058,0.0008271298593879,-1.0726637096747187e-10,0.020145,10.1801948652498,12.09,432504.0,5228973.36,0.0049999999999998,12.1,12.09
2020-09-10,KIM,77129,KIMCO REALTY CORP,,,0.003309,0.3216400274814188,0.0008244023083265,4.687880834534998e-11,-0.017585,13.454553021474943,12.13,432504.0,5246273.5200000005,0.0050000000000007,12.13,12.12
2020-09-11,KIM,77129,KIMCO REALTY CORP,,,-0.038747,0.5054602495073162,0.0008576329331046,-3.79324449882805e-10,0.000533,20.255294748719088,11.66,432504.0,5042996.64,0.0049999999999998,11.66,11.65
2020-09-14,KIM,77129,KIMCO REALTY CORP,,,0.060892,-0.3074488019856409,0.0008084074373484,8.113532096599196e-10,0.012742,14.027828644359358,12.37,432504.0,5350074.48,0.0049999999999998,12.39,12.38
2020-09-15,KIM,77129,KIMCO REALTY CORP,,,0.048504,0.0331651473226382,0.0007710100231302,5.966054980373028e-10,0.005219,14.49306364796626,12.97,432504.0,5609576.88,0.0049999999999998,12.99,12.98
2020-09-16,KIM,77129,KIMCO REALTY CORP,,,0.006939,-0.1824307293132373,0.0007656967840734,1.0367614086325067e-10,-0.004619,11.849083476684608,13.06,432504.0,5648502.24,0.0049999999999998,13.08,13.07
2020-09-17,KIM,77129,KIMCO REALTY CORP,,,-0.01608,-0.232994964072576,0.0007782101167315,-3.18353635598964e-10,-0.008412,9.088306697741524,12.85,432504.0,5557676.399999999,0.0049999999999998,12.86,12.85
2020-09-18,KIM,77129,KIMCO REALTY CORP,,,-0.050584,1.0604404424726304,0.0008196721311476,-5.119413031403527e-10,-0.011183,18.72591467362152,12.2,432504.0,5276548.8,0.0050000000000007,12.21,12.2
2020-09-21,KIM,77129,KIMCO REALTY CORP,,,-0.053279,-0.274152482154351,0.0008658008658008,-7.846852988341793e-10,-0.011571,13.592158685237592,11.55,432504.0,4995421.2,0.0049999999999998,11.56,11.55
2020-09-22,KIM,77129,KIMCO REALTY CORP,,,-0.017316,0.0094244218455794,0.0008810572687224,-2.57098381871692e-10,0.010518,13.72025692247933,11.35,432504.0,4908920.399999999,0.0049999999999998,11.36,11.35
2020-09-23,KIM,77129,KIMCO REALTY CORP,,,-0.049339,-0.3496390164854924,0.0009267840593143,-1.1848463822314836e-09,-0.023721,8.923119786175388,10.79,432504.0,4666718.159999999,0.0050000000000007,10.8,10.79
2020-09-24,KIM,77129,KIMCO REALTY CORP,,,0.010195,0.4017575794480066,0.0009174311926605,1.7289441624772144e-10,0.002987,12.508050792593826,10.9,432504.0,4714293.600000001,0.0049999999999998,10.91,10.9
2020-09-25,KIM,77129,KIMCO REALTY CORP,,,0.029358,-0.4820123990208848,0.0008912655971479,9.337583113649816e-10,0.015977,6.479015222980597,11.22,432504.0,4852694.88,0.0049999999999998,11.22,11.21
2020-09-28,KIM,77129,KIMCO REALTY CORP,,,0.030303,0.2535086717579045,0.0008650519031141,7.462791707088745e-10,0.016111,8.121501766457651,11.56,432504.0,4999746.24,0.0049999999999998,11.57,11.56
2020-09-29,KIM,77129,KIMCO REALTY CORP,,,-0.024222,0.4519606944407277,0.000886524822695,-4.210363274064754e-10,-0.004813,11.792101344727447,11.28,432504.0,4878645.12,0.0049999999999998,11.28,11.27
2020-09-30,KIM,77129,KIMCO REALTY CORP,,,-0.001773,-0.1671160995668542,0.0008880994671403,-3.7068460228860775e-11,0.008254,9.82145136229954,11.26,432504.0,4869995.04,0.0049999999999998,11.26,11.25
2020-10-01,KIM,77129,KIMCO REALTY CORP,,,0.031083,0.2663102012162952,0.0008613264427217,4.977196700223021e-10,0.005293,12.437004050829588,11.61,432504.0,5021371.44,0.0049999999999998,11.61,11.6
2020-10-02,KIM,77129,KIMCO REALTY CORP,,,0.024978,0.0648718157505019,0.0008403361344537,3.664438717365642e-10,-0.009572,13.24381508610325,11.9,432504.0,5146797.600000001,0.0049999999999998,11.9,11.89
2020-10-05,KIM,77129,KIMCO REALTY CORP,,,0.004202,-0.277747235816741,0.0008368200836819,8.499545309723845e-11,0.017976,9.56538205427002,11.95,432504.0,5168422.8,0.0049999999999998,11.94,11.93
2020-10-06,KIM,77129,KIMCO REALTY CORP,,,0.0,0.1131881869904902,0.0008368200836819,0.0,-0.013988,10.648070306864216,11.95,432504.0,5168422.8,0.0049999999999998,11.95,11.94
2020-10-07,KIM,77129,KIMCO REALTY CORP,,,-0.0159,0.1101655406894572,0.0008503401360544,-2.644484472780687e-10,0.017406,11.821120729519263,11.76,432504.0,5086247.04,0.0049999999999998,11.76,11.75
2020-10-08,KIM,77129,KIMCO REALTY CORP,,,0.022109,-0.006630961988248,0.0008319467554076,3.6216396093762316e-10,0.008007,11.74273532730333,12.02,432504.0,5198698.08,0.0049999999999998,12.01,12.0
2020-10-09,KIM,77129,KIMCO REALTY CORP,,,-0.033278,-0.3298691811813073,0.0008605851979347,-8.41457328904122e-10,0.008791,7.869168840056971,11.62,432504.0,5025696.48,0.0050000000000007,11.63,11.62
2020-10-12,KIM,77129,KIMCO REALTY CORP,,,-0.000861,0.8483228914685612,0.0008613264427217,-1.1788922087356089e-11,0.016419,14.544764903908405,11.61,432504.0,5021371.44,0.0049999999999998,11.6,11.59
2020-10-13,KIM,77129,KIMCO REALTY CORP,,,-0.046512,-0.373288437207553,0.0009033423667569,-1.065743890834005e-09,-0.006307,9.115372343377173,11.07,432504.0,4787819.28,0.0049999999999998,11.08,11.07
2020-10-14,KIM,77129,KIMCO REALTY CORP,,,-0.009033,-0.1257415784914652,0.0009115770282588,-2.38902677142633e-10,-0.006623,7.969191036383479,10.97,432504.0,4744568.88,0.0049999999999998,10.97,10.96
2020-10-15,KIM,77129,KIMCO REALTY CORP,,,0.012762,-0.0590488254441122,0.0009000900090008,3.5418749712456827e-10,-0.001528,7.498619665945286,11.11,432504.0,4805119.44,0.0049999999999998,11.12,11.11
2020-10-16,KIM,77129,KIMCO REALTY CORP,,,-0.008101,0.4487181266058684,0.0009074410163339,-1.5645941015799727e-10,0.000135,10.863386234578178,11.02,432504.0,4766194.08,0.0049999999999998,11.03,11.02
2020-10-19,KIM,77129,KIMCO REALTY CORP,,,-0.008167,0.1439931994709753,0.000914913083257,-1.390156202853181e-10,-0.01633,12.42763997558404,10.93,432504.0,4727268.72,0.0049999999999998,10.93,10.92
2020-10-20,KIM,77129,KIMCO REALTY CORP,,,0.015554,-0.2410550764241291,0.0009009009009008,3.435026277001385e-10,0.004727,9.431894271498066,11.1,432504.0,4800794.399999999,0.0049999999999998,11.1,11.09
2020-10-21,KIM,77129,KIMCO REALTY CORP,,,-0.003604,-0.210369001591437,0.0009041591320072,-1.0116176875505269e-10,-0.002196,7.447716090487025,11.06,432504.0,4783494.24,0.0049999999999998,11.06,11.05
2020-10-22,KIM,77129,KIMCO REALTY CORP,,,0.036166,0.2196647985031512,0.0008726003490401,8.032710765421641e-10,0.005219,9.083717144812534,11.46,432504.0,4956495.840000001,0.0049999999999998,11.47,11.46
2020-10-23,KIM,77129,KIMCO REALTY CORP,,,0.00349,-0.2239980512856016,0.0008695652173912,9.954307305068244e-11,0.003446,7.048982205944916,11.5,432504.0,4973796.0,0.0049999999999998,11.51,11.5
2020-10-26,KIM,77129,KIMCO REALTY CORP,,,-0.033913,0.061279956493117,0.0018001800180017,-9.434212324271116e-10,-0.01859,7.480943528845976,11.11,432504.0,4805119.44,0.0099999999999997,11.12,11.1
2020-10-27,KIM,77129,KIMCO REALTY CORP,,,-0.046805,0.2341205697475967,0.0009442870632672,-1.106858727232228e-09,-0.003026,9.232386290068993,10.59,432504.0,4580217.36,0.0049999999999998,10.59,10.58
2020-10-28,KIM,77129,KIMCO REALTY CORP,,,-0.034939,0.1029052021465328,0.0009784735812132,-7.762780280609911e-10,-0.035288,10.18244686754342,10.22,432504.0,4420190.88,0.0049999999999998,10.23,10.22
2020-10-29,KIM,77129,KIMCO REALTY CORP,,,0.019569,-0.1826983010021233,0.0009596928982725,5.217665477924678e-10,0.011947,8.322131124798846,10.42,432504.0,4506691.68,0.0049999999999998,10.43,10.42
2020-10-30,KIM,77129,KIMCO REALTY CORP,,,-0.015355,0.1216106774686021,0.0009746588693956,-3.707111445680635e-10,-0.01213,9.334191128868172,10.26,432504.0,4437491.04,0.0049999999999998,10.27,10.26
2020-11-02,KIM,77129,KIMCO REALTY CORP,,,0.018518,0.4112120780515595,0.000956937799043,3.1104175008112665e-10,0.012318,13.172523259900489,10.45,432504.0,4519666.8,0.0049999999999998,10.45,10.44
2020-11-03,KIM,77129,KIMCO REALTY CORP,,,0.054546,0.2076961382047821,0.0009074410163339,7.193902269597667e-10,0.017799,15.908405471394484,11.02,432504.0,4766194.08,0.0049999999999998,11.01,11.0
2020-11-04,KIM,77129,KIMCO REALTY CORP,,,-0.026316,-0.3697434571493808,0.0009319664492078,-5.655695416468321e-10,0.022047,10.026376634666963,10.73,432504.0,4640767.92,0.0049999999999998,10.74,10.73
2020-11-05,KIM,77129,KIMCO REALTY CORP,,,-0.013047,0.0244504257862656,0.0009442870632672,-2.773253769845373e-10,0.01946,10.271525812478036,10.59,432504.0,4580217.36,0.0049999999999998,10.6,10.59
2020-11-06,KIM,77129,KIMCO REALTY CORP,,,-0.031161,0.1496822942881401,0.0009746588693956,-5.946495468418942e-10,-0.000288,11.8089913619296,10.26,432504.0,4437491.04,0.0049999999999998,10.27,10.26
2020-11-09,KIM,77129,KIMCO REALTY CORP,,,0.322612,2.8358166406784147,0.0007369196757553,1.2135003269571127e-09,0.0117,45.29712557571722,13.57,432504.0,5869079.28,0.0049999999999998,13.57,13.56
2020-11-10,KIM,77129,KIMCO REALTY CORP,,,0.042004,-0.3136242171735578,0.0007072135785006,2.2091159744158238e-10,-0.0014,31.09085002682056,14.14,432504.0,6115606.5600000005,0.0049999999999998,14.15,14.14
2020-11-11,KIM,77129,KIMCO REALTY CORP,,,0.0,-0.2521403976837219,0.0007072135785006,0.0,0.007652,23.25159073673307,14.14,432504.0,6115606.5600000005,0.0049999999999998,14.15,14.14
2020-11-12,KIM,77129,KIMCO REALTY CORP,,,-0.041726,-0.3915665298318306,0.0007380073800737,-5.032821914911255e-10,-0.009979,14.147046038880566,13.55,432504.0,5860429.2,0.0049999999999998,13.56,13.55
2020-11-13,KIM,77129,KIMCO REALTY CORP,,,0.049447,-0.2448569571020031,0.00070323488045,7.525844322742528e-10,0.01361,10.683043393818323,14.22,432504.0,6150206.88,0.0049999999999998,14.22,14.21
2020-11-16,KIM,77129,KIMCO REALTY CORP,,,0.071027,0.3413050521604022,0.0006565988181221,7.525075939320211e-10,0.011648,14.329220076577329,15.23,432504.0,6587035.92,0.0049999999999998,15.25,15.24
2020-11-17,KIM,77129,KIMCO REALTY CORP,,,-0.010506,-0.4148257870783847,0.0006635700066356,-1.9223226505692448e-10,-0.004792,8.385090080091745,15.07,432504.0,6517835.28,0.0049999999999998,15.08,15.07
2020-11-18,KIM,77129,KIMCO REALTY CORP,,,-0.034506,0.1854259585808688,0.0006872852233678,-5.51644548223834e-10,-0.011564,9.93990344597969,14.55,432504.0,6292933.2,0.0050000000000007,14.55,14.54
2020-11-19,KIM,77129,KIMCO REALTY CORP,,,0.029553,0.0905446973376431,0.000667556742323,4.20798318664372e-10,0.003946,10.839908995061318,14.98,432504.0,6478909.92,0.0049999999999998,14.99,14.98
2020-11-20,KIM,77129,KIMCO REALTY CORP,,,-0.002003,-0.4903466157484668,0.0006688963210703,-5.607239155706551e-11,-0.006793,5.524596304311636,14.95,432504.0,6465934.8,0.0050000000000007,14.96,14.95
2020-11-23,KIM,77129,KIMCO REALTY CORP,,,0.044147,0.8613385731205612,0.0006406149903907,6.358903568719052e-10,0.005636,10.283144202134547,15.61,432504.0,6751387.44,0.0049999999999998,15.62,15.61
2020-11-24,KIM,77129,KIMCO REALTY CORP,,,-0.011531,0.8436360104247307,0.000648088139987,-9.114016476456198e-11,0.016162,18.95837495144553,15.43,432504.0,6673536.72,0.0049999999999998,15.42,15.41
2020-11-25,KIM,77129,KIMCO REALTY CORP,,,-0.010369,-0.2686354521143966,0.0006548788474132,-1.1323291721387259e-10,-0.001584,13.865483325009713,15.27,432504.0,6604336.08,0.0049999999999998,15.27,15.26
2020-11-27,KIM,77129,KIMCO REALTY CORP,,,-0.013098,-0.7471413870919814,0.0013271400132714,-5.73177113836564e-10,0.002397,3.506006880861217,15.07,432504.0,6517835.28,0.0100000000000006,15.06,15.04
2020-11-30,KIM,77129,KIMCO REALTY CORP,,,-0.041805,2.8426635592292606,0.0006925207756233,-4.96850556017833e-10,-0.004595,13.47256063019799,14.44,432499.0,6245285.56,0.0050000000000007,14.46,14.45
2020-12-01,KIM,77129,KIMCO REALTY CORP,,,0.024931,-0.2423927841864988,0.0006756756756756,3.8159144230122487e-10,0.011271,10.206909148922888,14.8,432499.0,6400985.2,0.0049999999999998,14.79,14.78
2020-12-02,KIM,77129,KIMCO REALTY CORP,,,0.018919,-0.4185212838301606,0.0006631299734747,4.887464950541896e-10,0.001791,5.9351004279778685,15.08,432499.0,6522084.92,0.0049999999999998,15.09,15.08
2020-12-03,KIM,77129,KIMCO REALTY CORP,,,0.007294,1.0217544338069868,0.0006583278472679,9.252655683559544e-11,-0.000624,11.999315605354,15.19,432499.0,6569659.81,0.0049999999999998,15.18,15.17
2020-12-04,KIM,77129,KIMCO REALTY CORP,,,0.02765,-0.1548477250673064,0.0006406149903907,4.0384590532559676e-10,0.008836,10.141248881500305,15.61,432499.0,6751309.39,0.0049999999999998,15.62,15.61
2020-12-07,KIM,77129,KIMCO REALTY CORP,,,-0.032671,-0.100535329952942,0.0006622516556291,-5.484345698908221e-10,-0.001936,9.121695079063766,15.1,432499.0,6530734.899999999,0.0049999999999998,15.1,15.09
2020-12-08,KIM,77129,KIMCO REALTY CORP,,,-0.007947,-0.1683987626244447,0.0006747638326585,-1.6344785456272922e-10,0.002787,7.585612914711941,14.82,432499.0,6409635.18,0.0049999999999998,14.81,14.8
2020-12-09,KIM,77129,KIMCO REALTY CORP,,,0.007422,0.3839906485367763,0.001339584728734,1.0948438964690916e-10,-0.007949,10.498417337381127,14.93,432499.0,6457210.07,0.0099999999999997,14.93,14.91
2020-12-10,KIM,77129,KIMCO REALTY CORP,,,-0.007368,-0.0274499482992718,0.0006747638326585,-1.1258499466879338e-10,-0.001285,10.210236324245836,14.82,432499.0,6409635.18,0.0049999999999998,14.83,14.82
2020-12-11,KIM,77129,KIMCO REALTY CORP,,,-0.004723,-0.1185871473580685,0.0006779661016949,-8.226699695510213e-11,-0.001265,8.999433524701791,14.75,432499.0,6379360.25,0.0049999999999998,14.76,14.75
2020-12-14,KIM,77129,KIMCO REALTY CORP,,,-0.021695,-0.1053019259317114,0.0006930006930006,-4.3173428654930554e-10,-0.004359,8.051775842256284,14.43,432499.0,6240960.57,0.0049999999999998,14.44,14.43
2020-12-15,KIM,77129,KIMCO REALTY CORP,,,0.057519,0.4277757915911078,0.0006553079947575,7.580886523096282e-10,0.012921,11.496130626891622,15.26,432499.0,6599934.74,0.0049999999999998,15.26,15.25
2020-12-16,KIM,77129,KIMCO REALTY CORP,,,-0.018349,-0.2487775200042637,0.000667556742323,-3.279406206237837e-10,0.001773,8.636151759888461,14.98,432499.0,6478835.0200000005,0.0049999999999998,14.98,14.97
2020-12-17,KIM,77129,KIMCO REALTY CORP,,,0.006676,-0.2033001822963449,0.0006631299734747,1.4876983988768542e-10,0.005758,6.880420532764238,15.08,432499.0,6522084.92,0.0049999999999998,15.07,15.06
2020-12-18,KIM,77129,KIMCO REALTY CORP,,,-0.030504,1.0465693810855994,0.0006839945280438,-3.4259644840828245e-10,-0.003511,14.081257991347956,14.62,432499.0,6323135.38,0.0050000000000007,14.63,14.62
2020-12-21,KIM,77129,KIMCO REALTY CORP,,,-0.012996,-0.2780236218274486,0.0006930006930006,-2.04830120248378e-10,-0.003906,10.166335644706692,14.43,432499.0,6240960.57,0.0049999999999998,14.44,14.43
2020-12-22,KIM,77129,KIMCO REALTY CORP,,,-0.002772,-0.571094377213192,0.0006949270326615,-1.0214594735887524e-10,-0.002073,4.36039852115265,14.39,432499.0,6223660.61,0.0049999999999998,14.39,14.38
2020-12-23,KIM,77129,KIMCO REALTY CORP,,,0.0,0.1827763130823578,0.0006949270326615,0.0,0.000746,5.157376086418697,14.39,432499.0,6223660.61,0.0049999999999998,14.39,14.38
2020-12-24,KIM,77129,KIMCO REALTY CORP,,,0.009034,-0.5868324546302274,0.0006887052341597,6.751081641501363e-10,0.003537,2.130860418174377,14.52,432499.0,6279885.48,0.0049999999999998,14.52,14.51
2020-12-28,KIM,77129,KIMCO REALTY CORP,,,0.013085,1.02467461303501,0.0006798096532971,4.767225626573477e-10,0.008723,4.314298992598827,14.71,432499.0,6362060.29,0.0050000000000007,14.71,14.7
2020-12-29,KIM,77129,KIMCO REALTY CORP,,,-0.014276,-0.0787012374526375,0.0006896551724137,-5.727204649337995e-10,-0.002227,3.974758323140632,14.5,432499.0,6271235.5,0.0049999999999998,14.5,14.49
2020-12-30,KIM,77129,KIMCO REALTY CORP,,,0.02069,0.70544343802699,0.0006756756756756,4.76832249004354e-10,0.001342,6.778725499943352,14.8,432499.0,6400985.2,0.0049999999999998,14.81,14.8
2020-12-31,KIM,77129,KIMCO REALTY CORP,,,0.014189,0.0342554997080284,0.0006662225183211,3.117526128515116e-10,0.006439,7.010934129327467,15.01,432499.0,6491809.99,0.0049999999999998,15.02,15.01
