date,TICKER,PERMNO,COMNAM,SHRCLS,NAMEENDT,RET,VOL_CHANGE,BA_SPREAD,ILLIQUIDITY,sprtrn,TURNOVER,PRC,SHROUT,MARKET_CAP,TRAN_COST,ASK,BID
2007-12-07,NTRS,58246,NORTHERN TRUST CORP,,,-0.02013,0.1416255404139967,0.00012759984688,-1.1666079639642458e-10,-0.001778,10.01061643524202,78.37,219942.0,17236854.540000003,0.0049999999999954,78.38,78.37
2007-12-10,NTRS,58246,NORTHERN TRUST CORP,,,0.023734,0.0679276304584297,0.0001246416552412,1.2581236650530464e-10,0.00751,10.69061388911622,80.23,219942.0,17645946.66,0.0050000000000025,80.23,80.22
2007-12-11,NTRS,58246,NORTHERN TRUST CORP,,,-0.046367,-0.1319823162783379,0.0002614037380735,-2.9692817439566765e-10,-0.025271,9.279641905593293,76.51,219942.0,16827762.42,0.0100000000000051,76.48,76.46
2007-12-12,NTRS,58246,NORTHERN TRUST CORP,,,0.013593,-0.1480668873773079,0.000515796260477,1.0080652147489213e-10,0.00605,7.905634212656063,77.55,219942.0,17056502.099999998,0.019999999999996,77.6,77.56
2007-12-13,NTRS,58246,NORTHERN TRUST CORP,,,-0.000774,-0.0510018225411941,0.0007742934572203,-6.053200168560509e-12,0.001224,7.502432459466586,77.49,219942.0,17043305.58,0.0300000000000011,77.62,77.56
2007-12-14,NTRS,58246,NORTHERN TRUST CORP,,,-0.026842,0.0849403066480818,0.000663042036865,-1.988244652009654e-10,-0.013746,8.139691373180202,75.41,219942.0,16585826.22,0.0249999999999985,75.46,75.41
2007-12-17,NTRS,58246,NORTHERN TRUST CORP,,,-0.012598,-0.0288276563180767,0.0005372011818426,-9.731194599797595e-11,-0.015021,7.905043147738949,74.46,219942.0,16376881.319999998,0.0200000000000031,74.5,74.46
2007-12-18,NTRS,58246,NORTHERN TRUST CORP,,,-0.00188,0.188941311396019,0.0018837459634015,-1.223712274113116e-11,0.00628,9.39863236671486,74.32,219942.0,16346089.439999998,0.0700000000000002,74.47,74.33
2007-12-19,NTRS,58246,NORTHERN TRUST CORP,,,0.012917,-0.3913012770214508,0.0005313496280553,1.3636622757821028e-10,-0.001361,5.720935519364196,75.28,219942.0,16557233.76,0.0200000000000031,75.28,75.24
2007-12-20,NTRS,58246,NORTHERN TRUST CORP,,,0.015941,0.4248454629118936,0.0005230125523013,1.1625849482100401e-10,0.0049,8.151449018377573,76.48,219942.0,16821164.16,0.0200000000000031,76.48,76.44
2007-12-21,NTRS,58246,NORTHERN TRUST CORP,,,0.011768,0.4001537220709419,0.0006461617989144,6.058362121553327e-11,0.01667,11.413281683352883,77.38,219942.0,17019111.959999997,0.0249999999999985,77.38,77.33
2007-12-24,NTRS,58246,NORTHERN TRUST CORP,,,0.012148,-0.8373566881518248,0.0007660878447395,3.7990690707109037e-10,0.008077,1.856293932036628,78.32,219942.0,17225857.439999998,0.0300000000000011,78.42,78.36
2007-12-26,NTRS,58246,NORTHERN TRUST CORP,,,0.002554,0.3909943494245329,0.0007641365257257,5.7274370065732846e-11,0.000809,2.5820943703339974,78.52,219942.0,17269845.84,0.029999999999994,78.57,78.51
2007-12-27,NTRS,58246,NORTHERN TRUST CORP,,,-0.017193,0.526105322841079,0.0014254243877154,-2.5706229179445776e-10,-0.014216,3.940547962644697,77.17,219942.0,16972924.14,0.0549999999999997,77.28,77.17
2007-12-28,NTRS,58246,NORTHERN TRUST CORP,,,-0.005831,-0.0891516247986596,0.0009124087591239,-9.627722663335528e-11,0.001436,3.589241709177874,76.72,219942.0,16873950.24,0.0349999999999965,76.72,76.65
2007-12-31,NTRS,58246,NORTHERN TRUST CORP,,,-0.001825,0.2133008202172468,0.002089318359885,-2.488101767828617e-11,-0.006852,4.341663304760912,76.58,220609.0,16894237.22,0.0799999999999983,76.74,76.58
2008-01-02,NTRS,58246,NORTHERN TRUST CORP,,,-0.032907,0.7385013729236487,0.0014852822036186,-2.66839537061001e-10,-0.014438,7.547987616099071,74.06,220609.0,16338302.54,0.0549999999999997,74.17,74.06
2008-01-03,NTRS,58246,NORTHERN TRUST CORP,,,0.027005,0.5980137572861128,0.0001314751511963,1.3342983277930935e-10,0.0,12.061788050351527,76.06,220609.0,16779520.54,0.0049999999999954,76.07,76.06
2008-01-04,NTRS,58246,NORTHERN TRUST CORP,,,-0.038128,-0.14601725180472,0.0009568069983598,-2.29343434566491e-10,-0.024552,10.300558907388185,73.16,220609.0,16139754.44,0.0350000000000036,73.23,73.16
2008-01-07,NTRS,58246,NORTHERN TRUST CORP,,,0.006424,-0.2277485966354455,0.0024446557109872,4.971735427536192e-11,0.003223,7.954621071669787,73.63,220609.0,16243440.67,0.0899999999999963,73.77,73.59
2008-01-08,NTRS,58246,NORTHERN TRUST CORP,,,-0.033682,0.2990766790076251,0.0008432888264228,-2.076564658432331e-10,-0.018352,10.333662724548862,71.15,220609.0,15696330.35,0.029999999999994,71.1,71.04
2008-01-09,NTRS,58246,NORTHERN TRUST CORP,,,0.025861,0.6735301458657481,0.0001370050691876,9.286902841856567e-11,0.013624,17.2936960867417,72.99,220609.0,16102250.909999998,0.0050000000000025,73.0,72.99
2008-01-10,NTRS,58246,NORTHERN TRUST CORP,,,0.022058,-0.2158974298486689,0.0008042895442359,9.88424220616322e-11,0.007948,13.560031549030183,74.6,220609.0,16457431.4,0.0300000000000011,74.66,74.6
2008-01-11,NTRS,58246,NORTHERN TRUST CORP,,,-0.006032,-0.3859620620665794,0.0002697235333782,-4.4286468180920194e-11,-0.013595,8.326373810678621,74.15,220609.0,16358157.35,0.009999999999998,74.17,74.15
2008-01-14,NTRS,58246,NORTHERN TRUST CORP,,,-0.002023,0.2093231268574364,0.0001351351351352,-1.230673004391331e-11,0.010871,10.06927641211374,74.0,220609.0,16325066.0,0.0050000000000025,74.0,73.99
2008-01-15,NTRS,58246,NORTHERN TRUST CORP,,,-0.057027,0.3654456050379653,0.0002866150759529,-2.6943478717885767e-10,-0.024925,13.749049222833158,69.78,220609.0,15394096.02,0.009999999999998,69.78,69.76
2008-01-16,NTRS,58246,NORTHERN TRUST CORP,,,0.03941,0.2922324674828001,0.0001378739831794,1.3862840168506792e-10,-0.005612,17.766967802764167,72.53,220609.0,16000770.77,0.0050000000000025,72.5,72.49
2008-01-17,NTRS,58246,NORTHERN TRUST CORP,,,-0.014201,-0.1875035239987825,-0.0006993006993006,-6.236700061997435e-11,-0.029093,14.43559872897298,71.5,220609.0,15773543.5,-0.0249999999999985,71.31,71.36
2008-01-18,NTRS,58246,NORTHERN TRUST CORP,,,-0.032028,-0.0533733506289441,0.000433463372345,-1.5350559760541319e-10,-0.006045,13.665122456472764,69.21,220609.0,15268348.89,0.0150000000000005,69.24,69.21
2008-01-22,NTRS,58246,NORTHERN TRUST CORP,,,0.01127,0.2041730231280656,0.001000142877554,4.435701116292255e-11,-0.011085,16.455171819826028,69.99,220609.0,15440423.909999998,0.0350000000000036,70.06,69.99
2008-01-23,NTRS,58246,NORTHERN TRUST CORP,,,0.017574,-0.0665023212481877,0.000561639988767,7.281649373584303e-11,0.021442,15.36086469726983,71.22,220609.0,15711772.98,0.019999999999996,71.22,71.18
2008-01-24,NTRS,58246,NORTHERN TRUST CORP,,,-0.013901,0.1415875198635483,0.0008543357539513,-5.1165270301936025e-11,0.010063,17.5357714327158,70.23,220609.0,15493370.07,0.0300000000000011,70.29,70.23
2008-01-25,NTRS,58246,NORTHERN TRUST CORP,,,-0.011249,-0.4156705782969273,0.0007200460829492,-7.166355500864872e-11,-0.015872,10.246667180396086,69.44,220609.0,15319088.96,0.0249999999999985,69.42,69.37
2008-01-28,NTRS,58246,NORTHERN TRUST CORP,,,0.015697,0.338044518331507,0.0009924854671771,7.358111338585721e-11,0.017556,13.71049685189634,70.53,220609.0,15559552.77,0.0350000000000036,70.53,70.46
2008-01-29,NTRS,58246,NORTHERN TRUST CORP,,,0.017581,-0.4090150327689832,0.0011146718684686,1.3704013391362648e-10,0.006152,8.102697532738919,71.77,220609.0,15833107.93,0.0399999999999991,71.76,71.68
2008-01-30,NTRS,58246,NORTHERN TRUST CORP,,,0.007106,0.5841430176198639,0.0005534034311011,3.471840927186535e-11,-0.004764,12.835831720374056,72.28,220609.0,15945618.52,0.019999999999996,72.22,72.18
2008-01-31,NTRS,58246,NORTHERN TRUST CORP,,,0.014942,0.0944570399406716,-0.0002726281352235,6.572089202655869e-11,0.016772,14.048266389857169,73.36,220609.0,16183876.24,-0.009999999999998,73.18,73.2
2008-02-01,NTRS,58246,NORTHERN TRUST CORP,,,0.005998,-0.1470072348309582,0.0009485094850947,3.0743888191144086e-11,0.012238,11.983069593715578,73.8,220609.0,16280944.2,0.0349999999999965,73.77,73.7
2008-02-04,NTRS,58246,NORTHERN TRUST CORP,,,-0.017073,-0.5425433683881625,0.0004135649296939,-1.9462160676151367e-10,-0.010463,5.481734652711358,72.54,220609.0,16002976.86,0.0150000000000005,72.54,72.51
2008-02-05,NTRS,58246,NORTHERN TRUST CORP,,,-0.039564,0.3089157543082061,0.0001435338022104,-3.5875788273490005e-10,-0.031995,7.175128847871121,69.67,220609.0,15369829.03,0.0050000000000025,69.68,69.67
2008-02-06,NTRS,58246,NORTHERN TRUST CORP,,,0.001866,0.2889579745504764,0.0007163323782234,1.3102812569837342e-11,-0.007624,9.248439546890651,69.8,220609.0,15398508.2,0.0249999999999985,69.8,69.75
2008-02-07,NTRS,58246,NORTHERN TRUST CORP,,,0.03467,0.01687211958698,0.0006923289947382,2.3138666646978977e-10,0.007886,9.404480324918747,72.22,220609.0,15932381.98,0.0249999999999985,72.22,72.17
2008-02-08,NTRS,58246,NORTHERN TRUST CORP,,,-0.023401,-0.1791515260182974,0.0011342691053452,-1.9482267827970842e-10,-0.004204,7.7196533233005,70.53,220609.0,15559552.77,0.0399999999999991,70.61,70.53
2008-02-11,NTRS,58246,NORTHERN TRUST CORP,,,0.000851,-0.3698166497849415,0.0007083156254426,1.1233069092239142e-11,0.005889,4.864796993776319,70.59,220609.0,15572789.31,0.0249999999999985,70.64,70.59
2008-02-12,NTRS,58246,NORTHERN TRUST CORP,,,0.020541,0.7893745725472365,0.0011104941699057,1.4847682386245112e-10,0.007266,8.704944041267582,72.04,220609.0,15892672.36,0.0400000000000062,72.04,71.96
2008-02-13,NTRS,58246,NORTHERN TRUST CORP,,,0.013048,-0.0275261939117543,0.0009591668950398,9.57354905711759e-11,0.013604,8.46533006359668,72.98,220609.0,16100044.82,0.0350000000000036,72.98,72.91
2008-02-14,NTRS,58246,NORTHERN TRUST CORP,,,-0.003152,-0.0427741913374257,0.000274914089347,-2.4236599685340188e-11,-0.013421,8.103232415721934,72.75,220609.0,16049304.75,0.009999999999998,72.77,72.75
2008-02-15,NTRS,58246,NORTHERN TRUST CORP,,,-0.001237,-0.1693836475454312,0.0008257638315442,-1.1465481759975303e-11,0.000838,6.730677352238576,72.66,220609.0,16029449.94,0.0300000000000011,72.64,72.58
2008-02-19,NTRS,58246,NORTHERN TRUST CORP,,,-0.019681,0.3331101904033275,0.0009827319949458,-1.3958417062647368e-10,-0.000896,8.972734566586132,71.23,220609.0,15713979.07,0.0349999999999965,71.24,71.17
2008-02-20,NTRS,58246,NORTHERN TRUST CORP,,,0.02527,0.0020369129856234,0.0009585102012872,1.7445048226146854e-10,0.008341,8.991011246141364,73.03,220609.0,16111075.27,0.0350000000000036,73.03,72.96
2008-02-21,NTRS,58246,NORTHERN TRUST CORP,,,-0.02232,-0.285200690900621,0.000140056022409,-2.2048552726775629e-10,-0.012867,6.426768626846592,71.4,220609.0,15751482.6,0.0050000000000025,71.42,71.41
2008-02-22,NTRS,58246,NORTHERN TRUST CORP,,,-0.015826,1.060377217427245,0.0009961576775294,-7.709719505364451e-11,0.007881,13.241567660430896,70.27,220609.0,15502194.43,0.0349999999999965,70.27,70.2
2008-02-25,NTRS,58246,NORTHERN TRUST CORP,,,0.028604,-0.2195943528860824,0.0002767017155505,1.735903553320923e-10,0.013813,10.333794178841298,72.28,220609.0,15945618.52,0.009999999999998,72.27,72.25
2008-02-26,NTRS,58246,NORTHERN TRUST CORP,,,-0.009408,-0.2719653397247391,0.0016759776536311,-7.91679131882363e-11,0.006918,7.525611785456804,71.6,220543.0,15790878.8,0.0599999999999951,71.6,71.48
2008-02-27,NTRS,58246,NORTHERN TRUST CORP,,,-0.003492,-0.158471212932776,0.000560616678346,-3.504097579773337e-11,-0.000919,6.33301895775427,71.35,220543.0,15735743.05,0.019999999999996,71.38,71.34
2008-02-28,NTRS,58246,NORTHERN TRUST CORP,,,-0.021584,-0.1766667645161498,0.0004297378599054,-2.6886519229206655e-10,-0.008942,5.214184988868384,69.81,220543.0,15396106.83,0.0150000000000005,69.86,69.83
2008-02-29,NTRS,58246,NORTHERN TRUST CORP,,,-0.031228,0.7478555626669634,0.0013307703681796,-2.297309610107429e-10,-0.02709,9.113642237568184,67.63,220543.0,14915323.09,0.0449999999999946,67.63,67.54
2008-03-03,NTRS,58246,NORTHERN TRUST CORP,,,0.012421,0.3957526306624543,0.0008762961881116,6.466399391299755e-11,0.000534,12.720390128002249,68.47,220543.0,15100579.21,0.0300000000000011,68.53,68.47
2008-03-04,NTRS,58246,NORTHERN TRUST CORP,,,0.005696,-0.1142374704720514,0.0008713331397037,3.328832546016748e-11,-0.003448,11.267244936361616,68.86,220543.0,15186590.98,0.0300000000000011,68.84,68.78
2008-03-05,NTRS,58246,NORTHERN TRUST CORP,,,0.002178,-0.1573303199469438,0.000579626141139,1.5072228402174186e-11,0.005238,9.49456568560326,69.01,220543.0,15219672.430000002,0.0200000000000031,69.0,68.96
2008-03-06,NTRS,58246,NORTHERN TRUST CORP,,,-0.033184,-0.12382567002235,0.0006020469596627,-2.7223264609205956e-10,-0.022014,8.318894728012225,66.44,220543.0,14652876.92,0.019999999999996,66.47,66.43
2008-03-07,NTRS,58246,NORTHERN TRUST CORP,,,0.007074,0.1896811095595185,0.0004483634733223,4.8437816043975185e-11,-0.00841,9.896831910330413,66.91,220543.0,14756532.13,0.0150000000000005,66.95,66.92
2008-03-10,NTRS,58246,NORTHERN TRUST CORP,,,-0.024062,-0.0320510089216132,0.0012251148545175,-1.744120945357333e-10,-0.015463,9.579628462476704,65.3,220543.0,14401457.9,0.0399999999999991,65.37,65.29
2008-03-11,NTRS,58246,NORTHERN TRUST CORP,,,0.072588,0.0239066227422468,0.000856653340948,4.790892184637617e-10,0.03713,9.808645026140027,70.04,220543.0,15446831.72,0.0300000000000011,70.04,69.98
2008-03-12,NTRS,58246,NORTHERN TRUST CORP,,,-0.027413,0.032628553254673,0.0016147974163241,-1.8015051234168247e-10,-0.008996,10.12868692273162,68.12,220543.0,15023389.16,0.0549999999999997,68.12,68.01
2008-03-13,NTRS,58246,NORTHERN TRUST CORP,,,0.009982,0.1706115691972149,0.0011627906976743,5.548427174864502e-11,0.005127,11.856758092526174,68.8,220543.0,15173358.4,0.0399999999999991,68.8,68.72
2008-03-14,NTRS,58246,NORTHERN TRUST CORP,,,-0.039535,-0.0697515225102058,0.001361985472155,-2.459537812786892e-10,-0.020783,11.029731163537267,66.08,220543.0,14573481.44,0.0450000000000017,66.17,66.08
2008-03-17,NTRS,58246,NORTHERN TRUST CORP,,,-0.018916,0.6236034087966027,0.0006169983032545,-7.38779990421818e-11,-0.008959,17.90790911522923,64.83,220543.0,14297802.69,0.019999999999996,64.88,64.84
2008-03-18,NTRS,58246,NORTHERN TRUST CORP,,,0.083295,0.0199459977353888,0.0008543357539513,2.94429232226207e-10,0.04241,18.265100229887143,70.23,220543.0,15488734.89,0.0300000000000011,70.23,70.17
2008-03-19,NTRS,58246,NORTHERN TRUST CORP,,,-0.055105,-0.1746608940877405,0.0007534659433395,-2.4976804156880507e-10,-0.024287,15.074901493132858,66.36,220543.0,14635233.48,0.0250000000000056,66.4,66.35
2008-03-20,NTRS,58246,NORTHERN TRUST CORP,,,0.048825,-0.0825193162376709,0.0007183908045976,2.2997907451842031e-10,0.023944,13.83093092956929,69.6,220543.0,15349792.8,0.0249999999999985,69.73,69.68
2008-03-24,NTRS,58246,NORTHERN TRUST CORP,,,-0.009195,-0.3794867087497521,0.000435034802784,-7.044638338034452e-11,0.015321,8.582276472161892,68.96,220543.0,15208645.28,0.0149999999999934,68.96,68.93
2008-03-25,NTRS,58246,NORTHERN TRUST CORP,,,0.015371,-0.0527224514875359,0.0017137960582689,1.2243539681670548e-10,0.002304,8.129797817205715,70.02,220543.0,15442420.86,0.0599999999999951,70.13,70.01
2008-03-26,NTRS,58246,NORTHERN TRUST CORP,,,-0.033419,-0.1919769990574298,0.0014775413711583,-3.4082885363936706e-10,-0.008766,6.569063629314918,67.68,220543.0,14926350.240000002,0.0499999999999971,67.78,67.68
2008-03-27,NTRS,58246,NORTHERN TRUST CORP,,,-0.013593,0.3463690698465793,0.0005991611743557,-1.0438500501418012e-10,-0.01146,8.84438408836372,66.76,220543.0,14723450.680000002,0.019999999999996,66.8,66.76
2008-03-28,NTRS,58246,NORTHERN TRUST CORP,,,-0.018424,-0.2714051862868591,0.0013734167556844,-1.9783212182807788e-10,-0.00795,6.443972377268832,65.53,220543.0,14452182.79,0.0450000000000017,65.51,65.42
2008-03-31,NTRS,58246,NORTHERN TRUST CORP,,,0.014345,0.4038107957300061,0.0007522190461862,1.0817311794987162e-10,0.005687,9.062842969800489,66.47,220136.0,14632439.92,0.0249999999999985,66.39,66.34
2008-04-01,NTRS,58246,NORTHERN TRUST CORP,,,0.071009,0.2770500907743032,0.0007023458350891,3.9149925997677877e-10,0.035896,11.573704437256968,71.19,220136.0,15671481.84,0.0249999999999985,71.19,71.14
2008-04-02,NTRS,58246,NORTHERN TRUST CORP,,,-0.005759,-0.1969762802178672,0.0011302627860977,-3.976900161256983e-11,-0.001934,9.293959188865063,70.78,220136.0,15581226.08,0.0399999999999991,70.78,70.7
2008-04-03,NTRS,58246,NORTHERN TRUST CORP,,,0.012433,-0.2217064569500009,0.0002790957298352,1.0895919110900768e-10,0.001302,7.233428426063888,71.66,220136.0,15774945.76,0.009999999999998,71.69,71.67
2008-04-04,NTRS,58246,NORTHERN TRUST CORP,,,-0.02456,-0.049422296020066,0.0001430615164521,-2.3212841380901724e-10,0.000796,6.875935785150998,69.9,220136.0,15387506.4,0.0050000000000025,70.01,70.0
2008-04-07,NTRS,58246,NORTHERN TRUST CORP,,,0.005293,0.0977860668414769,0.0014230823964708,4.533058702064154e-11,0.001562,7.548306501435476,70.27,220136.0,15468956.72,0.0500000000000042,70.26,70.16
2008-04-08,NTRS,58246,NORTHERN TRUST CORP,,,-0.020208,-0.0020521721128465,0.0005809731299928,-1.7699905760089055e-10,-0.0051,7.532816077334012,68.85,220136.0,15156363.6,0.0200000000000031,68.9,68.86
2008-04-09,NTRS,58246,NORTHERN TRUST CORP,,,-0.029049,0.6544549535532769,0.0002991772625282,-1.5838950204260383e-10,-0.008092,12.46270487335102,66.85,220136.0,14716091.6,0.0100000000000051,66.87,66.85
2008-04-10,NTRS,58246,NORTHERN TRUST CORP,,,-0.001197,0.0250188628352936,0.0002995357196345,-6.374961042017916e-12,0.004474,12.774507577134136,66.77,220136.0,14698480.72,0.009999999999998,66.77,66.75
2008-04-11,NTRS,58246,NORTHERN TRUST CORP,,,0.00674,-0.2001892516310596,0.0010413567390658,4.4579881852997545e-11,-0.020374,10.217188465312352,67.22,220136.0,14797541.92,0.0350000000000036,67.28,67.21
2008-04-14,NTRS,58246,NORTHERN TRUST CORP,,,-0.033026,0.0908957122424216,0.0012307692307692,-2.0707940569727948e-10,-0.003384,11.145887087981976,65.0,220136.0,14308840.0,0.0399999999999991,65.13,65.05
2008-04-15,NTRS,58246,NORTHERN TRUST CORP,,,0.046769,0.6454054860367027,0.0016166960611404,1.702609797386507e-10,0.0046,18.33950376131119,68.04,220136.0,14978053.44,0.0549999999999997,68.04,67.93
2008-04-16,NTRS,58246,NORTHERN TRUST CORP,,,0.062316,-0.2068005305677099,0.0008301051466519,2.6922808291204865e-10,0.022691,14.546884653123524,72.28,220136.0,15911430.08,0.0300000000000011,72.28,72.22
2008-04-17,NTRS,58246,NORTHERN TRUST CORP,,,0.012037,-0.0884478715720267,0.000546821599453,5.637172888896918e-11,0.000623,13.260243667550968,73.15,220136.0,16102948.4,0.019999999999996,73.19,73.15
2008-04-18,NTRS,58246,NORTHERN TRUST CORP,,,-0.003281,-0.1890237155355308,0.0004114661911946,-1.900939969948089e-11,0.018139,10.75374314060399,72.91,220136.0,16050115.76,0.0150000000000005,72.94,72.91
2008-04-21,NTRS,58246,NORTHERN TRUST CORP,,,0.016321,-0.1233104069385786,0.0009446693657219,1.0612848774626764e-10,-0.001554,9.427694697823163,74.1,220136.0,16312077.6,0.0349999999999965,74.1,74.03
2008-04-22,NTRS,58246,NORTHERN TRUST CORP,,,-0.009042,0.0181918930313798,0.0014980253302464,-5.827264869944667e-11,-0.00881,9.59920231129847,73.43,220136.0,16164586.480000002,0.0549999999999997,73.52,73.41
2008-04-23,NTRS,58246,NORTHERN TRUST CORP,,,0.02247,0.6400126826082635,0.0006659563132658,8.635855884234377e-11,0.0029,15.742813533452049,75.08,220136.0,16527810.88,0.0249999999999985,75.08,75.03
2008-04-24,NTRS,58246,NORTHERN TRUST CORP,,,-0.002264,-0.2704010318678654,0.000400480576692,-1.195305704269734e-11,0.006442,11.485940509503216,74.91,220136.0,16490387.76,0.0150000000000005,74.79,74.76
2008-04-25,NTRS,58246,NORTHERN TRUST CORP,,,0.023895,-0.3173726867918887,0.0010430247718383,1.8049716138130863e-10,0.006495,7.840616709670385,76.7,220136.0,16884431.2,0.0399999999999991,76.77,76.69
2008-04-28,NTRS,58246,NORTHERN TRUST CORP,,,-0.022816,0.0705236726261036,0.0002668445630419,-1.6475185039250707e-10,-0.001052,8.393565795689938,74.95,220136.0,16499193.2,0.009999999999998,74.95,74.93
2008-04-29,NTRS,58246,NORTHERN TRUST CORP,,,-0.00467,-0.1565816576700225,0.0004021447721179,-4.016959392676202e-11,-0.003889,7.079287349638405,74.6,220136.0,16422145.6,0.0150000000000005,74.63,74.6
2008-04-30,NTRS,58246,NORTHERN TRUST CORP,,,-0.006568,0.3127214602613182,-0.0006746727836998,-4.3321464940694e-11,-0.003846,9.293132427226803,74.11,220136.0,16314278.96,-0.0249999999999985,74.06,74.11
2008-05-01,NTRS,58246,NORTHERN TRUST CORP,,,0.041155,-0.1856094064141663,0.0011664074650078,3.201433178648358e-10,0.017141,7.568239633680998,77.16,220136.0,16985693.759999998,0.0450000000000017,77.16,77.07
2008-05-02,NTRS,58246,NORTHERN TRUST CORP,,,-0.016071,0.1452280314661935,0.0011854583772392,-1.10945268755879e-10,0.003236,8.667360177344914,75.92,220136.0,16712725.12,0.0450000000000017,75.92,75.83
2008-05-05,NTRS,58246,NORTHERN TRUST CORP,,,0.001976,-0.3307901790253449,0.000657289338767,2.0343857402366355e-11,-0.004534,5.800282552603845,76.07,220136.0,16745745.519999998,0.0250000000000056,76.12,76.07
2008-05-06,NTRS,58246,NORTHERN TRUST CORP,,,0.007625,0.1189347856562748,0.0006523157208088,6.96278030810617e-11,0.007652,6.490137914743613,76.65,220136.0,16873424.400000002,0.0249999999999985,76.73,76.68
2008-05-07,NTRS,58246,NORTHERN TRUST CORP,,,-0.036921,-0.1446238677747034,0.0006773232186398,-4.092581060989119e-10,-0.018114,5.551509067122143,73.82,220136.0,16250439.519999998,0.0249999999999985,73.89,73.84
2008-05-08,NTRS,58246,NORTHERN TRUST CORP,,,0.00596,0.0912766439705192,0.0,6.018029748536697e-11,0.003669,6.0582321837409605,74.26,220136.0,16347299.36,0.0,74.26,74.26
2008-05-09,NTRS,58246,NORTHERN TRUST CORP,,,-0.017641,-0.0080906694860287,0.0004112405757368,-1.8280536763750338e-10,-0.006725,6.00921702947269,72.95,220136.0,16058921.2,0.0150000000000005,72.95,72.92
2008-05-12,NTRS,58246,NORTHERN TRUST CORP,,,0.039616,-0.2412708971950606,0.0009229957805908,5.204471034106576e-10,0.011021,4.559367845331977,75.84,220136.0,16695114.24,0.0350000000000036,75.81,75.74
2008-05-13,NTRS,58246,NORTHERN TRUST CORP,,,-0.005142,0.8719902040588594,0.0009277667329356,-3.627217127607539e-11,-0.000385,8.535091943162408,75.45,220136.0,16609261.2,0.0349999999999965,75.52,75.45
2008-05-14,NTRS,58246,NORTHERN TRUST CORP,,,0.008085,-0.0740291694897122,0.0002629503023927,6.109801805983869e-11,0.004006,7.903246175091762,76.06,220136.0,16743544.16,0.009999999999998,76.0,75.98
2008-05-15,NTRS,58246,NORTHERN TRUST CORP,,,0.019984,-0.073014601195892,0.0006444960041247,1.5972142330539766e-10,0.010585,7.326193807464477,77.58,220136.0,17078150.88,0.0249999999999985,77.58,77.53
2008-05-16,NTRS,58246,NORTHERN TRUST CORP,,,-0.019593,0.0114958279569359,0.0001314751511963,-1.5791051409898082e-10,0.00125,7.410414471054257,76.06,220136.0,16743544.16,0.0049999999999954,76.07,76.06
2008-05-19,NTRS,58246,NORTHERN TRUST CORP,,,-0.008283,-0.1263851691198241,0.0002651464934375,-7.705307685363627e-11,0.000898,6.473847984882073,75.43,220136.0,16604858.480000002,0.009999999999998,75.49,75.47
2008-05-20,NTRS,58246,NORTHERN TRUST CORP,,,-0.010208,0.1488786613403576,0.000535762121618,-8.350739659910049e-11,-0.009274,7.437665806592288,74.66,220136.0,16435353.76,0.0200000000000031,74.73,74.69
2008-05-21,NTRS,58246,NORTHERN TRUST CORP,,,-0.0146,-0.0378446684720802,0.0008155498165013,-1.2597349474787748e-10,-0.016053,7.156189809935676,73.57,220136.0,16195405.519999998,0.0300000000000011,73.63,73.57
2008-05-22,NTRS,58246,NORTHERN TRUST CORP,,,0.019573,0.1401003596060519,0.0003999466737768,1.4528548447016563e-10,0.002617,8.15877457571683,75.01,220136.0,16512401.36,0.0150000000000005,75.01,74.98
2008-05-23,NTRS,58246,NORTHERN TRUST CORP,,,-0.004,0.2704472060755885,0.0006692544505422,-2.346435538461201e-11,-0.01321,10.365292364719991,74.71,220136.0,16446360.56,0.0250000000000056,74.76,74.71
2008-05-27,NTRS,58246,NORTHERN TRUST CORP,,,0.006425,-0.1758732459919343,0.000132996409097,4.5440845854465815e-11,0.006846,8.542314750881273,75.19,220136.0,16552025.84,0.0050000000000025,75.31,75.3
2008-05-28,NTRS,58246,NORTHERN TRUST CORP,,,0.001729,-0.138644520441953,0.0002655337227829,1.4172146100316772e-11,0.003963,7.357969618781117,75.32,220136.0,16580643.519999998,0.0100000000000051,75.34,75.32
2008-05-29,NTRS,58246,NORTHERN TRUST CORP,,,0.012878,-0.1248319189210213,0.0005243151133832,1.190803972988056e-10,0.005335,6.439460151906094,76.29,220136.0,16794175.44,0.0200000000000031,76.29,76.25
2008-05-30,NTRS,58246,NORTHERN TRUST CORP,,,-0.003801,-0.0673771848327792,0.0003947368421052,-3.783011929595252e-11,0.001516,6.005587455027801,76.0,220136.0,16730336.0,0.0150000000000005,75.88,75.85
2008-06-02,NTRS,58246,NORTHERN TRUST CORP,,,-0.019211,0.2249982224521689,0.0008049369466056,-1.5913970863141808e-10,-0.010504,7.3568339571901,74.54,220136.0,16408937.44,0.029999999999994,74.6,74.54
2008-06-03,NTRS,58246,NORTHERN TRUST CORP,,,-0.006708,0.2413806943360437,0.0005402485143164,-4.506502660432388e-11,-0.005788,9.13263164589163,74.04,220136.0,16298869.44,0.019999999999996,74.08,74.04
2008-06-04,NTRS,58246,NORTHERN TRUST CORP,,,-0.027958,0.5007199984480863,0.0005557871335277,-1.2875613034305595e-10,-0.000327,13.705522949449431,71.97,220136.0,15843187.92,0.019999999999996,71.96,71.92
2008-06-05,NTRS,58246,NORTHERN TRUST CORP,,,0.032097,-0.3566674919682249,0.0004038772213247,2.226231728196328e-10,0.019496,8.817208452956354,74.28,220136.0,16351702.08,0.0150000000000005,74.26,74.23
2008-06-06,NTRS,58246,NORTHERN TRUST CORP,,,-0.035407,-0.0729037061079812,0.0001401148942131,-2.756934258457285e-10,-0.030889,8.174401279209215,71.37,220136.0,15711106.32,0.0049999999999954,71.38,71.37
2008-06-09,NTRS,58246,NORTHERN TRUST CORP,,,-0.018635,-0.0059078178140351,0.0001427755568247,-1.487337668762291e-10,0.000794,8.126108405712833,70.04,220136.0,15418325.44,0.0050000000000025,70.11,70.1
2008-06-10,NTRS,58246,NORTHERN TRUST CORP,,,0.010708,-0.1426045462752865,0.0008475773414324,9.86237680481621e-11,-0.002438,6.967288403532362,70.79,220136.0,15583427.44,0.0300000000000011,70.77,70.71
2008-06-11,NTRS,58246,NORTHERN TRUST CORP,,,-0.025569,0.1979584691387323,0.0002899391127862,-2.0174088982712479e-10,-0.016894,8.346522149943672,68.98,220136.0,15184981.28,0.009999999999998,69.0,68.98
2008-06-12,NTRS,58246,NORTHERN TRUST CORP,,,0.020731,-0.207612511361348,0.0004260758414998,2.0223283804441263e-10,0.00328,6.613679725260748,70.41,220136.0,15499775.76,0.0150000000000005,70.41,70.38
2008-06-13,NTRS,58246,NORTHERN TRUST CORP,,,0.007101,0.7900967711580875,0.0002820476660555,3.8423886195639727e-11,0.015046,11.839126721662971,70.91,220136.0,15609843.76,0.009999999999998,70.91,70.89
2008-06-16,NTRS,58246,NORTHERN TRUST CORP,,,0.006205,-0.2848042642633885,0.0004204625087596,4.665649952490901e-11,8.1e-05,8.467292946178725,71.35,220136.0,15706703.6,0.0150000000000005,71.34,71.31
2008-06-17,NTRS,58246,NORTHERN TRUST CORP,,,-0.010091,0.064611503705023,0.0007079144839303,-7.199762805922702e-11,-0.006771,9.014377475742268,70.63,220136.0,15548205.68,0.0249999999999985,70.67,70.62
2008-06-18,NTRS,58246,NORTHERN TRUST CORP,,,0.012884,0.2140925997876424,0.0001397819401732,7.475205863084911e-11,-0.009712,10.944288984991095,71.54,220136.0,15748529.44,0.0049999999999954,71.6,71.59
2008-06-19,NTRS,58246,NORTHERN TRUST CORP,,,0.03173,0.284804867277207,0.0005419319875356,1.3887979623672547e-10,0.003752,14.061275756804884,73.81,220136.0,16248238.16,0.0200000000000031,73.81,73.77
2008-06-20,NTRS,58246,NORTHERN TRUST CORP,,,-0.015174,0.3812934254228783,0.0004127115146512,-4.882291099651531e-11,-0.018543,19.422747755932697,72.69,220136.0,16001685.84,0.0150000000000005,72.83,72.8
2008-06-23,NTRS,58246,NORTHERN TRUST CORP,,,-0.026138,-0.4737627951425351,0.0011301031219098,-1.6410323826357803e-10,5.3e-05,10.22097248973362,70.79,220136.0,15583427.44,0.0399999999999991,70.87,70.79
2008-06-24,NTRS,58246,NORTHERN TRUST CORP,,,0.00226,0.3406860610025581,0.0005637773079634,1.0559555936246858e-11,-0.002815,13.703115346876476,70.95,220136.0,15618649.2,0.0200000000000031,70.95,70.91
2008-06-25,NTRS,58246,NORTHERN TRUST CORP,,,-0.001268,-0.3090428831091423,0.000564493367203,-8.585322759869737e-12,0.005843,9.468265072500635,70.86,220136.0,15598836.96,0.0200000000000031,70.93,70.89
2008-06-26,NTRS,58246,NORTHERN TRUST CORP,,,-0.017923,-0.1303954409765169,0.0007184940364994,-1.420955841217981e-10,-0.029365,8.233646473089363,69.59,220136.0,15319264.24,0.0249999999999985,69.7,69.65
2008-06-27,NTRS,58246,NORTHERN TRUST CORP,,,-0.008766,0.3435230027552769,0.0007248477819657,-5.218550411747943e-11,-0.003717,11.062093433150416,68.98,220136.0,15184981.28,0.0249999999999985,68.98,68.93
2008-06-30,NTRS,58246,NORTHERN TRUST CORP,,,-0.005944,-0.3580241995922247,0.0007291818579553,-5.5449495702877195e-11,0.001267,7.072328509321547,68.57,221047.0,15157192.79,0.0249999999999985,68.56,68.51
2008-07-01,NTRS,58246,NORTHERN TRUST CORP,,,0.024209,1.042659294308192,0.0004271678769756,1.0794715405956871e-10,0.003836,14.44635756196646,70.23,221047.0,15524130.81,0.0150000000000005,70.23,70.2
2008-07-02,NTRS,58246,NORTHERN TRUST CORP,,,-0.024206,-0.2755865048457344,0.0008755289654166,-1.526907681355171e-10,-0.018204,10.465136373712378,68.53,221047.0,15148350.91,0.0300000000000011,68.59,68.53
2008-07-03,NTRS,58246,NORTHERN TRUST CORP,,,-0.00788,-0.4924071245807373,0.0013237240770702,-9.870431556431458e-11,0.001094,5.312028663587382,67.99,221047.0,15028985.53,0.0450000000000017,67.98,67.89
2008-07-07,NTRS,58246,NORTHERN TRUST CORP,,,-0.025004,1.0840481413855128,0.0007542615779151,-1.541376343664082e-10,-0.008385,11.070523463335851,66.29,221047.0,14653205.63,0.0249999999999985,66.34,66.29
2008-07-08,NTRS,58246,NORTHERN TRUST CORP,,,0.070146,0.3838795703986668,0.0007048209754721,2.91985070990551e-10,0.01708,15.32027125452958,70.94,221047.0,15681074.18,0.0249999999999985,70.89,70.84
2008-07-09,NTRS,58246,NORTHERN TRUST CORP,,,-0.041021,-0.2054838328657906,0.0002939879464941,-2.2410521021549834e-10,-0.022776,12.172203196605247,68.03,221047.0,15037827.41,0.009999999999998,68.06,68.04
2008-07-10,NTRS,58246,NORTHERN TRUST CORP,,,0.019697,0.1023080476721243,0.0018740089375812,9.573518779456187e-11,0.00699,13.41751754151832,69.37,221047.0,15334030.39,0.0650000000000048,69.4,69.27
2008-07-11,NTRS,58246,NORTHERN TRUST CORP,,,0.005334,0.0537044042588055,0.0007169486664754,2.4473465799007116e-11,-0.01109,14.138097327717634,69.74,221047.0,15415817.78,0.0249999999999985,69.8,69.75
2008-07-14,NTRS,58246,NORTHERN TRUST CORP,,,-0.047319,-0.1253858972783682,0.0015051173991572,-2.6056367219002616e-10,-0.009028,12.36537930847286,66.44,221047.0,14686362.68,0.0500000000000042,66.54,66.44
2008-07-15,NTRS,58246,NORTHERN TRUST CORP,,,0.011288,0.934348578473876,0.0007441583568983,3.177499954198385e-11,-0.010901,23.91895388763476,67.19,221047.0,14852147.93,0.0249999999999985,67.24,67.19
2008-07-16,NTRS,58246,NORTHERN TRUST CORP,,,0.131121,0.159341036572576,0.0009210526315788,2.8146256760577555e-10,0.025064,27.730224793822128,76.0,221047.0,16799572.0,0.0349999999999965,76.0,75.93
2008-07-17,NTRS,58246,NORTHERN TRUST CORP,,,0.032632,-0.0929056200785587,0.0012742099898064,7.478150589764621e-11,0.012013,25.15393106443426,78.48,221047.0,17347768.560000002,0.0500000000000042,78.37,78.27
2008-07-18,NTRS,58246,NORTHERN TRUST CORP,,,-0.00446,-0.3002873457272498,0.001023934468194,-1.4672591101503697e-11,0.000286,17.60052387048908,78.13,221047.0,17270402.11,0.0399999999999991,78.13,78.05
2008-07-21,NTRS,58246,NORTHERN TRUST CORP,,,-0.013439,-0.3219188169877572,0.0002594706798131,-6.608963228912393e-11,-0.000539,11.934584047736454,77.08,221047.0,17038302.759999998,0.009999999999998,77.08,77.06
2008-07-22,NTRS,58246,NORTHERN TRUST CORP,,,0.045537,0.653297974606005,0.0007445092443231,1.2955083418983558e-10,0.013492,19.73142363388781,80.59,221047.0,17814177.73,0.0300000000000011,80.59,80.53
2008-07-23,NTRS,58246,NORTHERN TRUST CORP,,,-0.0237,0.0338536197499432,0.0012709710218606,-6.680083574878492e-11,0.004064,20.3994037467145,78.68,221047.0,17391977.96,0.0499999999999971,78.66,78.56
2008-07-24,NTRS,58246,NORTHERN TRUST CORP,,,-0.040798,-0.2804079280107211,0.001590035775805,-1.6660040581108178e-10,-0.023125,14.679249209444146,75.47,221047.0,16682417.09,0.0600000000000022,75.59,75.47
2008-07-25,NTRS,58246,NORTHERN TRUST CORP,,,0.0212,-0.1785285028001692,0.0016867782535356,1.0319758496848099e-10,0.004168,12.058584825851517,77.07,221047.0,17036092.29,0.0649999999999977,77.19,77.06
2008-07-28,NTRS,58246,NORTHERN TRUST CORP,,,-0.035422,-0.0791059435440969,0.0022867904223836,-1.9411535212043939e-10,-0.018597,11.104679095396,74.34,221047.0,16432633.98,0.0850000000000008,74.51,74.34
2008-07-29,NTRS,58246,NORTHERN TRUST CORP,,,0.052731,0.5697796351097668,0.0007666751852798,1.7486256126504126e-10,0.023356,17.43189909838179,78.26,221047.0,17299138.220000003,0.0300000000000011,78.26,78.2
2008-07-30,NTRS,58246,NORTHERN TRUST CORP,,,0.004728,-0.201570925881375,0.0019076688286912,1.954445302267629e-11,0.016672,13.918135057250268,78.63,221047.0,17380925.61,0.0749999999999957,78.63,78.48
2008-07-31,NTRS,58246,NORTHERN TRUST CORP,,,-0.00585,-0.178146905539365,0.0001279263144429,-2.959755851498462e-11,-0.013144,11.43866236592218,78.17,221047.0,17279243.990000002,0.0050000000000025,78.17,78.16
2008-08-01,NTRS,58246,NORTHERN TRUST CORP,,,0.003966,-0.0390803652151765,0.0011467889908255,2.0799207215026356e-11,-0.005578,10.991635263088844,78.48,221047.0,17347768.560000002,0.0449999999999946,78.57,78.48
2008-08-04,NTRS,58246,NORTHERN TRUST CORP,,,-0.00446,-0.1335182419984952,0.0003839754255727,-2.711506666949331e-11,-0.008966,9.524051446072557,78.13,221047.0,17270402.11,0.0150000000000005,78.16,78.13
2008-08-05,NTRS,58246,NORTHERN TRUST CORP,,,0.034302,0.2554787691609077,0.0004949882440292,1.605974351710442e-10,0.028719,11.957244386940332,80.81,221047.0,17862808.07,0.0200000000000031,80.81,80.77
2008-08-06,NTRS,58246,NORTHERN TRUST CORP,,,0.002722,0.0510246818807973,0.0003702332469455,1.2092431509042456e-11,0.003354,12.567358977954914,81.03,221047.0,17911438.41,0.0150000000000005,81.06,81.03
2008-08-07,NTRS,58246,NORTHERN TRUST CORP,,,-0.043811,0.0685214456419185,0.0014197212183789,-1.904941597314276e-10,-0.017934,13.42849258302533,77.48,221047.0,17126721.560000002,0.0549999999999997,77.72,77.61
2008-08-08,NTRS,58246,NORTHERN TRUST CORP,,,0.024006,-0.2748601232747863,0.0013864381144441,1.405704154762733e-10,0.023893,9.737535456260431,79.34,221047.0,17537868.98,0.0549999999999997,79.3,79.19
2008-08-11,NTRS,58246,NORTHERN TRUST CORP,,,0.022309,0.2726675100455156,0.0004931574405129,1.0040539933643115e-10,0.006943,12.392645003098888,81.11,221047.0,17929122.169999998,0.0200000000000031,81.11,81.07
2008-08-12,NTRS,58246,NORTHERN TRUST CORP,,,-0.030699,-0.0799548945245179,0.0011447468837444,-1.5492925616358524e-10,-0.012051,11.401792378996324,78.62,221047.0,17378715.14,0.0449999999999946,78.74,78.65
2008-08-13,NTRS,58246,NORTHERN TRUST CORP,,,-0.028873,0.0805866052567678,0.0003929273084479,-1.3885628315516128e-10,-0.002916,12.32062412066212,76.35,221047.0,16876938.45,0.0150000000000005,76.39,76.36
2008-08-14,NTRS,58246,NORTHERN TRUST CORP,,,0.030386,-0.2814021400164571,0.0001271132579128,1.9736090612319472e-10,0.005522,8.85357412676942,78.67,221047.0,17389767.490000002,0.0050000000000025,78.68,78.67
2008-08-15,NTRS,58246,NORTHERN TRUST CORP,,,0.008008,0.2141180426109421,0.0001261034047919,4.2499782861296086e-11,0.004076,10.74928408890417,79.3,221047.0,17529027.099999998,0.0050000000000025,79.29,79.28
2008-08-18,NTRS,58246,NORTHERN TRUST CORP,,,-0.031652,-0.0510745142138557,0.0018231540565177,-1.828101111129576e-10,-0.015098,10.20026962591666,76.79,221047.0,16974199.130000003,0.0700000000000002,76.93,76.79
2008-08-19,NTRS,58246,NORTHERN TRUST CORP,,,-0.016278,-0.0248720583624091,0.0006619009796134,-9.800905139130475e-11,-0.009315,9.946567924468551,75.54,221047.0,16697890.38,0.0249999999999985,75.61,75.56
2008-08-20,NTRS,58246,NORTHERN TRUST CORP,,,0.035081,0.0303971648172818,0.0002557871850619,1.9804241725773075e-10,0.006197,10.248915389034911,78.19,221047.0,17283664.93,0.009999999999998,78.21,78.19
2008-08-21,NTRS,58246,NORTHERN TRUST CORP,,,-0.012534,-0.2848922000165969,0.0001295169019555,-1.0020331510858531e-10,0.002495,7.3290793360688,77.21,221047.0,17067038.869999997,0.0049999999999954,77.21,77.2
2008-08-22,NTRS,58246,NORTHERN TRUST CORP,,,0.027846,0.0817995013798777,0.0008820564516128,2.00207496354892e-10,0.011333,7.928594371332793,79.36,221047.0,17542289.919999998,0.0349999999999965,79.36,79.29
2008-08-25,NTRS,58246,NORTHERN TRUST CORP,,,-0.033014,-0.2146318139076294,0.0005212405525148,-3.1255195688719617e-10,-0.019625,6.226865779675816,76.74,221047.0,16963146.779999997,0.019999999999996,76.77,76.73
2008-08-26,NTRS,58246,NORTHERN TRUST CORP,,,0.007819,-0.004125164374505,0.0009050943884147,7.375443784574615e-11,0.003686,6.201178934796673,77.34,221047.0,17095774.98,0.0349999999999965,77.49,77.42
2008-08-27,NTRS,58246,NORTHERN TRUST CORP,,,0.019007,-0.1830805280605099,0.0001268874508311,2.1537441511090083e-10,0.007983,5.065863820816388,78.81,221047.0,17420714.07,0.0050000000000025,78.92,78.91
2008-08-28,NTRS,58246,NORTHERN TRUST CORP,,,0.035402,0.454012077221346,0.0017156862745098,2.664596720143216e-10,0.01484,7.3658271770257,81.6,221047.0,18037435.2,0.0700000000000002,81.6,81.46
2008-08-29,NTRS,58246,NORTHERN TRUST CORP,,,-0.014828,-0.077557711181837,0.0001243935812912,-1.2281041359770648e-10,-0.013724,6.794550480214615,80.39,221047.0,17769968.330000002,0.0050000000000025,80.4,80.39
2008-09-02,NTRS,58246,NORTHERN TRUST CORP,,,-0.000249,0.2430430483749079,0.0004976981460744,-1.6594870011238554e-12,-0.004093,8.44591874126317,80.37,221047.0,17765547.39,0.0200000000000031,80.36,80.32
2008-09-03,NTRS,58246,NORTHERN TRUST CORP,,,0.018042,0.4153882412176042,0.0009777560498655,8.344841576911524e-11,-0.002035,11.95425407266328,81.82,221047.0,18086065.54,0.0399999999999991,81.83,81.75
2008-09-04,NTRS,58246,NORTHERN TRUST CORP,,,-0.053899,0.0612393337703012,0.0003875468285751,-2.4829226760497687e-10,-0.029922,12.68632462779409,77.41,221047.0,17111248.27,0.0150000000000005,77.44,77.41
2008-09-05,NTRS,58246,NORTHERN TRUST CORP,,,0.041597,-0.1683551607296576,0.0014882797966016,2.212111472456273e-10,0.004431,10.5505164060132,80.63,221047.0,17823019.61,0.0599999999999951,80.55,80.43
2008-09-08,NTRS,58246,NORTHERN TRUST CORP,,,0.046881,1.2087481133369922,0.0005943183168904,1.0817862177735232e-10,0.02051,23.303433206512643,84.13,221047.0,18596684.11,0.0249999999999985,84.1,84.05
2008-09-09,NTRS,58246,NORTHERN TRUST CORP,,,-0.020563,-0.074240257619943,0.0014563106796117,-5.2330687319915176e-11,-0.034138,21.57338032183201,82.4,221047.0,18214272.8,0.0600000000000022,82.4,82.28
2008-09-10,NTRS,58246,NORTHERN TRUST CORP,,,0.015777,-0.2206398305964416,0.0001194743130227,5.0717511455062045e-11,0.006149,16.813433342230386,83.7,221047.0,18501633.9,0.0050000000000025,83.7,83.69
2008-09-11,NTRS,58246,NORTHERN TRUST CORP,,,0.041816,0.2896499154190743,0.0017201834862385,1.0004908855797124e-10,0.013806,21.683442887711664,87.2,221047.0,19275298.4,0.0750000000000028,87.23,87.08
2008-09-12,NTRS,58246,NORTHERN TRUST CORP,,,-0.001261,-0.2932448164638039,0.0004592949822023,-4.274299285001453e-12,0.002122,15.324885657801282,87.09,221047.0,19250983.23,0.0200000000000031,87.14,87.1
2008-09-15,NTRS,58246,NORTHERN TRUST CORP,,,-0.034447,0.4518261146797657,0.001427042454513,-8.329339816644615e-11,-0.047136,22.2490692024773,84.09,221047.0,18587842.23,0.0600000000000022,84.2,84.08
2008-09-16,NTRS,58246,NORTHERN TRUST CORP,,,-0.044595,0.8020048433436557,0.0026138909634056,-6.263281264747969e-11,0.017515,40.09293046275226,80.34,221047.0,17758915.98,0.1050000000000039,80.34,80.13
2008-09-17,NTRS,58246,NORTHERN TRUST CORP,,,-0.119741,-0.0254768955935521,0.0021210407239819,-1.9604513202986788e-10,-0.047133,39.07148705931318,70.72,221047.0,15632443.84,0.0750000000000028,70.9,70.75
2008-09-18,NTRS,58246,NORTHERN TRUST CORP,,,0.066883,0.9411461755649048,0.0002650762094101,5.287540346470856e-11,0.043342,75.84346767881944,75.45,221047.0,16677996.15,0.009999999999998,75.45,75.43
2008-09-19,NTRS,58246,NORTHERN TRUST CORP,,,0.014579,-0.0820157696664074,0.0111038536903983,1.237498022747512e-11,0.040257,69.62310730297176,76.55,221047.0,16921147.849999998,0.4249999999999971,71.0,70.15
2008-09-22,NTRS,58246,NORTHERN TRUST CORP,,,-0.072502,-0.7889895106419573,0.0112676056338027,-3.144485282061461e-10,-0.038237,14.691205942627588,71.0,221047.0,15694337.0,0.3999999999999986,71.89,71.09
2008-09-23,NTRS,58246,NORTHERN TRUST CORP,,,-0.027746,-0.2857395363188375,0.000144864551644,-1.7328613900014463e-10,-0.015633,10.49334756861663,69.03,221047.0,15258874.41,0.0049999999999954,69.16,69.15
2008-09-24,NTRS,58246,NORTHERN TRUST CORP,,,0.060408,0.2846408507266365,0.0012295081967213,2.7695101731194725e-10,-0.001978,13.48018294751795,73.2,221047.0,16180640.4,0.0450000000000017,73.2,73.11
2008-09-25,NTRS,58246,NORTHERN TRUST CORP,,,0.017623,-0.1368700234985841,0.0001342462075445,9.198674589009106e-11,0.019656,11.635149990725957,74.49,221047.0,16465791.03,0.0049999999999954,75.24,75.23
2008-09-26,NTRS,58246,NORTHERN TRUST CORP,,,0.072627,-0.0913191143564231,0.0132665832290363,3.889406376185504e-10,0.003167,10.572638398168715,79.9,221047.0,17661655.3,0.5300000000000011,79.9,78.84
2008-09-29,NTRS,58246,NORTHERN TRUST CORP,,,-0.18811,0.3986089300614022,0.1310312933559426,-8.871635388518504e-10,-0.087897,14.786986477988844,64.87,221047.0,14339318.89,4.25,77.0,68.5
2008-09-30,NTRS,58246,NORTHERN TRUST CORP,,,0.112995,-0.1943875991664981,0.0029085872576176,5.943353818227829e-10,0.054203,11.806451034371442,72.2,223034.0,16103054.8,0.1049999999999968,73.72,73.51
2008-10-01,NTRS,58246,NORTHERN TRUST CORP,,,-0.009141,-0.2234805790584982,0.0001397819401732,-6.248877449426416e-11,-0.004544,9.167938520584306,71.54,223034.0,15955852.36,0.0049999999999954,71.55,71.54
2008-10-02,NTRS,58246,NORTHERN TRUST CORP,,,-0.094073,-0.0515003702142351,0.0015429717636168,-7.484159615826101e-10,-0.040291,8.695786292672866,64.81,223034.0,14454833.54,0.0500000000000042,65.12,65.02
2008-10-03,NTRS,58246,NORTHERN TRUST CORP,,,-0.012035,0.0728240290060717,0.0001561767921287,-9.033460902577167e-11,-0.013506,9.329048485881076,64.03,223034.0,14280867.02,0.0050000000000025,64.29,64.28
2008-10-06,NTRS,58246,NORTHERN TRUST CORP,,,-0.052319,1.4672155217367275,0.0001647989452867,-1.6795709337344902e-10,-0.038518,23.016773227400307,60.68,223034.0,13533703.12,0.004999999999999,59.39,59.38
2008-10-07,NTRS,58246,NORTHERN TRUST CORP,,,-0.086519,-0.2096301117185994,0.0059534548078657,-3.846986961586046e-10,-0.057395,18.191764484338712,55.43,223034.0,12362774.62,0.1649999999999991,56.05,55.72
2008-10-08,NTRS,58246,NORTHERN TRUST CORP,,,0.024716,-0.1586855760685092,0.0001760563380281,1.2747517530817696e-10,-0.011333,15.304993857438776,56.8,223034.0,12668331.2,0.004999999999999,57.1,57.09
2008-10-09,NTRS,58246,NORTHERN TRUST CORP,,,-0.103521,0.0867833746492638,0.000981932443048,-5.48015503037726e-10,-0.076167,16.633212873373566,50.92,223034.0,11356891.28,0.0250000000000021,51.03,50.98
2008-10-10,NTRS,58246,NORTHERN TRUST CORP,,,0.110958,0.4560024173992363,0.0056567085027399,3.63130833312865e-10,-0.011759,24.217998152748013,56.57,223034.0,12617033.38,0.1600000000000001,57.07,56.75
2008-10-13,NTRS,58246,NORTHERN TRUST CORP,,,0.113841,-0.4422415738626591,0.0041263291541024,5.996996113860071e-10,0.1158,13.50779253387376,63.01,223034.0,14053372.34,0.129999999999999,63.21,62.95
2008-10-14,NTRS,58246,NORTHERN TRUST CORP,,,0.012062,0.494743082361087,0.0040771522659558,4.2003057027481296e-11,-0.005322,20.190679447976542,63.77,223034.0,14222878.180000002,0.1300000000000025,63.77,63.51
2008-10-15,NTRS,58246,NORTHERN TRUST CORP,,,-0.138623,-0.4051123110458144,0.0045512470416894,-9.42038616045617e-10,-0.09035,12.011186635221536,54.93,223034.0,12251257.62,0.125,55.25,55.0
2008-10-16,NTRS,58246,NORTHERN TRUST CORP,,,0.060623,0.2246594968164208,0.0060075523515276,3.1717182461979865e-10,0.042507,14.709613780858524,58.26,223034.0,12993960.84,0.1750000000000007,58.26,57.91
2008-10-17,NTRS,58246,NORTHERN TRUST CORP,,,-0.033986,-0.2548757233115415,0.0007107320540156,-2.4702727510874554e-10,-0.006213,10.960490328828788,56.28,223034.0,12552353.52,0.0199999999999995,56.32,56.28
2008-10-20,NTRS,58246,NORTHERN TRUST CORP,,,0.037847,-0.2584180724399708,0.002568053415511,3.5742428740141466e-10,0.047685,8.12810154505591,58.41,223034.0,13027415.94,0.0749999999999992,58.41,58.26
2008-10-21,NTRS,58246,NORTHERN TRUST CORP,,,-0.003766,0.3536103236739198,0.0018903591682419,-2.63741278159007e-11,-0.0308,11.00228216325762,58.19,223034.0,12978348.46,0.0549999999999997,58.3,58.19
2008-10-22,NTRS,58246,NORTHERN TRUST CORP,,,-0.121327,0.2461205363091883,0.002738118521416,-7.760107921579195e-10,-0.061013,13.710169749903605,51.13,223034.0,11403728.42,0.0700000000000002,51.17,51.03
2008-10-23,NTRS,58246,NORTHERN TRUST CORP,,,-0.01017,0.1464772123012563,0.0039517881841533,-5.731988142983824e-11,0.012634,15.718397195046496,50.61,223034.0,11287750.74,0.1000000000000014,50.85,50.65
2008-10-24,NTRS,58246,NORTHERN TRUST CORP,,,-0.021142,-0.2621865245453381,-0.0054501412999596,-1.6499248022305796e-10,-0.034511,11.597245263054065,49.54,223034.0,11049104.36,-0.1350000000000015,49.22,49.49
2008-10-27,NTRS,58246,NORTHERN TRUST CORP,,,0.002826,-0.0271474301974035,0.0002012882447664,2.2605682559463638e-11,-0.031764,11.282409856793135,49.68,223034.0,11080329.12,0.004999999999999,49.69,49.68
2008-10-28,NTRS,58246,NORTHERN TRUST CORP,,,0.106481,0.1918472746954829,0.0020010915044569,6.458814785064484e-10,0.10789,13.44690943981635,54.97,223034.0,12260178.98,0.0549999999999997,55.11,55.0
2008-10-29,NTRS,58246,NORTHERN TRUST CORP,,,0.002547,-0.1663589095193987,0.0021774632553075,1.8485272945035768e-11,-0.011079,11.209896249002394,55.11,223034.0,12291403.74,0.0599999999999987,54.96,54.84
2008-10-30,NTRS,58246,NORTHERN TRUST CORP,,,0.007984,-0.0694627763992148,0.0003600360036004,6.177745997979115e-11,0.025804,10.431225732399543,55.55,223034.0,12389538.7,0.0100000000000015,55.57,55.55
2008-10-31,NTRS,58246,NORTHERN TRUST CORP,,,0.013681,0.0523034852943324,-0.0037293553542886,9.923957364418001e-11,0.015365,10.976815194095968,56.31,223034.0,12559044.54,-0.1049999999999968,56.09,56.3
2008-11-03,NTRS,58246,NORTHERN TRUST CORP,,,-0.052744,-0.0843647360941882,0.0003749531308587,-4.4111326230880237e-10,-0.002529,10.050759077091383,53.34,223034.0,11896633.56,0.0100000000000015,53.34,53.32
2008-11-04,NTRS,58246,NORTHERN TRUST CORP,,,0.074803,0.5954785313211943,0.0054072911215768,3.648179286011634e-10,0.040826,16.035770330980927,57.33,223034.0,12786539.22,0.1550000000000011,57.34,57.03
2008-11-05,NTRS,58246,NORTHERN TRUST CORP,,,-0.088087,-0.4184470275871363,0.00592960979342,-8.100765488027134e-10,-0.052677,9.32564990091197,52.28,223034.0,11660217.52,0.1550000000000011,52.61,52.3
2008-11-06,NTRS,58246,NORTHERN TRUST CORP,,,-0.046289,-0.0851698873571651,0.0034095467308464,-4.879045771732892e-10,-0.050264,8.531385349318938,49.86,223034.0,11120475.24,0.0850000000000008,50.08,49.91
2008-11-07,NTRS,58246,NORTHERN TRUST CORP,,,0.032892,0.0016202532177767,0.0001941747572816,3.3511149313830377e-10,0.028855,8.545208353883265,51.5,223034.0,11486251.0,0.0050000000000025,51.63,51.62
2008-11-10,NTRS,58246,NORTHERN TRUST CORP,,,-0.018835,-0.3229828655859365,0.0025727290718384,-2.8888363248320657e-10,-0.012653,5.785252472717164,50.53,223034.0,11269908.02,0.0649999999999977,50.69,50.56
2008-11-11,NTRS,58246,NORTHERN TRUST CORP,,,-0.079557,1.2347741779482106,0.0030101053536872,-5.932053019208308e-10,-0.022041,12.928732838939354,46.51,223034.0,10373311.34,0.0699999999999967,46.66,46.52
2008-11-12,NTRS,58246,NORTHERN TRUST CORP,,,-0.025156,-0.03238684855839,0.003970004411116,-1.9885259975726263e-10,-0.051894,12.51001192643274,45.34,223034.0,10112361.56,0.0899999999999998,45.47,45.29
2008-11-13,NTRS,58246,NORTHERN TRUST CORP,,,0.098368,0.2259900693795835,0.0006024096385542,5.774425057800077e-10,0.069213,15.337150389626691,49.8,223034.0,11107093.2,0.0150000000000005,50.01,49.98
2008-11-14,NTRS,58246,NORTHERN TRUST CORP,,,-0.097992,-0.1981260593573373,0.0033392698130008,-7.952964148186628e-10,-0.041699,12.298461221159108,44.92,223034.0,10018687.28,0.0749999999999992,45.05,44.9
2008-11-17,NTRS,58246,NORTHERN TRUST CORP,,,-0.061443,-0.0162961747737402,0.0011859582542695,-5.401142064250516e-10,-0.02581,12.09804334765103,42.16,223034.0,9403113.44,0.0250000000000021,42.2,42.15
2008-11-18,NTRS,58246,NORTHERN TRUST CORP,,,0.033444,0.3096385653797333,0.0002295157218268,2.1721658912747038e-10,0.009838,15.844064133719522,43.57,223034.0,9717591.38,0.004999999999999,43.57,43.56
2008-11-19,NTRS,58246,NORTHERN TRUST CORP,,,-0.112922,-0.2237718127832496,0.004398447606727,-1.0651284597630872e-09,-0.061156,12.298609180663036,38.65,223034.0,8620264.1,0.0850000000000008,38.82,38.65
2008-11-20,NTRS,58246,NORTHERN TRUST CORP,,,-0.107633,0.3157617476872105,0.0028993911278631,-8.646650806916714e-10,-0.067123,16.18203950967117,34.49,223034.0,7692442.66,0.0500000000000007,34.59,34.49
2008-11-21,NTRS,58246,NORTHERN TRUST CORP,,,0.100029,0.163827166822059,0.0005271481286242,6.276763705131514e-10,0.063248,18.83309719594322,37.94,223034.0,8461909.959999999,0.0100000000000015,37.96,37.94
2008-11-24,NTRS,58246,NORTHERN TRUST CORP,,,0.156827,0.0864061007218086,0.0059239006607428,7.83015280045327e-10,0.064723,20.4603916891595,43.89,223034.0,9788962.26,0.1300000000000025,43.88,43.62
2008-11-25,NTRS,58246,NORTHERN TRUST CORP,,,-0.053087,-0.1991211306223064,0.0,-3.4951095495189033e-10,0.006551,16.38629536303882,41.56,223034.0,9269293.04,0.0,41.56,41.56
2008-11-26,NTRS,58246,NORTHERN TRUST CORP,,,0.068576,-0.3481488636142874,0.0006755235307361,6.481732400709774e-10,0.035328,10.681425253548786,44.41,223034.0,9904939.94,0.014999999999997,44.41,44.38
2008-11-28,NTRS,58246,NORTHERN TRUST CORP,,,0.033326,-0.2984081490277759,0.0045761603835256,4.34490532060896e-10,0.009643,7.494000914658751,45.89,223034.0,10235030.26,0.1049999999999968,45.91,45.7
2008-12-01,NTRS,58246,NORTHERN TRUST CORP,,,-0.141425,0.80985535028063,0.0002538071065989,-1.186591640816001e-09,-0.089295,13.563057650403078,39.4,223034.0,8787539.6,0.004999999999999,39.41,39.4
2008-12-02,NTRS,58246,NORTHERN TRUST CORP,,,0.081726,-0.051310353673344,0.0009385265133739,6.681807444261405e-10,0.039941,12.867132365468942,42.62,223034.0,9505709.08,0.0199999999999995,42.67,42.63
2008-12-03,NTRS,58246,NORTHERN TRUST CORP,,,0.068747,0.0763409956345511,0.0052689352360044,4.886103316194421e-10,0.025836,13.8494220612104,45.55,223034.0,10159198.7,0.120000000000001,45.65,45.41
2008-12-04,NTRS,58246,NORTHERN TRUST CORP,,,0.013611,0.135278604755362,0.0021659085986571,8.406689018679752e-11,-0.029308,15.722952554319072,46.17,223034.0,10297479.78,0.0500000000000007,46.27,46.17
2008-12-05,NTRS,58246,NORTHERN TRUST CORP,,,0.095517,-0.2233952605159245,0.0049426650850138,6.93420432950706e-10,0.036499,12.210519472367444,50.58,223034.0,11281059.72,0.125,50.58,50.33
2008-12-08,NTRS,58246,NORTHERN TRUST CORP,,,0.050613,0.119761574025625,0.004729474082482,3.139815632802762e-10,0.038387,13.67287050404871,52.86,223034.0,11789577.24,0.125,52.86,52.61
2008-12-09,NTRS,58246,NORTHERN TRUST CORP,,,-0.052024,0.0427700798323666,0.000199560965875,-3.2648257181606383e-10,-0.023118,14.257660267044486,50.11,223034.0,11176233.74,0.004999999999999,50.21,50.2
2008-12-10,NTRS,58246,NORTHERN TRUST CORP,,,0.003193,-0.3038818620333761,0.0013924806047344,2.8693778937249197e-11,0.011894,9.925015916855726,50.27,223034.0,11211919.180000002,0.0350000000000001,50.26,50.19
2008-12-11,NTRS,58246,NORTHERN TRUST CORP,,,-0.092302,0.0729399317677501,0.0043830813061581,-8.516927466373023e-10,-0.028524,10.648945900625018,45.63,223034.0,10177041.42,0.0999999999999978,45.83,45.63
2008-12-12,NTRS,58246,NORTHERN TRUST CORP,,,0.003506,0.0433830145296341,0.0002183882943873,3.089724892195469e-11,0.007028,11.11092927535712,45.79,223034.0,10212726.86,0.004999999999999,45.8,45.79
2008-12-15,NTRS,58246,NORTHERN TRUST CORP,,,-0.012448,-0.3447798023901232,0.0004422821760282,-1.6953535842278438e-10,-0.012686,7.280105275428858,45.22,223034.0,10085597.48,0.009999999999998,45.23,45.21
2008-12-16,NTRS,58246,NORTHERN TRUST CORP,,,0.12782,0.5620981812650157,0.003921568627451,9.881242951825822e-10,0.05136,11.372239210165269,51.0,223034.0,11374734.0,0.1000000000000014,51.0,50.8
2008-12-17,NTRS,58246,NORTHERN TRUST CORP,,,-0.009216,-0.2793443925948472,0.0009895111814764,-9.978111163919986e-11,-0.009593,8.195467955558346,50.53,223034.0,11269908.02,0.0250000000000021,50.53,50.48
2008-12-18,NTRS,58246,NORTHERN TRUST CORP,,,-0.023155,0.1342443765085881,0.0020259319286872,-2.2626541148097516e-10,-0.021163,9.295663441448388,49.36,223034.0,11008958.24,0.0500000000000007,49.46,49.36
2008-12-19,NTRS,58246,NORTHERN TRUST CORP,,,0.044773,0.8039251435789911,0.0,2.3213952273008606e-10,0.002937,16.768681008276765,51.57,223034.0,11501863.38,0.0,51.51,51.51
2008-12-22,NTRS,58246,NORTHERN TRUST CORP,,,-0.031026,-0.4032180869126248,0.0022013207924754,-2.781831431808301e-10,-0.018302,10.007245532071344,49.97,223034.0,11145008.98,0.0549999999999997,50.14,50.03
2008-12-23,NTRS,58246,NORTHERN TRUST CORP,,,-0.011007,-0.4750057796838288,0.0008093889113718,-1.9007547056127892e-10,-0.009717,5.253746065622281,49.42,223034.0,11022340.28,0.0199999999999995,49.46,49.42
2008-12-24,NTRS,58246,NORTHERN TRUST CORP,,,0.003238,-0.677137205102734,0.0002016942315449,1.7262836964113302e-10,0.005781,1.696239138427325,49.58,223034.0,11058025.72,0.004999999999999,49.58,49.57
2008-12-26,NTRS,58246,NORTHERN TRUST CORP,,,-0.006253,0.5350193883997367,0.0002029632636492,-2.1854146399236548e-10,0.005356,2.603759964848409,49.27,223034.0,10988885.180000002,0.004999999999999,49.29,49.28
2008-12-29,NTRS,58246,NORTHERN TRUST CORP,,,-0.029633,0.8573701584393356,0.0014641288433382,-5.746274855837131e-10,-0.003873,4.836146058448488,47.81,223034.0,10663255.54,0.0350000000000001,47.8,47.73
2008-12-30,NTRS,58246,NORTHERN TRUST CORP,,,0.052709,0.1595188318461002,0.0001986886548777,8.373548844357657e-10,0.024407,5.607602428329313,50.33,223034.0,11225301.22,0.004999999999999,50.32,50.31
2008-12-31,NTRS,58246,NORTHERN TRUST CORP,,,0.035963,0.5212971121448549,0.0001917913310319,3.62512141543465e-10,0.014158,8.522079341404531,52.14,223263.0,11640932.82,0.0050000000000025,52.13,52.12
2009-01-02,NTRS,58246,NORTHERN TRUST CORP,,,0.020713,0.2842660163507502,0.0013152950018789,1.5927617406307355e-10,0.031608,10.944616886810625,53.22,223263.0,11882056.86,0.0350000000000001,53.21,53.14
2009-01-05,NTRS,58246,NORTHERN TRUST CORP,,,-0.009771,-0.0969409804184768,0.0003795066413661,-8.402237311738097e-11,-0.004668,9.883634995498582,52.7,223263.0,11765960.1,0.009999999999998,52.72,52.7
2009-01-06,NTRS,58246,NORTHERN TRUST CORP,,,0.027894,0.0598654068384201,0.0001846040243678,2.2017489052766148e-10,0.007817,10.475322825546552,54.17,223263.0,12094156.71,0.0050000000000025,54.17,54.16
2009-01-07,NTRS,58246,NORTHERN TRUST CORP,,,-0.035259,0.3174359658484524,0.0005740528128588,-2.189711494494039e-10,-0.03001,13.800567044248265,52.26,223263.0,11667724.38,0.0150000000000005,52.28,52.25
2009-01-08,NTRS,58246,NORTHERN TRUST CORP,,,0.002105,-0.2260937128791921,0.0001909490166126,1.6856502297288774e-11,0.003397,10.680345601375956,52.37,223263.0,11692283.31,0.0050000000000025,52.38,52.37
2009-01-09,NTRS,58246,NORTHERN TRUST CORP,,,-0.0422,-0.3082411347160819,0.0027910685805422,-5.100328247553833e-10,-0.021303,7.3882237540479165,50.16,223263.0,11198872.08,0.0700000000000002,50.3,50.16
2009-01-12,NTRS,58246,NORTHERN TRUST CORP,,,-0.033293,0.1613096439745696,0.0028871932357187,-3.58423039393785e-10,-0.022564,8.580015497417843,48.49,223263.0,10826022.87,0.0700000000000002,48.62,48.48
2009-01-13,NTRS,58246,NORTHERN TRUST CORP,,,-0.00495,0.3251863645855084,0.0008290155440414,-4.0413465594468575e-11,0.001758,11.370119545110477,48.25,223263.0,10772439.75,0.0199999999999995,48.24,48.2
2009-01-14,NTRS,58246,NORTHERN TRUST CORP,,,-0.020933,0.0784746429720857,0.000211685012701,-1.6185639346920986e-10,-0.03346,12.262385616962954,47.24,223263.0,10546944.12,0.004999999999999,47.25,47.24
2009-01-15,NTRS,58246,NORTHERN TRUST CORP,,,0.022015,-0.0304580023574214,0.0014498757249378,1.7178810017701414e-10,0.001329,11.888897846933885,48.28,223263.0,10779137.64,0.0350000000000001,48.31,48.24
2009-01-16,NTRS,58246,NORTHERN TRUST CORP,,,0.057995,0.8905924649754309,0.0005873140172279,2.262472921029421e-10,0.007562,22.477060686275827,51.08,223263.0,11404274.04,0.0150000000000005,51.13,51.1
2009-01-20,NTRS,58246,NORTHERN TRUST CORP,,,-0.139977,1.4511154782420168,0.003186888231277,-2.590451296729883e-10,-0.052816,55.09387135351581,43.93,223263.0,9807943.59,0.0700000000000002,44.07,43.93
2009-01-21,NTRS,58246,NORTHERN TRUST CORP,,,0.309128,-0.091957406668047,0.0076508433315944,4.812477471561815e-10,0.043491,50.02758182054348,57.51,223263.0,12839855.13,0.2199999999999988,57.73,57.29
2009-01-22,NTRS,58246,NORTHERN TRUST CORP,,,-0.052686,-0.4759631482988919,0.0023861967694567,-1.652228209187766e-10,-0.015162,26.216296475457195,54.48,223263.0,12163368.24,0.0650000000000012,54.61,54.48
2009-01-23,NTRS,58246,NORTHERN TRUST CORP,,,0.037996,-0.4323754012597365,0.0001768346595932,2.0223483544646543e-10,0.005378,14.881014767337176,56.55,223263.0,12625522.65,0.004999999999999,56.55,56.54
2009-01-26,NTRS,58246,NORTHERN TRUST CORP,,,-0.023696,-0.0122132326825949,0.0010867596449918,-1.3078103991274947e-10,0.005553,14.699269471430554,55.21,223263.0,12326350.23,0.0300000000000011,55.21,55.15
2009-01-27,NTRS,58246,NORTHERN TRUST CORP,,,0.016483,0.0308839378841447,0.0001781895937278,8.681530905190101e-11,0.010926,15.153240796728522,56.12,223263.0,12529519.56,0.0050000000000025,56.13,56.12
2009-01-28,NTRS,58246,NORTHERN TRUST CORP,,,0.090877,0.5058140944052865,0.0001633453119896,2.9138488380834037e-10,0.033558,22.817963567631,61.22,223263.0,13668160.86,0.0050000000000025,61.2,61.19
2009-01-29,NTRS,58246,NORTHERN TRUST CORP,,,-0.071709,-0.3283691310882699,0.0017596339961288,-3.6878370494753845e-10,-0.03312,15.32524869772421,56.83,223263.0,12688036.29,0.0500000000000007,56.93,56.83
2009-01-30,NTRS,58246,NORTHERN TRUST CORP,,,0.012141,0.094471207732377,0.000173852573018,5.6364668046691877e-11,-0.022789,16.773043450997253,57.52,223263.0,12842087.76,0.004999999999999,57.53,57.52
2009-02-02,NTRS,58246,NORTHERN TRUST CORP,,,0.049026,0.0759031189916683,0.0034802784222737,2.016598131296229e-10,-0.000533,18.04616976391073,60.34,223263.0,13471689.42,0.1050000000000004,60.56,60.35
2009-02-03,NTRS,58246,NORTHERN TRUST CORP,,,-0.023202,0.179133401935249,0.0025449609772649,-8.286107327333597e-11,0.015834,21.278841545621084,58.94,223263.0,13159121.22,0.0749999999999992,59.0,58.85
2009-02-04,NTRS,58246,NORTHERN TRUST CORP,,,-0.008314,-0.2452705641055002,0.0017108639863131,-3.967066488564945e-11,-0.007489,16.059768076215047,58.45,223263.0,13049722.35,0.0500000000000007,58.46,58.36
2009-02-05,NTRS,58246,NORTHERN TRUST CORP,,,0.032335,0.3735726047202774,0.0001657275439177,1.0880777103225727e-10,0.016366,22.05925746765026,60.34,223263.0,13471689.42,0.004999999999999,60.35,60.34
2009-02-06,NTRS,58246,NORTHERN TRUST CORP,,,0.021213,-0.2080596286387699,0.0035702693930541,8.826332204535857e-11,0.026896,17.469616550883934,61.62,223263.0,13757466.06,0.1099999999999994,61.68,61.46
2009-02-09,NTRS,58246,NORTHERN TRUST CORP,,,0.01136,-0.4372444920530859,0.0027278562259307,8.304834912181289e-11,0.001485,9.831122935730509,62.32,223263.0,13913750.16,0.0850000000000008,62.33,62.16
2009-02-10,NTRS,58246,NORTHERN TRUST CORP,,,-0.069801,0.837590424460779,0.0006900120752113,-2.985312105979799e-10,-0.049121,18.06557736839512,57.97,223263.0,12942556.11,0.0199999999999995,58.01,57.97
2009-02-11,NTRS,58246,NORTHERN TRUST CORP,,,0.052441,-0.1420393590975299,0.001475168005245,2.483899228762561e-10,0.007955,15.499554337261436,61.01,223263.0,13621275.63,0.0450000000000017,61.09,61.0
2009-02-12,NTRS,58246,NORTHERN TRUST CORP,,,-0.016063,0.2732288063177417,0.0016658337497917,-6.073176363960249e-11,0.001739,19.734479067288355,60.03,223263.0,13402477.89,0.0500000000000007,60.13,60.03
2009-02-13,NTRS,58246,NORTHERN TRUST CORP,,,-0.040646,-0.4698243001158199,0.000520923771488,-3.0214018658140115e-10,-0.009998,10.462741251349303,57.59,223263.0,12857716.17,0.014999999999997,57.62,57.59
2009-02-17,NTRS,58246,NORTHERN TRUST CORP,,,-0.038201,0.6699037604941558,0.0001805380032496,-1.7680302148639203e-10,-0.045559,17.471770960705534,55.39,223263.0,12366537.57,0.004999999999999,55.4,55.39
2009-02-18,NTRS,58246,NORTHERN TRUST CORP,,,0.029428,-0.1409016099261689,0.0012276394247632,1.540057532636999e-10,-0.00095,15.009970304080838,57.02,223263.0,12730456.26,0.0350000000000001,57.1,57.03
2009-02-19,NTRS,58246,NORTHERN TRUST CORP,,,-0.034199,0.0649483419377883,0.0001815870710005,-1.7400959647064775e-10,-0.012024,15.984842987866328,55.07,223263.0,12295093.41,0.004999999999999,55.14,55.13
2009-02-20,NTRS,58246,NORTHERN TRUST CORP,,,0.025785,0.5298964028486695,0.0014161798548415,8.360040987031189e-11,-0.011413,24.455153787237474,56.49,223263.0,12612126.87,0.0399999999999991,56.69,56.61
2009-02-23,NTRS,58246,NORTHERN TRUST CORP,,,-0.032041,-0.4676194625902782,0.0009144111192392,-2.0158965027770448e-10,-0.034699,13.01944791568688,54.68,223263.0,12208020.84,0.0250000000000021,54.74,54.69
2009-02-24,NTRS,58246,NORTHERN TRUST CORP,,,0.111741,0.7795054357754214,0.0006580029610133,3.5536263924383576e-10,0.040103,23.168178336759784,60.79,223263.0,13572157.77,0.0199999999999995,60.8,60.76
2009-02-25,NTRS,58246,NORTHERN TRUST CORP,,,-0.043593,-0.0393146808073391,0.001203990368077,-1.5088703774123654e-10,-0.010658,22.23760745722967,58.14,223461.0,12992022.54,0.0350000000000001,58.21,58.14
2009-02-26,NTRS,58246,NORTHERN TRUST CORP,,,-0.02236,-0.1181780788120834,0.0019352568613652,-8.977326935840914e-11,-0.01578,19.60960973055701,56.84,223461.0,12701523.24,0.0549999999999997,56.76,56.65
2009-02-27,NTRS,58246,NORTHERN TRUST CORP,,,-0.022695,-0.1426107769016904,0.0001800180018001,-1.0874202471490608e-10,-0.023564,16.813068052143326,55.55,223461.0,12413258.55,0.004999999999999,55.57,55.56
2009-03-02,NTRS,58246,NORTHERN TRUST CORP,,,-0.022142,-0.1022058441895469,0.002761413843888,-1.208458114902209e-10,-0.04662,15.094539140707855,54.32,223463.0,12138510.16,0.0749999999999992,54.39,54.24
2009-03-03,NTRS,58246,NORTHERN TRUST CORP,,,-0.000184,0.3077041663220252,0.0001841281531945,-7.6807393977189e-13,-0.006407,19.73919172301455,54.31,223463.0,12136275.53,0.004999999999999,54.32,54.31
2009-03-04,NTRS,58246,NORTHERN TRUST CORP,,,-0.022832,0.3382865799179728,0.0001884303749764,-7.288040124757409e-11,0.023753,26.416695381338297,53.07,223463.0,11859181.41,0.004999999999999,53.07,53.06
2009-03-05,NTRS,58246,NORTHERN TRUST CORP,,,-0.083475,0.1861804723373301,0.0012335526315789,-2.450913467390434e-10,-0.042532,31.33496820502723,48.64,223463.0,10869240.32,0.0300000000000011,48.7,48.64
2009-03-06,NTRS,58246,NORTHERN TRUST CORP,,,-0.020148,-0.2461145816047114,0.0012663571127056,-8.055577111172314e-11,0.001216,23.622975615650017,47.38,223463.0,10587676.94,0.0299999999999975,47.44,47.38
2009-03-09,NTRS,58246,NORTHERN TRUST CORP,,,0.010553,-0.2470068827347414,0.0002088554720133,5.5448597192441325e-11,-0.010024,17.7879380479095,47.88,223463.0,10699408.44,0.004999999999999,47.87,47.86
2009-03-10,NTRS,58246,NORTHERN TRUST CORP,,,0.122807,0.4837919810734536,0.0050223214285713,3.8731080196424844e-10,0.063663,26.393599835319492,53.76,223463.0,12013370.88,0.134999999999998,53.73,53.46
2009-03-11,NTRS,58246,NORTHERN TRUST CORP,,,0.024182,-0.2795564525085059,0.0001816200508535,1.0335983347674404e-10,0.002446,19.01509869642849,55.06,223463.0,12303872.78,0.004999999999999,55.03,55.02
2009-03-12,NTRS,58246,NORTHERN TRUST CORP,,,0.072285,0.1445063048768806,0.0010162601626016,2.5175577307677857e-10,0.040729,21.762900345918563,59.04,223463.0,13193255.52,0.0300000000000011,59.04,58.98
2009-03-13,NTRS,58246,NORTHERN TRUST CORP,,,-0.005251,-0.0621802133285408,0.0003405414609229,-1.960379839828794e-11,0.007739,20.40967855976157,58.73,223463.0,13123981.99,0.0100000000000015,58.74,58.72
2009-03-16,NTRS,58246,NORTHERN TRUST CORP,,,-0.054997,-0.0989199720751234,0.0018018018018018,-2.411242352911394e-10,-0.003516,18.39075372656771,55.5,223463.0,12402196.5,0.0500000000000007,55.5,55.4
2009-03-17,NTRS,58246,NORTHERN TRUST CORP,,,0.080541,0.038764830023362,0.00200100050025,3.1460134715512357e-10,0.03214,19.10366816877962,59.97,223463.0,13401076.11,0.0599999999999987,59.98,59.86
2009-03-18,NTRS,58246,NORTHERN TRUST CORP,,,0.030015,0.4057601342527448,0.0001618908855432,8.097055807710912e-11,0.020858,26.855175129663525,61.77,223463.0,13803309.51,0.0050000000000025,61.81,61.8
2009-03-19,NTRS,58246,NORTHERN TRUST CORP,,,-0.084021,-0.1325191988586165,0.0030045952633439,-2.852537860656321e-10,-0.012979,23.29634883627267,56.58,223463.0,12643536.54,0.0850000000000008,56.75,56.58
2009-03-20,NTRS,58246,NORTHERN TRUST CORP,,,0.021739,0.2451543180470052,0.0022487458917142,5.801227920869379e-11,-0.019769,29.007549348214244,57.81,223463.0,12918396.03,0.0650000000000012,57.93,57.8
2009-03-23,NTRS,58246,NORTHERN TRUST CORP,,,0.117454,-0.2384124993790606,0.0020123839009287,3.682975427928842e-10,0.070758,22.09178700724505,64.6,223463.0,14435709.8,0.0649999999999977,64.6,64.47
2009-03-24,NTRS,58246,NORTHERN TRUST CORP,,,-0.056811,0.0290414825945364,0.0001641227638273,-1.8354049604464143e-10,-0.020415,22.73336525509816,60.93,223463.0,13615600.59,0.004999999999999,60.93,60.92
2009-03-25,NTRS,58246,NORTHERN TRUST CORP,,,0.059741,-0.0648450236670153,0.0001548706829797,1.9475506340062108e-10,0.009626,21.259219647100416,64.57,223463.0,14429005.909999998,0.0050000000000025,64.62,64.61
2009-03-26,NTRS,58246,NORTHERN TRUST CORP,,,-0.032213,0.060390485594705,0.0056008961433829,-1.0232974259009924e-10,0.02332,22.543074244953303,62.49,223463.0,13964202.87,0.1750000000000007,62.53,62.18
2009-03-27,NTRS,58246,NORTHERN TRUST CORP,,,-0.05953,-0.1739284409085937,0.004594180704441,-2.434129924750273e-10,-0.020316,18.6221924882419,58.77,223463.0,13132920.51,0.1350000000000015,58.99,58.72
2009-03-30,NTRS,58246,NORTHERN TRUST CORP,,,-0.030288,0.0445689653722294,0.0019301631865239,-1.222639393684331e-10,-0.034819,19.452164340405343,56.99,223463.0,12735156.37,0.0549999999999997,57.07,56.96
2009-03-31,NTRS,58246,NORTHERN TRUST CORP,,,0.049658,-0.0480919583172967,-0.0033433634236041,2.0062001789038484e-10,0.01313,18.499617738712114,59.82,223669.0,13379879.58,-0.1000000000000014,59.66,59.86
2009-04-01,NTRS,58246,NORTHERN TRUST CORP,,,0.052491,0.1390365052270643,0.0020648030495553,1.7689433845684754e-10,0.016557,21.071739937139256,62.96,223669.0,14082200.24,0.0650000000000012,62.96,62.83
2009-04-02,NTRS,58246,NORTHERN TRUST CORP,,,-0.053844,0.6602147845524013,0.0063790498573107,-1.1551522934717564e-10,0.028727,34.98361417988188,59.57,223669.0,13323962.33,0.1900000000000012,59.71,59.33
2009-04-03,NTRS,58246,NORTHERN TRUST CORP,,,0.030384,-0.5575674622192403,-0.0037471489084392,1.4298831018722487e-10,0.009732,15.477889202348113,61.38,223669.0,13728803.22,-0.1150000000000019,61.11,61.34
2009-04-06,NTRS,58246,NORTHERN TRUST CORP,,,-0.032095,-0.227100306072577,0.0038714021208551,-2.0190039230211848e-10,-0.008332,11.96285582713742,59.41,223669.0,13288175.29,0.1150000000000019,59.52,59.29
2009-04-07,NTRS,58246,NORTHERN TRUST CORP,,,-0.040734,0.1256136666018865,0.0026320407088962,-2.3731674326177377e-10,-0.023855,13.465554010613898,56.99,223669.0,12746896.31,0.0749999999999992,57.16,57.01
2009-04-08,NTRS,58246,NORTHERN TRUST CORP,,,0.022986,0.1736806264104811,0.0013722126929675,1.1153595481623252e-10,0.011783,15.804259866141486,58.3,223669.0,13039902.7,0.0400000000000027,58.38,58.3
2009-04-09,NTRS,58246,NORTHERN TRUST CORP,,,0.099829,0.3867037556405048,0.0004678727386151,3.1761394138987366e-10,0.038053,21.9158265114969,64.12,223669.0,14341656.28,0.0150000000000005,64.14,64.11
2009-04-13,NTRS,58246,NORTHERN TRUST CORP,,,0.022146,-0.192613218041772,0.0016783643576441,8.537752746836818e-11,0.002533,17.6945486410723,65.54,223669.0,14659266.260000002,0.0549999999999997,65.57,65.46
2009-04-14,NTRS,58246,NORTHERN TRUST CORP,,,-0.067135,-0.0098061460607895,0.0001635590448151,-2.8019349435932706e-10,-0.020065,17.5210333126182,61.14,223669.0,13675122.66,0.004999999999999,61.07,61.06
2009-04-15,NTRS,58246,NORTHERN TRUST CORP,,,0.055447,-0.2587042015743145,0.0009298000929798,2.9577355288181846e-10,0.012549,12.988268378720342,64.53,223669.0,14433360.57,0.029999999999994,64.6,64.54
2009-04-16,NTRS,58246,NORTHERN TRUST CORP,,,-0.011932,0.2752973849538376,0.004861982434128,-5.051221547185306e-11,0.015539,16.56390469846067,63.76,223669.0,14261135.44,0.1550000000000011,63.86,63.55
2009-04-17,NTRS,58246,NORTHERN TRUST CORP,,,-0.010979,0.1657133170950802,0.0001585791309863,-4.0313317746323956e-11,0.004969,19.30876429008937,63.06,223669.0,14104567.14,0.004999999999999,63.05,63.04
2009-04-20,NTRS,58246,NORTHERN TRUST CORP,,,-0.077862,-0.0448530276661977,0.0008598452278589,-3.245976382006201e-10,-0.04279,18.442707751185903,58.15,223669.0,13006352.35,0.0249999999999985,58.25,58.2
2009-04-21,NTRS,58246,NORTHERN TRUST CORP,,,-0.03405,2.499012136060016,0.0019583407512907,-4.199878852566624e-11,0.021252,64.5312582432076,56.17,223669.0,12563487.73,0.0549999999999997,56.23,56.12
2009-04-22,NTRS,58246,NORTHERN TRUST CORP,,,-0.043974,-0.526521303493602,0.0013035381750465,-1.1982441402211548e-10,-0.007682,30.554176036911688,53.7,223669.0,12011025.3,0.0350000000000001,53.67,53.6
2009-04-23,NTRS,58246,NORTHERN TRUST CORP,,,0.060708,-0.2128049924334455,0.0001755617977527,1.9811494634983027e-10,0.009922,24.05209483656653,56.96,223669.0,12740186.24,0.004999999999999,56.98,56.97
2009-04-24,NTRS,58246,NORTHERN TRUST CORP,,,-0.024403,0.1489443293204762,0.0041389238797911,-7.104690007269909e-11,0.016797,27.63451797075142,55.57,223669.0,12429286.33,0.1149999999999984,55.55,55.32
2009-04-27,NTRS,58246,NORTHERN TRUST CORP,,,-0.010077,-0.3963979851107874,-0.0009089256498819,-4.909997185020216e-11,-0.010067,16.680250727637716,55.01,223669.0,12304031.69,-0.0250000000000021,54.9,54.95
2009-04-28,NTRS,58246,NORTHERN TRUST CORP,,,-0.033448,3.498840614282785,0.0009403799134849,-3.7479562833243486e-11,-0.00274,75.04178942991653,53.17,223669.0,11892480.73,0.0249999999999985,53.18,53.13
2009-04-29,NTRS,58246,NORTHERN TRUST CORP,,,0.034418,-0.6458981077924054,0.0003636363636364,1.0528965814221079e-10,0.02161,26.572439631777318,55.0,223669.0,12301795.0,0.0100000000000015,55.0,54.98
2009-04-30,NTRS,58246,NORTHERN TRUST CORP,,,-0.011636,-0.280766614435332,0.0025754231052244,-5.007456681377893e-11,-0.00095,19.11178571907596,54.36,223669.0,12158646.84,0.0700000000000002,54.34,54.2
2009-05-01,NTRS,58246,NORTHERN TRUST CORP,,,-0.029066,-0.1813202006028941,0.0020841227737779,-1.5736014435696663e-10,0.005396,14.523965055715797,52.78,240955.0,12717604.9,0.0549999999999997,52.78,52.67
2009-05-04,NTRS,58246,NORTHERN TRUST CORP,,,0.054187,0.6269142781706138,0.0025161754133716,1.7104964512613878e-10,0.033868,23.629246124795085,55.64,240955.0,13406736.2,0.0700000000000002,55.93,55.79
2009-05-05,NTRS,58246,NORTHERN TRUST CORP,,,-0.037743,-0.2155120192286582,0.0033619723571163,-1.5782868841574178e-10,-0.003792,18.53685957958955,53.54,240955.0,12900730.7,0.0900000000000034,53.59,53.41
2009-05-06,NTRS,58246,NORTHERN TRUST CORP,,,0.034927,0.2693126169667006,0.0003609456776755,1.1118147576097397e-10,0.017404,23.529069743313062,55.41,240955.0,13351316.55,0.0100000000000015,55.6,55.58
2009-05-07,NTRS,58246,NORTHERN TRUST CORP,,,-0.055225,0.3464069776117495,0.005730659025788,-1.3819807229164336e-10,-0.013202,31.679703679110208,52.35,240955.0,12613994.25,0.1500000000000021,52.24,51.94
2009-05-08,NTRS,58246,NORTHERN TRUST CORP,,,0.056161,-0.0884713894219639,0.0043407487791643,1.4598252940483408e-10,0.024069,28.876956278143226,55.29,240955.0,13322401.95,0.1199999999999974,55.33,55.09
2009-05-11,NTRS,58246,NORTHERN TRUST CORP,,,-0.046663,-0.3104940222450351,0.0013280212483399,-1.8452458896254607e-10,-0.021512,19.910833973148517,52.71,240955.0,12700738.05,0.0350000000000001,52.75,52.68
2009-05-12,NTRS,58246,NORTHERN TRUST CORP,,,0.015177,0.0191055347292352,0.0005606428704915,5.801047602582638e-11,-0.000979,20.29124110311054,53.51,240955.0,12893502.05,0.0150000000000005,53.6,53.57
2009-05-13,NTRS,58246,NORTHERN TRUST CORP,,,-0.020744,0.0522731790964552,0.0001908396946564,-7.694637449292436e-11,-0.026895,21.35192878338279,52.4,240955.0,12626042.0,0.004999999999999,52.44,52.43
2009-05-14,NTRS,58246,NORTHERN TRUST CORP,,,0.049618,-0.0754894113613331,-0.0003636363636364,1.8966693266468394e-10,0.010352,19.74008424809612,55.0,240955.0,13252525.0,-0.0100000000000015,54.94,54.96
2009-05-15,NTRS,58246,NORTHERN TRUST CORP,,,-0.026364,-0.3366495167006134,0.0033613445378151,-1.5603564962182806e-10,-0.01141,13.094594426345168,53.55,240955.0,12903140.25,0.0899999999999998,53.73,53.55
2009-05-18,NTRS,58246,NORTHERN TRUST CORP,,,0.025023,0.7618930352610669,0.0003643650938239,8.200467502933678e-11,0.030389,23.071274719345936,54.89,240955.0,13226019.95,0.009999999999998,54.9,54.88
2009-05-19,NTRS,58246,NORTHERN TRUST CORP,,,-0.045546,-0.1252819906104164,0.0013361328497804,-1.7878300881381382e-10,-0.001737,20.1808594965865,52.39,240955.0,12623632.45,0.0350000000000001,52.39,52.32
2009-05-20,NTRS,58246,NORTHERN TRUST CORP,,,-0.02825,-0.0241461548253545,0.0001964250638382,-1.169378153339333e-10,-0.005131,19.6935693386732,50.91,240955.0,12267019.05,0.0050000000000025,50.95,50.94
2009-05-21,NTRS,58246,NORTHERN TRUST CORP,,,0.011589,-0.2281082780641919,0.0013592233009708,6.143586413062911e-11,-0.016758,15.201303147890686,51.5,240955.0,12409182.5,0.0350000000000001,51.56,51.49
2009-05-22,NTRS,58246,NORTHERN TRUST CORP,,,0.009709,-0.1508505718256102,0.0030769230769231,6.003026677947665e-11,-0.001497,12.908177875536929,52.0,240955.0,12529660.0,0.0800000000000018,52.17,52.01
2009-05-26,NTRS,58246,NORTHERN TRUST CORP,,,0.056154,0.1216069884158712,0.0021849963583394,2.9309511385905257e-10,0.026302,14.47790251291735,54.92,240955.0,13233248.6,0.0600000000000022,54.92,54.8
2009-05-27,NTRS,58246,NORTHERN TRUST CORP,,,-0.027312,0.0748887136475808,0.000187195806814,-1.3634666717786148e-10,-0.018971,15.56213400842481,53.42,240955.0,12871816.1,0.0050000000000025,53.42,53.41
2009-05-28,NTRS,58246,NORTHERN TRUST CORP,,,0.038375,-0.0208409893502915,0.0034252749233819,1.8842212799765566e-10,0.015419,15.237803739287418,55.47,240955.0,13365773.85,0.0949999999999988,55.66,55.47
2009-05-29,NTRS,58246,NORTHERN TRUST CORP,,,0.039301,0.0480517482041329,0.0015611448395489,1.7715900984822815e-10,0.013575,15.970006847751655,57.65,240955.0,13891055.75,0.0449999999999981,57.65,57.56
2009-06-01,NTRS,58246,NORTHERN TRUST CORP,,,-0.019428,0.0375132567041045,0.0028303555634175,-8.608240852458109e-11,0.025818,16.56909381419767,56.53,240955.0,13621186.15,0.0799999999999983,56.65,56.49
2009-06-02,NTRS,58246,NORTHERN TRUST CORP,,,-0.014152,-0.16064147784569,0.0003588731383456,-7.577859921736493e-11,0.001983,13.907410097321076,55.73,240955.0,13428422.15,0.0100000000000015,55.78,55.76
2009-06-03,NTRS,58246,NORTHERN TRUST CORP,,,-0.008075,-0.1322050336311495,0.0030752532561505,-5.023138653074056e-11,-0.013739,12.068780477682555,55.28,240955.0,13319992.4,0.0850000000000008,55.38,55.21
2009-06-04,NTRS,58246,NORTHERN TRUST CORP,,,0.034009,0.0699311183882713,0.0010496850944716,1.9122580266989903e-10,0.011484,12.912763794069432,57.16,240955.0,13772987.8,0.0300000000000011,57.17,57.11
2009-06-05,NTRS,58246,NORTHERN TRUST CORP,,,-0.027467,-0.1383263777180332,0.0001798884691492,-1.8429629546357343e-10,-0.002515,11.12658795210724,55.59,240955.0,13394688.45,0.0050000000000025,55.59,55.58
2009-06-08,NTRS,58246,NORTHERN TRUST CORP,,,0.001259,-0.0460300924242271,0.0003611412062116,8.888739025266667e-12,-0.001011,10.614430080305452,55.38,240955.0,13344087.9,0.0100000000000015,55.38,55.36
2009-06-09,NTRS,58246,NORTHERN TRUST CORP,,,0.017696,0.019551532686894,0.0010645848119233,1.2040993447880078e-10,0.003503,10.821958456973292,56.36,240955.0,13580223.8,0.0300000000000011,56.42,56.36
2009-06-10,NTRS,58246,NORTHERN TRUST CORP,,,-0.024308,-0.1816356388333355,0.0018185124568103,-2.0714621145341468e-10,-0.00348,8.85630511921313,54.99,240955.0,13250115.45,0.0500000000000007,54.99,54.89
2009-06-11,NTRS,58246,NORTHERN TRUST CORP,,,0.006547,0.0285125711642755,0.0019873532068653,5.3892285049481e-11,0.006112,9.108821149177231,55.35,240955.0,13336859.25,0.0549999999999997,55.46,55.35
2009-06-12,NTRS,58246,NORTHERN TRUST CORP,,,-0.002891,-0.261436949612177,0.0003623844899438,-3.231483952682629e-11,0.001397,6.727438733373451,55.19,240955.0,13298306.45,0.0100000000000015,55.25,55.23
2009-06-15,NTRS,58246,NORTHERN TRUST CORP,,,-0.0183,0.4414093682333853,0.0003691399040235,-1.4455697601521604e-10,-0.023769,9.696993214500631,54.18,240955.0,13054941.9,0.009999999999998,54.12,54.1
2009-06-16,NTRS,58246,NORTHERN TRUST CORP,,,-0.026763,0.464711267391642,0.0005689360895126,-1.4830369305761696e-10,-0.01272,14.203295221099376,52.73,240955.0,12705557.15,0.0150000000000005,52.74,52.71
2009-06-17,NTRS,58246,NORTHERN TRUST CORP,,,-0.029964,0.0622696944063372,0.0001955034213098,-1.6113663939813547e-10,-0.001382,15.087730074080222,51.15,240955.0,12324848.25,0.004999999999999,51.16,51.15
2009-06-18,NTRS,58246,NORTHERN TRUST CORP,,,0.026393,-0.2432115955487387,0.0001904761904761,1.8272380771685638e-10,0.008411,11.41821916955448,52.5,240955.0,12650137.5,0.004999999999999,52.54,52.53
2009-06-19,NTRS,58246,NORTHERN TRUST CORP,,,0.034095,0.3971254075834602,0.0007367839381101,1.6338084764027128e-10,0.003114,15.952684111141084,54.29,240955.0,13081446.95,0.0199999999999995,54.28,54.24
2009-06-22,NTRS,58246,NORTHERN TRUST CORP,,,-0.044391,-0.0727166489892111,0.0,-2.400561245605962e-10,-0.0306,14.792658380195473,51.88,240955.0,12500745.4,0.0,51.82,51.82
2009-06-23,NTRS,58246,NORTHERN TRUST CORP,,,-0.000193,-0.2031618535138797,0.0001927896664739,-1.3100527222681278e-12,0.002307,11.787354485277334,51.87,240955.0,12498335.85,0.0050000000000025,51.88,51.87
2009-06-24,NTRS,58246,NORTHERN TRUST CORP,,,0.017737,-0.1768492040410926,0.0005682894487592,1.4371325119863883e-10,0.006524,9.702770226805836,52.79,240955.0,12720014.45,0.0150000000000005,52.79,52.76
2009-06-25,NTRS,58246,NORTHERN TRUST CORP,,,0.020458,-0.0599701188786153,0.0003712641544458,1.7279964671771906e-10,0.021444,9.1208939428524,53.87,240955.0,12980245.85,0.009999999999998,53.87,53.85
2009-06-26,NTRS,58246,NORTHERN TRUST CORP,,,-0.01615,0.925711815627524,0.0009433962264151,-7.199991993073919e-11,-0.001478,17.56421323483638,53.0,240955.0,12770615.0,0.0250000000000021,53.17,53.12
2009-06-29,NTRS,58246,NORTHERN TRUST CORP,,,0.019057,-0.4479286704149275,0.0003703017959636,1.510151503397528e-10,0.009065,9.696698553671848,54.01,240955.0,13013979.55,0.009999999999998,54.01,53.99
2009-06-30,NTRS,58246,NORTHERN TRUST CORP,,,-0.00611,0.2135723664950686,0.0031669150521609,-4.014238638741367e-11,-0.008531,11.74580680438934,53.68,241403.0,12958513.04,0.0850000000000008,53.84,53.67
2009-07-01,NTRS,58246,NORTHERN TRUST CORP,,,-0.003726,-0.0487287306209581,0.0001869857890801,-2.5829830457085726e-11,0.004362,11.173448548692436,53.48,241403.0,12910232.44,0.0050000000000025,53.45,53.44
2009-07-02,NTRS,58246,NORTHERN TRUST CORP,,,-0.013463,0.0243016730780067,0.0009476876421532,-9.235901241439778e-11,-0.029145,11.444982042476688,52.76,241403.0,12736422.28,0.0250000000000021,52.81,52.76
2009-07-06,NTRS,58246,NORTHERN TRUST CORP,,,0.026346,0.075582016126084,-0.0001846722068328,1.6372496861934218e-10,0.002566,12.310016859773905,54.15,241403.0,13071972.45,-0.004999999999999,54.22,54.23
2009-07-07,NTRS,58246,NORTHERN TRUST CORP,,,-0.012004,-0.0746091009279278,0.0003738317757008,-8.159164139989656e-11,-0.019684,11.39157756945854,53.5,241403.0,12915060.5,0.009999999999998,53.54,53.52
2009-07-08,NTRS,58246,NORTHERN TRUST CORP,,,0.013832,0.8780299066059483,0.0003687315634218,4.9378314426896506e-11,-0.001669,21.39372335886464,54.24,241403.0,13093698.72,0.0100000000000015,54.18,54.16
2009-07-09,NTRS,58246,NORTHERN TRUST CORP,,,0.021018,-0.4304645417405605,0.0010834236186349,1.2902938582307386e-10,0.003547,12.184484037066648,55.38,241403.0,13368898.14,0.0300000000000011,55.35,55.29
2009-07-10,NTRS,58246,NORTHERN TRUST CORP,,,-0.019321,-0.3098653655047255,0.0020254096851408,-1.752532854570879e-10,-0.004022,8.408934437434498,54.31,241403.0,13110596.93,0.0549999999999997,54.31,54.2
2009-07-13,NTRS,58246,NORTHERN TRUST CORP,,,0.045296,0.965993609669636,0.0010568962480183,1.9992873891971548e-10,0.024934,16.531911368127158,56.77,241403.0,13704448.31,0.0300000000000011,56.84,56.78
2009-07-14,NTRS,58246,NORTHERN TRUST CORP,,,0.004932,-0.3550075635459386,0.0003505696757231,3.358513250739262e-11,0.005316,10.662957792570928,57.05,241403.0,13772041.15,0.0100000000000015,57.07,57.05
2009-07-15,NTRS,58246,NORTHERN TRUST CORP,,,0.027169,0.1624272067193199,0.0006825938566552,1.5494940703104985e-10,0.02963,12.394912242184231,58.6,241403.0,14146215.8,0.0199999999999995,58.61,58.57
2009-07-16,NTRS,58246,NORTHERN TRUST CORP,,,-0.00256,-0.3183546784957668,0.0011976047904191,-2.147389733154036e-11,0.008642,8.448933940340426,58.45,241403.0,14110005.35,0.0350000000000001,58.45,58.38
2009-07-17,NTRS,58246,NORTHERN TRUST CORP,,,-0.012318,-0.0606065508987555,0.0019054217910964,-1.1136443999835114e-10,-0.000383,7.936873195444961,57.73,241403.0,13936195.19,0.0549999999999997,57.74,57.63
2009-07-20,NTRS,58246,NORTHERN TRUST CORP,,,0.003118,0.1118823999144043,0.0006907269901571,2.5273860578190956e-11,0.011432,8.824869616367652,57.91,241403.0,13979647.73,0.0199999999999995,57.86,57.82
2009-07-21,NTRS,58246,NORTHERN TRUST CORP,,,-0.006389,0.4654920552960782,0.00034758428919,-3.556547404278415e-11,0.003627,12.93277631181054,57.54,241403.0,13890328.62,0.009999999999998,57.54,57.52
2009-07-22,NTRS,58246,NORTHERN TRUST CORP,,,0.006952,0.0253243822651489,0.0017259233690023,3.748310492448721e-11,-0.000534,13.260290882880495,57.94,241403.0,13986889.82,0.0499999999999971,57.94,57.84
2009-07-23,NTRS,58246,NORTHERN TRUST CORP,,,0.015879,0.1572300421670975,0.000339789330615,7.282617114549943e-11,0.02329,15.345206977543777,58.86,241403.0,14208980.58,0.0100000000000015,58.82,58.8
2009-07-24,NTRS,58246,NORTHERN TRUST CORP,,,-0.019708,-0.3974255873926506,0.0010398613518196,-1.5301733744820255e-10,0.003042,9.24662908083164,57.7,241403.0,13928953.1,0.0299999999999975,57.76,57.7
2009-07-27,NTRS,58246,NORTHERN TRUST CORP,,,0.007799,-0.2522619305749936,0.0005159071367154,8.035513023475566e-11,0.002982,6.914056577590171,58.15,241403.0,14037584.45,0.0150000000000005,58.15,58.12
2009-07-28,NTRS,58246,NORTHERN TRUST CORP,,,-0.005503,0.1282154056680531,0.0017292062943109,-5.053342133262321e-11,-0.002606,7.800545146497765,57.83,241403.0,13960335.49,0.0500000000000007,57.82,57.72
2009-07-29,NTRS,58246,NORTHERN TRUST CORP,,,0.012277,-0.0719355309799131,0.0013665869490946,1.2000346167516048e-10,-0.004563,7.239408789451664,58.54,241403.0,14131731.62,0.0399999999999991,58.58,58.5
2009-07-30,NTRS,58246,NORTHERN TRUST CORP,,,0.025624,0.1985277077617209,0.0013324450366422,2.0375693532380662e-10,0.011896,8.676632021971558,60.04,241403.0,14493836.12,0.0399999999999991,60.01,59.93
2009-07-31,NTRS,58246,NORTHERN TRUST CORP,,,-0.003831,-0.1507687753781811,-0.0001671961210499,-3.6009621240661686e-11,0.00074,7.368466837611795,59.81,241403.0,14438313.43,-0.004999999999999,59.74,59.75
2009-08-03,NTRS,58246,NORTHERN TRUST CORP,,,0.009196,0.4162235702198711,0.0011597084161696,6.047809699774667e-11,0.015342,10.4353964118093,60.36,241403.0,14571085.08,0.0350000000000001,60.38,60.31
2009-08-04,NTRS,58246,NORTHERN TRUST CORP,,,0.013751,0.021197743988415,0.0009805523778394,8.735592522755227e-11,0.003012,10.656603273364455,61.19,241403.0,14771449.57,0.0299999999999975,61.19,61.13
2009-08-05,NTRS,58246,NORTHERN TRUST CORP,,,0.002615,-0.0387290984460469,0.0014669926650366,1.7236531170868584e-11,-0.002914,10.243882636089856,61.35,241403.0,14810074.05,0.0449999999999981,61.44,61.35
2009-08-06,NTRS,58246,NORTHERN TRUST CORP,,,-0.008639,0.29515986063349,0.0001644195988162,-4.434926480632825e-11,-0.005625,13.267465607303969,60.82,241403.0,14682130.46,0.0050000000000025,60.34,60.33
2009-08-07,NTRS,58246,NORTHERN TRUST CORP,,,0.014469,-0.4072766193144387,0.0001620745542949,1.235294933935182e-10,0.013439,7.863937067890623,61.7,241403.0,14894565.1,0.004999999999999,61.72,61.71
2009-08-10,NTRS,58246,NORTHERN TRUST CORP,,,-0.005024,-0.2651690021692202,0.0001628929793125,-5.866537308709402e-11,-0.003345,5.778664722476523,61.39,241403.0,14819730.17,0.004999999999999,61.4,61.39
2009-08-11,NTRS,58246,NORTHERN TRUST CORP,,,-0.009285,0.559522776914767,0.0001644195988161,-7.01735762219053e-11,-0.01266,9.011959254855988,60.82,241403.0,14682130.46,0.004999999999999,60.82,60.81
2009-08-12,NTRS,58246,NORTHERN TRUST CORP,,,0.003782,-0.1669793896982506,0.0003276003276003,3.4183633779274113e-11,0.011525,7.507147798494634,61.05,241403.0,14737653.15,0.0100000000000015,61.0,60.98
2009-08-13,NTRS,58246,NORTHERN TRUST CORP,,,-0.000819,-0.036403957957189,0.0011475409836065,-7.688496661864094e-12,0.00688,7.23385790565983,61.0,241403.0,14725583.0,0.0350000000000001,61.08,61.01
2009-08-14,NTRS,58246,NORTHERN TRUST CORP,,,0.002787,-0.1513564587479062,0.0001634788294915,3.0744012024105547e-11,-0.008531,6.138966789973613,61.17,241403.0,14766621.51,0.004999999999999,61.18,61.17
2009-08-17,NTRS,58246,NORTHERN TRUST CORP,,,-0.020762,0.2813784401116086,0.0003338898163605,-1.8252695339440887e-10,-0.024261,7.866339689233357,59.9,241403.0,14460039.7,0.009999999999998,59.91,59.89
2009-08-18,NTRS,58246,NORTHERN TRUST CORP,,,0.008013,-0.3472630779617032,0.0003312355084465,1.070652401406128e-10,0.010146,5.134650356457874,60.38,241403.0,14575913.14,0.0100000000000015,60.38,60.36
2009-08-19,NTRS,58246,NORTHERN TRUST CORP,,,-0.007618,0.1077400929392022,0.0001668891855808,-9.259291365122572e-11,0.006861,5.6878580630729525,59.92,241403.0,14464867.76,0.0050000000000025,59.95,59.94
2009-08-20,NTRS,58246,NORTHERN TRUST CORP,,,0.01986,0.166493817485831,0.0001636393388971,2.0290516669106782e-10,0.010949,6.634851265311533,61.11,241403.0,14752137.33,0.0050000000000025,61.09,61.08
2009-08-21,NTRS,58246,NORTHERN TRUST CORP,,,-0.012437,0.5867065249898076,0.00049710024855,-8.109011151029715e-11,0.018623,10.52756179500669,60.35,241403.0,14568671.05,0.014999999999997,60.37,60.34
2009-08-24,NTRS,58246,NORTHERN TRUST CORP,,,-0.017398,-0.2547665938061333,0.0006745362563237,-1.5491085691779082e-10,-0.000546,7.845490735409253,59.3,241403.0,14315197.9,0.0199999999999995,59.33,59.29
2009-08-25,NTRS,58246,NORTHERN TRUST CORP,,,0.013659,-0.0548575049170373,0.0004990850108135,1.2694397991506866e-10,0.002369,7.415106688814969,60.11,241403.0,14510734.33,0.0150000000000005,60.1,60.07
2009-08-26,NTRS,58246,NORTHERN TRUST CORP,,,-0.004159,0.265610780607465,0.0001670564650851,-3.0668460471482505e-11,0.000117,9.384638964718748,59.86,241403.0,14450383.58,0.004999999999999,59.85,59.84
2009-08-27,NTRS,58246,NORTHERN TRUST CORP,,,-0.001169,-0.3557321185797271,0.0003345040976751,-1.3395509729616846e-11,0.002782,6.046221463693492,59.79,241403.0,14433485.37,0.009999999999998,59.8,59.78
2009-08-28,NTRS,58246,NORTHERN TRUST CORP,,,-0.020907,0.0614945710261061,0.0006832934745474,-2.3051251559318432e-10,-0.001988,6.418031258932159,58.54,241403.0,14131731.62,0.0200000000000031,58.59,58.55
2009-08-31,NTRS,58246,NORTHERN TRUST CORP,,,-0.001367,0.270113184262637,0.0006842285323299,-1.1882909469364354e-11,-0.008076,8.151626118979467,58.46,241403.0,14112419.38,0.0200000000000031,58.45,58.41
2009-09-01,NTRS,58246,NORTHERN TRUST CORP,,,-0.036264,0.4982409530919129,0.0,-2.1831837210063486e-10,-0.022124,12.213100085748728,56.34,241403.0,13600645.02,0.0,56.45,56.45
2009-09-02,NTRS,58246,NORTHERN TRUST CORP,,,0.008342,-0.2636097194329302,0.0003520506953001,6.763457563580284e-11,-0.003296,8.99360819873821,56.81,241403.0,13714104.43,0.0100000000000015,56.81,56.79
2009-09-03,NTRS,58246,NORTHERN TRUST CORP,,,0.010209,-0.1705594993100221,0.0008712319219375,9.878366035991148e-11,0.008535,7.459662887370911,57.39,241403.0,13854118.17,0.0249999999999985,57.43,57.38
2009-09-04,NTRS,58246,NORTHERN TRUST CORP,,,0.01725,-0.054025327843135,0.0001712915381979,1.7345372688743948e-10,0.013118,7.05665215428143,58.38,241403.0,14093107.14,0.004999999999999,58.39,58.38
2009-09-08,NTRS,58246,NORTHERN TRUST CORP,,,0.010963,-0.1525109818215119,0.0003404834865509,1.292766291722816e-10,0.008845,5.980435205859082,58.74,241403.0,14180012.22,0.0100000000000015,58.74,58.72
2009-09-09,NTRS,58246,NORTHERN TRUST CORP,,,0.001362,0.0210834005797624,0.000170010200612,1.5707802025569876e-11,0.007782,6.106523116945523,58.82,241403.0,14199324.46,0.004999999999999,58.82,58.81
2009-09-10,NTRS,58246,NORTHERN TRUST CORP,,,0.00034,0.2121219727120957,0.0005098572399728,3.233875235417129e-12,0.010422,7.401850846924023,58.84,241403.0,14204152.52,0.0150000000000005,58.85,58.82
2009-09-11,NTRS,58246,NORTHERN TRUST CORP,,,-0.004419,-0.0370723779387954,0.0010242403550699,-4.3842771188498316e-11,-0.00135,7.127446634880262,58.58,241403.0,14141387.74,0.0299999999999975,58.58,58.52
2009-09-14,NTRS,58246,NORTHERN TRUST CORP,,,0.012462,-0.3661140064408251,0.0003372112628561,1.9265133817233423e-10,0.006339,4.517988591691073,59.31,241403.0,14317611.93,0.009999999999998,59.33,59.31
2009-09-15,NTRS,58246,NORTHERN TRUST CORP,,,-0.001517,0.7581638940234134,0.0001688618709896,-1.3358879357176119e-11,0.003135,7.943364415520934,59.22,241403.0,14295885.66,0.0050000000000025,59.24,59.23
2009-09-16,NTRS,58246,NORTHERN TRUST CORP,,,0.013171,0.7005186821530784,0.0003333333333333,6.731919931706613e-11,0.015324,13.507839587743318,60.0,241403.0,14484180.0,0.0100000000000015,60.02,60.0
2009-09-17,NTRS,58246,NORTHERN TRUST CORP,,,-0.020167,-0.0576880202083333,0.0011906786868515,-1.1163864797463576e-10,-0.00306,12.728599064634656,58.79,241403.0,14192082.37,0.0350000000000001,58.87,58.8
2009-09-18,NTRS,58246,NORTHERN TRUST CORP,,,-0.001021,-0.0036954205424376,0.0017027073046142,-5.678718552892345e-12,0.002637,12.681561538174751,58.73,241403.0,14177598.19,0.0499999999999971,58.73,58.63
2009-09-21,NTRS,58246,NORTHERN TRUST CORP,,,-0.006981,-0.4765289493223126,0.0010288065843621,-7.469509040386272e-11,-0.003407,6.6384303426220885,58.32,241403.0,14078622.96,0.0300000000000011,58.36,58.3
2009-09-22,NTRS,58246,NORTHERN TRUST CORP,,,0.009088,-0.11433620565391,0.0005097706032285,1.0880400819791029e-10,0.006575,5.879417405748893,58.85,241403.0,14206566.55,0.0150000000000005,58.92,58.89
2009-09-23,NTRS,58246,NORTHERN TRUST CORP,,,-0.003229,0.336201630511749,0.0008523695874531,-2.9025321058887675e-11,-0.010068,7.856087124020828,58.66,241403.0,14160699.98,0.0250000000000021,58.7,58.65
2009-09-24,NTRS,58246,NORTHERN TRUST CORP,,,-0.008524,-0.0158145366976661,0.000171939477304,-7.852232368327531e-11,-0.009511,7.731846745897938,58.16,241403.0,14039998.48,0.0050000000000025,58.17,58.16
2009-09-25,NTRS,58246,NORTHERN TRUST CORP,,,-0.009457,-0.0899945405576561,0.00034716195105,-9.664638537858052e-11,-0.006091,7.036022750338645,57.61,241403.0,13907226.83,0.009999999999998,57.62,57.6
2009-09-28,NTRS,58246,NORTHERN TRUST CORP,,,0.018573,-0.1798086212855096,0.0008520790729379,2.2719923023506256e-10,0.01781,5.770885200266774,58.68,241403.0,14165528.04,0.0249999999999985,58.68,58.63
2009-09-29,NTRS,58246,NORTHERN TRUST CORP,,,-0.00392,0.1520541465168914,0.0013686911890504,-4.1787227949429196e-11,-0.00223,6.648372224040298,58.45,241403.0,14110005.35,0.0399999999999991,58.51,58.43
2009-09-30,NTRS,58246,NORTHERN TRUST CORP,,,-0.004962,0.2276575342209694,0.0006877579092159,-4.330092154811918e-11,-0.003328,8.158477050164592,58.16,241505.0,14045930.8,0.0199999999999995,58.17,58.13
2009-10-01,NTRS,58246,NORTHERN TRUST CORP,,,-0.018398,0.1346831696283787,0.000350324049746,-1.4414538270950067e-10,-0.02576,9.257286598621146,57.09,241505.0,13787520.45,0.0100000000000015,57.07,57.05
2009-10-02,NTRS,58246,NORTHERN TRUST CORP,,,-0.010685,-0.2093111673803195,0.0005311614730878,-1.0701986466891104e-10,-0.004506,7.319633133889567,56.48,241505.0,13640202.4,0.0150000000000005,56.51,56.48
2009-10-05,NTRS,58246,NORTHERN TRUST CORP,,,0.018414,-0.0638214702714444,0.0005215577190542,1.934439464378366e-10,0.014875,6.8524833854371545,57.52,241505.0,13891367.6,0.0150000000000005,57.52,57.49
2009-10-06,NTRS,58246,NORTHERN TRUST CORP,,,0.005737,-0.1563971191165194,0.0008643042350907,7.103449782772184e-11,0.013705,5.78077472516097,57.85,241505.0,13971064.25,0.0249999999999985,57.89,57.84
2009-10-07,NTRS,58246,NORTHERN TRUST CORP,,,0.00605,0.1429575255392576,0.000171821305842,6.514635574613264e-11,0.002712,6.607179975569864,58.2,241505.0,14055591.0,0.0050000000000025,58.2,58.19
2009-10-08,NTRS,58246,NORTHERN TRUST CORP,,,0.022509,0.2739963914776704,0.0006721559401782,1.8606118797167624e-10,0.00747,8.41752344671953,59.51,241505.0,14371962.55,0.0200000000000031,59.52,59.48
2009-10-09,NTRS,58246,NORTHERN TRUST CORP,,,0.015796,-0.1446090608665367,0.0006617038875103,1.5027118559748214e-10,0.005641,7.200273286267365,60.45,241505.0,14598977.25,0.0199999999999995,60.44,60.4
2009-10-12,NTRS,58246,NORTHERN TRUST CORP,,,-0.002978,-0.3020676265827516,0.0004977600796416,-4.071318245813195e-11,0.004386,5.025303823937392,60.27,241505.0,14555506.35,0.0150000000000005,60.27,60.24
2009-10-13,NTRS,58246,NORTHERN TRUST CORP,,,-0.018749,0.8763665547165707,0.0010145417653027,-1.3921648208287764e-10,-0.002788,9.429312022525414,59.14,241505.0,14282605.7,0.0300000000000011,59.14,59.08
2009-10-14,NTRS,58246,NORTHERN TRUST CORP,,,0.000507,0.3681057567408767,0.0006760182524928,2.750303275426838e-12,0.017546,12.90029606012298,59.17,241505.0,14289850.85,0.0199999999999995,59.23,59.19
2009-10-15,NTRS,58246,NORTHERN TRUST CORP,,,0.012337,-0.1711328505408145,0.0001669449081802,7.975758782477981e-11,0.004157,10.692631622533694,59.9,241505.0,14466149.5,0.004999999999999,59.9,59.89
2009-10-16,NTRS,58246,NORTHERN TRUST CORP,,,-0.027546,-0.1375443205422711,0.0001716738197424,-2.1233182640636014e-10,-0.008098,9.221920871203494,58.25,241505.0,14067666.25,0.004999999999999,58.25,58.24
2009-10-19,NTRS,58246,NORTHERN TRUST CORP,,,0.000515,-0.3073785213322916,0.0008579272477693,5.7285434662556905e-12,0.009405,6.387300469969566,58.28,241505.0,14074911.4,0.0249999999999985,58.29,58.24
2009-10-20,NTRS,58246,NORTHERN TRUST CORP,,,-0.014242,0.7739505304476635,0.0001740644038293,-9.05932772118222e-11,-0.006239,11.33075505683112,57.45,241505.0,13874462.25,0.004999999999999,57.47,57.46
2009-10-21,NTRS,58246,NORTHERN TRUST CORP,,,-0.057267,2.187328106579585,0.0001846381093058,-1.2123109466481718e-10,-0.008854,36.1148340614066,54.16,241505.0,13079910.8,0.0050000000000025,54.17,54.16
2009-10-22,NTRS,58246,NORTHERN TRUST CORP,,,-0.004801,-0.3566125917559599,0.0003710575139145,-1.5872986007160095e-11,0.010644,23.23582948593197,53.9,241505.0,13017119.5,0.009999999999998,53.9,53.88
2009-10-23,NTRS,58246,NORTHERN TRUST CORP,,,-0.0141,-0.588747817232578,0.0011290929619872,-1.1497542912291643e-10,-0.012179,9.555785594501147,53.14,241505.0,12833575.7,0.0300000000000011,53.22,53.16
2009-10-26,NTRS,58246,NORTHERN TRUST CORP,,,-0.022582,0.4148723659636792,0.0009626492106275,-1.3315291237531258e-10,-0.011717,13.520216972733484,51.94,241505.0,12543769.7,0.0249999999999985,52.01,51.96
2009-10-27,NTRS,58246,NORTHERN TRUST CORP,,,-0.006161,-0.140407019478133,0.0005811700891127,-4.2523652492392236e-11,-0.003318,11.62188360489431,51.62,241505.0,12466488.1,0.0150000000000005,51.65,51.62
2009-10-28,NTRS,58246,NORTHERN TRUST CORP,,,-0.031771,-0.1155624152264742,0.0002000800320127,-2.5607359269956606e-10,-0.019541,10.27883066603176,49.98,241505.0,12070419.9,0.004999999999999,49.97,49.96
2009-10-29,NTRS,58246,NORTHERN TRUST CORP,,,0.026611,0.1218829925527384,0.0001948937828882,1.8622662728024702e-10,0.02252,11.53164530755057,51.31,241505.0,12391621.55,0.004999999999999,51.33,51.32
2009-10-30,NTRS,58246,NORTHERN TRUST CORP,,,-0.020659,0.456457387026697,0.0023880597014924,-1.0135800282815517e-10,-0.028065,16.795349992753774,50.25,241505.0,12135626.25,0.0599999999999987,50.26,50.14
2009-11-02,NTRS,58246,NORTHERN TRUST CORP,,,0.008358,-0.1506730132260528,0.0001973554371423,4.7880795122775866e-11,0.006456,14.264744001159396,50.67,241505.0,12237058.35,0.0050000000000025,50.67,50.66
2009-11-03,NTRS,58246,NORTHERN TRUST CORP,,,-0.020328,-0.1987627311062068,0.0012087026591458,-1.4835822496895735e-10,0.002426,11.429444524958075,49.64,241505.0,11988308.2,0.0300000000000011,49.7,49.64
2009-11-04,NTRS,58246,NORTHERN TRUST CORP,,,0.003022,0.1993958557647301,0.0006025306286403,1.8333211099186185e-11,0.001043,13.7084283969276,49.79,241505.0,12024533.95,0.0150000000000005,49.79,49.76
2009-11-05,NTRS,58246,NORTHERN TRUST CORP,,,0.012653,-0.2536103138533957,0.0009916699722331,1.0155732253949308e-10,0.019236,10.231829568745988,50.42,241505.0,12176682.1,0.0249999999999985,50.43,50.38
2009-11-06,NTRS,58246,NORTHERN TRUST CORP,,,-0.013685,0.1021748754976654,0.0008043434546551,-1.0104071517255232e-10,0.002503,11.27726548104594,49.73,241505.0,12010043.65,0.0199999999999995,49.73,49.69
2009-11-09,NTRS,58246,NORTHERN TRUST CORP,,,0.025136,-0.1563020007960298,0.0003923107100823,2.145751310180461e-10,0.022239,9.514606322850458,50.98,241505.0,12311924.9,0.009999999999998,50.98,50.96
2009-11-10,NTRS,58246,NORTHERN TRUST CORP,,,-0.000588,-0.1035496610925549,0.0013738959764475,-5.602604319927889e-12,-6.4e-05,8.529372062690214,50.95,241505.0,12304679.75,0.0350000000000001,51.01,50.94
2009-11-11,NTRS,58246,NORTHERN TRUST CORP,,,0.013543,0.0188209444600331,0.0007745933384972,1.2496477009404576e-10,0.005032,8.689902900561066,51.64,241505.0,12471318.2,0.0199999999999995,51.64,51.6
2009-11-12,NTRS,58246,NORTHERN TRUST CORP,,,-0.047637,0.8652298734189279,0.0006100040666938,-2.4744715573613465e-10,-0.010259,16.20866648723629,49.18,241505.0,11877215.9,0.0150000000000005,49.18,49.15
2009-11-13,NTRS,58246,NORTHERN TRUST CORP,,,-0.02318,0.1099251138211672,0.0020815986677768,-1.1105633624372884e-10,0.005739,17.990405995735077,48.04,241505.0,11601900.2,0.0500000000000007,48.09,47.99
2009-11-16,NTRS,58246,NORTHERN TRUST CORP,,,-0.002706,-0.0718965064457912,0.0002087246921311,-1.4006774054519409e-11,0.014468,16.696958655100307,47.91,241505.0,11570504.55,0.0050000000000025,47.92,47.91
2009-11-17,NTRS,58246,NORTHERN TRUST CORP,,,0.014193,-0.2330436546581824,0.0010290183165261,9.444808580829407e-11,0.000919,12.805838388439165,48.59,241505.0,11734727.95,0.0250000000000021,48.63,48.58
2009-11-18,NTRS,58246,NORTHERN TRUST CORP,,,0.001852,-0.1405841676167614,0.0002054231717337,1.4313733248514704e-11,-0.000468,11.005540257965674,48.68,241505.0,11756463.4,0.004999999999999,48.68,48.67
2009-11-19,NTRS,58246,NORTHERN TRUST CORP,,,-0.020748,-0.1128894203039776,0.0010488777008601,-1.8459325814415223e-10,-0.013426,9.76313119811184,47.67,241505.0,11512543.35,0.0250000000000021,47.71,47.66
2009-11-20,NTRS,58246,NORTHERN TRUST CORP,,,-0.00902,0.2589275376456044,0.0008467400508045,-6.432512860869549e-11,-0.003215,12.291074718949918,47.24,241505.0,11408696.2,0.0200000000000031,47.27,47.23
2009-11-23,NTRS,58246,NORTHERN TRUST CORP,,,0.019475,-0.3194084537029925,0.0002076411960132,2.0016514353055448e-10,0.013616,8.365201548622181,48.16,241505.0,11630880.8,0.004999999999999,48.16,48.15
2009-11-24,NTRS,58246,NORTHERN TRUST CORP,,,-0.001869,-0.006305692695613,0.0002080299563138,-1.9367779926681032e-11,-0.000533,8.312453158319704,48.07,241505.0,11609145.35,0.0050000000000025,48.06,48.05
2009-11-25,NTRS,58246,NORTHERN TRUST CORP,,,0.002912,-0.0167357493079697,0.0,3.060050911332225e-11,0.004504,8.173338026127823,48.21,241505.0,11642956.05,0.0,48.22,48.22
2009-11-27,NTRS,58246,NORTHERN TRUST CORP,,,-0.010786,-0.2003985000268503,0.0012581253931642,-1.4329594679064654e-10,-0.017233,6.535413345479389,47.69,241505.0,11517373.45,0.0300000000000011,47.75,47.69
2009-11-30,NTRS,58246,NORTHERN TRUST CORP,,,0.037744,0.9546382738772188,0.0002020610224287,2.472093450773507e-10,0.003793,12.774369060681972,49.49,241505.0,11952082.45,0.004999999999999,49.47,49.46
2009-12-01,NTRS,58246,NORTHERN TRUST CORP,,,-0.002223,-0.1461212923903931,0.0004050222762252,-1.7089391823125088e-11,0.012075,10.90776174406327,49.38,241505.0,11925516.9,0.0100000000000015,49.43,49.41
2009-12-02,NTRS,58246,NORTHERN TRUST CORP,,,0.012961,-0.2655132580869376,0.0003998400639743,1.33921126137168e-10,0.000343,8.011606384960974,50.02,241505.0,12080080.1,0.009999999999998,50.04,50.02
2009-12-03,NTRS,58246,NORTHERN TRUST CORP,,,-0.02519,1.2048135171690937,0.0018457752255948,-1.2110076236632643e-10,-0.008402,17.66409805180017,48.76,241505.0,11775783.8,0.0450000000000017,48.85,48.76
2009-12-04,NTRS,58246,NORTHERN TRUST CORP,,,-0.001436,-0.2376665741515172,0.000205380981721,-9.068847717974872e-12,0.005509,13.465932382352332,48.69,241505.0,11758878.45,0.004999999999999,48.71,48.7
2009-12-07,NTRS,58246,NORTHERN TRUST CORP,,,-0.012734,-0.2769738844865916,0.0004160599126274,-1.1266115083440603e-10,-0.002468,9.736220782178425,48.07,241505.0,11609145.35,0.0100000000000015,48.07,48.05
2009-12-08,NTRS,58246,NORTHERN TRUST CORP,,,-0.010193,0.2150895699739639,0.0006342494714587,-7.542512703550835e-11,-0.010252,11.83038032338875,47.3,241505.0,11423186.5,0.0150000000000005,47.34,47.31
2009-12-09,NTRS,58246,NORTHERN TRUST CORP,,,0.004017,-0.2869123053618079,0.0004211412929038,4.151756620318551e-11,0.003672,8.436098631498313,47.49,241505.0,11469072.45,0.0100000000000015,47.49,47.47
2009-12-10,NTRS,58246,NORTHERN TRUST CORP,,,0.00358,0.3483522794204263,0.0010490977759128,2.734373520213667e-11,0.00584,11.374832819196287,47.66,241505.0,11510128.3,0.0250000000000021,47.71,47.66
2009-12-11,NTRS,58246,NORTHERN TRUST CORP,,,0.009652,-0.064215845266918,0.0008312551953449,7.802699084509835e-11,0.003683,10.64438831494172,48.12,241505.0,11621220.6,0.0199999999999995,48.13,48.09
2009-12-14,NTRS,58246,NORTHERN TRUST CORP,,,0.00852,0.216957582703051,0.0002060581083865,5.611862560585392e-11,0.006959,12.953769073104077,48.53,241505.0,11720237.65,0.004999999999999,48.53,48.52
2009-12-15,NTRS,58246,NORTHERN TRUST CORP,,,-0.002885,-0.306098644674594,0.0002066542674107,-2.7464404221282582e-11,-0.005547,8.988637916399247,48.39,241505.0,11686426.95,0.0050000000000025,48.38,48.37
2009-12-16,NTRS,58246,NORTHERN TRUST CORP,,,0.011986,0.236568897840014,0.0004084133142739,9.118131210572239e-11,0.001128,11.115070081364776,48.97,241505.0,11826499.85,0.009999999999998,48.98,48.96
2009-12-17,NTRS,58246,NORTHERN TRUST CORP,,,-0.002246,0.0299659693519276,0.0002046663937781,-1.6626279681367734e-11,-0.011811,11.44814393076748,48.86,241505.0,11799934.3,0.004999999999999,48.9,48.89
2009-12-18,NTRS,58246,NORTHERN TRUST CORP,,,0.024765,0.4443301899895253,0.000199720391452,1.2386056143858283e-10,0.00583,16.534899898552826,50.07,241505.0,12092155.35,0.0050000000000025,50.02,50.01
2009-12-21,NTRS,58246,NORTHERN TRUST CORP,,,0.011184,-0.5787655753029917,0.0001975113569031,1.3132205747719945e-10,0.010504,6.96506904618952,50.63,241505.0,12227398.15,0.0050000000000025,50.63,50.62
2009-12-22,NTRS,58246,NORTHERN TRUST CORP,,,0.012838,0.2895941320932953,0.000780031201248,1.1541034887600947e-10,0.003564,8.98211217159065,51.28,241505.0,12384376.4,0.0199999999999995,51.31,51.27
2009-12-23,NTRS,58246,NORTHERN TRUST CORP,,,0.011895,-0.2601984579746222,0.0005781460782424,1.4284365117007135e-10,0.002299,6.644980435187677,51.89,241505.0,12531694.45,0.0150000000000005,51.92,51.89
2009-12-24,NTRS,58246,NORTHERN TRUST CORP,,,0.005974,-0.6140811667028083,0.000191570881226,1.8479018868154709e-10,0.005256,2.564423096830293,52.2,241505.0,12606561.0,0.004999999999999,52.19,52.18
2009-12-28,NTRS,58246,NORTHERN TRUST CORP,,,0.002682,0.9583882994440688,0.0003821169277798,4.224841719794164e-11,0.001154,5.02213618765657,52.34,241505.0,12640371.7,0.009999999999998,52.4,52.38
2009-12-29,NTRS,58246,NORTHERN TRUST CORP,,,-0.001337,-0.0238549689126048,0.0003826286588866,-2.160478491826929e-11,-0.001401,4.902333285025155,52.27,241505.0,12623466.35,0.0100000000000015,52.28,52.26
2009-12-30,NTRS,58246,NORTHERN TRUST CORP,,,0.006505,-0.1786495576626479,0.000190077931952,1.2715151634346327e-10,0.000195,4.026533612140535,52.61,241505.0,12705578.05,0.004999999999999,52.62,52.61
2009-12-31,NTRS,58246,NORTHERN TRUST CORP,,,-0.003992,0.3525793169262916,0.0019083969465649,-5.792139968559708e-11,-0.01005,5.442262495862297,52.4,241680.0,12664032.0,0.0500000000000007,52.51,52.41
2010-01-04,NTRS,58246,NORTHERN TRUST CORP,,,0.002481,0.5522973710660648,0.0003807348181991,2.313258912120515e-11,0.016043,8.448009764978483,52.53,241680.0,12695450.4,0.0100000000000015,52.53,52.51
2010-01-05,NTRS,58246,NORTHERN TRUST CORP,,,-0.001333,0.0822749502256681,0.0001906214258482,-1.1499239970717149e-11,0.003116,9.143069347898049,52.46,241680.0,12678532.8,0.004999999999999,52.46,52.45
2010-01-06,NTRS,58246,NORTHERN TRUST CORP,,,-0.014487,0.0488008084366318,0.000193423597679,-1.2090998784804128e-10,0.000546,9.58925852366766,51.7,241680.0,12494856.0,0.0050000000000025,51.7,51.69
2010-01-07,NTRS,58246,NORTHERN TRUST CORP,,,0.009478,-0.085222555718756,0.0001916075876605,8.566200206251939e-11,0.004001,8.772037404832837,52.19,241680.0,12613279.2,0.0050000000000025,52.2,52.19
2010-01-08,NTRS,58246,NORTHERN TRUST CORP,,,0.004407,-0.3088947965732496,0.000190766882869,5.738001849655248e-11,0.002882,6.062400695134062,52.42,241680.0,12668865.6,0.004999999999999,52.47,52.46
2010-01-11,NTRS,58246,NORTHERN TRUST CORP,,,-0.026326,1.0683781509335837,0.0005877742946707,-1.7019975075132863e-10,0.001747,12.53933714001986,51.04,241680.0,12335347.2,0.014999999999997,51.05,51.02
2010-01-12,NTRS,58246,NORTHERN TRUST CORP,,,-0.001763,-0.288128026102563,0.0001962708537783,-1.6039504110445218e-11,-0.009381,8.92640268123138,50.95,241680.0,12313596.0,0.0050000000000025,50.95,50.94
2010-01-13,NTRS,58246,NORTHERN TRUST CORP,,,0.011776,-0.2543390380622741,0.0001939864209506,1.4200725539499429e-10,0.008326,6.656070009930486,51.55,241680.0,12458604.0,0.0050000000000025,51.56,51.55
2010-01-14,NTRS,58246,NORTHERN TRUST CORP,,,-0.00485,0.2998087202908794,0.0007797270955165,-4.5215395464770347e-11,0.002427,8.651617841774247,51.3,241680.0,12398184.0,0.0199999999999995,51.31,51.27
2010-01-15,NTRS,58246,NORTHERN TRUST CORP,,,0.004873,0.025280223135907,0.0001939864209504,4.4094774062472276e-11,-0.010823,8.870332671300893,51.55,241680.0,12458604.0,0.004999999999999,51.57,51.56
2010-01-19,NTRS,58246,NORTHERN TRUST CORP,,,0.017071,-0.0736278222319246,0.0001907304978066,1.6395058904380072e-10,0.0125,8.217229394240318,52.43,241680.0,12671282.4,0.0050000000000025,52.45,52.44
2010-01-20,NTRS,58246,NORTHERN TRUST CORP,,,0.05741,1.5197045227952506,0.0001803751803752,2.0694197351907156e-10,-0.010598,20.704990069513407,55.44,241680.0,13398739.2,0.0050000000000025,55.45,55.44
2010-01-21,NTRS,58246,NORTHERN TRUST CORP,,,-0.034812,-0.3467566430095072,0.0009344047841524,-1.990230067621792e-10,-0.018945,13.525397219463754,53.51,241680.0,12932296.8,0.0249999999999985,53.55,53.5
2010-01-22,NTRS,58246,NORTHERN TRUST CORP,,,-0.026911,0.011446033398005,0.0028807374687921,-1.5631793246808236e-10,-0.022141,13.68020936775902,52.07,241680.0,12584277.6,0.0750000000000028,52.06,51.91
2010-01-25,NTRS,58246,NORTHERN TRUST CORP,,,-0.001536,-0.606957525377068,0.0011540680900173,-2.2735183113716272e-11,0.004598,5.37690334326382,51.99,241680.0,12564943.2,0.0300000000000011,51.99,51.93
2010-01-26,NTRS,58246,NORTHERN TRUST CORP,,,-0.020389,0.0793565167873551,0.0011780875711761,-2.854199921706842e-10,-0.004203,5.803595663687521,50.93,241680.0,12308762.4,0.0300000000000011,50.99,50.93
2010-01-27,NTRS,58246,NORTHERN TRUST CORP,,,0.03063,0.4220009368229156,0.0011430748714041,2.925719469183674e-10,0.00488,8.252718470705064,52.49,241680.0,12685783.2,0.0300000000000011,52.54,52.48
2010-01-28,NTRS,58246,NORTHERN TRUST CORP,,,-0.017146,-0.1341853691896334,0.0021321961620468,-1.9245740638833084e-10,-0.011818,7.145324395895399,51.59,241680.0,12468271.2,0.0549999999999997,51.7,51.59
2010-01-29,NTRS,58246,NORTHERN TRUST CORP,,,-0.02074,0.1759819142245966,0.0001979414093427,-2.0215389095286386e-10,-0.009829,8.40277226084078,50.52,241680.0,12209673.6,0.004999999999999,50.54,50.53
2010-02-01,NTRS,58246,NORTHERN TRUST CORP,,,0.03266,-0.09152730327529,0.0003833620854896,3.3932836051880777e-10,0.014266,7.633689175769613,52.17,241680.0,12608445.6,0.009999999999998,52.19,52.17
2010-02-02,NTRS,58246,NORTHERN TRUST CORP,,,-0.000958,-0.2994216520047048,0.0017267843438218,-1.4220969540789969e-11,0.012973,5.347997351870242,52.12,241680.0,12596361.6,0.0449999999999981,52.12,52.03
2010-02-03,NTRS,58246,NORTHERN TRUST CORP,,,-0.009785,-0.0914937207157579,0.0009688044952528,-1.6146081553554642e-10,-0.005474,4.858689175769613,51.61,241680.0,12473104.8,0.0249999999999985,51.61,51.56
2010-02-04,NTRS,58246,NORTHERN TRUST CORP,,,-0.033327,0.9150928934943896,0.0004008819402685,-2.9705238504130056e-10,-0.031141,9.3048411122145,49.89,241680.0,12057415.2,0.009999999999998,49.9,49.88
2010-02-05,NTRS,58246,NORTHERN TRUST CORP,,,0.013029,0.1909041023766515,0.0009893153937474,9.626078108520696e-11,0.002897,11.081173452499172,50.54,241680.0,12214507.2,0.0249999999999985,50.55,50.5
2010-02-08,NTRS,58246,NORTHERN TRUST CORP,,,-0.010882,-0.3059346595979684,0.0010002000400079,-1.1711128926703955e-10,-0.008863,7.691058424362794,49.99,241680.0,12081583.2,0.0249999999999985,49.98,49.93
2010-02-09,NTRS,58246,NORTHERN TRUST CORP,,,0.0018,0.0492700837917445,0.0005990415335463,1.8428673321232755e-11,0.01304,8.06999751737835,50.08,241680.0,12103334.4,0.0150000000000005,50.11,50.08
2010-02-10,NTRS,58246,NORTHERN TRUST CORP,,,0.009585,-0.0531000222010636,0.0005933544303797,1.0265186217747689e-10,-0.002233,7.641480470043032,50.56,241680.0,12219340.8,0.0150000000000005,50.56,50.53
2010-02-11,NTRS,58246,NORTHERN TRUST CORP,,,-0.004351,-0.3022531491076693,0.0003972983710767,-6.707485882111156e-11,0.00968,5.331818934127773,50.34,241680.0,12166171.2,0.0100000000000015,50.34,50.32
2010-02-12,NTRS,58246,NORTHERN TRUST CORP,,,-0.006555,0.4563803649559133,0.0003999200159968,-6.984332742554359e-11,-0.002745,7.765156405163853,50.01,241680.0,12086416.8,0.0100000000000015,50.03,50.01
2010-02-16,NTRS,58246,NORTHERN TRUST CORP,,,0.019596,-0.2514452360894195,0.0001961168856639,2.735696534359991e-10,0.018001,5.81264481959616,50.99,241680.0,12323263.2,0.0050000000000025,50.99,50.98
2010-02-17,NTRS,58246,NORTHERN TRUST CORP,,,0.01667,0.4992568337129841,0.0005787037037037,1.5267926878383718e-10,0.004238,8.714647467725918,51.84,241680.0,12528691.2,0.0150000000000005,51.86,51.83
2010-02-18,NTRS,58246,NORTHERN TRUST CORP,,,0.012153,-0.2516765139904167,0.0007623403849818,1.4695775958109144e-10,0.006585,6.521375372393247,52.47,241680.0,12680949.6,0.0199999999999995,52.47,52.43
2010-02-19,NTRS,58246,NORTHERN TRUST CORP,,,0.040595,1.820610042852992,0.0005494505494505,1.6724646374604402e-10,0.002187,18.39425686858656,54.6,241680.0,13195728.0,0.0150000000000005,54.6,54.57
2010-02-22,NTRS,58246,NORTHERN TRUST CORP,,,0.000916,-0.4268650894697677,0.0003659652333027,6.5784788894592575e-12,-0.001046,10.542390764647468,54.65,241680.0,13207812.0,0.009999999999998,54.66,54.64
2010-02-23,NTRS,58246,NORTHERN TRUST CORP,,,-0.021775,-0.3782431310675325,0.0007482229704451,-2.5711581781954635e-10,-0.012103,6.554803872889772,53.46,241680.0,12920212.8,0.0199999999999995,53.46,53.42
2010-02-24,NTRS,58246,NORTHERN TRUST CORP,,,0.001871,0.041792363800488,0.0007468259895444,2.1166625965277504e-11,0.00972,6.825214532371126,53.56,241805.0,12951075.8,0.0199999999999995,53.56,53.52
2010-02-25,NTRS,58246,NORTHERN TRUST CORP,,,-0.008402,0.167125452398279,0.0001882884579174,-8.213102671195905e-11,-0.002081,7.965881598808957,53.11,241805.0,12842263.55,0.004999999999999,53.11,53.1
2010-02-26,NTRS,58246,NORTHERN TRUST CORP,,,0.003389,-0.3156910792808601,0.0003753049352599,4.8247467606844215e-11,0.001405,5.451123839457414,53.29,241805.0,12885788.45,0.0100000000000015,53.31,53.29
2010-03-01,NTRS,58246,NORTHERN TRUST CORP,,,0.002815,-0.1256185945168418,0.000374251497006,4.5704578799330877e-11,0.010159,4.766321901351078,53.44,241807.0,12922166.08,0.0100000000000015,53.45,53.43
2010-03-02,NTRS,58246,NORTHERN TRUST CORP,,,-0.000561,0.1611749802608175,0.0013106159895149,-7.848567089533785e-12,0.00233,5.534533739718039,53.41,241807.0,12914911.87,0.0349999999999965,53.41,53.34
2010-03-03,NTRS,58246,NORTHERN TRUST CORP,,,0.000936,-0.2665410834281684,0.0003741114852225,1.7836974580184502e-11,0.000429,4.059353120463841,53.46,241807.0,12927002.22,0.009999999999998,53.48,53.46
2010-03-04,NTRS,58246,NORTHERN TRUST CORP,,,0.005612,0.0054147395016197,0.0001860119047619,1.0577607643404918e-10,0.003736,4.08133346015624,53.76,241807.0,12999544.32,0.0050000000000025,53.77,53.76
2010-03-05,NTRS,58246,NORTHERN TRUST CORP,,,0.021019,0.51064804259825,0.001093095281472,2.5685296206954623e-10,0.014008,6.165458402775768,54.89,241807.0,13272786.23,0.0300000000000011,54.89,54.83
2010-03-08,NTRS,58246,NORTHERN TRUST CORP,,,0.005283,0.0393433012420423,0.0005464480874317,6.210334661286974e-11,-0.000176,6.408027890011455,54.9,241807.0,13275204.3,0.0150000000000005,54.93,54.9
2010-03-09,NTRS,58246,NORTHERN TRUST CORP,,,-0.001822,-0.1499374639401203,0.0001824817518249,-2.524199495017128e-11,0.001713,5.447224439325578,54.8,241807.0,13251023.6,0.0050000000000025,54.81,54.8
2010-03-10,NTRS,58246,NORTHERN TRUST CORP,,,-0.014051,0.9660820072017656,0.0001850823616508,-1.0042145253414835e-10,0.004525,10.709689959347743,54.03,241807.0,13064832.21,0.004999999999999,54.03,54.02
2010-03-11,NTRS,58246,NORTHERN TRUST CORP,,,0.00037,-0.2839611720067128,0.0005550416281221,3.691676911361106e-12,0.004042,7.668553846662834,54.05,241807.0,13069668.35,0.0150000000000005,54.07,54.04
2010-03-12,NTRS,58246,NORTHERN TRUST CORP,,,-0.00148,0.0094261477315011,0.0011117287381877,-1.465049864521825e-11,-0.000217,7.74083876810845,53.97,241807.0,13050323.79,0.0299999999999975,54.05,53.99
2010-03-15,NTRS,58246,NORTHERN TRUST CORP,,,0.005373,0.0727972009665618,0.0007371913011426,4.931312543312467e-11,0.000452,8.304350163560194,54.26,241807.0,13120447.82,0.0199999999999995,54.3,54.26
2010-03-16,NTRS,58246,NORTHERN TRUST CORP,,,0.010136,-0.2095032494210801,0.0016420361247948,1.1650168005278612e-10,0.007779,6.564561819963855,54.81,241807.0,13253441.67,0.0450000000000017,54.81,54.72
2010-03-17,NTRS,58246,NORTHERN TRUST CORP,,,0.018062,0.0557751028911581,0.000179211469534,1.9314595228833447e-10,0.005822,6.930700930907707,55.8,241807.0,13492830.6,0.004999999999999,55.8,55.79
2010-03-18,NTRS,58246,NORTHERN TRUST CORP,,,-0.003226,-0.2050448358247428,0.0007191657677094,-4.353561819868938e-11,-0.000326,5.509596496379344,55.62,241807.0,13449305.34,0.0199999999999995,55.63,55.59
2010-03-19,NTRS,58246,NORTHERN TRUST CORP,,,-0.003056,0.5150094688795497,0.0009017132551849,-2.730535262444881e-11,-0.005087,8.347090861720298,55.45,241807.0,13408198.15,0.0250000000000021,55.46,55.41
2010-03-22,NTRS,58246,NORTHERN TRUST CORP,,,0.003246,-0.3967553266596808,0.0005392773683264,4.79227740706328e-11,0.005095,5.035338100220423,55.63,241807.0,13451723.41,0.0150000000000005,55.63,55.6
2010-03-23,NTRS,58246,NORTHERN TRUST CORP,,,0.002876,-0.1769920662297344,0.0005377307761246,5.1443557358967774e-11,0.007171,4.144123205697105,55.79,241807.0,13490412.53,0.014999999999997,55.8,55.77
2010-03-24,NTRS,58246,NORTHERN TRUST CORP,,,-0.011292,0.0269080849993712,0.0001812907904278,-1.9893605951081103e-10,-0.005493,4.2556336251638704,55.16,241807.0,13338074.12,0.004999999999999,55.16,55.15
2010-03-25,NTRS,58246,NORTHERN TRUST CORP,,,0.014866,0.8510789647069799,0.0003572704537335,1.3941297278828588e-10,-0.001704,7.877513885040549,55.98,241807.0,13536355.86,0.0100000000000015,55.99,55.97
2010-03-26,NTRS,58246,NORTHERN TRUST CORP,,,-0.011254,-0.0875381528507935,0.0005420054200542,-1.1698132199542126e-10,0.000738,7.18793087048762,55.35,241807.0,13384017.45,0.0150000000000005,55.35,55.32
2010-03-29,NTRS,58246,NORTHERN TRUST CORP,,,-0.002891,-4.2575421784318834e-05,0.0003623844899437,-3.013931847735794e-11,0.005683,7.187624841299052,55.19,241807.0,13345328.33,0.009999999999998,55.19,55.17
2010-03-30,NTRS,58246,NORTHERN TRUST CORP,,,-0.009784,-0.1501428638828826,0.0003659652333028,-1.2120654793028849e-10,4.3e-05,6.108454263110662,54.65,241807.0,13214752.55,0.0100000000000015,54.67,54.65
2010-03-31,NTRS,58246,NORTHERN TRUST CORP,,,0.011162,0.3353869526568531,0.0014477017734346,1.0240562524004219e-10,-0.003273,8.155699813934257,55.26,241850.0,13364631.0,0.0399999999999991,55.33,55.25
2010-04-01,NTRS,58246,NORTHERN TRUST CORP,,,0.024973,0.033790360849621,0.0010593220338983,2.1622587833869652e-10,0.007414,8.431283853628281,56.64,241850.0,13698384.0,0.0300000000000011,56.71,56.65
2010-04-05,NTRS,58246,NORTHERN TRUST CORP,,,0.009357,-0.2230619693140032,0.0001749169144655,1.0330997448364749e-10,0.007928,6.550585073392599,57.17,241850.0,13826564.5,0.004999999999999,57.18,57.17
2010-04-06,NTRS,58246,NORTHERN TRUST CORP,,,0.004898,0.1763240732733726,0.0001740644038295,4.5748365260204897e-11,0.001684,7.705610915856936,57.45,241850.0,13894282.5,0.0050000000000025,57.45,57.44
2010-04-07,NTRS,58246,NORTHERN TRUST CORP,,,-0.009399,0.0217889871335188,0.0001757160428746,-8.673186369238241e-11,-0.005877,7.873508372958446,56.91,241850.0,13763683.5,0.004999999999999,56.91,56.9
2010-04-08,NTRS,58246,NORTHERN TRUST CORP,,,0.01599,0.1400451001151135,0.0012106537530266,1.2738959552334814e-10,0.003374,8.976154641306595,57.82,241850.0,13983767.0,0.0350000000000001,57.89,57.82
2010-04-09,NTRS,58246,NORTHERN TRUST CORP,,,0.003286,0.0023290062154432,0.0003447681434236,2.6032625898285235e-11,0.006684,8.997060161256977,58.01,241850.0,14029718.5,0.0100000000000015,58.0,57.98
2010-04-12,NTRS,58246,NORTHERN TRUST CORP,,,0.013101,-0.1807196801013263,0.0006806193636208,1.2504591736481975e-10,0.001767,7.371114327062228,58.77,241850.0,14213524.5,0.0199999999999995,58.83,58.79
2010-04-13,NTRS,58246,NORTHERN TRUST CORP,,,0.004254,0.2578638966424038,0.0001694340901389,3.2142924584386346e-11,0.000685,9.271858590035146,59.02,241850.0,14273987.0,0.004999999999999,59.04,59.03
2010-04-14,NTRS,58246,NORTHERN TRUST CORP,,,-0.001017,0.4204425706575858,0.00016960651289,-5.415354695553609e-12,0.01115,13.170142650403143,58.96,241850.0,14259476.0,0.004999999999999,58.96,58.95
2010-04-15,NTRS,58246,NORTHERN TRUST CORP,,,-0.005258,-0.3081047683362955,0.0003410059676044,-4.067950475319511e-11,0.000843,9.112358900144718,58.65,241850.0,14184502.5,0.0100000000000015,58.67,58.65
2010-04-16,NTRS,58246,NORTHERN TRUST CORP,,,-0.021483,0.5274894909938361,0.0,-1.1119968689224182e-10,-0.016127,13.919032458135208,57.39,241850.0,13879771.5,0.0,57.38,57.38
2010-04-19,NTRS,58246,NORTHERN TRUST CORP,,,0.017076,-0.4570512946192249,0.0001713208840157,1.6005988907891303e-10,0.004521,7.557320653297499,58.37,241850.0,14116784.5,0.004999999999999,58.37,58.36
2010-04-20,NTRS,58246,NORTHERN TRUST CORP,,,-0.051396,3.2282657580025145,0.0001806032147371,-1.2010983756078455e-10,0.008058,31.95436014058301,55.37,241850.0,13391234.5,0.004999999999999,55.37,55.36
2010-04-21,NTRS,58246,NORTHERN TRUST CORP,,,-0.011559,-0.5219831054266202,0.0010962908825142,-5.717094252717591e-11,-0.001019,15.274724002480877,54.73,241850.0,13236450.5,0.0300000000000011,54.79,54.73
2010-04-22,NTRS,58246,NORTHERN TRUST CORP,,,0.016444,-0.0947346537483704,0.0012583138594283,8.83899826961354e-11,0.002264,13.827678313003927,55.63,241850.0,13454115.5,0.0350000000000001,55.7,55.63
2010-04-23,NTRS,58246,NORTHERN TRUST CORP,,,0.012224,-0.3016894203259112,0.0001775883502043,9.295737103928801e-11,0.007124,9.6560140583006,56.31,241850.0,13618573.5,0.0050000000000025,56.31,56.3
2010-04-26,NTRS,58246,NORTHERN TRUST CORP,,,-0.017759,-0.1665464112427188,0.0005423973964925,-1.6496410179479838e-10,-0.004296,8.047839569981393,55.31,241850.0,13376723.5,0.0150000000000005,55.33,55.3
2010-04-27,NTRS,58246,NORTHERN TRUST CORP,,,-0.017538,0.3010075165564614,0.0014722119985277,-1.27454514764882e-10,-0.023382,10.470299772586314,54.34,241850.0,13142129.0,0.0399999999999991,54.41,54.33
2010-04-28,NTRS,58246,NORTHERN TRUST CORP,,,0.000552,-0.3678009447754203,0.0001839249586168,6.341919053103893e-12,0.006463,6.619313624147199,54.37,241850.0,13149384.5,0.004999999999999,54.37,54.36
2010-04-29,NTRS,58246,NORTHERN TRUST CORP,,,0.023542,0.4635503825705971,0.0007187780772686,1.8055580625294389e-10,0.012943,9.687698986975398,55.65,241850.0,13458952.5,0.0199999999999995,55.69,55.65
2010-04-30,NTRS,58246,NORTHERN TRUST CORP,,,-0.01204,-0.0007870352586674,0.0001818843215715,-9.353991334599788e-11,-0.016648,9.680074426297292,54.98,241850.0,13296913.0,0.0050000000000025,54.99,54.98
2010-05-03,NTRS,58246,NORTHERN TRUST CORP,,,-0.001455,-0.2698133291416181,0.0009107468123861,-1.5503578758213656e-11,0.013121,7.06826131899938,54.9,241850.0,13277565.0,0.0249999999999985,54.87,54.82
2010-05-04,NTRS,58246,NORTHERN TRUST CORP,,,-0.017851,0.1348549453365071,0.0012982195845697,-1.706528803576863e-10,-0.023838,8.021451312797188,53.92,241850.0,13040552.0,0.0350000000000001,53.98,53.91
2010-05-05,NTRS,58246,NORTHERN TRUST CORP,,,0.000185,-0.1355008381495143,0.0001854255516409,2.0453973455408614e-12,-0.006561,6.934537936737647,53.93,241850.0,13042970.5,0.004999999999999,53.93,53.92
2010-05-06,NTRS,58246,NORTHERN TRUST CORP,,,-0.041906,0.8254803776478459,0.0023224308109153,-2.6490914928335166e-10,-0.032378,12.658862931569155,51.67,241850.0,12496389.5,0.0599999999999987,51.79,51.67
2010-05-07,NTRS,58246,NORTHERN TRUST CORP,,,0.002516,0.5580706610320407,0.000965250965251,1.018246528565484e-11,-0.015308,19.723402935703948,51.8,241850.0,12527830.0,0.0250000000000021,51.85,51.8
2010-05-10,NTRS,58246,NORTHERN TRUST CORP,,,0.0639,-0.4273838835832754,0.0021774632553075,4.24501218387553e-10,0.043974,11.29393839156502,55.11,241850.0,13328353.5,0.0599999999999987,55.22,55.1
2010-05-11,NTRS,58246,NORTHERN TRUST CORP,,,-0.011976,-0.2145048818589762,0.0007346189164372,-1.0251299145445847e-10,-0.003397,8.87133347115981,54.45,241850.0,13168732.5,0.0200000000000031,54.45,54.41
2010-05-12,NTRS,58246,NORTHERN TRUST CORP,,,0.016345,-0.0013176219231407,0.0010842067220817,1.3784257805301405e-10,0.01374,8.859644407690718,55.34,241850.0,13383979.0,0.0300000000000011,55.34,55.28
2010-05-13,NTRS,58246,NORTHERN TRUST CORP,,,-0.019154,-0.2892904062855129,0.0007369196757553,-2.317208341090408e-10,-0.012145,6.2966342774446975,54.28,241850.0,13127618.0,0.0199999999999995,54.31,54.27
2010-05-14,NTRS,58246,NORTHERN TRUST CORP,,,-0.020265,0.7530477574480856,0.0007521624670928,-1.4274140479947334e-10,-0.0188,11.038300599545172,53.18,241850.0,12861583.0,0.0199999999999995,53.22,53.18
2010-05-17,NTRS,58246,NORTHERN TRUST CORP,,,0.012035,-0.372434506424714,0.0003716090672612,1.3347349623062538e-10,0.001109,6.927256563985941,53.82,241850.0,13016367.0,0.0100000000000015,53.84,53.82
2010-05-18,NTRS,58246,NORTHERN TRUST CORP,,,-0.019138,0.1634839619257269,0.0003788596325062,-1.8598465889982416e-10,-0.014196,8.05975191234236,52.79,241850.0,12767261.5,0.0100000000000015,52.81,52.79
2010-05-19,NTRS,58246,NORTHERN TRUST CORP,,,-0.008335,-0.1336195287318051,0.0001910219675263,-9.42784639284639e-11,-0.00513,6.982811660119909,52.35,241850.0,12660847.5,0.0050000000000025,52.34,52.33
2010-05-20,NTRS,58246,NORTHERN TRUST CORP,,,-0.04298,0.0913646610330574,0.0015968063872255,-4.654600138880575e-10,-0.038976,7.620793880504445,50.1,241850.0,12116685.0,0.0399999999999991,50.17,50.09
2010-05-21,NTRS,58246,NORTHERN TRUST CORP,,,0.035529,0.5340246727097824,0.0001927525057825,2.4221685716167235e-10,0.015024,11.690485838329543,51.88,241850.0,12547178.0,0.004999999999999,51.89,51.88
2010-05-24,NTRS,58246,NORTHERN TRUST CORP,,,-0.023709,-0.3454546033308999,0.0,-2.5293874664818353e-10,-0.012908,7.651953690303907,50.65,241850.0,12249702.5,0.0,50.66,50.66
2010-05-25,NTRS,58246,NORTHERN TRUST CORP,,,0.002567,0.4816896994258697,0.0007877116975186,1.8435608875492908e-11,0.000354,11.33782096340707,50.78,241850.0,12281143.0,0.0199999999999995,50.82,50.78
2010-05-26,NTRS,58246,NORTHERN TRUST CORP,,,-0.005908,-0.3850594372389728,-0.0001980982567354,-6.940844472048632e-11,-0.005661,6.972086003721315,50.48,241850.0,12208588.0,-0.0050000000000025,50.48,50.49
2010-05-27,NTRS,58246,NORTHERN TRUST CORP,,,0.029517,0.3050511831640274,0.0003848374061958,2.5809710091094007e-10,0.032876,9.098929088277858,51.97,241850.0,12568944.5,0.009999999999998,51.97,51.95
2010-05-28,NTRS,58246,NORTHERN TRUST CORP,,,-0.022321,0.0584315197475568,0.0001968116512497,-1.8861026093734944e-10,-0.012375,9.630593342981186,50.81,241850.0,12288398.5,0.004999999999999,50.73,50.72
2010-06-01,NTRS,58246,NORTHERN TRUST CORP,,,-0.019484,-0.1730345588257392,0.0004014452027298,-2.0304294327362367e-10,-0.017165,7.964167872648336,49.82,241850.0,12048967.0,0.0100000000000015,49.82,49.8
2010-06-02,NTRS,58246,NORTHERN TRUST CORP,,,0.025893,-0.2907180912646784,0.0005869692819409,3.708267972431004e-10,0.025843,5.648840190200538,51.11,241850.0,12360953.5,0.0150000000000005,51.14,51.11
2010-06-03,NTRS,58246,NORTHERN TRUST CORP,,,-0.003522,-0.0466251687196048,0.0011780875711761,-5.3094142706908914e-11,0.004051,5.385462063262353,50.93,241850.0,12317420.5,0.0300000000000011,50.95,50.89
2010-06-04,NTRS,58246,NORTHERN TRUST CORP,,,-0.037601,0.7817691562365161,0.0002040191778026,-3.3055968715408527e-10,-0.034411,9.59565019640273,49.015,241850.0,11854277.75,0.004999999999999,49.12,49.11
2010-06-07,NTRS,58246,NORTHERN TRUST CORP,,,-0.010507,-0.3381713683927491,0.0014432989690721,-1.4104930250368149e-10,-0.013532,6.350676038867066,48.5,241850.0,11729725.0,0.0350000000000001,48.55,48.48
2010-06-08,NTRS,58246,NORTHERN TRUST CORP,,,0.01732,0.0288962055744115,0.000407664084794,2.2339977297356643e-10,0.010976,6.534186479222659,49.06,241850.0,11865161.0,0.009999999999998,49.08,49.06
2010-06-09,NTRS,58246,NORTHERN TRUST CORP,,,-0.006319,0.0839122871518129,0.0008205128205128,-7.567317910776574e-11,-0.005942,7.082485011370684,48.75,241850.0,11790187.5,0.0199999999999995,48.74,48.7
2010-06-10,NTRS,58246,NORTHERN TRUST CORP,,,0.015385,0.2232128105626776,0.0002020202020201,1.4834008553105168e-10,0.029507,8.663386396526773,49.5,241850.0,11971575.0,0.004999999999999,49.53,49.52
2010-06-11,NTRS,58246,NORTHERN TRUST CORP,,,0.008687,-0.2091182871651935,0.0002002803925495,1.0499362858305625e-10,0.00438,6.851713872234856,49.93,241850.0,12075570.5,0.004999999999999,49.91,49.9
2010-06-14,NTRS,58246,NORTHERN TRUST CORP,,,-0.011817,0.0354224008757537,0.0006080259424402,-1.3958708039014155e-10,-0.001805,7.094418027703122,49.34,241850.0,11932879.0,0.0150000000000005,49.34,49.31
2010-06-15,NTRS,58246,NORTHERN TRUST CORP,,,0.02878,-0.1876149983826645,0.0001970055161544,4.067657825810536e-10,0.023494,5.763398800909655,50.76,241850.0,12276306.0,0.004999999999999,50.78,50.77
2010-06-16,NTRS,58246,NORTHERN TRUST CORP,,,0.011032,0.1529552801608176,0.0003897116134061,1.3376126870850369e-10,-0.000556,6.644941079181311,51.32,241850.0,12411742.0,0.0100000000000015,51.34,51.32
2010-06-17,NTRS,58246,NORTHERN TRUST CORP,,,-0.008184,0.1904772571852411,0.0001964636542239,-8.404067059530171e-11,0.001283,7.910651230101302,50.9,241850.0,12310165.0,0.004999999999999,50.89,50.88
2010-06-18,NTRS,58246,NORTHERN TRUST CORP,,,-0.011788,0.5502153208958227,0.0003976143141152,-7.901722764190416e-11,0.001317,12.263212735166425,50.3,241850.0,12165055.0,0.009999999999998,50.3,50.28
2010-06-21,NTRS,58246,NORTHERN TRUST CORP,,,-0.018091,-0.1673916957588663,0.0002024701356549,-1.4833118128930368e-10,-0.003857,10.21045275997519,49.39,241850.0,11944971.5,0.004999999999999,49.4,49.39
2010-06-22,NTRS,58246,NORTHERN TRUST CORP,,,-0.015793,-0.1596251394064464,0.0002057189878625,-1.565578577362266e-10,-0.016071,8.580607814761215,48.61,241850.0,11756328.5,0.004999999999999,48.62,48.61
2010-06-23,NTRS,58246,NORTHERN TRUST CORP,,,-0.003292,0.0115717851601275,0.0002063983488133,-3.2367204622880794e-11,-0.002985,8.679900764936944,48.45,241850.0,11717632.5,0.0050000000000025,48.45,48.44
2010-06-24,NTRS,58246,NORTHERN TRUST CORP,,,-0.020846,0.1404888640332615,0.0002107925801011,-1.8353806648068052e-10,-0.016803,9.899330163324375,47.44,241850.0,11473364.0,0.004999999999999,47.47,47.46
2010-06-25,NTRS,58246,NORTHERN TRUST CORP,,,0.021079,1.4035556624827237,0.0014450867052023,7.562054175668235e-11,0.002859,23.793591068844325,48.44,241850.0,11715214.0,0.0350000000000001,48.53,48.46
2010-06-28,NTRS,58246,NORTHERN TRUST CORP,,,-0.00289,-0.7078375457035214,0.0002070393374742,-3.55893636613034e-11,-0.002034,6.951593963200331,48.3,241850.0,11681355.0,0.0050000000000025,48.31,48.3
2010-06-29,NTRS,58246,NORTHERN TRUST CORP,,,-0.018219,1.076252510791123,0.0002108814846056,-1.1006578273405839e-10,-0.031017,14.4332644200951,47.42,241850.0,11468527.0,0.004999999999999,47.47,47.46
2010-06-30,NTRS,58246,NORTHERN TRUST CORP,,,-0.015183,-0.2672870797565521,0.0,-1.2711482443758264e-10,-0.010113,10.564911541527772,46.7,242091.0,11305649.7,0.0,46.7,46.7
2010-07-01,NTRS,58246,NORTHERN TRUST CORP,,,-0.002784,0.282299123811907,0.0002147305132058,-1.8227585246120208e-11,-0.00324,13.547376812851368,46.57,242091.0,11274177.87,0.004999999999999,46.57,46.56
2010-07-02,NTRS,58246,NORTHERN TRUST CORP,,,-0.016319,0.1049596639690606,0.0010914647456888,-9.829987623888364e-11,-0.004662,14.969304930790488,45.81,242091.0,11090188.71,0.0250000000000021,45.84,45.79
2010-07-06,NTRS,58246,NORTHERN TRUST CORP,,,0.003274,-0.3918421251601161,0.0002175805047867,3.232228392049311e-11,0.005359,9.10370067453974,45.96,242091.0,11126502.36,0.004999999999999,45.96,45.95
2010-07-07,NTRS,58246,NORTHERN TRUST CORP,,,0.069191,1.2861056007375935,0.0004070004070003,2.7946122174789466e-10,0.031331,20.812021099503905,49.14,242091.0,11896351.74,0.009999999999998,49.16,49.14
2010-07-08,NTRS,58246,NORTHERN TRUST CORP,,,-0.025234,-0.2974944640196506,0.0002087682672233,-1.4883598036321514e-10,0.009413,14.620560037341331,47.9,242091.0,11596158.9,0.004999999999999,47.9,47.89
2010-07-09,NTRS,58246,NORTHERN TRUST CORP,,,0.013152,-0.5032490409678638,0.0006181743251597,1.5413460073721488e-10,0.007204,7.26277722013623,48.53,242091.0,11748676.23,0.0150000000000005,48.56,48.53
2010-07-12,NTRS,58246,NORTHERN TRUST CORP,,,0.011539,0.1517204861871415,0.0010185373803219,1.1607713550444951e-10,0.000733,8.364689311044193,49.09,242091.0,11884247.19,0.0250000000000021,49.13,49.08
2010-07-13,NTRS,58246,NORTHERN TRUST CORP,,,0.021389,0.5113742311171863,0.0001994415636218,1.393816747836403e-10,0.015379,12.642175876013566,50.14,242091.0,12138442.74,0.004999999999999,50.15,50.14
2010-07-14,NTRS,58246,NORTHERN TRUST CORP,,,-0.00718,-0.4729818787887303,0.000200883889112,-8.942182545509734e-11,-0.000155,6.662655778199107,49.78,242091.0,12051289.98,0.004999999999999,49.78,49.77
2010-07-15,NTRS,58246,NORTHERN TRUST CORP,,,-0.001004,-0.0821981079611573,0.0002010858636638,-1.3637673358059287e-11,0.001196,6.114998079234668,49.73,242091.0,12039185.43,0.0050000000000025,49.74,49.73
2010-07-16,NTRS,58246,NORTHERN TRUST CORP,,,-0.027549,0.5698020651370657,0.000413564929694,-2.4513181535063827e-10,-0.02882,9.599336613091772,48.36,242091.0,11707520.76,0.0100000000000015,48.39,48.37
2010-07-19,NTRS,58246,NORTHERN TRUST CORP,,,0.004136,-0.3832144318655647,0.000823723228995,5.942207091475458e-11,0.005982,5.920732286619495,48.56,242091.0,11755938.96,0.0199999999999995,48.57,48.53
2010-07-20,NTRS,58246,NORTHERN TRUST CORP,,,0.015651,1.076819715409152,0.0018248175182482,1.0660219738478071e-10,0.011417,12.296293542510874,49.32,242091.0,11939928.12,0.0450000000000017,49.32,49.23
2010-07-21,NTRS,58246,NORTHERN TRUST CORP,,,-0.043796,0.1953509480916224,0.0012722646310433,-2.6098308091355567e-10,-0.01282,14.69838614405327,47.16,242091.0,11417011.56,0.0300000000000011,47.17,47.11
2010-07-22,NTRS,58246,NORTHERN TRUST CORP,,,-0.004029,-0.0455107385536036,0.0006387055567383,-2.525558098210918e-11,0.022513,14.02945173509135,46.97,242091.0,11371014.27,0.0150000000000005,46.97,46.94
2010-07-23,NTRS,58246,NORTHERN TRUST CORP,,,0.011497,-0.5744675839505547,0.0002104820037886,1.6743548638038367e-10,0.00822,5.969986492682503,47.51,242091.0,11501743.41,0.004999999999999,47.51,47.5
2010-07-26,NTRS,58246,NORTHERN TRUST CORP,,,0.014944,0.1299616683272446,0.0008295313148071,1.8976842309674312e-10,0.0112,6.745855897162637,48.22,242091.0,11673628.02,0.0199999999999995,48.22,48.18
2010-07-27,NTRS,58246,NORTHERN TRUST CORP,,,0.000829,-0.2004787182255217,0.0002072109407376,1.3155927774878224e-11,-0.001049,5.393455353565395,48.26,242091.0,11683311.66,0.004999999999999,48.25,48.24
2010-07-28,NTRS,58246,NORTHERN TRUST CORP,,,-0.012847,-0.1306334422653781,0.000209907640638,-2.3756437184535426e-10,-0.006922,4.688889715024516,47.64,242091.0,11533215.24,0.004999999999999,47.65,47.64
2010-07-29,NTRS,58246,NORTHERN TRUST CORP,,,-0.003149,0.0588166372722964,0.0002105706464518,-5.516975709994772e-11,-0.004159,4.964674440602914,47.49,242091.0,11496901.59,0.004999999999999,47.48,47.47
2010-07-30,NTRS,58246,NORTHERN TRUST CORP,,,-0.010529,0.060613876494193,0.0012768674185997,-1.7577412980580927e-10,6.4e-05,5.265602603979495,46.99,242091.0,11375856.09,0.0300000000000011,46.99,46.93
2010-08-02,NTRS,58246,NORTHERN TRUST CORP,,,0.03256,0.5355429082451137,0.0006183017312448,3.4282692504026477e-10,0.022023,8.085558736177719,48.52,242091.0,11746255.32,0.0150000000000005,48.54,48.51
2010-08-03,NTRS,58246,NORTHERN TRUST CORP,,,-0.004122,-0.171217931983646,0.0002069536423842,-5.2583808211301344e-11,-0.004796,6.701166090437067,48.32,242091.0,11697837.12,0.0050000000000025,48.34,48.33
2010-08-04,NTRS,58246,NORTHERN TRUST CORP,,,0.003932,0.0548569554679427,0.0004122861265719,4.7365228538084166e-11,0.006051,7.068771660243463,48.51,242091.0,11743834.41,0.0100000000000015,48.5,48.48
2010-08-05,NTRS,58246,NORTHERN TRUST CORP,,,0.012369,0.2548276559265956,0.0006108735491753,1.172891870586679e-10,-0.001269,8.870090172703653,49.11,242091.0,11889089.01,0.0150000000000005,49.13,49.1
2010-08-06,NTRS,58246,NORTHERN TRUST CORP,,,-0.010996,-0.0344370250292334,0.0002058884084827,-1.0918911458723731e-10,-0.003704,8.5646306554147,48.57,242091.0,11758359.87,0.0050000000000025,48.59,48.58
2010-08-09,NTRS,58246,NORTHERN TRUST CORP,,,0.008441,-0.2922745994540421,0.0012249897917517,1.1744189580222868e-10,0.005483,6.061406661131558,48.98,242091.0,11857617.18,0.0300000000000011,49.0,48.94
2010-08-10,NTRS,58246,NORTHERN TRUST CORP,,,0.003267,0.3275733059290779,0.0004070004070003,3.4127415874833987e-11,-0.005967,8.046961679698956,49.14,242091.0,11896351.74,0.009999999999998,49.15,49.13
2010-08-11,NTRS,58246,NORTHERN TRUST CORP,,,-0.000814,1.1825473782876317,0.0012219959266801,-3.899138439568456e-12,-0.028179,17.56287511720799,49.1,242091.0,11886668.1,0.0299999999999975,49.16,49.1
2010-08-12,NTRS,58246,NORTHERN TRUST CORP,,,0.0222,0.102113356793124,0.0001992428770672,9.43920146259794e-11,-0.005379,19.356279250364533,50.19,242091.0,12150547.29,0.0050000000000025,50.2,50.19
2010-08-13,NTRS,58246,NORTHERN TRUST CORP,,,-0.015939,-0.4915158640207888,0.0006074104069649,-1.3543911679271443e-10,-0.004024,9.842360930393944,49.39,242091.0,11956874.49,0.0150000000000005,49.42,49.39
2010-08-16,NTRS,58246,NORTHERN TRUST CORP,,,0.004859,0.6008791533469562,0.0002014910336491,2.566647002615038e-11,0.00012,15.756430433184216,49.63,242091.0,12014976.33,0.0050000000000025,49.63,49.62
2010-08-17,NTRS,58246,NORTHERN TRUST CORP,,,0.01753,-0.168269414784152,0.0003960396039604,1.0941361952024855e-10,0.012192,13.105105105105103,50.5,242091.0,12225595.5,0.0100000000000015,50.5,50.48
2010-08-18,NTRS,58246,NORTHERN TRUST CORP,,,-0.013663,-0.2696260009052432,0.0002007628990162,-1.1837638401691627e-10,0.001483,9.571628024172728,49.81,242091.0,12058552.71,0.004999999999999,49.82,49.81
2010-08-19,NTRS,58246,NORTHERN TRUST CORP,,,-0.030315,0.089371462602575,0.000207039337474,-2.4863942378919556e-10,-0.016935,10.427058420180842,48.3,242091.0,11692995.3,0.004999999999999,48.3,48.29
2010-08-20,NTRS,58246,NORTHERN TRUST CORP,,,0.000104,-0.1718177377701594,0.000207017907049,1.0298521429524185e-12,-0.003663,8.635504830828078,48.305,242091.0,11694205.755,0.0050000000000025,48.31,48.3
2010-08-23,NTRS,58246,NORTHERN TRUST CORP,,,-0.012111,-0.2603045664883109,0.0002095557418272,-1.6411952664434456e-10,-0.00404,6.38764348943166,47.72,242091.0,11552582.52,0.004999999999999,47.73,47.72
2010-08-24,NTRS,58246,NORTHERN TRUST CORP,,,-0.016345,0.2264601902106258,0.0002130379207498,-1.8359847529572903e-10,-0.014512,7.8341904490460195,46.94,242091.0,11363751.54,0.004999999999999,46.93,46.92
2010-08-25,NTRS,58246,NORTHERN TRUST CORP,,,-0.009374,0.0741310575259663,0.0006451612903226,-9.89559592090953e-11,0.003289,8.414947271893627,46.5,242091.0,11257231.5,0.0150000000000005,46.5,46.47
2010-08-26,NTRS,58246,NORTHERN TRUST CORP,,,-0.013763,-0.0469196925362129,0.0002180549498473,-1.5456797591826306e-10,-0.007685,8.020120533187933,45.86,242091.0,11102293.26,0.004999999999999,45.87,45.86
2010-08-27,NTRS,58246,NORTHERN TRUST CORP,,,0.025949,-0.0910383658005592,0.0006376195536663,3.1250423406114556e-10,0.016587,7.289981866322994,47.05,242091.0,11390381.55,0.0150000000000005,47.06,47.03
2010-08-30,NTRS,58246,NORTHERN TRUST CORP,,,-0.025717,-0.133274479995059,0.0010907504363002,-3.6676595819948187e-10,-0.014719,6.318413323915388,45.84,242091.0,11097451.44,0.0250000000000021,45.85,45.8
2010-08-31,NTRS,58246,NORTHERN TRUST CORP,,,0.006272,0.0305478903081855,0.0004335808357269,8.625638978202052e-11,0.000391,6.511427521056132,46.1275,242091.0,11167052.6025,0.009999999999998,46.12,46.1
2010-09-01,NTRS,58246,NORTHERN TRUST CORP,,,0.027587,0.2874930694677224,0.00084388185654,2.8676515454622093e-10,0.029505,8.383417805701162,47.4,242091.0,11475113.4,0.0199999999999995,47.39,47.35
2010-09-02,NTRS,58246,NORTHERN TRUST CORP,,,-0.003797,-0.1643664851814441,0.0002117746717492,-4.7413171810180406e-11,0.009081,7.005464887170527,47.22,242091.0,11431537.02,0.004999999999999,47.22,47.21
2010-09-03,NTRS,58246,NORTHERN TRUST CORP,,,0.034731,0.6754375103186396,0.0006139991813344,2.5016121987026587e-10,0.013219,11.737218649185635,48.86,242091.0,11828566.26,0.0150000000000005,48.86,48.83
2010-09-07,NTRS,58246,NORTHERN TRUST CORP,,,-0.023537,-0.508715015968819,0.0004191993292811,-3.533982227924237e-10,-0.011471,5.766319276635645,47.71,242091.0,11550161.61,0.0100000000000015,47.71,47.69
2010-09-08,NTRS,58246,NORTHERN TRUST CORP,,,0.008384,-0.1177013325463082,0.0008362952122098,1.4231737863933659e-10,0.006439,5.087615813888166,47.83,242091.0,11579212.53,0.0199999999999995,47.85,47.81
2010-09-09,NTRS,58246,NORTHERN TRUST CORP,,,0.0023,-0.0488988086055797,0.0006257822277847,4.0955301525300106e-11,0.004832,4.838837461946127,47.94,242091.0,11605842.54,0.0150000000000005,47.94,47.91
2010-09-10,NTRS,58246,NORTHERN TRUST CORP,,,-0.005006,0.1403060680069554,0.0008385744234802,-7.856540474916695e-11,0.004863,5.517755719956545,47.7,242091.0,11547740.7,0.0200000000000031,47.7,47.66
2010-09-13,NTRS,58246,NORTHERN TRUST CORP,,,0.026834,0.3264338422172796,0.0006124948958757,3.0920031439723957e-10,0.011131,7.318937920038333,48.98,242091.0,11857617.18,0.014999999999997,48.98,48.95
2010-09-14,NTRS,58246,NORTHERN TRUST CORP,,,-0.007554,-0.2735639436543408,0.0006171569635877,-1.2073335231455342e-10,-0.000713,5.316740399271349,48.61,242091.0,11768043.51,0.0150000000000005,48.61,48.58
2010-09-15,NTRS,58246,NORTHERN TRUST CORP,,,0.00144,0.0267788538109832,0.0006162695152013,2.238261923562757e-11,0.003541,5.459116613174385,48.68,242091.0,11784989.88,0.0150000000000005,48.68,48.65
2010-09-16,NTRS,58246,NORTHERN TRUST CORP,,,0.011709,0.6392471869388916,0.0002030456852792,1.0974079657787915e-10,-0.000364,8.94884155131748,49.25,242091.0,11922981.75,0.0050000000000025,49.27,49.26
2010-09-17,NTRS,58246,NORTHERN TRUST CORP,,,-0.004264,-0.1118898614035783,0.0008156606851551,-4.5191259312485646e-11,0.000827,7.947556910417983,49.04,242091.0,11872142.64,0.0200000000000031,49.09,49.05
2010-09-20,NTRS,58246,NORTHERN TRUST CORP,,,0.008972,0.2525722025413299,0.0006063055780113,7.523925968012776e-11,0.01521,9.95488886410482,49.48,242091.0,11978662.68,0.0150000000000005,49.51,49.48
2010-09-21,NTRS,58246,NORTHERN TRUST CORP,,,-0.02112,-0.3391098465594656,0.0008258490760813,-2.7377278131805146e-10,-0.002564,6.579088028881701,48.435,242091.0,11725677.585,0.0199999999999995,48.44,48.4
2010-09-22,NTRS,58246,NORTHERN TRUST CORP,,,-0.018478,0.2051109473121128,0.0006310475389146,-2.0249971300558862e-10,-0.004825,7.928531006935408,47.54,242091.0,11509006.14,0.0150000000000005,47.54,47.51
2010-09-23,NTRS,58246,NORTHERN TRUST CORP,,,-0.01199,-0.0618195231282685,0.0004258037044922,-1.41755806879671e-10,-0.008331,7.438393000978971,46.97,242091.0,11371014.27,0.0100000000000015,46.99,46.97
2010-09-24,NTRS,58246,NORTHERN TRUST CORP,,,0.035555,0.0338994251341648,0.0006167763157894,3.926187701252263e-10,0.021194,7.690550247634154,48.64,242091.0,11775306.24,0.0150000000000005,48.63,48.6
2010-09-27,NTRS,58246,NORTHERN TRUST CORP,,,-0.013775,0.0128057973598851,0.0012507817385866,-1.522858851789842e-10,-0.005667,7.789033875691373,47.97,242091.0,11613105.27,0.0300000000000011,48.03,47.97
2010-09-28,NTRS,58246,NORTHERN TRUST CORP,,,0.00271,-0.4134425438375525,0.0002079002079001,5.093911761362001e-11,0.00485,4.568715896088661,48.1,242091.0,11644577.1,0.004999999999999,48.08,48.07
2010-09-29,NTRS,58246,NORTHERN TRUST CORP,,,-0.005821,0.302275223883296,0.0002091175240484,-8.451084665357337e-11,-0.002588,5.949725516438034,47.82,242091.0,11576791.62,0.004999999999999,47.83,47.82
2010-09-30,NTRS,58246,NORTHERN TRUST CORP,,,0.008783,-0.1316865399635511,0.0004145936981757,1.4557388604425944e-10,-0.003084,5.164029662171648,48.24,242194.0,11683438.56,0.009999999999998,48.22,48.2
2010-10-01,NTRS,58246,NORTHERN TRUST CORP,,,0.00995,0.185562130556002,0.0004105090311986,1.377334336548781e-10,0.004416,6.1222780085386095,48.72,242194.0,11799691.68,0.009999999999998,48.72,48.7
2010-10-04,NTRS,58246,NORTHERN TRUST CORP,,,-0.021552,-0.0541098842106612,0.000629326620516,-3.2234824681595377e-10,-0.008035,5.791002254391108,47.67,242194.0,11545387.98,0.0150000000000005,47.67,47.64
2010-10-05,NTRS,58246,NORTHERN TRUST CORP,,,0.019509,0.4031204680630795,0.0004115226337447,2.039795670126389e-10,0.020861,8.125473793735601,48.6,242194.0,11770628.4,0.009999999999998,48.58,48.56
2010-10-06,NTRS,58246,NORTHERN TRUST CORP,,,0.005967,-0.5152405483700985,0.0010227040294538,1.2793743553313135e-10,-0.000672,3.938900220484405,48.89,242194.0,11840864.66,0.0249999999999985,48.89,48.84
2010-10-07,NTRS,58246,NORTHERN TRUST CORP,,,-0.013704,0.4516435389495354,0.0004147656574036,-2.0522099978114667e-10,-0.001647,5.717879055633087,48.22,242194.0,11678594.68,0.0100000000000015,48.2,48.18
2010-10-08,NTRS,58246,NORTHERN TRUST CORP,,,0.002696,-0.1223249540017734,0.0006204756980351,4.587660948835897e-11,0.006122,5.018439763165066,48.35,242194.0,11710079.9,0.0150000000000005,48.35,48.32
2010-10-11,NTRS,58246,NORTHERN TRUST CORP,,,0.01241,0.1361174097196396,0.0002042900919305,1.83596236659431e-10,0.000146,5.701536784561137,48.95,242194.0,11855396.3,0.004999999999999,48.94,48.93
2010-10-12,NTRS,58246,NORTHERN TRUST CORP,,,0.006333,0.1030663099853861,0.0002030044660983,8.440305172007902e-11,0.003819,6.289173142191797,49.26,242194.0,11930476.44,0.0050000000000025,49.27,49.26
2010-10-13,NTRS,58246,NORTHERN TRUST CORP,,,0.004466,0.2540001313025211,0.0004042037186741,4.7253558009977256e-11,0.007121,7.886623946092802,49.48,242194.0,11983759.12,0.009999999999998,49.48,49.46
2010-10-14,NTRS,58246,NORTHERN TRUST CORP,,,-0.003638,0.0370840582107783,0.0002028397565922,-3.725180354867992e-11,-0.003641,8.179091967596225,49.3,242194.0,11940164.2,0.004999999999999,49.3,49.29
2010-10-15,NTRS,58246,NORTHERN TRUST CORP,,,-0.011359,0.1289850660826976,0.0008206811653672,-1.0420724300982595e-10,0.002028,9.234072685533086,48.74,242194.0,11804535.56,0.0199999999999995,48.72,48.68
2010-10-18,NTRS,58246,NORTHERN TRUST CORP,,,0.028929,-0.208938145809607,0.0001994017946161,3.2605838456954984e-10,0.007244,7.304722660346664,50.15,242194.0,12146029.1,0.004999999999999,50.15,50.14
2010-10-19,NTRS,58246,NORTHERN TRUST CORP,,,-0.017149,0.722150625155441,0.0002028809089064,-1.1419359276205172e-10,-0.015877,12.579832696103123,49.29,242194.0,11937742.26,0.004999999999999,49.3,49.29
2010-10-20,NTRS,58246,NORTHERN TRUST CORP,,,-0.007507,-0.3181310638186139,0.000204415372036,-7.386535960319829e-11,0.010524,8.577797137831656,48.92,242194.0,11848130.48,0.0050000000000025,48.92,48.91
2010-10-21,NTRS,58246,NORTHERN TRUST CORP,,,-0.030867,0.9493932825701772,0.0002109259649862,-1.607629068760328e-10,0.001774,16.72150011973872,47.41,242194.0,11482417.54,0.004999999999999,47.44,47.43
2010-10-22,NTRS,58246,NORTHERN TRUST CORP,,,0.008437,-0.5611263832929985,0.0006274837900021,9.92867318499748e-11,0.002389,7.338625234316292,47.81,242194.0,11579295.14,0.0150000000000005,47.83,47.8
2010-10-25,NTRS,58246,NORTHERN TRUST CORP,,,0.004392,0.2162744863058978,0.0018742190753851,4.230877871837512e-11,0.002147,8.925782637059548,48.02,242194.0,11630155.88,0.0449999999999981,48.11,48.02
2010-10-26,NTRS,58246,NORTHERN TRUST CORP,,,0.053103,2.1354111975782817,0.0009887284951551,1.5492514512151282e-10,1.7e-05,27.98599882738631,50.57,242194.0,12247750.58,0.0249999999999985,50.62,50.57
2010-10-27,NTRS,58246,NORTHERN TRUST CORP,,,-0.005141,-0.4243529952090876,0.0005963029218843,-2.618984003033225e-11,-0.002691,16.110056401066913,50.31,242194.0,12184780.14,0.0150000000000005,50.34,50.31
2010-10-28,NTRS,58246,NORTHERN TRUST CORP,,,-0.005764,-0.3440573853997646,0.0003998400639744,-4.5025028596322095e-11,0.001125,10.567272517073093,50.02,242194.0,12114543.88,0.0100000000000015,50.02,50.0
2010-10-29,NTRS,58246,NORTHERN TRUST CORP,,,-0.007797,-0.269507253851594,0.000402982067298,-8.403129643369036e-11,-0.000439,7.7193159202953,49.63,242194.0,12020088.22,0.0100000000000015,49.63,49.61
2010-11-01,NTRS,58246,NORTHERN TRUST CORP,,,-0.004433,-0.1149926293290657,0.0002023881805302,-5.422428006361895e-11,0.000947,6.831651485998828,49.41,242194.0,11966805.54,0.004999999999999,49.41,49.4
2010-11-02,NTRS,58246,NORTHERN TRUST CORP,,,0.024287,0.3100904456404476,0.0003951788184152,2.2138448081368055e-10,0.007759,8.95008133975243,50.61,242194.0,12257438.34,0.009999999999998,50.61,50.59
2010-11-03,NTRS,58246,NORTHERN TRUST CORP,,,-0.003754,-0.239630734766033,0.0005950019833399,-4.5172747987537885e-11,0.003678,6.805366772091794,50.42,242194.0,12211421.48,0.0150000000000005,50.42,50.39
2010-11-04,NTRS,58246,NORTHERN TRUST CORP,,,0.023998,0.2452222671865813,0.0013558008909548,2.2647023438797367e-10,0.019283,8.47419424098037,51.63,242194.0,12504476.22,0.0350000000000001,51.64,51.57
2010-11-05,NTRS,58246,NORTHERN TRUST CORP,,,0.004842,0.5953437903643493,0.0007710100231302,2.850419215569181e-11,0.003923,13.519253160689363,51.88,242194.0,12565024.72,0.0199999999999995,51.89,51.85
2010-11-08,NTRS,58246,NORTHERN TRUST CORP,,,-0.01118,-0.6131240375752608,0.0011695906432747,-1.7204284316753078e-10,-0.002121,5.230274077805396,51.3,242194.0,12424552.2,0.0299999999999975,51.3,51.24
2010-11-09,NTRS,58246,NORTHERN TRUST CORP,,,-0.01501,0.1082841717446581,0.0027706313081337,-2.1158868322604991e-10,-0.008052,5.796629974318108,50.53,242194.0,12238062.82,0.0700000000000002,50.67,50.53
2010-11-10,NTRS,58246,NORTHERN TRUST CORP,,,0.018009,0.0819006075180086,0.0023328149300156,2.3049542799154909e-10,0.004376,6.271377490771861,51.44,242194.0,12458459.36,0.0600000000000022,51.49,51.37
2010-11-11,NTRS,58246,NORTHERN TRUST CORP,,,-0.004666,-0.3985331393320122,0.000390625,-9.975547636613604e-11,-0.004242,3.7720257314384336,51.2,242194.0,12400332.8,0.0100000000000015,51.21,51.19
2010-11-12,NTRS,58246,NORTHERN TRUST CORP,,,-0.011719,0.42985040971494,0.0015810276679841,-1.7730109045450777e-10,-0.011808,5.393432537552541,50.6,242194.0,12255016.4,0.0399999999999991,50.68,50.6
2010-11-15,NTRS,58246,NORTHERN TRUST CORP,,,0.013834,0.043422542424653,0.0003898635477582,1.9785250824621198e-10,-0.001217,5.62762909072892,51.3,242194.0,12424552.2,0.009999999999998,51.3,51.28
2010-11-16,NTRS,58246,NORTHERN TRUST CORP,,,-0.01384,0.1704378207131736,0.0005930025696776,-1.7148819057250266e-10,-0.016205,6.586789928734816,50.59,242194.0,12252594.46,0.014999999999997,50.62,50.59
2010-11-17,NTRS,58246,NORTHERN TRUST CORP,,,-0.003163,-0.2699480530389316,0.0007931786634939,-5.3854161392453494e-11,0.000212,4.808698811696408,50.43,242194.0,12213843.42,0.0199999999999995,50.44,50.4
2010-11-18,NTRS,58246,NORTHERN TRUST CORP,,,0.012294,-0.1728253757820026,0.0005876591576884,2.499823251983569e-10,0.015357,3.9776336325425072,51.05,242194.0,12364003.7,0.014999999999997,51.05,51.02
2010-11-19,NTRS,58246,NORTHERN TRUST CORP,,,0.002351,0.1295207705538641,0.00078170803205,4.2223558480610356e-11,0.00254,4.492819805610378,51.17,242194.0,12393066.98,0.0199999999999995,51.21,51.17
2010-11-22,NTRS,58246,NORTHERN TRUST CORP,,,-0.006058,0.0575131371687678,0.0009830908375933,-1.0351058461237662e-10,-0.001575,4.751215967365005,50.86,242194.0,12317986.84,0.0249999999999985,50.9,50.85
2010-11-23,NTRS,58246,NORTHERN TRUST CORP,,,-0.010224,0.1368400196051848,0.0001986491855382,-1.5525304414866308e-10,-0.014284,5.4013724534877,50.34,242194.0,12192045.96,0.004999999999999,50.33,50.32
2010-11-24,NTRS,58246,NORTHERN TRUST CORP,,,0.016488,-0.3350540445504441,0.0001954270080124,3.704236509302229e-10,0.014923,3.5916207668232905,51.17,242194.0,12393066.98,0.004999999999999,51.18,51.17
2010-11-26,NTRS,58246,NORTHERN TRUST CORP,,,-0.008599,-0.5267816188414578,0.000394244037059,-4.1178225463511886e-10,-0.007469,1.6996209650115195,50.73,242194.0,12286501.62,0.0100000000000015,50.74,50.72
2010-11-29,NTRS,58246,NORTHERN TRUST CORP,,,-0.00276,1.477475354559103,0.0003953350464517,-5.3495789377527056e-11,-0.001379,4.210769052908,50.59,242194.0,12252594.46,0.009999999999998,50.61,50.59
2010-11-30,NTRS,58246,NORTHERN TRUST CORP,,,-0.005732,0.0684638412744171,0.0007952286282307,-1.045811865393168e-10,-0.00607,4.499054476989521,50.3,242194.0,12182358.2,0.0200000000000031,50.34,50.3
2010-12-01,NTRS,58246,NORTHERN TRUST CORP,,,0.024254,0.5871018424366123,0.0003881987577638,2.722187850070619e-10,0.021617,7.140457649652758,51.52,242194.0,12477834.88,0.009999999999998,51.51,51.49
2010-12-02,NTRS,58246,NORTHERN TRUST CORP,,,0.028533,-0.0383768480654294,0.002264578222306,3.23786828932171e-10,0.012818,6.8664293913144006,52.99,242194.0,12833860.06,0.0599999999999987,53.0,52.88
2010-12-03,NTRS,58246,NORTHERN TRUST CORP,,,-0.003208,-0.238642868825646,0.0003786444528588,-4.7968175978973945e-11,0.002603,5.227804982782398,52.82,242194.0,12792687.08,0.0100000000000015,52.82,52.8
2010-12-06,NTRS,58246,NORTHERN TRUST CORP,,,-0.003408,-0.1530008853660289,0.0007598784194528,-6.036955726140085e-11,-0.001298,4.427946191895753,52.64,242194.0,12749092.16,0.0199999999999995,52.64,52.6
2010-12-07,NTRS,58246,NORTHERN TRUST CORP,,,-0.00247,1.433433853464401,0.0003808798324127,-1.8024767634423188e-11,0.000515,10.775114164677904,52.51,242194.0,12717606.94,0.009999999999998,52.51,52.49
2010-12-08,NTRS,58246,NORTHERN TRUST CORP,,,0.006094,-0.3446584009920036,0.0005708848715507,6.78073438963007e-11,0.003702,7.061380546173728,52.55,242194.0,12727294.7,0.014999999999997,52.55,52.52
2010-12-09,NTRS,58246,NORTHERN TRUST CORP,,,0.019981,0.533133086659993,0.0003731343283581,1.4217380189644042e-10,0.003843,10.826036152836156,53.6,242194.0,12981598.4,0.009999999999998,53.61,53.59
2010-12-10,NTRS,58246,NORTHERN TRUST CORP,,,0.009328,-0.4081043447351851,0.0009242144177449,1.1109979746428312e-10,0.006002,6.407883762603532,54.1,242194.0,13102695.4,0.0250000000000021,54.1,54.05
2010-12-13,NTRS,58246,NORTHERN TRUST CORP,,,0.006654,0.313993160866548,0.0011017260374585,5.991479112899097e-11,4.8e-05,8.419915439688845,54.46,242194.0,13189885.24,0.0299999999999975,54.51,54.45
2010-12-14,NTRS,58246,NORTHERN TRUST CORP,,,0.000735,-0.1751631602356352,0.0011009174311927,8.017734618100219e-12,0.000911,6.945056442356128,54.5,242194.0,13199573.0,0.0300000000000011,54.56,54.5
2010-12-15,NTRS,58246,NORTHERN TRUST CORP,,,-0.006422,-0.0311661180309039,0.0009233610341644,-7.277519239241727e-11,-0.005122,6.728605993542367,54.15,242194.0,13114805.1,0.0250000000000021,54.2,54.15
2010-12-16,NTRS,58246,NORTHERN TRUST CORP,,,0.010157,0.0562398289671017,0.0010968921389397,1.0787656473087859e-10,0.006185,7.107021643806205,54.7,242194.0,13248011.8,0.0300000000000011,54.71,54.65
2010-12-17,NTRS,58246,NORTHERN TRUST CORP,,,-0.008044,0.6008483231645323,0.0012900847769996,-5.3801089332004926e-11,0.000837,11.3772636811812,54.26,242194.0,13141446.44,0.0350000000000001,54.32,54.25
2010-12-20,NTRS,58246,NORTHERN TRUST CORP,,,-0.000184,-0.4214886200533114,0.00073732718894,-2.1276734321468626e-12,0.002548,6.581876512217479,54.25,242194.0,13139024.5,0.0199999999999995,54.25,54.21
2010-12-21,NTRS,58246,NORTHERN TRUST CORP,,,0.011982,0.177146724998761,0.0003642987249543,1.1630898407081483e-10,0.00603,7.747834380703073,54.9,242194.0,13296450.6,0.009999999999998,54.9,54.88
2010-12-22,NTRS,58246,NORTHERN TRUST CORP,,,0.015118,-0.122377068967998,0.0005383097075184,1.6472276636022248e-10,0.00338,6.799677118343147,55.73,242194.0,13497471.62,0.0150000000000005,55.75,55.72
2010-12-23,NTRS,58246,NORTHERN TRUST CORP,,,-0.007716,-0.3890903857749472,0.0003616636528028,-1.3868786323366467e-10,-0.001644,4.15398812522193,55.3,242194.0,13393328.2,0.009999999999998,55.33,55.31
2010-12-27,NTRS,58246,NORTHERN TRUST CORP,,,0.005063,0.1167253603373916,0.0001799208348327,8.108011862500181e-11,0.000613,4.638863885975706,55.58,242194.0,13461142.52,0.0050000000000025,55.59,55.58
2010-12-28,NTRS,58246,NORTHERN TRUST CORP,,,0.002159,-0.3830112015522851,0.0003590664272891,5.5917166759261935e-11,0.000771,2.862127055170648,55.7,242194.0,13490205.8,0.0100000000000015,55.71,55.69
2010-12-29,NTRS,58246,NORTHERN TRUST CORP,,,-0.003411,0.400937693850171,0.000540443163394,-6.327605319848079e-11,0.001009,4.0096616761769495,55.51,242194.0,13444188.94,0.0150000000000005,55.54,55.51
2010-12-30,NTRS,58246,NORTHERN TRUST CORP,,,-0.00018,-0.1541370958773205,0.0001801801801801,-3.9482844490203604e-12,-0.001508,3.3916240699604447,55.5,242194.0,13441767.0,0.004999999999999,55.51,55.5
2010-12-31,NTRS,58246,NORTHERN TRUST CORP,,,-0.001622,0.3392238666424811,0.0003609456776755,-2.660960517369996e-11,-0.000191,4.540737774952635,55.41,242269.0,13424125.29,0.0100000000000015,55.43,55.41
2011-01-03,NTRS,58246,NORTHERN TRUST CORP,,,0.009385,1.0799160061086468,0.0012515644555694,7.333636696515059e-11,0.011315,9.444353177666148,55.93,242269.0,13550105.17,0.0350000000000001,56.0,55.93
2011-01-04,NTRS,58246,NORTHERN TRUST CORP,,,0.001252,-0.3011541584756437,0.0003571428571429,1.3981856820961744e-11,-0.001313,6.600146944099327,56.0,242269.0,13567064.0,0.0100000000000015,56.02,56.0
2011-01-05,NTRS,58246,NORTHERN TRUST CORP,,,0.009821,0.5339906980002014,0.0005305039787798,7.080255406591817e-11,0.005007,10.124564017682824,56.55,242269.0,13700311.95,0.0150000000000005,56.57,56.54
2011-01-06,NTRS,58246,NORTHERN TRUST CORP,,,-0.003537,-0.4895461149968119,0.0003549245785271,-5.013147102293398e-11,-0.002123,5.168123036789684,56.35,242269.0,13651858.15,0.0100000000000015,56.34,56.32
2011-01-07,NTRS,58246,NORTHERN TRUST CORP,,,-0.019343,0.73123835933282,0.0001809627216792,-1.614824738330111e-10,-0.001845,8.947252847041925,55.26,242269.0,13387784.94,0.004999999999999,55.25,55.24
2011-01-10,NTRS,58246,NORTHERN TRUST CORP,,,-0.009953,-0.2416824364908966,0.0003655638822883,-1.1067476720815077e-10,-0.001376,6.784858979068721,54.71,242269.0,13254536.99,0.009999999999998,54.73,54.71
2011-01-11,NTRS,58246,NORTHERN TRUST CORP,,,0.002559,-0.1664226125330872,0.0001823154056517,3.404936812695492e-11,0.003725,5.65570502210353,54.85,242269.0,13288454.65,0.004999999999999,54.85,54.84
2011-01-12,NTRS,58246,NORTHERN TRUST CORP,,,0.019143,0.5103298637719109,0.0001788908765652,1.6547857965106044e-10,0.009008,8.541980195567737,55.9,242269.0,13542837.1,0.004999999999999,55.9,55.89
2011-01-13,NTRS,58246,NORTHERN TRUST CORP,,,-0.007156,-0.2833767505195808,0.0001801801801801,-8.694208439188448e-11,-0.001711,6.121381604745139,55.5,242269.0,13445929.5,0.004999999999999,55.5,55.49
2011-01-14,NTRS,58246,NORTHERN TRUST CORP,,,0.006847,0.4552733912736233,0.0001789549033643,5.6774333036437256e-11,0.007385,8.908283767217432,55.88,242269.0,13537991.72,0.004999999999999,55.85,55.84
2011-01-18,NTRS,58246,NORTHERN TRUST CORP,,,-0.004295,0.3224088025165403,0.0012580877066858,-2.7046957960387918e-11,0.001376,11.78039286908354,55.64,242269.0,13479847.16,0.0350000000000001,55.68,55.61
2011-01-19,NTRS,58246,NORTHERN TRUST CORP,,,-0.056614,0.7726080789790135,0.0001905124785673,-2.131949545946176e-10,-0.010116,20.882019573284243,52.49,242269.0,12716699.81,0.004999999999999,52.5,52.49
2011-01-20,NTRS,58246,NORTHERN TRUST CORP,,,0.008001,-0.452605283267702,0.0001890001890001,5.4605396160283916e-11,-0.001295,11.43070718911623,52.91,242269.0,12818452.79,0.004999999999999,52.91,52.9
2011-01-21,NTRS,58246,NORTHERN TRUST CORP,,,0.0,-0.1824045446765363,0.0007560007560007,0.0,0.002414,9.345694248954674,52.91,242269.0,12818452.79,0.0199999999999995,52.92,52.88
2011-01-24,NTRS,58246,NORTHERN TRUST CORP,,,-0.006615,0.0415012640382443,0.0005707762557077,-5.337099202148544e-11,0.005836,9.733552373601244,52.56,242269.0,12733658.64,0.0150000000000005,52.56,52.53
2011-01-25,NTRS,58246,NORTHERN TRUST CORP,,,0.000571,-0.2039316613361897,0.0001901502186728,5.783801362647009e-12,0.000263,7.748572867349929,52.59,242269.0,12740926.71,0.0050000000000025,52.59,52.58
2011-01-26,NTRS,58246,NORTHERN TRUST CORP,,,-0.000761,-0.0315127695514529,0.0003805899143671,-7.965232724197586e-12,0.004221,7.50439387622849,52.55,242269.0,12731235.95,0.009999999999998,52.55,52.53
2011-01-27,NTRS,58246,NORTHERN TRUST CORP,,,-0.000761,-0.0168435747122517,0.0003808798324127,-8.107865759891468e-12,0.002244,7.377993057304071,52.51,242269.0,12721545.19,0.009999999999998,52.51,52.49
2011-01-28,NTRS,58246,NORTHERN TRUST CORP,,,-0.015616,0.2737478174324557,0.000193461017605,-1.3269169029305258e-10,-0.017852,9.397702553772872,51.69,242269.0,12522884.61,0.0050000000000025,51.7,51.69
2011-01-31,NTRS,58246,NORTHERN TRUST CORP,,,0.00561,-0.2582911244516359,0.0003847633705271,6.391069912445109e-11,0.007663,6.970359393896866,51.98,242269.0,12593142.62,0.0100000000000015,52.0,51.98
2011-02-01,NTRS,58246,NORTHERN TRUST CORP,,,0.006156,0.1041847525495913,0.0003824091778201,6.312511158088961e-11,0.016694,7.696564562531731,52.3,242269.0,12670668.7,0.009999999999998,52.3,52.28
2011-02-02,NTRS,58246,NORTHERN TRUST CORP,,,-0.008031,-0.0261627049525403,0.0001927525057825,-8.524884277323141e-11,-0.002723,7.495201614734035,51.88,242269.0,12568915.72,0.004999999999999,51.89,51.88
2011-02-03,NTRS,58246,NORTHERN TRUST CORP,,,0.002699,0.0610268991742182,0.0003844675124952,2.6929294524714623e-11,0.002354,7.952610527966847,52.02,242269.0,12602833.38,0.0100000000000015,52.02,52.0
2011-02-04,NTRS,58246,NORTHERN TRUST CORP,,,-0.00346,0.3869285415102008,0.0009645061728395,-2.4977528309732712e-11,0.002884,11.029702520751728,51.84,242269.0,12559224.96,0.0250000000000021,51.88,51.83
2011-02-07,NTRS,58246,NORTHERN TRUST CORP,,,0.005401,-0.0218067439950152,0.0003837298541825,3.964454701204266e-11,0.00624,10.78918062154052,52.12,242269.0,12627060.28,0.009999999999998,52.12,52.1
2011-02-08,NTRS,58246,NORTHERN TRUST CORP,,,0.007099,-0.2736192577788455,0.0001905124785673,7.12311525326657e-11,0.004185,7.837053027832698,52.49,242269.0,12716699.81,0.004999999999999,52.5,52.49
2011-02-09,NTRS,58246,NORTHERN TRUST CORP,,,-0.007239,-0.2245781926870054,0.0001919017463058,-9.435585641723944e-11,-0.002786,6.077021822849807,52.11,242269.0,12624637.59,0.004999999999999,52.11,52.1
2011-02-10,NTRS,58246,NORTHERN TRUST CORP,,,-0.001727,0.182059181918583,0.0001922337562476,-1.907629923546025e-11,0.00075,7.18339944441922,52.02,242269.0,12602833.38,0.0050000000000025,52.02,52.01
2011-02-11,NTRS,58246,NORTHERN TRUST CORP,,,0.016148,0.1383967844901641,0.0001891789632992,1.5419491721083818e-10,0.005507,8.177558829235272,52.86,242269.0,12806339.34,0.004999999999999,52.87,52.86
2011-02-14,NTRS,58246,NORTHERN TRUST CORP,,,-0.004162,-0.473625924895857,0.0024696048632219,-7.581762572837237e-11,0.002385,4.304454965348435,52.64,242269.0,12753040.16,0.0650000000000012,52.78,52.65
2011-02-15,NTRS,58246,NORTHERN TRUST CORP,,,0.003609,0.0098865018085299,0.0001892863903086,6.486608529335053e-11,-0.003235,4.347010967148088,52.83,242269.0,12799071.27,0.0050000000000025,52.84,52.83
2011-02-16,NTRS,58246,NORTHERN TRUST CORP,,,0.022146,1.3679290430766486,0.0001851851851851,1.644539347419519e-10,0.006257,10.293413519682666,54.0,242269.0,13082526.0,0.004999999999999,54.01,54.0
2011-02-17,NTRS,58246,NORTHERN TRUST CORP,,,0.000741,-0.3538831690910367,0.0001850481125092,8.51009770984106e-12,0.003076,6.650747722572842,54.04,242269.0,13092216.76,0.004999999999999,54.05,54.04
2011-02-18,NTRS,58246,NORTHERN TRUST CORP,,,0.009437,0.0468518621956592,0.0001833180568285,1.0256180349744127e-10,0.001925,6.967207765386204,54.55,242100.0,13206555.0,0.004999999999999,54.55,54.54
2011-02-22,NTRS,58246,NORTHERN TRUST CORP,,,-0.029331,-0.0523156511206981,0.0003777148253068,-3.465322402288023e-10,-0.020529,6.60271375464684,52.95,242100.0,12819195.0,0.009999999999998,52.97,52.95
2011-02-23,NTRS,58246,NORTHERN TRUST CORP,,,-0.010387,-0.3079473036570771,0.000381679389313,-1.7918531738499939e-10,-0.006112,4.56942585708385,52.4,242100.0,12686040.0,0.0100000000000015,52.42,52.4
2011-02-24,NTRS,58246,NORTHERN TRUST CORP,,,-0.004962,0.1490140636271104,0.0003835826620635,-7.486933305168703e-11,-0.000994,5.250334572490706,52.14,242100.0,12623094.0,0.009999999999998,52.16,52.14
2011-02-25,NTRS,58246,NORTHERN TRUST CORP,,,0.001343,0.3025672131199128,0.0005746025665581,1.5536042777602342e-11,0.01055,6.838913672036349,52.21,242100.0,12640041.0,0.0150000000000005,52.22,52.19
2011-02-28,NTRS,58246,NORTHERN TRUST CORP,,,-0.012258,0.169377200351996,0.0,-1.227682181282098e-10,0.005561,7.996774260165623,51.57,242115.0,12485870.55,0.0,51.58,51.58
2011-03-01,NTRS,58246,NORTHERN TRUST CORP,,,-0.009502,-0.0582127626167335,0.0003915426781519,-1.0201752980506336e-10,-0.01574,7.531726559273028,51.08,242100.0,12366468.0,0.0100000000000015,51.1,51.08
2011-03-02,NTRS,58246,NORTHERN TRUST CORP,,,-0.000196,-0.3262125081782639,0.0003916193459957,-3.1237619827021565e-12,0.001615,5.074783147459727,51.07,242100.0,12364047.0,0.0100000000000015,51.09,51.07
2011-03-03,NTRS,58246,NORTHERN TRUST CORP,,,0.014882,0.3784080318735476,0.0003858769052672,1.6954696416712078e-10,0.017219,6.995121850475011,51.83,242100.0,12548043.0,0.0100000000000015,51.85,51.83
2011-03-04,NTRS,58246,NORTHERN TRUST CORP,,,-0.007525,-0.3081170037064833,0.0007776049766718,-1.2484835180883431e-10,-0.007378,4.839805865344899,51.44,242100.0,12453624.0,0.0199999999999995,51.44,51.4
2011-03-07,NTRS,58246,NORTHERN TRUST CORP,,,-0.00972,-0.1069780501605762,0.0001963093835886,-1.823570087111301e-10,-0.008341,4.322052870714581,50.94,242100.0,12332574.0,0.0050000000000025,50.95,50.94
2011-03-08,NTRS,58246,NORTHERN TRUST CORP,,,0.024931,0.3871722117149878,0.0001925669170036,3.3075478147468856e-10,0.008923,5.995431639818257,51.93,242100.0,12572253.0,0.004999999999999,51.94,51.93
2011-03-09,NTRS,58246,NORTHERN TRUST CORP,,,0.002503,-0.229788066640303,0.0001920860545525,4.3006212625586654e-11,-0.001362,4.617752994630318,52.06,242100.0,12603726.0,0.0050000000000025,52.06,52.05
2011-03-10,NTRS,58246,NORTHERN TRUST CORP,,,-0.021514,0.2848210755681339,0.0011778563015312,-2.940316517766764e-10,-0.018871,5.932986369268897,50.94,242100.0,12332574.0,0.0300000000000011,50.99,50.93
2011-03-11,NTRS,58246,NORTHERN TRUST CORP,,,0.000196,-0.1458503901485405,0.0007850834151129,3.1355215946571734e-12,0.00708,5.067657992565056,50.95,242100.0,12334995.0,0.0200000000000031,50.95,50.91
2011-03-14,NTRS,58246,NORTHERN TRUST CORP,,,-0.007851,-0.0729981742305686,0.0001978239366964,-1.365592557066584e-10,-0.006049,4.6977282114828585,50.55,242100.0,12238155.0,0.0050000000000025,50.56,50.55
2011-03-15,NTRS,58246,NORTHERN TRUST CORP,,,-0.015331,0.7761280905989518,0.0002009040683073,-1.524762686827047e-10,-0.0112,8.343767038413878,49.775,242100.0,12050527.5,0.004999999999999,49.78,49.77
2011-03-16,NTRS,58246,NORTHERN TRUST CORP,,,-0.010748,-0.0364653722278822,0.0010154346060113,-1.1214639746820596e-10,-0.019495,8.039508467575383,49.24,242100.0,11921004.0,0.0249999999999985,49.29,49.24
2011-03-17,NTRS,58246,NORTHERN TRUST CORP,,,0.011576,-0.3937755765234167,0.0002007628990162,1.9696282326064396e-10,0.013398,4.873746385790995,49.81,242100.0,12059001.0,0.004999999999999,49.82,49.81
2011-03-18,NTRS,58246,NORTHERN TRUST CORP,,,0.00261,0.3981476930065579,0.0010012014417301,3.1679710435036917e-11,0.004302,6.81421726559273,49.94,242100.0,12090474.0,0.0250000000000021,49.99,49.94
2011-03-21,NTRS,58246,NORTHERN TRUST CORP,,,0.009812,-0.1753756087389268,0.0005948839976204,1.4302159889258123e-10,0.014994,5.619169764560099,50.43,242100.0,12209103.0,0.0150000000000005,50.45,50.42
2011-03-22,NTRS,58246,NORTHERN TRUST CORP,,,0.000198,-0.3920601352101329,0.0001982553528946,4.746380458684876e-12,-0.003551,3.416117306897976,50.44,242100.0,12211524.0,0.0050000000000025,50.45,50.44
2011-03-23,NTRS,58246,NORTHERN TRUST CORP,,,-0.001784,-0.165759417296824,0.0001986097318768,-5.1354262567297687e-11,0.002914,2.849863692688972,50.35,242100.0,12189735.0,0.004999999999999,50.35,50.34
2011-03-24,NTRS,58246,NORTHERN TRUST CORP,,,0.013307,0.2959104401465608,0.0001960015680126,2.9170631836841345e-10,0.009341,3.6931681123502687,51.02,242100.0,12351942.0,0.0050000000000025,51.02,51.01
2011-03-25,NTRS,58246,NORTHERN TRUST CORP,,,-0.006664,-0.0088903453243203,0.0001973164956591,-1.4838254268911198e-10,0.003161,3.660334572490706,50.68,242100.0,12269628.0,0.0050000000000025,50.67,50.66
2011-03-28,NTRS,58246,NORTHERN TRUST CORP,,,-0.005328,0.957908610905168,0.0001983733386232,-6.091714330583055e-11,-0.002748,7.1666005782734405,50.41,242100.0,12204261.0,0.004999999999999,50.41,50.4
2011-03-29,NTRS,58246,NORTHERN TRUST CORP,,,0.002777,-0.4761681903639928,0.0003956478733926,6.044423184558967e-11,0.00706,3.754093349855432,50.55,242100.0,12238155.0,0.009999999999998,50.55,50.53
2011-03-30,NTRS,58246,NORTHERN TRUST CORP,,,0.011276,0.0688286282026173,0.0001956181533645,2.270681843050284e-10,0.006685,4.01248244527055,51.12,242100.0,12376152.0,0.004999999999999,51.12,51.11
2011-03-31,NTRS,58246,NORTHERN TRUST CORP,,,-0.007238,0.2880468014930688,0.0005911330049261,-1.1398375340177152e-10,-0.001829,5.174613218198285,50.75,241803.0,12271502.25,0.0150000000000005,50.76,50.73
2011-04-01,NTRS,58246,NORTHERN TRUST CORP,,,0.018522,0.4147639495954802,0.0003869220352098,2.024220340626612e-10,0.004963,7.320856234207185,51.69,241803.0,12498797.07,0.009999999999998,51.69,51.67
2011-04-04,NTRS,58246,NORTHERN TRUST CORP,,,0.002322,-0.4312161585805034,0.0001930129318665,4.451207191774282e-11,0.000345,4.163984731372233,51.81,241803.0,12527813.43,0.0050000000000025,51.81,51.8
2011-04-05,NTRS,58246,NORTHERN TRUST CORP,,,-0.002123,-0.0159078088003941,0.0001934235976788,-4.144315902176021e-11,-0.00018,4.097744858417803,51.7,241803.0,12501215.1,0.004999999999999,51.71,51.7
2011-04-06,NTRS,58246,NORTHERN TRUST CORP,,,0.012379,-0.134747342425218,0.0001910584638899,2.7586862100183877e-10,0.002184,3.5455846288094026,52.34,241803.0,12655969.02,0.004999999999999,52.35,52.34
2011-04-07,NTRS,58246,NORTHERN TRUST CORP,,,-0.001911,0.4146230227927772,0.0001914241960184,-3.016249453465385e-11,-0.00152,5.015665645173964,52.24,241803.0,12631788.72,0.0050000000000025,52.24,52.23
2011-04-08,NTRS,58246,NORTHERN TRUST CORP,,,-0.002297,-0.1064047499882503,0.0001918649270914,-4.0665439839149965e-11,-0.004004,4.481974996174572,52.12,241803.0,12602772.36,0.0050000000000025,52.13,52.12
2011-04-11,NTRS,58246,NORTHERN TRUST CORP,,,0.004605,0.017611914131884,0.000190985485103,7.974743062922192e-11,-0.002793,4.56091115494845,52.36,241803.0,12660805.08,0.004999999999999,52.37,52.36
2011-04-12,NTRS,58246,NORTHERN TRUST CORP,,,-0.007639,0.1268368451691175,0.0005773672055427,-1.1830225730488282e-10,-0.007777,5.139402736938748,51.96,241803.0,12564083.88,0.0150000000000005,51.99,51.96
2011-04-13,NTRS,58246,NORTHERN TRUST CORP,,,-0.006351,0.1626637633648044,0.0001936858415649,-8.51356614183845e-11,0.00019,5.975397327576581,51.63,241803.0,12484288.89,0.004999999999999,51.64,51.63
2011-04-14,NTRS,58246,NORTHERN TRUST CORP,,,-9.7e-05,-0.3329014602707927,0.0003874092009684,-1.949365188975004e-12,8.4e-05,3.986178831528145,51.625,241803.0,12483079.875,0.009999999999998,51.61,51.59
2011-04-15,NTRS,58246,NORTHERN TRUST CORP,,,0.003002,0.127292062207559,0.000193124758594,5.335728579929037e-11,0.003925,4.493587755321481,51.78,241803.0,12520559.34,0.004999999999999,51.8,51.79
2011-04-18,NTRS,58246,NORTHERN TRUST CORP,,,-0.007339,0.3984785051580073,0.0001945525291828,-9.396433854259043e-11,-0.011018,6.28418588685831,51.4,241803.0,12428674.2,0.004999999999999,51.37,51.36
2011-04-19,NTRS,58246,NORTHERN TRUST CORP,,,-0.053113,2.5159578423662503,0.0002054653790835,-2.0426084274494752e-10,0.005731,22.094932651786785,48.67,241803.0,11768552.01,0.004999999999999,48.65,48.64
2011-04-20,NTRS,58246,NORTHERN TRUST CORP,,,0.007397,-0.4840393881579846,0.0002039567611665,5.472966747768003e-11,0.013515,11.400114969624031,49.03,241803.0,11855601.09,0.004999999999999,49.03,49.02
2011-04-21,NTRS,58246,NORTHERN TRUST CORP,,,0.007139,-0.4915300905251504,0.0002025111381126,1.0314546149085635e-10,0.005277,5.796615426607611,49.38,241803.0,11940232.14,0.0050000000000025,49.38,49.37
2011-04-25,NTRS,58246,NORTHERN TRUST CORP,,,-0.0081,0.5557186978958206,0.0002041649652919,-7.584011687224922e-11,-0.001593,9.017903003684818,48.98,241803.0,11843510.94,0.004999999999999,48.96,48.95
2011-04-26,NTRS,58246,NORTHERN TRUST CORP,,,0.013679,-0.1299563047222818,0.0002014098690836,1.4522011888147403e-10,0.00898,7.845969652981973,49.65,241803.0,12005518.95,0.0050000000000025,49.67,49.66
2011-04-27,NTRS,58246,NORTHERN TRUST CORP,,,0.004431,-0.3140283547308925,0.0004010427110486,6.827283051460715e-11,0.00625,5.382112711587532,49.87,241803.0,12058715.61,0.009999999999998,49.87,49.85
2011-04-28,NTRS,58246,NORTHERN TRUST CORP,,,0.001003,0.1105292640065283,0.0002003205128204,1.3902146981603546e-11,0.003555,5.976993668399483,49.92,241803.0,12070805.76,0.004999999999999,49.91,49.9
2011-04-29,NTRS,58246,NORTHERN TRUST CORP,,,0.001402,-0.2430885899028199,0.0004000800160032,2.5637480571722476e-11,0.002301,4.524054705690169,49.99,241803.0,12087731.97,0.0100000000000015,49.99,49.97
2011-05-02,NTRS,58246,NORTHERN TRUST CORP,,,-0.016603,0.9435228945179308,0.0002034174125306,-1.5885302892199163e-10,-0.001753,8.792603896560424,49.16,241803.0,11887035.48,0.0050000000000025,49.17,49.16
2011-05-03,NTRS,58246,NORTHERN TRUST CORP,,,0.004272,-0.1773669639589893,0.0002025521571805,4.947465528375849e-11,-0.003379,7.233086438133522,49.37,241803.0,11937814.11,0.0050000000000025,49.38,49.37
2011-05-04,NTRS,58246,NORTHERN TRUST CORP,,,-0.004254,0.1422839114410554,0.0002034174125304,-4.3313792482498576e-11,-0.006855,8.262238268342411,49.16,241803.0,11887035.48,0.004999999999999,49.14,49.13
2011-05-05,NTRS,58246,NORTHERN TRUST CORP,,,-0.010781,-0.0077478909659161,0.0002056343820686,-1.1183386795414844e-10,-0.00907,8.198223347104875,48.63,241803.0,11758879.89,0.004999999999999,48.65,48.64
2011-05-06,NTRS,58246,NORTHERN TRUST CORP,,,-0.004113,-0.1033316434241091,0.0002064835845549,-4.777833004361874e-11,0.00382,7.351087455490626,48.43,241803.0,11710519.29,0.004999999999999,48.43,48.42
2011-05-09,NTRS,58246,NORTHERN TRUST CORP,,,0.001652,-0.1648998742626645,0.0002061430632858,2.294177124058228e-11,0.004544,6.138894058386373,48.51,241803.0,11729863.53,0.004999999999999,48.51,48.5
2011-05-10,NTRS,58246,NORTHERN TRUST CORP,,,0.015873,0.4120666692266184,0.0002029220779221,1.5366724025546512e-10,0.008074,8.668527685760722,49.28,241803.0,11916051.84,0.0050000000000025,49.27,49.26
2011-05-11,NTRS,58246,NORTHERN TRUST CORP,,,-0.017248,-0.2934392646068177,0.0002064835845549,-2.404737908653327e-10,-0.011111,6.124841296427257,48.43,241803.0,11710519.29,0.004999999999999,48.44,48.43
2011-05-12,NTRS,58246,NORTHERN TRUST CORP,,,0.008053,0.0515075911289968,0.0002048340843916,1.0592317423661511e-10,0.004895,6.440317117653627,48.82,241803.0,11804822.46,0.004999999999999,48.83,48.82
2011-05-13,NTRS,58246,NORTHERN TRUST CORP,,,-0.01188,0.0261775599632181,0.0,-1.5410534106883615e-10,-0.008067,6.608908905183145,48.24,241803.0,11664576.72,0.0,48.25,48.25
2011-05-16,NTRS,58246,NORTHERN TRUST CORP,,,0.008085,-0.0361777511898846,0.0002056343820686,1.0794122857640971e-10,-0.006204,6.369813443174816,48.63,241803.0,11758879.89,0.004999999999999,48.64,48.63
2011-05-17,NTRS,58246,NORTHERN TRUST CORP,,,0.008431,-0.1924777956682075,0.0002039151712887,1.3822473215761974e-10,-0.000369,5.143765792814812,49.04,241803.0,11858019.12,0.004999999999999,49.05,49.04
2011-05-18,NTRS,58246,NORTHERN TRUST CORP,,,0.009176,-0.1622644877140454,0.0002020610224287,1.779451495413367e-10,0.008804,4.3091152715226855,49.49,241803.0,11966830.47,0.004999999999999,49.5,49.49
2011-05-19,NTRS,58246,NORTHERN TRUST CORP,,,-0.00101,0.0405007116416511,0.0002022653721683,-1.8843029735542695e-11,0.002178,4.483637506565262,49.44,241803.0,11954740.32,0.0050000000000025,49.45,49.44
2011-05-20,NTRS,58246,NORTHERN TRUST CORP,,,-0.010316,0.0958874037616324,0.0002043735949314,-1.774508174563816e-10,-0.007688,4.913561866478084,48.93,241803.0,11831420.79,0.004999999999999,48.93,48.92
2011-05-23,NTRS,58246,NORTHERN TRUST CORP,,,-0.008175,0.0579809681562544,0.0002060581083865,-1.3401132504643342e-10,-0.011926,5.198454940592135,48.53,241803.0,11734699.59,0.004999999999999,48.54,48.53
2011-05-24,NTRS,58246,NORTHERN TRUST CORP,,,0.001649,0.2522669017233068,0.0002057189878625,2.1550738833023143e-11,-0.000827,6.509853062203529,48.61,241803.0,11754043.83,0.004999999999999,48.6,48.59
2011-05-25,NTRS,58246,NORTHERN TRUST CORP,,,0.000617,0.14020247734899,0.0002055921052631,7.067677865570632e-12,0.003183,7.422550588702373,48.64,241803.0,11761297.92,0.004999999999999,48.64,48.63
2011-05-26,NTRS,58246,NORTHERN TRUST CORP,,,-0.002467,-0.3529790310313991,0.0004122011541632,-4.378397131247223e-11,0.003953,4.802545874120669,48.52,241803.0,11732281.56,0.0100000000000015,48.53,48.51
2011-05-27,NTRS,58246,NORTHERN TRUST CORP,,,-0.001443,-0.0447053656772327,0.0002063983488133,-2.6847385853713312e-11,0.004081,4.587846304636419,48.45,241803.0,11715355.35,0.0050000000000025,48.45,48.44
2011-05-31,NTRS,58246,NORTHERN TRUST CORP,,,0.007018,0.1497780241671962,0.0002049600327935,1.1277114681363419e-10,0.010593,5.275004859327635,48.79,241803.0,11797568.37,0.004999999999999,48.79,48.78
2011-06-01,NTRS,58246,NORTHERN TRUST CORP,,,-0.02603,0.6055231154234535,0.0002104377104376,-2.6748327050495554e-10,-0.022785,8.46914223562156,47.52,241803.0,11490478.56,0.004999999999999,47.5,47.49
2011-06-02,NTRS,58246,NORTHERN TRUST CORP,,,0.002525,-0.2292007672384494,0.000209907640638,3.3577413924888506e-11,-0.001225,6.5280083373655415,47.64,241803.0,11519494.92,0.004999999999999,47.64,47.63
2011-06-03,NTRS,58246,NORTHERN TRUST CORP,,,-0.008606,-0.1378638599372058,0.0002117298327335,-1.3389524684514871e-10,-0.009734,5.628031910274066,47.23,241803.0,11420355.69,0.0050000000000025,47.24,47.23
2011-06-06,NTRS,58246,NORTHERN TRUST CORP,,,-0.003388,-0.0173895471663452,0.000424899086467,-5.3826927144953825e-11,-0.01076,5.530162983916659,47.07,241803.0,11381667.21,0.0100000000000015,47.07,47.05
2011-06-07,NTRS,58246,NORTHERN TRUST CORP,,,-0.006161,-0.1044241368221895,0.0002137665669088,-1.0997374011654831e-10,-0.000956,4.9526804878351385,46.78,241803.0,11311544.34,0.004999999999999,46.78,46.77
2011-06-08,NTRS,58246,NORTHERN TRUST CORP,,,-0.001924,0.1744720363602052,0.0002154708037062,-2.947466124313781e-11,-0.004187,5.81678473798919,46.41,241803.0,11222077.23,0.0050000000000025,46.42,46.41
2011-06-09,NTRS,58246,NORTHERN TRUST CORP,,,0.020254,-0.038866959209849,0.0002111932418162,3.1641906157762945e-10,0.007378,5.590704002845292,47.35,241803.0,11449372.05,0.004999999999999,47.35,47.34
2011-06-10,NTRS,58246,NORTHERN TRUST CORP,,,-0.012355,0.0748071715110194,0.0002138351331124,-1.8182896698318938e-10,-0.01398,6.008928756053481,46.765,241803.0,11307917.295,0.0050000000000025,46.77,46.76
2011-06-13,NTRS,58246,NORTHERN TRUST CORP,,,0.01144,0.0547551681822906,0.0002114164904862,1.5781725384169307e-10,0.000669,6.337948660686592,47.3,241803.0,11437281.9,0.004999999999999,47.3,47.29
2011-06-14,NTRS,58246,NORTHERN TRUST CORP,,,0.00296,-0.1347212298577194,0.0002107925801012,4.705227002341461e-11,0.012612,5.484092422343809,47.44,241803.0,11471134.32,0.0050000000000025,47.45,47.44
2011-06-15,NTRS,58246,NORTHERN TRUST CORP,,,-0.022766,0.8844533094029727,0.0002157031924072,-1.965130846019856e-10,-0.017432,10.334516114357555,46.36,241803.0,11209987.08,0.004999999999999,46.37,46.36
2011-06-16,NTRS,58246,NORTHERN TRUST CORP,,,-0.000216,-0.187012613864326,0.0002157497303127,-2.293867740288524e-12,0.001754,8.401831242788552,46.35,241803.0,11207569.05,0.004999999999999,46.35,46.34
2011-06-17,NTRS,58246,NORTHERN TRUST CORP,,,0.009493,0.1796427228355355,0.0002137208805299,8.465727867213816e-11,0.003045,9.91115908404776,46.79,241803.0,11313962.37,0.004999999999999,46.76,46.75
2011-06-20,NTRS,58246,NORTHERN TRUST CORP,,,-0.004916,-0.542209461275134,0.0002147766323023,-9.623786017340223e-11,0.005395,4.537234856474072,46.56,241803.0,11258347.68,0.004999999999999,46.57,46.56
2011-06-21,NTRS,58246,NORTHERN TRUST CORP,,,0.005799,-0.0317750978245711,0.0002135383301302,1.1657347912606456e-10,0.013423,4.393063775056555,46.83,241803.0,11323634.49,0.004999999999999,46.83,46.82
2011-06-22,NTRS,58246,NORTHERN TRUST CORP,,,-0.012599,0.2580366691268394,0.0002162629757786,-2.0388992101915208e-10,-0.006468,5.526635318833927,46.24,241803.0,11180970.72,0.0050000000000025,46.24,46.23
2011-06-23,NTRS,58246,NORTHERN TRUST CORP,,,-0.015787,0.3234831710388766,0.0002197319270491,-1.9613353561552547e-10,-0.002828,7.314408836945778,45.51,241803.0,11004454.53,0.0050000000000025,45.52,45.51
2011-06-24,NTRS,58246,NORTHERN TRUST CORP,,,-0.011646,1.8149081274602152,0.0002223210315697,-5.2005849336424796e-11,-0.011726,20.58938888268549,44.98,241803.0,10876298.94,0.0050000000000025,44.99,44.98
2011-06-27,NTRS,58246,NORTHERN TRUST CORP,,,0.00667,-0.7376776009846993,0.000220848056537,1.1279215623851243e-10,0.009184,5.401057885965021,45.28,241803.0,10948839.84,0.004999999999999,45.28,45.27
2011-06-28,NTRS,58246,NORTHERN TRUST CORP,,,-0.000442,-0.0964056441387083,0.0004418912947415,-8.275489530676135e-12,0.012944,4.880365421438113,45.26,241803.0,10944003.78,0.0100000000000015,45.25,45.23
2011-06-29,NTRS,58246,NORTHERN TRUST CORP,,,0.019443,0.9988433056206872,0.0002167316861724,1.7864584094143592e-10,0.008283,9.755085751624256,46.14,241803.0,11156790.42,0.004999999999999,46.14,46.13
2011-06-30,NTRS,58246,NORTHERN TRUST CORP,,,-0.003901,-0.2695835059133655,0.0002175805047868,-4.9264330188070665e-11,0.010119,7.149253917142477,45.96,240992.0,11075992.32,0.0050000000000025,45.99,45.98
2011-07-01,NTRS,58246,NORTHERN TRUST CORP,,,0.011749,-0.1287627407768122,0.0002150537634408,1.683248216045575e-10,0.01441,6.228696388261851,46.5,240992.0,11206128.0,0.004999999999999,46.51,46.5
2011-07-05,NTRS,58246,NORTHERN TRUST CORP,,,-0.015699,-0.1186150375799598,0.0004369674459251,-2.5925411138258045e-10,-0.001336,5.489879332094011,45.77,240992.0,11030203.84,0.009999999999998,45.79,45.77
2011-07-06,NTRS,58246,NORTHERN TRUST CORP,,,0.005025,0.3031722192534185,0.0002173913043477,6.335939133829081e-11,0.001002,7.154258232638428,46.0,240992.0,11085632.0,0.004999999999999,46.01,46.0
2011-07-07,NTRS,58246,NORTHERN TRUST CORP,,,0.013043,-0.0941025532460346,0.0004291845493562,1.7920301167677371e-10,0.010454,6.481024266365688,46.6,240992.0,11230227.2,0.0100000000000015,46.63,46.61
2011-07-08,NTRS,58246,NORTHERN TRUST CORP,,,-0.015665,0.0008573029211684,0.0002180074122519,-2.1846568114972355e-10,-0.006961,6.486580467401407,45.87,240992.0,11054303.04,0.004999999999999,45.89,45.88
2011-07-11,NTRS,58246,NORTHERN TRUST CORP,,,-0.019403,0.2201240521131464,0.0002223210315697,-2.2616583917940598e-10,-0.01809,7.914432844243792,44.98,240992.0,10839820.16,0.0050000000000025,44.99,44.98
2011-07-12,NTRS,58246,NORTHERN TRUST CORP,,,0.007337,-0.2248396305801611,0.0002207018318251,1.0952429632570878e-10,-0.004434,6.134954687292524,45.31,240992.0,10919347.52,0.004999999999999,45.32,45.31
2011-07-13,NTRS,58246,NORTHERN TRUST CORP,,,0.000662,-0.2354628925074824,0.0002205558006175,1.2917067207457364e-11,0.003106,4.69040051122029,45.34,240992.0,10926577.28,0.004999999999999,45.35,45.34
2011-07-14,NTRS,58246,NORTHERN TRUST CORP,,,-0.01985,0.7854299866678345,0.0002250225022503,-2.2132531032822322e-10,-0.006716,8.374381722214846,44.44,240992.0,10709684.48,0.0050000000000025,44.45,44.44
2011-07-15,NTRS,58246,NORTHERN TRUST CORP,,,-0.003375,-0.1084141536915574,0.0002257846014901,-4.234962336813559e-11,0.005554,7.466480215110875,44.29,240992.0,10673535.68,0.004999999999999,44.3,44.29
2011-07-18,NTRS,58246,NORTHERN TRUST CORP,,,-0.020321,0.4379796839101859,0.0002304678497349,-1.8100231558317202e-10,-0.00813,10.736646859646791,43.39,240992.0,10456642.88,0.004999999999999,43.4,43.39
2011-07-19,NTRS,58246,NORTHERN TRUST CORP,,,0.005762,0.4108947587698448,0.0002291475710358,3.6167842020766206e-11,0.016309,15.148278781038377,43.64,240992.0,10516890.88,0.0050000000000025,43.63,43.62
2011-07-20,NTRS,58246,NORTHERN TRUST CORP,,,0.012603,-0.0086768965439786,0.0004525910839557,7.880772523725203e-11,-0.000671,15.016838733235955,44.19,240992.0,10649436.48,0.0100000000000015,44.21,44.19
2011-07-21,NTRS,58246,NORTHERN TRUST CORP,,,0.037565,-0.1430314639267099,0.0004362050163576,2.641788427795903e-10,0.013546,12.868958305669898,45.85,240992.0,11049483.2,0.009999999999998,45.87,45.85
2011-07-22,NTRS,58246,NORTHERN TRUST CORP,,,0.001527,-0.1744810912528746,0.0002177700348433,1.2988652942669399e-11,0.000908,10.62356841720887,45.92,240992.0,11066352.64,0.0050000000000025,45.95,45.94
2011-07-25,NTRS,58246,NORTHERN TRUST CORP,,,-0.007622,-0.3069816947537199,0.0002194426157559,-9.426970860515968e-11,-0.005643,7.362327380161997,45.57,240992.0,10982005.44,0.004999999999999,45.6,45.59
2011-07-26,NTRS,58246,NORTHERN TRUST CORP,,,0.000658,-0.3197160284106857,0.0002192982456139,1.1955095817076944e-11,-0.004105,5.008473310317355,45.6,240992.0,10989235.2,0.004999999999999,45.6,45.59
2011-07-27,NTRS,58246,NORTHERN TRUST CORP,,,-0.016228,0.5628416522922084,0.0002229157378512,-1.917709248400233e-10,-0.020309,7.827450703757801,44.86,240992.0,10810901.12,0.0050000000000025,44.84,44.83
2011-07-28,NTRS,58246,NORTHERN TRUST CORP,,,-0.004904,-0.2698492805959436,0.0002240143369175,-7.976103687037073e-11,-0.003234,5.715218762448546,44.64,240992.0,10757882.88,0.004999999999999,44.65,44.64
2011-07-29,NTRS,58246,NORTHERN TRUST CORP,,,0.005936,0.4381473613287234,0.0006680770515533,6.673602239273085e-11,-0.006451,8.21932678263179,44.905,240992.0,10821745.76,0.0150000000000005,44.92,44.89
2011-08-01,NTRS,58246,NORTHERN TRUST CORP,,,-0.002784,-0.0248986264080226,0.0004466279589101,-3.2188185845882236e-11,-0.004132,8.014676835745584,44.78,240992.0,10791621.76,0.009999999999998,44.79,44.77
2011-08-02,NTRS,58246,NORTHERN TRUST CORP,,,-0.038857,-0.0479209390967412,0.0002323420074348,-4.909478351582118e-10,-0.025557,7.630605995219758,43.04,240992.0,10372295.68,0.004999999999999,43.05,43.04
2011-08-03,NTRS,58246,NORTHERN TRUST CORP,,,0.007203,-0.2319829899696288,0.0009227220299884,1.1764996944751325e-10,0.005016,5.860435201168504,43.35,240992.0,10447003.2,0.0199999999999995,43.39,43.35
2011-08-04,NTRS,58246,NORTHERN TRUST CORP,,,-0.052364,1.4158072048929489,0.0002434274586172,-3.736006411417367e-10,-0.04782,14.15768158279113,41.08,240992.0,9899951.36,0.004999999999999,41.08,41.07
2011-08-05,NTRS,58246,NORTHERN TRUST CORP,,,0.005355,0.1083045516148244,0.0009685230024214,3.4289056902080347e-11,-0.000575,15.69102293852078,41.3,240992.0,9952969.6,0.0200000000000031,41.34,41.3
2011-08-08,NTRS,58246,NORTHERN TRUST CORP,,,-0.088378,0.5358748361392083,-0.0015936254980078,-4.041750312108914e-10,-0.066634,24.099447284557165,37.65,240992.0,9073348.8,-0.0299999999999975,37.67,37.73
2011-08-09,NTRS,58246,NORTHERN TRUST CORP,,,0.036919,0.0505744541712538,0.0005122950819671,1.54989963377422e-10,0.047407,25.318263676802548,39.04,240992.0,9408327.68,0.009999999999998,39.08,39.06
2011-08-10,NTRS,58246,NORTHERN TRUST CORP,,,-0.074539,0.154792781249329,0.0002767783005813,-2.928026450737653e-10,-0.044152,29.23734812773868,36.13,240992.0,8707040.96,0.0050000000000025,36.17,36.16
2011-08-11,NTRS,58246,NORTHERN TRUST CORP,,,0.028508,0.0800323078436218,0.0002691065662003,1.0081233940906939e-10,0.04629,31.577280573629,37.16,240992.0,8955262.719999999,0.0050000000000025,37.17,37.16
2011-08-12,NTRS,58246,NORTHERN TRUST CORP,,,-0.01211,-0.5225095770336217,0.0005448106782893,-9.078576163802856e-11,0.005262,15.077849057230116,36.71,240992.0,8846816.32,0.0100000000000015,36.74,36.72
2011-08-15,NTRS,58246,NORTHERN TRUST CORP,,,0.025061,-0.2261365390802228,0.0002657454158915,2.3684150909438326e-10,0.021785,11.668196454654096,37.63,240992.0,9068528.96,0.004999999999999,37.64,37.63
2011-08-16,NTRS,58246,NORTHERN TRUST CORP,,,-0.010896,-0.1355991695419037,0.0008060182697474,-1.2043956874503394e-10,-0.009739,10.085998705351216,37.22,240992.0,8969722.24,0.0150000000000005,37.25,37.22
2011-08-17,NTRS,58246,NORTHERN TRUST CORP,,,0.000806,-0.2906191566436069,0.000268456375839,1.2548961140051634e-11,0.000947,7.154814267693533,37.25,240992.0,8976952.0,0.0050000000000025,37.24,37.23
2011-08-18,NTRS,58246,NORTHERN TRUST CORP,,,-0.051141,0.995502980131106,0.000282925449144,-4.2052116498605537e-10,-0.044594,14.277453193467004,35.345,240992.0,8517862.24,0.004999999999999,35.35,35.34
2011-08-19,NTRS,58246,NORTHERN TRUST CORP,,,-0.015985,-0.212006851990495,0.0002875215641172,-1.6951465529551368e-10,-0.015009,11.250535287478424,34.78,240992.0,8381701.760000001,0.004999999999999,34.79,34.78
2011-08-22,NTRS,58246,NORTHERN TRUST CORP,,,0.009201,0.0750528623101409,0.0002849002849002,8.993366294211401e-11,0.000258,12.094920163324923,35.1,240992.0,8458819.200000001,0.004999999999999,35.1,35.09
2011-08-23,NTRS,58246,NORTHERN TRUST CORP,,,0.031624,0.254078611105679,0.0005523336095002,2.38922958476238e-10,0.034285,15.167980679856592,36.21,240992.0,8726320.32,0.0100000000000015,36.21,36.19
2011-08-24,NTRS,58246,NORTHERN TRUST CORP,,,0.034797,-0.4289523171713225,0.0002668801708032,4.4489276556625147e-10,0.01312,8.661640220422255,37.47,240992.0,9029970.24,0.004999999999999,37.48,37.47
2011-08-25,NTRS,58246,NORTHERN TRUST CORP,,,-0.00774,1.6007322076511006,0.00080688542227,-3.8347157116186567e-11,-0.015566,22.526606692338333,37.18,240992.0,8960082.56,0.0150000000000005,37.19,37.16
2011-08-26,NTRS,58246,NORTHERN TRUST CORP,,,0.001345,-0.3713088065500378,0.0005372011818424,1.0585063527444762e-11,0.015122,14.162279245784092,37.23,240992.0,8972132.16,0.009999999999998,37.23,37.21
2011-08-29,NTRS,58246,NORTHERN TRUST CORP,,,0.042707,0.8446795718483116,0.0002575991756825,1.7473778099911648e-10,0.02828,26.12486721550923,38.82,240992.0,9355309.44,0.004999999999999,38.82,38.81
2011-08-30,NTRS,58246,NORTHERN TRUST CORP,,,-0.00644,-0.711595702843318,0.0002592688618096,-9.195551559977344e-11,0.002347,7.534523967600585,38.57,240992.0,9295061.44,0.004999999999999,38.58,38.57
2011-08-31,NTRS,58246,NORTHERN TRUST CORP,,,-0.003889,1.1675100233511038,0.000260281103592,-2.57194112899688e-11,0.004922,16.331156220953392,38.42,240992.0,9258912.64,0.0050000000000025,38.42,38.41
2011-09-01,NTRS,58246,NORTHERN TRUST CORP,,,-0.010411,-0.1743331136337881,0.0002630194634402,-8.426668461403245e-11,-0.011871,13.48409490771478,38.02,240992.0,9162515.84,0.004999999999999,38.05,38.04
2011-09-02,NTRS,58246,NORTHERN TRUST CORP,,,-0.03919,-0.4146571888677818,0.0002737476047084,-5.640152877139601e-10,-0.025282,7.892818018855397,36.53,240992.0,8803437.76,0.004999999999999,36.54,36.53
2011-09-06,NTRS,58246,NORTHERN TRUST CORP,,,-0.014235,0.4067628197377013,0.0008331019161344,-1.4773342043677814e-10,-0.007436,11.103322931881555,36.01,240992.0,8678121.92,0.0150000000000005,36.04,36.01
2011-09-07,NTRS,58246,NORTHERN TRUST CORP,,,0.046654,-0.4181519478946951,0.0002673082063618,8.010064165060754e-10,0.028646,6.460446819811446,37.41,240992.0,9015510.72,0.004999999999999,37.41,37.4
2011-09-08,NTRS,58246,NORTHERN TRUST CORP,,,-0.026196,0.2886385649579039,0.0002744990392533,-3.5840949330066396e-10,-0.010612,8.325180918868677,36.43,240992.0,8779338.56,0.004999999999999,36.44,36.43
2011-09-09,NTRS,58246,NORTHERN TRUST CORP,,,-0.025254,0.284379420446174,0.0002816108138551,-2.7598778405677526e-10,-0.026705,10.692691043686098,35.51,240992.0,8557625.92,0.004999999999999,35.5,35.49
2011-09-12,NTRS,58246,NORTHERN TRUST CORP,,,0.011546,-0.1050913653204121,0.0002783964365257,1.3938848003704701e-10,0.006966,9.568981542955784,35.92,240992.0,8656432.64,0.0050000000000025,35.92,35.91
2011-09-13,NTRS,58246,NORTHERN TRUST CORP,,,-0.004733,-0.0829557754218472,0.0002797202797202,-6.260396434544844e-11,0.00912,8.775179259062542,35.75,240992.0,8615464.0,0.004999999999999,35.76,35.75
2011-09-14,NTRS,58246,NORTHERN TRUST CORP,,,0.022657,-0.0797905944348924,0.0002735229759301,3.1845709328701187e-10,0.01348,8.075002489709203,36.56,240992.0,8810667.520000001,0.0050000000000025,36.56,36.55
2011-09-15,NTRS,58246,NORTHERN TRUST CORP,,,0.017232,0.2559589848156047,0.000268889486421,1.895783589939924e-10,0.017187,10.14187192935865,37.19,240992.0,8962492.479999999,0.004999999999999,37.22,37.21
2011-09-16,NTRS,58246,NORTHERN TRUST CORP,,,-0.005109,0.1838415619591589,0.0002702702702702,-4.7722133102194676e-11,0.005707,12.006369506041697,37.0,240992.0,8916704.0,0.004999999999999,37.0,36.99
2011-09-19,NTRS,58246,NORTHERN TRUST CORP,,,-0.035946,-0.2550338887393167,0.0002803476310624,-4.675161444636061e-10,-0.009803,8.944338401274731,35.67,240992.0,8596184.64,0.004999999999999,35.68,35.67
2011-09-20,NTRS,58246,NORTHERN TRUST CORP,,,-0.000841,-0.1631875274296524,0.0002805836139168,-1.3082155524160495e-11,-0.001661,7.484733933076616,35.64,240992.0,8588954.88,0.004999999999999,35.65,35.64
2011-09-21,NTRS,58246,NORTHERN TRUST CORP,,,-0.022727,0.7884498001675389,0.0002871088142407,-2.0227065946894336e-10,-0.02939,13.386070906918071,34.83,240992.0,8393751.36,0.0050000000000025,34.84,34.83
2011-09-22,NTRS,58246,NORTHERN TRUST CORP,,,-0.022969,0.3101682736421305,0.0002938583602702,-1.5969720417794554e-10,-0.031883,17.538005410967997,34.03,240992.0,8200957.760000001,0.004999999999999,34.05,34.04
2011-09-23,NTRS,58246,NORTHERN TRUST CORP,,,0.007346,-0.4398695474928659,0.0008751458576429,9.051865674193399e-11,0.006082,9.823570906918071,34.28,240992.0,8261205.760000001,0.0150000000000005,34.28,34.25
2011-09-26,NTRS,58246,NORTHERN TRUST CORP,,,0.023046,-0.0912392572110694,0.0008554319931565,3.054486595916789e-10,0.023336,8.927275594210597,35.07,240992.0,8451589.44,0.0150000000000005,35.07,35.04
2011-09-27,NTRS,58246,NORTHERN TRUST CORP,,,0.015113,0.2192114723329252,0.0008426966292135,1.6184529396721188e-10,0.010688,10.884236821139291,35.6,240992.0,8579315.200000001,0.0150000000000005,35.6,35.57
2011-09-28,NTRS,58246,NORTHERN TRUST CORP,,,-0.022753,0.0315533962075689,0.0002874389192296,-2.417084961200652e-10,-0.020691,11.227671457973708,34.79,240992.0,8384111.68,0.004999999999999,34.8,34.79
2011-09-29,NTRS,58246,NORTHERN TRUST CORP,,,0.035067,0.0268595476570703,0.0002777006387116,3.504871699449905e-10,0.008114,11.52924163457708,36.01,240992.0,8678121.92,0.0050000000000025,36.02,36.01
2011-09-30,NTRS,58246,NORTHERN TRUST CORP,,,-0.028603,-0.1017241596498773,0.0002858776443683,-3.276262526194377e-10,-0.024974,10.356224351340472,34.98,240997.0,8430075.059999999,0.0050000000000025,34.99,34.98
2011-10-03,NTRS,58246,NORTHERN TRUST CORP,,,-0.02773,0.2965687816303985,0.0002940311673038,-2.5196173515807163e-10,-0.028451,13.427557189508583,34.01,240997.0,8196307.97,0.0050000000000025,34.02,34.01
2011-10-04,NTRS,58246,NORTHERN TRUST CORP,,,0.0591,0.3019214147338025,0.0002776235424763,3.8944878625886456e-10,0.022488,17.48162425258406,36.02,240997.0,8680711.940000001,0.004999999999999,36.03,36.02
2011-10-05,NTRS,58246,NORTHERN TRUST CORP,,,0.009717,-0.2472561837485185,0.0002749518834203,8.424580557508602e-11,0.017866,13.159184554164575,36.37,240997.0,8765060.889999999,0.004999999999999,36.4,36.39
2011-10-06,NTRS,58246,NORTHERN TRUST CORP,,,0.009348,-0.2970923185395122,0.0002724053391445,1.1423400825446145e-10,0.018304,9.249691904878484,36.71,240997.0,8846999.870000001,0.004999999999999,36.71,36.7
2011-10-07,NTRS,58246,NORTHERN TRUST CORP,,,-0.02833,0.4408967013406017,0.0008410428931875,-2.4727016262909887e-10,-0.008163,13.327850554156276,35.67,240997.0,8596362.99,0.0150000000000005,35.67,35.64
2011-10-10,NTRS,58246,NORTHERN TRUST CORP,,,0.049622,-0.3442592276645002,0.0002670940170939,6.292663170787547e-10,0.034125,8.739615015954556,37.44,240997.0,9022927.68,0.004999999999999,37.44,37.43
2011-10-11,NTRS,58246,NORTHERN TRUST CORP,,,-0.003472,0.0211221899316358,0.0008040739748055,-4.3268597169977086e-11,0.000544,8.924214824250924,37.31,240997.0,8991598.07,0.014999999999997,37.3,37.27
2011-10-12,NTRS,58246,NORTHERN TRUST CORP,,,0.019298,0.0332704238462757,0.0002629503023929,2.2834437922664344e-10,0.009795,9.22112723394897,38.03,240997.0,9165115.91,0.0050000000000025,38.02,38.01
2011-10-13,NTRS,58246,NORTHERN TRUST CORP,,,-0.031028,0.3160727078330927,0.000271370420624,-2.8789939795163215e-10,-0.002974,12.135673888056695,36.85,240997.0,8880739.450000001,0.004999999999999,36.85,36.84
2011-10-14,NTRS,58246,NORTHERN TRUST CORP,,,0.002171,-0.0381004841244848,0.0005415651232061,2.0896582975447588e-11,0.01738,11.673298837744868,36.93,240997.0,8900019.209999999,0.0100000000000015,36.95,36.93
2011-10-17,NTRS,58246,NORTHERN TRUST CORP,,,0.005957,0.20992702338593,0.0002691790040376,4.710905205302686e-11,-0.01937,14.123839715847083,37.15,240997.0,8953038.549999999,0.004999999999999,37.15,37.14
2011-10-18,NTRS,58246,NORTHERN TRUST CORP,,,0.043876,0.551496957961433,0.0012893243940176,2.1424163693517066e-10,0.020419,21.913094353871625,38.78,240997.0,9345863.66,0.0250000000000021,38.78,38.73
2011-10-19,NTRS,58246,NORTHERN TRUST CORP,,,-0.021918,-0.2659722892866678,0.000263643553915,-1.4907000953492874e-10,-0.012649,16.084818483217635,37.93,240997.0,9141016.21,0.004999999999999,37.94,37.93
2011-10-20,NTRS,58246,NORTHERN TRUST CORP,,,0.017928,-0.3505516597517331,0.0005180005180005,1.844419181025051e-10,0.004554,10.446258667120338,38.61,240997.0,9304894.17,0.0100000000000015,38.63,38.61
2011-10-21,NTRS,58246,NORTHERN TRUST CORP,,,0.035742,0.4816567276407666,0.000250062515629,2.3961137819531727e-10,0.018809,15.477769432814515,39.99,240997.0,9637470.03,0.0050000000000025,39.99,39.98
2011-10-24,NTRS,58246,NORTHERN TRUST CORP,,,0.015504,-0.2635495172242216,0.0007387343018961,1.3897836872605247e-10,0.012873,11.398610771088435,40.61,240997.0,9786888.17,0.0150000000000005,40.61,40.58
2011-10-25,NTRS,58246,NORTHERN TRUST CORP,,,-0.030288,-0.1534274640511883,0.0002539360081259,-3.3072509446618863e-10,-0.020045,9.649750826773776,39.38,240997.0,9490461.86,0.004999999999999,39.39,39.38
2011-10-26,NTRS,58246,NORTHERN TRUST CORP,,,0.011935,0.1473936826425967,0.0007528230865746,1.1224161515847847e-10,0.010537,11.072063137715409,39.85,240997.0,9603730.45,0.0150000000000005,39.88,39.85
2011-10-27,NTRS,58246,NORTHERN TRUST CORP,,,0.064492,0.1773413673100894,0.0002357378595001,4.83941189190308e-10,0.034291,13.035597953501496,42.42,240997.0,10223092.74,0.004999999999999,42.43,42.42
2011-10-28,NTRS,58246,NORTHERN TRUST CORP,,,-0.009429,-0.4191956810990788,0.0002379819133745,-1.2298075551122688e-10,0.000389,7.571131590849679,42.02,240997.0,10126693.94,0.004999999999999,42.01,42.0
2011-10-31,NTRS,58246,NORTHERN TRUST CORP,,,-0.036887,0.3706563558439566,0.0002470966147763,-3.6445097474881277e-10,-0.024738,10.377419635929078,40.47,240997.0,9753148.59,0.004999999999999,40.48,40.47
2011-11-01,NTRS,58246,NORTHERN TRUST CORP,,,-0.043736,0.1951684315455828,0.0007751937984496,-3.780924169576167e-10,-0.027942,12.40276434976369,38.7,240997.0,9326583.9,0.0150000000000005,38.7,38.67
2011-11-02,NTRS,58246,NORTHERN TRUST CORP,,,0.026098,-0.4547901676430707,0.0005036514731806,4.032863583751285e-10,0.016105,6.762109071897161,39.71,240997.0,9569990.87,0.0100000000000015,39.71,39.69
2011-11-03,NTRS,58246,NORTHERN TRUST CORP,,,0.021909,0.2636919138366076,0.000246426811237,2.6216547499616647e-10,0.018782,8.54522255463761,40.58,240997.0,9779658.26,0.004999999999999,40.58,40.57
2011-11-04,NTRS,58246,NORTHERN TRUST CORP,,,-0.022425,-0.0385869873985916,0.0005041593143434,-2.8551257493149256e-10,-0.00628,8.215488159603646,39.67,240997.0,9560350.99,0.0100000000000015,39.67,39.65
2011-11-07,NTRS,58246,NORTHERN TRUST CORP,,,0.008823,-0.4432892841485564,0.0007496251874063,2.0001593816223736e-10,0.006296,4.573650294402005,40.02,240997.0,9644699.94,0.0150000000000005,40.06,40.03
2011-11-08,NTRS,58246,NORTHERN TRUST CORP,,,0.01949,0.3073125900442373,0.0002450980392158,3.3151076910947477e-10,0.011736,5.979190612331274,40.8,240997.0,9832677.6,0.0050000000000025,40.81,40.8
2011-11-09,NTRS,58246,NORTHERN TRUST CORP,,,-0.055882,0.3591012146704262,0.0010384215991694,-7.40763929657284e-10,-0.036695,8.126325223965443,38.52,240997.0,9283204.44,0.0200000000000031,38.52,38.48
2011-11-10,NTRS,58246,NORTHERN TRUST CORP,,,0.007788,-0.1299991830148793,0.0002575991756825,1.1774566198424975e-10,0.008616,7.069909583936729,38.82,240997.0,9355503.54,0.004999999999999,38.82,38.81
2011-11-11,NTRS,58246,NORTHERN TRUST CORP,,,0.030912,-0.1841601289332778,0.000999500249875,5.55673388082046e-10,0.019489,5.767914123412325,40.02,240997.0,9644699.94,0.0199999999999995,40.06,40.02
2011-11-14,NTRS,58246,NORTHERN TRUST CORP,,,-0.029985,0.4168317686414158,0.0005151983513653,-3.9219297824456543e-10,-0.00955,8.172163968846085,38.82,240997.0,9355503.54,0.0100000000000015,38.84,38.82
2011-11-15,NTRS,58246,NORTHERN TRUST CORP,,,0.006955,-0.1826052429413643,0.0002558199027883,1.1052255290574288e-10,0.004817,6.679883981958282,39.09,240997.0,9420572.73,0.004999999999999,39.08,39.07
2011-11-16,NTRS,58246,NORTHERN TRUST CORP,,,-0.03121,0.5532496558647113,0.0002640612622127,-3.295919846165994e-10,-0.016616,10.375527496192898,37.87,240997.0,9126556.39,0.004999999999999,37.87,37.86
2011-11-17,NTRS,58246,NORTHERN TRUST CORP,,,-0.020597,-0.1479993169286906,0.0002696144513345,-2.606665900366542e-10,-0.0168,8.839956513981502,37.09,240997.0,8938578.73,0.004999999999999,37.1,37.09
2011-11-18,NTRS,58246,NORTHERN TRUST CORP,,,-0.004044,-0.0573652027339428,0.0008121277747697,-5.451412217506202e-11,-0.000395,8.332850616397714,36.94,240997.0,8902429.18,0.014999999999997,36.98,36.95
2011-11-21,NTRS,58246,NORTHERN TRUST CORP,,,-0.00785,0.2114339664733253,0.0002728512960436,-8.804216200738496e-11,-0.018648,10.094698274252377,36.65,240997.0,8832540.049999999,0.004999999999999,36.65,36.64
2011-11-22,NTRS,58246,NORTHERN TRUST CORP,,,-0.017735,-0.3457619886944711,0.0005555555555556,-3.095194464078466e-10,-0.004141,6.604335323676229,36.0,240997.0,8675892.0,0.0100000000000015,36.03,36.01
2011-11-23,NTRS,58246,NORTHERN TRUST CORP,,,-0.025,0.3999698421424644,0.0008547008547008,-3.196490807492738e-10,-0.022095,9.245870280542912,35.1,240997.0,8458994.700000001,0.0150000000000005,35.14,35.11
2011-11-25,NTRS,58246,NORTHERN TRUST CORP,,,-0.00057,-0.6818887842217153,0.0002850627137971,-2.2923285168717502e-11,-0.002686,2.941215035871816,35.08,240997.0,8454174.76,0.0050000000000025,35.09,35.08
2011-11-28,NTRS,58246,NORTHERN TRUST CORP,,,0.014253,2.1624832116294037,0.0002810567734683,1.7870376349870155e-10,0.02924,9.30154317273659,35.58,240997.0,8574673.26,0.0050000000000025,35.59,35.58
2011-11-29,NTRS,58246,NORTHERN TRUST CORP,,,-0.00534,-0.4056313134467382,0.0008476970895733,-1.1324997913035109e-10,0.002214,5.528545998497907,35.39,240997.0,8528883.83,0.0150000000000005,35.39,35.36
2011-11-30,NTRS,58246,NORTHERN TRUST CORP,,,0.063295,1.2368153423654062,0.0005314908317832,5.643941313264758e-10,0.043315,12.366336510412992,37.63,240997.0,9068717.11,0.0100000000000015,37.63,37.61
2011-12-01,NTRS,58246,NORTHERN TRUST CORP,,,-0.007972,-0.5546601795151413,0.0002678810608091,-1.6090334538626144e-10,-0.001909,5.507222081602675,37.33,240997.0,8996418.01,0.0050000000000025,37.34,37.33
2011-12-02,NTRS,58246,NORTHERN TRUST CORP,,,0.025181,0.5996056430564849,0.0002613012803762,3.0992553307670157e-10,-0.000241,8.80938351929692,38.27,240997.0,9222955.19,0.004999999999999,38.29,38.28
2011-12-05,NTRS,58246,NORTHERN TRUST CORP,,,0.029266,0.1403792212563617,0.0005077430820005,3.0688166236401874e-10,0.010287,10.04603791748445,39.39,240997.0,9492871.83,0.0100000000000015,39.39,39.37
2011-12-06,NTRS,58246,NORTHERN TRUST CORP,,,0.013201,0.6884300917158357,0.0002505637684792,8.091621695910949e-11,0.001106,16.962032722399034,39.91,240997.0,9618190.27,0.0050000000000025,39.92,39.91
2011-12-07,NTRS,58246,NORTHERN TRUST CORP,,,0.0223,-0.3968928022145903,0.0002467917077985,2.2322939472272966e-10,0.002018,10.229924023950506,40.52,240997.0,9765198.44,0.004999999999999,40.55,40.54
2011-12-08,NTRS,58246,NORTHERN TRUST CORP,,,-0.038253,0.045906494777075,0.0005132152938158,-3.8067836043118093e-10,-0.021142,10.699543977725863,38.97,240997.0,9391653.09,0.0100000000000015,38.99,38.97
2011-12-09,NTRS,58246,NORTHERN TRUST CORP,,,0.019759,-0.3399729616320439,0.0002516356316055,2.9214500609851917e-10,0.016883,7.061988323506101,39.74,240997.0,9577220.78,0.0050000000000025,39.74,39.73
2011-12-12,NTRS,58246,NORTHERN TRUST CORP,,,-0.01233,0.4268090472043895,0.0002547770700636,-1.2936563645385563e-10,-0.014914,10.076108831230265,39.25,240997.0,9459132.25,0.004999999999999,39.26,39.25
2011-12-13,NTRS,58246,NORTHERN TRUST CORP,,,-0.002293,0.5236192878015675,0.0002553626149131,-1.5826337530090337e-11,-0.008686,15.35215376125014,39.16,240997.0,9437442.52,0.004999999999999,39.16,39.15
2011-12-14,NTRS,58246,NORTHERN TRUST CORP,,,0.002298,-0.3996191169145119,0.0002547770700636,2.6357399553611974e-11,-0.011348,9.217139632443557,39.25,240997.0,9459132.25,0.004999999999999,39.26,39.25
2011-12-15,NTRS,58246,NORTHERN TRUST CORP,,,-0.000255,-0.047808876141616,0.0005096839959224,-3.072410564965916e-12,0.003243,8.776478545376083,39.24,240997.0,9456722.28,0.009999999999998,39.26,39.24
2011-12-16,NTRS,58246,NORTHERN TRUST CORP,,,-0.006626,0.4544592348843201,0.000256541816316,-5.525557611462899e-11,0.003216,12.76503027008635,38.98,240997.0,9394063.06,0.004999999999999,39.01,39.0
2011-12-19,NTRS,58246,NORTHERN TRUST CORP,,,-0.017701,-0.317583851428356,0.0010446591799425,-2.2020625701604995e-10,-0.011733,8.711062793312779,38.29,240997.0,9227775.13,0.0199999999999995,38.3,38.26
2011-12-20,NTRS,58246,NORTHERN TRUST CORP,,,0.030034,0.0368215724942124,0.0002535496957403,3.49856111405883e-10,0.029825,9.031817823458384,39.44,240997.0,9504921.68,0.004999999999999,39.47,39.46
2011-12-21,NTRS,58246,NORTHERN TRUST CORP,,,0.004564,-0.3183749639926841,0.0005047955577989,7.764237748971805e-11,0.00195,6.156313149126338,39.62,240997.0,9548301.14,0.009999999999998,39.62,39.6
2011-12-22,NTRS,58246,NORTHERN TRUST CORP,,,0.022968,-0.1888696346113275,0.000740192450037,4.708944553331747e-10,0.008266,4.993572534097935,40.53,240997.0,9767608.41,0.0150000000000005,40.53,40.5
2011-12-23,NTRS,58246,NORTHERN TRUST CORP,,,0.003948,-0.4068916003842331,0.0004915212582943,1.3593534087731414e-10,0.009035,2.9617298140640758,40.69,240997.0,9806167.93,0.009999999999998,40.69,40.67
2011-12-27,NTRS,58246,NORTHERN TRUST CORP,,,-0.010568,0.3165230158819112,0.0002483854942872,-2.7934024165646063e-10,7.9e-05,3.899185467039009,40.26,240997.0,9702539.22,0.0050000000000025,40.27,40.26
2011-12-28,NTRS,58246,NORTHERN TRUST CORP,,,-0.019871,0.2944464782077531,0.0002534211860111,-4.1399301594052946e-10,-0.012478,5.047286895687498,39.46,240997.0,9509741.62,0.004999999999999,39.46,39.45
2011-12-29,NTRS,58246,NORTHERN TRUST CORP,,,0.012164,0.0465947758144857,0.0002503755633449,2.3923248999878977e-10,0.010707,5.282464097063449,39.94,240997.0,9625420.18,0.004999999999999,39.94,39.93
2011-12-30,NTRS,58246,NORTHERN TRUST CORP,,,-0.00701,-0.4128610008342118,0.0005042864346949,-2.364700752152816e-10,-0.004291,3.1013862552850724,39.66,241009.0,9558416.94,0.0100000000000015,39.68,39.66
2012-01-03,NTRS,58246,NORTHERN TRUST CORP,,,0.025214,0.8201513923115824,0.0002459419576981,4.558035920332578e-10,0.015474,5.644992510653129,40.66,241009.0,9799425.94,0.0050000000000025,40.67,40.66
2012-01-04,NTRS,58246,NORTHERN TRUST CORP,,,-0.00123,-0.097829170874697,0.0002462447672986,-2.467667894011516e-11,0.000188,5.092747573742059,40.61,241009.0,9787375.49,0.004999999999999,40.62,40.61
2012-01-05,NTRS,58246,NORTHERN TRUST CORP,,,0.008619,-0.1122007694325719,0.0004882812499999,1.9310643984305528e-10,0.002944,4.521337377442336,40.96,241009.0,9871728.64,0.009999999999998,40.98,40.96
2012-01-06,NTRS,58246,NORTHERN TRUST CORP,,,0.001221,0.0157201681589966,0.0004876859302609,2.689996055560305e-11,-0.002537,4.592413561319287,41.01,241009.0,9883779.09,0.0100000000000015,41.0,40.98
2012-01-09,NTRS,58246,NORTHERN TRUST CORP,,,0.009754,-0.0920363241125646,0.0002414875633904,2.343876878270867e-10,0.002262,4.169744698330768,41.41,241009.0,9980182.69,0.004999999999999,41.39,41.38
2012-01-10,NTRS,58246,NORTHERN TRUST CORP,,,0.014248,0.349842678114048,0.0007142857142857,2.500798700483335e-10,0.008886,5.628499350646656,42.0,241009.0,10122378.0,0.0150000000000005,42.0,41.97
2012-01-11,NTRS,58246,NORTHERN TRUST CORP,,,0.00619,-0.3118747323111581,0.0007098911500236,1.5691619551902964e-10,0.00031,3.873112622350203,42.26,241009.0,10185040.34,0.0150000000000005,42.26,42.23
2012-01-12,NTRS,58246,NORTHERN TRUST CORP,,,0.006152,0.357067025191359,0.0002351834430857,1.1421637876936949e-10,0.002337,5.256073424643893,42.52,241009.0,10247702.680000002,0.0050000000000025,42.52,42.51
2012-01-13,NTRS,58246,NORTHERN TRUST CORP,,,-0.008231,0.3720378192887215,0.0002371354043159,-1.1230219217257327e-10,-0.004948,7.211531519569808,42.17,241009.0,10163349.53,0.0050000000000025,42.17,42.16
2012-01-17,NTRS,58246,NORTHERN TRUST CORP,,,-0.005691,0.4172224638731816,0.0002384927259718,-5.510169123864912e-11,0.003553,10.220344468463834,41.93,241009.0,10105507.37,0.004999999999999,41.94,41.93
2012-01-18,NTRS,58246,NORTHERN TRUST CORP,,,-0.016933,0.5738591544721388,0.0002426006792818,-1.0596471199844729e-10,0.011108,16.08538270355049,41.22,241009.0,9934390.98,0.004999999999999,41.21,41.2
2012-01-19,NTRS,58246,NORTHERN TRUST CORP,,,0.021834,-0.6046500110144601,0.0007122507122507,3.3821943023058465e-10,0.004939,6.359355874676879,42.12,241009.0,10151299.08,0.0150000000000005,42.15,42.12
2012-01-20,NTRS,58246,NORTHERN TRUST CORP,,,0.022555,0.0042912266370536,0.0002321801718134,3.402216143983873e-10,0.000669,6.386645312000796,43.07,241009.0,10380257.63,0.0050000000000025,43.06,43.05
2012-01-23,NTRS,58246,NORTHERN TRUST CORP,,,0.002322,0.1435157243287104,0.0006949270326615,3.055849540037949e-11,0.000471,7.303229339983154,43.17,241009.0,10404358.53,0.0150000000000005,43.19,43.16
2012-01-24,NTRS,58246,NORTHERN TRUST CORP,,,-0.008802,-0.311678476306484,0.0002336994624911,-1.697850817631918e-10,-0.001026,5.026969947180396,42.79,241009.0,10312775.11,0.004999999999999,42.79,42.78
2012-01-25,NTRS,58246,NORTHERN TRUST CORP,,,-0.012386,1.4260535101874052,0.0002366303833413,-9.97152672808672e-11,0.008672,12.195698085963596,42.26,241009.0,10185040.34,0.0050000000000025,42.27,42.26
2012-01-26,NTRS,58246,NORTHERN TRUST CORP,,,-0.027922,-0.0411067634751858,0.0002434274586172,-2.4116035094171104e-10,-0.005746,11.694372409329112,41.08,241009.0,9900649.72,0.004999999999999,41.07,41.06
2012-01-27,NTRS,58246,NORTHERN TRUST CORP,,,0.014362,-0.3889202891377491,0.0002399808015359,2.0011672038320142e-10,-0.001593,7.146193710608317,41.67,241009.0,10042845.03,0.0050000000000025,41.67,41.66
2012-01-30,NTRS,58246,NORTHERN TRUST CORP,,,-0.007439,-0.2659756128008119,0.0002417794970985,-1.4227070853188935e-10,-0.002522,5.245480459235962,41.36,241009.0,9968132.24,0.004999999999999,41.37,41.36
2012-01-31,NTRS,58246,NORTHERN TRUST CORP,,,-0.004594,0.0926746231632769,0.0007286859363614,-8.077942039206548e-11,-0.000457,5.731603384105988,41.17,241009.0,9922340.53,0.0150000000000005,41.2,41.17
2012-02-01,NTRS,58246,NORTHERN TRUST CORP,,,0.023682,0.4077667934974605,0.0007118282121246,2.8895632858832916e-10,0.0089,8.068760917642079,42.145,241009.0,10157324.305000002,0.014999999999997,42.16,42.13
2012-02-02,NTRS,58246,NORTHERN TRUST CORP,,,0.006051,-0.2027733610881992,0.0002358490566037,9.205330515269949e-11,0.001095,6.432631146554693,42.4,241009.0,10218781.6,0.004999999999999,42.41,42.4
2012-02-03,NTRS,58246,NORTHERN TRUST CORP,,,0.039858,0.6735529780265004,0.0002268088001815,3.4842878706456213e-10,0.014605,10.765349011862629,44.09,241009.0,10626086.81,0.0050000000000025,44.09,44.08
2012-02-06,NTRS,58246,NORTHERN TRUST CORP,,,0.001361,-0.2826012720529911,0.0004530011325029,1.656172008033941e-11,-0.000424,7.723047687015837,44.15,241009.0,10640547.35,0.0100000000000015,44.17,44.15
2012-02-07,NTRS,58246,NORTHERN TRUST CORP,,,0.000453,-0.1843773571930518,0.0002263980076976,6.755531940244043e-12,0.002023,6.299092565007946,44.17,241009.0,10645367.53,0.0050000000000025,44.17,44.16
2012-02-08,NTRS,58246,NORTHERN TRUST CORP,,,0.000453,-0.2928389909217739,0.0006788866259334,9.548708653383285e-12,0.00216,4.45447265454817,44.19,241009.0,10650187.71,0.0150000000000005,44.24,44.21
2012-02-09,NTRS,58246,NORTHERN TRUST CORP,,,-0.002942,0.2208942516915557,0.0002269632319565,-5.094370990566178e-11,0.001474,5.438440058255086,44.06,241009.0,10618856.54,0.0050000000000025,44.06,44.05
2012-02-10,NTRS,58246,NORTHERN TRUST CORP,,,-0.009759,-0.0908001980601398,0.0004584001833601,-1.8769519968997886e-10,-0.006886,4.944628623827326,43.63,241009.0,10515222.67,0.0100000000000015,43.64,43.62
2012-02-13,NTRS,58246,NORTHERN TRUST CORP,,,0.000458,-0.3070118318368717,0.0009163802978235,1.2705403761627862e-11,0.0068,3.4265691322730687,43.65,241009.0,10520042.85,0.0199999999999995,43.69,43.65
2012-02-14,NTRS,58246,NORTHERN TRUST CORP,,,-0.005498,0.5102381350247145,0.000921446671274,-1.0154925887671932e-10,-0.00094,5.174935375857333,43.41,241009.0,10462200.69,0.0200000000000031,43.45,43.41
2012-02-15,NTRS,58246,NORTHERN TRUST CORP,,,-0.005298,-0.2795336135329689,0.0004631773969431,-1.3654550279912348e-10,-0.005383,3.72836699044434,43.18,241009.0,10406768.62,0.0100000000000015,43.2,43.18
2012-02-16,NTRS,58246,NORTHERN TRUST CORP,,,0.015516,0.0870883737494019,0.0002280501710375,3.6223749943130445e-10,0.011026,4.053064408383089,43.85,241009.0,10568244.65,0.004999999999999,43.85,43.84
2012-02-17,NTRS,58246,NORTHERN TRUST CORP,,,0.000684,0.0952872827783892,0.000683682771194,1.4569500799349268e-11,0.002349,4.43731829210128,43.88,241115.0,10580126.2,0.014999999999997,43.87,43.84
2012-02-21,NTRS,58246,NORTHERN TRUST CORP,,,-0.003418,-0.3288547383690499,0.0002286759661559,-1.0885070381500474e-10,0.00072,2.9780851460921136,43.73,241115.0,10543958.95,0.004999999999999,43.72,43.71
2012-02-22,NTRS,58246,NORTHERN TRUST CORP,,,-0.016236,0.4159813720561345,0.00046490004649,-3.7118443541853567e-10,-0.00334,4.214867845062015,43.02,241232.0,10377800.64,0.0100000000000015,43.02,43.0
2012-02-23,NTRS,58246,NORTHERN TRUST CORP,,,0.019991,-0.1665278270901421,0.0002278942570648,5.37598336285062e-10,0.004272,3.512975061351728,43.88,241232.0,10585260.16,0.0050000000000025,43.88,43.87
2012-02-24,NTRS,58246,NORTHERN TRUST CORP,,,-0.000456,-0.1165330488694211,0.0004559963520292,-1.3886599909261668e-11,0.001672,3.103597366850169,43.86,241232.0,10580435.52,0.0100000000000015,43.89,43.87
2012-02-27,NTRS,58246,NORTHERN TRUST CORP,,,0.012996,0.605624246180313,0.0004501462975467,2.4332637125208787e-10,0.001355,4.983211182596008,44.43,241232.0,10717937.76,0.0100000000000015,44.45,44.43
2012-02-28,NTRS,58246,NORTHERN TRUST CORP,,,-0.0009,-0.1148971391969121,0.0006758278891642,-1.905545881020308e-11,0.003356,4.410654473701665,44.39,241232.0,10708288.48,0.0150000000000005,44.4,44.37
2012-02-29,NTRS,58246,NORTHERN TRUST CORP,,,0.000451,0.353987956665047,0.0006755235307363,7.049251621039222e-12,-0.004737,5.971973038402865,44.41,241232.0,10713113.12,0.0150000000000005,44.42,44.39
2012-03-01,NTRS,58246,NORTHERN TRUST CORP,,,0.012385,-0.1970893309945434,0.0006672597864768,2.3814952723228864e-10,0.006158,4.794960867546594,44.96,241232.0,10845790.72,0.0150000000000005,44.96,44.93
2012-03-02,NTRS,58246,NORTHERN TRUST CORP,,,-0.000667,-0.2546550612173618,0.0002225684397951,-1.7219166438755593e-11,-0.003246,3.5738998142866616,44.93,241232.0,10838553.76,0.004999999999999,44.93,44.92
2012-03-05,NTRS,58246,NORTHERN TRUST CORP,,,-0.013354,0.2162157146353429,0.0006767426122265,-2.8729345922412816e-10,-0.00387,4.346633116667772,44.33,241232.0,10693814.56,0.0150000000000005,44.31,44.28
2012-03-06,NTRS,58246,NORTHERN TRUST CORP,,,-0.018949,0.2422476054959863,0.0002299379167625,-3.3450361671730725e-10,-0.01537,5.3995945811500965,43.49,241232.0,10491179.68,0.0050000000000025,43.45,43.44
2012-03-07,NTRS,58246,NORTHERN TRUST CORP,,,0.009887,-0.1156127764278667,0.0002291475710357,1.966714238938604e-10,0.006901,4.775332460038469,43.64,241232.0,10527364.48,0.004999999999999,43.64,43.63
2012-03-08,NTRS,58246,NORTHERN TRUST CORP,,,0.007562,0.0232438021012828,0.0004548555833523,1.4590243986624623e-10,0.009818,4.886329342707435,43.97,241232.0,10606971.04,0.0100000000000015,43.96,43.94
2012-03-09,NTRS,58246,NORTHERN TRUST CORP,,,0.00705,-0.0665185422727168,0.0004516711833785,1.4469654325918418e-10,0.003631,4.5612978377661335,44.28,241232.0,10681752.96,0.0100000000000015,44.28,44.26
2012-03-12,NTRS,58246,NORTHERN TRUST CORP,,,0.007678,-0.0066888963411918,0.0002241147467502,1.5743812283666092e-10,0.00016,4.530787789348014,44.62,241232.0,10763771.84,0.004999999999999,44.62,44.61
2012-03-13,NTRS,58246,NORTHERN TRUST CORP,,,0.021291,1.1914799203272546,0.0002194426157559,1.950612022950908e-10,0.018132,9.929130463620083,45.57,241232.0,10992942.24,0.004999999999999,45.58,45.57
2012-03-14,NTRS,58246,NORTHERN TRUST CORP,,,0.008119,0.1666842015611065,0.0004353504571178,6.324294698710094e-11,-0.001196,11.584159647144658,45.94,241232.0,11082198.08,0.009999999999998,45.94,45.92
2012-03-15,NTRS,58246,NORTHERN TRUST CORP,,,0.027427,-0.1262665192326273,0.000635593220339,2.3798954484952056e-10,0.005967,10.121468130264642,47.2,241232.0,11386150.4,0.0150000000000005,47.21,47.18
2012-03-16,NTRS,58246,NORTHERN TRUST CORP,,,0.001483,0.1190184229991375,0.0002115506663847,1.1482590649668052e-11,0.001119,11.326109305564769,47.27,241232.0,11403036.64,0.0050000000000025,47.27,47.26
2012-03-19,NTRS,58246,NORTHERN TRUST CORP,,,0.007404,-0.4697030253786298,0.0002099958000839,1.0731049631316729e-10,0.003974,6.006201498971944,47.62,241232.0,11487467.84,0.004999999999999,47.61,47.6
2012-03-20,NTRS,58246,NORTHERN TRUST CORP,,,-0.00021,-0.3978395845641623,0.0004200798151647,-5.055616179976978e-12,-0.003001,3.616696789812297,47.61,241232.0,11485055.52,0.009999999999998,47.62,47.6
2012-03-21,NTRS,58246,NORTHERN TRUST CORP,,,-0.004411,0.2728172999886529,0.0002109704641349,-8.380031061171218e-11,-0.001871,4.603394242886516,47.4,241232.0,11434396.8,0.004999999999999,47.41,47.4
2012-03-22,NTRS,58246,NORTHERN TRUST CORP,,,-0.009494,0.2066059364998749,0.0004259850905217,-1.5091593034408314e-10,-0.007207,5.554482821516217,46.95,241232.0,11325842.4,0.009999999999998,46.97,46.95
2012-03-23,NTRS,58246,NORTHERN TRUST CORP,,,0.006603,-0.1469148508230721,0.0002115954295388,1.2222967383693675e-10,0.003109,4.738446806393845,47.26,241232.0,11400624.32,0.0050000000000025,47.27,47.26
2012-03-26,NTRS,58246,NORTHERN TRUST CORP,,,0.013542,0.1386010419354979,0.0004175365344466,2.1722249219082976e-10,0.013886,5.395200470915965,47.9,241232.0,11555012.8,0.009999999999998,47.9,47.88
2012-03-27,NTRS,58246,NORTHERN TRUST CORP,,,-0.008768,0.0757621043492291,0.0002106149957878,-1.3189583615633998e-10,-0.002817,5.80395221197851,47.48,241232.0,11453695.36,0.0050000000000025,47.49,47.48
2012-03-28,NTRS,58246,NORTHERN TRUST CORP,,,0.001053,0.7808762094680448,0.0002103934357247,8.885217825526802e-12,-0.004942,10.336120415201965,47.53,241232.0,11465756.96,0.004999999999999,47.53,47.52
2012-03-29,NTRS,58246,NORTHERN TRUST CORP,,,-0.009047,-0.6362962585671068,0.000212314225053,-2.118085254675696e-10,-0.001608,3.759285666909863,47.1,241232.0,11362027.2,0.004999999999999,47.1,47.09
2012-03-30,NTRS,58246,NORTHERN TRUST CORP,,,0.007431,0.2112707584412148,0.0004214963119073,1.4257046472552442e-10,0.003698,4.555061165249844,47.45,241150.0,11442567.5,0.0100000000000015,47.45,47.43
2012-04-02,NTRS,58246,NORTHERN TRUST CORP,,,0.008008,-0.042345917394736,0.0004181476061048,1.591598568398746e-10,0.007505,4.362172921418204,47.83,241150.0,11534204.5,0.009999999999998,47.86,47.84
2012-04-03,NTRS,58246,NORTHERN TRUST CORP,,,0.001464,0.2940572543248747,0.0006263048016701,2.2452356421735567e-11,-0.003989,5.644901513580759,47.9,241150.0,11551085.0,0.0150000000000005,47.89,47.86
2012-04-04,NTRS,58246,NORTHERN TRUST CORP,,,-0.017954,-0.2209293100256525,0.0002125850340135,-3.598930057858448e-10,-0.010202,4.3977773170226,47.04,241150.0,11343696.0,0.004999999999999,47.05,47.04
2012-04-05,NTRS,58246,NORTHERN TRUST CORP,,,0.001275,-0.160079356997107,0.000212314225053,3.038998748733381e-11,-0.000629,3.69378395189716,47.1,241150.0,11358165.0,0.004999999999999,47.1,47.09
2012-04-09,NTRS,58246,NORTHERN TRUST CORP,,,-0.018684,0.0567214815280503,0.0002163565556035,-4.2945792859925056e-10,-0.011358,3.903300850093303,46.22,241150.0,11145953.0,0.004999999999999,46.23,46.22
2012-04-10,NTRS,58246,NORTHERN TRUST CORP,,,-0.019905,0.4514209890564029,0.0002207505518764,-3.2162610279640447e-10,-0.017081,5.66533278042712,45.3,241150.0,10924095.0,0.0050000000000025,45.31,45.3
2012-04-11,NTRS,58246,NORTHERN TRUST CORP,,,0.015894,-0.0472494775635982,0.0004345936549327,2.6533510154087357e-10,0.007449,5.397648766328012,46.02,241150.0,11097723.0,0.0100000000000015,45.96,45.94
2012-04-12,NTRS,58246,NORTHERN TRUST CORP,,,0.016732,-0.3876992385777053,0.0004274417610601,4.4868145965774336e-10,0.013779,3.304984449512752,46.79,241150.0,11283408.5,0.0100000000000015,46.81,46.79
2012-04-13,NTRS,58246,NORTHERN TRUST CORP,,,-0.023296,0.6162093458319167,0.000218818380744,-3.9574082711715076e-10,-0.012475,5.34154675513166,45.7,241150.0,11020555.0,0.0050000000000025,45.7,45.69
2012-04-16,NTRS,58246,NORTHERN TRUST CORP,,,0.010066,0.0169262968960821,0.0006499133448873,1.6647435752636868e-10,-0.000504,5.431959361393323,46.16,241150.0,11131484.0,0.0150000000000005,46.15,46.12
2012-04-17,NTRS,58246,NORTHERN TRUST CORP,,,0.015381,0.4385384722848853,0.0006400682739492,1.7415035298544214e-10,0.015487,7.814082521252333,46.87,241150.0,11302700.5,0.0150000000000005,46.9,46.87
2012-04-18,NTRS,58246,NORTHERN TRUST CORP,,,-0.006827,-0.4282623439395531,0.0002148227712137,-1.3612821853695198e-10,-0.004055,4.467605224963716,46.55,241150.0,11225532.5,0.004999999999999,46.55,46.54
2012-04-19,NTRS,58246,NORTHERN TRUST CORP,,,-0.001933,0.0837842027246156,0.0006457167455876,-3.563262158387739e-11,-0.005934,4.841919966825627,46.46,241150.0,11203829.0,0.0150000000000005,46.51,46.48
2012-04-20,NTRS,58246,NORTHERN TRUST CORP,,,-0.003013,0.2662480976406032,0.0004317789291883,-4.3995362677923084e-11,0.001169,6.131071946921003,46.32,241150.0,11170068.0,0.0100000000000015,46.32,46.3
2012-04-23,NTRS,58246,NORTHERN TRUST CORP,,,-0.01101,-0.2917813092658274,0.0002182929491376,-2.2952815423892198e-10,-0.008408,4.342139747045407,45.81,241150.0,11047081.5,0.004999999999999,45.8,45.79
2012-04-24,NTRS,58246,NORTHERN TRUST CORP,,,0.013316,-0.1879760139126183,0.0002154243860406,3.3737176217078867e-10,0.00368,3.525921625544267,46.42,241150.0,11194183.0,0.0050000000000025,46.42,46.41
2012-04-25,NTRS,58246,NORTHERN TRUST CORP,,,0.010556,0.5323342067752117,0.0002131741632913,1.727112117521906e-10,0.013645,5.40289031722994,46.91,241150.0,11312346.5,0.004999999999999,46.91,46.9
2012-04-26,NTRS,58246,NORTHERN TRUST CORP,,,0.005542,0.0786955630754919,0.0012719949120202,8.359654630598235e-11,0.00668,5.828073812979474,47.17,241150.0,11375045.5,0.0299999999999975,47.23,47.17
2012-04-27,NTRS,58246,NORTHERN TRUST CORP,,,0.008692,-0.1895598531420764,0.0002101723413199,1.6038436300804786e-10,0.002414,4.723304996889903,47.58,241150.0,11473917.0,0.0050000000000025,47.59,47.58
2012-04-30,NTRS,58246,NORTHERN TRUST CORP,,,-0.00042,-0.1789556857838941,0.0002102607232969,-9.44294782714668e-12,-0.003884,3.878042712004976,47.56,241150.0,11469094.0,0.0050000000000025,47.59,47.58
2012-05-01,NTRS,58246,NORTHERN TRUST CORP,,,0.005467,0.2083223729937231,0.0002091175240484,1.0117118364097631e-10,0.005658,4.685925772340867,47.82,241150.0,11531793.0,0.004999999999999,47.83,47.82
2012-05-02,NTRS,58246,NORTHERN TRUST CORP,,,-0.014638,0.1419198574173172,0.0002122241086588,-2.407454926174334e-10,-0.002497,5.350951689819614,47.12,241150.0,11362988.0,0.0050000000000025,47.13,47.12
2012-05-03,NTRS,58246,NORTHERN TRUST CORP,,,-0.001698,-0.0367852310401105,0.0004251700680272,-2.904216199459352e-11,-0.007659,5.15411569562513,47.04,241150.0,11343696.0,0.0100000000000015,47.06,47.04
2012-05-04,NTRS,58246,NORTHERN TRUST CORP,,,-0.009141,0.0111310910239235,0.0002145462347136,-1.5605069675884956e-10,-0.016147,5.211486626580967,46.61,241150.0,11240001.5,0.0050000000000025,46.63,46.62
2012-05-07,NTRS,58246,NORTHERN TRUST CORP,,,0.002575,-0.4837143425502287,0.0004279905842072,8.49263575981059e-11,0.000351,2.690615799295045,46.73,241150.0,11268939.5,0.0100000000000015,46.74,46.72
2012-05-08,NTRS,58246,NORTHERN TRUST CORP,,,-0.0107,1.1180965473874998,0.0004326195111398,-1.6841283150080735e-10,-0.004279,5.698984034833091,46.23,241150.0,11148364.5,0.009999999999998,46.23,46.21
2012-05-09,NTRS,58246,NORTHERN TRUST CORP,,,-0.023145,0.187306357372063,0.0006643046944198,-3.1409118789166755e-10,-0.006702,6.76643997511922,45.16,241150.0,10890334.0,0.0150000000000005,45.17,45.14
2012-05-10,NTRS,58246,NORTHERN TRUST CORP,,,0.00465,-0.1173106775827084,0.0002204099625302,7.115883031726024e-11,0.002517,5.97266431681526,45.37,241150.0,10940975.5,0.004999999999999,45.37,45.36
2012-05-11,NTRS,58246,NORTHERN TRUST CORP,,,-0.00551,-0.0778736214754066,0.0004432624113475,-9.19468148277683e-11,-0.003387,5.507551316607921,45.12,241150.0,10880688.0,0.0100000000000015,45.14,45.12
2012-05-14,NTRS,58246,NORTHERN TRUST CORP,,,-0.020612,-0.0213026278737428,0.0002262955419779,-3.588408621010905e-10,-0.011113,5.39022600041468,44.19,241150.0,10656418.5,0.0050000000000025,44.2,44.19
2012-05-15,NTRS,58246,NORTHERN TRUST CORP,,,0.004073,0.012802216866061,0.0004507550146496,6.972782157258478e-11,-0.005746,5.459232842629069,44.37,241150.0,10699825.5,0.0100000000000015,44.38,44.36
2012-05-16,NTRS,58246,NORTHERN TRUST CORP,,,-0.009015,-0.1913582591337294,0.0004548555833521,-1.9259021860056695e-10,-0.004404,4.414563549657889,43.97,241150.0,10603365.5,0.009999999999998,43.98,43.96
2012-05-17,NTRS,58246,NORTHERN TRUST CORP,,,-0.009097,0.3969012899080568,0.000229515721827,-1.4040089526204118e-10,-0.015051,6.166709516898196,43.57,241150.0,10506905.5,0.0050000000000025,43.59,43.58
2012-05-18,NTRS,58246,NORTHERN TRUST CORP,,,-0.009181,0.2904925149720732,0.0004632846884409,-1.1081835294616242e-10,-0.007388,7.958092473564172,43.17,241150.0,10410445.5,0.009999999999998,43.16,43.14
2012-05-21,NTRS,58246,NORTHERN TRUST CORP,,,0.003243,-0.1979048446819176,0.0004617871161395,4.864482262151879e-11,0.016036,6.383147418619116,43.31,241150.0,10444206.5,0.0100000000000015,43.31,43.29
2012-05-22,NTRS,58246,NORTHERN TRUST CORP,,,0.001385,0.1529796738249174,0.0004611482591653,1.7993537749924936e-11,0.000486,7.359639228695832,43.37,241150.0,10458675.5,0.0100000000000015,43.39,43.37
2012-05-23,NTRS,58246,NORTHERN TRUST CORP,,,0.003459,-0.0362569494646369,0.0006893382352941,4.6468282828116075e-11,0.001694,7.092801161103048,43.52,241150.0,10494848.0,0.0150000000000005,43.53,43.5
2012-05-24,NTRS,58246,NORTHERN TRUST CORP,,,0.003217,-0.1467801352760038,0.0002290426019239,5.0489529084385087e-11,0.00138,6.051718847190545,43.66,241150.0,10528609.0,0.004999999999999,43.66,43.65
2012-05-25,NTRS,58246,NORTHERN TRUST CORP,,,-0.003894,-0.4031233982836453,0.000459875833525,-1.0279120936704772e-10,-0.002166,3.612129380053908,43.49,241150.0,10487613.5,0.0100000000000015,43.49,43.47
2012-05-29,NTRS,58246,NORTHERN TRUST CORP,,,0.010347,0.2346380580094482,0.0002275830678197,2.189596915459572e-10,0.011079,4.459672403068629,43.94,241150.0,10596131.0,0.004999999999999,43.94,43.93
2012-05-30,NTRS,58246,NORTHERN TRUST CORP,,,-0.024807,0.1097958993909526,0.0002333722287047,-4.8505398921515e-10,-0.014335,4.94932614555256,42.85,241150.0,10333277.5,0.004999999999999,42.85,42.84
2012-05-31,NTRS,58246,NORTHERN TRUST CORP,,,0.007701,-0.0129590374770638,0.0006947660954145,1.513895748299653e-10,-0.002277,4.885187642546133,43.18,241150.0,10412857.0,0.0150000000000005,43.18,43.15
2012-06-01,NTRS,58246,NORTHERN TRUST CORP,,,-0.033812,0.0796315646956062,0.0004793863854267,-6.37209836196275e-10,-0.024643,5.274202778353722,41.72,241150.0,10060778.0,0.0100000000000015,41.71,41.69
2012-06-04,NTRS,58246,NORTHERN TRUST CORP,,,-0.003116,0.2114761367871345,0.0009617696561674,-4.862387600014044e-11,0.00011,6.389570806551939,41.59,241150.0,10029428.5,0.0200000000000031,41.59,41.55
2012-06-05,NTRS,58246,NORTHERN TRUST CORP,,,-0.002765,0.2692392810438428,0.0002411091018685,-3.408837376811009e-11,0.005727,8.10989425668671,41.475,241150.0,10001696.25,0.004999999999999,41.46,41.45
2012-06-06,NTRS,58246,NORTHERN TRUST CORP,,,0.029295,-0.3203414018809624,0.0002359046945033,5.199203455196065e-10,0.023049,5.511959361393323,42.39,241150.0,10222348.5,0.004999999999999,42.4,42.39
2012-06-07,NTRS,58246,NORTHERN TRUST CORP,,,0.008728,0.0506188266856453,0.0007015902712815,1.4616338386341292e-10,-0.000106,5.790968277006013,42.76,241150.0,10311574.0,0.0150000000000005,42.76,42.73
2012-06-08,NTRS,58246,NORTHERN TRUST CORP,,,0.011927,-0.127095608138106,0.0009244280101686,2.2612011275767307e-10,0.008114,5.054961642131453,43.27,241150.0,10434560.5,0.0199999999999995,43.28,43.24
2012-06-11,NTRS,58246,NORTHERN TRUST CORP,,,-0.0104,-0.0507266588132606,0.0007006071929005,-2.0988928159568135e-10,-0.01262,4.798540327596931,42.82,241150.0,10326043.0,0.0150000000000005,42.84,42.81
2012-06-12,NTRS,58246,NORTHERN TRUST CORP,,,0.020318,0.1782930395586466,0.0002288853284504,3.4107444709293543e-10,0.011651,5.654086668048932,43.69,241150.0,10535843.5,0.004999999999999,43.69,43.68
2012-06-13,NTRS,58246,NORTHERN TRUST CORP,,,-0.015106,-0.1115518125271822,0.0002323960027887,-2.8979861201129347e-10,-0.007023,5.023363052042297,43.03,241150.0,10376684.5,0.004999999999999,43.04,43.03
2012-06-14,NTRS,58246,NORTHERN TRUST CORP,,,0.014176,0.1927448274040271,0.0002291475710357,2.2482240413010628e-10,0.010815,5.991590296495957,43.64,241150.0,10523786.0,0.004999999999999,43.65,43.64
2012-06-15,NTRS,58246,NORTHERN TRUST CORP,,,0.016269,0.10875565448012,0.0002254791431792,2.2898235219401338e-10,0.010338,6.643209620568111,44.35,241150.0,10695002.5,0.004999999999999,44.35,44.34
2012-06-18,NTRS,58246,NORTHERN TRUST CORP,,,-0.008004,-0.5940044069637518,0.0002272985566541,-2.797159398870462e-10,0.001445,2.69711382956666,43.995,241150.0,10609394.25,0.004999999999999,44.0,43.99
2012-06-19,NTRS,58246,NORTHERN TRUST CORP,,,0.014661,0.3161702866965248,0.0002240143369175,3.8365493021408665e-10,0.009816,3.5498610823139125,44.64,241150.0,10764936.0,0.004999999999999,44.64,44.63
2012-06-20,NTRS,58246,NORTHERN TRUST CORP,,,-0.002464,0.3276494686635929,0.0002245677071636,-4.8686208887148994e-11,-0.001686,4.712971179763633,44.53,241150.0,10738409.5,0.004999999999999,44.54,44.53
2012-06-21,NTRS,58246,NORTHERN TRUST CORP,,,-0.027846,0.1662661796885791,0.0002310002310001,-4.852834728353401e-10,-0.022262,5.496578892805308,43.29,241150.0,10439383.5,0.004999999999999,43.28,43.27
2012-06-22,NTRS,58246,NORTHERN TRUST CORP,,,0.015015,-0.1281712561297623,0.0004551661356395,2.9570207252743867e-10,0.007175,4.792075471698113,43.94,241150.0,10596131.0,0.0100000000000015,43.96,43.94
2012-06-25,NTRS,58246,NORTHERN TRUST CORP,,,-0.010924,0.3148374579983368,0.0004601932811781,-1.6542798730812007e-10,-0.015955,6.300800331743728,43.46,241150.0,10480379.0,0.0100000000000015,43.46,43.44
2012-06-26,NTRS,58246,NORTHERN TRUST CORP,,,0.006213,-0.4215413856965536,0.0002286759661559,1.6164660949049084e-10,0.004773,3.644752228903173,43.73,241150.0,10545489.5,0.004999999999999,43.73,43.72
2012-06-27,NTRS,58246,NORTHERN TRUST CORP,,,0.005031,0.1436584400158373,0.0002275312855518,1.1387904647750207e-10,0.008985,4.168351648351648,43.95,241150.0,10598542.5,0.0050000000000025,43.95,43.94
2012-06-28,NTRS,58246,NORTHERN TRUST CORP,,,0.001365,0.1662498333661626,0.0002272210861167,2.6456846176565676e-11,-0.00211,4.861339415301679,44.01,241150.0,10613011.5,0.004999999999999,44.01,44.0
2012-06-29,NTRS,58246,NORTHERN TRUST CORP,,,0.045671,0.5929752489098465,0.0002172968274662,5.31424616871557e-10,0.02492,7.764374243816445,46.02,240517.0,11068592.34,0.004999999999999,46.01,46.0
2012-07-02,NTRS,58246,NORTHERN TRUST CORP,,,0.007171,-0.2074776274134334,0.0002157497303127,1.0453608098295176e-10,0.002459,6.153440297359438,46.35,240517.0,11147962.95,0.004999999999999,46.36,46.35
2012-07-03,NTRS,58246,NORTHERN TRUST CORP,,,0.005825,-0.5049145037827524,0.0002145002145001,1.7052171324549963e-10,0.006232,3.0464790430614053,46.62,240517.0,11212902.54,0.004999999999999,46.62,46.61
2012-07-05,NTRS,58246,NORTHERN TRUST CORP,,,0.009224,2.119603400979897,0.0006376195536663,8.576622761358092e-11,-0.004687,9.503806383748342,47.05,240517.0,11316324.85,0.0150000000000005,47.08,47.05
2012-07-06,NTRS,58246,NORTHERN TRUST CORP,,,-0.011902,-0.4423116885048606,0.0004302000430199,-2.0082857154158056e-10,-0.009433,5.30016173492934,46.49,240517.0,11181635.33,0.009999999999998,46.48,46.46
2012-07-09,NTRS,58246,NORTHERN TRUST CORP,,,-0.001076,-0.0453286412782136,0.0004306632213609,-1.9038435909117286e-11,-0.001639,5.059912604930213,46.44,240517.0,11169609.48,0.0100000000000015,46.46,46.44
2012-07-10,NTRS,58246,NORTHERN TRUST CORP,,,-0.013781,-0.1304598622015702,0.0002183406113536,-2.8433925882235954e-10,-0.008126,4.399797103739028,45.8,240517.0,11015678.6,0.004999999999999,45.8,45.79
2012-07-11,NTRS,58246,NORTHERN TRUST CORP,,,0.018777,0.8652754704571612,0.0002143163309043,2.038731649946932e-10,-1.5e-05,8.206833612592872,46.66,240517.0,11222523.22,0.004999999999999,46.65,46.64
2012-07-12,NTRS,58246,NORTHERN TRUST CORP,,,-0.018003,-0.5078036540159675,0.0002182453077258,-4.0441756009431304e-10,-0.004987,4.0393735162171485,45.82,240517.0,11020488.94,0.004999999999999,45.83,45.82
2012-07-13,NTRS,58246,NORTHERN TRUST CORP,,,0.026844,0.2292252078662904,0.0002125398512222,4.777452223722525e-10,0.016497,4.965299750121613,47.05,240517.0,11316324.85,0.0050000000000025,47.06,47.05
2012-07-16,NTRS,58246,NORTHERN TRUST CORP,,,-0.000425,-0.128493542749818,0.0002126302360195,-8.682645950450364e-12,-0.002314,4.327290794413701,47.03,240517.0,11311514.51,0.004999999999999,47.04,47.03
2012-07-17,NTRS,58246,NORTHERN TRUST CORP,,,0.000851,1.3732483207419,0.0002124495432335,7.319481551829124e-12,0.00741,10.269735611204196,47.07,240517.0,11321135.19,0.0050000000000025,47.06,47.05
2012-07-18,NTRS,58246,NORTHERN TRUST CORP,,,-0.017633,-0.0879453257145818,0.0008650519031141,-1.6927096394883003e-10,0.006681,9.366560367874204,46.24,240517.0,11121506.08,0.0199999999999995,46.25,46.21
2012-07-19,NTRS,58246,NORTHERN TRUST CORP,,,-0.00519,-0.4795138708559106,0.0004347826086955,-9.622201589387471e-11,0.002717,4.875164749269282,46.0,240517.0,11063782.0,0.009999999999998,46.01,45.99
2012-07-20,NTRS,58246,NORTHERN TRUST CORP,,,-0.015217,0.2322141297673465,0.0002207505518764,-2.324928381869937e-10,-0.010062,6.0072468889932935,45.3,240517.0,10895420.1,0.0050000000000025,45.31,45.3
2012-07-23,NTRS,58246,NORTHERN TRUST CORP,,,-0.005298,-0.367606905931086,0.0004438526409231,-1.2868039594680943e-10,-0.008909,3.798941446966327,45.06,240517.0,10837696.02,0.009999999999998,45.08,45.06
2012-07-24,NTRS,58246,NORTHERN TRUST CORP,,,-0.005437,0.2515426119884865,0.0008925582952136,-1.0609182331545288e-10,-0.009041,4.754537101327557,44.815,240517.0,10778769.355,0.0199999999999995,44.82,44.78
2012-07-25,NTRS,58246,NORTHERN TRUST CORP,,,-0.005467,-0.1137399687113865,0.0004487323311645,-1.2102950499645306e-10,-0.000314,4.213756200185434,44.57,240517.0,10719842.69,0.0100000000000015,44.6,44.58
2012-07-26,NTRS,58246,NORTHERN TRUST CORP,,,0.01952,-0.1574545131625685,0.0002200704225353,5.030752495174888e-10,0.016541,3.5502812690994814,45.44,240517.0,10929092.48,0.0050000000000025,45.45,45.44
2012-07-27,NTRS,58246,NORTHERN TRUST CORP,,,0.017826,-0.0391824364125668,0.0010810810810811,4.697780192785952e-10,0.019081,3.411172599026264,46.25,240517.0,11123911.25,0.0250000000000021,46.24,46.19
2012-07-30,NTRS,58246,NORTHERN TRUST CORP,,,-0.011676,0.0367532253837856,0.0002187705097352,-3.003018427801137e-10,-0.000483,3.5365441943812703,45.71,240517.0,10994032.07,0.004999999999999,45.72,45.71
2012-07-31,NTRS,58246,NORTHERN TRUST CORP,,,-0.006782,0.2180145991236763,0.0002202643171805,-1.4418649042403134e-10,-0.004317,4.307562459202468,45.4,240517.0,10919471.8,0.004999999999999,45.36,45.35
2012-08-01,NTRS,58246,NORTHERN TRUST CORP,,,-0.007709,0.0352572579103935,0.0002219755826858,-1.5954294516214683e-10,-0.00303,4.459435299791699,45.05,240517.0,10835290.85,0.004999999999999,45.03,45.02
2012-08-02,NTRS,58246,NORTHERN TRUST CORP,,,-0.02131,0.4380944833437445,0.0002268088001814,-3.1335042285565404e-10,-0.007374,6.413089303458799,44.09,240517.0,10604394.53,0.004999999999999,44.1,44.09
2012-08-03,NTRS,58246,NORTHERN TRUST CORP,,,0.031526,-0.4173951040450399,0.0004397537379066,7.713672916413357e-10,0.01904,3.7362972263914815,45.48,240517.0,10938713.16,0.009999999999998,45.48,45.46
2012-08-06,NTRS,58246,NORTHERN TRUST CORP,,,-0.003958,-0.1884975457439717,0.0002207505518763,-1.1981206530079642e-10,0.002329,3.0320143690466788,45.3,240517.0,10895420.1,0.004999999999999,45.29,45.28
2012-08-07,NTRS,58246,NORTHERN TRUST CORP,,,0.015673,0.6943219824175764,0.0002173440556401,2.7569375049951567e-10,0.005107,5.137208596481746,46.01,240517.0,11066187.17,0.0050000000000025,46.02,46.01
2012-08-08,NTRS,58246,NORTHERN TRUST CORP,,,0.001521,-0.3796506273136795,0.0002170138888888,4.306331091527016e-11,0.000621,3.186864130186224,46.08,240517.0,11083023.36,0.004999999999999,46.08,46.07
2012-08-09,NTRS,58246,NORTHERN TRUST CORP,,,0.001953,0.2737499918460002,0.0002165908598658,4.332602523117235e-11,0.000414,4.0592681598390135,46.17,240517.0,11104669.89,0.0050000000000025,46.17,46.16
2012-08-10,NTRS,58246,NORTHERN TRUST CORP,,,0.001083,-0.3624425523110691,0.0004327131112071,3.764312515763797e-11,0.002188,2.588016647471904,46.22,240517.0,11116695.74,0.009999999999998,46.22,46.2
2012-08-13,NTRS,58246,NORTHERN TRUST CORP,,,0.000216,-0.1648566498838483,0.0006489292667099,8.987853533863914e-12,-0.001252,2.1613648931260574,46.23,240517.0,11119100.91,0.0150000000000005,46.27,46.24
2012-08-14,NTRS,58246,NORTHERN TRUST CORP,,,0.002163,0.7361790533716781,0.0004316857327864,5.172801769316884e-11,-0.000128,3.752516454138377,46.33,240517.0,11143152.61,0.009999999999998,46.33,46.31
2012-08-15,NTRS,58246,NORTHERN TRUST CORP,,,0.003453,-0.4513408764558847,0.00064530006453,1.4999129105736143e-10,0.00114,2.0588523888124333,46.49,240517.0,11181635.33,0.0150000000000005,46.51,46.48
2012-08-16,NTRS,58246,NORTHERN TRUST CORP,,,0.014842,0.6895730720997437,0.0004239084357779,3.7599885519621966e-10,0.007101,3.478581555565719,47.18,240517.0,11347592.06,0.0100000000000015,47.2,47.18
2012-08-17,NTRS,58246,NORTHERN TRUST CORP,,,0.001272,0.2798777995309911,0.0004233700254022,2.514552736741937e-11,0.001872,4.452159306826545,47.24,240517.0,11362023.08,0.0100000000000015,47.27,47.25
2012-08-20,NTRS,58246,NORTHERN TRUST CORP,,,-0.002964,-0.2088063353318018,0.000212314225053,-7.427762640161242e-11,-2.1e-05,3.5225202376547187,47.1,240517.0,11328350.7,0.004999999999999,47.1,47.09
2012-08-21,NTRS,58246,NORTHERN TRUST CORP,,,-0.003185,-0.0940953181323519,0.0004259850905218,-8.838774637019345e-11,-0.003498,3.19106757526495,46.95,240517.0,11292273.15,0.0100000000000015,46.99,46.97
2012-08-22,NTRS,58246,NORTHERN TRUST CORP,,,-0.001491,0.0399084828001343,0.0002133105802047,-3.984860663913471e-11,0.000226,3.318418240706478,46.88,240517.0,11275436.96,0.004999999999999,46.89,46.88
2012-08-23,NTRS,58246,NORTHERN TRUST CORP,,,-0.014932,0.0833479507251897,0.0002165439584236,-3.73954863961469e-10,-0.008072,3.595001600718452,46.18,240517.0,11107075.06,0.0050000000000025,46.2,46.19
2012-08-24,NTRS,58246,NORTHERN TRUST CORP,,,0.00628,-0.0445528237143197,0.0004303851947492,1.6358196610640423e-10,0.006455,3.4348341281489456,46.47,240517.0,11176824.99,0.009999999999998,46.47,46.45
2012-08-27,NTRS,58246,NORTHERN TRUST CORP,,,-0.004304,-0.1614395208537092,0.0004322455154526,-1.342724227197356e-10,-0.000489,2.880316152288612,46.27,240517.0,11128721.59,0.009999999999998,46.29,46.27
2012-08-28,NTRS,58246,NORTHERN TRUST CORP,,,0.000865,-0.1046530930402084,0.0002159360829195,3.011369523112368e-11,-0.000808,2.578882158017936,46.31,240517.0,11138342.27,0.0050000000000025,46.31,46.3
2012-08-29,NTRS,58246,NORTHERN TRUST CORP,,,0.001619,0.8601775047761844,0.0002155869354316,3.025085291544077e-11,0.000844,4.797178577813627,46.385,240517.0,11156381.045,0.004999999999999,46.39,46.38
2012-08-30,NTRS,58246,NORTHERN TRUST CORP,,,-0.004635,0.0259524372878212,0.0002165908598656,-8.480685784019583e-11,-0.007806,4.921677054012814,46.17,240517.0,11104669.89,0.004999999999999,46.18,46.17
2012-08-31,NTRS,58246,NORTHERN TRUST CORP,,,0.005848,0.0437711774559934,0.0004306632213608,1.0191801612864596e-10,0.005073,5.137104653725101,46.44,240517.0,11169609.48,0.009999999999998,46.44,46.42
2012-09-04,NTRS,58246,NORTHERN TRUST CORP,,,0.006675,-0.2174842035318369,0.000427807486631,1.4767682615752832e-10,-0.001166,4.019865539650004,46.75,240517.0,11244169.75,0.0100000000000015,46.77,46.75
2012-09-05,NTRS,58246,NORTHERN TRUST CORP,,,0.006203,0.1276325288618869,0.0002139495079162,1.217273514720761e-10,-0.001068,4.532931144160288,46.74,240517.0,11241764.58,0.0050000000000025,46.77,46.76
2012-09-06,NTRS,58246,NORTHERN TRUST CORP,,,0.025032,0.4582227697026453,0.000208724692131,3.286401375137466e-10,0.020436,6.6100234079087965,47.91,240517.0,11523169.47,0.004999999999999,47.91,47.9
2012-09-07,NTRS,58246,NORTHERN TRUST CORP,,,0.00167,-0.1806389767917561,0.0004167534903105,2.671416750222064e-11,0.00405,5.415995542934595,47.99,240517.0,11542410.83,0.0100000000000015,47.99,47.97
2012-09-10,NTRS,58246,NORTHERN TRUST CORP,,,-0.018546,0.4891631526462818,0.000212314225053,-2.0298455326951343e-10,-0.006148,8.065300997434694,47.1,240517.0,11328350.7,0.004999999999999,47.1,47.09
2012-09-11,NTRS,58246,NORTHERN TRUST CORP,,,0.007219,-0.5774181608605237,0.0002107925801011,1.8563299620495492e-10,0.003135,3.4082497287094053,47.44,240517.0,11410126.48,0.004999999999999,47.46,47.45
2012-09-12,NTRS,58246,NORTHERN TRUST CORP,,,0.01054,0.6321684139643937,0.0002085940759283,1.6432378322200848e-10,0.002093,5.562837554102205,47.94,240517.0,11530384.98,0.0050000000000025,47.95,47.94
2012-09-13,NTRS,58246,NORTHERN TRUST CORP,,,0.019608,0.1490870035434621,0.0002045826513911,2.609197971729364e-10,0.01631,6.3921843362423445,48.88,240517.0,11756470.96,0.004999999999999,48.9,48.89
2012-09-14,NTRS,58246,NORTHERN TRUST CORP,,,0.005115,0.0588501973099244,0.0002035416242622,6.395423129828402e-11,0.003959,6.768365645671616,49.13,240517.0,11816600.21,0.0050000000000025,49.13,49.12
2012-09-17,NTRS,58246,NORTHERN TRUST CORP,,,-0.009974,-0.3597533520035235,0.0002055921052631,-1.9674282070100766e-10,-0.003125,4.333423417055759,48.64,240517.0,11698746.88,0.004999999999999,48.64,48.63
2012-09-18,NTRS,58246,NORTHERN TRUST CORP,,,-0.002467,-0.042632274802305,0.0002061005770815,-5.095568812063264e-11,-0.00128,4.148679719105094,48.52,240517.0,11669884.84,0.004999999999999,48.55,48.54
2012-09-19,NTRS,58246,NORTHERN TRUST CORP,,,-0.014221,1.041421968515616,0.000418147606105,-1.45962497236571e-10,0.001185,8.469205918916334,47.83,240517.0,11503928.11,0.0100000000000015,47.85,47.83
2012-09-20,NTRS,58246,NORTHERN TRUST CORP,,,-0.001673,-0.171634295341946,0.0002094240837695,-2.0764046089840165e-11,-0.000541,7.015599728917291,47.75,240517.0,11484686.75,0.004999999999999,47.76,47.75
2012-09-21,NTRS,58246,NORTHERN TRUST CORP,,,0.00178,1.576470142013819,0.0002090519494095,8.559305533707657e-12,-7.5e-05,18.075483229875644,47.835,240517.0,11505130.695,0.0050000000000025,47.84,47.83
2012-09-24,NTRS,58246,NORTHERN TRUST CORP,,,-0.001672,-0.8244540894098877,0.0002094021568423,-4.5876577610257126e-11,-0.002233,3.173077162944823,47.755,240517.0,11485889.335,0.0050000000000025,47.74,47.73
2012-09-25,NTRS,58246,NORTHERN TRUST CORP,,,-0.016648,0.7215725275459624,0.0004258943781941,-2.6982503600731475e-10,-0.010502,5.46268247150929,46.96,240517.0,11294678.32,0.009999999999998,46.98,46.96
2012-09-26,NTRS,58246,NORTHERN TRUST CORP,,,-0.011712,-0.0764087412129681,0.000215470803706,-2.079638965555852e-10,-0.005737,5.04528578021512,46.41,240517.0,11162393.97,0.004999999999999,46.41,46.4
2012-09-27,NTRS,58246,NORTHERN TRUST CORP,,,0.003017,-0.0759561161851439,0.0002148227712137,5.7800484502167984e-11,0.009649,4.662065467305846,46.55,240517.0,11196066.35,0.004999999999999,46.58,46.57
2012-09-28,NTRS,58246,NORTHERN TRUST CORP,,,-0.0029,0.0413268099876393,0.0002154475923732,-5.3509198668273614e-11,-0.004478,4.869269680023686,46.415,239799.0,11130270.585,0.0050000000000025,46.42,46.41
2012-10-01,NTRS,58246,NORTHERN TRUST CORP,,,0.010126,0.0125140667633854,0.0002132878319291,1.8268031056799463e-10,0.002652,4.930204045888432,46.885,239799.0,11242976.115,0.004999999999999,46.89,46.88
2012-10-02,NTRS,58246,NORTHERN TRUST CORP,,,0.006719,0.1537997628267264,0.000635593220339,1.0435660350259714e-10,0.000872,5.688468258833439,47.2,239799.0,11318512.8,0.0150000000000005,47.24,47.21
2012-10-03,NTRS,58246,NORTHERN TRUST CORP,,,0.00572,-0.0203916313378379,0.0002106593638086,9.017405582436267e-11,0.003624,5.572471111222315,47.47,239799.0,11383258.53,0.004999999999999,47.47,47.46
2012-10-04,NTRS,58246,NORTHERN TRUST CORP,,,0.005056,-0.2739066044139184,0.0002095996646404,1.0922196077774624e-10,0.007174,4.046134470952756,47.71,239799.0,11440810.29,0.004999999999999,47.72,47.71
2012-10-05,NTRS,58246,NORTHERN TRUST CORP,,,-0.007546,0.6190378033081889,0.0004223864836325,-1.0145002264616985e-10,-0.000322,6.550844665740891,47.35,239799.0,11354482.65,0.0100000000000015,47.35,47.33
2012-10-08,NTRS,58246,NORTHERN TRUST CORP,,,-0.005069,-0.3945047571879818,0.0004245383145829,-1.1312374714668947e-10,-0.003457,3.966505281506595,47.11,239799.0,11296930.89,0.0100000000000015,47.1,47.08
2012-10-09,NTRS,58246,NORTHERN TRUST CORP,,,-0.007642,-0.0341676093712546,0.0002139037433154,-1.779378126321469e-10,-0.009891,3.83097927847906,46.75,239799.0,11210603.25,0.004999999999999,46.75,46.74
2012-10-10,NTRS,58246,NORTHERN TRUST CORP,,,0.00107,-0.0069317977717666,0.0004273504273504,2.5061189353081143e-11,-0.006188,3.8044237048528142,46.8,239799.0,11222593.2,0.0100000000000015,46.82,46.8
2012-10-11,NTRS,58246,NORTHERN TRUST CORP,,,0.005342,-0.032715223222262,0.0002125398512222,1.286629949117266e-10,0.000195,3.679961134116489,47.05,239799.0,11282542.95,0.0050000000000025,47.06,47.05
2012-10-12,NTRS,58246,NORTHERN TRUST CORP,,,-0.016153,0.2016032618241692,0.0002160293799956,-3.290897184596692e-10,-0.002966,4.421853302140542,46.29,239799.0,11100295.71,0.004999999999999,46.29,46.28
2012-10-15,NTRS,58246,NORTHERN TRUST CORP,,,0.007993,-0.2836141824066635,0.0002143163309043,2.2551030943190163e-10,0.008078,3.167752993131748,46.66,239799.0,11189021.34,0.004999999999999,46.66,46.65
2012-10-16,NTRS,58246,NORTHERN TRUST CORP,,,0.018645,1.3961617853043085,0.0004207868714495,2.15516119217144e-10,0.01027,7.590448667425636,47.53,239799.0,11397646.47,0.009999999999998,47.55,47.53
2012-10-17,NTRS,58246,NORTHERN TRUST CORP,,,0.014298,0.0502900259424607,0.0002074275662938,1.5513782846064035e-10,0.004117,7.972172527825387,48.2096,239799.0,11560613.8704,0.004999999999999,48.21,48.2
2012-10-18,NTRS,58246,NORTHERN TRUST CORP,,,0.00229,-0.4699529585676556,0.000206953642384,4.6770292446134226e-11,-0.002444,4.225626462162061,48.32,239799.0,11587087.68,0.004999999999999,48.29,48.28
2012-10-19,NTRS,58246,NORTHERN TRUST CORP,,,-0.025248,0.90799673542215,0.000212314225053,-2.772617600900046e-10,-0.016571,8.06248149491866,47.1,239799.0,11294532.9,0.004999999999999,47.1,47.09
2012-10-22,NTRS,58246,NORTHERN TRUST CORP,,,0.001911,-0.3285213680739639,0.0002119093028183,3.119337844787096e-11,0.00044,5.413784044136965,47.19,239799.0,11316114.81,0.004999999999999,47.18,47.17
2012-10-23,NTRS,58246,NORTHERN TRUST CORP,,,-0.00551,0.0848669716997119,0.0002130833155763,-8.336356172737717e-11,-0.014444,5.873235501399089,46.93,239799.0,11253767.07,0.004999999999999,46.94,46.93
2012-10-24,NTRS,58246,NORTHERN TRUST CORP,,,0.003409,-0.3081590688982359,0.0002123593119559,7.429631526493833e-11,-0.003085,4.063344717867881,47.09,239799.0,11292134.91,0.0050000000000025,47.09,47.08
2012-10-25,NTRS,58246,NORTHERN TRUST CORP,,,0.005097,-0.0711719995976953,0.0002112824846821,1.1899036441872048e-10,0.002996,3.7741483492424903,47.33,239799.0,11349686.67,0.0050000000000025,47.34,47.33
2012-10-26,NTRS,58246,NORTHERN TRUST CORP,,,-0.003381,0.1002202119913329,0.0002119991520033,-7.198356327188504e-11,-0.000729,4.1523942968903125,47.17,239799.0,11311318.83,0.004999999999999,47.18,47.17
2012-10-31,NTRS,58246,NORTHERN TRUST CORP,,,0.013356,0.548440355916203,0.0016736401673639,1.812208147785525e-10,0.000156,6.429734902981247,47.8,239799.0,11462392.2,0.0399999999999991,47.86,47.78
2012-11-01,NTRS,58246,NORTHERN TRUST CORP,,,0.01046,-0.4172173060309603,0.0004140786749481,2.4101133702582977e-10,0.010927,3.7471382282661727,48.3,239799.0,11582291.7,0.009999999999998,48.3,48.28
2012-11-02,NTRS,58246,NORTHERN TRUST CORP,,,-0.010352,-0.1906828703703703,0.0002092050209206,-2.9780401756951647e-10,-0.009379,3.032623155225835,47.8,239799.0,11462392.2,0.0050000000000025,47.77,47.76
2012-11-05,NTRS,58246,NORTHERN TRUST CORP,,,0.016946,0.3600519787684606,0.0002057189878625,3.5246845918074247e-10,0.002164,4.1245251231239495,48.61,239799.0,11656629.39,0.004999999999999,48.62,48.61
2012-11-06,NTRS,58246,NORTHERN TRUST CORP,,,0.003086,0.0352072731905239,0.0004101722723544,6.181353619351719e-11,0.007853,4.2697384059149535,48.76,239799.0,11692599.24,0.0100000000000015,48.78,48.76
2012-11-07,NTRS,58246,NORTHERN TRUST CORP,,,-0.03589,0.6481469001708209,0.0002127206977239,-4.5241672704050647e-10,-0.023705,7.037156118249033,47.01,239799.0,11272950.99,0.0050000000000025,47.02,47.01
2012-11-08,NTRS,58246,NORTHERN TRUST CORP,,,-0.009998,-0.316981954995043,0.0002148689299526,-1.8638459837734704e-10,-0.012205,4.806504614281127,46.54,239799.0,11160245.46,0.004999999999999,46.54,46.53
2012-11-09,NTRS,58246,NORTHERN TRUST CORP,,,0.002149,-0.1594957465545139,0.0002144082332761,4.7562122475044215e-11,0.001699,4.0398875725086425,46.64,239799.0,11184225.36,0.004999999999999,46.64,46.63
2012-11-12,NTRS,58246,NORTHERN TRUST CORP,,,0.00729,-0.0116994800575167,0.0006385696040868,1.6207231861343316e-10,0.00013,3.992622988419468,46.98,239799.0,11265757.02,0.0150000000000005,47.01,46.98
2012-11-13,NTRS,58246,NORTHERN TRUST CORP,,,-0.006811,-0.2217067201990334,0.0004286326618087,-1.958922229738848e-10,-0.003985,3.107431640665724,46.66,239799.0,11189021.34,0.009999999999998,46.66,46.64
2012-11-14,NTRS,58246,NORTHERN TRUST CORP,,,-0.012216,0.277987650957715,0.000433933608158,-2.783214686306861e-10,-0.013852,3.971259262966068,46.09,239799.0,11052335.91,0.0100000000000015,46.09,46.07
2012-11-15,NTRS,58246,NORTHERN TRUST CORP,,,0.00933,0.4679503603891195,0.0002149613069648,1.4346797197159262e-10,-0.001594,5.829611466269667,46.52,239799.0,11155449.48,0.0050000000000025,46.52,46.51
2012-11-16,NTRS,58246,NORTHERN TRUST CORP,,,0.007094,0.1264043034905055,0.000213447171825,9.61612963551263e-11,0.00484,6.566499443283751,46.85,239799.0,11234583.15,0.0050000000000025,46.84,46.83
2012-11-19,NTRS,58246,NORTHERN TRUST CORP,,,0.010672,-0.184981964131484,0.0002111932418162,1.7562135929615591e-10,0.019862,5.3518154787968255,47.35,239799.0,11354482.65,0.004999999999999,47.35,47.34
2012-11-20,NTRS,58246,NORTHERN TRUST CORP,,,0.006758,0.1063053235257449,0.0002097755401719,9.98503368448306e-11,0.000663,5.920741954720412,47.67,239799.0,11431218.33,0.004999999999999,47.68,47.67
2012-11-21,NTRS,58246,NORTHERN TRUST CORP,,,0.002937,-0.3534189611406774,0.0002091612633341,6.69173504383456e-11,0.00232,3.828239483901101,47.81,239799.0,11464790.19,0.0050000000000025,47.81,47.8
2012-11-23,NTRS,58246,NORTHERN TRUST CORP,,,0.01004,-0.547124861656979,0.0008283288465522,5.000939053323143e-10,0.013026,1.733714485881926,48.29,239799.0,11579893.71,0.0200000000000031,48.34,48.3
2012-11-26,NTRS,58246,NORTHERN TRUST CORP,,,-0.001864,1.469020524699153,0.0002074688796681,-3.7674649792907857e-11,-0.00203,4.280576649610715,48.2,239799.0,11558311.8,0.0050000000000025,48.24,48.23
2012-11-27,NTRS,58246,NORTHERN TRUST CORP,,,-0.006535,-0.1703972223467039,0.0002088336639865,-1.6026041273844603e-10,-0.005227,3.551178278474889,47.885,239799.0,11482775.115,0.004999999999999,47.89,47.88
2012-11-28,NTRS,58246,NORTHERN TRUST CORP,,,0.001357,0.4986747991061206,0.000417101147028,2.2175018375177003e-11,0.007856,5.322061393083374,47.95,239799.0,11498362.05,0.009999999999998,47.97,47.95
2012-11-29,NTRS,58246,NORTHERN TRUST CORP,,,0.003754,-0.4057897314345041,0.0004155412424682,1.0285158913121807e-10,0.00427,3.1624235297061287,48.13,239799.0,11541525.87,0.009999999999998,48.15,48.13
2012-11-30,NTRS,58246,NORTHERN TRUST CORP,,,-0.002285,0.3560630635620152,0.0004164931278634,-4.6271839141153506e-11,0.000162,4.288445739973895,48.02,239799.0,11515147.98,0.0100000000000015,48.02,48.0
2012-12-03,NTRS,58246,NORTHERN TRUST CORP,,,0.000833,0.0329299421897866,0.0004161464835621,1.631710397698256e-11,-0.004745,4.429664010275272,48.06,239799.0,11524739.94,0.009999999999998,48.08,48.06
2012-12-04,NTRS,58246,NORTHERN TRUST CORP,,,-0.010196,-0.1120747032890271,0.0002102165230188,-2.2724905836624606e-10,-0.00171,3.933210730653589,47.57,239799.0,11407238.43,0.0050000000000025,47.59,47.58
2012-12-05,NTRS,58246,NORTHERN TRUST CORP,,,0.003574,-0.2014037617421913,0.0004215851602022,1.0002027047630424e-10,0.001585,3.141047293775203,47.44,239799.0,11376064.56,0.009999999999998,47.47,47.45
2012-12-06,NTRS,58246,NORTHERN TRUST CORP,,,0.004427,-0.2442075356469557,0.0004197271773346,1.6320077484645995e-10,0.003307,2.373979874811821,47.65,239799.0,11426422.35,0.009999999999998,47.65,47.63
2012-12-07,NTRS,58246,NORTHERN TRUST CORP,,,0.004197,-0.0182476751253342,0.0002089864158829,1.5693893028338584e-10,0.002921,2.330660261302174,47.85,239799.0,11474382.15,0.004999999999999,47.86,47.85
2012-12-10,NTRS,58246,NORTHERN TRUST CORP,,,-0.002508,1.3437062749378232,0.0004190236748376,-4.011497962753562e-11,0.000338,5.462383079162132,47.73,239799.0,11445606.27,0.0100000000000015,47.75,47.73
2012-12-11,NTRS,58246,NORTHERN TRUST CORP,,,0.004609,-0.0829827907111676,0.0004171011470282,8.002231089393e-11,0.006549,5.009099287319797,47.95,239799.0,11498362.05,0.0100000000000015,47.96,47.94
2012-12-12,NTRS,58246,NORTHERN TRUST CORP,,,-0.004797,-0.0900083834439053,0.0004191114836545,-9.196548898420886e-11,0.000448,4.558238357958123,47.72,239799.0,11443208.28,0.009999999999998,47.72,47.7
2012-12-13,NTRS,58246,NORTHERN TRUST CORP,,,-0.003562,-0.4639228734718373,0.0004206098843323,-1.2784145878948296e-10,-0.006321,2.4435673209646414,47.55,239799.0,11402442.45,0.0100000000000015,47.57,47.55
2012-12-14,NTRS,58246,NORTHERN TRUST CORP,,,-0.009043,1.461930320070311,0.0004244482173174,-1.3303313204938419e-10,-0.004135,6.015892476615832,47.12,239799.0,11299328.88,0.009999999999998,47.12,47.1
2012-12-17,NTRS,58246,NORTHERN TRUST CORP,,,0.033531,0.1017319363235258,0.0004106776180697,4.332057103186863e-10,0.011871,6.627900866976092,48.7,239799.0,11678211.3,0.009999999999998,48.73,48.71
2012-12-18,NTRS,58246,NORTHERN TRUST CORP,,,0.016222,0.2188428830651758,0.0002020610224287,1.6920603379850467e-10,0.011487,8.078369801375318,49.49,239799.0,11867652.51,0.004999999999999,49.51,49.5
2012-12-19,NTRS,58246,NORTHERN TRUST CORP,,,0.002223,-0.1578925089756527,0.0002016129032257,2.7473826922216742e-11,-0.007589,6.802855725003023,49.6,239799.0,11894030.4,0.004999999999999,49.61,49.6
2012-12-20,NTRS,58246,NORTHERN TRUST CORP,,,0.012298,0.2019023881303339,0.0001991635132443,1.2492128444290167e-10,0.005488,8.176368541987248,50.21,239799.0,12040307.79,0.004999999999999,50.21,50.2
2012-12-21,NTRS,58246,NORTHERN TRUST CORP,,,-0.000996,0.6058433659664861,0.0003987240829345,-6.306534884482981e-12,-0.009379,13.129967180847292,50.16,239799.0,12028317.84,0.009999999999998,50.16,50.14
2012-12-24,NTRS,58246,NORTHERN TRUST CORP,,,0.000199,-0.780807882223993,0.0001993223041657,5.747421317041142e-12,-0.00244,2.8779853126993857,50.17,239799.0,12030715.83,0.004999999999999,50.18,50.17
2012-12-26,NTRS,58246,NORTHERN TRUST CORP,,,-0.005382,0.4775073970713104,0.0002004008016031,-1.0577366264729629e-10,-0.004787,4.25224458817593,49.9,239799.0,11965970.1,0.004999999999999,49.91,49.9
2012-12-27,NTRS,58246,NORTHERN TRUST CORP,,,0.000802,-0.0655163756614793,0.000400480576692,1.6853438871870712e-11,-0.001218,3.9736529343325033,49.94,239799.0,11975562.06,0.0100000000000015,49.96,49.94
2012-12-28,NTRS,58246,NORTHERN TRUST CORP,,,0.000154,0.4712040785913831,0.0002002094190522,2.199353334174488e-12,-0.01105,5.846054403896597,49.9477,239799.0,11977408.5123,0.004999999999999,49.94,49.93
2012-12-31,NTRS,58246,NORTHERN TRUST CORP,,,0.00425,-0.1761501357464772,0.0003987240829346,7.336232852839979e-11,0.016942,4.834091622543583,50.16,238915.0,11983976.4,0.0100000000000015,50.18,50.16
2013-01-02,NTRS,58246,NORTHERN TRUST CORP,,,0.032895,0.4610866220408558,0.0003860258637329,3.762547915863269e-10,0.025403,7.063026599418203,51.81,238915.0,12378186.15,0.0100000000000015,51.82,51.8
2013-01-03,NTRS,58246,NORTHERN TRUST CORP,,,-0.000386,-0.085538468102708,0.0001930874686232,-4.829939530858815e-12,-0.002086,6.458866123935291,51.79,238915.0,12373407.85,0.004999999999999,51.79,51.78
2013-01-04,NTRS,58246,NORTHERN TRUST CORP,,,0.031473,0.2827570117683653,0.0005615874204418,2.976392220384034e-10,0.004865,8.285155808551158,53.42,238915.0,12762839.3,0.0150000000000005,53.47,53.44
2013-01-07,NTRS,58246,NORTHERN TRUST CORP,,,-0.006177,-0.1725511354680698,0.0003767187794312,-7.103618250001349e-11,-0.003123,6.855542766255781,53.09,238915.0,12683997.35,0.0100000000000015,53.09,53.07
2013-01-08,NTRS,58246,NORTHERN TRUST CORP,,,-0.017894,-0.2215555115966132,0.0005753739930953,-2.6916804266982615e-10,-0.003242,5.336659481405521,52.14,238915.0,12457028.1,0.014999999999997,52.16,52.13
2013-01-09,NTRS,58246,NORTHERN TRUST CORP,,,0.000192,-0.2149374749021182,0.0003835091083412,3.678152735298081e-12,0.002656,4.18961136805977,52.15,238915.0,12459417.25,0.009999999999998,52.15,52.13
2013-01-10,NTRS,58246,NORTHERN TRUST CORP,,,0.004986,0.1661703103317711,0.0001908032818165,8.150025684570564e-11,0.007597,4.885800389259779,52.41,238915.0,12521535.15,0.0050000000000025,52.42,52.41
2013-01-11,NTRS,58246,NORTHERN TRUST CORP,,,0.003053,-0.0200652622182472,0.0001902225603956,5.077062818276909e-11,-4.8e-05,4.787765523303267,52.57,238915.0,12559761.55,0.004999999999999,52.58,52.57
2013-01-14,NTRS,58246,NORTHERN TRUST CORP,,,-0.000951,-0.3156471588966918,0.0001904036557501,-2.3131267691832125e-11,-0.000931,3.2765209384090577,52.52,238915.0,12547815.8,0.004999999999999,52.54,52.53
2013-01-15,NTRS,58246,NORTHERN TRUST CORP,,,0.005522,0.4631711398679117,0.0001893580761219,9.129116378731947e-11,0.001129,4.794110876253061,52.81,238915.0,12617101.15,0.004999999999999,52.82,52.81
2013-01-16,NTRS,58246,NORTHERN TRUST CORP,,,-0.057376,3.002613968229024,0.000200883889112,-2.5140862782772384e-10,0.000197,19.188975158529185,49.78,238915.0,11893188.7,0.004999999999999,49.78,49.77
2013-01-17,NTRS,58246,NORTHERN TRUST CORP,,,0.005424,-0.2028816887387028,0.0005994005994006,2.965497862630537e-11,0.005643,15.295883473201766,50.05,238915.0,11957695.75,0.0150000000000005,50.08,50.05
2013-01-18,NTRS,58246,NORTHERN TRUST CORP,,,0.003996,-0.4268649217823039,0.0001990049751243,3.7967713163162446e-11,0.003403,8.766607370822259,50.25,238915.0,12005478.75,0.004999999999999,50.25,50.24
2013-01-22,NTRS,58246,NORTHERN TRUST CORP,,,0.008159,-0.29976070364206,0.0003947887879983,1.0981212482192599e-10,0.004428,6.138722976790909,50.66,238915.0,12103433.9,0.009999999999998,50.66,50.64
2013-01-23,NTRS,58246,NORTHERN TRUST CORP,,,-0.001777,-0.2890450439885097,0.000197745699031,-3.370008028868706e-11,0.001507,4.364355523931105,50.57,238915.0,12081931.55,0.004999999999999,50.57,50.56
2013-01-24,NTRS,58246,NORTHERN TRUST CORP,,,0.00613,0.3565468826423454,0.0003930817610062,8.517556548738776e-11,7e-06,5.9204528807316406,50.88,238915.0,12155995.2,0.009999999999998,50.9,50.88
2013-01-25,NTRS,58246,NORTHERN TRUST CORP,,,0.008648,-0.174329172808478,0.000194855806703,1.442858514621459e-10,0.005445,4.888345227382123,51.32,238915.0,12261117.8,0.004999999999999,51.33,51.32
2013-01-28,NTRS,58246,NORTHERN TRUST CORP,,,0.004287,0.5084215330264004,0.0001940240589832,4.7215115813134857e-11,-0.00185,7.37368520185003,51.54,238915.0,12313679.1,0.004999999999999,51.55,51.54
2013-01-29,NTRS,58246,NORTHERN TRUST CORP,,,0.004463,-0.2150482152304272,0.0001931620629707,6.234156932731953e-11,0.005106,5.787987359521169,51.77,238915.0,12368629.55,0.004999999999999,51.78,51.77
2013-01-30,NTRS,58246,NORTHERN TRUST CORP,,,0.003863,0.088437031985693,0.0003848374061958,4.9385299357155396e-11,-0.0039,6.29985978276793,51.97,238915.0,12416412.55,0.009999999999998,51.98,51.96
2013-01-31,NTRS,58246,NORTHERN TRUST CORP,,,-0.009429,-0.1382271709239926,0.0005827505827506,-1.4120822690218123e-10,-0.002563,5.42904798777808,51.48,238915.0,12299344.2,0.0150000000000005,51.5,51.47
2013-02-01,NTRS,58246,NORTHERN TRUST CORP,,,0.011072,-0.0050868064523341,0.0001921229586935,1.648363751134373e-10,0.010053,5.401431471443819,52.05,238915.0,12435525.75,0.004999999999999,52.05,52.04
2013-02-04,NTRS,58246,NORTHERN TRUST CORP,,,-0.014793,-0.1320482331034194,0.0001950078003119,-2.575492925946699e-10,-0.011539,4.68818198941046,51.28,238915.0,12251561.2,0.004999999999999,51.28,51.27
2013-02-05,NTRS,58246,NORTHERN TRUST CORP,,,0.00897,-0.1618826205698358,0.0001932740626208,1.8467720490825547e-10,0.010416,3.929246803256388,51.74,238915.0,12361462.1,0.0050000000000025,51.74,51.73
2013-02-06,NTRS,58246,NORTHERN TRUST CORP,,,0.012563,0.5810423581846613,0.0001908761213971,1.6156553763598548e-10,0.000549,6.212305631710023,52.39,238915.0,12516756.85,0.004999999999999,52.39,52.38
2013-02-07,NTRS,58246,NORTHERN TRUST CORP,,,0.003627,0.2071535554532941,0.000190186382655,3.8500664456610766e-11,-0.001805,7.499206830881276,52.58,238915.0,12562150.7,0.0050000000000025,52.59,52.58
2013-02-08,NTRS,58246,NORTHERN TRUST CORP,,,0.002282,-0.4525038888234628,0.0005692599620493,4.414334479168439e-11,0.005658,4.105786576816023,52.7,238915.0,12590820.5,0.0150000000000005,52.7,52.67
2013-02-11,NTRS,58246,NORTHERN TRUST CORP,,,-0.00019,-0.1876191466500294,0.0001897893338395,-4.525076601282641e-12,-0.000606,3.335462402946655,52.69,238915.0,12588431.35,0.0050000000000025,52.7,52.69
2013-02-12,NTRS,58246,NORTHERN TRUST CORP,,,0.004555,1.105563865617926,0.0001889287738522,5.1288335104212194e-11,0.001595,7.023029110771613,52.93,238915.0,12645770.95,0.004999999999999,52.93,52.92
2013-02-13,NTRS,58246,NORTHERN TRUST CORP,,,0.005479,-0.4917555025397713,0.0001878992859826,1.2072184354349748e-10,0.000592,3.569415901052676,53.22,238915.0,12715056.3,0.004999999999999,53.23,53.22
2013-02-14,NTRS,58246,NORTHERN TRUST CORP,,,-0.002443,0.4892440902593495,0.0001883593897156,-3.6232999246867375e-11,0.000691,5.315731536320449,53.09,238915.0,12683997.35,0.0050000000000025,53.09,53.08
2013-02-15,NTRS,58246,NORTHERN TRUST CORP,,,0.007158,0.361425282360426,0.0003740415186086,7.742500496524079e-11,-0.001045,7.236971307787289,53.47,238915.0,12774785.05,0.0100000000000015,53.49,53.47
2013-02-19,NTRS,58246,NORTHERN TRUST CORP,,,0.008229,-0.3329560485384504,0.0001854943424225,1.3234971545904038e-10,0.007337,4.827377937760291,53.91,238915.0,12879907.65,0.004999999999999,53.91,53.9
2013-02-20,NTRS,58246,NORTHERN TRUST CORP,,,-0.012057,-0.0690754534900154,0.0003755163349604,-2.1084771477440852e-10,-0.012404,4.493924617541803,53.26,238915.0,12724612.9,0.009999999999998,53.26,53.24
2013-02-21,NTRS,58246,NORTHERN TRUST CORP,,,-0.013894,-0.0683816009820559,0.0001904036557502,-2.644815123657602e-10,-0.006303,4.1866228575016216,52.52,238915.0,12547815.8,0.0050000000000025,52.52,52.51
2013-02-22,NTRS,58246,NORTHERN TRUST CORP,,,0.013519,-0.1929603387963173,0.0001878639864737,3.1461973878110535e-10,0.008773,3.378770692505703,53.23,238915.0,12717445.45,0.004999999999999,53.23,53.22
2013-02-25,NTRS,58246,NORTHERN TRUST CORP,,,-0.019726,0.5394474251120176,0.000191644308164,-3.042061268786886e-10,-0.01831,5.201439842621853,52.18,238915.0,12466584.7,0.004999999999999,52.19,52.18
2013-02-26,NTRS,58246,NORTHERN TRUST CORP,,,0.005749,-0.2225778988043795,0.0003810975609756,1.1338995998612884e-10,0.006109,4.043714291693699,52.48,238915.0,12538259.2,0.0100000000000015,52.5,52.48
2013-02-27,NTRS,58246,NORTHERN TRUST CORP,,,0.015434,-0.0810595960683322,0.0001876524676299,3.2622823650141446e-10,0.012726,3.715932444593265,53.29,238915.0,12731780.35,0.004999999999999,53.28,53.27
2013-02-28,NTRS,58246,NORTHERN TRUST CORP,,,-0.001877,0.1922026781047812,0.0001880052641473,-3.3340565518359543e-11,-0.000864,4.430144612100538,53.19,238915.0,12707888.85,0.004999999999999,53.18,53.17
2013-03-01,NTRS,58246,NORTHERN TRUST CORP,,,0.001692,-0.238297739666751,0.0001876876876876,3.9390326252137175e-11,0.002324,3.374451164640144,53.28,238915.0,12729391.2,0.004999999999999,53.29,53.28
2013-03-04,NTRS,58246,NORTHERN TRUST CORP,,,0.010511,0.0862718879890649,0.0001857355126301,2.2292248712593472e-10,0.004611,3.665571437540548,53.84,238915.0,12863183.6,0.0050000000000025,53.84,53.83
2013-03-05,NTRS,58246,NORTHERN TRUST CORP,,,0.009844,0.4645393715173107,0.0001839249586169,1.4116470195929387e-10,0.009566,5.368373689387439,54.37,238915.0,12989808.55,0.0050000000000025,54.38,54.37
2013-03-06,NTRS,58246,NORTHERN TRUST CORP,,,-0.000368,-0.0709777519618582,0.0001850138760407,-5.713994912758904e-12,0.001085,4.987338593223531,54.05,238915.0,12913355.75,0.0050000000000025,54.06,54.05
2013-03-07,NTRS,58246,NORTHERN TRUST CORP,,,0.006661,-0.3750786790315136,0.0001837897445322,1.6440805617986923e-10,0.001816,3.116694221794362,54.41,238915.0,12999365.15,0.004999999999999,54.41,54.4
2013-03-08,NTRS,58246,NORTHERN TRUST CORP,,,0.009557,0.3285882155447372,0.0001820498816675,1.7586684717447008e-10,0.004481,4.140803214532365,54.93,238915.0,13123600.95,0.004999999999999,54.93,54.92
2013-03-11,NTRS,58246,NORTHERN TRUST CORP,,,0.003095,-0.0311442434044273,0.0001814882032667,5.860327965273548e-11,0.003249,4.0118410313291335,55.1,238915.0,13164216.5,0.004999999999999,55.1,55.09
2013-03-12,NTRS,58246,NORTHERN TRUST CORP,,,-0.005626,-0.2273046430371136,0.0001825150574922,-1.3864461038742672e-10,-0.002403,3.0999309377812194,54.79,238915.0,13090152.85,0.004999999999999,54.79,54.78
2013-03-13,NTRS,58246,NORTHERN TRUST CORP,,,0.001095,0.2472333990440443,0.0001823154056518,2.161196817981701e-11,0.001314,3.8663374003306616,54.85,238915.0,13104487.75,0.0050000000000025,54.84,54.83
2013-03-14,NTRS,58246,NORTHERN TRUST CORP,,,0.006199,0.1209676895529627,0.0001811922449718,1.0847383128394264e-10,0.005603,4.3340393026808695,55.19,238915.0,13185718.85,0.004999999999999,55.19,55.18
2013-03-15,NTRS,58246,NORTHERN TRUST CORP,,,-0.011596,1.8992415982353856,0.0007332722273145,-7.080970447329553e-11,-0.001618,12.56542703471946,54.55,238915.0,13032813.25,0.0200000000000031,54.59,54.55
2013-03-18,NTRS,58246,NORTHERN TRUST CORP,,,-0.0055,-0.5909497749718611,0.0001843317972349,-8.255923139817334e-11,-0.00551,5.139890756126656,54.25,238915.0,12961138.75,0.004999999999999,54.25,54.24
2013-03-19,NTRS,58246,NORTHERN TRUST CORP,,,-0.004793,0.0576630073200503,0.0001852194850897,-6.835172523982102e-11,-0.002423,5.436272314421447,53.99,238915.0,12899020.85,0.004999999999999,54.0,53.99
2013-03-20,NTRS,58246,NORTHERN TRUST CORP,,,0.010372,-0.1409070015791415,0.0001833180568285,1.704052430216827e-10,0.006697,4.670263482828621,54.55,238915.0,13032813.25,0.004999999999999,54.55,54.54
2013-03-21,NTRS,58246,NORTHERN TRUST CORP,,,-0.013565,0.5815292401119918,0.000185839063371,-1.4285478111579602e-10,-0.008282,7.386158257120734,53.81,238915.0,12856016.15,0.004999999999999,53.82,53.81
2013-03-22,NTRS,58246,NORTHERN TRUST CORP,,,0.017841,-0.2388449019190055,0.000182581705313,2.4251648542987135e-10,0.007174,5.622012012640479,54.77,238915.0,13085374.55,0.004999999999999,54.78,54.77
2013-03-25,NTRS,58246,NORTHERN TRUST CORP,,,-0.00639,-0.1567120786966481,0.000183755972069,-1.0366478573321028e-10,-0.00334,4.740974823682063,54.42,238915.0,13001754.3,0.004999999999999,54.44,54.43
2013-03-26,NTRS,58246,NORTHERN TRUST CORP,,,0.008085,-0.1091075227997069,0.000364564345607,1.4604539340468002e-10,0.007785,4.223698805014336,54.86,238915.0,13106876.9,0.0100000000000015,54.88,54.86
2013-03-27,NTRS,58246,NORTHERN TRUST CORP,,,-0.003828,-0.1109805223440573,0.0001829826166513,-7.807897954347257e-11,-0.000588,3.754950505409874,54.65,238915.0,13056704.75,0.004999999999999,54.66,54.65
2013-03-28,NTRS,58246,NORTHERN TRUST CORP,,,-0.001665,-0.0747363211364442,0.0001832878168589,-3.676500994135706e-11,0.004057,3.469599565290085,54.559,239240.0,13052695.16,0.0050000000000025,54.56,54.55
2013-04-01,NTRS,58246,NORTHERN TRUST CORP,,,-0.003281,0.150860111292221,0.0003677822728945,-6.315843221419854e-11,-0.004474,3.993023741849189,54.38,239240.0,13009871.2,0.0100000000000015,54.38,54.36
2013-04-02,NTRS,58246,NORTHERN TRUST CORP,,,0.007356,0.3598181077807705,0.0001825483753194,1.0337206366404459e-10,0.005172,5.429785988965056,54.78,239240.0,13105567.2,0.004999999999999,54.79,54.78
2013-04-03,NTRS,58246,NORTHERN TRUST CORP,,,-0.009858,1.0538112518494684,0.0003687315634217,-6.812273847020123e-11,-0.010546,11.151755559271026,54.24,239240.0,12976377.6,0.009999999999998,54.23,54.21
2013-04-04,NTRS,58246,NORTHERN TRUST CORP,,,0.001844,-0.7321145180599608,0.000184026499816,4.7480476625379896e-11,0.004048,2.9873934124728305,54.34,239240.0,13000301.6,0.0050000000000025,54.34,54.33
2013-04-05,NTRS,58246,NORTHERN TRUST CORP,,,-0.010674,0.396254953099465,0.0001860119047618,-1.989651432574084e-10,-0.004295,4.171162849021902,53.76,239240.0,12861542.4,0.004999999999999,53.76,53.75
2013-04-08,NTRS,58246,NORTHERN TRUST CORP,,,0.015253,0.1889931847493107,0.0003664345914254,2.3553282125651564e-10,0.006303,4.95948419996656,54.58,239240.0,13057719.2,0.0100000000000015,54.6,54.58
2013-04-09,NTRS,58246,NORTHERN TRUST CORP,,,0.003115,-0.1965896534955125,0.0001826484018264,5.968513800018229e-11,0.003544,3.984500919578666,54.75,239240.0,13098390.0,0.004999999999999,54.75,54.74
2013-04-10,NTRS,58246,NORTHERN TRUST CORP,,,0.016073,0.2620524268504025,0.0003595182455508,2.401611548916593e-10,0.012189,5.028649055341916,55.63,239240.0,13308921.2,0.009999999999998,55.66,55.64
2013-04-11,NTRS,58246,NORTHERN TRUST CORP,,,0.008269,0.1167927624196421,0.0003565697985381,1.0972607382879428e-10,0.003552,5.6159588697542215,56.09,239240.0,13418971.6,0.0100000000000015,56.13,56.11
2013-04-12,NTRS,58246,NORTHERN TRUST CORP,,,-0.008023,-0.2400931255870588,0.0005391804457225,-1.4123150444152888e-10,-0.002837,4.267605751546564,55.64,239240.0,13311313.6,0.0150000000000005,55.65,55.62
2013-04-15,NTRS,58246,NORTHERN TRUST CORP,,,-0.03289,0.496636571457675,0.0003716781267421,-4.00005941882122e-10,-0.022966,6.387054840327704,53.81,239240.0,12873504.4,0.009999999999998,53.83,53.81
2013-04-16,NTRS,58246,NORTHERN TRUST CORP,,,-0.007619,0.9329192514065414,0.0016853932584268,-4.8306833012498356e-11,0.014307,12.345661260658751,53.4,239240.0,12775416.0,0.0449999999999981,53.43,53.34
2013-04-17,NTRS,58246,NORTHERN TRUST CORP,,,-0.012547,-0.4564968025200638,0.0005689360895126,-1.4822855428809914e-10,-0.014328,6.709906370172212,52.73,239240.0,12615125.2,0.0150000000000005,52.76,52.73
2013-04-18,NTRS,58246,NORTHERN TRUST CORP,,,-0.014034,0.1052004699497533,0.0005770340450086,-1.5214943362022068e-10,-0.006701,7.415791673633172,51.99,239240.0,12438087.6,0.0150000000000005,52.02,51.99
2013-04-19,NTRS,58246,NORTHERN TRUST CORP,,,0.00981,-0.132824433504645,0.0003809523809524,1.2145386967535508e-10,0.008848,6.430793345594382,52.5,239240.0,12560100.0,0.0100000000000015,52.5,52.48
2013-04-22,NTRS,58246,NORTHERN TRUST CORP,,,-0.002857,0.0402826643821949,0.0003820439350525,-3.409917294849043e-11,0.004662,6.689842835646213,52.35,239240.0,12524214.0,0.0100000000000015,52.35,52.33
2013-04-23,NTRS,58246,NORTHERN TRUST CORP,,,0.009742,-0.1000707288697502,0.0001891789632992,1.2795665540721916e-10,0.010419,6.0203853870590205,52.86,239240.0,12646226.4,0.004999999999999,52.86,52.85
2013-04-24,NTRS,58246,NORTHERN TRUST CORP,,,0.000946,-0.0045788531274711,0.0003780003780003,1.2470630902935077e-11,6e-06,5.992818926600902,52.91,239240.0,12658188.4,0.009999999999998,52.91,52.89
2013-04-25,NTRS,58246,NORTHERN TRUST CORP,,,0.003969,-0.1545459998521331,0.0001882530120481,6.164077634371414e-11,0.004035,5.066652733656579,53.12,239240.0,12708428.8,0.004999999999999,53.12,53.11
2013-04-26,NTRS,58246,NORTHERN TRUST CORP,,,-0.00433,-0.2286506740937147,0.0003781433163168,-8.756051198796711e-11,-0.001842,3.90815917070724,52.89,239240.0,12653403.6,0.009999999999998,52.91,52.89
2013-04-29,NTRS,58246,NORTHERN TRUST CORP,,,0.008508,0.2294254043902168,0.0001874765654294,1.3876062582733208e-10,0.007186,4.804790168868082,53.34,239240.0,12761061.6,0.0050000000000025,53.34,53.33
2013-04-30,NTRS,58246,NORTHERN TRUST CORP,,,0.010874,0.0972302692131696,0.0005563798219584,1.598944705199509e-10,0.002485,5.271961210499916,53.92,239240.0,12899820.8,0.0150000000000005,53.95,53.92
2013-05-01,NTRS,58246,NORTHERN TRUST CORP,,,-0.013724,-0.0348626457268264,0.0005641218503196,-2.1200067893232874e-10,-0.009308,5.088166694532687,53.18,239240.0,12722783.2,0.0150000000000005,53.21,53.18
2013-05-02,NTRS,58246,NORTHERN TRUST CORP,,,0.000564,-0.1429951540015427,0.0005638037962789,1.0160321320637357e-11,0.009408,4.360583514462465,53.21,239240.0,12729960.4,0.0150000000000005,53.2,53.17
2013-05-03,NTRS,58246,NORTHERN TRUST CORP,,,0.007329,0.5046528748324908,0.0001865671641791,8.710943772244997e-11,0.010535,6.561164520983113,53.6,239240.0,12823264.0,0.0050000000000025,53.59,53.58
2013-05-06,NTRS,58246,NORTHERN TRUST CORP,,,0.004478,0.0329497551432032,0.0001857355126299,5.129619119837417e-11,0.001908,6.777353285403779,53.84,239240.0,12880681.6,0.004999999999999,53.85,53.84
2013-05-07,NTRS,58246,NORTHERN TRUST CORP,,,0.006686,-0.3739606294259208,0.0001845018450185,1.2152664851289496e-10,0.00523,4.242889984952349,54.2,239240.0,12966808.0,0.0050000000000025,54.2,54.19
2013-05-08,NTRS,58246,NORTHERN TRUST CORP,,,0.003321,-0.1563135116923085,0.0001838911364471,7.131042318323545e-11,0.004139,3.579668951680321,54.38,239240.0,13009871.2,0.004999999999999,54.39,54.38
2013-05-09,NTRS,58246,NORTHERN TRUST CORP,,,0.002942,0.2704682391405886,0.0001833516685001,4.9577778600344245e-11,-0.003687,4.547855709747534,54.54,239240.0,13048149.6,0.004999999999999,54.55,54.54
2013-05-10,NTRS,58246,NORTHERN TRUST CORP,,,-0.002017,0.5370307225266973,0.0001837222120155,-2.215871360835381e-11,0.004322,6.990193947500418,54.43,239240.0,13021833.2,0.0050000000000025,54.42,54.41
2013-05-13,NTRS,58246,NORTHERN TRUST CORP,,,0.012493,0.1143055155250087,0.0003629105425513,1.2164913616682088e-10,4.3e-05,7.789211670289249,55.11,239240.0,13184516.4,0.0100000000000015,55.13,55.11
2013-05-14,NTRS,58246,NORTHERN TRUST CORP,,,0.028307,-0.0997080211280869,0.0001764602082231,2.9773504184750627e-10,0.010142,7.012564788496907,56.67,239240.0,13557730.8,0.0050000000000025,56.67,56.66
2013-05-15,NTRS,58246,NORTHERN TRUST CORP,,,0.006882,-0.1792880193313886,0.0001752541184717,8.759542967431972e-11,0.005114,5.7552959371342585,57.06,239240.0,13651034.4,0.004999999999999,57.07,57.06
2013-05-16,NTRS,58246,NORTHERN TRUST CORP,,,0.002103,0.0731935649507551,0.0001748863238894,2.4889467667126117e-11,-0.00501,6.176546564119713,57.18,239240.0,13679743.2,0.004999999999999,57.19,57.18
2013-05-17,NTRS,58246,NORTHERN TRUST CORP,,,0.019063,-0.0926176694906938,0.0001716148961729,2.4399245578040167e-10,0.0103,5.604489215850192,58.27,239240.0,13940514.8,0.004999999999999,58.28,58.27
2013-05-20,NTRS,58246,NORTHERN TRUST CORP,,,-0.000686,0.0055615303493836,0.0003434655675769,-8.737734488799368e-12,-0.000708,5.635658752716937,58.23,239240.0,13930945.2,0.0100000000000015,58.25,58.23
2013-05-21,NTRS,58246,NORTHERN TRUST CORP,,,-0.004637,0.0605099108119633,0.0003450655624567,-5.595198593401487e-11,0.001722,5.9766719612105,57.96,239240.0,13866350.4,0.009999999999998,57.97,57.95
2013-05-22,NTRS,58246,NORTHERN TRUST CORP,,,-0.006211,-0.2009135166474456,0.000173611111111,-9.437393157343865e-11,-0.008274,4.775877779635512,57.6,239240.0,13780224.0,0.004999999999999,57.6,57.59
2013-05-23,NTRS,58246,NORTHERN TRUST CORP,,,-0.008507,0.149907096302144,0.0003502013657852,-1.133742744190704e-10,-0.002924,5.491815749874603,57.11,239240.0,13662996.4,0.009999999999998,57.12,57.1
2013-05-24,NTRS,58246,NORTHERN TRUST CORP,,,0.003502,-0.2443924856644,0.0003489792357355,6.155165193065164e-11,-0.000551,4.149657247951848,57.31,239240.0,13710844.4,0.0100000000000015,57.32,57.3
2013-05-28,NTRS,58246,NORTHERN TRUST CORP,,,0.026697,1.1744201038716149,0.0005098572399728,2.1018432409892008e-10,0.006341,9.023098144123056,58.84,239240.0,14076881.6,0.0150000000000005,58.86,58.83
2013-05-29,NTRS,58246,NORTHERN TRUST CORP,,,-0.004589,-0.0591267094890132,0.0003414717432133,-3.857644640963049e-11,-0.007048,8.489592041464638,58.57,239240.0,14012286.8,0.0100000000000015,58.59,58.57
2013-05-30,NTRS,58246,NORTHERN TRUST CORP,,,0.00461,-0.2600763152064202,0.0001699524133242,5.213396033761025e-11,0.00367,6.281650225714763,58.84,239240.0,14076881.6,0.004999999999999,58.85,58.84
2013-05-31,NTRS,58246,NORTHERN TRUST CORP,,,-0.011727,0.3784719680707362,0.0001719690455717,-9.734905118755976e-11,-0.014307,8.659078749373014,58.15,239240.0,13911806.0,0.004999999999999,58.16,58.15
2013-06-03,NTRS,58246,NORTHERN TRUST CORP,,,0.003955,-0.2869403233638958,0.0001712915381981,4.586179368111531e-11,0.005936,6.174439892994482,58.38,239240.0,13966831.2,0.0050000000000025,58.38,58.37
2013-06-04,NTRS,58246,NORTHERN TRUST CORP,,,-0.009764,-0.1269160755036816,0.0001729804532087,-1.3095963274528262e-10,-0.005511,5.390804213342251,57.81,239240.0,13830464.4,0.004999999999999,57.82,57.81
2013-06-05,NTRS,58246,NORTHERN TRUST CORP,,,-0.014011,-0.0961304059251172,0.0005291938613512,-2.120164439966069e-10,-0.01378,4.872584016050828,56.69,239240.0,13562515.6,0.0150000000000005,56.72,56.69
2013-06-06,NTRS,58246,NORTHERN TRUST CORP,,,0.013406,0.196893414096217,0.0001740644038295,1.6724786203203628e-10,0.00849,5.831963718441732,57.45,239240.0,13744338.0,0.0050000000000025,57.45,57.44
2013-06-07,NTRS,58246,NORTHERN TRUST CORP,,,0.013577,-0.2812593397976978,0.0001717327837885,2.3250709308251763e-10,0.012832,4.191669453268684,58.23,239240.0,13930945.2,0.0050000000000025,58.24,58.23
2013-06-10,NTRS,58246,NORTHERN TRUST CORP,,,0.006869,-0.0147504774061018,0.0001705611461708,1.1857866801156732e-10,-0.000347,4.129840327704398,58.63,239240.0,14026641.2,0.004999999999999,58.64,58.63
2013-06-11,NTRS,58246,NORTHERN TRUST CORP,,,-0.019444,0.1026221049509981,0.0003478865889719,-3.1045564026833977e-10,-0.010153,4.553653235244942,57.49,239240.0,13753907.6,0.009999999999998,57.51,57.49
2013-06-12,NTRS,58246,NORTHERN TRUST CORP,,,-0.012002,-0.1495057902582668,0.0003521126760563,-2.2805530337686635e-10,-0.00837,3.872855709747534,56.8,239240.0,13588832.0,0.0100000000000015,56.82,56.8
2013-06-13,NTRS,58246,NORTHERN TRUST CORP,,,0.015141,0.0557481474126375,0.0001734304543877,2.6844448293903936e-10,0.014784,4.088760240762414,57.66,239240.0,13794578.4,0.004999999999999,57.65,57.64
2013-06-14,NTRS,58246,NORTHERN TRUST CORP,,,-0.009365,-0.1060708754389462,0.0001750700280111,-1.8749558999961458e-10,-0.005885,3.655061862564789,57.12,239240.0,13665388.8,0.004999999999999,57.12,57.11
2013-06-17,NTRS,58246,NORTHERN TRUST CORP,,,0.016282,0.7283715121844112,0.000516795865633,1.8558373086344164e-10,0.007567,6.317304798528674,58.05,239240.0,13887882.0,0.0150000000000005,58.08,58.05
2013-06-18,NTRS,58246,NORTHERN TRUST CORP,,,0.00534,-0.1518435149455587,0.000514050719671,7.138128497463407e-11,0.007791,5.358063032937636,58.36,239240.0,13962046.4,0.0150000000000005,58.36,58.33
2013-06-19,NTRS,58246,NORTHERN TRUST CORP,,,-0.007882,0.5493223534808322,0.0003454231433506,-6.854479277110302e-11,-0.013851,8.301366828289584,57.9,239240.0,13851996.0,0.0100000000000015,57.92,57.9
2013-06-20,NTRS,58246,NORTHERN TRUST CORP,,,0.003627,0.5653621642089024,0.0010325245224574,2.0076982880924462e-11,-0.02501,12.994645544223374,58.11,239240.0,13902236.4,0.0300000000000011,58.17,58.11
2013-06-21,NTRS,58246,NORTHERN TRUST CORP,,,-0.002065,-0.150373821223936,0.0003448870494912,-1.3481581152969011e-11,0.00267,11.040591038287912,57.99,239240.0,13873527.6,0.009999999999998,58.01,57.99
2013-06-24,NTRS,58246,NORTHERN TRUST CORP,,,-0.015692,-0.3769673171040123,0.0005255781359495,-1.6705419606380489e-10,-0.012145,6.878649055341916,57.08,239240.0,13655819.2,0.0150000000000005,57.1,57.07
2013-06-25,NTRS,58246,NORTHERN TRUST CORP,,,0.001226,0.6777840704695051,0.0005249343832021,7.769645829434133e-12,0.009497,11.540887811402776,57.15,239240.0,13672566.0,0.0150000000000005,57.18,57.15
2013-06-26,NTRS,58246,NORTHERN TRUST CORP,,,0.002625,-0.2461766246221535,0.0005235602094241,2.2010609677336088e-11,0.00959,8.699791004848688,57.3,239240.0,13708452.0,0.0150000000000005,57.31,57.28
2013-06-27,NTRS,58246,NORTHERN TRUST CORP,,,0.017627,-0.1815774275970553,0.0001714971702967,1.7746599598334616e-10,0.0062,7.120105333556261,58.31,239240.0,13950084.4,0.0050000000000025,58.31,58.3
2013-06-28,NTRS,58246,NORTHERN TRUST CORP,,,-0.007031,0.7213196557031938,0.0015544041450776,-4.1414916867285447e-11,-0.00429,12.2101458328128,57.9,240138.0,13903990.2,0.0449999999999981,57.97,57.88
2013-07-01,NTRS,58246,NORTHERN TRUST CORP,,,0.014853,-0.5125949824700217,0.0003403675970046,1.7687263993869615e-10,0.005404,5.951286343685714,58.76,240138.0,14110508.88,0.009999999999998,58.79,58.77
2013-07-02,NTRS,58246,NORTHERN TRUST CORP,,,-0.002212,-0.0566848362290344,0.0003411222923418,-2.7985732377684167e-11,-0.000545,5.6139386519418,58.63,240138.0,14079290.94,0.0100000000000015,58.63,58.61
2013-07-03,NTRS,58246,NORTHERN TRUST CORP,,,0.003411,-0.7274070557517135,0.0003399626041136,1.5777555221276754e-10,0.000824,1.5303200659620717,58.83,240138.0,14127318.54,0.0100000000000015,58.84,58.82
2013-07-05,NTRS,58246,NORTHERN TRUST CORP,,,0.025667,2.0465402951933123,0.0003314550878356,3.79944109619e-10,0.010202,4.66218174549634,60.34,240138.0,14489926.92,0.0100000000000015,60.34,60.32
2013-07-08,NTRS,58246,NORTHERN TRUST CORP,,,0.004309,-0.2225279951981436,0.0001650165016501,8.169002352976004e-11,0.005252,3.6247157884216574,60.6,240138.0,14552362.8,0.004999999999999,60.6,60.59
2013-07-09,NTRS,58246,NORTHERN TRUST CORP,,,0.008746,0.6045377467740156,0.0004907574022575,1.0244016990631941e-10,0.00723,5.815993303850286,61.13,240138.0,14679635.94,0.0150000000000005,61.13,61.1
2013-07-10,NTRS,58246,NORTHERN TRUST CORP,,,0.000491,-0.2345806832249661,0.000163505559189,7.509824882116367e-12,0.000182,4.451673621001258,61.16,240138.0,14686840.08,0.0050000000000025,61.17,61.16
2013-07-11,NTRS,58246,NORTHERN TRUST CORP,,,-0.004415,0.0755264654598246,0.0003284611594679,-6.306369700722097e-11,0.013554,4.787892794976222,60.89,240138.0,14622002.82,0.0100000000000015,60.89,60.87
2013-07-12,NTRS,58246,NORTHERN TRUST CORP,,,0.010182,-0.3067566568529817,0.0004877255730775,2.0768080132301195e-10,0.003087,3.319174807818837,61.51,240138.0,14770888.38,0.0150000000000005,61.51,61.48
2013-07-15,NTRS,58246,NORTHERN TRUST CORP,,,0.003577,-0.2266868240784884,0.0001619957881094,9.401047314674528e-11,0.001375,2.566761612073058,61.73,240138.0,14823718.739999998,0.004999999999999,61.73,61.72
2013-07-16,NTRS,58246,NORTHERN TRUST CORP,,,-0.015876,1.1594738285172874,0.0003292181069959,-1.9633622578665967e-10,-0.003709,5.542854525314611,60.75,240138.0,14588383.5,0.0100000000000015,60.74,60.72
2013-07-17,NTRS,58246,NORTHERN TRUST CORP,,,-0.022058,1.0381856429134897,0.0003366436626829,-1.3685745896337642e-10,0.002774,11.297366514254303,59.41,240138.0,14266598.58,0.009999999999998,59.41,59.39
2013-07-18,NTRS,58246,NORTHERN TRUST CORP,,,-0.004713,0.1389296505213741,0.0003382377811602,-2.5796129800669053e-11,0.005033,12.866905695891528,59.13,240138.0,14199359.94,0.0100000000000015,59.13,59.11
2013-07-19,NTRS,58246,NORTHERN TRUST CORP,,,0.000169,-0.31466004797023,0.0003381805884341,1.349473396721168e-12,0.00161,8.818204532393873,59.14,240138.0,14201761.32,0.009999999999998,59.16,59.14
2013-07-22,NTRS,58246,NORTHERN TRUST CORP,,,0.004735,-0.4717338516593895,0.0001682935038708,7.123501123480234e-11,0.002033,4.658358943607426,59.42,240138.0,14268999.96,0.0050000000000025,59.42,59.41
2013-07-23,NTRS,58246,NORTHERN TRUST CORP,,,0.011612,0.7031437028057952,0.0001663616702711,1.0139467962696279e-10,-0.001852,7.933854700214043,60.11,240138.0,14434695.18,0.004999999999999,60.11,60.1
2013-07-24,NTRS,58246,NORTHERN TRUST CORP,,,-0.016636,-0.3756626531319218,0.0003383522246658,-2.366047755166681e-10,-0.003811,4.953401793968468,59.11,240138.0,14194557.18,0.009999999999998,59.12,59.1
2013-07-25,NTRS,58246,NORTHERN TRUST CORP,,,0.000677,0.000156368221942,0.0001690617075232,9.620586944222049e-12,0.002556,4.954176348599555,59.15,240138.0,14204162.7,0.004999999999999,59.15,59.14
2013-07-26,NTRS,58246,NORTHERN TRUST CORP,,,-0.003212,-0.3102390042414553,0.0001696065128901,-6.638761677786409e-11,0.000828,3.41719761137346,58.96,240138.0,14158536.48,0.0050000000000025,58.95,58.94
2013-07-29,NTRS,58246,NORTHERN TRUST CORP,,,-0.009668,-0.0135827608856456,0.0005137866072957,-2.045533184893791e-10,-0.003736,3.3707826333191746,58.39,240138.0,14021657.82,0.0150000000000005,58.42,58.39
2013-07-30,NTRS,58246,NORTHERN TRUST CORP,,,-0.001713,0.0605989476844239,0.0001715560130382,-3.4231070329763265e-11,0.000374,3.575048513771248,58.29,240138.0,13997644.02,0.004999999999999,58.3,58.29
2013-07-31,NTRS,58246,NORTHERN TRUST CORP,,,0.004289,0.3938031811113505,0.0005124701059105,6.12292652421731e-11,-0.000136,4.982913991121771,58.54,240138.0,14057678.52,0.0150000000000005,58.56,58.53
2013-08-01,NTRS,58246,NORTHERN TRUST CORP,,,0.01657,-0.1915556495265283,0.0001680389850444,2.878313849853178e-10,0.012541,4.028408665017615,59.51,240138.0,14290612.38,0.004999999999999,59.51,59.5
2013-08-02,NTRS,58246,NORTHERN TRUST CORP,,,-0.005041,-0.1899833983547211,0.0003377807802736,-1.0865089436932051e-10,0.00164,3.263077896875963,59.21,240138.0,14218570.98,0.0100000000000015,59.21,59.19
2013-08-05,NTRS,58246,NORTHERN TRUST CORP,,,-0.011991,0.3407321950665463,0.0001709401709401,-1.951053452933837e-10,-0.00148,4.374913591351639,58.5,240138.0,14048073.0,0.004999999999999,58.5,58.49
2013-08-06,NTRS,58246,NORTHERN TRUST CORP,,,-0.002735,0.168023849614928,0.0001714089818306,-3.8203999109027416e-11,-0.005723,5.110003414703212,58.34,240138.0,14009650.92,0.004999999999999,58.35,58.34
2013-08-07,NTRS,58246,NORTHERN TRUST CORP,,,-0.011999,-0.2659256820519172,0.0001734906315058,-2.3109948161322023e-10,-0.003806,3.7511222713606345,57.64,240138.0,13841554.32,0.004999999999999,57.64,57.63
2013-08-08,NTRS,58246,NORTHERN TRUST CORP,,,0.000694,-0.0555691856121369,0.0003467406380027,1.4143013642028156e-11,0.003885,3.5426754616095746,57.68,240138.0,13851159.84,0.009999999999998,57.69,57.67
2013-08-09,NTRS,58246,NORTHERN TRUST CORP,,,0.003121,-0.0047453307802348,0.00034566194262,6.370724978075827e-11,-0.00357,3.525864294697216,57.86,240138.0,13894384.68,0.009999999999998,57.87,57.85
2013-08-12,NTRS,58246,NORTHERN TRUST CORP,,,-0.013826,0.2602238825360756,0.0001752541184718,-2.2708612383516082e-10,-0.001153,4.443378390758647,57.06,240138.0,13702274.28,0.0050000000000025,57.06,57.05
2013-08-13,NTRS,58246,NORTHERN TRUST CORP,,,0.008938,-0.3551691433369821,0.0003474031613688,2.2564417239401587e-10,0.002776,2.86522749419084,57.57,240138.0,13824744.66,0.0100000000000015,57.59,57.57
2013-08-14,NTRS,58246,NORTHERN TRUST CORP,,,-0.004343,-0.0035520674369595,0.0001744591765526,-1.1051189805344732e-10,-0.005177,2.855050012909244,57.32,240138.0,13764710.16,0.004999999999999,57.32,57.31
2013-08-15,NTRS,58246,NORTHERN TRUST CORP,,,-0.012561,0.1791028666610268,0.0001766784452296,-2.7452473410811913e-10,-0.014282,3.3663976546818914,56.6,240138.0,13591810.8,0.004999999999999,56.61,56.6
2013-08-16,NTRS,58246,NORTHERN TRUST CORP,,,0.000353,-0.2462840178129638,0.0001766160367361,1.0232242192379484e-11,-0.003305,2.5373077147306966,56.62,240138.0,13596613.56,0.004999999999999,56.62,56.61
2013-08-19,NTRS,58246,NORTHERN TRUST CORP,,,-0.010244,0.3656647584785264,0.0001784439685938,-2.196814121145189e-10,-0.0059,3.4651117274233982,56.04,240138.0,13457333.52,0.004999999999999,56.03,56.02
2013-08-20,NTRS,58246,NORTHERN TRUST CORP,,,0.008208,0.0029455417285078,0.0001769911504424,1.7407380245685827e-10,0.003821,3.475318358610465,56.5,240138.0,13567797.0,0.004999999999999,56.5,56.49
2013-08-21,NTRS,58246,NORTHERN TRUST CORP,,,-0.008142,0.0135533145768529,0.0005353319057816,-1.717635032802108e-10,-0.00578,3.5224204415794254,56.04,240138.0,13457333.52,0.0150000000000005,56.04,56.01
2013-08-22,NTRS,58246,NORTHERN TRUST CORP,,,0.018201,-0.4147590578660711,-0.0010515247108307,6.443572205465746e-10,0.008619,2.0614646578217526,57.06,240138.0,13702274.28,-0.0300000000000011,57.0,57.06
2013-08-23,NTRS,58246,NORTHERN TRUST CORP,,,-0.000526,0.1727389523186193,0.0001753463089601,-1.5887085738485584e-11,0.003947,2.417559903055743,57.03,240138.0,13695070.14,0.004999999999999,57.03,57.02
2013-08-26,NTRS,58246,NORTHERN TRUST CORP,,,-0.011573,0.1395956923458525,0.0001773993258825,-3.1031944231909283e-10,-0.00404,2.755040851510381,56.37,240138.0,13536579.06,0.004999999999999,56.39,56.38
2013-08-27,NTRS,58246,NORTHERN TRUST CORP,,,-0.028384,0.8452032225396393,0.000182581705313,-4.2451957485843447e-10,-0.015874,5.083610257435308,54.77,240138.0,13152358.260000002,0.004999999999999,54.76,54.75
2013-08-28,NTRS,58246,NORTHERN TRUST CORP,,,0.004017,-0.3632410089386353,0.0001818512456809,9.397447096820666e-11,0.002748,3.237034538473711,54.99,240138.0,13205188.62,0.004999999999999,55.01,55.0
2013-08-29,NTRS,58246,NORTHERN TRUST CORP,,,0.002,-0.0217975518920413,0.0003629764065336,4.773549483536435e-11,0.001963,3.166475110145,55.1,240138.0,13231603.8,0.0100000000000015,55.1,55.08
2013-08-30,NTRS,58246,NORTHERN TRUST CORP,,,-0.004174,-0.0780230171056732,0.0003644979041369,-1.0850766991469039e-10,-0.003174,2.919417168461468,54.87,240138.0,13176372.06,0.009999999999998,54.87,54.85
2013-09-03,NTRS,58246,NORTHERN TRUST CORP,,,0.006014,1.0754240346445323,0.0007246376811594,7.487907266329955e-11,0.004164,6.0590285585788175,55.2,240138.0,13255617.6,0.0199999999999995,55.21,55.17
2013-09-04,NTRS,58246,NORTHERN TRUST CORP,,,0.011051,-0.1334753261677124,0.0001801801801802,1.5792968657666832e-10,0.008117,5.250297745463025,55.5,240138.0,13327659.0,0.0050000000000025,55.52,55.51
2013-09-05,NTRS,58246,NORTHERN TRUST CORP,,,-0.000541,-0.212909939435087,0.0005408328826392,-9.828106383027736e-12,0.00121,4.132457170460318,55.47,240138.0,13320454.86,0.0150000000000005,55.49,55.46
2013-09-06,NTRS,58246,NORTHERN TRUST CORP,,,0.0,0.6580384134789794,0.0001802776275463,0.0,5.4e-05,6.851772730679859,55.47,240138.0,13320454.86,0.004999999999999,55.48,55.47
2013-09-09,NTRS,58246,NORTHERN TRUST CORP,,,0.002344,-0.2693459408242883,0.0001798561151078,3.5067691386099753e-11,0.009993,5.00627555822069,55.6,240138.0,13351672.8,0.004999999999999,55.6,55.59
2013-09-10,NTRS,58246,NORTHERN TRUST CORP,,,0.007536,-0.0744744829674337,0.000178510862386,1.2090423155064928e-10,0.007346,4.633435774429703,56.019,240138.0,13452290.622,0.0050000000000025,56.02,56.01
2013-09-11,NTRS,58246,NORTHERN TRUST CORP,,,-0.010871,0.2806112177620556,0.0001804728388377,-1.3768924134531323e-10,0.003052,5.933629829514696,55.41,240138.0,13306046.58,0.004999999999999,55.41,55.4
2013-09-12,NTRS,58246,NORTHERN TRUST CORP,,,-0.007309,-0.0846444286927412,0.0001818016543951,-1.018789886514836e-10,-0.00338,5.431381122521217,55.005,240138.0,13208790.69,0.0050000000000025,55.02,55.01
2013-09-13,NTRS,58246,NORTHERN TRUST CORP,,,-0.003545,-0.2028987618465653,0.0001824484583104,-6.221165944408077e-11,0.002715,4.329360617644854,54.81,240138.0,13161963.78,0.004999999999999,54.8,54.79
2013-09-16,NTRS,58246,NORTHERN TRUST CORP,,,0.00894,0.3820528950294524,0.0001808318264014,1.1251309489129524e-10,0.005693,5.983405375242569,55.3,240138.0,13279631.4,0.004999999999999,55.3,55.29
2013-09-17,NTRS,58246,NORTHERN TRUST CORP,,,0.005606,-0.1704800037304006,0.0001798237727027,8.457928749898259e-11,0.004218,4.963354404550716,55.61,240138.0,13354074.18,0.004999999999999,55.61,55.6
2013-09-18,NTRS,58246,NORTHERN TRUST CORP,,,0.007193,0.5907147471662653,0.0001785395465095,6.773544748341901e-11,0.012178,7.895281046731463,56.01,240138.0,13450129.38,0.004999999999999,56.04,56.03
2013-09-19,NTRS,58246,NORTHERN TRUST CORP,,,0.000179,-0.0331537054901561,0.00017850767583,1.7431068356690424e-12,-0.001843,7.633523224146116,56.02,240138.0,13452530.760000002,0.004999999999999,56.01,56.0
2013-09-20,NTRS,58246,NORTHERN TRUST CORP,,,-0.006783,0.7553629127504844,0.0003594536304815,-3.7886270602991295e-11,-0.007217,13.399603561285597,55.64,240138.0,13361278.32,0.009999999999998,55.65,55.63
2013-09-23,NTRS,58246,NORTHERN TRUST CORP,,,-0.007728,-0.581042864059838,0.0001811266074986,-1.0383097577625872e-10,-0.00472,5.613859530769807,55.21,240138.0,13258018.98,0.004999999999999,55.22,55.21
2013-09-24,NTRS,58246,NORTHERN TRUST CORP,,,-0.002173,0.176469715548019,0.0001815211472137,-2.487045730739359e-11,-0.002597,6.60453572529129,55.09,240138.0,13229202.42,0.0050000000000025,55.09,55.08
2013-09-25,NTRS,58246,NORTHERN TRUST CORP,,,0.007805,-0.0982578814627994,0.0001801152737751,9.829646773238867e-11,-0.002739,5.955588036878795,55.52,240138.0,13332461.760000002,0.004999999999999,55.53,55.52
2013-09-26,NTRS,58246,NORTHERN TRUST CORP,,,-0.004143,-0.301701274609957,0.0001808645324651,-7.503114187646059e-11,0.003485,4.15877953510065,55.29,240138.0,13277230.02,0.004999999999999,55.29,55.28
2013-09-27,NTRS,58246,NORTHERN TRUST CORP,,,-0.009224,0.0419483298470682,0.0001825483753194,-1.6181705615811038e-10,-0.004074,4.33323339080029,54.78,240138.0,13154759.64,0.004999999999999,54.78,54.77
2013-09-30,NTRS,58246,NORTHERN TRUST CORP,,,-0.007302,0.1568528523680199,0.0001838911364471,-1.1154536612565006e-10,-0.006029,5.037119639808523,54.38,238984.0,12995949.92,0.004999999999999,54.4,54.39
2013-10-01,NTRS,58246,NORTHERN TRUST CORP,,,0.006436,-0.2085162623744487,0.0001827151470857,1.2342339809919833e-10,0.007999,3.98679827938272,54.73,238984.0,13079594.319999998,0.0050000000000025,54.74,54.73
2013-10-02,NTRS,58246,NORTHERN TRUST CORP,,,-0.019185,0.4367393976160314,0.0001862891207153,-2.6108276737375566e-10,-0.000667,5.72799015833696,53.68,238984.0,12828661.12,0.004999999999999,53.68,53.67
2013-10-03,NTRS,58246,NORTHERN TRUST CORP,,,-0.009873,0.9628767081258064,0.0001881467544684,-6.913241965015555e-11,-0.008979,11.243338466173467,53.15,238984.0,12701999.6,0.004999999999999,53.15,53.14
2013-10-04,NTRS,58246,NORTHERN TRUST CORP,,,0.009031,-0.497067709523487,0.0001864628006712,1.2461043571123514e-10,0.007053,5.654637967395307,53.63,238984.0,12816711.92,0.004999999999999,53.64,53.63
2013-10-07,NTRS,58246,NORTHERN TRUST CORP,,,-0.009416,-0.2232352697414767,0.0001882352941177,-1.6885128817530468e-10,-0.008506,4.39232333545342,53.125,238984.0,12696025.0,0.0050000000000025,53.13,53.12
2013-10-08,NTRS,58246,NORTHERN TRUST CORP,,,-0.013459,0.3693949194766099,0.0001908032818165,-1.7865155167234434e-10,-0.012332,6.01482526026847,52.41,238984.0,12525151.44,0.0050000000000025,52.42,52.41
2013-10-09,NTRS,58246,NORTHERN TRUST CORP,,,0.011067,-0.0113833762218711,0.0001887148518588,1.4696578566233923e-10,0.000574,5.94635624142202,52.99,238984.0,12663762.16,0.004999999999999,53.0,52.99
2013-10-10,NTRS,58246,NORTHERN TRUST CORP,,,0.032836,0.1314032105069087,0.0001827151470856,3.731536055803439e-10,0.02183,6.727726542362668,54.73,238984.0,13079594.319999998,0.004999999999999,54.72,54.71
2013-10-11,NTRS,58246,NORTHERN TRUST CORP,,,0.001096,-0.5463581410594103,0.0001825150574923,2.7425779231436607e-11,0.006286,3.051978375121347,54.79,238984.0,13093933.36,0.0050000000000025,54.81,54.8
2013-10-14,NTRS,58246,NORTHERN TRUST CORP,,,0.008396,0.5379805147976209,0.000180995475113,1.354687228095216e-10,0.004075,4.693883272520336,55.25,238984.0,13203866.0,0.004999999999999,55.26,55.25
2013-10-15,NTRS,58246,NORTHERN TRUST CORP,,,-0.013937,0.6241024173555376,0.0003671071953009,-1.4041634915867278e-10,-0.007064,7.623347169685,54.48,238984.0,13019848.319999998,0.009999999999998,54.48,54.46
2013-10-16,NTRS,58246,NORTHERN TRUST CORP,,,0.010279,1.2109357589889005,0.0003633720930233,4.636409563164111e-11,0.013828,16.85473086064339,55.04,238984.0,13153679.36,0.0100000000000015,55.06,55.04
2013-10-17,NTRS,58246,NORTHERN TRUST CORP,,,0.026708,-0.5495330077301179,0.0003539196602371,2.60472835988075e-10,0.006744,7.592499916312389,56.51,238984.0,13504985.84,0.0100000000000015,56.52,56.5
2013-10-18,NTRS,58246,NORTHERN TRUST CORP,,,0.000177,-0.2990802905065126,0.0001769285208776,2.462346798562448e-12,0.006549,5.321732835671007,56.52,238984.0,13507375.680000002,0.0050000000000025,56.52,56.51
2013-10-21,NTRS,58246,NORTHERN TRUST CORP,,,-0.002831,-0.3038813218022518,0.0001774308019871,-5.673665191802311e-11,9.2e-05,3.704557627288856,56.36,238984.0,13469138.24,0.004999999999999,56.36,56.35
2013-10-22,NTRS,58246,NORTHERN TRUST CORP,,,-0.007097,0.7220335919939458,0.0001786990707647,-8.318601106792302e-11,0.005738,6.379372677668798,55.96,238984.0,13373544.64,0.004999999999999,55.96,55.95
2013-10-23,NTRS,58246,NORTHERN TRUST CORP,,,-0.007684,-0.108729817233472,0.0001800828381054,-1.0183650951373939e-10,-0.004725,5.685744652361665,55.53,238984.0,13270781.52,0.004999999999999,55.54,55.53
2013-10-24,NTRS,58246,NORTHERN TRUST CORP,,,0.008554,-0.2987241702617452,0.0001785554861172,1.6028666623788326e-10,0.003258,3.987275298764771,56.005,238984.0,13384298.92,0.004999999999999,56.01,56.0
2013-10-25,NTRS,58246,NORTHERN TRUST CORP,,,0.007053,0.052932379748031,0.0001773049645389,1.2463764956570962e-10,0.004395,4.198331269038931,56.4,238984.0,13478697.6,0.004999999999999,56.39,56.38
2013-10-28,NTRS,58246,NORTHERN TRUST CORP,,,0.007979,0.384242934057851,0.0001759014951626,1.0105554562836908e-10,0.00133,5.811510394001272,56.85,238984.0,13586240.4,0.004999999999999,56.86,56.85
2013-10-29,NTRS,58246,NORTHERN TRUST CORP,,,0.005805,-0.2902211745189212,0.0001748863238895,1.0298576259034798e-10,0.005584,4.124887021725304,57.18,238984.0,13665105.12,0.0050000000000025,57.17,57.16
2013-10-30,NTRS,58246,NORTHERN TRUST CORP,,,-0.001399,-0.0215930094077595,0.0003502626970226,-2.5402775809067697e-11,-0.004876,4.035818297459244,57.1,238984.0,13645986.4,0.009999999999998,57.12,57.1
2013-10-31,NTRS,58246,NORTHERN TRUST CORP,,,-0.011909,0.2269662082579917,0.0001772421127259,-1.7836481205520175e-10,-0.003839,4.9518126736517925,56.42,238984.0,13483477.28,0.004999999999999,56.43,56.42
2013-11-01,NTRS,58246,NORTHERN TRUST CORP,,,0.002836,-0.041215848518342,0.0003534817956874,4.417630664163408e-11,0.002903,4.7477195126033545,56.58,238984.0,13521714.72,0.009999999999998,56.58,56.56
2013-11-04,NTRS,58246,NORTHERN TRUST CORP,,,0.001237,-0.0897888208392346,0.0001765225066195,2.114334716257512e-11,0.003571,4.321427375891273,56.65,238984.0,13538443.6,0.004999999999999,56.65,56.64
2013-11-05,NTRS,58246,NORTHERN TRUST CORP,,,0.00865,0.0485053526887384,0.000350017500875,1.398006449009891e-10,-0.002806,4.531039734877648,57.14,238984.0,13655545.76,0.0100000000000015,57.14,57.12
2013-11-06,NTRS,58246,NORTHERN TRUST CORP,,,0.0007,-0.2769073349303594,0.0001748863238894,1.5634832620598044e-11,0.004266,3.2763615974291165,57.18,238984.0,13665105.12,0.004999999999999,57.18,57.17
2013-11-07,NTRS,58246,NORTHERN TRUST CORP,,,-0.016614,0.2381040564599144,0.000177841010137,-3.0478130437225483e-10,-0.013183,4.056476584206474,56.23,238984.0,13438070.319999998,0.0050000000000025,56.24,56.23
2013-11-08,NTRS,58246,NORTHERN TRUST CORP,,,0.038592,0.286003261700396,0.0001712328767122,5.300594354414308e-10,0.013428,5.216642118300807,58.4,238984.0,13956665.6,0.004999999999999,58.4,58.39
2013-11-11,NTRS,58246,NORTHERN TRUST CORP,,,-0.005137,-0.433015639764048,0.0001721170395868,-1.2508420843255249e-10,0.000723,2.9577544940247047,58.1,238984.0,13884970.4,0.004999999999999,58.1,58.09
2013-11-12,NTRS,58246,NORTHERN TRUST CORP,,,-0.006885,0.0475358488857702,0.0001733102253033,-1.6114924988394617e-10,-0.00237,3.09835386469387,57.7,238984.0,13789376.8,0.0050000000000025,57.7,57.69
2013-11-13,NTRS,58246,NORTHERN TRUST CORP,,,-0.00104,0.4205051745070949,0.0001734906315059,-1.7154051277271425e-11,0.008095,4.401227697251699,57.64,238984.0,13775037.76,0.0050000000000025,57.63,57.62
2013-11-14,NTRS,58246,NORTHERN TRUST CORP,,,-0.007634,0.3575192784337289,0.0001748251748252,-9.346897018743896e-11,0.004837,5.9747514477956685,57.2,238984.0,13669884.8,0.0050000000000025,57.2,57.19
2013-11-15,NTRS,58246,NORTHERN TRUST CORP,,,-0.000874,-0.1180142449942922,0.0001749781277339,-1.2143530222036815e-11,0.004222,5.269645666655508,57.15,238984.0,13657935.6,0.004999999999999,57.16,57.15
2013-11-18,NTRS,58246,NORTHERN TRUST CORP,,,-0.0028,-0.3004293447232367,0.000175469380593,-5.5767034462713576e-11,-0.003698,3.6864894720985504,56.99,238984.0,13619698.16,0.004999999999999,57.0,56.99
2013-11-19,NTRS,58246,NORTHERN TRUST CORP,,,0.004387,0.8435333457433043,0.0001747030048916,4.718839302783372e-11,-0.002043,6.796166270545308,57.24,238984.0,13679444.16,0.004999999999999,57.23,57.22
2013-11-20,NTRS,58246,NORTHERN TRUST CORP,,,0.002795,-0.3199452029491896,0.0001742160278745,4.40852380301276e-11,-0.003636,4.621765473839253,57.4,238984.0,13717681.6,0.004999999999999,57.41,57.4
2013-11-21,NTRS,58246,NORTHERN TRUST CORP,,,0.009408,-0.3237572972346558,0.0001725923369003,2.1738996685862687e-10,0.008129,3.1254351755766074,57.94,238984.0,13846732.96,0.0050000000000025,57.95,57.94
2013-11-22,NTRS,58246,NORTHERN TRUST CORP,,,0.002761,0.2583404848385857,0.0001721170395868,5.0560665683519006e-11,0.004961,3.932861614166639,58.1,238984.0,13884970.4,0.004999999999999,58.1,58.09
2013-11-25,NTRS,58246,NORTHERN TRUST CORP,,,0.008434,0.040933469944919,0.0001706775900323,1.471328456825378e-10,-0.001263,4.093847286847655,58.59,238984.0,14002072.56,0.004999999999999,58.6,58.59
2013-11-26,NTRS,58246,NORTHERN TRUST CORP,,,0.001195,0.1435805078682372,0.0001704739174905,1.820784880396408e-11,0.00015,4.681643959428246,58.66,238984.0,14018801.44,0.004999999999999,58.68,58.67
2013-11-27,NTRS,58246,NORTHERN TRUST CORP,,,0.004773,-0.3706157638549996,0.0001696640651509,1.1500010408798443e-10,0.002485,2.946552907307602,58.94,238984.0,14085716.96,0.004999999999999,58.94,58.93
2013-11-29,NTRS,58246,NORTHERN TRUST CORP,,,0.000848,-0.070175338940809,0.0001695202576707,2.195499417420216e-11,-0.000786,2.739777558330265,58.99,238984.0,14097666.16,0.004999999999999,59.0,58.99
2013-12-02,NTRS,58246,NORTHERN TRUST CORP,,,-0.004916,0.4837063181639769,0.0003407155025552,-8.620683426879206e-11,-0.002719,4.065025273658487,58.7,238984.0,14028360.8,0.009999999999998,58.72,58.7
2013-12-03,NTRS,58246,NORTHERN TRUST CORP,,,-0.005963,0.299972413111595,0.0001713796058268,-8.092034707210467e-11,-0.003193,5.284420714357447,58.35,238984.0,13944716.4,0.004999999999999,58.35,58.34
2013-12-04,NTRS,58246,NORTHERN TRUST CORP,,,-0.002913,-0.255310034428914,0.0003456022118542,-5.352359652273168e-11,-0.001304,3.935255079837981,57.87,238984.0,13830004.08,0.0100000000000015,57.89,57.87
2013-12-05,NTRS,58246,NORTHERN TRUST CORP,,,-0.002074,0.0522455428868546,0.0003463203463204,-3.629091804290218e-11,-0.00434,4.140854617882368,57.75,238984.0,13801326.0,0.0100000000000015,57.77,57.75
2013-12-06,NTRS,58246,NORTHERN TRUST CORP,,,0.017316,0.0030103132787253,0.0001702127659574,2.9694464563647446e-10,0.011238,4.153319887523851,58.75,238984.0,14040310.0,0.004999999999999,58.75,58.74
2013-12-09,NTRS,58246,NORTHERN TRUST CORP,,,0.003404,-0.1183877925843536,0.0001696352841391,6.598784405434771e-11,0.001817,3.6616175141432064,58.95,238984.0,14088106.8,0.0050000000000025,58.95,58.94
2013-12-10,NTRS,58246,NORTHERN TRUST CORP,,,-0.011535,0.2477990281898092,0.0001716148961729,-1.8129512874748847e-10,-0.00318,4.568962775750678,58.27,238984.0,13925597.680000002,0.004999999999999,58.28,58.27
2013-12-11,NTRS,58246,NORTHERN TRUST CORP,,,-0.018878,0.5475776827556142,0.0001749169144655,-1.9541094530416604e-10,-0.011317,7.070824825092894,57.17,238984.0,13662715.28,0.004999999999999,57.18,57.17
2013-12-12,NTRS,58246,NORTHERN TRUST CORP,,,-0.000525,-0.2623555018481324,0.0003500175008749,-7.371112778178824e-12,-0.003771,5.215755029625414,57.14,238984.0,13655545.76,0.009999999999998,57.16,57.14
2013-12-13,NTRS,58246,NORTHERN TRUST CORP,,,0.0077,0.2545484010198302,0.0001736714136852,8.551565607881884e-11,-0.000101,6.543417132527701,57.58,238984.0,13760698.72,0.004999999999999,57.58,57.57
2013-12-16,NTRS,58246,NORTHERN TRUST CORP,,,0.004168,-0.0220498896258534,0.0001729505361466,4.713673425523902e-11,0.00632,6.399135506979547,57.82,238984.0,13818054.88,0.004999999999999,57.83,57.82
2013-12-17,NTRS,58246,NORTHERN TRUST CORP,,,-0.005534,-0.3326757301259211,0.0001739130434783,-9.430707116856542e-11,-0.003101,4.27029843002042,57.5,238984.0,13741580.0,0.0050000000000025,57.49,57.48
2013-12-18,NTRS,58246,NORTHERN TRUST CORP,,,0.032522,0.6450658626423644,0.0001684352366514,3.2628706219162274e-10,0.016648,7.024922170521876,59.37,238984.0,14188480.08,0.004999999999999,59.39,59.38
2013-12-19,NTRS,58246,NORTHERN TRUST CORP,,,-0.001516,-0.2854434360786351,0.0001686909581646,-2.1317881826597875e-11,-0.00058,5.019704247983128,59.28,238984.0,14166971.52,0.004999999999999,59.28,59.27
2013-12-20,NTRS,58246,NORTHERN TRUST CORP,,,0.02581,2.199035701871162,0.0001644466370662,1.1059791973747724e-10,0.004819,16.05821310213236,60.81,238984.0,14532617.04,0.004999999999999,60.73,60.72
2013-12-23,NTRS,58246,NORTHERN TRUST CORP,,,0.007893,-0.6254919669715056,0.000163158753467,8.960356748808343e-11,0.005318,6.0139298028319885,61.29,238984.0,14647329.36,0.004999999999999,61.29,61.28
2013-12-24,NTRS,58246,NORTHERN TRUST CORP,,,0.000163,-0.689323860501394,0.000326264274062,5.955141011491735e-12,0.002916,1.868384494359455,61.3,238984.0,14649719.2,0.0100000000000015,61.32,61.3
2013-12-26,NTRS,58246,NORTHERN TRUST CORP,,,0.006688,0.5010346820032519,0.0001620482903905,1.6170182102819578e-10,0.004745,2.804509925350651,61.71,238984.0,14747702.64,0.004999999999999,61.72,61.71
2013-12-27,NTRS,58246,NORTHERN TRUST CORP,,,-0.004213,0.1070075630415094,0.0001627339300243,-9.240451176730058e-11,-0.000337,3.10461369798815,61.45,238984.0,14685566.8,0.004999999999999,61.46,61.45
2013-12-30,NTRS,58246,NORTHERN TRUST CORP,,,0.004394,0.1277938090418127,0.0001620220349967,8.508010824668208e-11,-0.000179,3.501364108057443,61.72,238984.0,14750092.48,0.004999999999999,61.72,61.71
2013-12-31,NTRS,58246,NORTHERN TRUST CORP,,,0.002754,-0.1564623492716038,0.0001615769914363,6.304242058348328e-11,0.00396,2.9742164653930105,61.89,237322.0,14687858.58,0.004999999999999,61.89,61.88
2014-01-02,NTRS,58246,NORTHERN TRUST CORP,,,-0.016158,0.4096185150606293,0.0001642305797339,-2.6670395812368216e-10,-0.008862,4.1925105974161685,60.89,237322.0,14450536.58,0.004999999999999,60.89,60.88
2014-01-03,NTRS,58246,NORTHERN TRUST CORP,,,0.006733,-0.1375280785949395,0.000163132137031,1.2799441099563123e-10,-0.000333,3.615922670464601,61.3,237322.0,14547838.6,0.0050000000000025,61.31,61.3
2014-01-06,NTRS,58246,NORTHERN TRUST CORP,,,-0.006199,0.7100489664832463,0.0001641497045304,-6.934195175499176e-11,-0.002512,6.183404825511331,60.92,237322.0,14457656.24,0.004999999999999,60.91,60.9
2014-01-07,NTRS,58246,NORTHERN TRUST CORP,,,0.012804,-0.2195585836187474,0.000162074554295,1.8119846438971487e-10,0.006082,4.825785220080734,61.7,237322.0,14642767.4,0.0050000000000025,61.7,61.69
2014-01-08,NTRS,58246,NORTHERN TRUST CORP,,,0.005186,0.9878368761814952,0.0001612383102224,3.672941565553593e-11,-0.000212,9.592873817008115,62.02,237322.0,14718710.44,0.004999999999999,62.03,62.02
2014-01-09,NTRS,58246,NORTHERN TRUST CORP,,,-0.008546,-0.6137903013265396,0.0001626280696048,-1.5806964871483354e-10,0.000348,3.7048609062792326,61.49,237322.0,14592929.78,0.0050000000000025,61.49,61.48
2014-01-10,NTRS,58246,NORTHERN TRUST CORP,,,-0.006017,-0.0262668539485581,0.0001636125654449,-1.1498648674679932e-10,0.002307,3.607545865954273,61.12,237322.0,14505120.64,0.004999999999999,61.12,61.11
2014-01-13,NTRS,58246,NORTHERN TRUST CORP,,,-0.011289,0.1859031711732757,0.0001654807214959,-1.8399405354297664e-10,-0.012576,4.278200082588214,60.43,237322.0,14341368.46,0.004999999999999,60.43,60.42
2014-01-14,NTRS,58246,NORTHERN TRUST CORP,,,0.002813,0.0446808908797402,0.0001650165016501,4.3763733613461055e-11,0.010818,4.469353873640033,60.6,237322.0,14381713.2,0.004999999999999,60.6,60.59
2014-01-15,NTRS,58246,NORTHERN TRUST CORP,,,0.009901,0.2437643540534526,0.0001633986928105,1.2263284121706812e-10,0.005166,5.558823033684193,61.2,237322.0,14524106.4,0.0050000000000025,61.2,61.19
2014-01-16,NTRS,58246,NORTHERN TRUST CORP,,,-0.002451,-0.1939864966787469,0.0003276003276003,-3.775673895054927e-11,-0.001347,4.480486427722672,61.05,237322.0,14488508.1,0.0100000000000015,61.07,61.05
2014-01-17,NTRS,58246,NORTHERN TRUST CORP,,,-0.005569,0.458394384370433,0.0001647175094712,-5.915328068172935e-11,-0.003895,6.534316245438687,60.71,237322.0,14407818.62,0.004999999999999,60.72,60.71
2014-01-21,NTRS,58246,NORTHERN TRUST CORP,,,-0.001647,-0.0307569884512977,0.0003299785513942,-1.8079169967624984e-11,0.002774,6.333340356140602,60.61,237322.0,14384086.42,0.0100000000000015,60.64,60.62
2014-01-22,NTRS,58246,NORTHERN TRUST CORP,,,0.032998,1.7720933760289972,0.0001597188947452,1.2649263276036896e-10,0.000575,17.556610849394495,62.61,237322.0,14858730.42,0.004999999999999,62.61,62.6
2014-01-23,NTRS,58246,NORTHERN TRUST CORP,,,-0.00016,-0.5295355652251132,0.0001597444089456,-1.3038876409117693e-12,-0.00889,8.259760999823026,62.6,237322.0,14856357.2,0.004999999999999,62.61,62.6
2014-01-24,NTRS,58246,NORTHERN TRUST CORP,,,-0.023482,0.003192493915233,0.0003271716015049,-1.9533988750819763e-10,-0.020875,8.28613023655624,61.13,237322.0,14507493.86,0.009999999999998,61.15,61.13
2014-01-27,NTRS,58246,NORTHERN TRUST CORP,,,-0.009488,-0.2747694994256238,0.0001651527663089,-1.0987394378286696e-10,-0.004876,6.009354379282157,60.55,237322.0,14369847.1,0.0050000000000025,60.56,60.55
2014-01-28,NTRS,58246,NORTHERN TRUST CORP,,,0.003468,0.0152073551767273,0.000164581961817,3.942219054462535e-11,0.006141,6.100740765710722,60.76,237322.0,14419684.72,0.0050000000000025,60.77,60.76
2014-01-29,NTRS,58246,NORTHERN TRUST CORP,,,-0.000987,0.0785135097800862,0.000164744645799,-1.0413154238263762e-11,-0.010209,6.579731335485121,60.7,237322.0,14405445.4,0.0050000000000025,60.7,60.69
2014-01-30,NTRS,58246,NORTHERN TRUST CORP,,,0.006919,-0.3882844545201295,0.0001636125654449,1.1851254029919674e-10,0.011267,4.024923942997278,61.12,237322.0,14505120.64,0.004999999999999,61.12,61.11
2014-01-31,NTRS,58246,NORTHERN TRUST CORP,,,-0.014725,0.3190096764771468,0.0003321155762204,-1.9407558006952918e-10,-0.006465,5.308913627897962,60.22,237322.0,14291530.84,0.009999999999998,60.23,60.21
2014-02-03,NTRS,58246,NORTHERN TRUST CORP,,,-0.030223,0.1525880173534552,0.0001712328767124,-3.563747818181683e-10,-0.022832,6.118990232679651,58.4,237322.0,13859604.8,0.0050000000000025,58.42,58.41
2014-02-04,NTRS,58246,NORTHERN TRUST CORP,,,0.02363,0.0397783732081138,0.0003345600535296,2.6178772030419335e-10,0.007641,6.362393709811985,59.78,237322.0,14187109.16,0.0100000000000015,59.78,59.76
2014-02-05,NTRS,58246,NORTHERN TRUST CORP,,,-0.010371,-0.3790365949285268,0.0001690331304936,-1.869682755020861e-10,-0.002028,3.950813662450173,59.16,237322.0,14039969.52,0.0050000000000025,59.17,59.16
2014-02-06,NTRS,58246,NORTHERN TRUST CORP,,,0.009973,-0.1522981180975133,0.0001673640167363,2.1000044524811134e-10,0.01244,3.349112176705068,59.75,237322.0,14179989.5,0.004999999999999,59.76,59.75
2014-02-07,NTRS,58246,NORTHERN TRUST CORP,,,0.016402,0.2178247095561498,0.0003293265272517,2.7902367273397326e-10,0.013302,4.078631563866814,60.73,237322.0,14412565.06,0.009999999999998,60.73,60.71
2014-02-10,NTRS,58246,NORTHERN TRUST CORP,,,0.001976,-0.4258333858498743,0.0001643385373869,5.843000803879812e-11,0.001569,2.3418140753912406,60.85,237322.0,14441043.7,0.004999999999999,60.87,60.86
2014-02-11,NTRS,58246,NORTHERN TRUST CORP,,,0.015119,0.509979055858242,0.0003237817710862,2.9166487508541457e-10,0.011062,3.536090206554807,61.77,237322.0,14659379.94,0.009999999999998,61.79,61.77
2014-02-12,NTRS,58246,NORTHERN TRUST CORP,,,0.001619,0.3769471110306104,0.0001616292225635,2.2645824559979206e-11,-0.000269,4.869009194259276,61.87,237322.0,14683112.14,0.0050000000000025,61.88,61.87
2014-02-13,NTRS,58246,NORTHERN TRUST CORP,,,0.002748,-0.2249016246323093,0.0003223726627981,4.9454921674763575e-11,0.00581,3.773961116120714,62.04,237322.0,14723456.88,0.009999999999998,62.04,62.02
2014-02-14,NTRS,58246,NORTHERN TRUST CORP,,,0.003385,-0.1337194242355222,0.0001606425702812,7.008503908490969e-11,0.004809,3.269309208585803,62.25,237322.0,14773294.5,0.0050000000000025,62.24,62.23
2014-02-18,NTRS,58246,NORTHERN TRUST CORP,,,-0.000482,0.0154173524479976,0.0003214400514303,-9.832828247670327e-12,0.001158,3.319881168092369,62.22,237310.0,14765428.2,0.009999999999998,62.22,62.2
2014-02-19,NTRS,58246,NORTHERN TRUST CORP,,,-0.012697,0.3532616352791997,0.0001627869119322,-1.9386537799889955e-10,-0.006524,4.492667818465298,61.43,237310.0,14577953.3,0.004999999999999,61.44,61.43
2014-02-20,NTRS,58246,NORTHERN TRUST CORP,,,0.001791,-0.1306076508575206,0.0001624959376015,3.1397996157585806e-11,0.006031,3.905891028612364,61.54,237310.0,14604057.4,0.004999999999999,61.53,61.52
2014-02-21,NTRS,58246,NORTHERN TRUST CORP,,,0.00585,-0.0719759371760058,0.0001615508885298,1.0986764558375787e-10,-0.001919,3.624760861320636,61.9,237310.0,14689489.0,0.004999999999999,61.91,61.9
2014-02-24,NTRS,58246,NORTHERN TRUST CORP,,,0.008885,0.1018168036903388,0.000160128102482,1.5011365479032363e-10,0.006187,3.9938224263621422,62.45,237310.0,14820009.5,0.0050000000000025,62.45,62.44
2014-02-25,NTRS,58246,NORTHERN TRUST CORP,,,-0.009448,-0.2866263476313974,0.000161655350792,-2.2589577754794907e-10,-0.001348,2.849087691205596,61.86,237310.0,14679996.6,0.004999999999999,61.86,61.85
2014-02-26,NTRS,58246,NORTHERN TRUST CORP,,,-0.002263,0.2863927397181256,0.0001620220349967,-4.215636930960399e-11,2.2e-05,3.665045720787156,61.72,237310.0,14646773.2,0.004999999999999,61.73,61.72
2014-02-27,NTRS,58246,NORTHERN TRUST CORP,,,0.007453,-0.0344649969186618,0.0001608234158893,1.4273055179278184e-10,0.004948,3.538729931313472,62.18,237310.0,14755935.8,0.004999999999999,62.19,62.18
2014-02-28,NTRS,58246,NORTHERN TRUST CORP,,,-0.005307,0.8430057539153297,0.0,-5.5439490938987147e-11,0.002783,6.521899624963129,61.85,237310.0,14677623.5,0.0,61.85,61.85
2014-03-03,NTRS,58246,NORTHERN TRUST CORP,,,-0.008407,-0.2340939399578215,0.000326104679602,-1.1563849400521064e-10,-0.007379,4.995162445746071,61.33,237310.0,14554222.3,0.009999999999998,61.33,61.31
2014-03-04,NTRS,58246,NORTHERN TRUST CORP,,,0.015653,-0.1641797466176031,0.0004816182372772,2.536300504449786e-10,0.015268,4.1750579410897135,62.29,237310.0,14782039.9,0.0150000000000005,62.29,62.26
2014-03-05,NTRS,58246,NORTHERN TRUST CORP,,,0.002408,-0.2825734797629753,0.0001609528408176,5.4525437131074814e-11,-5.3e-05,2.99529729046395,62.13,237310.0,14744070.3,0.004999999999999,62.14,62.13
2014-03-06,NTRS,58246,NORTHERN TRUST CORP,,,0.011106,0.1434636909233639,0.0001591849729386,2.1751108028587795e-10,0.001718,3.42501369516666,62.82,237310.0,14907814.2,0.0050000000000025,62.84,62.83
2014-03-07,NTRS,58246,NORTHERN TRUST CORP,,,0.019102,0.9053285596525548,0.0004686035613869,1.92670374662191e-10,0.000538,6.525776410602166,64.02,237310.0,15192586.2,0.014999999999997,64.02,63.99
2014-03-10,NTRS,58246,NORTHERN TRUST CORP,,,0.001562,-0.4954792358675269,0.0001559575795382,3.1178860723487006e-11,-0.000463,3.292389701234672,64.12,237310.0,15216317.2,0.0049999999999954,64.13,64.12
2014-03-11,NTRS,58246,NORTHERN TRUST CORP,,,-0.015284,-0.0702634142095973,0.0003167564143173,-3.3323089266848655e-10,-0.005082,3.0610551599174074,63.14,237310.0,14983753.4,0.009999999999998,63.16,63.14
2014-03-12,NTRS,58246,NORTHERN TRUST CORP,,,-0.006969,0.0034071245383173,0.0001594896331738,-1.5248901124011403e-10,0.000305,3.071484556065905,62.7,237310.0,14879337.0,0.004999999999999,62.71,62.7
2014-03-13,NTRS,58246,NORTHERN TRUST CORP,,,-0.014434,0.3904093050567023,0.0003236507808074,-2.3047632667540142e-10,-0.011701,4.2706207070919895,61.795,237310.0,14664571.45,0.009999999999998,61.79,61.77
2014-03-14,NTRS,58246,NORTHERN TRUST CORP,,,0.003965,-0.105818576146492,0.000161186331399,7.052428929875823e-11,-0.002822,3.81870970460579,62.04,237310.0,14722712.4,0.004999999999999,62.05,62.04
2014-03-17,NTRS,58246,NORTHERN TRUST CORP,,,0.011444,-0.2860415485015747,0.0003187250996016,2.818762569389768e-10,0.009614,2.7264000674223587,62.75,237310.0,14891202.5,0.0100000000000015,62.75,62.73
2014-03-18,NTRS,58246,NORTHERN TRUST CORP,,,0.005259,0.5216042608832738,0.0003170577045022,8.468454281886455e-11,0.00722,4.1485019594623065,63.08,237310.0,14969514.8,0.0100000000000015,63.09,63.07
2014-03-19,NTRS,58246,NORTHERN TRUST CORP,,,0.013316,0.4257583437364458,0.0001564455569461,1.4841703782012446e-10,-0.006132,5.914761282710379,63.92,237310.0,15168855.2,0.004999999999999,63.93,63.92
2014-03-20,NTRS,58246,NORTHERN TRUST CORP,,,0.02597,0.778831631082791,0.0001524855138762,1.5860337810477067e-10,0.006041,10.521364459989044,65.58,237310.0,15562789.8,0.0050000000000025,65.59,65.58
2014-03-21,NTRS,58246,NORTHERN TRUST CORP,,,0.002897,-0.0535820492024872,0.0001520450053216,1.864015761123821e-11,-0.002933,9.957608191816613,65.77,237310.0,15607878.7,0.0050000000000025,65.78,65.77
2014-03-24,NTRS,58246,NORTHERN TRUST CORP,,,-0.001824,-0.3911618085178414,0.0001523229246002,-1.9311550457436338e-11,-0.004865,6.062572162993553,65.65,237310.0,15579401.500000002,0.0050000000000025,65.65,65.64
2014-03-25,NTRS,58246,NORTHERN TRUST CORP,,,-0.005179,-0.2909330517846208,0.0003062318174857,-7.773310663717801e-11,0.004404,4.298769541949349,65.31,237310.0,15498716.1,0.009999999999998,65.33,65.31
2014-03-26,NTRS,58246,NORTHERN TRUST CORP,,,-0.009799,-0.1645939139785578,0.0003092624091541,-1.7779562063509028e-10,-0.007,3.591218237748093,64.67,237310.0,15346837.7,0.009999999999998,64.67,64.65
2014-03-27,NTRS,58246,NORTHERN TRUST CORP,,,-0.005412,0.5222486365215107,0.0004664179104475,-6.485871218404876e-11,-0.0019,5.466727065863217,64.32,237310.0,15263779.2,0.0149999999999934,64.32,64.29
2014-03-28,NTRS,58246,NORTHERN TRUST CORP,,,0.009173,-0.4134974782414984,0.0001540594669543,1.8573188636389464e-10,0.00464,3.206249209894231,64.91,237310.0,15403792.1,0.0050000000000025,64.92,64.91
2014-03-31,NTRS,58246,NORTHERN TRUST CORP,,,0.010014,0.0343078692295055,0.0001525320317267,1.9409104508643802e-10,0.007924,3.327874120965321,65.56,236481.0,15503694.36,0.0050000000000025,65.56,65.55
2014-04-01,NTRS,58246,NORTHERN TRUST CORP,,,0.002898,0.0588795889089797,0.0001520912547529,5.289235491383392e-11,0.007039,3.523817981148591,65.75,236481.0,15548625.75,0.0050000000000025,65.76,65.75
2014-04-02,NTRS,58246,NORTHERN TRUST CORP,,,-0.001673,1.6160724143062175,0.0001523461304083,-1.169143680997907e-11,0.002853,9.218563013519056,65.64,236481.0,15522612.84,0.0050000000000025,65.65,65.64
2014-04-03,NTRS,58246,NORTHERN TRUST CORP,,,-0.00259,-0.2921819345279735,0.0001527417137621,-2.563753690043599e-11,-0.001126,6.525065438661034,65.47,236481.0,15482411.07,0.0050000000000025,65.47,65.46
2014-04-04,NTRS,58246,NORTHERN TRUST CORP,,,-0.020009,-0.0012715044321196,0.0001558603491272,-2.023636308335768e-10,-0.012537,6.516768789035906,64.16,236481.0,15172620.96,0.0050000000000025,64.17,64.16
2014-04-07,NTRS,58246,NORTHERN TRUST CORP,,,-0.020729,0.1201258588066125,0.0001591596371159,-1.9112429768552456e-10,-0.01075,7.299601236462972,62.83,236481.0,14858101.23,0.004999999999999,62.83,62.82
2014-04-08,NTRS,58246,NORTHERN TRUST CORP,,,-0.003979,0.0935815137957742,0.0001597954618089,-3.3681531516340374e-11,0.003751,7.982708970276682,62.58,236481.0,14798980.98,0.0050000000000025,62.59,62.58
2014-04-09,NTRS,58246,NORTHERN TRUST CORP,,,0.003196,-0.4143653930401073,0.0003185727938833,4.604814896522477e-11,0.010918,4.674950630283194,62.78,236481.0,14846277.18,0.009999999999998,62.79,62.77
2014-04-10,NTRS,58246,NORTHERN TRUST CORP,,,-0.019433,0.4663127511788389,0.0001624431448992,-1.9473380336407715e-10,-0.020885,6.854939720315797,61.56,236481.0,14557770.36,0.004999999999999,61.57,61.56
2014-04-11,NTRS,58246,NORTHERN TRUST CORP,,,-0.015757,-0.2088956444012355,0.0001650437365901,-2.027864411665139e-10,-0.009487,5.422972670108804,60.59,236481.0,14328383.79,0.004999999999999,60.6,60.59
2014-04-14,NTRS,58246,NORTHERN TRUST CORP,,,0.010398,0.165791505189367,0.0001633453119895,1.1360617359380903e-10,0.008217,6.322055471686944,61.22,236481.0,14477366.82,0.004999999999999,61.23,61.22
2014-04-15,NTRS,58246,NORTHERN TRUST CORP,,,-0.025972,1.1382452446279243,0.0003354016434681,-1.3624749136477031e-10,0.006757,13.518105048608556,59.63,236481.0,14101362.03,0.0100000000000015,59.64,59.62
2014-04-16,NTRS,58246,NORTHERN TRUST CORP,,,-0.009894,-0.0280294984789357,0.0001693766937669,-5.3933723252762115e-11,0.010488,13.139199343710487,59.04,236481.0,13961838.24,0.004999999999999,59.04,59.03
2014-04-17,NTRS,58246,NORTHERN TRUST CORP,,,0.005928,-0.3810289166576284,0.0001683785149014,5.1899043563058314e-11,0.001364,8.132784452027858,59.39,236481.0,14044606.59,0.004999999999999,59.4,59.39
2014-04-21,NTRS,58246,NORTHERN TRUST CORP,,,0.008756,-0.2958348087013174,0.0001669170422299,1.0791861548831909e-10,0.003775,5.726823719453148,59.91,236481.0,14167576.71,0.004999999999999,59.91,59.9
2014-04-22,NTRS,58246,NORTHERN TRUST CORP,,,0.006343,-0.1093972095976844,0.0001658649859014,8.722787805402929e-11,0.004092,5.100325184687142,60.29,236481.0,14257439.49,0.004999999999999,60.3,60.29
2014-04-23,NTRS,58246,NORTHERN TRUST CORP,,,0.009123,-0.0531974165305564,0.000164365548981,1.3130912744002734e-10,-0.002213,4.829001061396053,60.84,236481.0,14387504.04,0.0050000000000025,60.84,60.83
2014-04-24,NTRS,58246,NORTHERN TRUST CORP,,,-0.009862,0.2066723469242106,0.0001660026560424,-1.1880565711339077e-10,0.001717,5.827022044054279,60.24,236481.0,14245615.44,0.004999999999999,60.25,60.24
2014-04-25,NTRS,58246,NORTHERN TRUST CORP,,,-0.012782,0.039713929084602,0.0001681520094164,-1.5001825109578474e-10,-0.008096,6.058435984286264,59.47,236481.0,14063525.07,0.004999999999999,59.46,59.45
2014-04-28,NTRS,58246,NORTHERN TRUST CORP,,,-0.00454,-0.0221748371088256,0.000168918918919,-5.474143282107249e-11,0.003236,5.924091153200469,59.2,236481.0,13999675.2,0.0050000000000025,59.2,59.19
2014-04-29,NTRS,58246,NORTHERN TRUST CORP,,,0.013851,-0.3867702641450175,0.0001666111296234,2.6862346497355103e-10,0.004761,3.6328288530579615,60.02,236481.0,14193589.62,0.004999999999999,60.03,60.02
2014-04-30,NTRS,58246,NORTHERN TRUST CORP,,,0.003832,0.0721747885856627,0.0003319502074689,6.904967946046827e-11,0.002992,3.8950275074953167,60.25,236481.0,14247980.25,0.0100000000000015,60.25,60.23
2014-05-01,NTRS,58246,NORTHERN TRUST CORP,,,-0.003154,0.0119194441428727,0.0001665001665002,-5.634088152844609e-11,-0.000143,3.94145407030586,60.06,236481.0,14203048.86,0.0050000000000025,60.06,60.05
2014-05-02,NTRS,58246,NORTHERN TRUST CORP,,,0.00716,-0.1547315195385799,0.0003306331625061,1.5023877705880556e-10,-0.001348,3.3315868928159134,60.49,236481.0,14304735.69,0.009999999999998,60.51,60.49
2014-05-05,NTRS,58246,NORTHERN TRUST CORP,,,-0.005621,-0.4647137742001404,0.0001662510390689,-2.2158710703006344e-10,0.001871,1.7833525737797118,60.15,236481.0,14224332.15,0.004999999999999,60.16,60.15
2014-05-06,NTRS,58246,NORTHERN TRUST CORP,,,-0.011804,0.9121734573624294,0.0001682368775236,-2.462576033411938e-10,-0.008988,3.4100794567005384,59.44,236481.0,14056430.64,0.0050000000000025,59.45,59.44
2014-05-07,NTRS,58246,NORTHERN TRUST CORP,,,0.020188,-0.0037201504428838,0.000164907651715,4.143735302280901e-10,0.005616,3.3973934480994243,60.64,236481.0,14340207.84,0.004999999999999,60.65,60.64
2014-05-08,NTRS,58246,NORTHERN TRUST CORP,,,0.006596,0.5086187904443384,0.0003276539973788,8.915475506064313e-11,-0.001374,5.125371594335275,61.04,236481.0,14434800.24,0.0100000000000015,61.06,61.04
2014-05-09,NTRS,58246,NORTHERN TRUST CORP,,,0.001147,-0.1898852607930511,0.000163639338897,1.9115382361471948e-11,0.001519,4.1521390724836245,61.11,236481.0,14451353.91,0.004999999999999,61.12,61.11
2014-05-12,NTRS,58246,NORTHERN TRUST CORP,,,0.010637,-0.3876578314332795,0.0001619170984456,2.8645048334594066e-10,0.009673,2.542529843835234,61.76,236481.0,14605066.56,0.0050000000000025,61.77,61.76
2014-05-13,NTRS,58246,NORTHERN TRUST CORP,,,-0.000648,0.2723929747530187,0.0001620220349967,-1.3723519804598224e-11,0.000422,3.2350971113958416,61.72,236481.0,14595607.32,0.004999999999999,61.72,61.71
2014-05-14,NTRS,58246,NORTHERN TRUST CORP,,,-0.01361,-0.0433049818375272,0.0001642575558475,-3.054403395894044e-10,-0.004701,3.095001289744208,60.88,236481.0,14396963.28,0.004999999999999,60.89,60.88
2014-05-15,NTRS,58246,NORTHERN TRUST CORP,,,-0.020696,1.2159107211415623,0.0001677289500167,-2.1403514821374004e-10,-0.009362,6.858246539891154,59.62,236481.0,14098997.22,0.004999999999999,59.61,59.6
2014-05-16,NTRS,58246,NORTHERN TRUST CORP,,,0.003187,-0.3352681668100219,0.0001671961210499,4.942565549009949e-11,0.003747,4.558894794930671,59.81,236481.0,14143928.61,0.004999999999999,59.82,59.81
2014-05-19,NTRS,58246,NORTHERN TRUST CORP,,,0.004514,-0.3074626284213221,0.0001664447403461,1.0063118644486271e-10,0.003845,3.1572050185850027,60.08,236481.0,14207778.48,0.004999999999999,60.08,60.07
2014-05-20,NTRS,58246,NORTHERN TRUST CORP,,,-0.008489,-0.1968969447603128,0.000167869733087,-2.376613817229473e-10,-0.006498,2.5355609964436887,59.57,236481.0,14087173.17,0.004999999999999,59.58,59.57
2014-05-21,NTRS,58246,NORTHERN TRUST CORP,,,0.005204,0.3530316271188702,0.0001670006680027,1.0712164471645359e-10,0.008116,3.4306942206773483,59.88,236481.0,14160482.28,0.0050000000000025,59.88,59.87
2014-05-22,NTRS,58246,NORTHERN TRUST CORP,,,0.007515,-0.2557556200341676,0.0003315100281784,2.0630123681149237e-10,0.002362,2.5532748931203777,60.33,236481.0,14266898.73,0.0100000000000015,60.32,60.3
2014-05-23,NTRS,58246,NORTHERN TRUST CORP,,,0.000497,0.121533419123188,0.0001656726308813,1.2159091050431724e-11,0.004248,2.8635831208426894,60.36,236481.0,14273993.16,0.004999999999999,60.37,60.36
2014-05-27,NTRS,58246,NORTHERN TRUST CORP,,,0.007952,0.2913023510631543,0.000164365548981,1.494697049448777e-10,0.005988,3.6977516164089295,60.84,236481.0,14387504.04,0.0050000000000025,60.84,60.83
2014-05-28,NTRS,58246,NORTHERN TRUST CORP,,,-0.000986,-0.0483367793167803,0.000164527805199,-1.9493909481877898e-11,-0.001114,3.519014212558303,60.78,236481.0,14373315.18,0.004999999999999,60.78,60.77
2014-05-29,NTRS,58246,NORTHERN TRUST CORP,,,-0.004771,-0.1439652479030978,0.0001653165812531,-1.10717727202462e-10,0.005367,3.012398459072822,60.49,236481.0,14304735.69,0.0050000000000025,60.49,60.48
2014-05-30,NTRS,58246,NORTHERN TRUST CORP,,,-0.001488,0.1150910686085278,0.0003311258278146,-3.101322895125273e-11,0.001844,3.3590986168021955,60.4,236481.0,14283452.4,0.0100000000000015,60.42,60.4
2014-06-02,NTRS,58246,NORTHERN TRUST CORP,,,0.007119,-0.445098777259263,0.0001643925694558,2.655011994192902e-10,0.000728,1.8639679297702565,60.83,236481.0,14385139.23,0.004999999999999,60.83,60.82
2014-06-03,NTRS,58246,NORTHERN TRUST CORP,,,0.001808,0.2735773934704044,0.0001640958319659,5.284889918385445e-11,-0.000379,2.373907417509229,60.94,236481.0,14411152.14,0.0050000000000025,60.95,60.94
2014-06-04,NTRS,58246,NORTHERN TRUST CORP,,,0.011159,0.187748493010132,0.000163158753467,2.730556312832858e-10,0.001892,2.819604957692161,61.29,236481.0,14493920.49,0.004999999999999,61.29,61.28
2014-06-05,NTRS,58246,NORTHERN TRUST CORP,,,0.005547,-0.2451967131735511,0.0003245172805452,1.7883301428442483e-10,0.006525,2.1282470896181933,61.63,236481.0,14574324.03,0.0100000000000015,61.63,61.61
2014-06-06,NTRS,58246,NORTHERN TRUST CORP,,,0.009411,0.76318424765046,0.000160745860794,1.7047455816454824e-10,0.004628,3.752491743522736,62.21,236481.0,14711483.01,0.004999999999999,62.22,62.21
2014-06-09,NTRS,58246,NORTHERN TRUST CORP,,,0.006912,-0.0993607116576308,0.0001596424010216,1.3806547573976018e-10,0.000939,3.3796414933969325,62.64,236481.0,14813169.84,0.004999999999999,62.64,62.63
2014-06-10,NTRS,58246,NORTHERN TRUST CORP,,,0.000798,-0.4300687794740128,0.0001595150741744,2.794571893173859e-11,-0.000246,1.926163201271984,62.69,236481.0,14824993.89,0.004999999999999,62.69,62.68
2014-06-11,NTRS,58246,NORTHERN TRUST CORP,,,-0.009411,-0.052935119791175,0.0001610305958131,-3.5129753823070763e-10,-0.003537,1.8242015214752985,62.1,236481.0,14685470.1,0.004999999999999,62.11,62.1
2014-06-12,NTRS,58246,NORTHERN TRUST CORP,,,0.00161,0.8036273525750541,0.0001607717041801,3.3267457568442676e-11,-0.007089,3.2901797607418777,62.2,236481.0,14709118.2,0.0050000000000025,62.2,62.19
2014-06-13,NTRS,58246,NORTHERN TRUST CORP,,,0.000161,-0.178560917147025,0.0003214917215882,4.049248526965063e-12,0.003135,2.702682245085229,62.21,236481.0,14711483.01,0.0100000000000015,62.21,62.19
2014-06-16,NTRS,58246,NORTHERN TRUST CORP,,,0.000643,0.5645053533458608,0.0004819277108433,1.0330071364285898e-11,0.000837,4.22836084082865,62.25,236481.0,14720942.25,0.0150000000000005,62.27,62.24
2014-06-17,NTRS,58246,NORTHERN TRUST CORP,,,0.026345,1.330930157901527,0.0001565190170605,1.7691626355612727e-10,0.002173,9.856013802377358,63.89,236481.0,15108771.09,0.004999999999999,63.91,63.9
2014-06-18,NTRS,58246,NORTHERN TRUST CORP,,,0.007826,-0.0474120029518269,0.0001553036185743,5.4741760130263095e-11,0.007719,9.388720446885795,64.39,236481.0,15227011.59,0.0050000000000025,64.4,64.39
2014-06-19,NTRS,58246,NORTHERN TRUST CORP,,,-0.004193,-0.5409975615402562,0.0001559575795384,-6.416728953572523e-11,0.001277,4.309445579137436,64.12,236481.0,15163161.72,0.0050000000000025,64.12,64.11
2014-06-20,NTRS,58246,NORTHERN TRUST CORP,,,0.002651,0.7104028841077734,0.0004666355576295,2.3656485679537244e-11,0.00173,7.370888147462164,64.29,236481.0,15203363.490000002,0.0150000000000005,64.31,64.28
2014-06-23,NTRS,58246,NORTHERN TRUST CORP,,,-0.0028,-0.5539514937681971,0.0001559819060989,-5.617383717432618e-11,-0.000132,3.2877736477772,64.11,236481.0,15160796.91,0.0050000000000025,64.11,64.1
2014-06-24,NTRS,58246,NORTHERN TRUST CORP,,,-0.003588,0.2877326700073055,0.0001565435190983,-5.6100101829565095e-11,-0.006435,4.233773537831792,63.88,236481.0,15106406.28,0.0050000000000025,63.88,63.87
2014-06-25,NTRS,58246,NORTHERN TRUST CORP,,,0.004227,-0.3347279833241278,0.0001558846453622,9.892645662230215e-11,0.004897,2.816611059662298,64.15,236481.0,15170256.150000002,0.0049999999999954,64.16,64.15
2014-06-26,NTRS,58246,NORTHERN TRUST CORP,,,-0.001247,0.0816064257028112,0.0003121585765568,-2.7015893608578964e-11,-0.001179,3.046464620836346,64.07,236481.0,15151337.669999998,0.009999999999998,64.07,64.05
2014-06-27,NTRS,58246,NORTHERN TRUST CORP,,,0.005931,0.313102850932289,0.0003103180760278,9.727782816710595e-11,0.001911,4.0003213788845615,64.45,236481.0,15241200.45,0.009999999999998,64.45,64.43
2014-06-30,NTRS,58246,NORTHERN TRUST CORP,,,-0.003724,0.3174408033826639,0.0001557389814671,-4.6535539784861896e-11,-0.000372,5.290230702294289,64.21,235585.0,15126912.849999998,0.0050000000000025,64.22,64.21
2014-07-01,NTRS,58246,NORTHERN TRUST CORP,,,0.004516,-0.1333893391553712,0.0003100775193797,6.482580891728667e-11,0.006678,4.584570324935799,64.5,235585.0,15195232.5,0.009999999999998,64.5,64.48
2014-07-02,NTRS,58246,NORTHERN TRUST CORP,,,-0.006822,-0.0818411267563904,0.0001561036528255,-1.0738921585008192e-10,0.000659,4.209363923849142,64.06,235585.0,15091575.1,0.0050000000000025,64.06,64.05
2014-07-03,NTRS,58246,NORTHERN TRUST CORP,,,0.012957,-0.340277896825837,0.0004623208506703,3.0521195466451865e-10,0.00548,2.777010420867203,64.89,235585.0,15287110.65,0.0150000000000005,64.9,64.87
2014-07-07,NTRS,58246,NORTHERN TRUST CORP,,,-0.001387,-0.041285679784538,0.0003086419753085,-3.4126134365500533e-11,-0.003924,2.6623596578729547,64.8,235585.0,15265908.0,0.009999999999998,64.81,64.79
2014-07-08,NTRS,58246,NORTHERN TRUST CORP,,,-0.010494,-0.0188644349916774,0.0003119151590766,-2.65952556091457e-10,-0.007049,2.612135747182545,64.12,235585.0,15105710.2,0.009999999999998,64.13,64.11
2014-07-09,NTRS,58246,NORTHERN TRUST CORP,,,-0.00156,0.5828642464818485,0.0001562011871288,-2.5016231180249596e-11,0.004644,4.134656281172401,64.02,235585.0,15082151.7,0.0049999999999954,64.02,64.01
2014-07-10,NTRS,58246,NORTHERN TRUST CORP,,,-0.002968,-0.3564738625735707,0.0001566661444462,-7.417982670340323e-11,-0.004131,2.6607593862087997,63.83,235585.0,15037390.55,0.0050000000000025,63.84,63.83
2014-07-11,NTRS,58246,NORTHERN TRUST CORP,,,0.009087,0.3611955299241427,0.000155255395125,1.653459177025003e-10,0.001471,3.6218137827111234,64.41,235585.0,15174029.85,0.0050000000000025,64.42,64.41
2014-07-14,NTRS,58246,NORTHERN TRUST CORP,,,0.00031,0.3640150249928215,0.0003104144032282,4.13409694127693e-12,0.004844,4.940208417344058,64.43,235585.0,15178741.55,0.009999999999998,64.44,64.42
2014-07-15,NTRS,58246,NORTHERN TRUST CORP,,,0.000776,0.3355481299389349,0.0001550868486353,7.742553994204887e-12,-0.001932,6.597886113292442,64.48,235585.0,15190520.8,0.0050000000000025,64.48,64.47
2014-07-16,NTRS,58246,NORTHERN TRUST CORP,,,0.0,-0.0312044226477341,0.0001550868486353,0.0,0.004201,6.392002886431649,64.48,235585.0,15190520.8,0.0050000000000025,64.48,64.47
2014-07-17,NTRS,58246,NORTHERN TRUST CORP,,,-0.002171,-0.0604710929302856,0.0003108486167235,-2.384976052806993e-11,-0.011834,6.005471485875586,64.34,235585.0,15157538.9,0.009999999999998,64.36,64.34
2014-07-18,NTRS,58246,NORTHERN TRUST CORP,,,0.010569,-0.0853951692077814,0.0001537988311287,1.2561997355459108e-10,0.010265,5.4926332321667335,65.02,235585.0,15317736.7,0.0049999999999954,65.02,65.01
2014-07-21,NTRS,58246,NORTHERN TRUST CORP,,,0.007229,-0.1293719696255434,0.0003053901358987,9.798110969827429e-11,-0.00232,4.782040452490609,65.49,235585.0,15428461.65,0.0100000000000051,65.51,65.49
2014-07-22,NTRS,58246,NORTHERN TRUST CORP,,,0.008856,0.2964164899514192,0.0001513546238838,9.177573558842512e-11,0.005016,6.199516098223572,66.07,235585.0,15565100.95,0.0050000000000025,66.08,66.07
2014-07-23,NTRS,58246,NORTHERN TRUST CORP,,,0.004843,-0.0126880075699429,0.0003012501882813,5.058851850600991e-11,0.001754,6.120856591039328,66.39,235585.0,15640488.15,0.009999999999998,66.41,66.39
2014-07-24,NTRS,58246,NORTHERN TRUST CORP,,,0.010845,-0.2263447116538209,0.0001490090895545,1.4485549676255401e-10,0.000488,4.735433070866142,67.11,235585.0,15810109.35,0.0050000000000025,67.12,67.11
2014-07-25,NTRS,58246,NORTHERN TRUST CORP,,,0.000298,0.0252456756337637,0.0001489646953672,3.881184899592222e-12,-0.004849,4.8549822781586265,67.13,235585.0,15814821.05,0.0050000000000025,67.14,67.13
2014-07-28,NTRS,58246,NORTHERN TRUST CORP,,,0.000745,-0.0820888279981569,0.0001488538255433,1.0562831055412594e-11,0.000288,4.456442472992762,67.18,235585.0,15826600.3,0.0050000000000025,67.18,67.17
2014-07-29,NTRS,58246,NORTHERN TRUST CORP,,,-0.001042,-0.0536580208425606,0.0001490090895543,-1.5627749275140258e-11,-0.004528,4.217318589893244,67.11,235585.0,15810109.35,0.0049999999999954,67.13,67.12
2014-07-30,NTRS,58246,NORTHERN TRUST CORP,,,0.011474,0.3770287367254565,0.0002946375957573,1.2355091419443366e-10,6.1e-05,5.807368890209479,67.88,235585.0,15991509.8,0.0100000000000051,67.9,67.88
2014-07-31,NTRS,58246,NORTHERN TRUST CORP,,,-0.014585,0.0674863262163143,0.0001494991777545,-1.4929864566891015e-10,-0.019999,6.199286881592631,66.89,235585.0,15758280.65,0.0050000000000025,66.9,66.89
2014-08-01,NTRS,58246,NORTHERN TRUST CORP,,,-0.011212,-0.11435172093157,0.0001511944360448,-1.3105942132677236e-10,-0.002859,5.490387758134007,66.14,235585.0,15581591.9,0.0050000000000025,66.14,66.13
2014-08-04,NTRS,58246,NORTHERN TRUST CORP,,,0.005443,-0.1887374338302203,0.0003007518796991,7.800179548869315e-11,0.007189,4.454146061930938,66.5,235585.0,15666402.5,0.009999999999998,66.52,66.5
2014-08-05,NTRS,58246,NORTHERN TRUST CORP,,,-0.012331,-0.2194400236341284,0.0003045066991475,-2.2921697955512427e-10,-0.009685,3.4767281448309526,65.68,235585.0,15473222.8,0.0100000000000051,65.68,65.66
2014-08-06,NTRS,58246,NORTHERN TRUST CORP,,,0.00335,0.3649820221838316,0.0001517450682853,4.546886284061134e-11,1.6e-05,4.745671413714796,65.9,235585.0,15525051.500000002,0.0050000000000025,65.9,65.89
2014-08-07,NTRS,58246,NORTHERN TRUST CORP,,,-0.003187,0.856979684421145,0.0001522301720199,-2.3368473798626328e-11,-0.005557,8.81261540420655,65.69,235585.0,15475578.65,0.0049999999999954,65.69,65.68
2014-08-08,NTRS,58246,NORTHERN TRUST CORP,,,0.006698,-0.3442445523380151,0.0001512172992588,7.439645830713054e-11,0.011531,5.77892055945837,66.13,235585.0,15579236.05,0.0049999999999954,66.13,66.12
2014-08-11,NTRS,58246,NORTHERN TRUST CORP,,,0.001815,-0.0327017166546571,0.0001509433962262,2.0803479075267588e-11,0.002759,5.589939936753189,66.25,235585.0,15607506.25,0.0049999999999954,66.24,66.23
2014-08-12,NTRS,58246,NORTHERN TRUST CORP,,,0.002868,0.0215421601845537,0.0001505117399155,3.2087689883352186e-11,-0.001637,5.7103593182927606,66.44,235585.0,15652267.4,0.0049999999999954,66.44,66.43
2014-08-13,NTRS,58246,NORTHERN TRUST CORP,,,0.005117,-0.2557744699039229,0.0002994908655285,7.65338157723551e-11,0.006707,4.249795190695503,66.78,235585.0,15732366.3,0.009999999999998,66.78,66.76
2014-08-14,NTRS,58246,NORTHERN TRUST CORP,,,0.002995,-0.1254579559483334,0.0002985965959987,5.106876491246514e-11,0.004346,3.7166245728717873,66.98,235585.0,15779483.3,0.009999999999998,67.0,66.98
2014-08-15,NTRS,58246,NORTHERN TRUST CORP,,,-0.005823,0.1409258538045024,0.0003003453972069,-8.753546131552732e-11,-6.1e-05,4.240393064074538,66.59,235585.0,15687605.15,0.0100000000000051,66.59,66.57
2014-08-18,NTRS,58246,NORTHERN TRUST CORP,,,0.00841,-0.188837936560848,0.0002978406552493,1.5455697072718634e-10,0.008532,3.4396459876477703,67.15,235585.0,15819532.750000002,0.009999999999998,67.16,67.14
2014-08-19,NTRS,58246,NORTHERN TRUST CORP,,,-0.00283,0.6643943385958049,0.0001493428912782,-3.1336708589619664e-11,0.005001,5.724927308614725,66.96,235585.0,15774771.599999998,0.0049999999999954,66.96,66.95
2014-08-20,NTRS,58246,NORTHERN TRUST CORP,,,0.004032,-0.0589853837786857,0.0001487431206307,4.725452820762074e-11,0.002478,5.387240274211007,67.23,235585.0,15838379.55,0.0050000000000025,67.23,67.22
2014-08-21,NTRS,58246,NORTHERN TRUST CORP,,,0.011304,-0.0281297841946558,0.0001470804530076,1.3479222870449096e-10,0.00295,5.2356983678926925,67.99,235585.0,16017424.15,0.0049999999999954,67.99,67.98
2014-08-22,NTRS,58246,NORTHERN TRUST CORP,,,0.003971,0.0642692216640776,0.0001464986815117,4.431592788159145e-11,-0.001993,5.572192626865038,68.26,235585.0,16081032.1,0.0049999999999954,68.27,68.26
2014-08-25,NTRS,58246,NORTHERN TRUST CORP,,,0.009962,0.302839513226304,0.0002901073397156,8.449102534242406e-11,0.004788,7.259672729588047,68.94,235585.0,16241229.9,0.009999999999998,68.96,68.94
2014-08-26,NTRS,58246,NORTHERN TRUST CORP,,,-7.3e-05,-0.6113853368181632,0.0001450641909043,-1.593306100787001e-12,0.001051,2.821215272619225,68.935,235585.0,16240051.975,0.0049999999999954,68.94,68.93
2014-08-27,NTRS,58246,NORTHERN TRUST CORP,,,0.000508,0.3862008678434512,0.0001449905756126,7.994539612359375e-12,5e-05,3.910771059277968,68.97,235585.0,16248297.45,0.0050000000000025,68.97,68.96
2014-08-28,NTRS,58246,NORTHERN TRUST CORP,,,-0.002465,-0.1073070239515303,0.0002906976744185,-4.356285556303144e-11,-0.00169,3.491117855551075,68.8,235585.0,16208248.0,0.009999999999998,68.82,68.8
2014-08-29,NTRS,58246,NORTHERN TRUST CORP,,,0.007994,0.3271023946598901,0.0001441961067051,1.0560904137683635e-10,0.00332,4.633070866141733,69.35,235585.0,16337819.749999998,0.0050000000000025,69.34,69.33
2014-09-02,NTRS,58246,NORTHERN TRUST CORP,,,0.002019,0.6272664139216222,0.0001439055979276,1.635832259179758e-11,-0.000544,7.5392406137912,69.49,235585.0,16370801.65,0.0049999999999954,69.49,69.48
2014-09-03,NTRS,58246,NORTHERN TRUST CORP,,,0.003382,-0.2653552776482829,0.000144102601052,3.735019050491725e-11,-0.000779,5.538663327461426,69.395,235585.0,16348421.075,0.0050000000000025,69.4,69.39
2014-09-04,NTRS,58246,NORTHERN TRUST CORP,,,-0.004683,-0.1212667436117919,0.0001447806573042,-5.91323361325364e-11,-0.001534,4.867007661778127,69.07,235585.0,16271855.95,0.0050000000000025,69.08,69.07
2014-09-05,NTRS,58246,NORTHERN TRUST CORP,,,0.000724,0.0305705419703923,0.0001446759259259,8.864361269819418e-12,0.005036,5.015794723772736,69.12,235585.0,16283635.2,0.0050000000000025,69.11,69.1
2014-09-08,NTRS,58246,NORTHERN TRUST CORP,,,-0.007234,0.6274586466674452,0.0001457301078403,-5.4818915495797575e-11,-0.003073,8.16299849311289,68.62,235585.0,16165842.7,0.0050000000000025,68.62,68.61
2014-09-09,NTRS,58246,NORTHERN TRUST CORP,,,-0.005101,-0.5512677579715872,0.0001464772227919,-8.658462774828342e-11,-0.006545,3.6630006154891017,68.27,235585.0,16083387.95,0.0050000000000025,68.28,68.27
2014-09-10,NTRS,58246,NORTHERN TRUST CORP,,,0.008496,0.1456854874221853,0.000145243282498,1.2481320081529728e-10,0.003646,4.196646645584396,68.85,235585.0,16220027.249999998,0.0049999999999954,68.85,68.84
2014-09-11,NTRS,58246,NORTHERN TRUST CORP,,,0.003195,-0.1713691263084537,0.0001447806573042,5.646382013657395e-11,0.000882,3.477470976505295,69.07,235585.0,16271855.95,0.0050000000000025,69.08,69.07
2014-09-12,NTRS,58246,NORTHERN TRUST CORP,,,0.00695,0.3415006591475025,0.0001437814521927,9.092548598139934e-11,-0.005963,4.665029607148163,69.55,235585.0,16384936.75,0.0050000000000025,69.56,69.55
2014-09-15,NTRS,58246,NORTHERN TRUST CORP,,,-0.00302,-0.0628856308080628,0.0001442169022208,-4.228910259231631e-11,-0.00071,4.371666277564361,69.34,235585.0,16335463.9,0.0049999999999954,69.35,69.34
2014-09-16,NTRS,58246,NORTHERN TRUST CORP,,,-0.002307,0.0102204196722202,0.0001445504481064,-3.2052082925865846e-11,0.007484,4.416346541587962,69.18,235585.0,16297770.3,0.0050000000000025,69.18,69.17
2014-09-17,NTRS,58246,NORTHERN TRUST CORP,,,0.010335,0.1729745056106879,0.0001430717504829,1.2116160555300528e-10,0.001296,5.180261901224611,69.895,235585.0,16466213.575,0.0050000000000025,69.9,69.89
2014-09-18,NTRS,58246,NORTHERN TRUST CORP,,,0.006224,0.2965653658824378,0.0001421868334992,5.592876095065169e-11,0.004891,6.71654816732814,70.33,235585.0,16568693.05,0.0050000000000025,70.34,70.33
2014-09-19,NTRS,58246,NORTHERN TRUST CORP,,,-0.009953,-0.0090771892881202,0.0001436162573604,-9.116413478112549e-11,-0.000477,6.655580788250525,69.63,235585.0,16403783.55,0.0050000000000025,69.64,69.63
2014-09-22,NTRS,58246,NORTHERN TRUST CORP,,,-0.001436,-0.2954134525544419,0.0001438228102977,-1.8694517867004253e-11,-0.008013,4.689432688838424,69.53,235585.0,16380225.05,0.0050000000000025,69.54,69.53
2014-09-23,NTRS,58246,NORTHERN TRUST CORP,,,-0.006903,0.3175739527137116,0.0002896451846489,-6.868015213044704e-11,-0.005776,6.178674363817731,69.05,235585.0,16267144.25,0.0100000000000051,69.04,69.02
2014-09-24,NTRS,58246,NORTHERN TRUST CORP,,,0.002317,-0.2714909216317911,0.0001444877907817,3.1570341114006734e-11,0.007832,4.501220366322134,69.21,235585.0,16304837.849999998,0.0050000000000025,69.22,69.21
2014-09-25,NTRS,58246,NORTHERN TRUST CORP,,,-0.016327,0.0149261613323024,0.0001468860164513,-2.2283042482766935e-10,-0.016169,4.568406307702103,68.08,235585.0,16038626.8,0.0050000000000025,68.09,68.08
2014-09-26,NTRS,58246,NORTHERN TRUST CORP,,,0.008372,-0.3278203536731311,0.0001456664238893,1.6857414391417095e-10,0.008576,3.0707897361886367,68.65,235585.0,16172910.250000002,0.0050000000000025,68.65,68.64
2014-09-29,NTRS,58246,NORTHERN TRUST CORP,,,-0.006118,0.0563245750810028,0.0001465630954126,-1.1733808672236928e-10,-0.002547,3.2437506632425666,68.23,235585.0,16073964.55,0.0050000000000025,68.23,68.22
2014-09-30,NTRS,58246,NORTHERN TRUST CORP,,,-0.002931,0.4623929733740393,0.0001469939732471,-3.855282055848531e-11,-0.002786,4.745249570072822,68.03,235505.0,16021405.15,0.0050000000000025,68.04,68.03
2014-10-01,NTRS,58246,NORTHERN TRUST CORP,,,-0.011318,-0.2335042459710253,0.0001486767766873,-1.9644631320164496e-10,-0.013249,3.637213647268636,67.26,235505.0,15840066.3,0.0049999999999954,67.27,67.26
2014-10-02,NTRS,58246,NORTHERN TRUST CORP,,,0.001635,-0.2126906705954596,0.0001484340210777,3.598627280183374e-11,5e-06,2.863612237532112,67.37,235505.0,15865971.85,0.0050000000000025,67.37,67.36
2014-10-03,NTRS,58246,NORTHERN TRUST CORP,,,0.011133,-0.1505156473580023,0.0001467997651204,2.8527771311061565e-10,0.011166,2.432593787817668,68.12,235505.0,16042600.6,0.0050000000000025,68.12,68.11
2014-10-06,NTRS,58246,NORTHERN TRUST CORP,,,0.001468,0.2333318205303653,0.0002931691586046,3.0455425988090745e-11,-0.001565,3.0001953249400226,68.22,235505.0,16066151.1,0.0100000000000051,68.23,68.21
2014-10-07,NTRS,58246,NORTHERN TRUST CORP,,,-0.022867,0.3376382223190921,0.0004500450045004,-3.629573123608176e-10,-0.015126,4.013175941062823,66.66,235505.0,15698763.3,0.0150000000000005,66.66,66.63
2014-10-08,NTRS,58246,NORTHERN TRUST CORP,,,0.010801,0.3950639228968082,0.000148411991689,1.2157674720210938e-10,0.017462,5.598636971614191,67.38,235505.0,15868326.9,0.0050000000000025,67.37,67.36
2014-10-09,NTRS,58246,NORTHERN TRUST CORP,,,-0.028792,0.3197502933241916,0.0001528117359413,-2.528449802438075e-10,-0.020661,7.388802785503493,65.44,235505.0,15411447.2,0.0050000000000025,65.45,65.44
2014-10-10,NTRS,58246,NORTHERN TRUST CORP,,,-0.0136,-0.2639043733118786,0.0001549186676993,-1.6448799893140854e-10,-0.011451,5.43886541687013,64.55,235505.0,15201847.75,0.0049999999999954,64.55,64.54
2014-10-13,NTRS,58246,NORTHERN TRUST CORP,,,-0.011619,-0.1420531197301855,0.0001567398119121,-1.6572164253022727e-10,-0.016468,4.666257616611112,63.8,235505.0,15025219.0,0.004999999999999,63.8,63.79
2014-10-14,NTRS,58246,NORTHERN TRUST CORP,,,-0.000157,-0.1256489284547562,0.0001567643831321,-2.5614882012293225e-12,0.001579,4.079947347190081,63.79,235505.0,15022863.95,0.004999999999999,63.79,63.78
2014-10-15,NTRS,58246,NORTHERN TRUST CORP,,,-0.018812,1.3130026809651474,0.0003195398625977,-1.3523814087533643e-10,-0.0081,9.436929152247298,62.59,235505.0,14740257.95,0.009999999999998,62.61,62.59
2014-10-16,NTRS,58246,NORTHERN TRUST CORP,,,0.002716,-0.2585176499385361,0.0003186743148501,2.626123743731293e-11,0.000145,6.997316405171865,62.76,235505.0,14780293.8,0.009999999999998,62.76,62.74
2014-10-17,NTRS,58246,NORTHERN TRUST CORP,,,0.008604,0.0969195395602775,0.0003159557661926,7.519522698454029e-11,0.012884,7.675493089318699,63.3,235505.0,14907466.5,0.009999999999998,63.3,63.28
2014-10-20,NTRS,58246,NORTHERN TRUST CORP,,,0.004897,-0.3247668062426941,0.0001572079861656,6.307314806801609e-11,0.009143,5.1827477123627945,63.61,235505.0,14980473.05,0.004999999999999,63.6,63.59
2014-10-21,NTRS,58246,NORTHERN TRUST CORP,,,0.029241,0.4286284280287047,0.0001527417137621,2.561358633938074e-10,0.019574,7.404220717182225,65.47,235505.0,15418512.35,0.0050000000000025,65.47,65.46
2014-10-22,NTRS,58246,NORTHERN TRUST CORP,,,-0.054529,1.0610042489351854,0.0001615508885298,-2.451198649422944e-10,-0.007299,15.260130358166494,61.9,235505.0,14577759.5,0.004999999999999,61.91,61.9
2014-10-23,NTRS,58246,NORTHERN TRUST CORP,,,0.015509,-0.3661028588664428,0.0001590836780146,1.0830094610031966e-10,0.012303,9.673353007367147,62.86,235505.0,14803844.3,0.004999999999999,62.86,62.85
2014-10-24,NTRS,58246,NORTHERN TRUST CORP,,,0.012409,-0.3604954605172767,0.0003142677561282,1.3383996464321102e-10,0.007053,6.186153160230144,63.64,235505.0,14987538.2,0.0100000000000015,63.64,63.62
2014-10-27,NTRS,58246,NORTHERN TRUST CORP,,,0.0,-0.1212819263214974,0.0003142677561282,0.0,-0.001502,5.435884588437613,63.64,235505.0,14987538.2,0.0100000000000015,63.64,63.62
2014-10-28,NTRS,58246,NORTHERN TRUST CORP,,,0.008485,0.214078823413619,0.0001558117793706,8.506186302081764e-11,0.011939,6.599592365342562,64.18,235505.0,15114710.900000002,0.0050000000000025,64.18,64.17
2014-10-29,NTRS,58246,NORTHERN TRUST CORP,,,0.014335,0.1945185965846907,0.000153609831029,1.1860597004701584e-10,-0.001385,7.883335810280037,65.1,235505.0,15331375.499999998,0.0049999999999954,65.1,65.09
2014-10-30,NTRS,58246,NORTHERN TRUST CORP,,,0.001997,-0.3068090802099577,0.0001533036946191,2.3788533090865996e-11,0.00623,5.464656801341797,65.23,235505.0,15361991.15,0.0050000000000025,65.22,65.21
2014-10-31,NTRS,58246,NORTHERN TRUST CORP,,,0.016403,0.1890129717146067,0.0001508295625943,1.6168142930089666e-10,0.011731,6.497547822763848,66.3,235505.0,15613981.5,0.0050000000000025,66.29,66.28
2014-11-03,NTRS,58246,NORTHERN TRUST CORP,,,-0.007692,-0.1005035273051649,0.0001519987840098,-8.494353055133319e-11,-0.000119,5.844521347742086,65.79,235505.0,15493873.95,0.0050000000000025,65.79,65.78
2014-11-04,NTRS,58246,NORTHERN TRUST CORP,,,0.001824,-0.3653566441492167,0.0001517220452132,3.168069520851224e-11,-0.00283,3.70918664147258,65.91,235505.0,15522134.55,0.0050000000000025,65.92,65.91
2014-11-05,NTRS,58246,NORTHERN TRUST CORP,,,0.005765,0.0816352463332767,0.0001508523155831,9.204318594054775e-11,0.005701,4.011987006645295,66.29,235505.0,15611626.45,0.0050000000000025,66.29,66.28
2014-11-06,NTRS,58246,NORTHERN TRUST CORP,,,0.008146,-0.1326664853314254,0.0001496333981745,1.487397908379138e-10,0.003776,3.4797307912783166,66.83,235505.0,15738799.15,0.0050000000000025,66.83,66.82
2014-11-07,NTRS,58246,NORTHERN TRUST CORP,,,0.001047,-0.1059824721108391,0.0002989536621823,2.136135276881019e-11,0.00035,3.110940319738434,66.9,235505.0,15755284.500000002,0.009999999999998,66.91,66.89
2014-11-10,NTRS,58246,NORTHERN TRUST CORP,,,0.004933,-0.0792378815301334,0.0001487431206307,1.08769904945248e-10,0.00312,2.864435999235685,67.23,235505.0,15833001.15,0.0050000000000025,67.23,67.22
2014-11-11,NTRS,58246,NORTHERN TRUST CORP,,,0.005206,0.193983299460857,0.0001479727730098,9.564196028655391e-11,0.000697,3.42008874546188,67.58,235505.0,15915427.9,0.0050000000000025,67.59,67.58
2014-11-12,NTRS,58246,NORTHERN TRUST CORP,,,0.004143,-0.0085194823253642,0.0001473622163278,7.645033374562041e-11,-0.000701,3.39095135984374,67.86,235505.0,15981369.3,0.0050000000000025,67.86,67.85
2014-11-13,NTRS,58246,NORTHERN TRUST CORP,,,-0.00501,0.0238296188513196,0.0001481042654029,-9.075193852227039e-11,0.00053,3.471756438292181,67.52,235505.0,15901297.6,0.0050000000000025,67.54,67.53
2014-11-14,NTRS,58246,NORTHERN TRUST CORP,,,0.003999,0.2928049353241619,0.0001475143826521,5.580889031469492e-11,0.00024,4.488303857667566,67.79,235505.0,15964883.95,0.0049999999999954,67.8,67.79
2014-11-17,NTRS,58246,NORTHERN TRUST CORP,,,0.00059,-0.0069733911816071,0.0001474273920095,8.286801304206733e-12,0.000735,4.457005159126133,67.83,235505.0,15974304.15,0.0050000000000025,67.83,67.82
2014-11-18,NTRS,58246,NORTHERN TRUST CORP,,,0.004275,-0.0778566508550017,0.0001467997651202,6.483653133141582e-11,0.005134,4.1099976645931084,68.12,235505.0,16042600.6,0.0049999999999954,68.13,68.12
2014-11-19,NTRS,58246,NORTHERN TRUST CORP,,,0.00022,-0.2096722370018338,0.0001467674469803,4.220884566047278e-12,-0.001501,3.2482452601855587,68.135,235505.0,16046133.175,0.0050000000000025,68.14,68.13
2014-11-20,NTRS,58246,NORTHERN TRUST CORP,,,0.002568,0.0317224809079477,0.0002927829014784,4.763200850160126e-11,0.001967,3.351287658436126,68.31,235505.0,16087346.55,0.009999999999998,68.31,68.29
2014-11-21,NTRS,58246,NORTHERN TRUST CORP,,,-0.005709,0.9467453072239926,0.0001472320376914,-5.470680982572343e-11,0.005237,6.524103522218212,67.92,235505.0,15995499.6,0.0050000000000025,67.92,67.91
2014-11-24,NTRS,58246,NORTHERN TRUST CORP,,,-0.00265,-0.1765767911802397,0.0002952465308532,-3.092121867821619e-11,0.002864,5.37209825693722,67.74,235505.0,15953108.7,0.009999999999998,67.74,67.72
2014-11-25,NTRS,58246,NORTHERN TRUST CORP,,,0.001624,-0.1011155936501111,0.0001473839351511,2.1046905300984705e-11,-0.00115,4.828895352540286,67.85,235505.0,15979014.249999998,0.0050000000000025,67.86,67.85
2014-11-26,NTRS,58246,NORTHERN TRUST CORP,,,-0.003537,-0.1630419203168402,0.000147907114332,-5.4963260996959406e-11,0.002806,4.041582981253052,67.61,235505.0,15922493.05,0.0049999999999954,67.6,67.59
2014-11-28,NTRS,58246,NORTHERN TRUST CORP,,,0.001775,-0.5863021412819536,0.0001476450612725,6.655525881279938e-11,-0.002542,1.6719942251756863,67.73,235505.0,15950753.65,0.0049999999999954,67.74,67.73
2014-12-01,NTRS,58246,NORTHERN TRUST CORP,,,-0.014026,1.0781485309691363,0.0001497454327643,-2.5667048434092244e-10,-0.006829,3.474652342837732,66.78,235505.0,15727023.9,0.0050000000000025,66.79,66.78
2014-12-02,NTRS,58246,NORTHERN TRUST CORP,,,0.013327,-0.1753236595958929,0.000147775971627,2.91837567312884e-10,0.006384,2.865463578267977,67.67,235505.0,15936623.35,0.0050000000000025,67.67,67.66
2014-12-03,NTRS,58246,NORTHERN TRUST CORP,,,0.007389,0.06454208535174,0.0002948113207546,1.5161492909498538e-10,0.003765,3.050406573108851,67.84,235505.0,15976659.2,0.009999999999998,67.86,67.84
2014-12-04,NTRS,58246,NORTHERN TRUST CORP,,,-0.00457,0.0160164591180784,0.0001480823337776,-9.27173150772364e-11,-0.001162,3.0992632852805677,67.53,235505.0,15903652.65,0.0050000000000025,67.54,67.53
2014-12-05,NTRS,58246,NORTHERN TRUST CORP,,,0.012291,0.2908183676489124,0.0001462843768284,1.9083649192595782e-10,0.001665,4.000585974820067,68.36,235505.0,16099121.8,0.0049999999999954,68.35,68.34
2014-12-08,NTRS,58246,NORTHERN TRUST CORP,,,0.004535,-0.2798373521214063,0.000145623998835,9.733205917061449e-11,-0.007257,2.8810725886923843,68.67,235505.0,16172128.35,0.0050000000000025,68.68,68.67
2014-12-09,NTRS,58246,NORTHERN TRUST CORP,,,-0.004223,-0.1628104057880022,0.0002924831822171,-1.0872109824347326e-10,-0.000238,2.4120039914226874,68.38,235505.0,16103831.9,0.0100000000000051,68.4,68.38
2014-12-10,NTRS,58246,NORTHERN TRUST CORP,,,-0.018865,0.41537288812916,0.00014905351021,-3.497437732344889e-10,-0.016351,3.4138850555189912,67.09,235505.0,15800030.45,0.0049999999999954,67.1,67.09
2014-12-11,NTRS,58246,NORTHERN TRUST CORP,,,-0.003428,0.1010103397194233,0.0002991325157043,-5.7920728686400035e-11,0.004536,3.758722744740026,66.86,235505.0,15745864.3,0.009999999999998,66.88,66.86
2014-12-12,NTRS,58246,NORTHERN TRUST CORP,,,-0.014358,0.2258229232329942,0.0004552352048558,-2.007892103961364e-10,-0.016214,4.607528502579563,65.9,235505.0,15519779.500000002,0.0150000000000005,65.93,65.9
2014-12-15,NTRS,58246,NORTHERN TRUST CORP,,,-0.003794,-0.2013996918245021,0.0003046458492002,-6.669065151241785e-11,-0.006343,3.679573682087429,65.65,235505.0,15460903.250000002,0.009999999999998,65.67,65.65
2014-12-16,NTRS,58246,NORTHERN TRUST CORP,,,-0.014014,0.0108094322595833,0.0004634636181059,-2.47166486633642e-10,-0.008489,3.719347784548099,64.73,235505.0,15244238.65,0.0150000000000005,64.76,64.73
2014-12-17,NTRS,58246,NORTHERN TRUST CORP,,,0.025181,0.1633313354453862,0.0001506931886679,3.723884885976117e-10,0.020352,4.3268338251841785,66.36,235505.0,15628111.8,0.0050000000000025,66.36,66.35
2014-12-18,NTRS,58246,NORTHERN TRUST CORP,,,0.025166,0.1322573015855881,0.0001469939732471,3.2062563537793303e-10,0.024015,4.899089191312286,68.03,235505.0,16021405.15,0.0050000000000025,68.03,68.02
2014-12-19,NTRS,58246,NORTHERN TRUST CORP,,,-0.01073,1.5878388919706006,0.0008915304606241,-5.339885490609706e-11,0.00457,12.678053544510732,67.3,235505.0,15849486.5,0.0300000000000011,67.36,67.3
2014-12-22,NTRS,58246,NORTHERN TRUST CORP,,,0.008321,-0.7588293708940315,0.0001473622163278,1.7028819288893518e-10,0.00381,3.0575741491688078,67.86,235505.0,15981369.3,0.0050000000000025,67.86,67.85
2014-12-23,NTRS,58246,NORTHERN TRUST CORP,,,0.012378,-0.1582226271188794,0.0002911208151382,2.9724828916175245e-10,0.001746,2.573796734676546,68.7,235505.0,16179193.5,0.009999999999998,68.7,68.68
2014-12-24,NTRS,58246,NORTHERN TRUST CORP,,,-0.005386,-0.5172220370804201,0.0004390458071125,-2.6936000586722707e-10,-0.000139,1.2425723445362091,68.33,235505.0,16092056.65,0.0150000000000005,68.36,68.33
2014-12-26,NTRS,58246,NORTHERN TRUST CORP,,,-0.002634,0.3217078104923589,0.0001467351430666,-9.992925244144063e-11,0.00331,1.6423175728753103,68.15,235505.0,16049665.750000002,0.0049999999999954,68.16,68.15
2014-12-29,NTRS,58246,NORTHERN TRUST CORP,,,0.002348,0.2032065237063505,0.0002927829014784,7.386119967935595e-11,0.000862,1.9760472176811528,68.31,235505.0,16087346.55,0.009999999999998,68.31,68.29
2014-12-30,NTRS,58246,NORTHERN TRUST CORP,,,-0.003367,-0.1940718010868795,0.0001468860164511,-1.3186506940102075e-10,-0.004889,1.592552175113055,68.08,235505.0,16033180.4,0.0049999999999954,68.07,68.06
2014-12-31,NTRS,58246,NORTHERN TRUST CORP,,,-0.009988,0.7059490100092254,0.0004451038575667,-2.3161079076436526e-10,-0.010311,2.74142104879794,67.4,233391.0,15730553.400000002,0.0150000000000005,67.43,67.4
2015-01-02,NTRS,58246,NORTHERN TRUST CORP,,,0.002226,0.0566406646838266,0.0001480384900074,4.874304299399268e-11,-0.00034,2.896696959180088,67.55,233391.0,15765562.05,0.0050000000000025,67.54,67.53
2015-01-05,NTRS,58246,NORTHERN TRUST CORP,,,-0.036714,1.1023972617936493,0.000307361303212,-3.969620103564223e-10,-0.018278,6.090007755226209,65.07,233391.0,15186752.37,0.0100000000000051,65.09,65.07
2015-01-06,NTRS,58246,NORTHERN TRUST CORP,,,-0.028124,0.0722804257633396,0.0001581277672358,-2.9179302033826113e-10,-0.008893,6.530196108675999,63.24,233391.0,14759646.84,0.004999999999999,63.22,63.21
2015-01-07,NTRS,58246,NORTHERN TRUST CORP,,,0.016129,-0.4759964805204946,0.0001556178026767,3.1428393937744536e-10,0.01163,3.4218457438375944,64.26,233391.0,14997705.660000002,0.0050000000000025,64.25,64.24
2015-01-08,NTRS,58246,NORTHERN TRUST CORP,,,0.015562,0.0033720330366577,0.0003064664419245,2.9758553496231646e-10,0.017888,3.433384320732162,65.26,233391.0,15231096.660000002,0.009999999999998,65.28,65.26
2015-01-09,NTRS,58246,NORTHERN TRUST CORP,,,-0.017622,0.3044984469394911,0.0004679457182966,-2.6295372615085913e-10,-0.008404,4.478844514141505,64.11,233391.0,14962697.01,0.0150000000000005,64.14,64.11
2015-01-12,NTRS,58246,NORTHERN TRUST CORP,,,-0.012011,0.0541928707135217,0.0001578781180929,-1.7208021594152744e-10,-0.008094,4.721565955842342,63.34,233391.0,14782985.94,0.0050000000000025,63.34,63.33
2015-01-13,NTRS,58246,NORTHERN TRUST CORP,,,0.001895,0.0181610949834432,0.0003151591553734,2.6614755621858847e-11,-0.002579,4.807314763636987,63.46,233391.0,14810992.86,0.009999999999998,63.47,63.45
2015-01-14,NTRS,58246,NORTHERN TRUST CORP,,,-0.019067,0.1935803006103473,0.000160642570281,-2.2872029614809987e-10,-0.005813,5.737916200710396,62.25,233391.0,14528589.75,0.004999999999999,62.26,62.25
2015-01-15,NTRS,58246,NORTHERN TRUST CORP,,,-0.00739,-0.0891703716757593,0.0001618384851918,-9.805072014540888e-11,-0.009248,5.226264080448689,61.79,233391.0,14421229.89,0.0050000000000025,61.81,61.8
2015-01-16,NTRS,58246,NORTHERN TRUST CORP,,,0.008254,0.003545770776782,0.0001605136436596,1.0823401706145762e-10,0.013424,5.2447952148968895,62.3,233391.0,14540259.3,0.004999999999999,62.29,62.28
2015-01-20,NTRS,58246,NORTHERN TRUST CORP,,,0.002247,0.1631582043121082,0.0001601537475977,2.527485945099465e-11,0.00155,6.1005265841442045,62.44,233391.0,14572934.04,0.0050000000000025,62.45,62.44
2015-01-21,NTRS,58246,NORTHERN TRUST CORP,,,0.06214,1.3601026261967908,0.0001507840772013,2.7883315603834354e-10,0.004732,14.397868812422074,66.32,233391.0,15478491.12,0.0049999999999954,66.35,66.34
2015-01-22,NTRS,58246,NORTHERN TRUST CORP,,,0.025332,-0.3343612076541223,0.0004411764705882,1.6654807819349432e-10,0.01527,9.583780008655005,68.0,233391.0,15870588.0,0.0150000000000005,68.03,68.0
2015-01-23,NTRS,58246,NORTHERN TRUST CORP,,,-0.016471,-0.1669663550265383,0.0001495215311003,-1.321722306439683e-10,-0.005492,7.983611193233672,66.88,233391.0,15609190.079999998,0.0049999999999954,66.88,66.87
2015-01-26,NTRS,58246,NORTHERN TRUST CORP,,,0.010915,-0.4915534403153969,0.000147907114332,1.7040565690327702e-10,0.002568,4.05923964505915,67.61,233391.0,15779565.51,0.0049999999999954,67.6,67.59
2015-01-27,NTRS,58246,NORTHERN TRUST CORP,,,-0.019302,0.3576636865493618,0.0004524545660204,-2.2632630516591727e-10,-0.013388,5.511082261098329,66.305,233391.0,15474990.255,0.0149999999999934,66.32,66.29
2015-01-28,NTRS,58246,NORTHERN TRUST CORP,,,-0.022095,0.1855280169984225,0.0003084515731029,-2.2346945994449647e-10,-0.013496,6.533542424515084,64.84,233391.0,15133072.44,0.009999999999998,64.86,64.84
2015-01-29,NTRS,58246,NORTHERN TRUST CORP,,,0.024136,-0.0824135827972221,0.0001505910699494,2.5976744313196015e-10,0.009535,5.995089784953147,66.405,233391.0,15498329.355,0.0049999999999954,66.41,66.4
2015-01-30,NTRS,58246,NORTHERN TRUST CORP,,,-0.015436,0.1227186963979416,0.0004588559192413,-1.5029312069642962e-10,-0.012992,6.728031967518534,65.38,233487.0,15265380.06,0.0150000000000005,65.41,65.38
2015-02-02,NTRS,58246,NORTHERN TRUST CORP,,,0.01889,-0.2048649570821461,0.0001501163401637,2.2702217510518995e-10,0.012962,5.349693987245543,66.615,233487.0,15553736.505,0.0050000000000025,66.62,66.61
2015-02-03,NTRS,58246,NORTHERN TRUST CORP,,,0.022893,0.0612464814215858,0.0002935133548575,2.5345021872425065e-10,0.014439,5.677343920646545,68.14,233487.0,15909804.18,0.009999999999998,68.14,68.12
2015-02-04,NTRS,58246,NORTHERN TRUST CORP,,,-0.005724,-0.0526008874565663,0.0001476014760148,-6.727433961204936e-11,-0.004156,5.378710592024396,67.75,233487.0,15818744.25,0.0050000000000025,67.75,67.74
2015-02-05,NTRS,58246,NORTHERN TRUST CORP,,,0.011144,-0.2184058879221313,0.0002919494927376,1.6572829843707628e-10,0.010291,4.203968529297135,68.505,233487.0,15995026.935,0.009999999999998,68.52,68.5
2015-02-06,NTRS,58246,NORTHERN TRUST CORP,,,0.016203,0.5271513449853908,0.0004309416074122,1.5527029001382038e-10,-0.003418,6.420096193792374,69.615,233487.0,16254197.505,0.0150000000000005,69.63,69.6
2015-02-09,NTRS,58246,NORTHERN TRUST CORP,,,-0.009696,-0.5264404683360807,0.0001450536698579,-1.9812647145839214e-10,-0.004247,3.0402977467696277,68.94,233487.0,16096593.78,0.0050000000000025,68.95,68.94
2015-02-10,NTRS,58246,NORTHERN TRUST CORP,,,0.013925,0.8848535647372053,0.0004291845493562,1.4888864930557867e-10,0.010676,5.730516045861226,69.9,233487.0,16320741.3,0.0150000000000005,69.92,69.89
2015-02-11,NTRS,58246,NORTHERN TRUST CORP,,,0.009728,-0.0122720386606587,0.0001416831963729,1.0429130975064487e-10,-2.9e-05,5.660190931400892,70.58,233487.0,16479512.46,0.0050000000000025,70.58,70.57
2015-02-12,NTRS,58246,NORTHERN TRUST CORP,,,0.000142,0.1276773803497477,0.0004249893752656,1.3497909345845617e-12,0.009645,6.382869281801557,70.59,233487.0,16481847.33,0.0150000000000005,70.59,70.56
2015-02-13,NTRS,58246,NORTHERN TRUST CORP,,,-0.007225,-0.0805378989839074,0.000142694063927,-7.523696530458122e-11,0.004075,5.868806400356337,70.08,233487.0,16362768.96,0.0050000000000025,70.08,70.07
2015-02-17,NTRS,58246,NORTHERN TRUST CORP,,,0.001855,-0.32341037298674,0.0001424298532973,2.8497523294230425e-11,0.001598,3.970773533430127,70.21,233487.0,16393122.269999998,0.0050000000000025,70.2,70.19
2015-02-18,NTRS,58246,NORTHERN TRUST CORP,,,-0.01467,0.074568234669796,0.0001445504481064,-2.128519995544054e-10,-0.000314,4.26686710609156,69.18,233487.0,16152630.660000002,0.0050000000000025,69.18,69.17
2015-02-19,NTRS,58246,NORTHERN TRUST CORP,,,0.006505,0.4582427443493553,0.0001436162573602,6.430566884103836e-11,-0.001062,6.222127998560948,69.63,233487.0,16257699.81,0.0049999999999954,69.63,69.62
2015-02-20,NTRS,58246,NORTHERN TRUST CORP,,,0.006463,-0.04113957595957,0.000285388127854,6.6203815968039e-11,0.006126,5.966152291133982,70.08,233487.0,16362768.96,0.0100000000000051,70.09,70.07
2015-02-23,NTRS,58246,NORTHERN TRUST CORP,,,0.000856,-0.2105534813236574,0.0,1.1097579099990268e-11,-0.000303,4.70727677424878,70.14,233620.0,16386106.8,0.0,70.15,70.15
2015-02-24,NTRS,58246,NORTHERN TRUST CORP,,,0.013544,0.3851410457628075,0.0004220002813335,1.2507331999747924e-10,0.002759,6.52024227377793,71.09,233620.0,16608045.8,0.0150000000000005,71.11,71.08
2015-02-25,NTRS,58246,NORTHERN TRUST CORP,,,0.000352,-0.4179998280003597,0.0004218519299725,5.5832179724910156e-12,-0.000766,3.794782124818081,71.115,233620.0,16613886.3,0.0150000000000005,71.13,71.1
2015-02-26,NTRS,58246,NORTHERN TRUST CORP,,,-0.013148,0.6788436354038241,0.0002849814762039,-1.2587492278837694e-10,-0.001476,6.3708458179950345,70.18,233620.0,16395451.6,0.009999999999998,70.19,70.17
2015-02-27,NTRS,58246,NORTHERN TRUST CORP,,,-0.004987,-0.2700407227567042,0.0001432049262495,-6.573422988900186e-11,-0.002956,4.650458008732129,69.83,233620.0,16313684.6,0.0050000000000025,69.84,69.83
2015-03-02,NTRS,58246,NORTHERN TRUST CORP,,,0.009738,-0.3973298111262472,0.0004254715643171,2.1092769127448247e-10,0.006125,2.8026924064720484,70.51,233620.0,16472546.2,0.0150000000000005,70.52,70.49
2015-03-03,NTRS,58246,NORTHERN TRUST CORP,,,-0.004822,0.2767680007330875,0.0004275331338178,-8.220122383947095e-11,-0.004539,3.578387980481123,70.17,233620.0,16393115.4,0.0150000000000005,70.18,70.15
2015-03-04,NTRS,58246,NORTHERN TRUST CORP,,,-0.006698,-0.1069938025055533,0.0001441545336601,-1.2933662672968287e-10,-0.004389,3.19552264360928,69.37,233620.0,16206219.4,0.0050000000000025,69.37,69.36
2015-03-05,NTRS,58246,NORTHERN TRUST CORP,,,0.001586,-0.2679609075492473,0.0001439263097292,4.176929838898028e-11,0.001196,2.3392474959335674,69.48,233620.0,16231917.6,0.0049999999999954,69.49,69.48
2015-03-06,NTRS,58246,NORTHERN TRUST CORP,,,0.012665,2.250776310853713,0.0002842524161454,1.0132254369840664e-10,-0.014174,7.604370345004709,70.36,233620.0,16437503.2,0.009999999999998,70.38,70.36
2015-03-09,NTRS,58246,NORTHERN TRUST CORP,,,0.002132,-0.4535581382389181,0.0002836477095446,3.114721668679141e-11,0.003944,4.155346288845133,70.51,233620.0,16472546.2,0.009999999999998,70.53,70.51
2015-03-10,NTRS,58246,NORTHERN TRUST CORP,,,-0.016026,0.2920716707939661,0.0005765350245026,-1.841564764981956e-10,-0.016961,5.3690052221556375,69.38,233620.0,16208555.6,0.019999999999996,69.41,69.37
2015-03-11,NTRS,58246,NORTHERN TRUST CORP,,,0.006342,-0.3264360320081129,0.0002864508736753,1.0751367338622763e-10,-0.001918,3.616368461604315,69.82,233620.0,16311348.4,0.0100000000000051,69.84,69.82
2015-03-12,NTRS,58246,NORTHERN TRUST CORP,,,0.015468,0.2892410067514464,0.0001410437235543,2.002954689662209e-10,0.012601,4.662370516222926,70.9,233620.0,16563658.000000002,0.0050000000000025,70.9,70.89
2015-03-13,NTRS,58246,NORTHERN TRUST CORP,,,-0.000423,-0.2694820068984955,0.0002822068576267,-7.501190828674034e-12,-0.006075,3.405945552606797,70.87,233620.0,16556649.4,0.0100000000000051,70.87,70.85
2015-03-16,NTRS,58246,NORTHERN TRUST CORP,,,0.01411,-0.1138913430614919,0.0001391401140949,2.7844836284970766e-10,0.013534,3.0180378392260936,71.87,233620.0,16790269.400000002,0.0050000000000025,71.87,71.86
2015-03-17,NTRS,58246,NORTHERN TRUST CORP,,,0.003061,0.5223692832241722,0.0001387154945208,3.9557933070300063e-11,-0.00332,4.594568102046058,72.09,233620.0,16841665.8,0.0050000000000025,72.08,72.07
2015-03-18,NTRS,58246,NORTHERN TRUST CORP,,,-0.01082,0.7763249464543411,0.0004206983592764,-7.957922338831093e-11,0.012158,8.161445937847787,71.31,233620.0,16659442.2,0.0150000000000005,71.31,71.28
2015-03-19,NTRS,58246,NORTHERN TRUST CORP,,,-0.005329,-0.4258613283739196,0.0001409840688,-6.863123792578239e-11,-0.004873,4.685801729303998,70.93,233620.0,16570666.6,0.0049999999999954,70.94,70.93
2015-03-20,NTRS,58246,NORTHERN TRUST CORP,,,0.005921,0.2759019162380092,0.0001401541695866,5.941414694950436e-11,0.009013,5.978623405530349,71.35,233620.0,16668786.999999998,0.0050000000000025,71.36,71.35
2015-03-23,NTRS,58246,NORTHERN TRUST CORP,,,-0.00883,-0.3956022870627452,0.0001414027149321,-1.4790553329400655e-10,-0.001746,3.613466312815683,70.72,233620.0,16521606.4,0.0050000000000025,70.72,70.71
2015-03-24,NTRS,58246,NORTHERN TRUST CORP,,,-0.015413,0.3195392440930704,0.0002872325147206,-1.9871673474672603e-10,-0.006139,4.768110606968581,69.63,233620.0,16266960.6,0.009999999999998,69.64,69.62
2015-03-25,NTRS,58246,NORTHERN TRUST CORP,,,-0.011202,0.1414286047726689,0.0001452432824982,-1.2796362395128324e-10,-0.014559,5.442457837513912,68.85,233620.0,16084736.999999998,0.0050000000000025,68.86,68.85
2015-03-26,NTRS,58246,NORTHERN TRUST CORP,,,0.011184,0.2346698734611279,0.0004309106578569,1.0233099461542393e-10,-0.002377,6.719638729560825,69.62,233620.0,16264624.4,0.0150000000000005,69.63,69.6
2015-03-27,NTRS,58246,NORTHERN TRUST CORP,,,-0.004165,-0.5609921253221661,0.0002884754074716,-8.716969992431886e-11,0.002369,2.9499743172673574,69.33,233620.0,16196874.6,0.0100000000000051,69.34,69.32
2015-03-30,NTRS,58246,NORTHERN TRUST CORP,,,0.008654,0.0734010183219597,0.000143000143,1.672873513567577e-10,0.012237,3.1665054361784093,69.93,233620.0,16337046.6,0.0049999999999954,69.94,69.93
2015-03-31,NTRS,58246,NORTHERN TRUST CORP,,,-0.004004,0.4008710945051024,0.0001435750179469,-5.5473365697548726e-11,-0.008796,4.440636931211944,69.65,233369.0,16254150.85,0.0050000000000025,69.67,69.66
2015-04-01,NTRS,58246,NORTHERN TRUST CORP,,,0.005743,0.2691490070027511,0.0005710206995002,6.23346651156786e-11,-0.003965,5.6358299517073815,70.05,233369.0,16347498.45,0.019999999999996,70.08,70.04
2015-04-02,NTRS,58246,NORTHERN TRUST CORP,,,0.009279,-0.2495529292259592,0.0001414427157,1.3297213692900598e-10,0.00353,4.229392078639408,70.7,233369.0,16499188.3,0.0049999999999954,70.71,70.7
2015-04-06,NTRS,58246,NORTHERN TRUST CORP,,,-0.003748,-0.0661067933524415,0.0004259246113438,-5.7728827151381353e-11,0.006609,3.9498005304903394,70.435,233369.0,16437345.515,0.0150000000000005,70.45,70.42
2015-04-07,NTRS,58246,NORTHERN TRUST CORP,,,0.008022,0.0212484581144136,0.0001408450704226,1.2002578803879733e-10,-0.002062,4.033727701622752,71.0,233369.0,16569199.0,0.0050000000000025,71.01,71.0
2015-04-08,NTRS,58246,NORTHERN TRUST CORP,,,0.002535,-0.1853726627906606,0.0001404889013766,4.644203667617735e-11,0.002683,3.285984856600491,71.18,233369.0,16611205.420000002,0.0049999999999954,71.19,71.18
2015-04-09,NTRS,58246,NORTHERN TRUST CORP,,,0.000351,0.1632046549050854,0.0001404395758723,5.526265821887981e-12,0.004457,3.822272881145311,71.205,233369.0,16617039.645,0.0049999999999954,71.21,71.2
2015-04-10,NTRS,58246,NORTHERN TRUST CORP,,,-0.004845,0.2865078475336322,0.0004233700254022,-5.958203596524428e-11,0.005203,4.917384057008428,70.86,233369.0,16536527.34,0.0150000000000005,70.88,70.85
2015-04-13,NTRS,58246,NORTHERN TRUST CORP,,,0.008397,0.0851097759168326,0.0001399482191587,9.437143510997751e-11,-0.004581,5.335901512197421,71.455,233369.0,16675381.895,0.0049999999999954,71.46,71.45
2015-04-14,NTRS,58246,NORTHERN TRUST CORP,,,-0.001609,-0.4169039714623918,0.0001401738155311,-3.106217666791013e-11,0.00163,3.1113429804301345,71.34,233369.0,16648544.46,0.0049999999999954,71.35,71.34
2015-04-15,NTRS,58246,NORTHERN TRUST CORP,,,-0.002663,0.8868323667419098,0.0001405481377372,-2.731944616500417e-11,0.005148,5.870582639510817,71.15,233369.0,16604204.35,0.0050000000000025,71.15,71.14
2015-04-16,NTRS,58246,NORTHERN TRUST CORP,,,-0.002038,-0.366647883376204,0.0001408351524541,-3.307848803749673e-11,-0.000778,3.7181459405490873,71.005,233369.0,16570365.845,0.0050000000000025,71.01,71.0
2015-04-17,NTRS,58246,NORTHERN TRUST CORP,,,-0.016548,0.5707122277284775,0.0002864098524988,-1.738750420664149e-10,-0.011311,5.840137293299453,69.83,233369.0,16296157.27,0.009999999999998,69.85,69.83
2015-04-20,NTRS,58246,NORTHERN TRUST CORP,,,0.005728,-0.1684751784237662,0.0001423892923252,7.196791172248289e-11,0.009235,4.856219120791536,70.23,233369.0,16389504.87,0.0050000000000025,70.25,70.24
2015-04-21,NTRS,58246,NORTHERN TRUST CORP,,,0.023637,0.8882908273338446,0.0004173042147725,1.5364327231539094e-10,-0.001481,9.169954021313885,71.89,233369.0,16776897.41,0.0150000000000005,71.92,71.89
2015-04-22,NTRS,58246,NORTHERN TRUST CORP,,,0.027194,-0.0003392550314652,0.000135418782585,1.7214286893161603e-10,0.005088,9.166843068273849,73.845,233369.0,17233133.805,0.0049999999999954,73.85,73.84
2015-04-23,NTRS,58246,NORTHERN TRUST CORP,,,-0.000745,-0.1885654692259976,0.0001355197181188,-5.816239953789363e-12,0.002358,7.438293003783707,73.79,233369.0,17220298.51,0.0049999999999954,73.8,73.79
2015-04-24,NTRS,58246,NORTHERN TRUST CORP,,,-0.009351,-0.1782048970341622,0.0001367989056086,-8.967279037462799e-11,0.002253,6.112752764934503,73.1,233369.0,17059273.9,0.0049999999999954,73.1,73.09
2015-04-27,NTRS,58246,NORTHERN TRUST CORP,,,-0.001231,0.1384782762611573,0.0001369675386932,-1.0381759415018369e-11,-0.004141,6.959236231033256,73.01,233369.0,17038270.69,0.0049999999999954,73.02,73.01
2015-04-28,NTRS,58246,NORTHERN TRUST CORP,,,0.007259,-0.471809712635539,0.0001359804188195,1.150689144098316e-10,0.002769,3.675800984706624,73.54,233369.0,17161956.26,0.0049999999999954,73.55,73.54
2015-04-29,NTRS,58246,NORTHERN TRUST CORP,,,0.00272,0.3464394545229874,0.0001356116083537,3.193624023567067e-11,-0.00374,4.949243472783446,73.74,233369.0,17208630.06,0.0050000000000025,73.75,73.74
2015-04-30,NTRS,58246,NORTHERN TRUST CORP,,,-0.008001,0.0342917748917748,0.0001367053998631,-9.155981040678815e-11,-0.010129,5.118961815836722,73.15,233369.0,17070942.35,0.0049999999999954,73.16,73.15
2015-05-01,NTRS,58246,NORTHERN TRUST CORP,,,0.007519,-0.1718205234022569,0.000271370420624,1.0312004119239008e-10,0.010923,4.2394191173634885,73.7,233369.0,17199295.3,0.009999999999998,73.7,73.68
2015-05-04,NTRS,58246,NORTHERN TRUST CORP,,,0.011533,-0.2768689309839096,0.000134138162307,2.1623605219926302e-10,0.002941,3.06565567834631,74.55,233369.0,17397658.95,0.0049999999999954,74.55,74.54
2015-05-05,NTRS,58246,NORTHERN TRUST CORP,,,0.000134,1.9509650852844935,0.0004023605150214,8.512718798777497e-13,-0.011837,9.04664287030411,74.56,233369.0,17399992.64,0.0150000000000005,74.56,74.53
2015-05-06,NTRS,58246,NORTHERN TRUST CORP,,,-0.004426,-0.517135703479433,0.0001347164219317,-5.848927567771423e-11,-0.004456,4.368300845442197,74.23,233369.0,17322980.87,0.0049999999999954,74.24,74.23
2015-05-07,NTRS,58246,NORTHERN TRUST CORP,,,0.005523,-0.0254349016014894,0.0001339764201501,7.447951714889385e-11,0.003774,4.257193543272671,74.64,233369.0,17418662.16,0.0050000000000025,74.65,74.64
2015-05-08,NTRS,58246,NORTHERN TRUST CORP,,,0.008173,0.098311318504233,0.0002657807308969,9.953663976988267e-11,0.013458,4.675723853639515,75.25,233369.0,17561017.25,0.009999999999998,75.25,75.23
2015-05-11,NTRS,58246,NORTHERN TRUST CORP,,,-0.002658,-0.1689958200791994,0.0001332445036642,-3.9057914692380064e-11,-0.00509,3.8855460665298303,75.05,233369.0,17514343.45,0.0050000000000025,75.06,75.05
2015-05-12,NTRS,58246,NORTHERN TRUST CORP,,,-0.005463,0.1512110070293768,0.0001339764201501,-7.011475307767879e-11,-0.00295,4.47308340010884,74.64,233369.0,17418662.16,0.0050000000000025,74.64,74.63
2015-05-13,NTRS,58246,NORTHERN TRUST CORP,,,0.001206,0.3740318561825653,0.0001338150675766,1.1251368868615407e-11,-0.000305,6.14615908711097,74.73,233369.0,17439665.37,0.0050000000000025,74.73,74.72
2015-05-14,NTRS,58246,NORTHERN TRUST CORP,,,0.003747,-0.1843315626954319,0.0001333155579256,4.269764358503403e-11,0.010779,5.013227978009076,75.01,233369.0,17505008.69,0.0050000000000025,75.0,74.99
2015-05-15,NTRS,58246,NORTHERN TRUST CORP,,,-0.003866,-0.0859554230502285,0.0001338329764454,-4.8383467549856586e-11,0.000768,4.582313846312064,74.72,233369.0,17437331.68,0.0050000000000025,74.73,74.72
2015-05-18,NTRS,58246,NORTHERN TRUST CORP,,,0.013116,-0.2021610854989386,0.0002642007926023,2.030777378747157e-10,0.003048,3.655948305044801,75.7,233369.0,17666033.3,0.009999999999998,75.71,75.69
2015-05-19,NTRS,58246,NORTHERN TRUST CORP,,,0.005945,0.466288085233566,0.0001313197636244,6.240500671432472e-11,-0.000643,5.360673439917041,76.15,233369.0,17771049.35,0.0050000000000025,76.15,76.14
2015-05-20,NTRS,58246,NORTHERN TRUST CORP,,,6.6e-05,-0.4339564273809666,0.0001313111417502,1.2238639224667988e-12,-0.000931,3.034374745574605,76.155,233369.0,17772216.195,0.0049999999999954,76.16,76.15
2015-05-21,NTRS,58246,NORTHERN TRUST CORP,,,-0.001641,0.3380076229048663,0.0001315270288044,-2.277994244408359e-11,0.002338,4.060016540328835,76.03,233369.0,17743045.07,0.0050000000000025,76.03,76.02
2015-05-22,NTRS,58246,NORTHERN TRUST CORP,,,-0.006182,-0.1402612397913628,0.0002646903123345,-1.0043835163415956e-10,-0.002234,3.4905535868088733,75.56,233369.0,17633361.64,0.009999999999998,75.58,75.56
2015-05-26,NTRS,58246,NORTHERN TRUST CORP,,,-0.010191,0.2189514441060316,0.0004011231448054,-1.3723010235281936e-10,-0.010282,4.254815335370165,74.79,233369.0,17453667.51,0.0150000000000005,74.81,74.78
2015-05-27,NTRS,58246,NORTHERN TRUST CORP,,,0.009627,0.1201882889433623,0.0002648655807177,1.1462295288290751e-10,0.009163,4.766194310298283,75.51,233369.0,17621693.19,0.009999999999998,75.52,75.5
2015-05-28,NTRS,58246,NORTHERN TRUST CORP,,,0.001854,-0.2709393840770596,0.0001321877065431,3.0221933817383244e-11,-0.001267,3.47484455947448,75.65,233369.0,17654364.85,0.0049999999999954,75.66,75.65
2015-05-29,NTRS,58246,NORTHERN TRUST CORP,,,-0.014541,0.3602989687034865,0.0001341381623072,-1.7682094634720056e-10,-0.006318,4.726827470658057,74.55,233369.0,17397658.95,0.0050000000000025,74.56,74.55
2015-06-01,NTRS,58246,NORTHERN TRUST CORP,,,-0.004024,0.1119015134689216,0.0002693602693602,-4.418575463952963e-11,0.002059,5.255766618531167,74.25,233369.0,17327648.25,0.009999999999998,74.27,74.25
2015-06-02,NTRS,58246,NORTHERN TRUST CORP,,,0.00202,0.251612471902509,0.0002688172043012,1.768598752586637e-11,-0.001009,6.578183049162485,74.4,233369.0,17362653.6,0.0100000000000051,74.4,74.38
2015-06-03,NTRS,58246,NORTHERN TRUST CORP,,,0.014247,-0.4996137170193806,0.0003994673768309,2.469613393697848e-10,0.002119,3.291632564736533,75.1,233369.0,17526011.9,0.0150000000000005,75.13,75.1
2015-06-04,NTRS,58246,NORTHERN TRUST CORP,,,-0.011118,0.0851184315869637,0.0001346529320674,-1.7960185936386894e-10,-0.008623,3.571811166007482,74.265,233369.0,17331148.785,0.0049999999999954,74.27,74.26
2015-06-05,NTRS,58246,NORTHERN TRUST CORP,,,0.013263,0.3596640873372922,0.0001328903654485,1.5551489189053332e-10,-0.001436,4.856463369170712,75.25,233369.0,17561017.25,0.0050000000000025,75.25,75.24
2015-06-08,NTRS,58246,NORTHERN TRUST CORP,,,0.005449,0.3342433215570151,0.000660851176315,4.762688203699004e-11,-0.006474,6.479703816702304,75.66,233369.0,17656698.54,0.0249999999999985,75.71,75.66
2015-06-09,NTRS,58246,NORTHERN TRUST CORP,,,0.002908,-0.3538893319631098,0.000263574064312,3.922490025933368e-11,0.000418,4.186605761690713,75.88,233369.0,17708039.72,0.009999999999998,75.88,75.86
2015-06-10,NTRS,58246,NORTHERN TRUST CORP,,,0.018187,0.2747046131927158,0.0001294330830961,1.8901295568212636e-10,0.012042,5.336685678046356,77.26,233369.0,18030088.94,0.0050000000000025,77.26,77.25
2015-06-11,NTRS,58246,NORTHERN TRUST CORP,,,0.003106,-0.3049396306618586,0.0003870967741935,4.629802152723847e-11,0.001739,3.709318718424469,77.5,233369.0,18086097.5,0.0150000000000005,77.55,77.52
2015-06-12,NTRS,58246,NORTHERN TRUST CORP,,,0.001161,0.676606903562682,0.0002577651759248,1.0309981866684896e-11,-0.006994,6.219069370824745,77.59,233369.0,18107100.71,0.0100000000000051,77.62,77.6
2015-06-15,NTRS,58246,NORTHERN TRUST CORP,,,-0.004511,-0.1761560711564087,0.0001294665976178,-4.8844655396107445e-11,-0.004622,5.123542544211099,77.24,233369.0,18025421.56,0.0050000000000025,77.25,77.24
2015-06-16,NTRS,58246,NORTHERN TRUST CORP,,,0.001165,-0.4270947982563838,0.0001293159187896,2.1992856355155554e-11,0.00569,2.93530417493326,77.33,233369.0,18046424.77,0.0050000000000025,77.33,77.32
2015-06-17,NTRS,58246,NORTHERN TRUST CORP,,,-0.005819,0.6826143890080276,0.0001300728407909,-6.566804793328464e-11,0.00198,4.93898504085804,76.88,233369.0,17941408.72,0.0050000000000025,76.89,76.88
2015-06-18,NTRS,58246,NORTHERN TRUST CORP,,,0.010666,0.2517755416855369,0.0001287001287001,9.514220730713062e-11,0.009903,6.182500674896837,77.7,233369.0,18132771.3,0.0050000000000025,77.7,77.69
2015-06-19,NTRS,58246,NORTHERN TRUST CORP,,,-0.001802,0.1976443092755495,0.0002578648788034,-1.3445649729332623e-11,-0.005304,7.404436750382442,77.56,233369.0,18100099.64,0.009999999999998,77.52,77.5
2015-06-22,NTRS,58246,NORTHERN TRUST CORP,,,0.008381,-0.4329847925248529,0.000255721774709,1.0937137069315884e-10,0.006095,4.198428240254704,78.21,233369.0,18251789.49,0.009999999999998,78.22,78.2
2015-06-23,NTRS,58246,NORTHERN TRUST CORP,,,0.002429,-0.1254920732447899,0.000127551020408,3.6159115781863866e-11,0.000636,3.671558776015666,78.4,233369.0,18296129.6,0.0049999999999954,78.41,78.4
2015-06-24,NTRS,58246,NORTHERN TRUST CORP,,,-0.008801,0.1254452468873566,0.000257367134217,-1.1744569181601147e-10,-0.007353,4.132138373134392,77.71,233369.0,18135104.99,0.0100000000000051,77.73,77.71
2015-06-25,NTRS,58246,NORTHERN TRUST CORP,,,-0.000257,-0.0665624128265407,0.0002574333891105,-3.67506221359098e-12,-0.002974,3.857093272885431,77.69,233369.0,18130437.61,0.009999999999998,77.7,77.68
2015-06-26,NTRS,58246,NORTHERN TRUST CORP,,,0.012228,1.3412777766668222,0.0001271617497457,7.378289235971198e-11,-0.00039,9.030526762337756,78.64,233369.0,18352138.16,0.0050000000000025,78.64,78.63
2015-06-29,NTRS,58246,NORTHERN TRUST CORP,,,-0.030074,-0.3265404316601382,0.0001311045558833,-2.778057318987228e-10,-0.020866,6.081694655245555,76.275,233369.0,17800220.475,0.0050000000000025,76.28,76.27
2015-06-30,NTRS,58246,NORTHERN TRUST CORP,,,0.002425,-0.1086664426092403,0.0002615746795709,2.5070870579910118e-11,0.002658,5.43283101355791,76.46,232853.0,17803940.38,0.009999999999998,76.47,76.45
2015-07-01,NTRS,58246,NORTHERN TRUST CORP,,,0.006409,-0.2812779880020647,0.0001299545159194,9.160362646307991e-11,0.006936,3.904695236909123,76.95,232853.0,17918038.35,0.0050000000000025,76.95,76.94
2015-07-02,NTRS,58246,NORTHERN TRUST CORP,,,-0.003509,0.2593387738941071,0.0003912363067292,-3.996591023802255e-11,-0.000308,4.917334112079295,76.68,232853.0,17855168.040000003,0.0150000000000005,76.69,76.66
2015-07-06,NTRS,58246,NORTHERN TRUST CORP,,,-0.008998,-0.3514789312987766,0.0002631925253322,-1.5946078555469475e-10,-0.003862,3.188994773526645,75.99,232853.0,17694499.47,0.009999999999998,76.0,75.98
2015-07-07,NTRS,58246,NORTHERN TRUST CORP,,,-0.001579,0.081492983124755,0.000263608804534,-2.5915088413204815e-11,0.006081,3.4488754707905844,75.87,232853.0,17666557.11,0.009999999999998,75.89,75.87
2015-07-08,NTRS,58246,NORTHERN TRUST CORP,,,-0.023988,0.7419662524701742,0.0001350438892638,-2.3156338482458798e-10,-0.016653,6.007824679089382,74.05,232853.0,17242764.65,0.0049999999999954,74.05,74.04
2015-07-09,NTRS,58246,NORTHERN TRUST CORP,,,0.009318,-0.2929296467325261,0.0001337971635002,1.2603985542059354e-10,0.002262,4.247954718212778,74.74,232853.0,17403433.22,0.0050000000000025,74.75,74.74
2015-07-10,NTRS,58246,NORTHERN TRUST CORP,,,0.021943,1.0115149487084354,0.0001309243257396,1.4438808897207648e-10,0.012338,8.544824417121532,76.38,232853.0,17785312.14,0.0049999999999954,76.38,76.37
2015-07-13,NTRS,58246,NORTHERN TRUST CORP,,,0.010212,-0.5362735263016112,0.0002592016588905,1.4344047556447422e-10,0.011066,3.962461295323659,77.16,232853.0,17966937.48,0.009999999999998,77.16,77.14
2015-07-14,NTRS,58246,NORTHERN TRUST CORP,,,0.001037,0.2010543303084198,0.0003883997928534,1.2115098993994984e-11,0.004453,4.759131297427991,77.24,232853.0,17985565.72,0.0150000000000005,77.24,77.21
2015-07-15,NTRS,58246,NORTHERN TRUST CORP,,,0.006085,-0.2370124655064439,0.0001286835671085,9.260974894386482e-11,-0.000735,3.6311578549557018,77.71,232853.0,18095006.63,0.0050000000000025,77.72,77.71
2015-07-16,NTRS,58246,NORTHERN TRUST CORP,,,0.012225,0.044257657363582,0.0001271294177473,1.7601930036121482e-10,0.008015,3.7918643951334094,78.66,232853.0,18316216.98,0.0050000000000025,78.67,78.66
2015-07-17,NTRS,58246,NORTHERN TRUST CORP,,,-0.009408,0.0724992553346917,0.0001283367556468,-1.2750192163610462e-10,0.001106,4.066771740110713,77.92,232853.0,18143905.76,0.0050000000000025,77.92,77.91
2015-07-20,NTRS,58246,NORTHERN TRUST CORP,,,0.00539,-0.0838208583255892,0.0002552974214959,7.930364758863229e-11,0.000771,3.7258914422403833,78.34,232853.0,18241704.02,0.009999999999998,78.35,78.33
2015-07-21,NTRS,58246,NORTHERN TRUST CORP,,,-0.003702,0.6613138770264586,0.0001281229980782,-3.290787049507226e-11,-0.004262,6.189875157288075,78.05,232853.0,18174176.65,0.0050000000000025,78.08,78.07
2015-07-22,NTRS,58246,NORTHERN TRUST CORP,,,-0.001025,0.4690442375831782,0.0002565089136846,-6.208657886161838e-12,-0.002388,9.093200431173315,77.97,232853.0,18155548.41,0.009999999999998,77.99,77.97
2015-07-23,NTRS,58246,NORTHERN TRUST CORP,,,0.000385,-0.1166871873197948,0.0001282051282051,2.639082672959446e-12,-0.005676,8.032140449124554,78.0,232853.0,18162534.0,0.0050000000000025,78.0,77.99
2015-07-24,NTRS,58246,NORTHERN TRUST CORP,,,-0.013205,-0.4664611390209526,0.0001299207483435,-1.71924484245237e-10,-0.010703,4.285459066449649,76.97,232853.0,17922695.41,0.0050000000000025,76.97,76.96
2015-07-27,NTRS,58246,NORTHERN TRUST CORP,,,-0.015591,0.0478733958524153,0.0001319783555497,-1.9678350021854406e-10,-0.005775,4.490618544747115,75.77,232853.0,17643271.81,0.0050000000000025,75.78,75.77
2015-07-28,NTRS,58246,NORTHERN TRUST CORP,,,0.009634,-0.058306093602664,0.0002614379084966,1.2789319694082762e-10,0.012386,4.228788119543231,76.5,232853.0,17813254.5,0.009999999999998,76.5,76.48
2015-07-29,NTRS,58246,NORTHERN TRUST CORP,,,0.003268,-0.1568713275094801,0.0003908794788273,5.128756043330911e-11,0.007319,3.565412513474166,76.75,232853.0,17871467.75,0.0150000000000005,76.76,76.73
2015-07-30,NTRS,58246,NORTHERN TRUST CORP,,,0.006645,0.0580414518132006,0.000258866166192,9.791426691740718e-11,2.8e-05,3.77235423206916,77.26,232853.0,17990222.78,0.009999999999998,77.28,77.26
2015-07-31,NTRS,58246,NORTHERN TRUST CORP,,,-0.009966,0.0062237876876698,0.0001307360439273,-1.4741013267542198e-10,-0.002272,3.795832563892241,76.49,232853.0,17810925.97,0.0050000000000025,76.5,76.49
2015-08-03,NTRS,58246,NORTHERN TRUST CORP,,,0.0017,-0.2941096607989175,0.0002610284521014,3.5561547433642857e-11,-0.002757,2.679441536076409,76.62,232853.0,17841196.86,0.0100000000000051,76.62,76.6
2015-08-04,NTRS,58246,NORTHERN TRUST CORP,,,0.00757,0.7588377281557133,0.0002590673575129,8.935660979294334e-11,-0.00225,4.712702864038685,77.2,232853.0,17976251.6,0.009999999999998,77.22,77.2
2015-08-05,NTRS,58246,NORTHERN TRUST CORP,,,0.00013,-0.0841195333922014,0.0007771014117342,1.675247996306844e-12,0.003115,4.31627249809966,77.21,232853.0,17978580.13,0.0300000000000011,77.26,77.2
2015-08-06,NTRS,58246,NORTHERN TRUST CORP,,,-0.000777,-0.2558481757751053,0.0003888528839922,-1.3465821243588608e-11,-0.007753,3.2119620533126048,77.15,232853.0,17964608.950000003,0.0150000000000005,77.18,77.15
2015-08-07,NTRS,58246,NORTHERN TRUST CORP,,,0.006611,0.1975491867391348,0.0003862992531547,9.504388220321335e-11,-0.002875,3.846482544781472,77.66,232853.0,18083363.98,0.0150000000000005,77.69,77.66
2015-08-10,NTRS,58246,NORTHERN TRUST CORP,,,0.011203,-0.2259929772850339,0.0002546797402266,2.0578240274873943e-10,0.012808,2.9772045024113925,78.53,232853.0,18285946.09,0.009999999999998,78.53,78.51
2015-08-11,NTRS,58246,NORTHERN TRUST CORP,,,-0.010951,0.0777178828447415,0.0002574996781253,-1.8871433013249928e-10,-0.009557,3.2085865331346386,77.67,232853.0,18085692.51,0.009999999999998,77.69,77.67
2015-08-12,NTRS,58246,NORTHERN TRUST CORP,,,-0.013776,0.5059715256669197,0.0001305483028721,-1.5983872625243054e-10,0.00095,4.832039956539104,76.6,232853.0,17836539.799999997,0.0050000000000025,76.61,76.6
2015-08-13,NTRS,58246,NORTHERN TRUST CORP,,,0.005091,-0.4637849896236519,0.0001298869983115,1.0960174174842559e-10,-0.001275,2.591012355434545,76.99,232853.0,17927352.47,0.0050000000000025,77.0,76.99
2015-08-14,NTRS,58246,NORTHERN TRUST CORP,,,0.009222,0.1103650602908881,0.0002574002574002,1.7716869656903478e-10,0.003912,2.8769695902565138,77.7,232853.0,18092678.1,0.009999999999998,77.72,77.7
2015-08-17,NTRS,58246,NORTHERN TRUST CORP,,,-0.000901,-0.0447731116521448,0.0002576323586241,-1.8137254919031933e-11,0.005211,2.7481587095721336,77.63,232853.0,18076378.39,0.009999999999998,77.64,77.62
2015-08-18,NTRS,58246,NORTHERN TRUST CORP,,,-0.000386,-0.0590873503907537,0.0001288659793815,-8.261380561103379e-12,-0.002626,2.585777292970243,77.6,232853.0,18069392.8,0.0050000000000025,77.62,77.61
2015-08-19,NTRS,58246,NORTHERN TRUST CORP,,,-0.003351,1.457937638887505,0.0001292991983448,-2.9276991393158457e-11,-0.008255,6.355679334172203,77.34,232853.0,18008851.02,0.0049999999999954,77.35,77.34
2015-08-20,NTRS,58246,NORTHERN TRUST CORP,,,-0.029868,-0.3080883739127086,0.0005331200852991,-3.8875568507502804e-10,-0.0211,4.397568422996483,75.03,232853.0,17470960.59,0.019999999999996,75.07,75.03
2015-08-21,NTRS,58246,NORTHERN TRUST CORP,,,-0.033453,0.5270223157129925,0.0005515719801434,-2.950104827058188e-10,-0.031851,6.715185116790422,72.52,232853.0,16886499.56,0.0200000000000031,72.56,72.52
2015-08-24,NTRS,58246,NORTHERN TRUST CORP,,,-0.073911,1.7116114785204628,0.0019356759976177,-2.595560164513184e-10,-0.039414,18.20897304307868,67.16,232853.0,15638407.48,0.0650000000000048,67.29,67.16
2015-08-25,NTRS,58246,NORTHERN TRUST CORP,,,-0.02844,-0.3057206886581035,0.0004597701149425,-1.4806334665380232e-10,-0.013522,12.642113264591824,65.25,232853.0,15193658.25,0.0150000000000005,65.27,65.24
2015-08-26,NTRS,58246,NORTHERN TRUST CORP,,,0.042452,-0.2248836010074211,0.0002940311673036,2.7352251941442634e-10,0.039034,9.79910930930673,68.02,232853.0,15838661.06,0.009999999999998,68.02,68.0
2015-08-27,NTRS,58246,NORTHERN TRUST CORP,,,0.030138,-0.2886540693291821,0.0001427144284285,2.6499215668542203e-10,0.024298,6.970556531373871,70.07,232853.0,16316009.71,0.0049999999999954,70.07,70.06
2015-08-28,NTRS,58246,NORTHERN TRUST CORP,,,0.000999,-0.3681353446921506,0.0004277159965782,1.3887573566074187e-11,0.000609,4.404448300000429,70.14,232853.0,16332309.42,0.0150000000000005,70.14,70.11
2015-08-31,NTRS,58246,NORTHERN TRUST CORP,,,-0.004277,0.6866464051389007,0.000143184421535,-3.540280071319706e-11,-0.008392,7.428746891815867,69.84,232853.0,16262453.52,0.0050000000000025,69.84,69.83
2015-09-01,NTRS,58246,NORTHERN TRUST CORP,,,-0.026346,0.0991700803442698,0.0001470588235294,-2.0377151639575664e-10,-0.029576,8.16545631793449,68.0,232853.0,15834004.0,0.0050000000000025,68.01,68.0
2015-09-02,NTRS,58246,NORTHERN TRUST CORP,,,0.018971,-0.3291654197462751,0.0001450747134773,2.1577653089008243e-10,0.018293,5.47767046162171,68.93,232853.0,16050557.29,0.0049999999999954,68.94,68.93
2015-09-03,NTRS,58246,NORTHERN TRUST CORP,,,0.007254,-0.1169674133589234,0.0002880599164625,9.276324153223144e-11,0.001165,4.836961516493238,69.43,232853.0,16166983.79,0.009999999999998,69.45,69.43
2015-09-04,NTRS,58246,NORTHERN TRUST CORP,,,-0.016563,0.0295027705737631,0.0002929115407146,-2.0920087659903774e-10,-0.01533,4.97966528238846,68.28,232853.0,15899202.84,0.009999999999998,68.3,68.28
2015-09-08,NTRS,58246,NORTHERN TRUST CORP,,,0.033246,0.0272722568626944,0.0004252303330971,3.956168981971249e-10,0.025083,5.115471993059999,70.55,232853.0,16427779.15,0.0150000000000005,70.55,70.52
2015-09-09,NTRS,58246,NORTHERN TRUST CORP,,,-0.012473,-0.1804134313560055,0.0001435338022104,-1.8338454426983327e-10,-0.013898,4.192572137786501,69.67,232853.0,16222868.51,0.0050000000000025,69.68,69.67
2015-09-10,NTRS,58246,NORTHERN TRUST CORP,,,0.003301,0.5194186343089342,0.000286123032904,3.183673472773197e-11,0.005278,6.370272231837253,69.9,232853.0,16276424.7,0.009999999999998,69.92,69.9
2015-09-11,NTRS,58246,NORTHERN TRUST CORP,,,0.00186,-0.5746185795945223,0.0001427959445952,4.2093057343295975e-11,0.004487,2.709795450348503,70.03,232853.0,16306695.59,0.0050000000000025,70.03,70.02
2015-09-14,NTRS,58246,NORTHERN TRUST CORP,,,-0.000143,0.7067992215333512,0.0002856326763781,-1.8963266482729405e-12,-0.00409,4.6250767651694416,70.02,232853.0,16304367.06,0.009999999999998,70.02,70.0
2015-09-15,NTRS,58246,NORTHERN TRUST CORP,,,0.010997,-0.3354200654990004,0.0001412628902388,2.1704725872892507e-10,0.012831,3.0737332136584024,70.79,232853.0,16483663.87,0.0050000000000025,70.79,70.78
2015-09-16,NTRS,58246,NORTHERN TRUST CORP,,,0.0,0.1908895558089105,0.0002825257804774,0.0,0.008705,3.66047678148875,70.79,232853.0,16483663.87,0.009999999999998,70.8,70.78
2015-09-17,NTRS,58246,NORTHERN TRUST CORP,,,-0.019353,1.09557894440449,0.0002881014116968,-1.560774522000512e-10,-0.002561,7.670818069769339,69.42,232853.0,16164655.26,0.009999999999998,69.42,69.4
2015-09-18,NTRS,58246,NORTHERN TRUST CORP,,,-0.032988,0.5224409953571127,0.0007448234768359,-1.8070715502873776e-10,-0.016164,11.67836789734296,67.13,232853.0,15631421.89,0.0249999999999985,67.13,67.08
2015-09-21,NTRS,58246,NORTHERN TRUST CORP,,,0.01877,-0.4735607093330999,0.0004386606228981,1.917164521769948e-10,0.004566,6.147951712024325,68.39,232853.0,15924816.67,0.0150000000000005,68.39,68.36
2015-09-22,NTRS,58246,NORTHERN TRUST CORP,,,-0.015353,-0.2270711366340009,0.0004455004455004,-2.0604796379965126e-10,-0.012318,4.751929328804009,67.34,232853.0,15680321.02,0.0150000000000005,67.37,67.34
2015-09-23,NTRS,58246,NORTHERN TRUST CORP,,,0.002228,0.0598137733269106,0.0002963401985478,2.815103639787304e-11,-0.002049,5.036160152542592,67.49,232853.0,15715248.97,0.009999999999998,67.5,67.48
2015-09-24,NTRS,58246,NORTHERN TRUST CORP,,,-0.005482,0.0453088425280445,0.0001489868891536,-6.662866154199742e-11,-0.003363,5.264342739840156,67.12,232853.0,15629093.36,0.0049999999999954,67.13,67.12
2015-09-25,NTRS,58246,NORTHERN TRUST CORP,,,0.028754,0.6175304980021503,0.0001448225923244,2.1001780411801263e-10,-0.000466,8.515234933627653,69.05,232853.0,16078499.65,0.0050000000000025,69.06,69.05
2015-09-28,NTRS,58246,NORTHERN TRUST CORP,,,-0.027516,-0.0679504417494873,0.0001489203276245,-2.2172864686227742e-10,-0.025666,7.936620958286988,67.15,232853.0,15636078.95,0.0049999999999954,67.16,67.15
2015-09-29,NTRS,58246,NORTHERN TRUST CORP,,,0.001489,-0.4926707163055864,0.0001486988847584,2.361538340332265e-11,0.001233,4.026480225721808,67.25,232853.0,15659364.25,0.0050000000000025,67.26,67.25
2015-09-30,NTRS,58246,NORTHERN TRUST CORP,,,0.013532,0.1719910236801631,0.0004401408450704,1.8067610260136457e-10,0.019076,4.752326788340109,68.16,231220.0,15759955.2,0.0150000000000005,68.17,68.14
2015-10-01,NTRS,58246,NORTHERN TRUST CORP,,,0.000734,0.0745463596379067,0.0001466060694913,9.113625103989024e-12,0.001974,5.106595450220569,68.21,231220.0,15771516.2,0.0050000000000025,68.22,68.21
2015-10-02,NTRS,58246,NORTHERN TRUST CORP,,,-0.012022,0.684647092052743,0.0004451699065143,-8.968410527612994e-11,0.014315,8.602811175503849,67.39,231220.0,15581915.8,0.0150000000000005,67.39,67.36
2015-10-05,NTRS,58246,NORTHERN TRUST CORP,,,0.020626,-0.3066809709915129,0.0001453911020644,2.1744725737493623e-10,0.01829,5.96449269094369,68.78,231220.0,15903311.6,0.0049999999999954,68.77,68.76
2015-10-06,NTRS,58246,NORTHERN TRUST CORP,,,-0.006252,-0.505519501707623,0.0001463057790783,-1.3413199208692902e-10,-0.003588,2.9493253178790764,68.35,231220.0,15803886.999999998,0.0050000000000025,68.36,68.35
2015-10-07,NTRS,58246,NORTHERN TRUST CORP,,,0.00951,0.2363511319861044,0.0002898550724637,1.6347130122072836e-10,0.008036,3.646401695355073,69.0,231220.0,15954180.0,0.009999999999998,69.03,69.01
2015-10-08,NTRS,58246,NORTHERN TRUST CORP,,,0.001739,0.3714164396332198,0.0002893518518517,2.1758882889393062e-11,0.008818,5.000735230516392,69.12,231220.0,15981926.4,0.009999999999998,69.14,69.12
2015-10-09,NTRS,58246,NORTHERN TRUST CORP,,,-0.009259,-0.2874856218703244,0.0004380841121495,-1.641146844461056e-10,0.000725,3.5630957529625467,68.48,231220.0,15833945.6,0.0150000000000005,68.49,68.46
2015-10-12,NTRS,58246,NORTHERN TRUST CORP,,,0.004673,-0.2276530328612056,0.0002906976744185,1.0674363965065019e-10,0.001276,2.751946198425742,68.8,231220.0,15907936.0,0.009999999999998,68.82,68.8
2015-10-13,NTRS,58246,NORTHERN TRUST CORP,,,-0.005233,0.3998114111943172,0.000146113383986,-8.584319404681869e-11,-0.006825,3.852205691549174,68.44,231220.0,15824696.8,0.0050000000000025,68.45,68.44
2015-10-14,NTRS,58246,NORTHERN TRUST CORP,,,-0.011105,0.5723621797066825,0.0002955082742316,-1.1715767872876634e-10,-0.004716,6.057062537842747,67.68,231220.0,15648969.6,0.009999999999998,67.69,67.67
2015-10-15,NTRS,58246,NORTHERN TRUST CORP,,,0.026152,0.1941144465531941,0.0004319654427643,2.2516415305785398e-10,0.014853,7.232825880114177,69.45,231220.0,16058229.0,0.0149999999999934,69.46,69.43
2015-10-16,NTRS,58246,NORTHERN TRUST CORP,,,-0.004896,-0.1377006578671995,0.0002893937201562,-4.9125734227030365e-11,0.00457,6.236860998183548,69.11,231220.0,15979614.2,0.009999999999998,69.13,69.11
2015-10-19,NTRS,58246,NORTHERN TRUST CORP,,,-0.011142,0.0313060169046666,0.0005853087503657,-1.0962488891411004e-10,0.000271,6.432112274024738,68.34,231220.0,15801574.8,0.019999999999996,68.38,68.34
2015-10-20,NTRS,58246,NORTHERN TRUST CORP,,,0.017998,0.1974209824553381,0.0002874802357337,1.4527014389628772e-10,-0.001421,7.701946198425742,69.57,231220.0,16085975.4,0.009999999999998,69.55,69.53
2015-10-21,NTRS,58246,NORTHERN TRUST CORP,,,-0.043409,0.6561023874073193,0.0018031555221638,-2.2116615145722375e-10,-0.005825,12.755211486895597,66.55,231220.0,15387691.0,0.0600000000000022,66.61,66.49
2015-10-22,NTRS,58246,NORTHERN TRUST CORP,,,0.023291,-0.089666560425327,0.0002936857562409,1.2738769128178518e-10,0.016628,11.611495545368047,68.1,231220.0,15746081.999999998,0.0100000000000051,68.12,68.1
2015-10-23,NTRS,58246,NORTHERN TRUST CORP,,,0.015712,-0.3403879604143309,0.000144571345959,1.2826600372297743e-10,0.01103,7.659082259320128,69.17,231220.0,15993487.4,0.0049999999999954,69.16,69.15
2015-10-26,NTRS,58246,NORTHERN TRUST CORP,,,-0.003903,-0.5187892483792442,0.0002902757619738,-6.647247914695482e-11,-0.001913,3.685632730732636,68.9,231220.0,15931058.000000002,0.009999999999998,68.92,68.9
2015-10-27,NTRS,58246,NORTHERN TRUST CORP,,,0.000435,0.1380017648605009,0.0001450747134773,6.507296417255461e-12,-0.002554,4.194256552201367,68.93,231220.0,15937994.6,0.0049999999999954,68.94,68.93
2015-10-28,NTRS,58246,NORTHERN TRUST CORP,,,0.036414,0.9345357167899228,0.0001399776035834,2.7168758981437063e-10,0.01184,8.113939105613701,71.44,231220.0,16518356.8,0.0050000000000025,71.45,71.44
2015-10-29,NTRS,58246,NORTHERN TRUST CORP,,,-0.005879,-0.1613369187758681,0.0001408054069276,-5.2611190103565057e-11,-0.00045,6.804861171178964,71.02,231220.0,16421244.4,0.0050000000000025,71.04,71.03
2015-10-30,NTRS,58246,NORTHERN TRUST CORP,,,-0.008871,0.0562697817493105,0.0001420656343231,-7.583018094822249e-11,-0.00481,7.187769224115561,70.39,231220.0,16275575.8,0.0050000000000025,70.4,70.39
2015-11-02,NTRS,58246,NORTHERN TRUST CORP,,,0.012786,-0.4123923858393363,0.0001402721279282,1.8365347444748068e-10,0.011874,4.22358792491999,71.29,231220.0,16483673.8,0.0050000000000025,71.29,71.28
2015-11-03,NTRS,58246,NORTHERN TRUST CORP,,,0.006172,-0.0215743135724949,0.0002788233653979,9.005136588125184e-11,0.002728,4.132466914626763,71.73,231220.0,16585410.6,0.009999999999998,71.75,71.73
2015-11-04,NTRS,58246,NORTHERN TRUST CORP,,,0.006134,0.1084144681002481,0.0001385617292504,8.02509344936113e-11,-0.003545,4.580486117117896,72.17,231220.0,16687147.4,0.0050000000000025,72.18,72.17
2015-11-05,NTRS,58246,NORTHERN TRUST CORP,,,0.01538,0.3879293739967897,0.0001364628820959,1.4277972447049802e-10,-0.001132,6.357391229132428,73.28,231220.0,16943801.6,0.0049999999999954,73.3,73.29
2015-11-06,NTRS,58246,NORTHERN TRUST CORP,,,0.023062,0.1772468019450921,0.000266773376017,1.7776145745381682e-10,-0.000348,7.48421849320993,74.97,231220.0,17334563.4,0.009999999999998,74.97,74.95
2015-11-09,NTRS,58246,NORTHERN TRUST CORP,,,-0.012405,-0.4241875618679215,0.000135062128579,-1.6814248517973022e-10,-0.009823,4.3095060980884,74.04,231220.0,17119528.8,0.0049999999999954,74.05,74.04
2015-11-10,NTRS,58246,NORTHERN TRUST CORP,,,0.010535,0.6438304611197418,0.000133654103181,8.59620800563799e-11,0.001511,7.084097396418995,74.82,231220.0,17299880.4,0.0050000000000025,74.83,74.82
2015-11-11,NTRS,58246,NORTHERN TRUST CORP,,,0.001737,-0.3901616925673923,0.000133422281521,2.320083201041953e-11,-0.003228,4.320153965919904,74.95,231220.0,17329939.0,0.0050000000000025,74.95,74.94
2015-11-12,NTRS,58246,NORTHERN TRUST CORP,,,-0.013342,0.2320118209320998,0.0001352265043947,-1.4660313632610044e-10,-0.01399,5.322480754260012,73.95,231220.0,17098719.0,0.0049999999999954,73.96,73.95
2015-11-13,NTRS,58246,NORTHERN TRUST CORP,,,-0.009736,0.1348231523795284,0.0006827802813054,-9.519712812229412e-11,-0.011207,6.040074388028717,73.23,231220.0,16932240.6,0.0249999999999985,73.28,73.23
2015-11-16,NTRS,58246,NORTHERN TRUST CORP,,,0.010651,-0.0031011337647663,0.0001351168760978,1.0336682915973939e-10,0.014903,6.021343309402301,74.01,231220.0,17112592.200000003,0.0050000000000025,74.01,74.0
2015-11-17,NTRS,58246,NORTHERN TRUST CORP,,,-0.000405,-0.4558697939673407,0.0002703433360367,-7.226351370100803e-12,-0.001339,3.2763947755384484,73.98,231220.0,17105655.6,0.009999999999998,74.0,73.98
2015-11-18,NTRS,58246,NORTHERN TRUST CORP,,,0.024061,0.5911192130607417,0.000131995776135,2.6348103791151287e-10,0.016162,5.213134676931062,75.76,231220.0,17517227.200000003,0.0049999999999954,75.77,75.76
2015-11-19,NTRS,58246,NORTHERN TRUST CORP,,,-0.004752,-0.4025698098775407,0.0002652519893898,-8.751723322429541e-11,-0.001123,3.114484041172909,75.4,231220.0,17433988.0,0.009999999999998,75.42,75.4
2015-11-20,NTRS,58246,NORTHERN TRUST CORP,,,0.003183,0.2539871217875635,0.0002644103648864,4.6599422582353067e-11,0.00381,3.905522878643716,75.64,231220.0,17489480.8,0.0100000000000051,75.65,75.63
2015-11-23,NTRS,58246,NORTHERN TRUST CORP,,,-0.005817,0.0578903364764378,0.0002659574468084,-8.097220950250317e-11,-0.001235,4.131614912204826,75.2,231220.0,17387744.0,0.009999999999998,75.21,75.19
2015-11-24,NTRS,58246,NORTHERN TRUST CORP,,,-0.00133,0.2648412246470264,0.000133155792277,-1.4656506294565023e-11,0.001222,5.225836865323069,75.1,231220.0,17364622.0,0.0050000000000025,75.11,75.1
2015-11-25,NTRS,58246,NORTHERN TRUST CORP,,,-0.001332,0.0487727568405005,0.0001333333333334,-1.4014587481090959e-11,-0.000129,5.480715336043595,75.0,231220.0,17341500.0,0.0050000000000025,75.0,74.99
2015-11-27,NTRS,58246,NORTHERN TRUST CORP,,,0.0072,-0.5026825782737595,0.0001323801959227,1.51237399066901e-10,0.000594,2.7256552201366664,75.54,231220.0,17466358.8,0.0050000000000025,75.54,75.53
2015-11-30,NTRS,58246,NORTHERN TRUST CORP,,,-0.007943,1.3020519623119324,0.0004003202562047,-7.30565964287157e-11,-0.004641,6.274599948101376,74.94,231220.0,17327626.8,0.0149999999999934,74.96,74.93
2015-12-01,NTRS,58246,NORTHERN TRUST CORP,,,0.001067,0.270169897843485,0.0001332977872566,7.718165824709993e-12,0.010681,7.96980797508866,75.02,231220.0,17346124.4,0.0049999999999954,75.02,75.01
2015-12-02,NTRS,58246,NORTHERN TRUST CORP,,,-0.006132,-0.1645780638915464,0.0002695417789756,-5.368081636608964e-11,-0.010996,6.658152408961162,74.2,231220.0,17156524.0,0.009999999999998,74.21,74.19
2015-12-03,NTRS,58246,NORTHERN TRUST CORP,,,-0.019272,0.1978599517505057,0.0001374192661811,-1.4361150639864032e-10,-0.014374,7.9755341233457315,72.77,231220.0,16825879.4,0.0050000000000025,72.78,72.77
2015-12-04,NTRS,58246,NORTHERN TRUST CORP,,,0.037928,-0.1033163548890707,0.000132397722759,3.036798908553847e-10,0.020526,7.1515310094282505,75.53,231220.0,17464046.6,0.0049999999999954,75.52,75.51
2015-12-07,NTRS,58246,NORTHERN TRUST CORP,,,-0.012181,-0.5022904890428447,0.0001340302908457,-1.9837436075920332e-10,-0.00699,3.559385001297465,74.61,231220.0,17251324.2,0.0050000000000025,74.62,74.61
2015-12-08,NTRS,58246,NORTHERN TRUST CORP,,,-0.003887,1.3903458197499154,0.0002691065662001,-2.6585677997847687e-11,-0.00649,8.508161058731943,74.32,231220.0,17184270.4,0.009999999999998,74.32,74.3
2015-12-09,NTRS,58246,NORTHERN TRUST CORP,,,-0.024758,-0.1436040131004744,0.0002759381898454,-2.0275036798299154e-10,-0.007739,7.286354986592856,72.48,231220.0,16758825.6,0.009999999999998,72.5,72.48
2015-12-10,NTRS,58246,NORTHERN TRUST CORP,,,-0.004829,-0.0653016380462157,0.0001386385692498,-4.251420563143253e-11,0.002251,6.81054407058213,72.13,231220.0,16677898.6,0.0049999999999954,72.13,72.12
2015-12-11,NTRS,58246,NORTHERN TRUST CORP,,,-0.028005,-0.1109311159853029,0.0001426330052774,-2.8530737273778527e-10,-0.019423,6.055042816365367,70.11,231220.0,16210834.2,0.0050000000000025,70.12,70.11
2015-12-14,NTRS,58246,NORTHERN TRUST CORP,,,-0.001141,0.5209775100407343,0.0002855918891904,-7.651315499994975e-12,0.004756,9.20958394602543,70.03,231220.0,16192336.6,0.0100000000000051,70.04,70.02
2015-12-15,NTRS,58246,NORTHERN TRUST CORP,,,0.037841,-0.2263233526185287,0.000275178866263,3.1602598237633266e-10,0.010619,7.125240031139175,72.68,231220.0,16805069.6,0.009999999999998,72.7,72.68
2015-12-16,NTRS,58246,NORTHERN TRUST CORP,,,0.01885,0.1251503795452255,0.0002700877785279,1.3732538479484375e-10,0.014515,8.016966525387078,74.05,231220.0,17121841.0,0.009999999999998,74.07,74.05
2015-12-17,NTRS,58246,NORTHERN TRUST CORP,,,-0.028089,-0.2907077423701895,0.000138946783382,-2.968411388182113e-10,-0.015041,5.686372286134417,71.97,231220.0,16640903.4,0.0050000000000025,71.97,71.96
2015-12-18,NTRS,58246,NORTHERN TRUST CORP,,,-0.026539,1.0939053226985336,0.0004282043962318,-1.3759311227363962e-10,-0.017797,11.906725196782284,70.06,231220.0,16199273.2,0.0150000000000005,70.09,70.06
2015-12-21,NTRS,58246,NORTHERN TRUST CORP,,,0.015558,-0.7204116999440262,0.0001405481377372,2.840809698652857e-10,0.007778,3.328981057001989,71.15,231220.0,16451303.000000002,0.0050000000000025,71.18,71.17
2015-12-22,NTRS,58246,NORTHERN TRUST CORP,,,0.012509,0.2298243403180608,0.0001388117712382,1.8342945825858448e-10,0.008817,4.094061932358793,72.04,231220.0,16657088.8,0.0050000000000025,72.04,72.03
2015-12-23,NTRS,58246,NORTHERN TRUST CORP,,,0.014714,-0.2067103374183549,0.0001367989056088,2.680413365355693e-10,0.012418,3.247777008909264,73.1,231220.0,16902182.0,0.0050000000000025,73.11,73.1
2015-12-24,NTRS,58246,NORTHERN TRUST CORP,,,-0.001915,-0.4901904385239516,0.0002741228070174,-6.855898457308713e-11,-0.001599,1.655747772684024,72.96,231220.0,16869811.2,0.009999999999998,72.97,72.95
2015-12-28,NTRS,58246,NORTHERN TRUST CORP,,,-0.000822,0.7621995496836815,0.0002743484224965,-1.671358548302372e-11,-0.002179,2.9177579794135458,72.9,231220.0,16855938.0,0.009999999999998,72.92,72.9
2015-12-29,NTRS,58246,NORTHERN TRUST CORP,,,0.009328,-0.0399632991622248,0.0002718129926609,1.9573399298285322e-10,0.01063,2.8011547443992733,73.58,231220.0,17013167.599999998,0.009999999999998,73.6,73.58
2015-12-30,NTRS,58246,NORTHERN TRUST CORP,,,-0.010193,-0.088688447898123,0.0004119181655911,-2.3711680832462835e-10,-0.007217,2.5527246777960384,72.83,231220.0,16839752.599999998,0.0150000000000005,72.85,72.82
2015-12-31,NTRS,58246,NORTHERN TRUST CORP,,,-0.010161,0.6689487853266716,0.0001387154945206,-1.43083331116112e-10,-0.009412,4.296152537789912,72.09,229294.0,16529804.46,0.0049999999999954,72.1,72.09
2016-01-04,NTRS,58246,NORTHERN TRUST CORP,,,-0.020807,0.8095031682641649,0.0001416631250886,-1.6536155742928872e-10,-0.015304,7.7739016284769775,70.59,229294.0,16185863.46,0.0050000000000025,70.61,70.6
2016-01-05,NTRS,58246,NORTHERN TRUST CORP,,,0.001417,-0.5153791649859832,0.000282925449144,2.320481207984232e-11,0.002012,3.7673946985093374,70.69,229294.0,16208792.86,0.009999999999998,70.7,70.68
2016-01-06,NTRS,58246,NORTHERN TRUST CORP,,,-0.023766,0.3735861113329883,0.0001449065352846,-2.902380593966729e-10,-0.013115,5.174841033781957,69.01,229294.0,15823578.94,0.0049999999999954,69.02,69.01
2016-01-07,NTRS,58246,NORTHERN TRUST CORP,,,-0.026518,0.1421706445523192,0.0001488538255431,-2.9125947945976663e-10,-0.0237,5.910551519010528,67.18,229294.0,15403970.920000002,0.0049999999999954,67.19,67.18
2016-01-08,NTRS,58246,NORTHERN TRUST CORP,,,-0.018607,-0.0589793499963844,0.0004550280600635,-2.2129593189289547e-10,-0.010838,5.561951032299144,65.93,229294.0,15117353.420000002,0.0149999999999934,65.96,65.93
2016-01-11,NTRS,58246,NORTHERN TRUST CORP,,,-0.000607,-0.0991443729505175,0.0001517680983455,-8.018518514611759e-12,0.000853,5.010514884820362,65.89,229294.0,15108181.66,0.0049999999999954,65.88,65.87
2016-01-12,NTRS,58246,NORTHERN TRUST CORP,,,0.006374,0.1599573846203392,0.0001508068164681,7.213000294658078e-11,0.007803,5.811983741397508,66.31,229294.0,15204485.14,0.0050000000000025,66.31,66.3
2016-01-13,NTRS,58246,NORTHERN TRUST CORP,,,-0.023526,0.6381826326883293,0.0004633204633204,-1.664289683916559e-10,-0.024965,9.521090826624334,64.75,229294.0,14846786.5,0.0150000000000005,64.78,64.75
2016-01-14,NTRS,58246,NORTHERN TRUST CORP,,,0.01529,-0.3121212718075753,0.0001521143900213,1.5487685009706258e-10,0.016696,6.549355848822908,65.74,229294.0,15073787.56,0.0050000000000025,65.7,65.69
2016-01-15,NTRS,58246,NORTHERN TRUST CORP,,,-0.029814,0.7291626712693644,0.000156788962057,-1.8001496168143343e-10,-0.021599,11.324901654644256,63.78,229294.0,14624371.32,0.004999999999999,63.78,63.77
2016-01-19,NTRS,58246,NORTHERN TRUST CORP,,,0.002352,-0.1241410357326054,0.000469263256687,1.6176006167973875e-11,0.000532,9.91901663366682,63.93,229294.0,14658765.42,0.0150000000000005,63.88,63.85
2016-01-20,NTRS,58246,NORTHERN TRUST CORP,,,-0.039105,0.770475441341804,0.0004883607357968,-1.5808860196099738e-10,-0.011694,17.56137535216796,61.43,229294.0,14085530.42,0.0150000000000005,61.43,61.4
2016-01-21,NTRS,58246,NORTHERN TRUST CORP,,,-0.039394,-0.0552129550666323,0.0001694628029147,-1.7547664417311636e-10,0.005195,16.591759923940444,59.01,229294.0,13530638.94,0.004999999999999,59.01,59.0
2016-01-22,NTRS,58246,NORTHERN TRUST CORP,,,0.023894,-0.0864982069403487,0.0003310162197948,1.1379248684258868e-10,0.020284,15.15660244053486,60.42,229294.0,13853943.48,0.0100000000000015,60.42,60.4
2016-01-25,NTRS,58246,NORTHERN TRUST CORP,,,-0.026978,-0.4153130735086688,0.0003401939105289,-2.2583349577606108e-10,-0.015638,8.861867297007336,58.79,229294.0,13480194.26,0.009999999999998,58.8,58.78
2016-01-26,NTRS,58246,NORTHERN TRUST CORP,,,0.01803,0.1700869056823097,0.0001670843776106,1.2670551539990375e-10,0.014144,10.369154884122567,59.85,229294.0,13723245.9,0.004999999999999,59.85,59.84
2016-01-27,NTRS,58246,NORTHERN TRUST CORP,,,-0.000668,-0.132837311810093,0.0003343922420999,-5.4170896737579335e-12,-0.010863,8.99174422357323,59.81,229294.0,13714074.14,0.009999999999998,59.83,59.81
2016-01-28,NTRS,58246,NORTHERN TRUST CORP,,,-0.000669,-0.1971143003065837,0.0003346160281076,-6.761647154323742e-12,0.005529,7.219342852407825,59.77,229294.0,13704902.38,0.009999999999998,59.79,59.77
2016-01-29,NTRS,58246,NORTHERN TRUST CORP,,,0.038648,0.1083539935916952,0.0004832474226804,3.3931766354670287e-10,0.02476,8.012420081752436,62.08,228984.0,14215326.72,0.0150000000000005,62.08,62.05
2016-02-01,NTRS,58246,NORTHERN TRUST CORP,,,-0.01337,0.1443160685359477,0.0003265306122449,-1.0397058068045616e-10,-0.000443,9.168741047409426,61.25,228984.0,14025270.0,0.0100000000000015,61.27,61.25
2016-02-02,NTRS,58246,NORTHERN TRUST CORP,,,-0.032816,0.0129483518655677,0.0003376097231599,-2.60476439220274e-10,-0.018743,9.287461132655556,59.24,228984.0,13565012.16,0.009999999999998,59.26,59.24
2016-02-03,NTRS,58246,NORTHERN TRUST CORP,,,0.003714,-0.2055777079767524,0.0003363605785401,3.6971189651570256e-11,0.004992,7.378166160081053,59.46,228984.0,13615388.64,0.009999999999998,59.48,59.46
2016-02-04,NTRS,58246,NORTHERN TRUST CORP,,,0.0148,-0.0814154871138017,0.0001657275439177,1.5804607740438543e-10,0.001527,6.777469168151487,60.34,228984.0,13816894.56,0.004999999999999,60.35,60.34
2016-02-05,NTRS,58246,NORTHERN TRUST CORP,,,-0.005303,0.3550806349762747,0.0001666111296234,-4.201339806614679e-11,-0.018481,9.18401722391084,60.02,228984.0,13743619.680000002,0.004999999999999,60.04,60.03
2016-02-08,NTRS,58246,NORTHERN TRUST CORP,,,-0.038321,0.2928045885079027,0.0001732501732501,-2.4419670478773175e-10,-0.014154,11.873139608007548,57.72,228984.0,13216956.48,0.004999999999999,57.72,57.71
2016-02-09,NTRS,58246,NORTHERN TRUST CORP,,,0.004678,-0.1538209160870823,0.0001724435247456,3.506502159086391e-11,-0.000664,10.046802396674003,57.99,228984.0,13278782.16,0.004999999999999,58.0,57.99
2016-02-10,NTRS,58246,NORTHERN TRUST CORP,,,-0.018796,-0.0976915590441792,0.0001757469244287,-1.591347960009937e-10,-0.000189,9.065314607134123,56.9,228984.0,13029189.6,0.004999999999999,56.91,56.9
2016-02-11,NTRS,58246,NORTHERN TRUST CORP,,,-0.042179,0.8200525866504289,0.0003669724770642,-2.0484615772600977e-10,-0.012301,16.49934929951438,54.5,228984.0,12479628.0,0.0100000000000015,54.5,54.48
2016-02-12,NTRS,58246,NORTHERN TRUST CORP,,,0.043119,-0.4470712294343671,0.0003518029903254,3.63075604121221e-10,0.019518,9.12296492331342,56.85,228984.0,13017740.4,0.0100000000000015,56.85,56.83
2016-02-16,NTRS,58246,NORTHERN TRUST CORP,,,0.024626,0.0420993071847806,0.0001716738197424,1.9419931587956134e-10,0.016517,9.50703542605597,58.25,228984.0,13338318.0,0.004999999999999,58.25,58.24
2016-02-17,NTRS,58246,NORTHERN TRUST CORP,,,0.023348,-0.2164321882038201,0.0003355141754738,2.2961683464205658e-10,0.01648,7.449406945463439,59.61,228984.0,13649736.24,0.009999999999998,59.62,59.6
2016-02-18,NTRS,58246,NORTHERN TRUST CORP,,,-0.008891,-0.0695013175674685,0.0001692620176032,-9.481292044747448e-11,-0.004666,6.931663347657478,59.08,228984.0,13528374.72,0.004999999999999,59.08,59.07
2016-02-19,NTRS,58246,NORTHERN TRUST CORP,,,0.005078,-0.2955885688364709,0.0003368137420006,7.648627464646314e-11,-2.6e-05,4.882742899067184,59.38,228984.0,13597069.92,0.009999999999998,59.4,59.38
2016-02-22,NTRS,58246,NORTHERN TRUST CORP,,,0.025598,0.0890901285250476,0.0001642036124794,3.4518818771199876e-10,0.014454,5.323605791931168,60.9,228732.0,13929778.8,0.004999999999999,60.91,60.9
2016-02-23,NTRS,58246,NORTHERN TRUST CORP,,,-0.019048,0.3588145972789216,0.0001673920321392,-1.9270418398336868e-10,-0.012454,7.233793260234685,59.74,228732.0,13664449.68,0.004999999999999,59.75,59.74
2016-02-24,NTRS,58246,NORTHERN TRUST CORP,,,-0.017074,0.0316868125226641,0.0001702997275204,-1.7033673989627146e-10,0.00444,7.463009111099453,58.72,228732.0,13431143.04,0.004999999999999,58.73,58.72
2016-02-25,NTRS,58246,NORTHERN TRUST CORP,,,0.013624,-0.2466454875693383,0.0001680107526882,1.779923837069463e-10,0.011348,5.622291590157914,59.52,228732.0,13614128.64,0.0050000000000025,59.52,59.51
2016-02-26,NTRS,58246,NORTHERN TRUST CORP,,,0.012097,0.3368372268075066,0.000332005312085,1.1680835113142286e-10,-0.00187,7.516088697689873,60.24,228732.0,13778815.68,0.0100000000000015,60.25,60.23
2016-02-29,NTRS,58246,NORTHERN TRUST CORP,,,-0.014276,-0.3726449391276023,0.0001684068710004,-2.2291234276290956e-10,-0.008121,4.715256282461571,59.38,228732.0,13582106.16,0.0050000000000025,59.38,59.37
2016-03-01,NTRS,58246,NORTHERN TRUST CORP,,,0.052543,0.7074063771985943,0.00032,4.5652621329804303e-10,0.023869,8.050858646800622,62.5,228732.0,14295750.0,0.0100000000000015,62.5,62.48
2016-03-02,NTRS,58246,NORTHERN TRUST CORP,,,0.01744,0.1859956806692844,0.0001581527755811,1.2629061043720403e-10,0.004094,9.5482835807845,63.23,228732.0,14462724.36,0.004999999999999,63.26,63.25
2016-03-03,NTRS,58246,NORTHERN TRUST CORP,,,0.018978,-0.0854556643366889,0.000155207201614,1.4747055353650943e-10,0.003499,8.73232866411346,64.43,228732.0,14737202.760000002,0.0049999999999954,64.44,64.43
2016-03-04,NTRS,58246,NORTHERN TRUST CORP,,,0.019091,0.0414010873336494,0.0004568991775814,1.397824898177107e-10,0.003306,9.093856565762552,65.66,228732.0,15018543.12,0.0150000000000005,65.68,65.65
2016-03-07,NTRS,58246,NORTHERN TRUST CORP,,,0.003503,-0.234934540223917,0.0001517680983458,3.340773307333352e-11,0.000885,6.957395554622877,65.89,228732.0,15071151.48,0.0050000000000025,65.9,65.89
2016-03-08,NTRS,58246,NORTHERN TRUST CORP,,,-0.029291,0.1368039920094459,0.0003126954346465,-2.531433546065568e-10,-0.01124,7.90919504048406,63.96,228732.0,14629698.72,0.009999999999998,63.98,63.96
2016-03-09,NTRS,58246,NORTHERN TRUST CORP,,,-0.005003,-0.4019532515314363,0.000157133878064,-7.266177214490797e-11,0.005052,4.730068376965182,63.64,228732.0,14556504.48,0.004999999999999,63.64,63.63
2016-03-10,NTRS,58246,NORTHERN TRUST CORP,,,-0.000629,0.2852776273248065,0.0001572327044024,-7.112171748115507e-12,0.000156,6.079451060629908,63.6,228732.0,14547355.2,0.004999999999999,63.6,63.59
2016-03-11,NTRS,58246,NORTHERN TRUST CORP,,,0.033176,-0.1916472800624207,0.0003043676761527,4.491592593699952e-10,0.016396,4.914340800587588,65.71,228732.0,15029979.72,0.009999999999998,65.72,65.7
2016-03-14,NTRS,58246,NORTHERN TRUST CORP,,,-0.003957,-0.0584813894545431,0.0004583651642475,-5.712619425344411e-11,-0.001261,4.626943322316073,65.45,228732.0,14970509.4,0.0150000000000005,65.47,65.44
2016-03-15,NTRS,58246,NORTHERN TRUST CORP,,,-0.006875,-0.0427002919694234,0.0003076923076924,-1.0439755134214631e-10,-0.001837,4.429371491527202,65.0,228732.0,14867580.0,0.0100000000000051,65.01,64.99
2016-03-16,NTRS,58246,NORTHERN TRUST CORP,,,-0.004769,-0.0050259638608325,0.0004637501932292,-7.313232655191275e-11,0.0056,4.407109630484585,64.69,228732.0,14796673.08,0.0150000000000005,64.72,64.69
2016-03-17,NTRS,58246,NORTHERN TRUST CORP,,,0.007265,0.1671053036217558,0.0001534683855124,9.476843721224327e-11,0.006595,5.143561023381075,65.16,228732.0,14904177.12,0.0049999999999954,65.16,65.15
2016-03-18,NTRS,58246,NORTHERN TRUST CORP,,,0.013505,0.4734895201602724,0.0004542701393095,1.179640429147741e-10,0.004406,7.57898326425686,66.04,228732.0,15105461.28,0.0150000000000005,66.04,66.01
2016-03-21,NTRS,58246,NORTHERN TRUST CORP,,,0.001363,-0.6293006975257793,0.000302434598518,3.2072860020115063e-11,0.000986,2.8095238095238093,66.13,228732.0,15126047.159999998,0.009999999999998,66.14,66.12
2016-03-22,NTRS,58246,NORTHERN TRUST CORP,,,-0.000302,0.0125749267072086,0.0001512630464376,-7.020256370236479e-12,-0.000877,2.844853365510729,66.11,228732.0,15121472.52,0.0049999999999954,66.1,66.09
2016-03-23,NTRS,58246,NORTHERN TRUST CORP,,,-0.007261,-0.0350294832252204,0.0001523693432879,-1.7619483554543451e-10,-0.006386,2.7451996222653587,65.63,228732.0,15011681.159999998,0.0049999999999954,65.63,65.62
2016-03-24,NTRS,58246,NORTHERN TRUST CORP,,,-0.006247,0.0857217935548602,0.0003066544004905,-1.4049837400604275e-10,-0.000378,2.9805230575520696,65.22,228732.0,14917901.04,0.009999999999998,65.22,65.2
2016-03-28,NTRS,58246,NORTHERN TRUST CORP,,,-0.002453,0.2867349917343977,0.0003074085459575,-4.2980846494262434e-11,0.000545,3.835143311823444,65.06,228732.0,14881303.92,0.009999999999998,65.07,65.05
2016-03-29,NTRS,58246,NORTHERN TRUST CORP,,,-0.001383,0.4504810651831923,0.0003078343851007,-1.6729722019191748e-11,0.008817,5.562802756063865,64.97,228732.0,14860718.04,0.009999999999998,64.97,64.95
2016-03-30,NTRS,58246,NORTHERN TRUST CORP,,,0.00785,-0.384379487123062,0.0004581551618815,1.5304787890574187e-10,0.00435,3.424575485721281,65.48,228732.0,14977371.36,0.0150000000000005,65.51,65.48
2016-03-31,NTRS,58246,NORTHERN TRUST CORP,,,-0.004734,0.1380973050261071,0.0001534448365811,-8.148308564219767e-11,-0.00204,3.9072027138374152,65.17,228164.0,14869447.88,0.0049999999999954,65.16,65.15
2016-04-01,NTRS,58246,NORTHERN TRUST CORP,,,0.010434,0.0480996272503233,0.000303720577069,1.6958187027627122e-10,0.006331,4.095137707964446,65.85,228164.0,15024599.4,0.009999999999998,65.86,65.84
2016-04-04,NTRS,58246,NORTHERN TRUST CORP,,,-0.002582,-0.007302301139921,0.0004567600487208,-4.238287821541596e-11,-0.003208,4.065233779211445,65.68,228164.0,14985811.52,0.0149999999999934,65.71,65.68
2016-04-05,NTRS,58246,NORTHERN TRUST CORP,,,-0.017052,0.0032580805140478,0.0001548946716233,-2.838353533155713e-10,-0.010145,4.078478638172543,64.56,228164.0,14730267.84,0.0050000000000025,64.56,64.55
2016-04-06,NTRS,58246,NORTHERN TRUST CORP,,,0.009604,0.2223376841091726,0.0003068425897513,1.2953922077209668e-10,0.010508,4.985278133272558,65.18,228164.0,14871729.52,0.009999999999998,65.19,65.17
2016-04-07,NTRS,58246,NORTHERN TRUST CORP,,,-0.033139,0.2332642613680819,0.0004760393525864,-3.748593423430777e-10,-0.011976,6.148165354744832,63.02,228164.0,14378895.28,0.0150000000000005,63.04,63.01
2016-04-08,NTRS,58246,NORTHERN TRUST CORP,,,0.003808,-0.320364416626865,0.0001580777742649,6.313918647860207e-11,0.002787,4.178511947546502,63.26,228164.0,14433654.64,0.004999999999999,63.26,63.25
2016-04-11,NTRS,58246,NORTHERN TRUST CORP,,,0.009801,-0.0343344668371468,0.0004696305572949,1.6665178924094335e-10,-0.00274,4.035044967654844,63.88,228164.0,14575116.32,0.0150000000000005,63.9,63.87
2016-04-12,NTRS,58246,NORTHERN TRUST CORP,,,0.020038,-0.012360805168511,0.0003069367710253,3.3820457562766324e-10,0.009662,3.9851685629634814,65.16,228164.0,14867166.239999998,0.0100000000000051,65.18,65.16
2016-04-13,NTRS,58246,NORTHERN TRUST CORP,,,0.0376,0.3249566686316085,0.0004437213429966,4.6161659792941385e-10,0.01004,5.28017566311951,67.61,228164.0,15426168.04,0.0150000000000005,67.66,67.63
2016-04-14,NTRS,58246,NORTHERN TRUST CORP,,,0.005473,0.7692683769026831,0.0001471020888495,3.777070400377375e-11,0.000173,9.342047825248503,67.98,228164.0,15510588.72,0.0049999999999954,67.99,67.98
2016-04-15,NTRS,58246,NORTHERN TRUST CORP,,,-0.005884,-0.5795777565201155,0.0002959455460194,-9.715822745932708e-11,-0.000984,3.927604705387353,67.58,228164.0,15419323.12,0.009999999999998,67.58,67.56
2016-04-18,NTRS,58246,NORTHERN TRUST CORP,,,0.010506,0.5546891215415484,0.0002928686484113,1.1042358184976112e-10,0.006541,6.106204309181115,68.29,228164.0,15581319.56,0.0100000000000051,68.29,68.27
2016-04-19,NTRS,58246,NORTHERN TRUST CORP,,,0.051984,0.6306358812990951,0.0004175946547884,3.185135572839898e-10,0.003085,9.95699584509388,71.84,228164.0,16391301.760000002,0.0150000000000005,71.87,71.84
2016-04-20,NTRS,58246,NORTHERN TRUST CORP,,,0.005707,-0.1528319925628172,0.0004152249134948,4.1041670239924056e-11,0.000762,8.43524833014849,72.25,228164.0,16484849.0,0.0150000000000005,72.28,72.25
2016-04-21,NTRS,58246,NORTHERN TRUST CORP,,,-0.006505,0.2198657397304402,0.0002786291446084,-3.859995676078535e-11,-0.005194,10.28987044406655,71.78,228164.0,16377611.92,0.009999999999998,71.81,71.79
2016-04-22,NTRS,58246,NORTHERN TRUST CORP,,,0.00808,-0.2416318749046971,0.0002763957987838,6.271561753497866e-11,4.8e-05,7.80350975614032,72.36,228164.0,16509947.04,0.009999999999998,72.36,72.34
2016-04-25,NTRS,58246,NORTHERN TRUST CORP,,,-0.009536,-0.0218935343278217,0.000139528394028,-7.640215500857419e-11,-0.001812,7.63266334741677,71.67,228164.0,16352513.88,0.0049999999999954,71.69,71.68
2016-04-26,NTRS,58246,NORTHERN TRUST CORP,,,0.011162,-0.2332260885593388,0.000275976266041,1.153435195917352e-10,0.001873,5.852527129608527,72.47,228164.0,16535045.08,0.009999999999998,72.47,72.45
2016-04-27,NTRS,58246,NORTHERN TRUST CORP,,,-0.00276,0.298492664018644,0.0002767400027673,-2.202525622916645e-11,0.001649,7.599463543766764,72.27,228164.0,16489412.28,0.009999999999998,72.28,72.26
2016-04-28,NTRS,58246,NORTHERN TRUST CORP,,,-0.009132,-0.2931576009098438,0.0002792906018711,-1.0404939969893497e-10,-0.009231,5.37162304307428,71.61,228164.0,16338824.04,0.009999999999998,71.61,71.59
2016-04-29,NTRS,58246,NORTHERN TRUST CORP,,,-0.007401,0.3664898568958665,0.0001406865503658,-6.217043735507394e-11,-0.005063,7.340268403429112,71.08,228164.0,16217897.12,0.0050000000000025,71.09,71.08
2016-05-02,NTRS,58246,NORTHERN TRUST CORP,,,0.010974,-0.4000937433760154,0.0002783189535206,1.5199709548869342e-10,0.00781,4.403472940516471,71.86,228164.0,16395865.04,0.009999999999998,71.86,71.84
2016-05-03,NTRS,58246,NORTHERN TRUST CORP,,,-0.021987,0.3326926866750139,0.0004268639726807,-2.336478317949844e-10,-0.008677,5.868476183797619,70.28,228164.0,16035365.92,0.0150000000000005,70.3,70.27
2016-05-04,NTRS,58246,NORTHERN TRUST CORP,,,-0.013517,0.1128505013163054,0.0001442377037358,-1.3084279701923328e-10,-0.005937,6.53073666310198,69.33,228164.0,15818610.12,0.0050000000000025,69.33,69.32
2016-05-05,NTRS,58246,NORTHERN TRUST CORP,,,-0.004904,-0.1056930538582182,0.0002898970865342,-5.334189233146745e-11,-0.000239,5.840483161234901,68.99,228164.0,15741034.36,0.009999999999998,68.99,68.97
2016-05-06,NTRS,58246,NORTHERN TRUST CORP,,,0.000435,0.0926190240344353,0.0004346566212692,4.328621836238436e-12,0.003175,6.381423011518031,69.02,228164.0,15747879.28,0.0150000000000005,69.02,68.99
2016-05-09,NTRS,58246,NORTHERN TRUST CORP,,,-0.004347,-0.1971379337106656,0.0001455180442375,-5.4112910641480175e-11,0.000753,5.123402464893673,68.72,228164.0,15679430.08,0.0050000000000025,68.72,68.71
2016-05-10,NTRS,58246,NORTHERN TRUST CORP,,,0.022701,-0.1866719248299366,0.0002845759817872,3.3973624089281115e-10,0.012484,4.16700706509353,70.28,228164.0,16035365.92,0.0100000000000051,70.29,70.27
2016-05-11,NTRS,58246,NORTHERN TRUST CORP,,,-0.012237,0.2782581532056951,0.0001440507058485,-1.4504421784813428e-10,-0.009562,5.3265107554215385,69.42,228164.0,15839144.88,0.0050000000000025,69.43,69.42
2016-05-12,NTRS,58246,NORTHERN TRUST CORP,,,0.000576,-0.1245114447412117,0.0004319032536711,7.793764898290702e-12,-0.00017,4.6632992058344,69.46,228164.0,15848271.44,0.0150000000000005,69.48,69.45
2016-05-13,NTRS,58246,NORTHERN TRUST CORP,,,-0.014253,0.0822539913176447,0.0002920987293704,-1.8077416228699256e-10,-0.008478,5.046874178222682,68.47,228164.0,15622389.08,0.009999999999998,68.47,68.45
2016-05-16,NTRS,58246,NORTHERN TRUST CORP,,,0.007595,-0.3950222098713434,0.0002898970865344,1.5802747557406608e-10,0.009797,3.053246787398538,68.99,228164.0,15741034.36,0.0100000000000051,69.01,68.99
2016-05-17,NTRS,58246,NORTHERN TRUST CORP,,,-0.00087,0.5287429249785758,0.0002901494269548,-1.1851340697321891e-11,-0.009411,4.66762942444908,68.93,228164.0,15727344.52,0.009999999999998,68.95,68.93
2016-05-18,NTRS,58246,NORTHERN TRUST CORP,,,0.037719,0.5096268961534669,0.0004194044456871,3.279886607592204e-10,0.000205,7.046378920425659,71.53,228164.0,16320570.92,0.0150000000000005,71.53,71.5
2016-05-19,NTRS,58246,NORTHERN TRUST CORP,,,-0.007409,0.1960030602153346,0.0001408450704226,-5.426950239283165e-11,-0.003707,8.427490752265914,71.0,228164.0,16199644.0,0.0050000000000025,71.01,71.0
2016-05-20,NTRS,58246,NORTHERN TRUST CORP,,,0.012394,-0.2885414878955716,0.0001391207568167,1.2604001233811519e-10,0.006019,5.995810031380937,71.88,228164.0,16400428.319999998,0.0049999999999954,71.88,71.87
2016-05-23,NTRS,58246,NORTHERN TRUST CORP,,,-0.007791,-0.2534575315709912,0.0002804262478967,-1.0696270198033632e-10,-0.002085,4.4761268210585365,71.32,228164.0,16272656.48,0.009999999999998,71.33,71.31
2016-05-24,NTRS,58246,NORTHERN TRUST CORP,,,0.018368,0.0831457439652361,0.000275368305108,2.2861747522051708e-10,0.013681,4.848297715678196,72.63,228164.0,16571551.319999998,0.009999999999998,72.63,72.61
2016-05-25,NTRS,58246,NORTHERN TRUST CORP,,,0.019689,0.3659134321153274,0.0002700513097487,1.7594639508337132e-10,0.006975,6.622354972738907,74.06,228164.0,16897825.84,0.009999999999998,74.06,74.04
2016-05-26,NTRS,58246,NORTHERN TRUST CORP,,,-0.003916,-0.1574590845826855,0.0002711129185305,-4.169772120691812e-11,-0.00021,5.579605020949843,73.77,228164.0,16831658.279999997,0.009999999999998,73.78,73.76
2016-05-27,NTRS,58246,NORTHERN TRUST CORP,,,0.006371,-0.1896462474421966,0.0001346982758621,8.318488411259056e-11,0.004287,4.521453866517066,74.24,228164.0,16938895.36,0.0050000000000025,74.23,74.22
2016-05-31,NTRS,58246,NORTHERN TRUST CORP,,,-0.001886,0.3701752464296897,0.0002699055330635,-1.8006202798889894e-11,-0.001,6.195184165775495,74.1,228164.0,16906952.4,0.0100000000000051,74.12,74.1
2016-06-01,NTRS,58246,NORTHERN TRUST CORP,,,0.003779,-0.3850131374344012,0.000270197243988,5.873008501320452e-11,0.00113,3.809956873126348,74.02,228164.0,16888699.279999997,0.009999999999998,74.02,74.0
2016-06-02,NTRS,58246,NORTHERN TRUST CORP,,,0.004458,-0.0354022512495758,0.0004034969737727,7.15065237592696e-11,0.002825,3.6750758226538807,74.35,228164.0,16963993.4,0.0150000000000005,74.36,74.33
2016-06-03,NTRS,58246,NORTHERN TRUST CORP,,,-0.027303,1.580174593331107,0.0002765486725665,-1.7449758928656449e-10,-0.002912,9.48233726617696,72.32,228164.0,16500820.48,0.0100000000000051,72.34,72.32
2016-06-06,NTRS,58246,NORTHERN TRUST CORP,,,0.013689,-0.4984543763704467,0.000136407038603,1.7208203712801806e-10,0.004897,4.755824757630476,73.31,228164.0,16726702.84,0.0049999999999954,73.3,73.29
2016-06-07,NTRS,58246,NORTHERN TRUST CORP,,,-0.009548,-0.2578370079291646,0.0001377220768489,-1.6328403117658756e-10,0.001289,3.5295971318875896,72.61,228164.0,16566988.04,0.0050000000000025,72.62,72.61
2016-06-08,NTRS,58246,NORTHERN TRUST CORP,,,0.000964,0.1120265432551002,0.0001375894331316,1.481066987575166e-11,0.003309,3.925005697656072,72.68,228164.0,16582959.52,0.0050000000000025,72.68,72.67
2016-06-09,NTRS,58246,NORTHERN TRUST CORP,,,-0.011145,0.3294139322982095,0.0001391401140949,-1.3025211638214175e-10,-0.001718,5.217957258813835,71.87,228164.0,16398146.680000002,0.0050000000000025,71.87,71.86
2016-06-10,NTRS,58246,NORTHERN TRUST CORP,,,-0.012383,0.2837554071647559,0.0001408847562692,-1.1414580432705515e-10,-0.009175,6.698580845356848,70.98,228164.0,16195080.72,0.0049999999999954,70.99,70.98
2016-06-13,NTRS,58246,NORTHERN TRUST CORP,,,-0.004368,-0.3268988304571849,0.0001415027593038,-6.008101597364439e-11,-0.008115,4.508822601286794,70.67,228164.0,16124349.88,0.0050000000000025,70.68,70.67
2016-06-14,NTRS,58246,NORTHERN TRUST CORP,,,-0.017546,-0.124041677723764,0.0001440299582311,-2.804382486604902e-10,-0.001799,3.9495406812643536,69.43,228164.0,15841426.52,0.0049999999999954,69.44,69.43
2016-06-15,NTRS,58246,NORTHERN TRUST CORP,,,0.004321,0.3214340010409002,0.0002868205937185,5.2038576783954494e-11,-0.001841,5.219057344716958,69.73,228164.0,15909875.72,0.009999999999998,69.75,69.73
2016-06-16,NTRS,58246,NORTHERN TRUST CORP,,,-0.006454,0.184449794718009,0.0002886836027713,-6.604884604728631e-11,0.003133,6.181711400571519,69.28,228164.0,15807201.92,0.009999999999998,69.28,69.26
2016-06-17,NTRS,58246,NORTHERN TRUST CORP,,,0.0,-0.0741830232182206,0.0002886836027713,0.0,-0.003258,5.723133360214582,69.28,228164.0,15807201.92,0.009999999999998,69.28,69.26
2016-06-20,NTRS,58246,NORTHERN TRUST CORP,,,0.003031,-0.0047939482912178,0.0002878111958556,3.35636843837103e-11,0.005808,5.69569695482197,69.49,228164.0,15855116.36,0.0100000000000051,69.51,69.49
2016-06-21,NTRS,58246,NORTHERN TRUST CORP,,,0.000576,-0.1303117302641754,0.0001438228102977,7.329808789856257e-12,0.002712,4.953480829578724,69.53,228164.0,15864242.92,0.0050000000000025,69.53,69.52
2016-06-22,NTRS,58246,NORTHERN TRUST CORP,,,-0.002014,-0.080113713783151,0.0002882259691599,-2.7917133656445708e-11,-0.001652,4.556639084167529,69.39,228164.0,15832299.96,0.0100000000000051,69.4,69.38
2016-06-23,NTRS,58246,NORTHERN TRUST CORP,,,0.030984,0.1791333905955883,0.0001397819401734,3.5329204398816247e-10,0.013364,5.372885293034835,71.54,228164.0,16322852.56,0.0050000000000025,71.53,71.52
2016-06-24,NTRS,58246,NORTHERN TRUST CORP,,,-0.084428,2.04222696975852,0.0003053435114503,-3.4562002605647006e-10,-0.03592,16.345536543889484,65.5,228164.0,14944742.0,0.009999999999998,65.5,65.48
2016-06-27,NTRS,58246,NORTHERN TRUST CORP,,,-0.058473,-0.4452600816793195,0.0001621533971137,-4.582956200221954e-10,-0.018097,9.06752160726495,61.67,228164.0,14070873.88,0.0050000000000025,61.67,61.66
2016-06-28,NTRS,58246,NORTHERN TRUST CORP,,,0.030809,0.027420123525653,0.0001573069057731,2.280035462728313e-10,0.01777,9.316154169807682,63.57,228164.0,14504385.48,0.004999999999999,63.58,63.57
2016-06-29,NTRS,58246,NORTHERN TRUST CORP,,,0.026742,0.0959620551455557,0.0004596292324191,1.7587372612871137e-10,0.017033,10.210151469995267,65.27,228164.0,14892264.28,0.0150000000000005,65.27,65.24
2016-06-30,NTRS,58246,NORTHERN TRUST CORP,,,0.015168,0.0625925860741958,0.0003018412315121,9.247637556490619e-11,0.013565,10.924546870793632,66.26,226591.0,15013919.660000002,0.009999999999998,66.28,66.26
2016-07-01,NTRS,58246,NORTHERN TRUST CORP,,,-0.015545,-0.4933202822650363,0.0001533036946191,-1.9000443559335128e-10,0.001949,5.535246324876098,65.23,226591.0,14780530.930000002,0.0050000000000025,65.22,65.21
2016-07-05,NTRS,58246,NORTHERN TRUST CORP,,,-0.025755,0.0310156692873835,0.0001573564122737,-3.1340153936484147e-10,-0.006848,5.70692569431266,63.55,226591.0,14399858.05,0.004999999999999,63.54,63.53
2016-07-06,NTRS,58246,NORTHERN TRUST CORP,,,-0.001259,0.0284501731447068,0.0001575547502756,-1.4915200717417222e-11,0.005353,5.869288718439832,63.47,226591.0,14381730.77,0.004999999999999,63.47,63.46
2016-07-07,NTRS,58246,NORTHERN TRUST CORP,,,0.000788,0.0728693583412034,0.0001574307304786,8.694422819752506e-12,-0.000872,6.296980021271807,63.52,226591.0,14393060.32,0.0050000000000025,63.52,63.51
2016-07-08,NTRS,58246,NORTHERN TRUST CORP,,,0.0159,-0.0043165346615841,0.0001549666821634,1.7343597758798776e-10,0.015253,6.269798888746685,64.53,226591.0,14621917.23,0.0050000000000025,64.54,64.53
2016-07-11,NTRS,58246,NORTHERN TRUST CORP,,,0.007748,-0.2700699664949179,0.0001537751806859,1.1489426680635214e-10,0.003409,4.576514512932993,65.03,226591.0,14735212.73,0.0050000000000025,65.03,65.02
2016-07-12,NTRS,58246,NORTHERN TRUST CORP,,,0.019376,0.0940899539728659,0.0001508523155829,2.576235595166675e-10,0.007009,5.007118552811012,66.29,226591.0,15020717.39,0.0049999999999954,66.3,66.29
2016-07-13,NTRS,58246,NORTHERN TRUST CORP,,,-0.006336,0.0430057960386685,0.0001518141794444,-8.128497060148724e-11,0.000135,5.222453672034635,65.87,226591.0,14925549.170000002,0.0050000000000025,65.87,65.86
2016-07-14,NTRS,58246,NORTHERN TRUST CORP,,,0.013815,-0.175226325694357,0.0001497454327641,2.1195927824537927e-10,0.005259,4.307342303975004,66.78,226591.0,15131746.98,0.0049999999999954,66.8,66.79
2016-07-15,NTRS,58246,NORTHERN TRUST CORP,,,0.003594,-0.0112765815748894,0.0002984183825725,5.557081753271688e-11,-0.000929,4.2587702071132565,67.02,226591.0,15186128.819999998,0.0100000000000051,67.01,66.99
2016-07-18,NTRS,58246,NORTHERN TRUST CORP,,,0.005968,-0.1872924220646861,0.0001483239394836,1.1287009581485696e-10,0.002382,3.46113482000609,67.42,226591.0,15276765.22,0.0049999999999954,67.41,67.4
2016-07-19,NTRS,58246,NORTHERN TRUST CORP,,,-0.004598,1.921718762352377,0.0002980181791088,-2.9900754421935477e-11,-0.001435,10.112462542642913,67.11,226591.0,15206522.01,0.009999999999998,67.13,67.11
2016-07-20,NTRS,58246,NORTHERN TRUST CORP,,,-0.009537,0.2109131868692975,0.0001504438092373,-5.1709878000101345e-11,0.00427,12.245314244608126,66.47,226591.0,15061503.77,0.0050000000000025,66.48,66.47
2016-07-21,NTRS,58246,NORTHERN TRUST CORP,,,0.003912,-0.296931752080782,0.0002997152704931,3.005160320262221e-11,-0.003612,8.609291631176879,66.73,226591.0,15120417.430000002,0.0100000000000051,66.73,66.71
2016-07-22,NTRS,58246,NORTHERN TRUST CORP,,,0.005245,-0.5260838184364471,0.0001490757304711,8.457477002096364e-11,0.004554,4.080082615814397,67.08,226591.0,15199724.28,0.0050000000000025,67.08,67.07
2016-07-25,NTRS,58246,NORTHERN TRUST CORP,,,0.000447,-0.0976398308293041,0.0001490090895545,7.984151226185826e-12,-0.003011,3.681704039436694,67.11,226591.0,15206522.01,0.0050000000000025,67.11,67.1
2016-07-26,NTRS,58246,NORTHERN TRUST CORP,,,0.014454,0.7370016577943304,0.0001468860164513,1.4651319541019422e-10,0.000323,6.395126020009621,68.08,226591.0,15426315.28,0.0050000000000025,68.09,68.08
2016-07-27,NTRS,58246,NORTHERN TRUST CORP,,,0.005875,0.0765003678200897,0.0002920560747662,5.499689535551644e-11,-0.001199,6.884355512796184,68.48,226591.0,15516951.680000002,0.009999999999998,68.5,68.48
2016-07-28,NTRS,58246,NORTHERN TRUST CORP,,,-0.010806,-0.2674403323732494,0.0001476232654264,-1.3959530797800534e-10,0.001606,5.043201186278361,67.74,226591.0,15349274.339999998,0.0049999999999954,67.74,67.73
2016-07-29,NTRS,58246,NORTHERN TRUST CORP,,,-0.002214,-0.2690943903446441,0.0001479508803078,-3.921795332603779e-11,0.001631,3.686104037671399,67.59,226591.0,15315285.69,0.0050000000000025,67.59,67.58
2016-08-01,NTRS,58246,NORTHERN TRUST CORP,,,-0.007398,-0.1051963631922877,0.0004471605306305,-1.4754297962396388e-10,-0.00127,3.2983392985599607,67.09,226591.0,15201990.19,0.0150000000000005,67.09,67.06
2016-08-02,NTRS,58246,NORTHERN TRUST CORP,,,-0.013117,0.1064152619705796,0.0001510345869202,-2.3958233180493907e-10,-0.006362,3.649332939084077,66.21,226591.0,15002590.11,0.0049999999999954,66.21,66.2
2016-08-03,NTRS,58246,NORTHERN TRUST CORP,,,0.012083,0.0326965821991858,0.0001492314579914,2.1115738484997436e-10,0.003134,3.768653653499036,67.01,226591.0,15183862.910000002,0.0050000000000025,67.01,67.0
2016-08-04,NTRS,58246,NORTHERN TRUST CORP,,,-0.003432,-0.0164765095562584,0.0001497454327643,-6.119095687646585e-11,0.000213,3.7065593955629295,66.78,226591.0,15131746.98,0.0050000000000025,66.79,66.78
2016-08-05,NTRS,58246,NORTHERN TRUST CORP,,,0.03534,-0.0018836181184536,0.0002892681515764,6.097367427727313e-10,0.008603,3.699577653128324,69.14,226591.0,15666501.74,0.009999999999998,69.16,69.14
2016-08-08,NTRS,58246,NORTHERN TRUST CORP,,,0.000868,-0.350185078928439,0.0001445086705203,2.3026564527193208e-11,-0.000907,2.404040760665693,69.2,226591.0,15680097.2,0.0050000000000025,69.2,69.19
2016-08-09,NTRS,58246,NORTHERN TRUST CORP,,,-0.000144,0.1848370030143151,0.0002890591125884,-3.2246016331005268e-12,0.00039,2.848396449991394,69.19,226591.0,15677831.29,0.009999999999998,69.21,69.19
2016-08-10,NTRS,58246,NORTHERN TRUST CORP,,,-0.011996,-0.0414860997705374,0.0001462843768286,-2.8365660183713467e-10,-0.002865,2.730227590681007,68.36,226591.0,15489760.76,0.0050000000000025,68.36,68.35
2016-08-11,NTRS,58246,NORTHERN TRUST CORP,,,0.00395,-0.1671410906093154,0.0002914177473407,1.1170436744495924e-10,0.004735,2.27389437356294,68.63,226591.0,15550940.329999998,0.009999999999998,68.64,68.62
2016-08-12,NTRS,58246,NORTHERN TRUST CORP,,,-0.011657,0.8277418077648648,0.0001474273920095,-1.8248920964370878e-10,-0.000796,4.1560918130022815,67.83,226591.0,15369667.53,0.0050000000000025,67.83,67.82
2016-08-15,NTRS,58246,NORTHERN TRUST CORP,,,0.007519,-0.0446517218787065,0.0001463271875915,1.2229130966130805e-10,0.002793,3.9705151572657353,68.34,226591.0,15485228.94,0.0050000000000025,68.34,68.33
2016-08-16,NTRS,58246,NORTHERN TRUST CORP,,,-0.002341,-0.0085385630271995,0.0001466705778821,-3.849276209577589e-11,-0.005479,3.9366126633449694,68.18,226591.0,15448974.38,0.0050000000000025,68.18,68.17
2016-08-17,NTRS,58246,NORTHERN TRUST CORP,,,0.002053,0.0740985716383726,0.0002927400468383,3.136401200292093e-11,0.001869,4.228310038792362,68.32,226591.0,15480697.12,0.009999999999998,68.32,68.3
2016-08-18,NTRS,58246,NORTHERN TRUST CORP,,,-0.000585,-0.3098287542910581,0.0001464557703574,-1.2956747991163864e-11,0.0022,2.918258006716948,68.28,226591.0,15471633.48,0.0050000000000025,68.29,68.28
2016-08-19,NTRS,58246,NORTHERN TRUST CORP,,,0.004247,0.2696116905683319,0.0001458363715911,7.37752783869221e-11,-0.00144,3.705054481422475,68.57,226591.0,15537344.87,0.0050000000000025,68.56,68.55
2016-08-22,NTRS,58246,NORTHERN TRUST CORP,,,0.000875,-0.1370334900873343,0.0001457088736704,1.759798153476741e-11,-0.000563,3.1973379348694344,68.63,226591.0,15550940.329999998,0.0050000000000025,68.64,68.63
2016-08-23,NTRS,58246,NORTHERN TRUST CORP,,,0.000583,-0.1442673998741179,0.000145623998835,1.3694060229045636e-11,0.001952,2.736066304486939,68.67,226591.0,15560003.97,0.0050000000000025,68.68,68.67
2016-08-24,NTRS,58246,NORTHERN TRUST CORP,,,-0.004223,-0.0698455404149891,0.0001462415911085,-1.0709461616451171e-10,-0.00524,2.5449642748388066,68.38,226591.0,15494292.579999998,0.0050000000000025,68.39,68.38
2016-08-25,NTRS,58246,NORTHERN TRUST CORP,,,0.006581,0.0865960538682704,0.00014528548598,1.5258844646994267e-10,-0.001365,2.765348138275572,68.83,226591.0,15596258.53,0.0050000000000025,68.83,68.82
2016-08-26,NTRS,58246,NORTHERN TRUST CORP,,,0.007555,0.4183861232710344,0.0001441961067051,1.2257476230017766e-10,-0.001579,3.92233142534346,69.35,226591.0,15714085.85,0.0050000000000025,69.37,69.36
2016-08-29,NTRS,58246,NORTHERN TRUST CORP,,,0.007787,-0.0659904474186089,0.000143081985978,1.3421988818542206e-10,0.005228,3.6634950196609752,69.89,226591.0,15836444.99,0.0050000000000025,69.9,69.89
2016-08-30,NTRS,58246,NORTHERN TRUST CORP,,,0.013307,0.0382392800997453,0.0001412030499857,2.1801607528874839e-10,-0.001954,3.803584431861813,70.82,226591.0,16047174.62,0.0049999999999954,70.82,70.81
2016-08-31,NTRS,58246,NORTHERN TRUST CORP,,,0.002118,1.126800470611168,0.0002833262501772,1.6368930656711762e-11,-0.002376,8.089465159693015,70.59,226591.0,15995058.69,0.0100000000000051,70.59,70.57
2016-09-01,NTRS,58246,NORTHERN TRUST CORP,,,-0.00255,-0.2936824877250409,0.0001420252804997,-2.7973280291254903e-11,-4.1e-05,5.713730907229325,70.41,226591.0,15954272.31,0.0049999999999954,70.41,70.4
2016-09-02,NTRS,58246,NORTHERN TRUST CORP,,,0.003409,-0.3970224302530355,0.0001415428167019,6.180893191265585e-11,0.004201,3.445251576629257,70.65,226591.0,16008654.15,0.0049999999999954,70.66,70.65
2016-09-06,NTRS,58246,NORTHERN TRUST CORP,,,-0.011182,0.1102870252592989,0.0001431434297166,-1.8466817009215382e-10,0.002982,3.825218124285607,69.86,226591.0,15829647.26,0.0050000000000025,69.86,69.85
2016-09-07,NTRS,58246,NORTHERN TRUST CORP,,,-0.002433,-0.1585744612118694,0.0001434926101306,-4.786930189845484e-11,-0.000146,3.218636221209139,69.69,226591.0,15791126.79,0.0050000000000025,69.7,69.69
2016-09-08,NTRS,58246,NORTHERN TRUST CORP,,,0.002009,0.4104130731070567,0.000286409852499,2.796900518893709e-11,-0.002223,4.539606603969267,69.83,226591.0,15822849.53,0.0100000000000051,69.84,69.82
2016-09-09,NTRS,58246,NORTHERN TRUST CORP,,,-0.012602,0.1171757884728679,0.0004350978970268,-1.5904602322359058e-10,-0.024522,5.071538587146003,68.95,226591.0,15623449.45,0.0150000000000005,68.97,68.94
2016-09-12,NTRS,58246,NORTHERN TRUST CORP,,,0.011168,0.0542924645285924,0.0002868617326448,1.3221311396988068e-10,0.014677,5.346884915994016,69.72,226591.0,15797924.52,0.009999999999998,69.74,69.72
2016-09-13,NTRS,58246,NORTHERN TRUST CORP,,,-0.013483,-0.3102382390908881,0.0002907822041292,-2.345750167989585e-10,-0.014831,3.688076755034402,68.78,226591.0,15584928.98,0.0100000000000051,68.79,68.77
2016-09-14,NTRS,58246,NORTHERN TRUST CORP,,,-0.004653,0.3855256466252237,0.000146070698218,-5.870011899577612e-11,-0.000588,5.109924930822495,68.46,226591.0,15512419.86,0.0050000000000025,68.48,68.47
2016-09-15,NTRS,58246,NORTHERN TRUST CORP,,,0.013438,-0.4456744882598373,0.0001441337561255,3.0177155347527316e-10,0.010109,2.832561752231995,69.38,226591.0,15720883.579999998,0.0049999999999954,69.38,69.37
2016-09-16,NTRS,58246,NORTHERN TRUST CORP,,,-0.014702,0.9833305548327992,0.0001462843768284,-1.6894961991421704e-10,-0.003772,5.617906271652449,68.36,226591.0,15489760.76,0.0049999999999954,68.35,68.34
2016-09-19,NTRS,58246,NORTHERN TRUST CORP,,,0.002194,-0.3150411597472676,0.000145964092833,3.6728317603013965e-11,-1.9e-05,3.848034564479613,68.51,226591.0,15523749.410000002,0.0049999999999954,68.52,68.51
2016-09-20,NTRS,58246,NORTHERN TRUST CORP,,,0.001751,-0.3948401821247118,0.0001457088736702,4.835266807734605e-11,0.000299,2.3286758962182965,68.63,226591.0,15550940.329999998,0.0049999999999954,68.63,68.62
2016-09-21,NTRS,58246,NORTHERN TRUST CORP,,,0.007723,0.2831024699757607,0.0002891844997109,1.6493696744249423e-10,0.010917,2.9879297942107144,69.16,226591.0,15671033.56,0.0100000000000051,69.18,69.16
2016-09-22,NTRS,58246,NORTHERN TRUST CORP,,,0.00347,0.1751098165834119,0.0001440922190202,6.284612503362267e-11,0.0065,3.511145632439064,69.4,226591.0,15725415.4,0.0050000000000025,69.4,69.39
2016-09-23,NTRS,58246,NORTHERN TRUST CORP,,,-0.001297,0.2489221889556734,0.0001442793247726,-1.8832899830447777e-11,-0.005737,4.385147689007948,69.31,226591.0,15705022.21,0.0049999999999954,69.32,69.31
2016-09-26,NTRS,58246,NORTHERN TRUST CORP,,,-0.026692,0.0842250927151317,0.0002964719833977,-3.6727252808105597e-10,-0.008588,4.754487159684189,67.46,226591.0,15285828.86,0.0100000000000051,67.48,67.46
2016-09-27,NTRS,58246,NORTHERN TRUST CORP,,,0.001334,-0.0679442767449718,0.0001480384900072,1.966718775032956e-11,0.006444,4.431446968326191,67.55,226591.0,15306222.05,0.0049999999999954,67.55,67.54
2016-09-28,NTRS,58246,NORTHERN TRUST CORP,,,0.000592,0.1660668083487531,0.0001479508803078,7.480448103233709e-12,0.005296,5.167363222722879,67.59,226591.0,15315285.69,0.0050000000000025,67.59,67.58
2016-09-29,NTRS,58246,NORTHERN TRUST CORP,,,-0.013168,-0.1149539063847813,0.0001499250374811,-1.9050941719024308e-10,-0.009321,4.573354634561832,66.7,226591.0,15113619.7,0.0049999999999954,66.71,66.7
2016-09-30,NTRS,58246,NORTHERN TRUST CORP,,,0.01934,0.5741695543969252,0.0001470804530078,1.7437426276822526e-10,0.007968,7.204322729661574,67.99,226431.0,15395043.69,0.0050000000000025,67.98,67.97
2016-10-03,NTRS,58246,NORTHERN TRUST CORP,,,0.002353,-0.4234246439303566,0.0001467351430668,3.6708864176875706e-11,-0.003261,4.153834943095248,68.15,226431.0,15431272.65,0.0050000000000025,68.15,68.14
2016-10-04,NTRS,58246,NORTHERN TRUST CORP,,,0.024652,1.111143715904512,0.0002864098524988,1.777899460631179e-10,-0.004956,8.769342537020108,69.83,226431.0,15811676.73,0.009999999999998,69.85,69.83
2016-10-05,NTRS,58246,NORTHERN TRUST CORP,,,0.029643,-0.1506488300310577,0.0002781641168288,2.4445732516935637e-10,0.004297,7.44825134367644,71.9,226431.0,16280388.9,0.009999999999998,71.92,71.9
2016-10-06,NTRS,58246,NORTHERN TRUST CORP,,,0.001947,-0.2954987059113023,0.0001388117712382,2.2746796588380718e-11,0.000482,5.247302710317934,72.04,226431.0,16312089.240000002,0.0050000000000025,72.04,72.03
2016-10-07,NTRS,58246,NORTHERN TRUST CORP,,,-0.001249,-0.0164776897232004,0.0001389854065321,-1.4855094564731057e-11,-0.003253,5.160839284373606,71.95,226431.0,16291710.45,0.0049999999999954,71.96,71.95
2016-10-10,NTRS,58246,NORTHERN TRUST CORP,,,0.001668,-0.4490130706313849,0.0001387539891772,3.5945456909332646e-11,0.004606,2.843554990261934,72.07,226431.0,16318882.169999998,0.0050000000000025,72.08,72.07
2016-10-11,NTRS,58246,NORTHERN TRUST CORP,,,-0.013875,0.378626708227916,0.0004221190375686,-2.1993911471852792e-10,-0.012447,3.9202008558898735,71.07,226431.0,16092451.169999998,0.0150000000000005,71.09,71.06
2016-10-12,NTRS,58246,NORTHERN TRUST CORP,,,0.000563,-0.2795680754347128,0.0001406271972998,1.2380567804263715e-11,0.001147,2.824237847291228,71.11,226431.0,16101508.41,0.0049999999999954,71.13,71.12
2016-10-13,NTRS,58246,NORTHERN TRUST CORP,,,-0.018282,0.5548878411871867,0.0002864919066035,-2.6337214806800657e-10,-0.003099,4.391373089373805,69.81,226431.0,15807148.11,0.009999999999998,69.81,69.79
2016-10-14,NTRS,58246,NORTHERN TRUST CORP,,,0.011173,-0.0428302909559377,0.0001416631250884,1.6630352313507692e-10,0.000202,4.20328930225985,70.59,226431.0,15983764.29,0.0049999999999954,70.6,70.59
2016-10-17,NTRS,58246,NORTHERN TRUST CORP,,,-0.004533,-0.0166040630204201,0.0001423082396471,-6.892268517190983e-11,-0.003038,4.133497621792069,70.27,226431.0,15911306.37,0.0050000000000025,70.28,70.27
2016-10-18,NTRS,58246,NORTHERN TRUST CORP,,,0.009677,-0.129570747217806,0.0002818886539816,1.6741766734059328e-10,0.00616,3.5979172463134463,70.95,226431.0,16065279.45,0.009999999999998,70.95,70.93
2016-10-19,NTRS,58246,NORTHERN TRUST CORP,,,0.002537,1.0830055972897332,0.0004217629692113,2.101794091610575e-11,0.002192,7.494481762656173,71.13,226431.0,16106037.03,0.0150000000000005,71.13,71.1
2016-10-20,NTRS,58246,NORTHERN TRUST CORP,,,-0.002109,-0.3844151650311169,0.0004226542688081,-2.844298555116321e-11,-0.001376,4.613489319042004,70.98,226431.0,16072072.38,0.0150000000000005,71.01,70.98
2016-10-21,NTRS,58246,NORTHERN TRUST CORP,,,0.0,0.5816833981564888,0.0002817695125388,0.0,-8.4e-05,7.2970794635010225,70.98,226431.0,16072072.38,0.0100000000000051,70.98,70.96
2016-10-24,NTRS,58246,NORTHERN TRUST CORP,,,0.0,-0.4640361680944873,0.0002817695125386,0.0,0.00475,3.910970670977031,70.98,226431.0,16072072.38,0.009999999999998,71.0,70.98
2016-10-25,NTRS,58246,NORTHERN TRUST CORP,,,-0.009298,0.2699158164561608,0.0001422070534697,-1.1757508566767578e-10,-0.003798,4.966603512769894,70.32,226431.0,15922627.919999998,0.0049999999999954,70.32,70.31
2016-10-26,NTRS,58246,NORTHERN TRUST CORP,,,0.016212,-0.175132692449624,0.0001399384270919,2.4456489371057656e-10,-0.00174,4.096788867248742,71.46,226431.0,16180759.259999998,0.0049999999999954,71.46,71.45
2016-10-27,NTRS,58246,NORTHERN TRUST CORP,,,0.013154,1.0652041740330302,0.0001381215469613,9.483678219204652e-11,-0.002987,8.460705468774153,72.4,226431.0,16393604.4,0.0050000000000025,72.4,72.39
2016-10-28,NTRS,58246,NORTHERN TRUST CORP,,,0.0,-0.2720702841578774,0.0001381215469613,0.0,-0.003108,6.158798927708662,72.4,226431.0,16393604.4,0.0050000000000025,72.43,72.42
2016-10-31,NTRS,58246,NORTHERN TRUST CORP,,,0.000276,-0.1603536068805335,0.0001380834023751,3.25478439278326e-12,-0.000122,5.171213305598615,72.42,226431.0,16398133.02,0.0050000000000025,72.43,72.42
2016-11-01,NTRS,58246,NORTHERN TRUST CORP,,,0.004143,0.2923821634727475,0.0001375137513752,3.764798794322232e-11,-0.006787,6.6831838396685965,72.72,226431.0,16466062.32,0.0050000000000025,72.73,72.72
2016-11-02,NTRS,58246,NORTHERN TRUST CORP,,,-0.009626,-0.2991402780714739,0.0001388503193558,-1.2602083299484163e-10,-0.006525,4.683974367467352,72.02,226431.0,16307560.62,0.0050000000000025,72.04,72.03
2016-11-03,NTRS,58246,NORTHERN TRUST CORP,,,0.004999,-0.0002460878165787,0.0001381597126278,6.513599495125704e-11,-0.004423,4.682821698442351,72.38,226431.0,16389075.78,0.0050000000000025,72.37,72.36
2016-11-04,NTRS,58246,NORTHERN TRUST CORP,,,-0.004145,-0.1007774893995865,0.0002774694783573,-6.031135421013085e-11,-0.001666,4.210898684367423,72.08,226431.0,16321146.48,0.009999999999998,72.1,72.08
2016-11-07,NTRS,58246,NORTHERN TRUST CORP,,,0.026637,0.6136166749521226,0.0004054054054054,2.3396050006854483e-10,0.022224,6.794776333629229,74.0,226431.0,16755894.0,0.0150000000000005,74.0,73.97
2016-11-08,NTRS,58246,NORTHERN TRUST CORP,,,-0.00027,-0.2489470591752743,0.0001351716680184,-3.1584051284615898e-12,0.003772,5.10323674761848,73.98,226431.0,16751365.38,0.0050000000000025,73.98,73.97
2016-11-09,NTRS,58246,NORTHERN TRUST CORP,,,0.042849,1.0681781795555465,0.0001296176279974,2.323995098450325e-10,0.011077,10.554402886530555,77.15,226431.0,17469151.650000002,0.0050000000000025,77.15,77.14
2016-11-10,NTRS,58246,NORTHERN TRUST CORP,,,0.017758,0.3011828387124851,0.0001273560876208,7.272870945083746e-11,0.001951,13.733207908811073,78.52,226431.0,17779362.119999997,0.0049999999999954,78.52,78.51
2016-11-11,NTRS,58246,NORTHERN TRUST CORP,,,0.01732,-0.2712819942218094,0.0003755633450175,9.568468938830496e-11,-0.001398,10.00763588024608,79.88,226431.0,18087308.28,0.0150000000000005,79.9,79.87
2016-11-14,NTRS,58246,NORTHERN TRUST CORP,,,0.036805,0.5976988922079451,0.0001207437816953,1.2274654642998347e-10,-0.000116,15.989188759489648,82.82,226431.0,18753015.42,0.0050000000000025,82.83,82.82
2016-11-15,NTRS,58246,NORTHERN TRUST CORP,,,0.001811,-0.3618333974138007,0.0003615764734241,9.447153538426196e-12,0.007481,10.203766268752954,82.97,226431.0,18786980.07,0.0150000000000005,82.97,82.94
2016-11-16,NTRS,58246,NORTHERN TRUST CORP,,,-0.023261,-0.3095363715018163,0.0001233958538991,-1.7992510144305774e-10,-0.001582,7.045329482270537,81.04,226431.0,18349968.24,0.0049999999999954,81.05,81.04
2016-11-17,NTRS,58246,NORTHERN TRUST CORP,,,0.005676,-0.077032823684354,0.0001226993865031,4.7300020496675545e-11,0.004676,6.50260785846461,81.5,226431.0,18454126.5,0.0050000000000025,81.5,81.49
2016-11-18,NTRS,58246,NORTHERN TRUST CORP,,,0.0,-0.1170116382050432,0.0001226993865031,0.0,-0.002387,5.741727060340677,81.5,226431.0,18454126.5,0.0050000000000025,81.51,81.5
2016-11-21,NTRS,58246,NORTHERN TRUST CORP,,,0.004785,-0.1153806807911668,0.000244230064721,5.0806142593493235e-11,0.007461,5.079242683201505,81.89,226431.0,18542434.59,0.0100000000000051,81.9,81.88
2016-11-22,NTRS,58246,NORTHERN TRUST CORP,,,0.000244,-0.1016339477157598,0.0001220852154802,2.883133284477671e-12,0.002165,4.563019197901348,81.91,226431.0,18546963.21,0.0049999999999954,81.91,81.9
2016-11-23,NTRS,58246,NORTHERN TRUST CORP,,,0.001343,0.1532168225402606,0.0001219214825651,1.3742226367890028e-11,0.000808,5.262150500594,82.02,226431.0,18571870.62,0.0049999999999954,82.02,82.01
2016-11-25,NTRS,58246,NORTHERN TRUST CORP,,,0.001585,-0.60418341706434,0.0002434570906878,4.090991375915296e-11,0.003914,2.08284643003829,82.15,226431.0,18601306.65,0.0100000000000051,82.15,82.13
2016-11-28,NTRS,58246,NORTHERN TRUST CORP,,,-0.01899,1.813517633862784,0.0001240848740537,-1.7758285452430714e-10,-0.005254,5.860125159540876,80.59,226431.0,18248074.29,0.0049999999999954,80.6,80.59
2016-11-29,NTRS,58246,NORTHERN TRUST CORP,,,0.006825,-0.1098187222382158,0.0002464875523785,7.121089105532107e-11,0.001335,5.216573702364076,81.14,226431.0,18372611.34,0.009999999999998,81.16,81.14
2016-11-30,NTRS,58246,NORTHERN TRUST CORP,,,0.017131,0.2494255812339039,0.0001217285453437,1.4130044235154714e-10,-0.002653,6.5177206301257335,82.15,226431.0,18601306.65,0.0049999999999954,82.16,82.15
2016-12-01,NTRS,58246,NORTHERN TRUST CORP,,,0.039805,0.918625924405108,0.0001170686022009,1.6457206817526234e-10,-0.003516,12.505067768989228,85.42,226431.0,19341736.02,0.0050000000000025,85.43,85.42
2016-12-02,NTRS,58246,NORTHERN TRUST CORP,,,-0.010653,-0.3929098527830311,0.0002366583836231,-7.333118559073615e-11,0.000397,7.591703432833843,84.51,226431.0,19135683.81,0.009999999999998,84.52,84.5
2016-12-05,NTRS,58246,NORTHERN TRUST CORP,,,0.010531,-0.0832060788936804,0.0001170960187354,7.824649600956542e-11,0.005821,6.960027558064046,85.4,226431.0,19337207.4,0.0050000000000025,85.4,85.39
2016-12-06,NTRS,58246,NORTHERN TRUST CORP,,,0.011475,-0.3709673939666211,0.0002315350775642,1.3400453404451878e-10,0.003411,4.378084272913161,86.38,226431.0,19559109.78,0.009999999999998,86.39,86.37
2016-12-07,NTRS,58246,NORTHERN TRUST CORP,,,0.03392,2.046817722382164,0.0002239390885678,1.2574458144187334e-10,0.013163,13.339224752794449,89.31,226431.0,20222552.61,0.009999999999998,89.31,89.29
2016-12-08,NTRS,58246,NORTHERN TRUST CORP,,,0.005151,-0.390190218956739,0.0002227915784784,3.11529705209003e-11,0.002159,8.13438972578843,89.77,226431.0,20326710.87,0.0100000000000051,89.79,89.77
2016-12-09,NTRS,58246,NORTHERN TRUST CORP,,,-0.004456,-0.0042749845538087,0.0002237887434263,-2.7186490343182788e-11,0.005939,8.099615335356024,89.37,226431.0,20236138.470000003,0.0100000000000051,89.37,89.35
2016-12-12,NTRS,58246,NORTHERN TRUST CORP,,,-0.006266,-0.2140987696864347,0.0001125999324399,-4.8950854039855376e-11,-0.001137,6.36549765712292,88.81,226431.0,20109337.11,0.0049999999999954,88.82,88.81
2016-12-13,NTRS,58246,NORTHERN TRUST CORP,,,0.002139,0.4262765498360561,0.0001123595505616,1.1690922698668099e-11,0.00654,9.078960036390775,89.0,226431.0,20152359.0,0.0049999999999954,89.02,89.01
2016-12-14,NTRS,58246,NORTHERN TRUST CORP,,,-0.005618,0.1768140997140714,0.00045197740113,-2.623968469034784e-11,-0.008117,10.684248181565245,88.5,226431.0,20039143.5,0.0200000000000031,88.54,88.5
2016-12-15,NTRS,58246,NORTHERN TRUST CORP,,,0.017627,-0.2553470194213484,0.0002220741727736,1.0864573381380728e-10,0.003883,7.956057253644598,90.06,226431.0,20392375.86,0.009999999999998,90.07,90.05
2016-12-16,NTRS,58246,NORTHERN TRUST CORP,,,-0.017766,0.2777560674505328,0.0003391363328058,-8.724910617978283e-11,-0.001751,10.165900428828207,88.46,226431.0,20030086.26,0.0150000000000005,88.49,88.46
2016-12-19,NTRS,58246,NORTHERN TRUST CORP,,,0.002374,-0.6202856367092044,0.0001127777151235,3.0631287013193565e-11,0.001975,3.860138408610129,88.67,226431.0,20077636.77,0.0050000000000025,88.68,88.67
2016-12-20,NTRS,58246,NORTHERN TRUST CORP,,,0.016691,0.3773915829095422,0.000332778702163,1.5378728853185938e-10,0.003638,5.316922152885426,90.15,226431.0,20412754.65,0.0150000000000005,90.18,90.15
2016-12-21,NTRS,58246,NORTHERN TRUST CORP,,,-0.000776,-0.2711916778246988,0.0003330373001776,-9.818018234355455e-12,-0.002457,3.8750171133811184,90.08,226431.0,20396904.48,0.0150000000000005,90.1,90.07
2016-12-22,NTRS,58246,NORTHERN TRUST CORP,,,-0.004219,-0.0126882784149966,0.0003344481605349,-5.4294180181088444e-11,-0.001863,3.825849817383662,89.7,226431.0,20310860.7,0.0149999999999934,89.71,89.68
2016-12-23,NTRS,58246,NORTHERN TRUST CORP,,,-0.001895,-0.4988831697431926,0.0001116944041104,-4.875709683633546e-11,0.001252,1.9171977335258863,89.53,226431.0,20272367.43,0.0050000000000025,89.53,89.52
2016-12-27,NTRS,58246,NORTHERN TRUST CORP,,,0.003462,-0.0944938299475021,0.0002226179875335,9.803092823570632e-11,0.002248,1.7360343769183548,89.84,226431.0,20342561.04,0.0100000000000051,89.84,89.82
2016-12-28,NTRS,58246,NORTHERN TRUST CORP,,,-0.007012,0.6824763668555962,0.000112095056608,-1.1884616989865268e-10,-0.008357,2.9208368112140124,89.21,226431.0,20199909.51,0.0050000000000025,89.22,89.21
2016-12-29,NTRS,58246,NORTHERN TRUST CORP,,,-0.006502,0.169379226088955,0.0002256572266726,-9.485662394301664e-11,-0.000293,3.4155658898295727,88.63,226431.0,20068579.53,0.009999999999998,88.64,88.62
2016-12-30,NTRS,58246,NORTHERN TRUST CORP,,,0.004739,-0.003844114870893,0.0001122964626614,6.907595971434932e-11,-0.004637,3.37007939458892,89.05,228605.0,20357275.25,0.0050000000000025,89.06,89.05
2017-01-03,NTRS,58246,NORTHERN TRUST CORP,,,0.006625,0.8760164949631173,0.0002231146809459,5.1135384371825216e-11,0.008487,6.32232453358413,89.64,228605.0,20492152.2,0.009999999999998,89.64,89.62
2017-01-04,NTRS,58246,NORTHERN TRUST CORP,,,0.009482,-0.0740329962672496,0.0002210188971156,7.829631844436729e-11,0.005722,5.854263904988954,90.49,228605.0,20686466.45,0.009999999999998,90.49,90.47
2017-01-05,NTRS,58246,NORTHERN TRUST CORP,,,-0.00431,-0.0574035689681196,0.0001109877913428,-3.792002954348621e-11,-0.000771,5.518208263161348,90.1,228605.0,20597310.5,0.0049999999999954,90.1,90.09
2017-01-06,NTRS,58246,NORTHERN TRUST CORP,,,-0.002886,-0.0462278733878191,0.0003339269813001,-2.6699193633729254e-11,0.003517,5.263113230244308,89.84,228605.0,20537873.2,0.0150000000000005,89.85,89.82
2017-01-09,NTRS,58246,NORTHERN TRUST CORP,,,-0.009016,-0.3099601553889961,0.0001123216893182,-1.2197615031990315e-10,-0.003549,3.631757835567901,89.03,228605.0,20352703.15,0.0050000000000025,89.03,89.02
2017-01-10,NTRS,58246,NORTHERN TRUST CORP,,,0.002696,0.2686061105369786,0.0001120197154699,2.8673779880930996e-11,0.0,4.60727018219199,89.27,228605.0,20407568.35,0.0050000000000025,89.29,89.28
2017-01-11,NTRS,58246,NORTHERN TRUST CORP,,,0.008401,-0.0882045487991872,0.0001110864252387,9.717737169508631e-11,0.00283,4.200887994575797,90.02,228605.0,20579022.1,0.0049999999999954,90.02,90.01
2017-01-12,NTRS,58246,NORTHERN TRUST CORP,,,-0.002555,-0.2819406379380722,0.0001113709767235,-4.1264421089882487e-11,-0.002145,3.016486953478708,89.79,228605.0,20526442.950000003,0.0050000000000025,89.79,89.78
2017-01-13,NTRS,58246,NORTHERN TRUST CORP,,,0.004455,0.2508599387456784,0.000221754074731,5.726555334604455e-11,0.00185,3.773202685855515,90.19,228605.0,20617884.95,0.009999999999998,90.21,90.19
2017-01-17,NTRS,58246,NORTHERN TRUST CORP,,,-0.022619,0.7977353800779761,0.0003403289846852,-1.6547388313573028e-10,-0.002968,6.783219964567704,88.15,228605.0,20151530.75,0.0150000000000005,88.18,88.15
2017-01-18,NTRS,58246,NORTHERN TRUST CORP,,,-0.047192,1.214432654619463,0.0001190617930704,-1.6362765235826867e-10,0.001764,15.020983793005405,83.99,228605.0,19200533.95,0.0049999999999954,83.99,83.98
2017-01-19,NTRS,58246,NORTHERN TRUST CORP,,,-0.005596,-0.4546587642171869,0.0002394636015325,-3.577954222122247e-11,-0.003609,8.191561864351174,83.52,228605.0,19093089.6,0.009999999999998,83.52,83.5
2017-01-20,NTRS,58246,NORTHERN TRUST CORP,,,-0.001916,-0.0616901772478521,0.0003598848368522,-1.3080944274730615e-11,0.003366,7.686222961002603,83.36,228605.0,19056512.8,0.0150000000000005,83.35,83.32
2017-01-23,NTRS,58246,NORTHERN TRUST CORP,,,-0.008277,-0.3079649583491974,0.0002419257288012,-8.233760467013927e-11,-0.00269,5.319135626954791,82.67,228605.0,18898775.35,0.009999999999998,82.69,82.67
2017-01-24,NTRS,58246,NORTHERN TRUST CORP,,,0.009919,0.0255949722898631,0.0002395496466643,9.526442643367779e-11,0.006565,5.4552787559327225,83.49,228605.0,19086231.45,0.0100000000000051,83.51,83.49
2017-01-25,NTRS,58246,NORTHERN TRUST CORP,,,0.006947,0.2380635456224982,0.0001189484953014,5.3519326944260136e-11,0.008026,6.753981758929157,84.07,228605.0,19218822.35,0.0049999999999954,84.07,84.06
2017-01-26,NTRS,58246,NORTHERN TRUST CORP,,,-0.001427,-0.2043757942064541,0.0001191185229303,-1.3837246474717951e-11,-0.000735,5.373631372892106,83.95,228605.0,19191389.75,0.0050000000000025,83.95,83.94
2017-01-27,NTRS,58246,NORTHERN TRUST CORP,,,-0.003216,-0.3116776657204794,0.0002390057361376,-4.545157229267268e-11,-0.000866,3.69879049014676,83.68,228605.0,19129666.4,0.009999999999998,83.67,83.65
2017-01-30,NTRS,58246,NORTHERN TRUST CORP,,,-0.006334,0.0623963706978316,0.0001202645820804,-8.47976408123564e-11,-0.00601,3.929581592703572,83.15,228605.0,19008505.75,0.0049999999999954,83.16,83.15
2017-01-31,NTRS,58246,NORTHERN TRUST CORP,,,-0.002285,0.4861341478890641,0.0001205400192864,-2.0631338847036884e-11,-0.00089,5.8351122416867724,82.96,228792.0,18980584.32,0.0050000000000025,82.98,82.97
2017-02-01,NTRS,58246,NORTHERN TRUST CORP,,,0.004219,-0.0570580220474942,0.0001200336094105,4.022882720249854e-11,0.000298,5.502172278751005,83.31,228792.0,19060661.52,0.0049999999999954,83.32,83.31
2017-02-02,NTRS,58246,NORTHERN TRUST CORP,,,-0.005882,-0.3697048027053198,0.0001207437816953,-8.950983918707032e-11,0.00057,3.467992761984685,82.82,228792.0,18948553.44,0.0050000000000025,82.83,82.82
2017-02-03,NTRS,58246,NORTHERN TRUST CORP,,,0.019078,0.3976046349544835,0.0001184834123221,2.038388912791777e-10,0.007265,4.846882758138396,84.4,228792.0,19310044.8,0.0049999999999954,84.41,84.4
2017-02-06,NTRS,58246,NORTHERN TRUST CORP,,,0.001777,0.1766607029491544,0.0001182732111177,1.610716905748178e-11,-0.002115,5.703136473303262,84.55,228792.0,19344363.6,0.0050000000000025,84.56,84.55
2017-02-07,NTRS,58246,NORTHERN TRUST CORP,,,-0.002247,-0.1276486168334314,0.0004741583688951,-2.3400247368545015e-11,0.000227,4.975138990873806,84.36,228792.0,19300893.12,0.019999999999996,84.35,84.31
2017-02-08,NTRS,58246,NORTHERN TRUST CORP,,,-0.004267,-0.0600717578926653,0.0001190476190476,-4.747911386326033e-11,0.000693,4.676273645931676,84.0,228792.0,19218528.0,0.0050000000000025,84.01,84.0
2017-02-09,NTRS,58246,NORTHERN TRUST CORP,,,0.017976,0.1995627604229952,0.0001169453865045,1.6379944505475158e-10,0.005752,5.609483723207105,85.51,228792.0,19564003.92,0.0050000000000025,85.51,85.5
2017-02-10,NTRS,58246,NORTHERN TRUST CORP,,,-0.001637,-0.1153252480705623,0.0002342743352465,-1.6888692878900452e-11,0.003566,4.9625686212804645,85.37,228792.0,19531973.040000003,0.009999999999998,85.38,85.36
2017-02-13,NTRS,58246,NORTHERN TRUST CORP,,,0.010659,-0.3645802874063322,0.0001159017153454,1.7123726477906129e-10,0.005246,3.153313927060387,86.28,228792.0,19740173.76,0.0050000000000025,86.28,86.27
2017-02-14,NTRS,58246,NORTHERN TRUST CORP,,,0.015067,0.7412901464128641,0.0002283626398722,1.369438903503651e-10,0.004007,5.490834469736704,87.58,228792.0,20037603.36,0.0100000000000051,87.59,87.57
2017-02-15,NTRS,58246,NORTHERN TRUST CORP,,,0.012332,-0.2423353782938072,0.0001127904353711,1.4613343541773682e-10,0.004992,4.160211021364384,88.66,228792.0,20284698.72,0.0050000000000025,88.67,88.66
2017-02-16,NTRS,58246,NORTHERN TRUST CORP,,,-0.014888,0.1901151789776041,0.0002289901534233,-1.5047972306017414e-10,-0.000864,4.951130284275674,87.34,228792.0,19982693.28,0.009999999999998,87.35,87.33
2017-02-17,NTRS,58246,NORTHERN TRUST CORP,,,-0.001603,-0.193513474384677,0.0001146788990826,-2.0122166227841928e-11,0.001679,3.993019860834295,87.2,228792.0,19950662.4,0.0050000000000025,87.2,87.19
2017-02-21,NTRS,58246,NORTHERN TRUST CORP,,,0.009862,-0.2084982995300858,0.000340676811265,1.5487886586722543e-10,0.006048,3.1604820098604844,88.06,228792.0,20147423.52,0.0150000000000005,88.06,88.03
2017-02-22,NTRS,58246,NORTHERN TRUST CORP,,,-0.006359,-0.1629333986084777,0.0001142857142857,-1.2006781310752878e-10,-0.001082,2.6455339347529634,87.5,228792.0,20019300.0,0.0050000000000025,87.51,87.5
2017-02-23,NTRS,58246,NORTHERN TRUST CORP,,,0.002171,-0.0232472074769072,0.0002280761774432,4.187655243936383e-11,0.000419,2.5840326584845625,87.69,228792.0,20062770.48,0.009999999999998,87.69,87.67
2017-02-24,NTRS,58246,NORTHERN TRUST CORP,,,-0.007298,0.2992307249926422,0.0003446295232625,-1.0914653880221931e-10,0.001493,3.3572546242875627,87.05,228792.0,19916343.6,0.0150000000000005,87.05,87.02
2017-02-27,NTRS,58246,NORTHERN TRUST CORP,,,0.005514,-0.3120217988759466,0.0001142465440421,1.1920927321628998e-10,0.001018,2.3027430986774733,87.53,229485.0,20086822.05,0.0050000000000025,87.53,87.52
2017-02-28,NTRS,58246,NORTHERN TRUST CORP,,,-0.002056,0.9143714104589882,0.0001144819690899,-2.326666881981429e-11,-0.002578,4.408305553739896,87.35,229485.0,20045514.75,0.0050000000000025,87.36,87.35
2017-03-01,NTRS,58246,NORTHERN TRUST CORP,,,0.027934,0.2847435846743902,0.0001118443127165,2.403834607292042e-10,0.013674,5.663542279451816,89.41,229485.0,20518253.85,0.0049999999999954,89.41,89.4
2017-03-02,NTRS,58246,NORTHERN TRUST CORP,,,-0.011967,-0.3229188626896402,0.0001131990038488,-1.5393760678205867e-10,-0.00586,3.834677647776543,88.34,229485.0,20272704.9,0.0050000000000025,88.34,88.33
2017-03-03,NTRS,58246,NORTHERN TRUST CORP,,,0.004188,0.0618999296591709,0.0001127268628113,5.052046463131375e-11,0.000504,4.072043924439506,88.71,229485.0,20357614.35,0.0049999999999954,88.71,88.7
2017-03-06,NTRS,58246,NORTHERN TRUST CORP,,,-0.011273,0.1063850961986061,0.0001140120852809,-1.243132215970567e-10,-0.003277,4.505248709065952,87.71,229485.0,20128129.35,0.0049999999999954,87.71,87.7
2017-03-07,NTRS,58246,NORTHERN TRUST CORP,,,0.007753,-0.0583651791733526,0.0002262699400384,9.009715252306142e-11,-0.002913,4.242299060940803,88.39,229485.0,20284179.15,0.009999999999998,88.39,88.37
2017-03-08,NTRS,58246,NORTHERN TRUST CORP,,,0.005996,0.4717896674418413,0.0001124606387764,4.706096582923176e-11,-0.002284,6.2437719240909,88.92,229485.0,20405806.2,0.0050000000000025,88.93,88.92
2017-03-09,NTRS,58246,NORTHERN TRUST CORP,,,0.005398,-0.1461337249066896,0.0002237136465323,4.9351932871833696e-11,0.0008,5.331346275355688,89.4,229485.0,20515959.0,0.009999999999998,89.42,89.4
2017-03-10,NTRS,58246,NORTHERN TRUST CORP,,,-0.001119,-0.3202595254130894,0.0001119820828666,-1.506760762830505e-11,0.003269,3.623931847397433,89.3,229485.0,20493010.5,0.0049999999999954,89.32,89.31
2017-03-13,NTRS,58246,NORTHERN TRUST CORP,,,0.005711,0.2605592818028999,0.0003340385257766,6.065824821248509e-11,0.000367,4.5681809268579645,89.81,229485.0,20610047.85,0.0150000000000005,89.83,89.8
2017-03-14,NTRS,58246,NORTHERN TRUST CORP,,,-0.001002,-0.2330127278745508,0.0001114578689256,-1.3889694692949768e-11,-0.003379,3.503736627666296,89.72,229485.0,20589394.2,0.0050000000000025,89.72,89.71
2017-03-15,NTRS,58246,NORTHERN TRUST CORP,,,-0.002118,0.5184819446430904,0.0001116944041104,-1.9375904354726628e-11,0.008375,5.320360807895941,89.53,229485.0,20545792.05,0.0050000000000025,89.54,89.53
2017-03-16,NTRS,58246,NORTHERN TRUST CORP,,,0.005138,-0.2819410897969848,0.0001111234581619,6.512449718623267e-11,-0.001627,3.820332483604593,89.99,229485.0,20651355.15,0.0049999999999954,89.99,89.98
2017-03-17,NTRS,58246,NORTHERN TRUST CORP,,,-0.014557,1.2312945344464357,0.0001127649977447,-8.391388552934362e-11,-0.001314,8.524286990435105,88.68,229485.0,20350729.8,0.0050000000000025,88.7,88.69
2017-03-20,NTRS,58246,NORTHERN TRUST CORP,,,-0.007443,-0.3777510024557866,0.0002272210861169,-6.946884569149742e-11,-0.00201,5.304229034577423,88.02,229485.0,20199269.7,0.0100000000000051,88.04,88.02
2017-03-21,NTRS,58246,NORTHERN TRUST CORP,,,-0.0192,1.2815284729975414,0.0003475037646241,-8.008238939619639e-11,-0.012408,12.10174956968865,86.33,229485.0,19811440.05,0.0150000000000005,86.35,86.32
2017-03-22,NTRS,58246,NORTHERN TRUST CORP,,,0.00278,-0.424120597586752,0.0002310269146355,2.00790595563364e-11,0.00189,6.969148310347082,86.57,229485.0,19866516.45,0.009999999999998,86.6,86.58
2017-03-23,NTRS,58246,NORTHERN TRUST CORP,,,0.001964,-0.3694450436593166,0.0002305741295827,2.24525210073789e-11,-0.00106,4.394431008562651,86.74,229485.0,19905528.9,0.0100000000000051,86.76,86.74
2017-03-24,NTRS,58246,NORTHERN TRUST CORP,,,-0.011413,0.2861969188541691,0.0001166180758018,-1.026127364554936e-10,-0.000844,5.652103623330501,85.75,229485.0,19678338.75,0.0050000000000025,85.75,85.74
2017-03-27,NTRS,58246,NORTHERN TRUST CORP,,,-0.00793,-0.0319450023244644,0.000235100505466,-7.423903260119827e-11,-0.00102,5.471547159945095,85.07,229485.0,19522288.95,0.009999999999998,85.07,85.05
2017-03-28,NTRS,58246,NORTHERN TRUST CORP,,,0.013166,0.1239815934210337,0.000116022740457,1.0823639536336833e-10,0.007251,6.14991829531342,86.19,229485.0,19779312.15,0.0049999999999954,86.19,86.18
2017-03-29,NTRS,58246,NORTHERN TRUST CORP,,,-0.000812,-0.4684187926995693,0.0001161170459822,-1.2567784905077969e-11,0.001085,3.2691809922217137,86.12,229485.0,19763248.2,0.0049999999999954,86.13,86.12
2017-03-30,NTRS,58246,NORTHERN TRUST CORP,,,0.012425,0.3004273367562928,0.0001146920518408,1.4606641172940122e-10,0.002935,4.251332331089178,87.19,229485.0,20008797.15,0.0050000000000025,87.2,87.19
2017-03-31,NTRS,58246,NORTHERN TRUST CORP,,,-0.006996,-0.1242823772033492,0.0002310002310003,-9.457770484966119e-11,-0.002255,3.721328826670616,86.58,229586.0,19877555.88,0.0100000000000051,86.59,86.57
2017-04-03,NTRS,58246,NORTHERN TRUST CORP,,,-0.004158,0.1145704704663697,0.0002319647413592,-5.0643706724705956e-11,-0.001642,4.147683221102332,86.22,229586.0,19794904.92,0.009999999999998,86.24,86.22
2017-04-04,NTRS,58246,NORTHERN TRUST CORP,,,0.000696,-0.2676355998949855,0.0003477051460361,1.1567004287445752e-11,0.00056,3.037615534048244,86.28,229586.0,19808680.08,0.0150000000000005,86.31,86.28
2017-04-05,NTRS,58246,NORTHERN TRUST CORP,,,-0.006143,0.9902766585316192,0.0001166180758018,-5.161248031531151e-11,-0.003055,6.045695295009278,85.75,229586.0,19686999.5,0.0050000000000025,85.76,85.75
2017-04-06,NTRS,58246,NORTHERN TRUST CORP,,,0.00758,-0.3314406915815265,0.0001157407407406,9.454180004793444e-11,0.001929,4.041905865340221,86.4,229586.0,19836230.4,0.0049999999999954,86.41,86.4
2017-04-07,NTRS,58246,NORTHERN TRUST CORP,,,-0.003588,-0.2268878675381076,0.000116157509583,-5.8093245720962217e-11,-0.000827,3.1248464627634087,86.09,229586.0,19765058.74,0.0050000000000025,86.09,86.08
2017-04-10,NTRS,58246,NORTHERN TRUST CORP,,,-0.006621,0.0614855154783593,0.0001169317118801,-1.0166412762158571e-10,0.000688,3.316979258317145,85.52,229586.0,19634194.72,0.0049999999999954,85.55,85.54
2017-04-11,NTRS,58246,NORTHERN TRUST CORP,,,0.013096,0.8930944464579296,0.0003462603878116,1.0484791148814375e-10,-0.001434,6.279355012936329,86.64,229586.0,19891331.04,0.0150000000000005,86.66,86.63
2017-04-12,NTRS,58246,NORTHERN TRUST CORP,,,-0.010042,-0.4105186272415256,0.000116590882593,-1.3776988057554275e-10,-0.00376,3.7015628130635134,85.77,229586.0,19691591.22,0.0050000000000025,85.78,85.77
2017-04-13,NTRS,58246,NORTHERN TRUST CORP,,,-0.008628,-0.172062078517157,0.000117605550982,-1.4421474208116368e-10,-0.006815,3.0646642216859914,85.03,229586.0,19521697.58,0.0050000000000025,85.03,85.02
2017-04-17,NTRS,58246,NORTHERN TRUST CORP,,,0.016347,0.0691752747283984,0.0002314279102059,2.514470784749883e-10,0.008613,3.276663211171413,86.42,229586.0,19840822.12,0.009999999999998,86.42,86.4
2017-04-18,NTRS,58246,NORTHERN TRUST CORP,,,-0.007637,0.0134206062668489,0.0001166044776118,-1.168075946548913e-10,-0.002903,3.320638017997613,85.76,229586.0,19689295.36,0.0049999999999954,85.77,85.76
2017-04-19,NTRS,58246,NORTHERN TRUST CORP,,,0.002915,-0.2398002549936251,0.0002325311010348,5.847832902108818e-11,-0.001716,2.5243481745402594,86.01,229586.0,19746691.86,0.0100000000000051,86.01,85.99
2017-04-20,NTRS,58246,NORTHERN TRUST CORP,,,0.016742,0.9551880321971168,0.0001143510577471,1.6895238878946286e-10,0.007557,4.935575339959754,87.45,229586.0,20077295.7,0.0049999999999954,87.46,87.45
2017-04-21,NTRS,58246,NORTHERN TRUST CORP,,,-0.001029,-0.0700761336429158,0.0001144688644689,-1.1178207528706183e-11,-0.003035,4.589709302832055,87.36,229586.0,20056632.96,0.0050000000000025,87.36,87.35
2017-04-24,NTRS,58246,NORTHERN TRUST CORP,,,0.023123,0.1630944461262957,0.0003356455582904,2.110854340028597e-10,0.01084,5.338265399458155,89.38,229586.0,20520396.68,0.0150000000000005,89.41,89.38
2017-04-25,NTRS,58246,NORTHERN TRUST CORP,,,0.013426,0.6828419921490938,0.0001103996467211,7.186632265674355e-11,0.006091,8.98345717944474,90.58,229586.0,20795899.88,0.0050000000000025,90.59,90.58
2017-04-26,NTRS,58246,NORTHERN TRUST CORP,,,0.012144,-0.3577035563080492,0.0002181500872599,9.999141931342009e-11,-0.000486,5.770042598416279,91.68,229586.0,21048444.48,0.009999999999998,91.7,91.68
2017-04-27,NTRS,58246,NORTHERN TRUST CORP,,,-0.001745,-0.128126601752369,0.0002185314685314,-1.6508270320644292e-11,0.000553,5.030746648314793,91.52,229586.0,21011710.72,0.009999999999998,91.53,91.51
2017-04-28,NTRS,58246,NORTHERN TRUST CORP,,,-0.016608,0.0528238797079452,0.0002222222222221,-1.517543859649123e-10,-0.001913,5.296490204106522,90.0,229586.0,20662740.0,0.009999999999998,90.02,90.0
2017-05-01,NTRS,58246,NORTHERN TRUST CORP,,,0.001444,-0.1717574013157894,0.0001109508487738,1.5907674047245136e-11,0.001732,4.386778810554651,90.13,229586.0,20692586.18,0.0049999999999954,90.13,90.12
2017-05-02,NTRS,58246,NORTHERN TRUST CORP,,,-0.005658,0.163482246314575,0.0002231644722161,-5.3877458894116066e-11,0.001189,5.103939264589304,89.62,229586.0,20575497.32,0.0100000000000051,89.62,89.6
2017-05-03,NTRS,58246,NORTHERN TRUST CORP,,,0.006583,-0.1224712897243796,0.0001108524553817,7.096708040974753e-11,-0.001271,4.47885324018015,90.21,229586.0,20710953.06,0.0049999999999954,90.21,90.2
2017-05-04,NTRS,58246,NORTHERN TRUST CORP,,,0.003658,-0.0427450835471203,0.0001104484205874,4.104529410007519e-11,0.000582,4.287404284233359,90.54,229586.0,20786716.44,0.0049999999999954,90.55,90.54
2017-05-05,NTRS,58246,NORTHERN TRUST CORP,,,-0.00011,0.0554296941669849,0.0002209212415773,-1.1695829185558585e-12,0.004089,4.525053792478635,90.53,229586.0,20784420.58,0.009999999999998,90.53,90.51
2017-05-08,NTRS,58246,NORTHERN TRUST CORP,,,0.004418,-0.1021244810562052,0.0002199494116352,5.2087467455526615e-11,3.8e-05,4.0629350221703415,90.93,229586.0,20876254.98,0.009999999999998,90.94,90.92
2017-05-09,NTRS,58246,NORTHERN TRUST CORP,,,-0.00154,-0.0214935146382959,0.0001101442890186,-1.8583765556242072e-11,-0.001025,3.975608268796878,90.79,229586.0,20844112.94,0.0050000000000025,90.79,90.78
2017-05-10,NTRS,58246,NORTHERN TRUST CORP,,,0.00022,-0.1649400050835722,0.0003303600925008,3.178500908348233e-12,0.001131,3.319871420731229,90.81,229586.0,20848704.66,0.0150000000000005,90.83,90.8
2017-05-11,NTRS,58246,NORTHERN TRUST CORP,,,-0.005506,-0.2523865252507229,0.0001107297087807,-1.0699329912665709e-10,-0.002163,2.4819806085736937,90.31,229586.0,20733911.66,0.0049999999999954,90.32,90.31
2017-05-12,NTRS,58246,NORTHERN TRUST CORP,,,-0.007197,0.3417118849898566,0.0001115324559447,-1.0499043031265148e-10,-0.001478,3.3301028808376816,89.66,229586.0,20584680.76,0.0050000000000025,89.67,89.66
2017-05-15,NTRS,58246,NORTHERN TRUST CORP,,,0.005465,-0.0265373522814222,0.000332778702163,8.145206341729778e-11,0.004776,3.241730767555513,90.15,229586.0,20697177.9,0.0150000000000005,90.19,90.16
2017-05-16,NTRS,58246,NORTHERN TRUST CORP,,,0.004992,0.2202709820276893,0.0001103752759382,6.06691276845524e-11,-0.000687,3.955789987194341,90.6,229586.0,20800491.6,0.0050000000000025,90.61,90.6
2017-05-17,NTRS,58246,NORTHERN TRUST CORP,,,-0.053422,0.9164947136845212,0.0003498134328358,-3.5788963154643013e-10,-0.018178,7.581250598904115,85.76,229586.0,19689295.36,0.0150000000000005,85.78,85.75
2017-05-18,NTRS,58246,NORTHERN TRUST CORP,,,0.011427,-0.2634944491651771,0.0001152870647912,1.0276625520471827e-10,0.003687,5.583633148362705,86.74,229586.0,19914289.64,0.0049999999999954,86.74,86.73
2017-05-19,NTRS,58246,NORTHERN TRUST CORP,,,0.002306,-0.1507725887026063,0.0001150218541521,2.4364268946734544e-11,0.006767,4.741774324218376,86.94,229586.0,19960206.84,0.0049999999999954,86.94,86.93
2017-05-22,NTRS,58246,NORTHERN TRUST CORP,,,0.008512,-0.1373634196638941,0.0001140510948905,1.0337533286565709e-10,0.00516,4.0904279877692895,87.68,229586.0,20130100.48,0.0050000000000025,87.68,87.67
2017-05-23,NTRS,58246,NORTHERN TRUST CORP,,,0.010493,-0.1573327796146331,0.0001128668171556,1.4965653916966889e-10,0.001838,3.4468695826400566,88.6,229586.0,20341319.6,0.0049999999999954,88.6,88.59
2017-05-24,NTRS,58246,NORTHERN TRUST CORP,,,-0.002144,-0.1540703074354934,0.0002262187535346,-3.622587366086085e-11,0.002489,2.9158093263526523,88.41,229586.0,20297698.26,0.009999999999998,88.41,88.39
2017-05-25,NTRS,58246,NORTHERN TRUST CORP,,,-0.00147,0.123475379763948,0.0001132759401903,-2.2140474716322212e-11,0.004442,3.2758399902433077,88.28,229586.0,20267852.08,0.0050000000000025,88.28,88.27
2017-05-26,NTRS,58246,NORTHERN TRUST CORP,,,0.004644,0.1739067421721156,0.0002255045664674,5.930835485428001e-11,0.000311,3.845530650823656,88.69,229586.0,20361982.34,0.009999999999998,88.7,88.68
2017-05-30,NTRS,58246,NORTHERN TRUST CORP,,,-0.006652,-0.0755493385284523,0.0001135073779796,-9.251047604999525e-11,-0.001205,3.5550033538630403,88.1,229586.0,20226526.6,0.0050000000000025,88.11,88.1
2017-05-31,NTRS,58246,NORTHERN TRUST CORP,,,-0.003178,0.6146935904991429,0.0002287282708142,-2.7578345381015954e-11,-0.00046,5.740241129685608,87.44,229586.0,20074999.84,0.009999999999998,87.44,87.42
2017-06-01,NTRS,58246,NORTHERN TRUST CORP,,,0.017841,-0.15365674693959,0.0001123595505618,1.7972442898936806e-10,0.007571,4.85821435104928,89.0,229586.0,20433154.0,0.0050000000000025,89.0,88.99
2017-06-02,NTRS,58246,NORTHERN TRUST CORP,,,-0.005506,0.2044670058043103,0.0003389447520054,-4.6304892939742056e-11,0.003708,5.8515588929638565,88.51,229586.0,20320656.86,0.0150000000000005,88.51,88.48
2017-06-05,NTRS,58246,NORTHERN TRUST CORP,,,0.002486,-0.3053930369589619,0.0001127014538486,3.002441320545288e-11,-0.001218,4.064533551697403,88.73,229586.0,20371165.78,0.0049999999999954,88.74,88.73
2017-06-06,NTRS,58246,NORTHERN TRUST CORP,,,-0.01251,0.1123998028205237,0.0001141291942479,-1.375425409486359e-10,-0.002779,4.521386321465594,87.62,229586.0,20116325.32,0.0050000000000025,87.62,87.61
2017-06-07,NTRS,58246,NORTHERN TRUST CORP,,,0.018032,-0.1322705041293891,0.0002242152466367,2.244283241050876e-10,0.001568,3.923340273361616,89.2,229586.0,20479071.2,0.009999999999998,89.2,89.18
2017-06-08,NTRS,58246,NORTHERN TRUST CORP,,,0.009978,0.2677719751671952,0.000111000111,9.698942565700656e-11,0.000267,4.97390084761266,90.09,229586.0,20683402.74,0.0049999999999954,90.1,90.09
2017-06-09,NTRS,58246,NORTHERN TRUST CORP,,,0.018426,0.0703549579749514,0.0002179836512262,1.6430646184272118e-10,-0.00083,5.323839432718023,91.75,229586.0,21064515.5,0.0100000000000051,91.76,91.74
2017-06-12,NTRS,58246,NORTHERN TRUST CORP,,,0.001744,-0.0711408770010775,0.000108802089,1.6713350205112168e-11,-0.000979,4.945096826461544,91.91,229586.0,21101249.26,0.0049999999999954,91.91,91.9
2017-06-13,NTRS,58246,NORTHERN TRUST CORP,,,0.008922,-0.0410173298394732,0.0001078399654912,8.837125016074155e-11,0.004511,4.742262158842438,92.73,229586.0,21289509.78,0.0050000000000025,92.73,92.72
2017-06-14,NTRS,58246,NORTHERN TRUST CORP,,,0.006794,0.1608577487905933,0.0001071122536418,5.757775595086464e-11,-0.000996,5.505091773888652,93.36,229586.0,21434148.96,0.0050000000000025,93.37,93.36
2017-06-15,NTRS,58246,NORTHERN TRUST CORP,,,0.005677,-0.3014830381076864,0.0001065076152945,6.848770822074417e-11,-0.00224,3.845399980835068,93.89,229586.0,21555829.54,0.0050000000000025,93.9,93.89
2017-06-16,NTRS,58246,NORTHERN TRUST CORP,,,0.00703,0.7283026561703574,0.0001057641459545,4.8728952208387655e-11,0.000284,6.64601500091469,94.55,229586.0,21707356.3,0.0050000000000025,94.56,94.55
2017-06-19,NTRS,58246,NORTHERN TRUST CORP,,,0.007932,-0.4052280985062575,0.0002098635886673,9.171336812273139e-11,0.008347,3.952862979449967,95.3,229586.0,21879545.8,0.009999999999998,95.3,95.28
2017-06-20,NTRS,58246,NORTHERN TRUST CORP,,,-0.006926,-0.3460808663591627,0.000105663567202,-1.2331802159611002e-10,-0.006697,2.584852734922861,94.64,229586.0,21728019.04,0.0050000000000025,94.65,94.64
2017-06-21,NTRS,58246,NORTHERN TRUST CORP,,,-0.002642,0.4131445826578999,0.0001059434262104,-3.337636393476064e-11,-0.000583,3.6527706393246975,94.39,229586.0,21670622.54,0.0050000000000025,94.4,94.39
2017-06-22,NTRS,58246,NORTHERN TRUST CORP,,,-0.00053,-0.0444906841556118,0.0001059995760015,-7.010956414202032e-12,-0.000456,3.49025637451761,94.34,229586.0,21659143.24,0.0049999999999954,94.35,94.34
2017-06-23,NTRS,58246,NORTHERN TRUST CORP,,,-0.003498,0.4275402651145494,0.0002127433251782,-3.25277973173213e-11,0.001561,4.982481510196615,94.01,229586.0,21583379.86,0.0100000000000051,94.01,93.99
2017-06-26,NTRS,58246,NORTHERN TRUST CORP,,,0.002021,-0.4530705266507446,0.000212314225053,3.4292013486436365e-11,0.000316,2.725065988344237,94.2,229586.0,21627001.2,0.009999999999998,94.21,94.19
2017-06-27,NTRS,58246,NORTHERN TRUST CORP,,,0.012951,0.9005925161075832,0.0001047998323203,1.1414383279017954e-10,-0.008073,5.179240023346371,95.42,229586.0,21907096.12,0.0050000000000025,95.43,95.42
2017-06-28,NTRS,58246,NORTHERN TRUST CORP,,,0.012995,0.1470093290532772,0.000103455410718,9.857144046978652e-11,0.008808,5.9406366241844015,96.66,229586.0,22191782.76,0.0050000000000025,96.67,96.66
2017-06-29,NTRS,58246,NORTHERN TRUST CORP,,,0.003517,0.0558579999662729,0.0001030927835052,2.5177739124503507e-11,-0.0086,6.272468704537733,97.0,229586.0,22269842.0,0.0050000000000025,97.0,96.99
2017-06-30,NTRS,58246,NORTHERN TRUST CORP,,,0.002165,-0.2097875729738325,0.000102870075095,1.9571278529600298e-11,0.001533,4.980445191390282,97.21,228486.0,22211124.06,0.0049999999999954,97.21,97.2
2017-07-03,NTRS,58246,NORTHERN TRUST CORP,,,0.012139,-0.459760519244052,0.000101636345157,2.0068636728106758e-10,0.002311,2.6906331241301435,98.39,228486.0,22480737.54,0.0050000000000025,98.39,98.38
2017-07-05,NTRS,58246,NORTHERN TRUST CORP,,,0.005997,0.9112776769273812,0.0001010305112144,5.1564253255547e-11,0.001453,5.142547026951323,98.98,228486.0,22615544.28,0.0050000000000025,98.98,98.97
2017-07-06,NTRS,58246,NORTHERN TRUST CORP,,,-0.014548,0.1946136170212766,0.0001025220422391,-1.0625642835779582e-10,-0.009369,6.143356704568332,97.54,228486.0,22286524.44,0.0050000000000025,97.53,97.52
2017-07-07,NTRS,58246,NORTHERN TRUST CORP,,,0.006049,-0.2918141074368566,0.0001019056353815,6.201106456587327e-11,0.006403,4.350638551158496,98.13,228486.0,22421331.18,0.0049999999999954,98.13,98.12
2017-07-10,NTRS,58246,NORTHERN TRUST CORP,,,0.00428,-0.1313793935979719,0.0001014713343479,5.029727005732045e-11,0.000928,3.779054296543333,98.55,228486.0,22517295.3,0.0049999999999954,98.55,98.54
2017-07-11,NTRS,58246,NORTHERN TRUST CORP,,,-0.006596,-0.1680898152898625,0.0001021450459653,-9.379480555891724e-11,-0.000783,3.143833757867003,97.9,228486.0,22368779.4,0.0050000000000025,97.9,97.89
2017-07-12,NTRS,58246,NORTHERN TRUST CORP,,,0.000817,0.1527086738259444,0.0002041232904674,1.0070380784423269e-11,0.007306,3.623924441760108,97.98,228486.0,22387058.28,0.009999999999998,97.97,97.95
2017-07-13,NTRS,58246,NORTHERN TRUST CORP,,,0.002143,0.1353741956677165,0.000407373459619,2.3215453010817474e-11,0.001875,4.114510298223961,98.19,228486.0,22435040.34,0.019999999999996,98.22,98.18
2017-07-14,NTRS,58246,NORTHERN TRUST CORP,,,-0.000815,-0.4197698562292843,0.0001019264091326,-1.5228821539064584e-11,0.004674,2.3873629018845794,98.11,228486.0,22416761.46,0.0050000000000025,98.12,98.11
2017-07-17,NTRS,58246,NORTHERN TRUST CORP,,,-0.000815,0.1433730721072672,0.0001020095889014,-1.3330075543559695e-11,-5.3e-05,2.729646455362692,98.03,228486.0,22398482.58,0.0050000000000025,98.03,98.02
2017-07-18,NTRS,58246,NORTHERN TRUST CORP,,,-0.006733,1.1492529894850936,0.000205402074561,-5.158576905443944e-11,0.000598,5.866700804425654,97.37,228486.0,22247681.82,0.0100000000000051,97.37,97.35
2017-07-19,NTRS,58246,NORTHERN TRUST CORP,,,-0.083804,2.938905255587825,0.0001120950566079,-1.7791892227540296e-10,0.005373,23.108378631513528,89.21,228486.0,20383236.06,0.0049999999999954,89.21,89.2
2017-07-20,NTRS,58246,NORTHERN TRUST CORP,,,-0.019168,-0.2370098453751661,0.0001142857142856,-5.4377688693618797e-11,-0.000154,17.631465385187713,87.5,228486.0,19992525.0,0.0049999999999954,87.46,87.45
2017-07-21,NTRS,58246,NORTHERN TRUST CORP,,,0.003886,-0.3283539483133232,0.0001138433515483,1.6350159719434152e-11,-0.000368,11.84210411141164,87.84,228486.0,20070210.24,0.0050000000000025,87.79,87.78
2017-07-24,NTRS,58246,NORTHERN TRUST CORP,,,0.000683,-0.3493538771987855,0.0001137656427757,4.413656320256882e-12,-0.001064,7.705019125898304,87.9,228486.0,20083919.4,0.0049999999999954,87.91,87.9
2017-07-25,NTRS,58246,NORTHERN TRUST CORP,,,0.002844,-0.1174560022811843,0.0002268859897902,2.076527055462545e-11,0.002923,6.800018381870224,88.15,228486.0,20141040.9,0.0100000000000051,88.15,88.13
2017-07-26,NTRS,58246,NORTHERN TRUST CORP,,,-0.002836,-0.1582278277335074,0.0001137656427759,-2.4669088640559597e-11,0.000283,5.724066244758979,87.9,228486.0,20083919.4,0.0050000000000025,87.9,87.89
2017-07-27,NTRS,58246,NORTHERN TRUST CORP,,,-0.00273,-0.0724078634786817,0.0001140771161305,-2.5670827975020503e-11,-0.000973,5.30959883756554,87.66,228486.0,20029082.76,0.0050000000000025,87.7,87.69
2017-07-28,NTRS,58246,NORTHERN TRUST CORP,,,-0.004563,-0.219803671211513,0.00011460004584,-5.5247172155392294e-11,-0.001341,4.142529520408252,87.26,228486.0,19937688.36,0.0050000000000025,87.25,87.24
2017-07-31,NTRS,58246,NORTHERN TRUST CORP,,,0.002865,0.0372811697710535,0.0001142726545538,3.3346114858421595e-11,-0.000728,4.296967866740194,87.51,228486.0,19994809.86,0.0050000000000025,87.51,87.5
2017-08-01,NTRS,58246,NORTHERN TRUST CORP,,,0.006856,0.3063953138989017,0.000113494495517,6.06665492968918e-11,0.002449,5.61353868508355,88.11,228486.0,20131901.46,0.0050000000000025,88.11,88.1
2017-08-02,NTRS,58246,NORTHERN TRUST CORP,,,0.0,-0.1786389524526066,0.000113494495517,0.0,0.000493,4.610742014828042,88.11,228486.0,20131901.46,0.0050000000000025,88.11,88.1
2017-08-03,NTRS,58246,NORTHERN TRUST CORP,,,-0.001475,0.1367075150215,0.0001136621959536,-1.4000028311379283e-11,-0.002184,5.241065098080408,87.98,228486.0,20102198.28,0.0050000000000025,87.97,87.96
2017-08-04,NTRS,58246,NORTHERN TRUST CORP,,,0.01148,-0.1174829437749997,0.0001123721766491,1.2206704319751067e-10,0.001889,4.625329341841513,88.99,228486.0,20332969.14,0.0050000000000025,89.01,89.0
2017-08-07,NTRS,58246,NORTHERN TRUST CORP,,,-0.007866,-0.3889194311630235,0.0001132631102049,-1.379563497396391e-10,0.001647,2.82644888527087,88.29,228486.0,20173028.94,0.0049999999999954,88.3,88.29
2017-08-08,NTRS,58246,NORTHERN TRUST CORP,,,0.005663,0.6142684158041758,0.0001126252956414,6.117951438101778e-11,-0.002414,4.562647164377686,88.79,228486.0,20287271.94,0.0050000000000025,88.79,88.78
2017-08-09,NTRS,58246,NORTHERN TRUST CORP,,,0.005068,0.2199834820302331,0.0001120573733752,4.4652585814292727e-11,-0.000364,5.566354174872859,89.24,228486.0,20390090.64,0.0050000000000025,89.25,89.24
2017-08-10,NTRS,58246,NORTHERN TRUST CORP,,,-0.02286,0.451308897230299,0.0001146788990826,-1.4202652219428952e-10,-0.014474,8.078499339128,87.2,228486.0,19923979.2,0.0050000000000025,87.22,87.21
2017-08-11,NTRS,58246,NORTHERN TRUST CORP,,,-0.000573,-0.4346779541278042,0.0001147446930578,-6.3008772643787975e-12,0.001276,4.566953773973022,87.15,228486.0,19912554.9,0.0049999999999954,87.16,87.15
2017-08-14,NTRS,58246,NORTHERN TRUST CORP,,,0.017097,0.1659429699516523,0.0001128158844765,1.5853554342069718e-10,0.010044,5.324807646858013,88.64,228486.0,20252999.04,0.0050000000000025,88.62,88.61
2017-08-15,NTRS,58246,NORTHERN TRUST CORP,,,0.000564,-0.1909852019160904,0.0001127522832337,6.460772739529873e-12,-0.000499,4.307848183258493,88.69,228486.0,20264423.34,0.0050000000000025,88.7,88.69
2017-08-16,NTRS,58246,NORTHERN TRUST CORP,,,0.008907,0.3687293187020399,0.0001117568171659,7.388698112451077e-11,0.00142,5.896278108943218,89.48,228486.0,20444927.28,0.0050000000000025,89.5,89.49
2017-08-17,NTRS,58246,NORTHERN TRUST CORP,,,-0.02291,0.0328848285020155,0.0001143772160584,-1.8831076951115579e-10,-0.015437,6.0901762033560045,87.43,228486.0,19976530.98,0.0049999999999954,87.44,87.43
2017-08-18,NTRS,58246,NORTHERN TRUST CORP,,,0.005719,-0.1741757215131654,0.0002274536563174,5.659863066211173e-11,-0.001835,5.029415368994162,87.93,228486.0,20090773.98,0.009999999999998,87.95,87.93
2017-08-21,NTRS,58246,NORTHERN TRUST CORP,,,-0.000682,-0.3649181004062999,0.0001138044838967,-1.0634985786275224e-11,0.001163,3.194090666386562,87.87,228486.0,20077064.82,0.0050000000000025,87.86,87.85
2017-08-22,NTRS,58246,NORTHERN TRUST CORP,,,0.013543,0.7620199916416028,0.0001122838535817,1.1825364106309447e-10,0.009941,5.628051609288971,89.06,228486.0,20348963.16,0.0049999999999954,89.07,89.06
2017-08-23,NTRS,58246,NORTHERN TRUST CORP,,,0.001684,-0.5312524544474004,0.0003362851698238,3.1316403135467685e-11,-0.003454,2.638135378097564,89.21,228486.0,20383236.06,0.0149999999999934,89.21,89.18
2017-08-24,NTRS,58246,NORTHERN TRUST CORP,,,0.006053,1.8975027248883087,0.0001114206128132,3.8614969033735775e-11,-0.002074,7.64400444666194,89.75,228486.0,20506618.5,0.0049999999999954,89.74,89.73
2017-08-25,NTRS,58246,NORTHERN TRUST CORP,,,-0.000223,-0.2233978109963196,0.0001114454474533,-1.832264044044238e-12,0.001673,5.936350586031529,89.73,228486.0,20502048.78,0.0049999999999954,89.74,89.73
2017-08-28,NTRS,58246,NORTHERN TRUST CORP,,,-0.008581,-0.545063931529159,0.0001124100719423,-1.5631966709041534e-10,0.000487,2.700659996673757,88.96,228486.0,20326114.56,0.0049999999999954,88.96,88.95
2017-08-29,NTRS,58246,NORTHERN TRUST CORP,,,-0.004721,0.2043875584826833,0.0001129433024622,-7.174616896832626e-11,0.000843,3.2526412996857577,88.54,228486.0,20230150.44,0.0050000000000025,88.54,88.53
2017-08-30,NTRS,58246,NORTHERN TRUST CORP,,,0.002146,-0.0457774195588435,0.0001132374589514,3.4266865245141406e-11,0.004615,3.1037437742356206,88.31,228486.0,20177598.66,0.0050000000000025,88.31,88.3
2017-08-31,NTRS,58246,NORTHERN TRUST CORP,,,0.002152,0.3566702671603949,0.0001129943502825,2.52743056388074e-11,0.005721,4.210756895389652,88.5,228486.0,20221011.0,0.0050000000000025,88.51,88.5
2017-09-01,NTRS,58246,NORTHERN TRUST CORP,,,0.005198,-0.3345248254077803,0.0002248201438848,9.126197830495674e-11,0.001982,2.802154180124821,88.96,228486.0,20326114.56,0.009999999999998,88.96,88.94
2017-09-05,NTRS,58246,NORTHERN TRUST CORP,,,-0.02754,1.095368549620228,0.0001155935729974,-2.3729335719202637e-10,-0.007551,5.871545740220407,86.51,228486.0,19766323.86,0.0050000000000025,86.51,86.5
2017-09-06,NTRS,58246,NORTHERN TRUST CORP,,,0.000925,-0.0501660000327974,0.000230973553528,8.383285149223747e-12,0.003129,5.576993776423938,86.59,228486.0,19784602.74,0.009999999999998,86.6,86.58
2017-09-07,NTRS,58246,NORTHERN TRUST CORP,,,0.002887,0.5704896548206222,0.0002303086135422,1.6612390624123703e-11,-0.000178,8.758611030872789,86.84,228486.0,19841724.24,0.0100000000000051,86.84,86.82
2017-09-08,NTRS,58246,NORTHERN TRUST CORP,,,0.018655,-0.3041094932091424,0.0001130454442686,1.5143022646579908e-10,-0.001489,6.09503426905806,88.46,228486.0,20211871.56,0.0050000000000025,88.48,88.47
2017-09-11,NTRS,58246,NORTHERN TRUST CORP,,,0.017748,-0.0718561283327229,0.0001110740864156,1.5251449530852044e-10,0.010839,5.65706870442828,90.03,228486.0,20570594.58,0.0050000000000025,90.04,90.03
2017-09-12,NTRS,58246,NORTHERN TRUST CORP,,,0.005998,-0.0426231334536629,0.0002208236722977,5.35165509912752e-11,0.003364,5.415946710082894,90.57,228486.0,20693977.02,0.0100000000000051,90.59,90.57
2017-09-13,NTRS,58246,NORTHERN TRUST CORP,,,-0.025395,0.9409309978116608,0.0001132887730824,-1.1978185026614223e-10,0.000757,10.511978852095972,88.27,228486.0,20168459.22,0.0049999999999954,88.27,88.26
2017-09-14,NTRS,58246,NORTHERN TRUST CORP,,,-0.005211,-0.3725264796988975,0.0001138822457577,-3.9376546117277965e-11,-0.001101,6.595988375655401,87.81,228486.0,20063355.66,0.0049999999999954,87.82,87.81
2017-09-15,NTRS,58246,NORTHERN TRUST CORP,,,0.001708,-0.1116561640936081,0.0001136880400182,1.4503809140999218e-11,0.001847,5.85950561522369,87.96,228486.0,20097628.56,0.0050000000000025,87.9,87.89
2017-09-18,NTRS,58246,NORTHERN TRUST CORP,,,0.006594,-0.2520041977420331,0.0001129433024622,7.436861526095829e-11,0.001456,4.382885603494306,88.54,228486.0,20230150.44,0.0050000000000025,88.5,88.49
2017-09-19,NTRS,58246,NORTHERN TRUST CORP,,,0.000452,0.0246857487507838,0.0002257846014902,4.972700839427832e-12,0.00111,4.491080416305595,88.58,228486.0,20239289.88,0.0100000000000051,88.59,88.57
2017-09-20,NTRS,58246,NORTHERN TRUST CORP,,,0.012418,0.0264522988376931,0.0001115075825156,1.3146400476209925e-10,0.000634,4.609879817581821,89.68,228486.0,20490624.48,0.0050000000000025,89.68,89.67
2017-09-21,NTRS,58246,NORTHERN TRUST CORP,,,0.012935,0.2586317387469583,0.0002201673271686,1.0740918727677829e-10,-0.003046,5.802141050217519,90.84,228486.0,20755668.24,0.009999999999998,90.86,90.84
2017-09-22,NTRS,58246,NORTHERN TRUST CORP,,,-0.004623,-0.4754968665799708,0.0001105950011058,-7.352980710284882e-11,0.000648,3.043241161384067,90.42,228486.0,20659704.12,0.0049999999999954,90.38,90.37
2017-09-25,NTRS,58246,NORTHERN TRUST CORP,,,-0.011391,0.2493276651067537,0.0001118693366148,-1.4669002864949235e-10,-0.002222,3.8020053745087226,89.39,228486.0,20424363.54,0.0050000000000025,89.39,89.38
2017-09-26,NTRS,58246,NORTHERN TRUST CORP,,,0.00537,0.3580766773530714,0.0002225436741961,5.064807362264645e-11,7.2e-05,5.163414826291326,89.87,228486.0,20534036.82,0.0100000000000051,89.87,89.85
2017-09-27,NTRS,58246,NORTHERN TRUST CORP,,,0.02014,-0.081002366566986,0.0002181500872599,2.0261605553092877e-10,0.004085,4.745166005794665,91.68,228486.0,20947596.48,0.009999999999998,91.7,91.68
2017-09-28,NTRS,58246,NORTHERN TRUST CORP,,,0.002727,-0.4711760886327665,0.0001087784183618,5.173754159699529e-11,0.001205,2.509357247271168,91.93,228486.0,21004717.98,0.0050000000000025,91.93,91.92
2017-09-29,NTRS,58246,NORTHERN TRUST CORP,,,0.0,-0.0396649184708198,0.0001087784183616,0.0,0.003705,2.421108868574142,91.93,227421.0,20906812.53,0.0049999999999954,91.94,91.93
2017-10-02,NTRS,58246,NORTHERN TRUST CORP,,,0.0062,0.4631109803472868,0.0001081081081081,8.320085777400467e-11,0.003874,3.542350970227024,92.5,227421.0,21036442.5,0.0050000000000025,92.51,92.5
2017-10-03,NTRS,58246,NORTHERN TRUST CORP,,,-0.001189,0.4157148974993949,0.0001082368221669,-1.128389230021784e-11,0.002159,5.014959040721833,92.39,227421.0,21011426.19,0.0050000000000025,92.39,92.38
2017-10-04,NTRS,58246,NORTHERN TRUST CORP,,,-0.007901,-0.3299260767360481,0.0001090988435521,-1.1279284122278195e-10,0.001247,3.3603932794245037,91.66,227421.0,20845408.86,0.0049999999999954,91.66,91.65
2017-10-05,NTRS,58246,NORTHERN TRUST CORP,,,0.014292,-0.025349897412277,0.000107561579004,2.0638625538864534e-10,0.005647,3.275207654526187,92.97,227421.0,21143330.37,0.0050000000000025,92.98,92.97
2017-10-06,NTRS,58246,NORTHERN TRUST CORP,,,0.003227,1.678839123529404,0.0001072156105929,1.7339674891010626e-11,-0.001074,8.773754402627725,93.27,227421.0,21211556.67,0.0050000000000025,93.29,93.28
2017-10-09,NTRS,58246,NORTHERN TRUST CORP,,,-0.006647,-0.6562077765348793,0.0001079330814895,-1.0458470317115932e-10,-0.001804,3.016348534216277,92.65,227421.0,21070555.65,0.0050000000000025,92.64,92.63
2017-10-10,NTRS,58246,NORTHERN TRUST CORP,,,0.006692,0.1246550560438262,0.0002144312211859,9.299991005580127e-11,0.002322,3.3923516297967207,93.27,227421.0,21211556.67,0.0100000000000051,93.29,93.27
2017-10-11,NTRS,58246,NORTHERN TRUST CORP,,,0.004932,0.2255188647451951,0.0001066894270778,5.565356934244839e-11,0.001803,4.157390918164989,93.73,227421.0,21316170.33,0.0050000000000025,93.76,93.75
2017-10-12,NTRS,58246,NORTHERN TRUST CORP,,,-0.004054,-0.0227736658071366,0.0001071237279057,-4.70027028559931e-11,-0.001687,4.062711886765075,93.35,227421.0,21229750.35,0.0050000000000025,93.36,93.35
2017-10-13,NTRS,58246,NORTHERN TRUST CORP,,,-0.003856,0.2192952834905936,0.0003226153349822,-3.6808260514253816e-11,0.000878,4.953645441713826,92.99,227421.0,21147878.79,0.0150000000000005,93.02,92.99
2017-10-16,NTRS,58246,NORTHERN TRUST CORP,,,-0.011507,0.5510530702677081,0.0001087902523934,-7.164237196195445e-11,0.001751,7.683366971387866,91.92,227421.0,20904538.32,0.0050000000000025,91.93,91.92
2017-10-17,NTRS,58246,NORTHERN TRUST CORP,,,-0.008921,0.5771504310219022,0.0001097694840833,-3.5533656700523134e-11,0.000672,12.11782553062382,91.1,227421.0,20718053.1,0.0049999999999954,91.1,91.09
2017-10-18,NTRS,58246,NORTHERN TRUST CORP,,,0.0382,0.8960124070703464,0.0001057305984352,7.729788625460131e-11,0.000742,22.97554755277657,94.58,227421.0,21509478.18,0.0050000000000025,94.58,94.57
2017-10-19,NTRS,58246,NORTHERN TRUST CORP,,,0.004229,-0.6709158178507602,0.0001052853232258,2.5894174888849408e-11,0.000328,7.560889275836444,94.98,227421.0,21600446.58,0.0049999999999954,94.99,94.98
2017-10-20,NTRS,58246,NORTHERN TRUST CORP,,,0.003053,-0.0816671076850605,0.0002099296735593,2.0293971968981865e-11,0.005117,6.94341331715189,95.27,227421.0,21666398.67,0.009999999999998,95.28,95.26
2017-10-23,NTRS,58246,NORTHERN TRUST CORP,,,0.00147,-0.3760054918123107,0.0002096216329526,1.5636483414804972e-11,-0.003972,4.332651777980046,95.41,227421.0,21698237.61,0.0100000000000051,95.43,95.41
2017-10-24,NTRS,58246,NORTHERN TRUST CORP,,,0.0109,0.1309644628837269,0.0002073613271124,1.0141237573925317e-10,0.001618,4.900075190945427,96.45,227421.0,21934755.45,0.009999999999998,96.45,96.43
2017-10-25,NTRS,58246,NORTHERN TRUST CORP,,,-0.017522,0.1763868698289632,0.0001055297593922,-1.4105066769309603e-10,-0.004663,5.764384115802851,94.76,227421.0,21550413.96,0.0050000000000025,94.78,94.77
2017-10-26,NTRS,58246,NORTHERN TRUST CORP,,,0.00802,-0.271879305110371,0.0001046901172529,8.796161650922442e-11,0.001271,4.197167368009111,95.52,227421.0,21723253.92,0.0050000000000025,95.53,95.52
2017-10-27,NTRS,58246,NORTHERN TRUST CORP,,,-0.00848,0.1537865993940435,0.000105585471439,-8.129946217154755e-11,0.008073,4.84263546462288,94.71,227421.0,21539042.91,0.0049999999999954,94.71,94.7
2017-10-30,NTRS,58246,NORTHERN TRUST CORP,,,-0.000633,-0.2568270534278505,0.000105652403592,-8.171106232960688e-12,-0.003192,3.5989156674185763,94.65,227421.0,21525397.65,0.0049999999999954,94.66,94.65
2017-10-31,NTRS,58246,NORTHERN TRUST CORP,,,-0.011939,0.1736156164741731,0.0001069289991446,-1.3290316987313728e-10,0.000944,4.2237436296560125,93.52,227421.0,21268411.92,0.0050000000000025,93.53,93.52
2017-11-01,NTRS,58246,NORTHERN TRUST CORP,,,-0.001176,-0.1050805356830542,0.0001070549191734,-1.4645421692339897e-11,0.001592,3.779910386463871,93.41,227421.0,21243395.61,0.0049999999999954,93.41,93.4
2017-11-02,NTRS,58246,NORTHERN TRUST CORP,,,0.006423,0.6495391627337777,0.0001063716625891,4.818248222382315e-11,0.00019,6.235110214096324,94.01,227421.0,21379848.21,0.0050000000000025,94.01,94.0
2017-11-03,NTRS,58246,NORTHERN TRUST CORP,,,0.004042,-0.2420819537445477,0.0003178302786312,3.984495821647712e-11,0.003097,4.7257025516553,94.39,227421.0,21466268.19,0.0150000000000005,94.42,94.39
2017-11-06,NTRS,58246,NORTHERN TRUST CORP,,,-0.001801,-0.4343952493849583,0.0001061345786456,-3.1445652951696294e-11,0.001271,2.6728798132098617,94.22,227421.0,21427606.62,0.0049999999999954,94.24,94.23
2017-11-07,NTRS,58246,NORTHERN TRUST CORP,,,-0.01921,0.2382585721594619,0.0001082133968185,-2.7617671245529576e-10,-0.000189,3.309716341059093,92.41,227421.0,21015974.61,0.0050000000000025,92.42,92.41
2017-11-08,NTRS,58246,NORTHERN TRUST CORP,,,0.004978,0.1015359393329871,0.0001076773985139,6.464864644088049e-11,0.001444,3.645771498674265,92.87,227421.0,21120588.27,0.0049999999999954,92.88,92.87
2017-11-09,NTRS,58246,NORTHERN TRUST CORP,,,-0.007645,-0.3366054575606814,0.0002170138888889,-1.5081450707457456e-10,-0.003762,2.418584915201323,92.16,227421.0,20959119.36,0.0100000000000051,92.18,92.16
2017-11-10,NTRS,58246,NORTHERN TRUST CORP,,,0.003798,0.5499775469650223,0.0001080964220083,4.8155840546601396e-11,-0.000898,3.748752313990353,92.51,227421.0,21038716.71,0.0049999999999954,92.52,92.51
2017-11-13,NTRS,58246,NORTHERN TRUST CORP,,,-0.000541,0.0309661073609017,0.000108154877785,-6.657047810918609e-12,0.000984,3.864836580614807,92.46,227421.0,21027345.66,0.0050000000000025,92.47,92.46
2017-11-14,NTRS,58246,NORTHERN TRUST CORP,,,0.001947,0.0140827924386621,0.000215889464594,2.357937512914885e-11,-0.00231,3.9192642719889546,92.64,227421.0,21068281.44,0.009999999999998,92.66,92.64
2017-11-15,NTRS,58246,NORTHERN TRUST CORP,,,0.006908,0.1240930616622706,0.0001072041166381,7.391394985037368e-11,-0.005526,4.405617774963614,93.28,227421.0,21213830.88,0.0050000000000025,93.29,93.28
2017-11-16,NTRS,58246,NORTHERN TRUST CORP,,,0.00461,0.0241154571676665,0.0001067121972041,4.794338413232805e-11,0.008196,4.511861261712858,93.71,227421.0,21311621.91,0.0050000000000025,93.72,93.71
2017-11-17,NTRS,58246,NORTHERN TRUST CORP,,,0.003842,0.040021752435454,0.000106303816307,3.8271676944886784e-11,-0.002626,4.692433856152246,94.07,227421.0,21393493.47,0.0050000000000025,94.09,94.08
2017-11-20,NTRS,58246,NORTHERN TRUST CORP,,,0.003827,-0.4252406860090071,0.0001058985491899,6.607447640772465e-11,0.001276,2.6970200641101747,94.43,227421.0,21475365.03,0.0050000000000025,94.43,94.42
2017-11-21,NTRS,58246,NORTHERN TRUST CORP,,,0.000318,0.5554023010993561,0.0003175947491001,3.5287565674320988e-12,0.006541,4.194951213828099,94.46,227421.0,21482187.66,0.0150000000000005,94.49,94.46
2017-11-22,NTRS,58246,NORTHERN TRUST CORP,,,-0.000741,-0.4943303075407224,0.0001059434262104,-1.6273007245135265e-11,-0.00075,2.121259690178128,94.39,227421.0,21466268.19,0.0050000000000025,94.4,94.39
2017-11-24,NTRS,58246,NORTHERN TRUST CORP,,,-0.001377,-0.4343527099886198,0.0003182686187142,-5.353482532177829e-11,0.002056,1.199884795159638,94.26,227421.0,21436703.46,0.0150000000000005,94.26,94.23
2017-11-27,NTRS,58246,NORTHERN TRUST CORP,,,-0.001591,1.668501423707944,0.000106258633514,-2.321650556879377e-11,-0.000384,3.201894284169008,94.11,227421.0,21402590.31,0.0050000000000025,94.11,94.1
2017-11-28,NTRS,58246,NORTHERN TRUST CORP,,,0.023164,0.4876747168961435,0.000103852944231,2.2206843585719863e-10,0.009848,4.763377172732509,96.29,227421.0,21898368.09,0.0050000000000025,96.29,96.28
2017-11-29,NTRS,58246,NORTHERN TRUST CORP,,,0.020251,0.1800327150943605,0.0002035830618892,1.6125698519616444e-10,-0.000369,5.620940898158041,98.24,227421.0,22341839.04,0.009999999999998,98.24,98.22
2017-11-30,NTRS,58246,NORTHERN TRUST CORP,,,-0.000407,0.0511053570311033,0.0002045408058907,-3.0978368605768885e-12,0.008191,5.908201089609139,97.78,227421.0,22237225.38,0.009999999999998,97.78,97.76
2017-12-01,NTRS,58246,NORTHERN TRUST CORP,,,-0.001227,-0.0742031587118362,0.0001023960679908,-1.0100114910530175e-11,-0.002024,5.469793906455428,97.66,227421.0,22209934.86,0.0049999999999954,97.66,97.65
2017-12-04,NTRS,58246,NORTHERN TRUST CORP,,,0.013209,-0.1869164738662289,0.0001010611419908,1.3198283468961408e-10,-0.001052,4.447399316685794,98.95,227421.0,22503307.95,0.0049999999999954,98.94,98.93
2017-12-05,NTRS,58246,NORTHERN TRUST CORP,,,-0.020212,0.1515336671175127,0.0001031459515214,-1.7899798678718368e-10,-0.003739,5.121330044279112,96.95,227421.0,22048465.95,0.0050000000000025,96.95,96.94
2017-12-06,NTRS,58246,NORTHERN TRUST CORP,,,-0.004642,-0.4614741332087803,0.0002072538860103,-7.669338819394339e-11,-0.000114,2.7579687012193244,96.5,227421.0,21946126.5,0.009999999999998,96.5,96.48
2017-12-07,NTRS,58246,NORTHERN TRUST CORP,,,0.008497,0.1246101846242146,0.0002055076037812,1.2377747174777529e-10,0.002932,3.1016396902660706,97.32,227421.0,22132611.72,0.009999999999998,97.33,97.31
2017-12-08,NTRS,58246,NORTHERN TRUST CORP,,,0.004213,-0.0827811471296241,0.0001023227258773,6.662982570280645e-11,0.005506,2.844882398723073,97.73,227421.0,22225854.33,0.0049999999999954,97.74,97.73
2017-12-11,NTRS,58246,NORTHERN TRUST CORP,,,-0.00174,0.3342406172621972,0.0001025010250101,-2.066086100747017e-11,0.003202,3.7957576477106336,97.56,227421.0,22187192.76,0.0049999999999954,97.55,97.54
2017-12-12,NTRS,58246,NORTHERN TRUST CORP,,,0.010148,0.3016559801212879,0.0003044140030441,9.164284673973111e-11,0.001549,4.940770641233659,98.55,227421.0,22412339.55,0.0150000000000005,98.58,98.55
2017-12-13,NTRS,58246,NORTHERN TRUST CORP,,,-0.010857,-0.0527582355480205,0.0001025851456708,-1.0464252744378615e-10,-0.000473,4.680104299954709,97.48,227421.0,22168999.08,0.0049999999999954,97.49,97.48
2017-12-14,NTRS,58246,NORTHERN TRUST CORP,,,-0.00913,-0.4416481734460526,0.0002070607723367,-1.590539919831171e-10,-0.004071,2.613144784342695,96.59,227421.0,21966594.39,0.0100000000000051,96.59,96.57
2017-12-15,NTRS,58246,NORTHERN TRUST CORP,,,0.013045,1.6422165160091806,0.0001021972406745,8.490256533602311e-11,0.008974,6.9044943079135175,97.85,227421.0,22253144.85,0.0050000000000025,97.84,97.83
2017-12-18,NTRS,58246,NORTHERN TRUST CORP,,,0.007563,-0.4931064107291494,0.0002028603306622,9.637890644744123e-11,0.005363,3.4998439018384406,98.59,227421.0,22421436.39,0.009999999999998,98.61,98.59
2017-12-19,NTRS,58246,NORTHERN TRUST CORP,,,-0.005782,0.5335151732923922,0.0003060599877576,-4.832769393026245e-11,-0.00323,5.367063727624098,98.02,227421.0,22291806.42,0.0150000000000005,98.03,98.0
2017-12-20,NTRS,58246,NORTHERN TRUST CORP,,,0.004285,0.1453788886130644,0.0002031694433156,3.113599366994567e-11,-0.000828,6.14732148746158,98.44,227421.0,22387323.24,0.009999999999998,98.44,98.42
2017-12-21,NTRS,58246,NORTHERN TRUST CORP,,,0.016355,-0.2760348490375742,0.0001999000499749,1.6150995763079309e-10,0.001986,4.450446528684686,100.05,227421.0,22753471.05,0.009999999999998,100.05,100.03
2017-12-22,NTRS,58246,NORTHERN TRUST CORP,,,-0.010695,-0.3551310361862418,0.0002020610224287,-1.655494382366255e-10,-0.000458,2.8699548414614307,98.98,227421.0,22510130.58,0.009999999999998,99.0,98.98
2017-12-26,NTRS,58246,NORTHERN TRUST CORP,,,-0.002829,-0.511490942073395,0.0003039513677811,-8.989541588288602e-11,-0.001058,1.4019989358942226,98.7,227421.0,22446452.7,0.0150000000000005,98.7,98.67
2017-12-27,NTRS,58246,NORTHERN TRUST CORP,,,-0.000203,0.803264292255774,0.0002026753141468,-3.5779087912017877e-12,0.000791,2.528174618878644,98.68,227421.0,22441904.28,0.0100000000000051,98.68,98.66
2017-12-28,NTRS,58246,NORTHERN TRUST CORP,,,0.016619,0.0003217615138444,9.968102073370332e-05,2.880315196294096e-10,0.001834,2.528988088171277,100.32,227421.0,22814874.72,0.0050000000000025,100.33,100.32
2017-12-29,NTRS,58246,NORTHERN TRUST CORP,,,-0.004286,0.1084317867668154,0.0003003303633997,-6.730445831777979e-11,-0.005183,2.819252013249192,99.89,226127.0,22587826.03,0.0150000000000005,99.92,99.89
2018-01-02,NTRS,58246,NORTHERN TRUST CORP,,,-0.004305,0.5375045685629536,0.0003016287954955,-4.415927816174247e-11,0.008303,4.334612850300937,99.46,226127.0,22490591.42,0.0149999999999934,99.46,99.43
2018-01-03,NTRS,58246,NORTHERN TRUST CORP,,,0.005932,0.1293924643914901,0.0001999000499749,5.3559489451299644e-11,0.006399,4.895479089184397,100.05,226127.0,22624006.35,0.009999999999998,100.05,100.03
2018-01-04,NTRS,58246,NORTHERN TRUST CORP,,,0.014993,-0.0762113821138211,9.847365829645607e-05,1.4437379931021368e-10,0.004029,4.522387861688343,101.55,226127.0,22963196.85,0.0050000000000025,101.56,101.55
2018-01-05,NTRS,58246,NORTHERN TRUST CORP,,,0.004431,-0.009960552846864,0.0003921568627451,4.290706927228681e-11,0.007034,4.47734237839798,102.0,226127.0,23064954.0,0.0200000000000031,101.98,101.94
2018-01-08,NTRS,58246,NORTHERN TRUST CORP,,,0.004902,-0.3173851891652707,0.0001951219512194,6.919918948578876e-11,0.001662,3.056300220672454,102.5,226127.0,23178017.5,0.009999999999998,102.52,102.5
2018-01-09,NTRS,58246,NORTHERN TRUST CORP,,,0.017171,0.6321363252265912,0.0001918281220026,1.4600677324460228e-10,0.001303,4.98829861095756,104.26,226127.0,23576001.02,0.009999999999998,104.28,104.26
2018-01-10,NTRS,58246,NORTHERN TRUST CORP,,,0.014387,-0.1732933565841511,0.0002836611195158,1.458789099052112e-10,-0.001112,4.123859601020666,105.76,226127.0,23915191.52,0.0150000000000005,105.79,105.76
2018-01-11,NTRS,58246,NORTHERN TRUST CORP,,,0.001796,-0.1636904889567578,0.0002831524303917,2.173612101231496e-11,0.007034,3.4488230065405725,105.95,226127.0,23958155.65,0.0150000000000005,105.97,105.94
2018-01-12,NTRS,58246,NORTHERN TRUST CORP,,,0.012364,0.4244632452505026,9.323140033568072e-05,1.0376398158156292e-10,0.00675,4.912721612191379,107.26,226127.0,24254382.02,0.0050000000000025,107.26,107.25
2018-01-16,NTRS,58246,NORTHERN TRUST CORP,,,-0.00606,-0.2893539376667006,9.37998311603519e-05,-7.200236325158613e-11,-0.003524,3.491206269043502,106.61,226127.0,24107399.47,0.0050000000000025,106.61,106.6
2018-01-17,NTRS,58246,NORTHERN TRUST CORP,,,0.002626,0.6353539652621552,9.355412105908052e-05,1.9029086775082083e-11,0.009415,5.709358015628386,106.89,226127.0,24170715.03,0.0050000000000025,106.9,106.89
2018-01-18,NTRS,58246,NORTHERN TRUST CORP,,,-0.014127,-0.1768047465609121,9.48946669196328e-05,-1.261389452524301e-10,-0.001616,4.699916418649697,105.38,226127.0,23829263.26,0.0049999999999954,105.38,105.37
2018-01-19,NTRS,58246,NORTHERN TRUST CORP,,,0.010533,0.0589163494163409,0.0001878110620715,8.788991564723166e-11,0.004385,4.97681833659846,106.49,226127.0,24080264.23,0.009999999999998,106.49,106.47
2018-01-22,NTRS,58246,NORTHERN TRUST CORP,,,0.008827,-0.1005168861011219,0.0001861677371312,8.116902451399952e-11,0.008067,4.476564054712617,107.43,226127.0,24292823.610000003,0.0100000000000051,107.43,107.41
2018-01-23,NTRS,58246,NORTHERN TRUST CORP,,,-0.005027,0.4446976701914109,0.0008419870895311,-3.2158635375561106e-11,0.002174,6.467281660305934,106.89,226127.0,24170715.03,0.0449999999999946,106.88,106.79
2018-01-24,NTRS,58246,NORTHERN TRUST CORP,,,-0.006736,0.5534122386963589,9.41885655081955e-05,-2.7927968249301872e-11,-0.00056,10.046354482215746,106.17,226127.0,24007903.59,0.0050000000000025,106.17,106.16
2018-01-25,NTRS,58246,NORTHERN TRUST CORP,,,-0.010926,-0.3026756441724273,9.522902580711472e-05,-6.568024805561115e-11,0.000603,7.005567667726544,105.01,226127.0,23745596.27,0.0050000000000025,105.01,105.0
2018-01-26,NTRS,58246,NORTHERN TRUST CORP,,,0.011142,0.000147713471216,0.0002825390845733,6.623088119566374e-11,0.011841,7.006602484444582,106.18,226127.0,24010164.860000003,0.0150000000000005,106.18,106.15
2018-01-29,NTRS,58246,NORTHERN TRUST CORP,,,0.007158,-0.1990195546276087,0.0002805311389564,5.2743591712444266e-11,-0.006732,5.612151578537724,106.94,226127.0,24182021.38,0.0150000000000005,106.94,106.91
2018-01-30,NTRS,58246,NORTHERN TRUST CORP,,,-0.011689,-0.2127875851319757,0.0001892326615573,-1.1070563127149088e-10,-0.010899,4.417955396746076,105.69,226127.0,23899362.63,0.009999999999998,105.71,105.69
2018-01-31,NTRS,58246,NORTHERN TRUST CORP,,,-0.002839,-0.1652611211598578,0.000284656988329,-3.2302906348579046e-11,0.000489,3.684596555411221,105.39,226326.0,23852497.14,0.0150000000000005,105.42,105.39
2018-02-01,NTRS,58246,NORTHERN TRUST CORP,,,0.013189,0.3280554489639293,0.0002809514890429,1.1152734252968873e-10,-0.000648,4.893348532647597,106.78,226326.0,24167090.28,0.0150000000000005,106.81,106.78
2018-02-02,NTRS,58246,NORTHERN TRUST CORP,,,-0.020135,0.3124103830998328,0.0004778744146038,-1.3239913666814854e-10,-0.021209,6.422081422373037,104.63,226326.0,23680489.38,0.0249999999999985,104.61,104.56
2018-02-05,NTRS,58246,NORTHERN TRUST CORP,,,-0.046736,0.3819863170148416,0.0007018247443352,-2.3327498878094103e-10,-0.040979,8.87522865247475,99.74,226326.0,22573755.24,0.0349999999999965,99.8,99.73
2018-02-06,NTRS,58246,NORTHERN TRUST CORP,,,0.016242,0.3640418281521087,9.865824782956902e-05,5.848321211116141e-11,0.017441,12.106183116389632,101.36,226326.0,22940403.36,0.0050000000000025,101.36,101.35
2018-02-07,NTRS,58246,NORTHERN TRUST CORP,,,-0.006215,-0.4468795712613105,0.000496376451901,-4.071185710724144e-11,-0.005002,6.696177195726518,100.73,226326.0,22797817.98,0.0249999999999985,100.77,100.72
2018-02-08,NTRS,58246,NORTHERN TRUST CORP,,,-0.044972,0.1540884673831208,0.0002079002079001,-2.6728011117188513e-10,-0.037536,7.727980877141822,96.2,226326.0,21772561.2,0.009999999999998,96.21,96.19
2018-02-09,NTRS,58246,NORTHERN TRUST CORP,,,0.012266,-0.091673560913025,0.0006161429451633,7.928494839784058e-11,0.014936,7.019529351466469,97.38,226326.0,22039625.88,0.0300000000000011,97.37,97.31
2018-02-12,NTRS,58246,NORTHERN TRUST CORP,,,0.020333,-0.1269678013875478,0.0003019323671497,1.475425122941712e-10,0.013915,6.128275142935411,99.36,226326.0,22487751.36,0.0150000000000005,99.38,99.35
2018-02-13,NTRS,58246,NORTHERN TRUST CORP,,,-0.000101,-0.2675718895909698,0.0003019627579265,-1.0007274084414022e-12,0.002613,4.488520983006813,99.35,226326.0,22485488.1,0.0150000000000005,99.39,99.36
2018-02-14,NTRS,58246,NORTHERN TRUST CORP,,,0.033619,0.1475229581766941,0.0002921413964358,2.8083908312846027e-10,0.013402,5.150680876258141,102.69,226326.0,23241416.94,0.0150000000000005,102.7,102.67
2018-02-15,NTRS,58246,NORTHERN TRUST CORP,,,0.011491,0.0629681067620115,0.0002888225666698,8.927880488876647e-11,0.012069,5.475009499571415,103.87,226326.0,23508481.62,0.0150000000000005,103.91,103.88
2018-02-16,NTRS,58246,NORTHERN TRUST CORP,,,0.009531,0.2208553210823338,0.0007629219912263,6.008209819873576e-11,0.000373,6.684194480528088,104.86,226326.0,23732544.36,0.0399999999999991,104.94,104.86
2018-02-20,NTRS,58246,NORTHERN TRUST CORP,,,-0.001335,-0.1934780841178022,0.0003819709702063,-1.0448451560704324e-11,-0.005841,5.390949338564726,104.72,226326.0,23700858.72,0.0200000000000031,104.75,104.71
2018-02-21,NTRS,58246,NORTHERN TRUST CORP,,,0.006302,-0.2867433481516451,0.0002846840007591,6.871865893344463e-11,-0.005497,3.845130475508779,105.38,226326.0,23850233.88,0.0150000000000005,105.41,105.38
2018-02-22,NTRS,58246,NORTHERN TRUST CORP,,,-0.011957,0.4390562284760868,0.0002881290818286,-9.169903749545925e-11,0.000974,5.533358960084127,104.12,226326.0,23565063.12,0.0150000000000005,104.15,104.12
2018-02-23,NTRS,58246,NORTHERN TRUST CORP,,,0.023434,-0.2963165841945856,0.0001876876876876,2.495465702399466e-10,0.016028,3.9065749926855866,106.56,225582.0,24038017.92,0.009999999999998,106.56,106.54
2018-02-26,NTRS,58246,NORTHERN TRUST CORP,,,0.021396,0.1202889522078223,0.000183755972069,1.9911931726004234e-10,0.011757,4.3764928052770165,108.84,225582.0,24552344.88,0.009999999999998,108.85,108.83
2018-02-27,NTRS,58246,NORTHERN TRUST CORP,,,-0.011485,0.4323277198057651,9.294544102603312e-05,-7.548941042000976e-11,-0.012707,6.2685719605287655,107.59,225582.0,24270367.38,0.0049999999999954,107.6,107.59
2018-02-28,NTRS,58246,NORTHERN TRUST CORP,,,-0.015987,-0.0599246009941467,0.0002833663927458,-1.1359476453654609e-10,-0.011096,5.892930286990984,105.87,225582.0,23882366.34,0.0150000000000005,105.9,105.87
2018-03-01,NTRS,58246,NORTHERN TRUST CORP,,,-0.02078,-0.1264455492541781,0.0003858396836115,-1.7261030410002426e-10,-0.013324,5.1477954801358266,103.67,225582.0,23386085.94,0.0200000000000031,103.7,103.66
2018-03-02,NTRS,58246,NORTHERN TRUST CORP,,,0.010032,0.1435599569429493,0.0006685130360041,7.214640530741597e-11,0.005072,5.886812777615235,104.71,225582.0,23620691.22,0.0349999999999965,104.71,104.64
2018-03-05,NTRS,58246,NORTHERN TRUST CORP,,,0.015758,-0.1520837616221585,0.0003760812335465,1.315785658194974e-10,0.011032,4.991524146430123,106.36,225582.0,23992901.52,0.0200000000000031,106.4,106.36
2018-03-06,NTRS,58246,NORTHERN TRUST CORP,,,0.003385,-0.2205110488650956,0.0002811094452773,3.6138096533940216e-11,0.002639,3.890837921465365,106.72,225582.0,24074111.04,0.0150000000000005,106.75,106.72
2018-03-07,NTRS,58246,NORTHERN TRUST CORP,,,0.008433,0.457257181529515,0.0002787585950566,6.126399669629542e-11,-0.000484,5.669951503222775,107.62,225582.0,24277134.84,0.0150000000000005,107.65,107.62
2018-03-08,NTRS,58246,NORTHERN TRUST CORP,,,0.005296,0.0065979223463865,0.0004639510067736,3.816895561513959e-11,0.004463,5.707361402948817,107.77,225582.0,24310972.14,0.0249999999999985,107.77,107.72
2018-03-09,NTRS,58246,NORTHERN TRUST CORP,,,0.027188,-0.0559776555405218,0.0002710027100271,2.0207265599197424e-10,0.017379,5.387876692289279,110.7,225582.0,24971927.4,0.0150000000000005,110.69,110.66
2018-03-12,NTRS,58246,NORTHERN TRUST CORP,,,-0.01075,0.2330896291615654,9.13158615650708e-05,-6.549949468611304e-11,-0.001274,6.643734872463228,109.51,225582.0,24703484.82,0.0049999999999954,109.52,109.51
2018-03-13,NTRS,58246,NORTHERN TRUST CORP,,,-0.008766,-0.4769958370782281,0.0004606172270842,-1.0302669233433044e-10,-0.006364,3.474700995646816,108.55,225582.0,24486926.1,0.0249999999999985,108.56,108.51
2018-03-14,NTRS,58246,NORTHERN TRUST CORP,,,-0.018977,0.2963818685174082,9.390553103582605e-05,-1.7537347228352303e-10,-0.005724,4.504539369275918,106.49,225582.0,24022227.18,0.0050000000000025,106.53,106.52
2018-03-15,NTRS,58246,NORTHERN TRUST CORP,,,-0.003662,-0.3400850077203701,0.0002827521206409,-5.1470706713661316e-11,-0.000782,2.972613063099006,106.1,225582.0,23934250.2,0.0150000000000005,106.13,106.1
2018-03-16,NTRS,58246,NORTHERN TRUST CORP,,,0.010462,0.9488925806182222,9.327488107457436e-05,7.467043694656276e-11,0.001703,5.79330354372246,107.21,225582.0,24184646.22,0.0050000000000025,107.2,107.19
2018-03-19,NTRS,58246,NORTHERN TRUST CORP,,,-0.00457,-0.3769968588951422,0.0001874062968515,-5.2595600770080255e-11,-0.014204,3.609246305112997,106.72,225582.0,24074111.04,0.009999999999998,106.74,106.72
2018-03-20,NTRS,58246,NORTHERN TRUST CORP,,,-0.003467,-0.3071086158974478,0.0001880582980724,-5.7787009887369887e-11,0.001482,2.5008156679167666,106.35,225582.0,23990645.7,0.0100000000000051,106.37,106.35
2018-03-21,NTRS,58246,NORTHERN TRUST CORP,,,0.005642,0.9522404939208244,0.0001870032725573,4.789970643664807e-11,-0.001844,4.882193614738765,106.95,225582.0,24125994.9,0.0100000000000051,106.98,106.96
2018-03-22,NTRS,58246,NORTHERN TRUST CORP,,,-0.041515,0.2534605728502226,0.0003902058335771,-2.9336526391106635e-10,-0.025163,6.119637205096152,102.51,225582.0,23124410.82,0.019999999999996,102.55,102.51
2018-03-23,NTRS,58246,NORTHERN TRUST CORP,,,-0.029851,0.3273788827074642,0.0002011060834589,-1.6380572405167331e-10,-0.020967,8.123077195875558,99.45,225582.0,22434129.9,0.009999999999998,99.45,99.43
2018-03-26,NTRS,58246,NORTHERN TRUST CORP,,,0.043741,-0.3924744327173901,9.633911368006651e-05,3.785312781482932e-10,0.027157,4.93497708150473,103.8,225582.0,23415411.6,0.0049999999999954,103.8,103.79
2018-03-27,NTRS,58246,NORTHERN TRUST CORP,,,-0.021387,0.0556797174378975,0.0004922228785193,-1.7915127380317622e-10,-0.017276,5.2097552109654135,101.58,225582.0,22914619.56,0.0249999999999985,101.63,101.58
2018-03-28,NTRS,58246,NORTHERN TRUST CORP,,,-0.00443,-0.1044964079280003,0.0001977652526452,-4.162311953487384e-11,-0.002917,4.665354505235347,101.13,225582.0,22813107.66,0.0100000000000051,101.15,101.13
2018-03-29,NTRS,58246,NORTHERN TRUST CORP,,,0.019777,-0.1207759259611181,9.69649956366248e-05,2.0724627436386904e-10,0.01377,4.112666728891378,103.13,224991.0,23203321.83,0.0050000000000025,103.14,103.13
2018-04-02,NTRS,58246,NORTHERN TRUST CORP,,,-0.016678,0.566110062216785,0.000394438418302,-1.1348860119366835e-10,-0.022337,6.440888746660978,101.41,224991.0,22816337.31,0.0200000000000031,101.42,101.38
2018-04-03,NTRS,58246,NORTHERN TRUST CORP,,,0.024652,-0.0738878591607999,0.0002887113848522,1.7677477493386595e-10,0.012615,5.96498526607731,103.91,224991.0,23378814.81,0.0150000000000005,103.94,103.91
2018-04-04,NTRS,58246,NORTHERN TRUST CORP,,,0.008565,-0.3838114015087164,0.0001908396946564,9.882752181966296e-11,0.011566,3.675555911125334,104.8,224991.0,23579056.8,0.009999999999998,104.8,104.78
2018-04-05,NTRS,58246,NORTHERN TRUST CORP,,,-0.003244,0.0226042877164385,9.57304231285192e-05,-3.6722736398642176e-11,0.006863,3.758639234458267,104.46,224991.0,23502559.86,0.0050000000000025,104.47,104.46
2018-04-06,NTRS,58246,NORTHERN TRUST CORP,,,-0.031495,0.4192122129461013,0.0001976870613817,-2.5938612073699565e-10,-0.02192,5.334306705601557,101.17,224991.0,22762339.47,0.009999999999998,101.17,101.15
2018-04-09,NTRS,58246,NORTHERN TRUST CORP,,,0.008501,0.0756417210547497,0.0001960207782024,6.454035680199925e-11,0.003337,5.737802845447151,102.03,224991.0,22955831.73,0.009999999999998,102.03,102.01
2018-04-10,NTRS,58246,NORTHERN TRUST CORP,,,0.011957,0.0896879362084164,0.0002905569007264,8.232263415230832e-11,0.016727,6.252414541026085,103.25,224991.0,23230320.75,0.0150000000000005,103.24,103.21
2018-04-11,NTRS,58246,NORTHERN TRUST CORP,,,-0.009104,0.0425381574523169,9.77421561920156e-05,-6.067493148819699e-11,-0.005525,6.518380735229409,102.31,224991.0,23018829.21,0.0050000000000025,102.31,102.3
2018-04-12,NTRS,58246,NORTHERN TRUST CORP,,,0.026684,-0.1159823180098965,0.0002856054836252,1.959432906808466e-10,0.008251,5.762363827886449,105.04,224991.0,23633054.64,0.0150000000000005,105.05,105.02
2018-04-13,NTRS,58246,NORTHERN TRUST CORP,,,-0.010758,-0.370381340244354,0.0003849485131364,-1.2683256719200354e-10,-0.002887,3.62809179033828,103.91,224991.0,23378814.81,0.0200000000000031,103.95,103.91
2018-04-16,NTRS,58246,NORTHERN TRUST CORP,,,0.009431,0.3559184993531694,0.0001906759462293,8.123565028140584e-11,0.008109,4.919396775871035,104.89,224991.0,23599305.99,0.009999999999998,104.89,104.87
2018-04-17,NTRS,58246,NORTHERN TRUST CORP,,,0.014873,0.8196788999114581,9.394081728502492e-05,6.937151110824801e-11,0.010662,8.951722513344977,106.45,224991.0,23950291.95,0.0049999999999954,106.46,106.45
2018-04-18,NTRS,58246,NORTHERN TRUST CORP,,,-0.001315,-0.3856494627510541,0.0001881290565327,-9.996860569942046e-12,0.000831,5.499495535376971,106.31,224991.0,23918793.21,0.009999999999998,106.33,106.31
2018-04-19,NTRS,58246,NORTHERN TRUST CORP,,,0.017308,-0.2150545890084916,9.246417013412036e-05,1.6477560244311262e-10,-0.005726,4.316803783262442,108.15,224991.0,24332776.65,0.0050000000000025,108.15,108.14
2018-04-20,NTRS,58246,NORTHERN TRUST CORP,,,-0.004623,0.4630946767129098,9.289363678579568e-05,-3.022107958170328e-11,-0.008537,6.315892635705429,107.65,224991.0,24220281.15,0.0049999999999954,107.66,107.65
2018-04-23,NTRS,58246,NORTHERN TRUST CORP,,,-0.002415,-0.2796472109099175,0.0002793556197038,-2.196889260934081e-11,5.6e-05,4.549670875723918,107.39,224991.0,24161783.49,0.0150000000000005,107.42,107.39
2018-04-24,NTRS,58246,NORTHERN TRUST CORP,,,-0.003259,0.4600126021482267,0.0002802690582959,-2.037213421893645e-11,-0.013381,6.642576814183679,107.04,224991.0,24083036.64,0.0150000000000005,107.04,107.01
2018-04-25,NTRS,58246,NORTHERN TRUST CORP,,,-0.001962,-0.380506115675936,0.000187213329589,-1.983659013776314e-11,0.001837,4.115035712539613,106.83,224991.0,24035788.53,0.009999999999998,106.83,106.81
2018-04-26,NTRS,58246,NORTHERN TRUST CORP,,,0.005616,0.1860925035049025,0.0003723354742622,4.7604083441557374e-11,0.010434,4.88081301029819,107.43,224991.0,24170783.130000003,0.019999999999996,107.44,107.4
2018-04-27,NTRS,58246,NORTHERN TRUST CORP,,,0.000838,-0.1938160833919932,9.300595238099996e-05,8.803661134306497e-12,0.001114,3.934832948873511,107.52,224991.0,24191032.32,0.0050000000000025,107.51,107.5
2018-04-30,NTRS,58246,NORTHERN TRUST CORP,,,-0.007161,0.0203162310714311,9.367681498833832e-05,-7.426420722196548e-11,-0.008188,4.014773924290305,106.75,224991.0,24017789.25,0.0050000000000025,106.76,106.75
2018-05-01,NTRS,58246,NORTHERN TRUST CORP,,,-0.007869,-0.2153875618850245,9.441979038811363e-05,-1.0483375646947659e-10,0.002549,3.150041557217844,105.91,224991.0,23828796.81,0.0050000000000025,105.89,105.88
2018-05-02,NTRS,58246,NORTHERN TRUST CORP,,,-0.012747,0.6391945604185509,9.56388676357202e-05,-1.0493744303873424e-10,-0.007206,5.163530985683872,104.56,224991.0,23525058.96,0.0049999999999954,104.57,104.56
2018-05-03,NTRS,58246,NORTHERN TRUST CORP,,,-0.005547,-0.3440212507359599,0.0001923446816696,-7.000138759483912e-11,-0.002254,3.387166597775022,103.98,224991.0,23394564.18,0.0100000000000051,103.98,103.96
2018-05-04,NTRS,58246,NORTHERN TRUST CORP,,,0.008271,0.9673722775239412,0.0001907668828692,5.261902022914065e-11,0.012811,6.663817663817664,104.84,224991.0,23588056.44,0.0100000000000051,104.87,104.85
2018-05-07,NTRS,58246,NORTHERN TRUST CORP,,,0.00496,-0.3901256520547269,0.0001898253606682,5.148459448733787e-11,0.003458,4.0640914525469904,105.36,224991.0,23705051.76,0.0100000000000051,105.37,105.35
2018-05-08,NTRS,58246,NORTHERN TRUST CORP,,,0.000854,0.2699861327407304,0.000379326695116,6.9740280478707975e-12,-0.000266,5.1613397869248105,105.45,224991.0,23725300.95,0.019999999999996,105.46,105.42
2018-05-09,NTRS,58246,NORTHERN TRUST CORP,,,0.007397,0.3298336713297252,0.0001882707333144,4.509034053263156e-11,0.009682,6.863723437826402,106.23,224991.0,23900793.93,0.009999999999998,106.25,106.23
2018-05-10,NTRS,58246,NORTHERN TRUST CORP,,,0.015721,-0.2521725391057039,0.0001853568118629,1.2616311177950265e-10,0.009371,5.132880870790388,107.9,224991.0,24276528.9,0.0100000000000051,107.9,107.88
2018-05-11,NTRS,58246,NORTHERN TRUST CORP,,,0.009453,-0.212164848829114,9.181050312160407e-05,9.538944905362624e-11,0.001708,4.043863976781293,108.92,224991.0,24506019.72,0.0050000000000025,108.93,108.92
2018-05-14,NTRS,58246,NORTHERN TRUST CORP,,,-0.002571,-0.3669992185379075,0.0001840942562591,-4.1090969557009615e-11,0.000884,2.559769057428964,108.64,224991.0,24443022.24,0.009999999999998,108.66,108.64
2018-05-15,NTRS,58246,NORTHERN TRUST CORP,,,-0.006719,0.6096522984763642,9.266981744037536e-05,-6.716529761773219e-11,-0.006842,4.120338146859208,107.91,224991.0,24278778.81,0.0049999999999954,107.91,107.9
2018-05-16,NTRS,58246,NORTHERN TRUST CORP,,,0.002595,-0.3303507187939234,0.0002772899528607,3.8637127346323065e-11,0.004061,2.759181478370246,108.19,224991.0,24341776.29,0.0150000000000005,108.22,108.19
2018-05-17,NTRS,58246,NORTHERN TRUST CORP,,,0.004344,0.492916295500418,0.0001840603718019,4.3135937905374105e-11,-0.000856,4.119226991301875,108.66,224991.0,24447522.06,0.009999999999998,108.66,108.64
2018-05-18,NTRS,58246,NORTHERN TRUST CORP,,,-0.007731,-0.2522526702410149,0.0001854943424225,-1.0346670158244259e-10,-0.002632,3.0801409834171145,107.82,224991.0,24258529.62,0.009999999999998,107.85,107.83
2018-05-21,NTRS,58246,NORTHERN TRUST CORP,,,0.005843,0.4251317452713115,0.0004610419548178,5.4552615109848137e-11,0.007387,4.389606695378927,108.45,224991.0,24400273.95,0.0249999999999985,108.53,108.48
2018-05-22,NTRS,58246,NORTHERN TRUST CORP,,,-0.000184,-0.4134800561348369,0.0006455777921238,-2.929508923967204e-12,-0.003136,2.5745918725637917,108.43,224991.0,24395774.130000003,0.0349999999999965,108.49,108.42
2018-05-23,NTRS,58246,NORTHERN TRUST CORP,,,-0.005349,0.0762887131857887,9.272137227622536e-05,-7.955182048083659e-11,0.003248,2.7710041735002733,107.85,224991.0,24265279.35,0.0049999999999954,107.88,107.87
2018-05-24,NTRS,58246,NORTHERN TRUST CORP,,,-0.002967,0.6288898405808956,0.0004649865153911,-2.7170264110870968e-11,-0.002023,4.513660546421857,107.53,224991.0,24193282.23,0.0250000000000056,107.54,107.49
2018-05-25,NTRS,58246,NORTHERN TRUST CORP,,,-0.008556,-0.4473168277151013,0.0001875996623207,-1.4298897414560607e-10,-0.002357,2.494624229413621,106.61,224991.0,23986290.51,0.0100000000000051,106.62,106.6
2018-05-29,NTRS,58246,NORTHERN TRUST CORP,,,-0.040428,1.390688583706892,0.0002932551319648,-2.9451901103934227e-10,-0.011564,5.963869665897747,102.3,224991.0,23016579.3,0.0150000000000005,102.33,102.3
2018-05-30,NTRS,58246,NORTHERN TRUST CORP,,,0.013881,-0.0626881310938823,9.641342074821748e-05,1.0640960716460606e-10,0.012696,5.590005822455121,103.72,224991.0,23336066.52,0.0050000000000025,103.73,103.72
2018-05-31,NTRS,58246,NORTHERN TRUST CORP,,,-0.01157,-0.1100317166003684,9.754194303555516e-05,-1.008260667623916e-10,-0.00688,4.974927886004329,102.52,224991.0,23066077.32,0.0050000000000025,102.54,102.53
2018-06-01,NTRS,58246,NORTHERN TRUST CORP,,,0.031604,0.2189868079913233,9.455370650534338e-05,2.1901288673821377e-10,0.010849,6.064371463747439,105.76,224991.0,23795048.16,0.0050000000000025,105.76,105.75
2018-06-04,NTRS,58246,NORTHERN TRUST CORP,,,-0.004255,-0.4162679040096626,9.495774380392085e-05,-5.0730067120179225e-11,0.00448,3.5399682653972824,105.31,224991.0,23693802.21,0.0049999999999954,105.32,105.31
2018-06-05,NTRS,58246,NORTHERN TRUST CORP,,,-0.002564,-0.0613878143437029,0.0003808073115004,-3.2652211795013176e-11,0.000703,3.322657350738474,105.04,224991.0,23633054.64,0.0200000000000031,105.04,105.0
2018-06-06,NTRS,58246,NORTHERN TRUST CORP,,,0.01628,-0.0938469811441902,0.0002810304449648,2.2513046702952383e-10,0.008567,3.0108359889951157,106.75,224991.0,24017789.25,0.0150000000000005,106.75,106.72
2018-06-07,NTRS,58246,NORTHERN TRUST CORP,,,0.007213,-0.1180273128130484,0.0003734827264239,1.1272469804135236e-10,-0.000714,2.6554751078932046,107.1,224991.0,24096536.1,0.0200000000000031,107.11,107.07
2018-06-08,NTRS,58246,NORTHERN TRUST CORP,,,-0.001681,-0.083344770678441,0.0003741114852226,-2.8707499258630967e-11,0.003126,2.434155143983537,106.92,224991.0,24056037.72,0.0200000000000031,106.92,106.88
2018-06-11,NTRS,58246,NORTHERN TRUST CORP,,,-0.003928,0.394598503094056,0.00018779342723,-4.8290230184455027e-11,0.001069,3.394669120098137,106.5,224991.0,23961541.5,0.009999999999998,106.5,106.48
2018-06-12,NTRS,58246,NORTHERN TRUST CORP,,,0.00216,0.4500569543187085,0.0005621662138104,1.8273409447481103e-11,0.001743,4.922463565209275,106.73,224991.0,24013289.43,0.029999999999994,106.74,106.68
2018-06-13,NTRS,58246,NORTHERN TRUST CORP,,,-0.004123,0.1858664933048008,0.0002822466836014,-2.9535033870882494e-11,-0.004026,5.8373846064953705,106.29,224991.0,23914293.39,0.0150000000000005,106.29,106.26
2018-06-14,NTRS,58246,NORTHERN TRUST CORP,,,0.006209,0.0741472818932218,0.0002805049088359,4.115224975059518e-11,0.002472,6.270210808432338,106.95,224991.0,24062787.45,0.0150000000000005,106.98,106.95
2018-06-15,NTRS,58246,NORTHERN TRUST CORP,,,-0.000561,0.3634217762154783,9.355412105894755e-05,-2.7286527443930944e-12,-0.001017,8.548941957678307,106.89,224991.0,24049287.99,0.0049999999999954,106.91,106.9
2018-06-18,NTRS,58246,NORTHERN TRUST CORP,,,0.002058,-0.6611182597800289,9.33619643357774e-05,2.947743348254672e-11,-0.002126,2.8970803276575507,107.11,224991.0,24098786.01,0.0050000000000025,107.11,107.1
2018-06-19,NTRS,58246,NORTHERN TRUST CORP,,,0.006442,0.3595763841691763,0.0001855287569572,6.743302841468916e-11,-0.004023,3.9388019965243055,107.8,224991.0,24254029.8,0.009999999999998,107.8,107.78
2018-06-20,NTRS,58246,NORTHERN TRUST CORP,,,-0.000278,0.4318090262301186,0.000371160805419,-2.032977264400452e-12,0.001712,5.639612251156713,107.77,224991.0,24247280.07,0.0200000000000031,107.81,107.77
2018-06-21,NTRS,58246,NORTHERN TRUST CORP,,,-0.000371,-0.3698928646298809,0.0002784739626844,-4.307333123871787e-12,-0.006345,3.553559920174585,107.73,224991.0,24238280.43,0.0150000000000005,107.76,107.73
2018-06-22,NTRS,58246,NORTHERN TRUST CORP,,,-0.003991,1.9333661864195848,9.31966449206981e-05,-1.5859406667464483e-11,0.001862,10.423892511256003,107.3,224991.0,24141534.3,0.0049999999999954,107.3,107.29
2018-06-25,NTRS,58246,NORTHERN TRUST CORP,,,-0.022181,-0.5158919055363065,0.0002859321387724,-1.8620246469170284e-10,-0.013725,5.04629074051851,104.92,224991.0,23606055.72,0.0150000000000005,104.95,104.92
2018-06-26,NTRS,58246,NORTHERN TRUST CORP,,,-0.002764,-0.175377189814774,0.0002867246487623,-2.8215584734986297e-11,0.002205,4.161286451458058,104.63,224991.0,23540808.33,0.0150000000000005,104.63,104.6
2018-06-27,NTRS,58246,NORTHERN TRUST CORP,,,-0.011756,0.2112604298842619,9.671179883937046e-05,-1.0025562540786946e-10,-0.008604,5.040401616064643,103.4,224991.0,23264069.4,0.0049999999999954,103.41,103.4
2018-06-28,NTRS,58246,NORTHERN TRUST CORP,,,0.002998,-0.1721227993598137,0.0003856908687686,3.0790361201696444e-11,0.006179,4.172833580009868,103.71,224991.0,23333816.61,0.019999999999996,103.74,103.7
2018-06-29,NTRS,58246,NORTHERN TRUST CORP,,,-0.007907,0.0687724343611866,0.0001943823500827,-7.658736308549771e-11,0.000758,4.493944876882149,102.89,223282.0,22973484.98,0.0100000000000051,102.9,102.88
2018-07-02,NTRS,58246,NORTHERN TRUST CORP,,,0.010983,-0.298747180882923,0.0001922707171697,1.5005416668506876e-10,0.003068,3.1513915138703523,104.02,223282.0,23225793.64,0.009999999999998,104.0,103.98
2018-07-03,NTRS,58246,NORTHERN TRUST CORP,,,-0.013555,-0.2668276370747346,0.0004872819413312,-2.560634978656609e-10,-0.004947,2.3105131627269557,102.61,223282.0,22910966.02,0.0249999999999985,102.66,102.61
2018-07-05,NTRS,58246,NORTHERN TRUST CORP,,,-0.001462,0.4624245972056384,0.000195198126098,-1.8912867389431407e-11,0.008621,3.378951281339293,102.46,223282.0,22877473.72,0.0100000000000051,102.48,102.46
2018-07-06,NTRS,58246,NORTHERN TRUST CORP,,,0.002147,0.0660234684721103,9.738994935727615e-05,2.5998229610413024e-11,0.008481,3.602041364731595,102.68,223282.0,22926595.76,0.0050000000000025,102.68,102.67
2018-07-09,NTRS,58246,NORTHERN TRUST CORP,,,0.029217,0.0360923121684109,0.0003785011355033,3.317736993565043e-10,0.008823,3.7320473661110167,105.68,223282.0,23596441.76,0.019999999999996,105.69,105.65
2018-07-10,NTRS,58246,NORTHERN TRUST CORP,,,-0.00634,0.0012060496892472,0.0002856870774212,-7.23659509743209e-11,0.003473,3.7365484006771705,105.01,223282.0,23446842.82,0.0150000000000005,105.02,104.99
2018-07-11,NTRS,58246,NORTHERN TRUST CORP,,,-0.008571,-0.3135895309143909,0.0001921045048506,-1.4375760344652944e-10,-0.007094,2.564805940469899,104.11,223282.0,23245889.02,0.009999999999998,104.11,104.09
2018-07-12,NTRS,58246,NORTHERN TRUST CORP,,,0.000192,0.077799799188021,9.603380389902158e-05,2.987301366041244e-12,0.008749,2.764347327594701,104.13,223282.0,23250354.66,0.0050000000000025,104.14,104.13
2018-07-13,NTRS,58246,NORTHERN TRUST CORP,,,-0.000864,0.2337689901155,0.0001922337562475,-1.0905189726173503e-11,0.001079,3.410566010694996,104.04,223282.0,23230259.28,0.009999999999998,104.06,104.04
2018-07-16,NTRS,58246,NORTHERN TRUST CORP,,,0.013649,0.0551451180405453,9.482268158548377e-05,1.6107224048422496e-10,-0.001028,3.5986420759398428,105.46,223282.0,23547319.72,0.0050000000000025,105.47,105.46
2018-07-17,NTRS,58246,NORTHERN TRUST CORP,,,0.002655,0.7167546968806937,0.0005674295441649,1.820223043040023e-11,0.003974,6.177985686262216,105.74,223282.0,23609838.68,0.0300000000000011,105.89,105.83
2018-07-18,NTRS,58246,NORTHERN TRUST CORP,,,0.046813,0.6608650075792011,9.034239768715244e-05,1.8459636284695914e-10,0.00216,10.26080024363809,110.69,223282.0,24715084.58,0.0049999999999954,110.69,110.68
2018-07-19,NTRS,58246,NORTHERN TRUST CORP,,,-0.020327,-0.3957190845079029,0.0001844337882699,-1.3539728417664178e-10,-0.003953,6.200405764907158,108.44,223282.0,24212700.08,0.009999999999998,108.46,108.44
2018-07-20,NTRS,58246,NORTHERN TRUST CORP,,,-0.006547,-0.2556949060233062,9.282465422821048e-05,-5.897675385214962e-11,-0.000948,4.614993595542856,107.73,223282.0,24054169.86,0.0050000000000025,107.76,107.75
2018-07-23,NTRS,58246,NORTHERN TRUST CORP,,,0.029425,0.254537602686218,9.017132551853124e-05,2.0524681475985928e-10,0.001838,5.789683001764585,110.9,223282.0,24761973.8,0.0050000000000025,110.9,110.89
2018-07-24,NTRS,58246,NORTHERN TRUST CORP,,,0.006582,-0.0563898781804735,0.0001791633073546,4.8336573758267766e-11,0.004781,5.463203482591521,111.63,223282.0,24924969.66,0.009999999999998,111.63,111.61
2018-07-25,NTRS,58246,NORTHERN TRUST CORP,,,-0.003225,-0.1983850274832251,8.987148377811545e-05,-2.964044506193111e-11,0.009102,4.37938570955115,111.27,223282.0,24844588.14,0.0049999999999954,111.27,111.26
2018-07-26,NTRS,58246,NORTHERN TRUST CORP,,,0.003056,-0.1367220337111054,0.0003583908251949,3.243640204998715e-11,-0.003032,3.780627188935964,111.61,223282.0,24920504.02,0.0200000000000031,111.65,111.61
2018-07-27,NTRS,58246,NORTHERN TRUST CORP,,,-0.005824,-0.1104406109843557,0.0001802451333813,-6.989762243102882e-11,-0.006562,3.363092412285809,110.96,223282.0,24775370.72,0.009999999999998,110.96,110.94
2018-07-30,NTRS,58246,NORTHERN TRUST CORP,,,-0.008562,0.2555978149411786,9.090082719744482e-05,-8.254675261151873e-11,-0.005754,4.222691484311319,110.01,223282.0,24563252.82,0.0049999999999954,110.02,110.01
2018-07-31,NTRS,58246,NORTHERN TRUST CORP,,,-0.007181,0.0276321497246119,0.0002746749679545,-6.78581484812355e-11,0.004885,4.339373527646653,109.22,223282.0,24386860.04,0.0150000000000005,109.24,109.21
2018-08-01,NTRS,58246,NORTHERN TRUST CORP,,,0.000366,-0.0112849157398462,9.152480322171988e-05,3.496777349930827e-12,-0.00104,4.290404063023441,109.26,223282.0,24395791.32,0.0050000000000025,109.26,109.25
2018-08-02,NTRS,58246,NORTHERN TRUST CORP,,,-0.001647,-0.0656534129461257,0.0001833516685001,-1.6868969675189705e-11,0.004926,4.008724393368028,109.08,223282.0,24355600.56,0.009999999999998,109.07,109.05
2018-08-03,NTRS,58246,NORTHERN TRUST CORP,,,0.006692,-0.0784793693496418,0.0002731991621892,7.388377309494782e-11,0.004644,3.69412223107998,109.81,223282.0,24518596.42,0.0150000000000005,109.84,109.81
2018-08-06,NTRS,58246,NORTHERN TRUST CORP,,,0.006557,0.0019337294548822,0.0004523658735184,7.178290694292813e-11,0.003538,3.7012656640481545,110.53,223282.0,24679359.46,0.0249999999999985,110.53,110.48
2018-08-07,NTRS,58246,NORTHERN TRUST CORP,,,0.005247,0.2124824243186927,9.000090000904614e-05,4.712794389245235e-11,0.002824,4.487719565392642,111.11,223282.0,24808863.02,0.0050000000000025,111.11,111.1
2018-08-08,NTRS,58246,NORTHERN TRUST CORP,,,0.00324,-0.3141671831198162,8.971023593796641e-05,4.229502860626936e-11,-0.000262,3.0778253509015503,111.47,223282.0,24889244.54,0.0050000000000025,111.47,111.46
2018-08-09,NTRS,58246,NORTHERN TRUST CORP,,,-0.006639,0.8441481149495869,9.030976248537088e-05,-4.730901258146548e-11,-0.001442,5.6759658190091455,110.73,223282.0,24724015.86,0.0050000000000025,110.73,110.72
2018-08-10,NTRS,58246,NORTHERN TRUST CORP,,,-0.021042,0.0863366686629723,9.22509225091412e-05,-1.4099373321250228e-10,-0.007114,6.166009799267294,108.4,223282.0,24203768.8,0.0049999999999954,108.41,108.4
2018-08-13,NTRS,58246,NORTHERN TRUST CORP,,,-0.01024,-0.3653072178936183,9.320533134486815e-05,-1.0922428935195024e-10,-0.004006,3.913521913992172,107.29,223282.0,23955925.78,0.0049999999999954,107.3,107.29
2018-08-14,NTRS,58246,NORTHERN TRUST CORP,,,0.013328,0.073002532561091,0.0001839587932304,1.3074747475889002e-10,0.006389,4.199218924946928,108.72,223282.0,24275219.04,0.0100000000000051,108.73,108.71
2018-08-15,NTRS,58246,NORTHERN TRUST CORP,,,-0.015269,0.1792515011571975,9.340556697170655e-05,-1.2898959752227e-10,-0.007602,4.951935220931378,107.06,223282.0,23904570.92,0.0049999999999954,107.07,107.06
2018-08-16,NTRS,58246,NORTHERN TRUST CORP,,,0.005604,0.861564578475831,9.288500835969829e-05,2.528930976462914e-11,0.007919,9.218347202192742,107.66,223282.0,24038540.12,0.0050000000000025,107.65,107.64
2018-08-17,NTRS,58246,NORTHERN TRUST CORP,,,0.000371,-0.3855144875044394,0.0001857010213555,2.723577784570327e-12,0.003323,5.664540804901425,107.7,223282.0,24047471.4,0.009999999999998,107.7,107.68
2018-08-20,NTRS,58246,NORTHERN TRUST CORP,,,0.006871,-0.4517160951620427,9.221689413505271e-05,9.137060894316403e-11,0.002428,3.105776551625299,108.44,223282.0,24212700.08,0.0050000000000025,108.45,108.44
2018-08-21,NTRS,58246,NORTHERN TRUST CORP,,,0.004519,0.1538133197974227,9.180207472680532e-05,5.1848401217156574e-11,0.002069,3.583486353579778,108.93,223282.0,24322108.26,0.0049999999999954,108.94,108.93
2018-08-22,NTRS,58246,NORTHERN TRUST CORP,,,-0.005049,-0.2912983922572388,0.0001845358922311,-8.215487467414941e-11,-0.000398,2.5396225401062336,108.38,223282.0,24199303.16,0.0100000000000051,108.4,108.38
2018-08-23,NTRS,58246,NORTHERN TRUST CORP,,,-0.009596,0.3862238383781382,9.316191540902848e-05,-1.1372930857332698e-10,-0.001691,3.5204853055777,107.34,223282.0,23967089.88,0.0050000000000025,107.34,107.33
2018-08-24,NTRS,58246,NORTHERN TRUST CORP,,,0.001956,-0.0952457888128275,0.000371920037192,2.557240494646872e-11,0.006199,3.185173905643984,107.55,223282.0,24013979.1,0.0200000000000031,107.56,107.52
2018-08-27,NTRS,58246,NORTHERN TRUST CORP,,,0.015063,0.6196596699625418,0.0001832005129613,1.1978364784879946e-10,0.00767,5.158897716788635,109.17,223282.0,24375695.94,0.009999999999998,109.19,109.17
2018-08-28,NTRS,58246,NORTHERN TRUST CORP,,,-0.000641,-0.1388258764516372,9.165902841421544e-05,-5.922862850002121e-12,0.000269,4.442709219731102,109.1,223282.0,24360066.2,0.0049999999999954,109.13,109.12
2018-08-29,NTRS,58246,NORTHERN TRUST CORP,,,-0.008708,-0.0116655930530646,0.0001849283402682,-8.212707947506471e-11,0.005701,4.390882381920621,108.15,223282.0,24147948.3,0.0100000000000051,108.15,108.13
2018-08-30,NTRS,58246,NORTHERN TRUST CORP,,,-0.008969,-0.1781865657559885,9.330098899053102e-05,-1.0386076507125944e-10,-0.00443,3.60848612964771,107.18,223282.0,23931364.76,0.0050000000000025,107.17,107.16
2018-08-31,NTRS,58246,NORTHERN TRUST CORP,,,0.002612,0.2921187524047113,0.0002791736460078,2.334775638123416e-11,0.000134,4.662592595910104,107.46,223282.0,23993883.72,0.0150000000000005,107.43,107.4
2018-09-04,NTRS,58246,NORTHERN TRUST CORP,,,0.00791,-0.081841523120857,9.23275782476698e-05,7.640276857090342e-11,-0.001654,4.280998916168791,108.31,223282.0,24183673.42,0.0050000000000025,108.31,108.3
2018-09-05,NTRS,58246,NORTHERN TRUST CORP,,,-0.012187,0.3844937073032943,0.0001869333582577,-8.607237883020571e-11,-0.002803,5.927016060407914,106.99,223282.0,23888941.18,0.009999999999998,106.99,106.97
2018-09-06,NTRS,58246,NORTHERN TRUST CORP,,,-0.008038,-0.3724803460188787,9.422406482607091e-05,-9.119954832973251e-11,-0.003652,3.719319067367723,106.13,223282.0,23696918.66,0.0049999999999954,106.13,106.12
2018-09-07,NTRS,58246,NORTHERN TRUST CORP,,,-0.001319,-0.1411813013798426,0.0001886970468913,-1.744862711574638e-11,-0.002213,3.1942207611898854,105.99,223282.0,23665659.18,0.0100000000000051,106.01,105.99
2018-09-10,NTRS,58246,NORTHERN TRUST CORP,,,0.004057,0.9568010633584404,9.39672993798639e-05,2.731595796430193e-11,0.001898,6.250454582097975,106.42,223282.0,23761670.44,0.0050000000000025,106.42,106.41
2018-09-11,NTRS,58246,NORTHERN TRUST CORP,,,-0.00047,-0.2151440154655943,9.40114693993148e-05,-4.033884017402137e-12,0.00374,4.9057066848200925,106.37,223282.0,23750506.34,0.0050000000000025,106.37,106.36
2018-09-12,NTRS,58246,NORTHERN TRUST CORP,,,-0.009683,0.6129413633558405,9.493070058861893e-05,-5.2028672717292346e-11,0.000357,7.912617228437581,105.34,223282.0,23520525.88,0.0050000000000025,105.33,105.32
2018-09-13,NTRS,58246,NORTHERN TRUST CORP,,,-0.016328,0.6268176788387685,0.0002910643252157,-5.5117303373223886e-11,0.005282,12.872385593106475,103.07,223282.0,23013675.74,0.0149999999999934,103.07,103.04
2018-09-14,NTRS,58246,NORTHERN TRUST CORP,,,0.010478,-0.4206877667724826,9.601536245790594e-05,6.042180098861431e-11,0.000275,7.457130444908232,104.15,223282.0,23254820.3,0.0049999999999954,104.16,104.15
2018-09-17,NTRS,58246,NORTHERN TRUST CORP,,,-0.010946,-0.2455618263312118,0.0001941559071934,-8.459154320187808e-11,-0.00557,5.625943873666484,103.01,223282.0,23000278.82,0.009999999999998,103.03,103.01
2018-09-18,NTRS,58246,NORTHERN TRUST CORP,,,0.008155,0.099114611693303,9.629272989880506e-05,5.6875519207278e-11,0.005369,6.183557116113256,103.85,223282.0,23187835.7,0.0049999999999954,103.85,103.84
2018-09-19,NTRS,58246,NORTHERN TRUST CORP,,,0.012903,0.4354414537216162,0.0001901321418385,6.189259158706223e-11,0.001253,8.876134215924257,105.19,223282.0,23487033.58,0.009999999999998,105.2,105.18
2018-09-20,NTRS,58246,NORTHERN TRUST CORP,,,0.01445,-0.2688708353326965,9.371192952867694e-05,9.345252601178936e-11,0.007841,6.489600594763573,106.71,223282.0,23826422.22,0.0050000000000025,106.72,106.71
2018-09-21,NTRS,58246,NORTHERN TRUST CORP,,,-0.003374,2.1354413458558974,0.0001880582980724,-6.982922478586393e-12,-0.000369,20.34776202291273,106.35,223282.0,23746040.7,0.0100000000000051,106.37,106.35
2018-09-24,NTRS,58246,NORTHERN TRUST CORP,,,-0.009497,-0.7821472505931276,0.0001898614011771,-9.108769565086489e-11,-0.003516,4.432815900968282,105.34,223282.0,23520525.88,0.009999999999998,105.35,105.33
2018-09-25,NTRS,58246,NORTHERN TRUST CORP,,,-0.005601,-0.0007567429943178,9.546539379479824e-05,-5.406384211470067e-11,-0.001305,4.4294613985901234,104.75,223282.0,23388789.5,0.0050000000000025,104.75,104.74
2018-09-26,NTRS,58246,NORTHERN TRUST CORP,,,-0.015656,0.0880438090673687,0.0003879352148191,-1.4110064815797624e-10,-0.003289,4.819448052238873,103.11,223282.0,23022607.02,0.0200000000000031,103.15,103.11
2018-09-27,NTRS,58246,NORTHERN TRUST CORP,,,-0.001746,-0.3035045200428214,9.715340522676485e-05,-2.2632521791455278e-11,0.002763,3.356723784272803,102.93,223282.0,22982416.26,0.0049999999999954,102.94,102.93
2018-09-28,NTRS,58246,NORTHERN TRUST CORP,,,-0.007772,0.7576197871636405,9.791442279452773e-05,-5.776771740079208e-11,-7e-06,5.950129858397887,102.13,221395.0,22611071.35,0.0050000000000025,102.14,102.13
2018-10-01,NTRS,58246,NORTHERN TRUST CORP,,,0.014981,-0.0645715686817796,9.64692263167172e-05,1.1728022250470512e-10,0.003641,5.56592063958084,103.66,221395.0,22949805.7,0.0049999999999954,103.66,103.65
2018-10-02,NTRS,58246,NORTHERN TRUST CORP,,,0.001061,-0.0018973160849069,9.636696540417178e-05,8.313109967641974e-12,-0.000397,5.555360328824047,103.77,221395.0,22974159.15,0.0049999999999954,103.77,103.76
2018-10-03,NTRS,58246,NORTHERN TRUST CORP,,,0.009829,-0.2502624135214308,0.0002862868594331,1.0171855200126558e-10,0.000711,4.165062444951332,104.79,221395.0,23199982.05,0.0150000000000005,104.8,104.77
2018-10-04,NTRS,58246,NORTHERN TRUST CORP,,,0.01336,0.668117303095896,0.0001883416517562,8.179126490006832e-11,-0.00817,6.947812732898214,106.19,221395.0,23509935.05,0.009999999999998,106.2,106.18
2018-10-05,NTRS,58246,NORTHERN TRUST CORP,,,-0.004144,-0.1714270668978442,0.0001891252955083,-3.0746289763451665e-11,-0.005528,5.756769574741977,105.75,221395.0,23412521.25,0.0100000000000051,105.76,105.74
2018-10-08,NTRS,58246,NORTHERN TRUST CORP,,,0.009173,-0.3488733013212817,0.0002811094452773,1.0357463669300943e-10,-0.000395,3.748386368255833,106.72,221395.0,23627274.4,0.0150000000000005,106.72,106.69
2018-10-09,NTRS,58246,NORTHERN TRUST CORP,,,-0.011151,-0.0282295866601436,9.475978394774108e-05,-1.3102737697588558e-10,-0.001418,3.6425709704374536,105.53,221395.0,23363814.35,0.0050000000000025,105.54,105.53
2018-10-10,NTRS,58246,NORTHERN TRUST CORP,,,-0.034208,0.897838295635051,9.811616954479116e-05,-2.1929727343679143e-10,-0.032864,6.913010682264731,101.92,221395.0,22564578.4,0.0050000000000025,101.93,101.92
2018-10-11,NTRS,58246,NORTHERN TRUST CORP,,,-0.02708,0.2586360327891559,0.0001008471157725,-1.417675861146209e-10,-0.020573,8.700964339754737,99.16,221395.0,21953528.2,0.0050000000000025,99.17,99.16
2018-10-12,NTRS,58246,NORTHERN TRUST CORP,,,-0.001109,-0.1230856282607002,0.0002019182231195,-6.628033292990146e-12,0.014206,7.630000677522076,99.05,221395.0,21929174.75,0.009999999999998,99.05,99.03
2018-10-15,NTRS,58246,NORTHERN TRUST CORP,,,-0.008884,-0.1786509231348461,0.0003055923398186,-6.522432607496076e-11,-0.005905,6.266894012963256,98.17,221395.0,21734347.15,0.0150000000000005,98.2,98.17
2018-10-16,NTRS,58246,NORTHERN TRUST CORP,,,0.012326,0.352630239884566,0.0006037432078889,6.608819949815539e-11,0.021496,8.476790352085638,99.38,221395.0,22002235.1,0.0300000000000011,99.38,99.32
2018-10-17,NTRS,58246,NORTHERN TRUST CORP,,,-0.052023,2.2136835615774126,0.00010614584439,-9.155794300835882e-11,-0.000253,27.241721809435624,94.21,221395.0,20857622.95,0.0049999999999954,94.24,94.23
2018-10-18,NTRS,58246,NORTHERN TRUST CORP,,,-0.011676,-0.6351870388237395,0.0001073998496402,-5.699347504123834e-11,-0.014392,9.938133200840127,93.11,221395.0,20614088.45,0.0050000000000025,93.11,93.1
2018-10-19,NTRS,58246,NORTHERN TRUST CORP,,,0.000322,-0.2722318751525393,0.000107365256603,2.1590066800656337e-12,-0.000361,7.232656564059712,93.14,221395.0,20620730.3,0.0050000000000025,93.14,93.13
2018-10-22,NTRS,58246,NORTHERN TRUST CORP,,,-0.012991,0.1574277731356408,0.0001087784183618,-7.624752856505972e-11,-0.004299,8.371277580794507,91.93,221395.0,20352842.35,0.0050000000000025,91.93,91.92
2018-10-23,NTRS,58246,NORTHERN TRUST CORP,,,-0.009246,0.1277604608713152,0.0002195871761088,-4.856847324714387e-11,-0.005512,9.440795862598524,91.08,221395.0,20164656.6,0.009999999999998,91.08,91.06
2018-10-24,NTRS,58246,NORTHERN TRUST CORP,,,-0.029315,-0.3127438526992147,0.0001131093767673,-2.3083064188367947e-10,-0.030864,6.488244991982655,88.41,221395.0,19573531.95,0.0050000000000025,88.42,88.41
2018-10-25,NTRS,58246,NORTHERN TRUST CORP,,,0.01346,-0.2173467505299468,0.0003348214285714,1.336203511712783e-10,0.018625,5.078046026333024,89.6,221395.0,19836992.0,0.0150000000000005,89.63,89.6
2018-10-26,NTRS,58246,NORTHERN TRUST CORP,,,-0.012388,0.2355215102636949,0.0001130071194484,-1.0078415277661772e-10,-0.017327,6.274035095643533,88.49,221395.0,19591243.55,0.0049999999999954,88.49,88.48
2018-10-29,NTRS,58246,NORTHERN TRUST CORP,,,0.016273,-0.2096188734665668,0.0003335927943956,1.6482068607332636e-10,-0.00656,4.958878926805032,89.93,221395.0,19910052.35,0.0150000000000005,89.94,89.91
2018-10-30,NTRS,58246,NORTHERN TRUST CORP,,,0.027466,0.4011445789168308,0.0004329004329003,1.9323650778604247e-10,0.015667,6.948106325797783,92.4,221395.0,20456898.0,0.019999999999996,92.41,92.37
2018-10-31,NTRS,58246,NORTHERN TRUST CORP,,,0.018074,-0.0824929986556378,0.000106303816307,1.3613176729516425e-10,0.010851,6.374936200004517,94.07,221395.0,20826627.65,0.0050000000000025,94.09,94.08
2018-11-01,NTRS,58246,NORTHERN TRUST CORP,,,0.001913,-0.3122024629812403,0.000106100795756,2.090881132093325e-11,0.010558,4.384665417014838,94.25,221395.0,20866478.75,0.0050000000000025,94.25,94.24
2018-11-02,NTRS,58246,NORTHERN TRUST CORP,,,-0.00679,0.3998947198177067,0.0001068261937827,-5.3376228774575326e-11,-0.006317,6.138069965446374,93.61,221395.0,20724785.95,0.0050000000000025,93.61,93.6
2018-11-05,NTRS,58246,NORTHERN TRUST CORP,,,0.020083,-0.3450356086885494,0.000418892030579,2.362943637849874e-10,0.0056,4.020217258745681,95.49,221395.0,21141008.55,0.019999999999996,95.52,95.48
2018-11-06,NTRS,58246,NORTHERN TRUST CORP,,,0.003351,-0.2026973583684622,0.0001043732387015,4.9285940963222575e-11,0.006259,3.2053298403306307,95.81,221395.0,21211854.95,0.0049999999999954,95.82,95.81
2018-11-07,NTRS,58246,NORTHERN TRUST CORP,,,0.026824,0.0520613152510271,0.0004065867046148,3.6520367178549034e-10,0.021209,3.3722035276316085,98.38,221395.0,21780840.1,0.0200000000000031,98.42,98.38
2018-11-08,NTRS,58246,NORTHERN TRUST CORP,,,0.007319,-0.1753253798274552,0.0001009081735619,1.1995376304435918e-10,-0.002509,2.7809706632941125,99.1,221395.0,21940244.5,0.0049999999999954,99.1,99.09
2018-11-09,NTRS,58246,NORTHERN TRUST CORP,,,-0.011705,0.1239253978849848,0.0002042066571369,-1.7270687144153554e-10,-0.009199,3.125603559249305,97.94,221395.0,21683426.3,0.009999999999998,97.94,97.92
2018-11-12,NTRS,58246,NORTHERN TRUST CORP,,,-0.01603,0.2092795736373056,0.0002075334647711,-1.987756786929843e-10,-0.019701,3.779728539488245,96.37,221395.0,21335836.15,0.009999999999998,96.39,96.37
2018-11-13,NTRS,58246,NORTHERN TRUST CORP,,,0.007886,-0.0387195227607601,0.0002059096056832,1.0093106209361415e-10,-0.001482,3.6333792542740353,97.13,221395.0,21504096.35,0.0100000000000051,97.15,97.13
2018-11-14,NTRS,58246,NORTHERN TRUST CORP,,,-0.012458,0.6712082863010498,0.0005212677231025,-9.661176926093116e-11,-0.007567,6.072133517017096,95.92,221395.0,21236208.4,0.0249999999999985,95.97,95.92
2018-11-15,NTRS,58246,NORTHERN TRUST CORP,,,0.016055,-0.1726192778612553,0.0004104247896572,1.4810488532007372e-10,0.010594,5.02396621423248,97.46,221395.0,21577156.7,0.019999999999996,97.46,97.42
2018-11-16,NTRS,58246,NORTHERN TRUST CORP,,,0.000923,-0.2567903254663165,0.0004100461301895,1.144586328823539e-11,0.002223,3.733860294947944,97.55,221395.0,21597082.25,0.019999999999996,97.58,97.54
2018-11-19,NTRS,58246,NORTHERN TRUST CORP,,,0.000513,0.0478819536011265,0.0005122950819673,6.067772835453923e-12,-0.016643,3.9126448203437296,97.6,221395.0,21608152.0,0.0250000000000056,97.62,97.57
2018-11-20,NTRS,58246,NORTHERN TRUST CORP,,,-0.020799,0.1913984577022534,0.0003139060374594,-2.108752455296073e-10,-0.018151,4.66151900449423,95.57,221395.0,21158720.15,0.0150000000000005,95.6,95.57
2018-11-21,NTRS,58246,NORTHERN TRUST CORP,,,0.004499,-0.3342961541107537,0.0004166666666667,6.821320047178851e-11,0.003043,3.103191128977619,96.0,221395.0,21253920.0,0.0200000000000031,96.03,95.99
2018-11-23,NTRS,58246,NORTHERN TRUST CORP,,,0.003021,-0.422804793379047,0.0003115588326929,7.911712352805999e-11,-0.006555,1.7911470448745457,96.29,221395.0,21318124.55,0.0150000000000005,96.31,96.28
2018-11-26,NTRS,58246,NORTHERN TRUST CORP,,,0.022328,0.7409160486293063,0.0002031694433156,3.2854990065744603e-10,0.015532,3.1182366358770524,98.44,221395.0,21794123.8,0.009999999999998,98.45,98.43
2018-11-27,NTRS,58246,NORTHERN TRUST CORP,,,-0.010057,0.3849661481947153,0.0001026167265263,-1.0793705640628075e-10,0.003262,4.318652182750288,97.45,221395.0,21574942.75,0.0049999999999954,97.46,97.45
2018-11-28,NTRS,58246,NORTHERN TRUST CORP,,,0.016727,0.0893457779711504,0.0001009285425918,1.6208777767967775e-10,0.022974,4.704505521804919,99.08,221395.0,21935816.6,0.0050000000000025,99.06,99.05
2018-11-29,NTRS,58246,NORTHERN TRUST CORP,,,-0.020993,-0.0354239914589161,0.0003092783505154,-2.1541925751088543e-10,-0.002198,4.537853158382077,97.0,221395.0,21475315.0,0.0150000000000005,97.03,97.0
2018-11-30,NTRS,58246,NORTHERN TRUST CORP,,,0.02299,0.3978498155591257,0.0001007759750076,1.6497465149087467e-10,0.008186,6.343237200478782,99.23,221395.0,21969025.85,0.0050000000000025,99.22,99.21
2018-12-03,NTRS,58246,NORTHERN TRUST CORP,,,-0.00262,-0.0423359805634021,0.0002020814388198,-1.968365706257509e-11,0.010941,6.074690033650263,98.97,221395.0,21911463.15,0.009999999999998,98.99,98.97
2018-12-04,NTRS,58246,NORTHERN TRUST CORP,,,-0.046479,-0.010394778519837,0.0002119317579738,-3.700572450636025e-10,-0.032365,6.011544976173807,94.37,221395.0,20893046.15,0.009999999999998,94.41,94.39
2018-12-06,NTRS,58246,NORTHERN TRUST CORP,,,-0.036346,1.0264763029650037,0.0001099626127115,-1.4818567869884394e-10,-0.001522,12.182253438424535,90.94,221395.0,20133661.3,0.0049999999999954,90.94,90.93
2018-12-07,NTRS,58246,NORTHERN TRUST CORP,,,-0.022103,-0.4790044084550385,0.0003373439784099,-1.7687784733342032e-10,-0.02332,6.346900336502631,88.93,221395.0,19688657.35,0.0150000000000005,88.94,88.91
2018-12-10,NTRS,58246,NORTHERN TRUST CORP,,,-0.008209,0.2956712772528915,0.0001133786848073,-5.1120765905127156e-11,0.001762,8.22349646559317,88.2,221395.0,19527039.0,0.0050000000000025,88.2,88.19
2018-12-11,NTRS,58246,NORTHERN TRUST CORP,,,-0.011338,-0.4145732189926515,0.0001146788990824,-1.2198967190549578e-10,-0.000356,4.814255064477518,87.2,221395.0,19305644.0,0.0049999999999954,87.21,87.2
2018-12-12,NTRS,58246,NORTHERN TRUST CORP,,,0.005734,0.7738738586595513,0.0003420752565564,3.4581072401983e-11,0.005419,8.539881207796022,87.7,221395.0,19416341.5,0.0150000000000005,87.7,87.67
2018-12-13,NTRS,58246,NORTHERN TRUST CORP,,,-0.002851,0.1101499084724229,0.0001150747986189,-1.5630618932695788e-11,-0.0002,9.480548341200118,86.9,221395.0,19239225.5,0.0049999999999954,86.91,86.9
2018-12-14,NTRS,58246,NORTHERN TRUST CORP,,,-0.006099,-0.3006151658975504,0.0003473428273706,-4.8103672895749285e-11,-0.019087,6.630551728810497,86.37,221395.0,19121886.15,0.0150000000000005,86.4,86.37
2018-12-17,NTRS,58246,NORTHERN TRUST CORP,,,-0.008684,-0.0050266660581169,0.0002335902826441,-6.944095320536459e-11,-0.020773,6.597222159488696,85.62,221395.0,18955839.9,0.009999999999998,85.67,85.65
2018-12-18,NTRS,58246,NORTHERN TRUST CORP,,,-0.023593,0.173234551469541,0.0001196172248804,-1.6468844476933123e-10,8.6e-05,7.740088981232638,83.6,221395.0,18508622.0,0.0050000000000025,83.58,83.57
2018-12-19,NTRS,58246,NORTHERN TRUST CORP,,,-0.019139,0.2800217318105504,0.0002439024390243,-1.0640800113445528e-10,-0.015396,9.907482102125162,82.0,221395.0,18154390.0,0.009999999999998,81.96,81.94
2018-12-20,NTRS,58246,NORTHERN TRUST CORP,,,-0.018049,0.0705704713132224,0.0003725782414307,-9.54559520084964e-11,-0.015772,10.606657783599449,80.52,221395.0,17826725.4,0.0150000000000005,80.56,80.53
2018-12-21,NTRS,58246,NORTHERN TRUST CORP,,,-0.014034,1.0385519326855066,0.0001259604484192,-3.692729749154598e-11,-0.020588,21.622222724090427,79.39,221395.0,17576549.05,0.0050000000000025,79.39,79.38
2018-12-24,NTRS,58246,NORTHERN TRUST CORP,,,-0.02683,-0.5994219406849978,0.0006471654154801,-1.8109675381086738e-10,-0.027112,8.661388016892884,77.26,221395.0,17104977.700000003,0.0249999999999985,77.32,77.27
2018-12-26,NTRS,58246,NORTHERN TRUST CORP,,,0.050867,0.1961568386952776,0.0006158393890872,2.7314304876154027e-10,0.049594,10.360378508999752,81.19,221395.0,17975060.05,0.0249999999999985,81.24,81.19
2018-12-27,NTRS,58246,NORTHERN TRUST CORP,,,0.019214,-0.3714315858494613,0.0002416918429002,1.610474302241829e-10,0.008563,6.512206689401296,82.75,221395.0,18320436.25,0.009999999999998,82.75,82.73
2018-12-28,NTRS,58246,NORTHERN TRUST CORP,,,0.000242,0.0227075053579974,0.0002416334420685,1.9828733829548856e-12,-0.001242,6.660082657693264,82.77,221395.0,18324864.15,0.0100000000000051,82.79,82.77
2018-12-31,NTRS,58246,NORTHERN TRUST CORP,,,0.009907,-0.3824425622359714,0.0004785261394902,1.3015565839251882e-10,0.008492,4.157735649188172,83.59,219012.0,18307213.08,0.019999999999996,83.63,83.59
2019-01-02,NTRS,58246,NORTHERN TRUST CORP,,,0.005503,-0.0315541284040966,0.0001189767995241,7.424405068157938e-11,0.001269,4.026541924643398,84.05,219012.0,18407958.6,0.0050000000000025,84.06,84.05
2019-01-03,NTRS,58246,NORTHERN TRUST CORP,,,-0.025699,0.3031724954386234,0.0003663450970814,-2.730758609237478e-10,-0.024757,5.247278687925776,81.89,219012.0,17934892.68,0.0150000000000005,81.89,81.86
2019-01-04,NTRS,58246,NORTHERN TRUST CORP,,,0.034925,0.0381329200664453,0.000117994100295,3.4541540541828935e-10,0.034336,5.447372746698811,84.75,219012.0,18561267.0,0.0050000000000025,84.76,84.75
2019-01-07,NTRS,58246,NORTHERN TRUST CORP,,,0.002596,-0.1966463823509689,0.00023537719195,3.1876990373999e-11,0.00701,4.376166602743229,84.97,219012.0,18609449.64,0.009999999999998,84.97,84.95
2019-01-08,NTRS,58246,NORTHERN TRUST CORP,,,-0.007532,0.1282217953680644,0.000118581762125,-8.259846321183624e-11,0.009695,4.937286541376729,84.33,219012.0,18469281.96,0.0050000000000025,84.33,84.32
2019-01-09,NTRS,58246,NORTHERN TRUST CORP,,,0.009012,-0.1340124384435761,0.000117522623105,1.1310316584563969e-10,0.004098,4.275628732672183,85.09,219012.0,18635731.08,0.0050000000000025,85.09,85.08
2019-01-10,NTRS,58246,NORTHERN TRUST CORP,,,-0.00235,-0.0329159965570783,0.0003533985157262,-3.056885915594162e-11,0.004518,4.1348921520282,84.89,219012.0,18591928.68,0.0150000000000005,84.87,84.84
2019-01-11,NTRS,58246,NORTHERN TRUST CORP,,,0.008953,0.259079429897161,0.0001167542323409,9.167607067010207e-11,-0.000146,5.206157653461911,85.65,219012.0,18758377.8,0.0050000000000025,85.65,85.64
2019-01-14,NTRS,58246,NORTHERN TRUST CORP,,,0.004787,0.1814637817035618,0.0001161980013942,4.129109941926972e-11,-0.005258,6.150886709404051,86.06,219012.0,18848172.72,0.0049999999999954,86.05,86.04
2019-01-15,NTRS,58246,NORTHERN TRUST CORP,,,0.010342,0.0354475257549822,0.0003450258769407,8.527097195010882e-11,0.010722,6.368920424451629,86.95,219012.0,19043093.4,0.0150000000000005,86.98,86.95
2019-01-16,NTRS,58246,NORTHERN TRUST CORP,,,0.016906,-0.1458888641952296,0.0002261931689662,1.604878784724285e-10,0.002222,5.43976585757858,88.42,219012.0,19365041.04,0.009999999999998,88.44,88.42
2019-01-17,NTRS,58246,NORTHERN TRUST CORP,,,0.008595,0.1552199393305544,0.0002242655303879,7.002701570242667e-11,0.007591,6.284125983964349,89.18,219012.0,19531490.16,0.009999999999998,89.2,89.18
2019-01-18,NTRS,58246,NORTHERN TRUST CORP,,,0.022202,0.6025376753161922,0.0002193944712592,1.1042482991704908e-10,0.013183,10.070548645736306,91.16,219012.0,19965133.92,0.009999999999998,91.2,91.18
2019-01-22,NTRS,58246,NORTHERN TRUST CORP,,,-0.006911,-0.180638936583769,0.0005523031039434,-4.224273294550333e-11,-0.014157,8.251415447555384,90.53,219012.0,19827156.36,0.0249999999999985,90.61,90.56
2019-01-23,NTRS,58246,NORTHERN TRUST CORP,,,-0.006628,0.4182310466317573,0.0003335927943954,-2.8756402454267023e-11,0.002203,11.702413566379924,89.93,219012.0,19695749.16,0.0149999999999934,89.96,89.93
2019-01-24,NTRS,58246,NORTHERN TRUST CORP,,,-0.006227,-0.2201474149706843,0.000111894371713,-3.4860309488161595e-11,0.001376,9.126157470823516,89.37,219012.0,19573102.44,0.0049999999999954,89.38,89.37
2019-01-25,NTRS,58246,NORTHERN TRUST CORP,,,0.019693,-0.0943605415016876,0.0001097333479645,1.1938212495988384e-10,0.008489,8.265008310046937,91.13,219012.0,19958563.56,0.0050000000000025,91.12,91.11
2019-01-28,NTRS,58246,NORTHERN TRUST CORP,,,-0.003073,-0.578998484091803,0.0002201430930104,-4.4385668299574433e-11,-0.007847,3.479581027523606,90.85,219012.0,19897240.2,0.009999999999998,90.85,90.83
2019-01-29,NTRS,58246,NORTHERN TRUST CORP,,,-0.013319,0.199674570577506,0.000111557340473,-1.625217359368837e-10,-0.001456,4.174364874984019,89.64,219012.0,19632235.68,0.0050000000000025,89.65,89.64
2019-01-30,NTRS,58246,NORTHERN TRUST CORP,,,-0.002343,1.077133256620829,0.000111819300011,-1.3796419145240325e-11,0.015549,8.670712107099154,89.43,219012.0,19586243.16,0.0049999999999954,89.44,89.43
2019-01-31,NTRS,58246,NORTHERN TRUST CORP,,,-0.010846,-0.2118778929852184,0.0001130454442686,-8.192311881694627e-11,0.008597,6.8335798951655615,88.46,219012.0,19373801.52,0.0050000000000025,88.45,88.44
2019-02-01,NTRS,58246,NORTHERN TRUST CORP,,,0.000791,-0.1401436287781398,0.0002259121201852,6.942948089914738e-12,0.000899,5.87589721111172,88.53,219012.0,19389132.36,0.009999999999998,88.55,88.53
2019-02-04,NTRS,58246,NORTHERN TRUST CORP,,,0.006777,-0.311301181451124,0.0001121956692472,8.579108098763836e-11,0.006776,4.0467234672072765,89.13,219012.0,19520539.56,0.0050000000000025,89.14,89.13
2019-02-05,NTRS,58246,NORTHERN TRUST CORP,,,0.007629,0.8067226985572296,0.0002226923505177,5.3049339212646655e-11,0.004708,7.311307142987599,89.81,219012.0,19669467.72,0.009999999999998,89.81,89.79
2019-02-06,NTRS,58246,NORTHERN TRUST CORP,,,0.006347,-0.2370421117317319,0.0001106439477759,5.7482103707763175e-11,-0.002224,5.578219458294523,90.38,219012.0,19794304.56,0.0049999999999954,90.38,90.37
2019-02-07,NTRS,58246,NORTHERN TRUST CORP,,,-0.006085,-0.0710560801900962,0.000222642769676,-5.968788345100104e-11,-0.009357,5.181853049147992,89.83,219012.0,19673847.96,0.009999999999998,89.83,89.81
2019-02-08,NTRS,58246,NORTHERN TRUST CORP,,,-0.002115,0.0666118594962674,0.000111557340473,-1.9491672767560243e-11,0.000676,5.527025916388143,89.64,219012.0,19632235.68,0.0050000000000025,89.65,89.64
2019-02-11,NTRS,58246,NORTHERN TRUST CORP,,,-0.000112,-0.3159741756403424,0.0001115697869017,-1.5091510698622089e-12,0.000709,3.780628458714591,89.63,219012.0,19630045.56,0.0050000000000025,89.64,89.63
2019-02-12,NTRS,58246,NORTHERN TRUST CORP,,,0.027,0.7338777758051602,0.0001086366105378,2.0430997986420722e-10,0.01289,6.555147663141746,92.05,219012.0,20160054.6,0.0050000000000025,92.06,92.05
2019-02-13,NTRS,58246,NORTHERN TRUST CORP,,,-0.000978,-0.1012164473940833,0.0002174858634189,-8.242033691157648e-12,0.003024,5.891658904534912,91.96,219012.0,20140343.52,0.0100000000000051,91.98,91.96
2019-02-14,NTRS,58246,NORTHERN TRUST CORP,,,-0.007395,-0.3280125299920021,0.0001095530236635,-9.343204723718114e-11,-0.002652,3.959120961408507,91.28,219012.0,19991415.36,0.0050000000000025,91.28,91.27
2019-02-15,NTRS,58246,NORTHERN TRUST CORP,,,0.019829,0.0224485206349938,0.0001074229240518,2.4026452366754226e-10,0.010879,4.047997370007123,93.09,219012.0,20387827.08,0.0049999999999954,93.1,93.09
2019-02-19,NTRS,58246,NORTHERN TRUST CORP,,,-0.000967,-0.0253158274679661,0.0002150537634408,-1.2032932456250769e-11,0.001499,3.945518966997242,93.0,219012.0,20368116.0,0.009999999999998,93.0,92.98
2019-02-20,NTRS,58246,NORTHERN TRUST CORP,,,0.005054,-0.0233903781436751,0.000320958596341,6.407224620761675e-11,0.001777,3.853231786386134,93.47,219012.0,20471051.64,0.0150000000000005,93.51,93.48
2019-02-21,NTRS,58246,NORTHERN TRUST CORP,,,-0.008345,0.2834694467617169,0.0001078865033983,-8.312178842329883e-11,-0.003526,4.945505269117674,92.69,219012.0,20300222.28,0.0049999999999954,92.69,92.68
2019-02-22,NTRS,58246,NORTHERN TRUST CORP,,,-0.000539,-0.3584914021927293,0.0001079447322971,-8.373541120342045e-12,0.006411,3.1725841506401475,92.64,219012.0,20289271.68,0.0050000000000025,92.64,92.63
2019-02-25,NTRS,58246,NORTHERN TRUST CORP,,,0.000432,0.6852615157001529,0.0001078981441519,3.980607499005504e-12,0.001232,5.359211525963625,92.68,218498.0,20250394.64,0.0050000000000025,92.68,92.67
2019-02-26,NTRS,58246,NORTHERN TRUST CORP,,,0.002805,-0.2866495242861303,0.0001075962986872,3.61309081244542e-11,-0.00079,3.822996091497405,92.94,218498.0,20307204.12,0.0049999999999954,92.96,92.95
2019-02-27,NTRS,58246,NORTHERN TRUST CORP,,,0.003443,-0.0541123908647854,0.0002144542140254,4.672515547648238e-11,-0.000544,3.6161246327197514,93.26,218498.0,20377123.48,0.0100000000000051,93.26,93.24
2019-02-28,NTRS,58246,NORTHERN TRUST CORP,,,-0.000643,0.7609857286778143,0.000214592274678,-4.958477738265659e-12,-0.002826,6.367943871339784,93.2,218498.0,20364013.6,0.009999999999998,93.21,93.19
2019-03-01,NTRS,58246,NORTHERN TRUST CORP,,,-0.000751,-0.1966590076204755,0.0003221303554171,-7.214458055605099e-12,0.006895,5.115630349019213,93.13,218498.0,20348718.74,0.0150000000000005,93.13,93.1
2019-03-04,NTRS,58246,NORTHERN TRUST CORP,,,-0.004188,0.3742000706773845,0.0003234850118611,-2.939970642017576e-11,-0.003881,7.029899587181576,92.74,218498.0,20263504.52,0.0150000000000005,92.75,92.72
2019-03-05,NTRS,58246,NORTHERN TRUST CORP,,,0.001833,-0.1739841759769899,0.0003228931223765,1.554945063368455e-11,-0.001131,5.806808300304808,92.91,218498.0,20300649.18,0.0150000000000005,92.91,92.88
2019-03-06,NTRS,58246,NORTHERN TRUST CORP,,,-0.009794,-0.0179314551977654,0.0001086956521739,-8.543690675478457e-11,-0.006524,5.7026837774258805,92.0,218498.0,20101816.0,0.0050000000000025,92.0,91.99
2019-03-07,NTRS,58246,NORTHERN TRUST CORP,,,-0.015435,0.4871338857567062,0.0001111358079573,-9.257288944673108e-11,-0.008126,8.480654285165082,89.98,218498.0,19660450.04,0.0050000000000025,90.01,90.0
2019-03-08,NTRS,58246,NORTHERN TRUST CORP,,,-0.005001,-0.441192850967563,0.0002233888082206,-5.394478802980674e-11,-0.002132,4.739050243022819,89.53,218498.0,19562125.94,0.009999999999998,89.55,89.53
2019-03-11,NTRS,58246,NORTHERN TRUST CORP,,,0.002904,0.0889603108917373,0.0001113709767235,2.868255334212597e-11,0.014666,5.160637625973693,89.79,218498.0,19618935.42,0.0050000000000025,89.79,89.78
2019-03-12,NTRS,58246,NORTHERN TRUST CORP,,,0.003898,-0.0591678350888488,0.0003328156201464,4.076254525619235e-11,0.002953,4.855293869966773,90.14,218498.0,19695409.72,0.0150000000000005,90.16,90.13
2019-03-13,NTRS,58246,NORTHERN TRUST CORP,,,0.020302,0.4885612967445649,0.0002174622159399,1.3978575836888935e-10,0.00695,7.227402539153676,91.97,218498.0,20095261.06,0.009999999999998,92.0,91.98
2019-03-14,NTRS,58246,NORTHERN TRUST CORP,,,0.0274,0.2916482234688662,0.0001058313049,1.4216436608755792e-10,-0.000868,9.33526164999222,94.49,218498.0,20645876.02,0.0050000000000025,94.47,94.46
2019-03-15,NTRS,58246,NORTHERN TRUST CORP,,,0.004551,0.0210978283464133,0.0002107037505267,2.302013109098177e-11,0.004985,9.532215397852612,94.92,218498.0,20739830.16,0.009999999999998,94.95,94.93
2019-03-18,NTRS,58246,NORTHERN TRUST CORP,,,0.012748,-0.5739102253249279,0.0001040257983979,1.494309945244886e-10,0.003706,4.061579511025273,96.13,218498.0,21004212.74,0.0049999999999954,96.13,96.12
2019-03-19,NTRS,58246,NORTHERN TRUST CORP,,,-0.011131,0.044603227009613,0.0001051967178624,-1.2631141025925854e-10,-0.000131,4.242739063973126,95.06,218498.0,20770419.88,0.0050000000000025,95.08,95.07
2019-03-20,NTRS,58246,NORTHERN TRUST CORP,,,-0.027772,0.1782844136651455,0.0002164033758926,-2.751042316610773e-10,-0.002944,4.999153310327784,92.42,218498.0,20193585.16,0.009999999999998,92.44,92.42
2019-03-21,NTRS,58246,NORTHERN TRUST CORP,,,0.002921,-0.0794045619126525,0.0002157730067968,3.1339057751943815e-11,0.010853,4.602197731787019,92.69,218498.0,20252579.62,0.009999999999998,92.71,92.69
2019-03-22,NTRS,58246,NORTHERN TRUST CORP,,,-0.044234,0.6243845536516068,0.0003386386725364,-3.056820383922313e-10,-0.018975,7.475738908365294,88.59,218498.0,19356737.82,0.0150000000000005,88.58,88.55
2019-03-25,NTRS,58246,NORTHERN TRUST CORP,,,-0.011401,-0.225668744497788,0.0002283626398722,-1.0292233343988368e-10,-0.000839,5.788698294721233,87.58,218498.0,19136054.84,0.0100000000000051,87.59,87.57
2019-03-26,NTRS,58246,NORTHERN TRUST CORP,,,0.022037,-0.1514564534530237,0.0002234387219304,2.2939206912728303e-10,0.007183,4.911962580893189,89.51,218498.0,19557755.98,0.009999999999998,89.52,89.5
2019-03-27,NTRS,58246,NORTHERN TRUST CORP,,,-0.004916,0.4826313249240161,0.0001122712473336,-3.4685242445625465e-11,-0.004644,7.282629589286858,89.07,218498.0,19461616.86,0.0050000000000025,89.08,89.07
2019-03-28,NTRS,58246,NORTHERN TRUST CORP,,,0.011227,-0.3882267916844725,0.0002220495170424,1.2804346517506852e-10,0.00359,4.455317668811614,90.07,218498.0,19680114.86,0.0100000000000051,90.09,90.07
2019-03-29,NTRS,58246,NORTHERN TRUST CORP,,,0.003775,0.0947889936906638,0.0003318217011392,3.917814984024397e-11,0.006734,4.896029438112433,90.41,217677.0,19680177.57,0.0150000000000005,90.42,90.39
2019-04-01,NTRS,58246,NORTHERN TRUST CORP,,,0.025329,0.0320665294866633,0.0004314994606257,2.4841284698152287e-10,0.011569,5.053028110457237,92.7,217677.0,20178657.9,0.0200000000000031,92.7,92.66
2019-04-02,NTRS,58246,NORTHERN TRUST CORP,,,0.006257,-0.1679273552450706,0.0001072041166381,7.329124776605185e-11,1.7e-05,4.204486463889157,93.28,217677.0,20304910.56,0.0050000000000025,93.29,93.28
2019-04-03,NTRS,58246,NORTHERN TRUST CORP,,,0.009112,-0.0507834181945324,0.0002124721130351,1.1142812791233852e-10,0.002148,3.990968269500223,94.13,217677.0,20489936.01,0.009999999999998,94.14,94.12
2019-04-04,NTRS,58246,NORTHERN TRUST CORP,,,0.00648,-0.2099771854014195,0.0001055520371542,9.965777207332588e-11,0.002085,3.152955985244192,94.74,217677.0,20622718.98,0.0049999999999954,94.74,94.73
2019-04-05,NTRS,58246,NORTHERN TRUST CORP,,,0.003378,0.6844385904074739,0.0002103934357247,3.0738042109691616e-11,0.004636,5.310960735401535,95.06,217677.0,20692375.62,0.009999999999998,95.08,95.06
2019-04-08,NTRS,58246,NORTHERN TRUST CORP,,,-0.006943,-0.2290683814357904,0.0001059322033898,-8.252274751480422e-11,0.001047,4.094387555874071,94.4,217677.0,20548708.8,0.0050000000000025,94.4,94.39
2019-04-09,NTRS,58246,NORTHERN TRUST CORP,,,-0.010275,-0.169234584080408,0.0003210960077063,-1.4853047871204592e-10,-0.006067,3.401475580791724,93.43,217677.0,20337562.110000003,0.0150000000000005,93.44,93.41
2019-04-10,NTRS,58246,NORTHERN TRUST CORP,,,-0.000321,0.264481249231858,0.0001070663811562,-3.670843433136811e-12,0.003478,4.301102091631178,93.4,217677.0,20331031.8,0.0049999999999954,93.41,93.4
2019-04-11,NTRS,58246,NORTHERN TRUST CORP,,,0.002462,0.0969686547731323,0.0002136067499734,2.5602743931298674e-11,3.8e-05,4.71817417549856,93.63,217677.0,20381097.51,0.0100000000000051,93.65,93.63
2019-04-12,NTRS,58246,NORTHERN TRUST CORP,,,0.009826,0.1914028497485,0.000423056583818,8.493175131324921e-11,0.006609,5.621246158298764,94.55,217677.0,20581360.35,0.019999999999996,94.57,94.53
2019-04-15,NTRS,58246,NORTHERN TRUST CORP,,,-0.005394,-0.3237952102620429,0.0002126754572521,-6.93226141910979e-11,-0.000629,3.801113576537714,94.04,217677.0,20470345.08,0.009999999999998,94.05,94.03
2019-04-16,NTRS,58246,NORTHERN TRUST CORP,,,0.016801,0.2321688632669216,0.000104580631667,1.7234265240212486e-10,0.000509,4.683613794750938,95.62,217677.0,20814274.74,0.0050000000000025,95.62,95.61
2019-04-17,NTRS,58246,NORTHERN TRUST CORP,,,-0.033466,1.670448203312359,0.0004328067517853,-1.33002579511943e-10,-0.002274,12.507348043201624,92.42,217677.0,20117708.34,0.0200000000000031,92.45,92.41
2019-04-18,NTRS,58246,NORTHERN TRUST CORP,,,-0.005951,-0.3136641149035357,0.0002176989223904,-3.466584163757734e-11,0.001579,8.584241789440318,91.87,217677.0,19997985.99,0.0100000000000051,91.9,91.88
2019-04-22,NTRS,58246,NORTHERN TRUST CORP,,,0.0,-0.3127986205656451,0.0004353978447807,0.0,0.001012,5.899102799101421,91.87,217677.0,19997985.99,0.0200000000000031,91.86,91.82
2019-04-23,NTRS,58246,NORTHERN TRUST CORP,,,0.044302,1.0817919802133638,0.0003126954346466,1.727379573541151e-10,0.008841,12.280704897623544,95.94,217677.0,20883931.38,0.0150000000000005,95.97,95.94
2019-04-24,NTRS,58246,NORTHERN TRUST CORP,,,0.018658,-0.1624905030511811,0.0004092909035095,8.527301343236262e-11,-0.002192,10.285206980985588,97.73,217677.0,21273573.21,0.019999999999996,97.77,97.73
2019-04-25,NTRS,58246,NORTHERN TRUST CORP,,,-0.001637,-0.3967464590127176,0.0001024905196268,-1.2422440213749471e-11,-0.000369,6.2045875310666725,97.57,217677.0,21238744.89,0.0049999999999954,97.57,97.56
2019-04-26,NTRS,58246,NORTHERN TRUST CORP,,,0.001537,-0.1522342728691629,0.0002046663937781,1.3736911325654816e-11,0.004685,5.260036659821663,97.72,217677.0,21271396.44,0.009999999999998,97.72,97.7
2019-04-29,NTRS,58246,NORTHERN TRUST CORP,,,0.008698,-0.0309880706277527,0.0001014507456628,7.953242209849821e-11,0.001071,5.09703827230254,98.57,217677.0,21456421.89,0.0049999999999954,98.57,98.56
2019-04-30,NTRS,58246,NORTHERN TRUST CORP,,,-0.000203,0.5153662704550126,0.0003044140030441,-1.2251558975497976e-12,0.000951,7.723879877065561,98.55,217677.0,21452068.35,0.0150000000000005,98.58,98.55
2019-05-01,NTRS,58246,NORTHERN TRUST CORP,,,-0.010046,-0.3971186770323872,0.0001025010250103,-1.0158778660606989e-10,-0.007502,4.656582918728208,97.56,217677.0,21236568.12,0.0050000000000025,97.56,97.55
2019-05-02,NTRS,58246,NORTHERN TRUST CORP,,,0.009328,0.2384467325880916,0.0001015537727227,7.546183881479113e-11,-0.002124,5.766929900724468,98.47,217677.0,21434654.19,0.0050000000000025,98.48,98.47
2019-05-03,NTRS,58246,NORTHERN TRUST CORP,,,0.010257,-0.4242994659563078,0.0001005227181343,1.4266936581695108e-10,0.009638,3.320024623639613,99.48,217677.0,21654507.96,0.0050000000000025,99.47,99.46
2019-05-06,NTRS,58246,NORTHERN TRUST CORP,,,-0.006836,-0.0921912900775294,0.0001012145748988,-1.0546222169505509e-10,-0.004471,3.0139472704971126,98.8,217677.0,21506487.6,0.0050000000000025,98.81,98.8
2019-05-07,NTRS,58246,NORTHERN TRUST CORP,,,-0.01336,0.5409340814276591,0.0001025851456708,-1.355684664973862e-10,-0.016512,4.644294068734869,97.48,217677.0,21219153.96,0.0049999999999954,97.49,97.48
2019-05-08,NTRS,58246,NORTHERN TRUST CORP,,,-0.00636,-0.3331084636720094,0.0002064835845549,-9.739242757839516e-11,-0.001605,3.0972404066575705,96.86,217677.0,21084194.22,0.009999999999998,96.85,96.83
2019-05-09,NTRS,58246,NORTHERN TRUST CORP,,,0.001136,0.1922432282504547,0.0005156233886768,1.4574330425598406e-11,-0.003021,3.692663901101173,96.97,217677.0,21108138.69,0.0249999999999985,96.98,96.93
2019-05-10,NTRS,58246,NORTHERN TRUST CORP,,,0.006084,-0.0908052669294159,0.0003075030750307,8.533126389365909e-11,0.00372,3.357350569881062,97.56,217677.0,21236568.12,0.0150000000000005,97.59,97.56
2019-05-13,NTRS,58246,NORTHERN TRUST CORP,,,-0.037003,0.2930373909783283,0.0002128791910591,-4.167924393110354e-10,-0.024131,4.341179821478613,93.95,217677.0,20450754.15,0.0100000000000051,93.93,93.91
2019-05-14,NTRS,58246,NORTHERN TRUST CORP,,,0.010218,0.1083245588507633,0.0003160889263512,1.0279373566270904e-10,0.008016,4.811436210532119,94.91,217677.0,20659724.07,0.0150000000000005,94.93,94.9
2019-05-15,NTRS,58246,NORTHERN TRUST CORP,,,-0.007059,-0.0920781141540608,0.0003183361629881,-7.877204922389855e-11,0.005839,4.36840823789376,94.24,217677.0,20513880.48,0.0150000000000005,94.27,94.24
2019-05-16,NTRS,58246,NORTHERN TRUST CORP,,,0.00573,-0.1707810058239439,0.0005275374551594,7.667131557814099e-11,0.008895,3.622367085176661,94.78,217677.0,20631426.06,0.0250000000000056,94.79,94.74
2019-05-17,NTRS,58246,NORTHERN TRUST CORP,,,-0.014349,-0.0358183704372573,0.0003211303789338,-2.0203095539840695e-10,-0.005837,3.492619799060076,93.42,217677.0,20335385.34,0.0150000000000005,93.4,93.37
2019-05-20,NTRS,58246,NORTHERN TRUST CORP,,,0.000856,0.349035794192273,0.0005347593582887,8.926368792697255e-12,-0.006749,4.711669124436665,93.5,217677.0,20352799.5,0.0249999999999985,93.52,93.47
2019-05-21,NTRS,58246,NORTHERN TRUST CORP,,,0.011337,-0.0355423343103014,0.0002115059221657,1.2120490227624948e-10,0.008496,4.544205405256412,94.56,217677.0,20583537.12,0.009999999999998,94.56,94.54
2019-05-22,NTRS,58246,NORTHERN TRUST CORP,,,-0.01269,-0.2666753608331842,0.0001071122536418,-1.87384646808806e-10,-0.002824,3.332377789109552,93.36,217677.0,20322324.72,0.0050000000000025,93.37,93.36
2019-05-23,NTRS,58246,NORTHERN TRUST CORP,,,-0.034597,1.1602479796851868,0.000221901697548,-2.4496198257400836e-10,-0.011914,7.1987623864716985,90.13,217677.0,19619228.01,0.0100000000000051,90.15,90.13
2019-05-24,NTRS,58246,NORTHERN TRUST CORP,,,0.013425,-0.3384443572292367,0.0002189621195534,1.417805075624184e-10,0.001354,4.762381877736279,91.34,217677.0,19882617.18,0.0100000000000051,91.34,91.32
2019-05-28,NTRS,58246,NORTHERN TRUST CORP,,,-0.020363,0.3931738533618993,0.0002235136343316,-1.5757006360732422e-10,-0.008376,6.63482591178673,89.48,217677.0,19477737.96,0.009999999999998,89.45,89.43
2019-05-29,NTRS,58246,NORTHERN TRUST CORP,,,-0.000447,-0.2315438681280028,0.0001118067978532,-4.503130953814087e-12,-0.006912,5.098572655815727,89.44,217677.0,19469030.88,0.0049999999999954,89.44,89.43
2019-05-30,NTRS,58246,NORTHERN TRUST CORP,,,-0.019902,-0.3193328419721005,0.0001140771161305,-3.00537938537143e-10,0.002098,3.4704309596328504,87.66,217677.0,19081565.82,0.0050000000000025,87.67,87.66
2019-05-31,NTRS,58246,NORTHERN TRUST CORP,,,-0.024413,0.3085713756216632,0.0002338634237604,-2.8877533105786876e-10,-0.013195,4.541306614846769,85.52,217677.0,18615737.04,0.009999999999998,85.52,85.5
2019-06-03,NTRS,58246,NORTHERN TRUST CORP,,,0.003976,0.1351146845138984,0.0004658746797112,4.126885133934919e-11,-0.002765,5.154903825392669,85.86,217677.0,18689747.22,0.0200000000000031,85.89,85.85
2019-06-04,NTRS,58246,NORTHERN TRUST CORP,,,0.035523,-0.3530528364572267,0.0002249465751883,5.503729767954791e-10,0.021432,3.334950408173578,88.91,217677.0,19353662.07,0.009999999999998,88.92,88.9
2019-06-05,NTRS,58246,NORTHERN TRUST CORP,,,-0.01226,0.1686264191905138,0.0002277385561376,-1.6455815656455218e-10,0.008162,3.897311153681832,87.82,217677.0,19116394.14,0.0100000000000051,87.84,87.82
2019-06-06,NTRS,58246,NORTHERN TRUST CORP,,,-0.001366,0.0963299562093698,0.000570125427594,-1.6746814169009675e-11,0.006136,4.272738966450291,87.7,217677.0,19090272.9,0.0249999999999985,87.75,87.7
2019-06-07,NTRS,58246,NORTHERN TRUST CORP,,,0.006499,-0.0124849878020851,0.0001132887730824,8.016241623401394e-11,0.010498,4.219393872572665,88.27,217677.0,19214348.79,0.0049999999999954,88.27,88.26
2019-06-10,NTRS,58246,NORTHERN TRUST CORP,,,0.001359,0.6089943547113934,0.0002262699400384,1.0403972395284734e-11,0.00466,6.788980921273263,88.39,217677.0,19240470.03,0.009999999999998,88.39,88.37
2019-06-11,NTRS,58246,NORTHERN TRUST CORP,,,-0.006901,0.6528804544577937,0.0003417634996582,-3.218532324233857e-11,-0.00035,11.221373870459445,87.78,217677.0,19107687.06,0.0150000000000005,87.81,87.78
2019-06-12,NTRS,58246,NORTHERN TRUST CORP,,,0.00262,-0.0964769603317728,0.0001136234518803,1.3488742471118932e-11,-0.002038,10.138769828691132,88.01,217677.0,19157752.77,0.0049999999999954,88.02,88.01
2019-06-13,NTRS,58246,NORTHERN TRUST CORP,,,-0.001932,-0.5735424519603058,0.0002292526364052,-2.352977923159791e-11,0.004097,4.32375492128245,87.24,217677.0,18990141.48,0.009999999999998,87.25,87.23
2019-06-14,NTRS,58246,NORTHERN TRUST CORP,,,-0.000802,-0.0113538082963762,0.0002294367328208,-9.887643779359691e-12,-0.001612,4.274663836785696,87.17,217677.0,18974904.09,0.009999999999998,87.17,87.15
2019-06-17,NTRS,58246,NORTHERN TRUST CORP,,,-0.014913,-0.2641945800949171,0.0005822755327822,-2.5365653869283747e-10,0.000932,3.145320819379172,85.87,217677.0,18691923.99,0.0250000000000056,85.87,85.82
2019-06-18,NTRS,58246,NORTHERN TRUST CORP,,,0.006172,0.807885327693584,0.0003472222222222,5.771169127107191e-11,0.009717,5.686379360244766,86.4,217677.0,18807292.8,0.0150000000000005,86.4,86.37
2019-06-19,NTRS,58246,NORTHERN TRUST CORP,,,-0.01331,-0.0977230459995767,0.0002346041055719,-1.3979622043587942e-10,0.002985,5.130689048452524,85.25,217677.0,18556964.25,0.0100000000000051,85.26,85.24
2019-06-20,NTRS,58246,NORTHERN TRUST CORP,,,0.005748,0.1734234214067815,0.0002332633543269,5.115525924374173e-11,0.009472,6.020470697409465,85.74,217677.0,18663625.98,0.009999999999998,85.74,85.72
2019-06-21,NTRS,58246,NORTHERN TRUST CORP,,,0.01108,0.2726128141696642,0.0002307071173145,7.663576114400523e-11,-0.001259,7.66172815685626,86.69,217677.0,18870419.13,0.009999999999998,86.69,86.67
2019-06-24,NTRS,58246,NORTHERN TRUST CORP,,,-0.009344,-0.5183531180933719,0.0001164415463436,-1.3544805050229734e-10,-0.001732,3.690247476766034,85.88,217677.0,18694100.76,0.0049999999999954,85.88,85.87
2019-06-25,NTRS,58246,NORTHERN TRUST CORP,,,-0.001397,0.2697122554719264,0.0002332089552238,-1.5971227166372098e-11,-0.009496,4.685552446974187,85.76,217677.0,18667979.52,0.009999999999998,85.78,85.76
2019-06-26,NTRS,58246,NORTHERN TRUST CORP,,,0.011194,0.7684445215733913,0.0004612546125461,7.156509407930646e-11,-0.001234,8.286139555396298,86.72,217677.0,18876949.44,0.0200000000000031,86.76,86.72
2019-06-27,NTRS,58246,NORTHERN TRUST CORP,,,0.012915,-0.3571698650885789,0.0002276867030964,1.2680636954738968e-10,0.003823,5.326580208290265,87.84,217677.0,19120747.68,0.009999999999998,87.86,87.84
2019-06-28,NTRS,58246,NORTHERN TRUST CORP,,,0.02459,1.486675854741029,0.0003333333333333,9.476235112984931e-11,0.005757,13.417202209492254,90.0,214891.0,19340190.0,0.0150000000000005,90.05,90.02
2019-07-01,NTRS,58246,NORTHERN TRUST CORP,,,0.018333,-0.3767169943771512,0.0003273322422258,1.1131036108971847e-10,0.007672,8.36271412018186,91.65,214891.0,19694760.15,0.0150000000000005,91.68,91.65
2019-07-02,NTRS,58246,NORTHERN TRUST CORP,,,0.0024,0.4262795258064229,0.000108849461195,1.0192187389403684e-11,0.002928,11.92756792978766,91.87,214891.0,19742036.17,0.0049999999999954,91.88,91.87
2019-07-03,NTRS,58246,NORTHERN TRUST CORP,,,0.010014,-0.700718692440913,0.0004310809354455,1.4068788285796488e-10,0.007672,3.569698126026683,92.79,214891.0,19939735.89,0.019999999999996,92.8,92.76
2019-07-05,NTRS,58246,NORTHERN TRUST CORP,,,0.012178,0.3336257782598266,0.0001064735945484,1.267459777787378e-10,-0.001806,4.760641441474981,93.92,214891.0,20182562.72,0.0049999999999954,93.96,93.95
2019-07-08,NTRS,58246,NORTHERN TRUST CORP,,,-0.023957,0.57399324939224,0.0002181738845859,-1.6230004356618368e-10,-0.004835,7.493217491658561,91.67,214891.0,19699057.97,0.009999999999998,91.7,91.68
2019-07-09,NTRS,58246,NORTHERN TRUST CORP,,,-0.000873,-0.4621298265770311,0.0002183644502674,-1.1005306889079012e-11,0.001237,4.030378191734414,91.59,214891.0,19681866.69,0.009999999999998,91.6,91.58
2019-07-10,NTRS,58246,NORTHERN TRUST CORP,,,-0.012774,0.8094601959145218,0.0002211900022118,-9.014659930022452e-11,0.004511,7.292808912425369,90.42,214891.0,19430444.22,0.009999999999998,90.42,90.4
2019-07-11,NTRS,58246,NORTHERN TRUST CORP,,,0.010175,-0.3211282326809214,0.0002189621195534,1.0470624901095043e-10,0.002285,4.950882075098538,91.34,214891.0,19628143.94,0.0100000000000051,91.34,91.32
2019-07-12,NTRS,58246,NORTHERN TRUST CORP,,,0.0,-0.2675834194943134,0.0001094810597765,0.0,0.00462,3.62610811993057,91.34,214891.0,19628143.94,0.0049999999999954,91.35,91.34
2019-07-15,NTRS,58246,NORTHERN TRUST CORP,,,-0.017626,0.822411699935063,0.0001114454474535,-1.3832816852397994e-10,0.000176,6.608261862991005,89.73,214891.0,19282169.43,0.0050000000000025,89.72,89.71
2019-07-16,NTRS,58246,NORTHERN TRUST CORP,,,-0.002675,-0.3525572230954272,0.0001117443289752,-3.2511904982998744e-11,-0.003404,4.278471411087482,89.49,214891.0,19230595.59,0.0049999999999954,89.49,89.48
2019-07-17,NTRS,58246,NORTHERN TRUST CORP,,,0.00447,0.5916685247524214,0.0002224941595282,3.398103896887074e-11,-0.006531,6.809908279081022,89.89,214891.0,19316551.99,0.009999999999998,89.88,89.86
2019-07-18,NTRS,58246,NORTHERN TRUST CORP,,,0.014017,-0.3074085615024859,0.0004388370817333,1.5172662315513992e-10,0.003582,4.716484171044855,91.15,214891.0,19587314.65,0.019999999999996,91.19,91.15
2019-07-19,NTRS,58246,NORTHERN TRUST CORP,,,0.01876,0.796671040817736,0.0002153779883696,1.109427632871718e-10,-0.006177,8.473970524591538,92.86,214891.0,19954778.26,0.0100000000000051,92.87,92.85
2019-07-22,NTRS,58246,NORTHERN TRUST CORP,,,-0.0014,-0.3610852398159233,0.0001078399654912,-1.297656297409134e-11,0.002829,5.414144845526336,92.73,214891.0,19926842.43,0.0050000000000025,92.76,92.75
2019-07-23,NTRS,58246,NORTHERN TRUST CORP,,,0.024587,0.2584853165281564,0.0001052520787286,1.7674208465993931e-10,0.006848,6.8136217896514975,95.01,214891.0,20416793.91,0.0050000000000025,95.01,95.0
2019-07-24,NTRS,58246,NORTHERN TRUST CORP,,,0.046837,1.283140939743994,0.0004021717273274,1.4086777124857756e-10,0.004688,15.556458855885076,99.46,214891.0,21373058.86,0.019999999999996,99.46,99.42
2019-07-25,NTRS,58246,NORTHERN TRUST CORP,,,-0.004323,-0.6038667126540895,0.0007068565081287,-3.2964625552115525e-11,-0.005262,6.162431186043157,99.03,214891.0,21280655.73,0.0349999999999965,99.07,99.0
2019-07-26,NTRS,58246,NORTHERN TRUST CORP,,,0.00616,-0.2901723313782659,0.0005018065034122,6.576938182362942e-11,0.007388,4.374264161830881,99.64,214891.0,21411739.24,0.0249999999999985,99.64,99.59
2019-07-29,NTRS,58246,NORTHERN TRUST CORP,,,-0.006222,-0.2110788412642688,0.0005049484952534,-8.473254431677256e-11,-0.001616,3.450949551167801,99.02,214891.0,21278506.82,0.0249999999999985,99.06,99.01
2019-07-30,NTRS,58246,NORTHERN TRUST CORP,,,0.000707,-0.0942112630094204,0.0001009183570491,1.0621988622186424e-11,-0.002579,3.12583123537049,99.09,214891.0,21293549.19,0.0050000000000025,99.09,99.08
2019-07-31,NTRS,58246,NORTHERN TRUST CORP,,,-0.011,0.7257385222557848,0.0001020408163265,-9.682953858665034e-11,-0.010886,5.394367376949244,98.0,214891.0,21059318.0,0.0050000000000025,98.01,98.0
2019-08-01,NTRS,58246,NORTHERN TRUST CORP,,,-0.033367,-0.1326689676768739,0.0001055631795628,-3.503369878067345e-10,-0.008999,4.678702225779581,94.73,214891.0,20356624.43,0.0049999999999954,94.74,94.73
2019-08-02,NTRS,58246,NORTHERN TRUST CORP,,,-0.01024,0.2343956849487423,0.0001066552901024,-8.800033605128329e-11,-0.007283,5.775369838662392,93.76,214891.0,20148180.16,0.0050000000000025,93.76,93.75
2019-08-05,NTRS,58246,NORTHERN TRUST CORP,,,-0.047248,0.2165550027194167,0.0004477779021605,-3.503130525646601e-10,-0.029778,7.026055069779563,89.33,214891.0,19196213.03,0.0200000000000031,89.37,89.33
2019-08-06,NTRS,58246,NORTHERN TRUST CORP,,,0.008508,-0.4041226994190098,0.0002220002220001,1.0496977741888969e-10,0.013017,4.186666728713627,90.09,214891.0,19359530.19,0.009999999999998,90.11,90.09
2019-08-07,NTRS,58246,NORTHERN TRUST CORP,,,-0.023199,0.3805176746765784,0.0001136363636362,-2.1225503615078663e-10,0.000767,5.779767416969533,88.0,214891.0,18910408.0,0.0049999999999954,88.02,88.01
2019-08-08,NTRS,58246,NORTHERN TRUST CORP,,,0.029205,-0.3607542551649731,0.0001104118361487,4.061406015858221e-10,0.018762,3.694691727433909,90.57,214891.0,19462677.87,0.0049999999999954,90.57,90.56
2019-08-09,NTRS,58246,NORTHERN TRUST CORP,,,-0.012366,-0.0266601675659607,0.0002235885969815,-1.7889078327162368e-10,-0.006617,3.596190626875951,89.45,214891.0,19221999.95,0.009999999999998,89.47,89.45
2019-08-12,NTRS,58246,NORTHERN TRUST CORP,,,-0.016322,0.2011868698959225,0.0003409478349812,-1.9983361639088047e-10,-0.012184,4.319696962646179,87.99,214891.0,18908259.09,0.0150000000000005,88.0,87.97
2019-08-13,NTRS,58246,NORTHERN TRUST CORP,,,0.010001,0.0662667086087578,0.000112523911331,1.1369749319522575e-10,0.014994,4.60594906254799,88.87,214891.0,19097363.17,0.0049999999999954,88.88,88.87
2019-08-14,NTRS,58246,NORTHERN TRUST CORP,,,-0.032632,0.4086779143180736,0.0002326392927766,-2.7223734601820075e-10,-0.029293,6.488298718885388,85.97,214891.0,18474179.27,0.0100000000000051,85.98,85.96
2019-08-15,NTRS,58246,NORTHERN TRUST CORP,,,-0.005583,-0.0188628228106753,0.0004678909814014,-4.7739021729964116e-11,0.002464,6.365911089808321,85.49,214891.0,18371031.59,0.0200000000000031,85.53,85.49
2019-08-16,NTRS,58246,NORTHERN TRUST CORP,,,0.017663,-0.4354327594689092,0.0003448275862069,2.628758841997723e-10,0.014426,3.593984857439353,87.0,214891.0,18695517.0,0.0150000000000005,87.0,86.97
2019-08-19,NTRS,58246,NORTHERN TRUST CORP,,,0.017356,0.1787767944426821,0.0001129815840017,2.153928353475362e-10,0.012106,4.2365059495279,88.51,214891.0,19020002.41,0.0049999999999954,88.52,88.51
2019-08-20,NTRS,58246,NORTHERN TRUST CORP,,,-0.020224,0.2630134217645903,0.0002306273062731,-2.0282139906066286e-10,-0.007915,5.350763875639277,86.72,214891.0,18635347.52,0.0100000000000051,86.76,86.74
2019-08-21,NTRS,58246,NORTHERN TRUST CORP,,,0.000115,-0.1916899092127452,0.0002306007148621,1.4266468447609716e-12,0.008247,4.325076434099148,86.73,214891.0,18637496.43,0.009999999999998,86.74,86.72
2019-08-22,NTRS,58246,NORTHERN TRUST CORP,,,0.006226,0.0561543758473026,0.0003437607425232,7.267829391172495e-11,-0.000506,4.567948401747863,87.27,214891.0,18753537.57,0.0150000000000005,87.3,87.27
2019-08-23,NTRS,58246,NORTHERN TRUST CORP,,,-0.029334,0.3022368331243232,0.0003541494510683,-2.708988830817995e-10,-0.025946,5.9485506605674505,84.71,214891.0,18203416.61,0.0150000000000005,84.74,84.71
2019-08-26,NTRS,58246,NORTHERN TRUST CORP,,,0.00118,-0.1600176798692002,0.0002358212474943,1.295792337460296e-11,0.010983,4.996677385279049,84.81,214891.0,18224905.71,0.009999999999998,84.83,84.81
2019-08-27,NTRS,58246,NORTHERN TRUST CORP,,,-0.003773,-0.2017330063767706,0.0001183572020358,-5.209952764345068e-11,-0.003203,3.988682634451885,84.49,214891.0,18156140.59,0.0050000000000025,84.5,84.49
2019-08-28,NTRS,58246,NORTHERN TRUST CORP,,,0.007457,-0.2793117046149251,0.0004699248120301,1.4181995723454086e-10,0.006545,2.8745968886551787,85.12,214891.0,18291521.92,0.0200000000000031,85.12,85.08
2019-08-29,NTRS,58246,NORTHERN TRUST CORP,,,0.025258,-0.14115828240722,0.0004583476566975,5.455388364453955e-10,0.012687,2.468823729239475,87.27,214891.0,18753537.57,0.019999999999996,87.3,87.26
2019-08-30,NTRS,58246,NORTHERN TRUST CORP,,,0.007563,0.3377013088847336,0.0003411804844763,1.2119635690116248e-10,0.000643,3.302548734009335,87.93,214891.0,18895365.630000003,0.0150000000000005,87.93,87.9
2019-09-03,NTRS,58246,NORTHERN TRUST CORP,,,-0.014443,0.2564169043297899,0.0003461804754211,-1.8691213306462947e-10,-0.006899,4.149378056782275,86.66,214891.0,18622454.06,0.0150000000000005,86.66,86.63
2019-09-04,NTRS,58246,NORTHERN TRUST CORP,,,0.015001,-0.1940372158122342,0.0002273760800363,2.3731149162216684e-10,0.010842,3.344244291291864,87.96,214891.0,18901812.36,0.009999999999998,87.96,87.94
2019-09-05,NTRS,58246,NORTHERN TRUST CORP,,,0.02342,0.0713492558248265,0.0001110864252387,3.3790964539227107e-10,0.01301,3.582853632771964,90.02,214891.0,19344487.82,0.0049999999999954,90.02,90.01
2019-09-06,NTRS,58246,NORTHERN TRUST CORP,,,-0.002222,0.2486599309281578,0.0003340013360053,-2.5732355030237148e-11,0.000911,4.473765769622739,89.82,214891.0,19301509.62,0.0150000000000005,89.85,89.82
2019-09-09,NTRS,58246,NORTHERN TRUST CORP,,,0.037074,0.2103098488410313,0.0001073537305421,3.420570531180365e-10,-9.4e-05,5.414642772382278,93.15,214891.0,20017096.65,0.0050000000000025,93.18,93.17
2019-09-10,NTRS,58246,NORTHERN TRUST CORP,,,0.014171,0.5158917733366106,0.0003175611305176,8.504530639354212e-11,0.000322,8.208012434210833,94.47,214891.0,20300752.77,0.0150000000000005,94.47,94.44
2019-09-11,NTRS,58246,NORTHERN TRUST CORP,,,0.030698,-0.3680392872774443,0.0001027010372805,2.828385479501618e-10,0.00723,5.187141387959477,97.37,214891.0,20923936.67,0.0050000000000025,97.36,97.35
2019-09-12,NTRS,58246,NORTHERN TRUST CORP,,,0.00914,-0.0192684830487946,0.0001025010250103,8.569943510322851e-11,0.002879,5.087193042053879,97.56,214891.0,20964765.96,0.0050000000000025,97.56,97.55
2019-09-13,NTRS,58246,NORTHERN TRUST CORP,,,0.014145,0.052545207063352,0.0002021427127551,1.2424926918213687e-10,-0.000724,5.354500653819843,98.94,214891.0,21261315.54,0.009999999999998,98.96,98.94
2019-09-16,NTRS,58246,NORTHERN TRUST CORP,,,-0.0094,-0.0404168484505064,0.0001020304050607,-8.686356463516998e-11,-0.003136,5.1380886123662695,98.01,214891.0,21061466.91,0.0050000000000025,98.01,98.0
2019-09-17,NTRS,58246,NORTHERN TRUST CORP,,,-0.01857,-0.2757186886677191,0.0005198045534878,-2.4140979262898807e-10,0.002582,3.721421557906101,96.19,214891.0,20670365.29,0.0249999999999985,96.2,96.15
2019-09-18,NTRS,58246,NORTHERN TRUST CORP,,,0.001663,-0.0539102163311241,0.0004151530877011,2.2812930711527022e-11,0.000343,3.520798916660074,96.35,214891.0,20704747.85,0.0200000000000031,96.36,96.32
2019-09-19,NTRS,58246,NORTHERN TRUST CORP,,,-0.005916,-0.06729554262029,0.0002088118605136,-8.752856966320904e-11,2e-05,3.283864843106505,95.78,214891.0,20582259.98,0.009999999999998,95.78,95.76
2019-09-20,NTRS,58246,NORTHERN TRUST CORP,,,-0.015765,1.5447055505878784,0.0001060782857749,-9.312781850508307e-11,-0.004896,8.356469093633516,94.27,214891.0,20257774.57,0.0050000000000025,94.23,94.22
2019-09-23,NTRS,58246,NORTHERN TRUST CORP,,,0.003713,-0.5920015815295172,0.0004227436060028,5.3560236710627356e-11,-9.7e-05,3.409426174199943,94.62,214891.0,20332986.42,0.019999999999996,94.66,94.62
2019-09-24,NTRS,58246,NORTHERN TRUST CORP,,,-0.00539,0.2855423084535013,0.000212517267028,-6.08088933312008e-11,-0.008416,4.382961594482785,94.11,214891.0,20223392.01,0.0100000000000051,94.12,94.1
2019-09-25,NTRS,58246,NORTHERN TRUST CORP,,,0.012751,-0.3370324008158334,0.0001049207848075,2.1425332981221907e-10,0.006159,2.9057615256106586,95.31,214891.0,20481261.21,0.0050000000000025,95.31,95.3
2019-09-26,NTRS,58246,NORTHERN TRUST CORP,,,-0.014479,0.0430542165394556,0.0005323112956458,-2.3667324574482646e-10,-0.002429,3.0308668115463187,93.93,214891.0,20184711.630000003,0.0250000000000056,93.93,93.88
2019-09-27,NTRS,58246,NORTHERN TRUST CORP,,,-0.008464,0.4521008558189239,0.0001073710205616,-9.609059340859146e-11,-0.005316,4.401124290919583,93.135,214891.0,20013873.285,0.0050000000000025,93.14,93.13
2019-09-30,NTRS,58246,NORTHERN TRUST CORP,,,0.001986,-0.2126507514575548,0.0003214744963566,2.8579540128260315e-11,0.005048,3.5144325615200915,93.32,211882.0,19772828.24,0.0150000000000005,93.33,93.3
2019-10-01,NTRS,58246,NORTHERN TRUST CORP,,,-0.036862,0.5926864479047063,0.0001112594570537,-3.458089813808092e-10,-0.012258,5.597389112808073,89.88,211882.0,19043954.16,0.0049999999999954,89.88,89.87
2019-10-02,NTRS,58246,NORTHERN TRUST CORP,,,-0.029706,-0.1291802770015835,0.0001146657493407,-3.298147475661807e-10,-0.017903,4.874316836729878,87.21,211882.0,18478229.22,0.0050000000000025,87.22,87.21
2019-10-03,NTRS,58246,NORTHERN TRUST CORP,,,-0.004472,0.0880284281260288,0.0003455425017277,-4.5838875106755946e-11,0.007972,5.303395286055446,86.82,211882.0,18395595.24,0.0150000000000005,86.83,86.8
2019-10-04,NTRS,58246,NORTHERN TRUST CORP,,,0.025455,-0.0530295614286451,0.0003369650679546,2.6869045832835743e-10,0.014217,5.022158559953182,89.03,211882.0,18863854.46,0.0150000000000005,89.03,89.0
2019-10-07,NTRS,58246,NORTHERN TRUST CORP,,,-0.00292,-0.1320480591670935,0.0002253013405429,-3.561528869812052e-11,-0.004478,4.358992269281959,88.77,211882.0,18808765.14,0.009999999999998,88.78,88.76
2019-10-08,NTRS,58246,NORTHERN TRUST CORP,,,-0.014532,0.2208226143145457,0.0004572473708276,-1.4732752289641847e-10,-0.015561,5.321556337961695,87.48,211882.0,18535437.36,0.0200000000000031,87.48,87.44
2019-10-09,NTRS,58246,NORTHERN TRUST CORP,,,0.01086,-0.5677358360043351,0.0001130837950922,2.519696539776472e-10,0.009105,2.3003181015848444,88.43,211882.0,18736725.26,0.0050000000000025,88.43,88.42
2019-10-10,NTRS,58246,NORTHERN TRUST CORP,,,0.011987,0.0351315973048609,0.0001117443289753,2.6549629873740637e-10,0.006416,2.3811319508028053,89.49,211882.0,18961320.18,0.0050000000000025,89.5,89.49
2019-10-11,NTRS,58246,NORTHERN TRUST CORP,,,0.02369,0.9040095615824182,0.0003274751664665,2.6920029181461626e-10,0.010939,4.533698001717937,91.61,211882.0,19410510.02,0.0150000000000005,91.62,91.59
2019-10-14,NTRS,58246,NORTHERN TRUST CORP,,,0.004912,-0.1266883820576322,0.0003258744297197,6.360210633322654e-11,-0.001387,3.959331137142372,92.06,211882.0,19505856.92,0.0150000000000005,92.08,92.05
2019-10-15,NTRS,58246,NORTHERN TRUST CORP,,,0.016946,-0.1843699748841056,0.000106814783166,2.6453885627006704e-10,0.009956,3.229349354829575,93.62,211882.0,19836392.84,0.0050000000000025,93.62,93.61
2019-10-16,NTRS,58246,NORTHERN TRUST CORP,,,-0.004273,0.1495920297088306,0.0001072731173568,-5.827348028669858e-11,-0.002,3.7124342794574337,93.22,211882.0,19751640.04,0.0050000000000025,93.23,93.22
2019-10-17,NTRS,58246,NORTHERN TRUST CORP,,,0.0059,0.1241320216934189,0.0002132878319292,7.115705059611711e-11,0.002763,4.173266251970436,93.77,211882.0,19868175.14,0.0100000000000051,93.79,93.77
2019-10-18,NTRS,58246,NORTHERN TRUST CORP,,,0.009705,0.5901633040803402,0.0001056189269117,7.289964381112347e-11,-0.003919,6.636174852040287,94.68,211882.0,20060987.76,0.0050000000000025,94.68,94.67
2019-10-21,NTRS,58246,NORTHERN TRUST CORP,,,0.022919,-0.1945101508727061,0.0001032524522456,2.0894119953770778e-10,0.006872,5.345371480352272,96.85,211882.0,20520771.7,0.0049999999999954,96.85,96.84
2019-10-22,NTRS,58246,NORTHERN TRUST CORP,,,0.006815,-0.0236078785930983,0.0011280894267254,6.320049524334664e-11,-0.003569,5.219178599409105,97.51,211882.0,20660613.82,0.0549999999999997,97.62,97.51
2019-10-23,NTRS,58246,NORTHERN TRUST CORP,,,0.027177,0.6635936157706741,9.984025559096352e-05,1.4749039244208018e-10,0.002847,8.682592197543915,100.16,211882.0,21222101.12,0.0049999999999954,100.16,100.15
2019-10-24,NTRS,58246,NORTHERN TRUST CORP,,,0.001897,-0.469579846549817,0.0003986048829098,1.9372535700741755e-11,0.00192,4.605421885766606,100.35,211882.0,21262358.7,0.0200000000000031,100.36,100.32
2019-10-25,NTRS,58246,NORTHERN TRUST CORP,,,0.011759,-0.020532769833348,0.0004924652811976,1.2117767332315238e-10,0.004073,4.5108598182006965,101.53,211882.0,21512379.46,0.0249999999999985,101.56,101.51
2019-10-28,NTRS,58246,NORTHERN TRUST CORP,,,0.009849,0.2747135817194512,0.0001950648590657,7.884518423688277e-11,0.005581,5.750054275492963,102.53,211882.0,21724261.46,0.0100000000000051,102.54,102.52
2019-10-29,NTRS,58246,NORTHERN TRUST CORP,,,-0.001756,-0.2058435583703306,0.0001954079140206,-1.7732280551747322e-11,-0.000832,4.566442642602958,102.35,211882.0,21686122.7,0.0100000000000051,102.34,102.32
2019-10-30,NTRS,58246,NORTHERN TRUST CORP,,,-0.012897,0.0212475466308097,9.898050084138488e-05,-1.2919188946019784e-10,0.003253,4.663468345588583,101.03,211882.0,21406438.46,0.0050000000000025,101.04,101.03
2019-10-31,NTRS,58246,NORTHERN TRUST CORP,,,-0.013362,0.0667803522904955,0.0003009630818619,-1.2717019371317676e-10,-0.003023,4.974896404602561,99.68,211882.0,21120397.76,0.0150000000000005,99.68,99.65
2019-11-01,NTRS,58246,NORTHERN TRUST CORP,,,0.017456,-0.2331724680316974,0.0001971997633602,2.1293415298272663e-10,0.009662,3.814887531739364,101.42,211882.0,21489072.44,0.009999999999998,101.42,101.4
2019-11-04,NTRS,58246,NORTHERN TRUST CORP,,,0.024157,-0.1465113459506671,0.00019254837778,3.371159594443569e-10,0.003704,3.2559632248138115,103.87,211882.0,22008183.34,0.0100000000000051,103.87,103.85
2019-11-05,NTRS,58246,NORTHERN TRUST CORP,,,0.015693,0.7793674262190526,9.47867298577337e-05,1.2117536162753188e-10,-0.001186,5.793554903200838,105.5,211882.0,22353551.0,0.0049999999999954,105.52,105.51
2019-11-06,NTRS,58246,NORTHERN TRUST CORP,,,0.004834,-0.1222353468290496,0.0001886614470332,4.2319695357724635e-11,0.000703,5.085377710234942,106.01,211882.0,22461610.82,0.009999999999998,106.03,106.01
2019-11-07,NTRS,58246,NORTHERN TRUST CORP,,,0.011791,0.8112761020881671,0.0003729256013425,5.6326259388591654e-11,0.00273,9.211023116640394,107.26,211882.0,22726463.32,0.0200000000000031,107.26,107.22
2019-11-08,NTRS,58246,NORTHERN TRUST CORP,,,0.003636,-0.5500468834063486,0.0001857872735717,3.846277728471075e-11,0.002561,4.144528558348514,107.65,211882.0,22809097.3,0.009999999999998,107.66,107.64
2019-11-11,NTRS,58246,NORTHERN TRUST CORP,,,-0.008082,-0.0947115017804455,9.365049634767856e-05,-9.520784315096615e-11,-0.001962,3.751994034415382,106.78,211882.0,22624759.96,0.0050000000000025,106.78,106.77
2019-11-12,NTRS,58246,NORTHERN TRUST CORP,,,-0.003559,0.1585712848121965,0.00046992481203,-3.631678515972769e-11,0.001565,4.346952549060326,106.4,211882.0,22544244.8,0.0249999999999985,106.44,106.39
2019-11-13,NTRS,58246,NORTHERN TRUST CORP,,,-0.007613,-0.2200510075012947,9.470593806236496e-05,-1.0036629101757677e-10,0.000712,3.39040126107928,105.59,211882.0,22372620.38,0.0050000000000025,105.59,105.58
2019-11-14,NTRS,58246,NORTHERN TRUST CORP,,,0.002178,-0.1553054505717845,0.0001890001890002,3.391917353542208e-11,0.000837,2.863853465608216,105.82,211882.0,22421353.24,0.0100000000000051,105.84,105.82
2019-11-15,NTRS,58246,NORTHERN TRUST CORP,,,0.006899,-0.1460961537510774,0.0002815579540122,1.249622581920078e-10,0.007695,2.445455489376162,106.55,211882.0,22576027.1,0.0150000000000005,106.55,106.52
2019-11-18,NTRS,58246,NORTHERN TRUST CORP,,,0.000282,0.8193604915969954,9.382623381502267e-05,2.8067310990182282e-12,0.000503,4.449165101329986,106.58,211882.0,22582383.56,0.0050000000000025,106.59,106.58
2019-11-19,NTRS,58246,NORTHERN TRUST CORP,,,0.004504,-0.4152029600147661,0.000373622267887,7.631209762627251e-11,-0.000593,2.601858581663379,107.06,211882.0,22684086.92,0.019999999999996,107.1,107.06
2019-11-20,NTRS,58246,NORTHERN TRUST CORP,,,-0.007099,0.4485449502709115,9.407337723415717e-05,-8.362847623808348e-11,-0.003756,3.7689091097875234,106.3,211882.0,22523056.6,0.0049999999999954,106.3,106.29
2019-11-21,NTRS,58246,NORTHERN TRUST CORP,,,0.004798,0.1279496696570343,0.0001872483849826,4.9871092165713546e-11,-0.001583,4.251139785352224,106.81,211882.0,22631116.42,0.009999999999998,106.82,106.8
2019-11-22,NTRS,58246,NORTHERN TRUST CORP,,,0.002996,-0.2174611985700646,0.0001866890693549,3.9675770913789596e-11,0.002175,3.3266818323406424,107.13,211882.0,22698918.66,0.009999999999998,107.14,107.12
2019-11-25,NTRS,58246,NORTHERN TRUST CORP,,,0.00308,0.2543313320016342,0.000465289410013,3.24180045952391e-11,0.007507,4.172761253905476,107.46,211882.0,22768839.72,0.0249999999999985,107.49,107.44
2019-11-26,NTRS,58246,NORTHERN TRUST CORP,,,-0.0067,0.4684623241073458,0.0004684279557803,-4.834673998824149e-11,0.002196,6.127542688855118,106.74,211882.0,22616284.68,0.0249999999999985,106.78,106.73
2019-11-27,NTRS,58246,NORTHERN TRUST CORP,,,0.0089,-0.5641253747161707,0.0004642956634784,1.4604027209464088e-10,0.004174,2.670840373415392,107.69,211882.0,22817572.58,0.0249999999999985,107.7,107.65
2019-11-29,NTRS,58246,NORTHERN TRUST CORP,,,-0.004179,-0.3115834339100517,9.324878776580676e-05,-1.0002815465828504e-10,-0.004011,1.838650758441019,107.24,211882.0,22722225.68,0.0050000000000025,107.25,107.24
2019-12-02,NTRS,58246,NORTHERN TRUST CORP,,,-0.006714,1.2225105691557765,0.0004693954187006,-7.279692509015165e-11,-0.008631,4.086420743621449,106.52,211882.0,22569670.64,0.0249999999999985,106.55,106.5
2019-12-03,NTRS,58246,NORTHERN TRUST CORP,,,-0.011359,-0.3067544889985321,0.0001899154876079,-1.7969925510833479e-10,-0.006638,2.8328928365788504,105.31,211882.0,22313293.42,0.009999999999998,105.32,105.3
2019-12-04,NTRS,58246,NORTHERN TRUST CORP,,,0.009781,0.2850181344431135,0.0001880759826969,1.1924855810181085e-10,0.006324,3.640318667937815,106.34,211882.0,22531531.88,0.009999999999998,106.33,106.31
2019-12-05,NTRS,58246,NORTHERN TRUST CORP,,,0.014012,0.3121967852429219,0.0003709542798849,1.283890802025815e-10,0.0015,4.776814453327796,107.83,211882.0,22847236.06,0.019999999999996,107.83,107.79
2019-12-06,NTRS,58246,NORTHERN TRUST CORP,,,0.010294,0.1140930778039384,9.179364787948324e-05,8.379978053083326e-11,0.009136,5.321815916406302,108.94,211882.0,23082425.08,0.0049999999999954,108.94,108.93
2019-12-09,NTRS,58246,NORTHERN TRUST CORP,,,0.001836,0.2936971276085338,0.0006413780465457,1.153193542400617e-11,-0.003163,6.88481796471621,109.14,211882.0,23124801.48,0.0350000000000036,109.15,109.08
2019-12-10,NTRS,58246,NORTHERN TRUST CORP,,,-0.003482,-0.0758961837000923,0.0001838911364473,-2.3749380110486343e-11,-0.001097,6.362286555724412,108.76,211882.0,23044286.32,0.0100000000000051,108.76,108.74
2019-12-11,NTRS,58246,NORTHERN TRUST CORP,,,-0.004229,0.2648714369008957,9.233610341635184e-05,-2.290105836545377e-11,0.002908,8.047474537714388,108.3,211882.0,22946820.6,0.0049999999999954,108.27,108.26
2019-12-12,NTRS,58246,NORTHERN TRUST CORP,,,0.021053,-0.0935074760353407,0.0004550418638514,1.2395882132539059e-10,0.008575,7.294975505234046,109.88,211882.0,23281594.16,0.0249999999999985,109.88,109.83
2019-12-13,NTRS,58246,NORTHERN TRUST CORP,,,-0.016746,-0.3114421281589778,0.0004627915586819,-1.4563580544493234e-10,7.3e-05,5.023012809016339,108.04,211882.0,22891731.28,0.0249999999999985,108.08,108.03
2019-12-16,NTRS,58246,NORTHERN TRUST CORP,,,0.001573,-0.0276156972843765,9.241290084087335e-05,1.404640016840607e-11,0.007148,4.884298807826998,108.21,211882.0,22927751.22,0.0049999999999954,108.21,108.2
2019-12-17,NTRS,58246,NORTHERN TRUST CORP,,,0.005083,0.2641060204175303,0.0003677822728945,3.5724908274439014e-11,0.000335,6.174271528492274,108.76,211882.0,23044286.32,0.0200000000000031,108.75,108.71
2019-12-18,NTRS,58246,NORTHERN TRUST CORP,,,-0.006252,0.3185136716615058,0.0003700962250184,-3.353584143933528e-11,-0.000432,8.140861422867445,108.08,211882.0,22900206.56,0.019999999999996,108.08,108.04
2019-12-19,NTRS,58246,NORTHERN TRUST CORP,,,-0.00842,-0.3047344138971373,9.330969487721288e-05,-6.551242893495993e-11,0.004459,5.660060788552118,107.17,211882.0,22707393.94,0.0049999999999954,107.16,107.15
2019-12-20,NTRS,58246,NORTHERN TRUST CORP,,,-0.005319,0.8403447111355706,0.0002814258911819,-2.260780762587287e-11,0.004945,10.416462936917718,106.6,211882.0,22586621.2,0.0150000000000005,106.63,106.6
2019-12-23,NTRS,58246,NORTHERN TRUST CORP,,,-0.001876,-0.7674309862754133,0.0001879699248121,-3.434986371819741e-11,0.000866,2.422546511737665,106.4,211882.0,22544244.8,0.0100000000000051,106.43,106.41
2019-12-24,NTRS,58246,NORTHERN TRUST CORP,,,0.002914,-0.6032858361874481,0.0004685596476432,1.3410362992197892e-10,-0.000195,0.9610585137010222,106.71,211882.0,22609928.22,0.0250000000000056,106.76,106.71
2019-12-26,NTRS,58246,NORTHERN TRUST CORP,,,-0.001312,4.821579229095766,0.000563010228019,-1.0385183217584639e-11,0.005128,5.59487828130752,106.57,211882.0,22580264.74,0.029999999999994,106.57,106.51
2019-12-27,NTRS,58246,NORTHERN TRUST CORP,,,0.003941,-0.1636284495222927,0.0002804000373866,3.715175116461832e-11,3.4e-05,4.679397022871221,106.99,211882.0,22669255.18,0.0150000000000005,106.99,106.96
2019-12-30,NTRS,58246,NORTHERN TRUST CORP,,,-0.006262,-0.33955702586033,9.40556809631783e-05,-8.994537002625488e-11,-0.005781,3.0904748869653864,106.32,211882.0,22527294.24,0.0050000000000025,106.34,106.33
2019-12-31,NTRS,58246,NORTHERN TRUST CORP,,,-0.000752,0.1298609074915702,0.0003765060240963,-9.56721455132459e-12,0.002946,3.527988784458464,106.24,209709.0,22279484.16,0.019999999999996,106.24,106.2
2020-01-02,NTRS,58246,NORTHERN TRUST CORP,,,0.012613,-0.0892193157811505,0.0001859081613682,1.7399179921540708e-10,0.008379,3.2132240390255067,107.58,209709.0,22560494.22,0.009999999999998,107.63,107.61
2020-01-03,NTRS,58246,NORTHERN TRUST CORP,,,-0.020543,0.4733424155811006,0.0002847110183164,-1.9637451145829928e-10,-0.00706,4.7341792674611005,105.37,209709.0,22097037.33,0.0150000000000005,105.38,105.35
2020-01-06,NTRS,58246,NORTHERN TRUST CORP,,,-0.001234,-0.115735294117647,0.0001900418091979,-1.3356425948707087e-11,0.003533,4.186267637535823,105.24,209709.0,22069775.16,0.009999999999998,105.25,105.23
2020-01-07,NTRS,58246,NORTHERN TRUST CORP,,,0.005511,-0.2228072053928816,9.450009450014284e-05,7.632904498780893e-11,-0.002803,3.2535370441898057,105.82,209709.0,22191406.38,0.0050000000000025,105.83,105.82
2020-01-08,NTRS,58246,NORTHERN TRUST CORP,,,0.009167,0.6036265784937915,0.0004682086337671,7.845499047192852e-11,0.004902,5.217458478176902,106.79,209709.0,22394824.110000003,0.0249999999999985,106.84,106.79
2020-01-09,NTRS,58246,NORTHERN TRUST CORP,,,0.012501,-0.0875777317145395,9.248554913286386e-05,1.1581016700082463e-10,0.006655,4.760525299343376,108.125,209709.0,22674785.625,0.0049999999999954,108.13,108.12
2020-01-10,NTRS,58246,NORTHERN TRUST CORP,,,-0.010497,0.0351759196654395,0.0001869333582577,-9.493708701755532e-11,-0.002855,4.927981154838371,106.99,209709.0,22436765.91,0.009999999999998,106.99,106.97
2020-01-13,NTRS,58246,NORTHERN TRUST CORP,,,0.015796,0.1890004470497619,0.0002760397497238,1.182849170707906e-10,0.006976,5.859371796155625,108.68,209709.0,22791174.12,0.0149999999999934,108.71,108.68
2020-01-14,NTRS,58246,NORTHERN TRUST CORP,,,-0.006257,-0.0806803264746741,9.259259259263995e-05,-5.1287050037078805e-11,-0.001515,5.386635766705291,108.0,209709.0,22648572.0,0.0050000000000025,108.01,108.0
2020-01-15,NTRS,58246,NORTHERN TRUST CORP,,,-0.009074,-0.1995961495220541,9.344047841529727e-05,-9.377562758901095e-11,0.00187,4.311484008793137,107.02,209709.0,22443057.18,0.0050000000000025,107.04,107.03
2020-01-16,NTRS,58246,NORTHERN TRUST CORP,,,0.008503,0.0618034257324777,0.000463263226165,8.206198744594019e-11,0.008367,4.5779484905273495,107.93,209709.0,22633892.37,0.0249999999999985,107.94,107.89
2020-01-17,NTRS,58246,NORTHERN TRUST CORP,,,0.013435,1.1375457404245877,9.14243920278398e-05,5.985443888565156e-11,0.003862,9.785574295809909,109.38,209709.0,22937970.42,0.0050000000000025,109.39,109.38
2020-01-21,NTRS,58246,NORTHERN TRUST CORP,,,-0.007405,-0.0395010435534322,0.000921064750852,-3.4603094575710706e-11,-0.002652,9.399033899355771,108.57,209709.0,22768106.13,0.0500000000000042,108.67,108.57
2020-01-22,NTRS,58246,NORTHERN TRUST CORP,,,-0.032974,0.5733117476771405,0.0004762358319841,-1.0127648668512488e-10,0.000289,14.787610450672124,104.99,209709.0,22017347.91,0.0250000000000056,105.04,104.99
2020-01-23,NTRS,58246,NORTHERN TRUST CORP,,,-0.008763,-0.4909514219977137,0.0005765350245027,-5.333999341738098e-11,0.001141,7.527612071966391,104.07,209709.0,21824415.63,0.0300000000000011,104.08,104.02
2020-01-24,NTRS,58246,NORTHERN TRUST CORP,,,-0.023542,-0.1678763822304206,9.840582562492732e-05,-1.7636078240593227e-10,-0.009042,6.263903790490632,101.62,209709.0,21310628.58,0.0050000000000025,101.62,101.61
2020-01-27,NTRS,58246,NORTHERN TRUST CORP,,,-0.031096,-0.00827727225321,0.0002031281738778,-2.4243330494032057e-10,-0.015731,6.212055753448826,98.46,209709.0,20647948.14,0.0100000000000051,98.48,98.46
2020-01-28,NTRS,58246,NORTHERN TRUST CORP,,,0.013102,-0.0907920633994614,0.0002005012531327,1.1089425776528482e-10,0.010054,5.648050393640712,99.75,209709.0,20918472.75,0.009999999999998,99.77,99.75
2020-01-29,NTRS,58246,NORTHERN TRUST CORP,,,-0.001103,-0.111463830800365,0.0002007226013648,-1.051843312702389e-11,-0.000867,5.018497060212008,99.64,209709.0,20895404.76,0.009999999999998,99.66,99.64
2020-01-30,NTRS,58246,NORTHERN TRUST CORP,,,0.014151,-0.3270164876513648,0.0002968827313211,1.9772229615535468e-10,0.003134,3.377365778292777,101.05,209709.0,21191094.45,0.0150000000000005,101.05,101.02
2020-01-31,NTRS,58246,NORTHERN TRUST CORP,,,-0.032063,0.7627000666418171,0.000613434209181,-2.6257133203856835e-10,-0.017706,5.966398723046337,97.81,209248.0,20466546.88,0.0300000000000011,97.88,97.82
2020-02-03,NTRS,58246,NORTHERN TRUST CORP,,,-0.001534,0.3100643434255243,0.0003071882039729,-9.60378490156438e-12,0.007255,7.816366225722588,97.66,209248.0,20435159.68,0.0150000000000005,97.66,97.63
2020-02-04,NTRS,58246,NORTHERN TRUST CORP,,,0.028261,-0.1639879698622917,9.958175662223776e-05,2.0582047014398112e-10,0.01498,6.534576196666157,100.42,209248.0,21012684.16,0.0050000000000025,100.42,100.41
2020-02-05,NTRS,58246,NORTHERN TRUST CORP,,,0.029875,-0.4191664588432928,9.6693096112987e-05,3.6372483116667045e-10,0.011251,3.795501032267931,103.42,209248.0,21640428.16,0.0050000000000025,103.45,103.44
2020-02-06,NTRS,58246,NORTHERN TRUST CORP,,,-0.007445,-0.0076227554485577,0.0001948368241597,-9.202345221573254e-11,0.003326,3.766568856094204,102.65,209248.0,21479307.200000003,0.009999999999998,102.67,102.65
2020-02-07,NTRS,58246,NORTHERN TRUST CORP,,,-0.013541,-0.0305196873172136,0.0001975113569031,-1.7501150277674439e-10,-0.005401,3.651614352347454,101.26,209248.0,21188452.48,0.0100000000000051,101.26,101.24
2020-02-10,NTRS,58246,NORTHERN TRUST CORP,,,-0.001975,-0.3017067294164454,9.89511181476857e-05,-3.6627200702746127e-11,0.007326,2.549897729010552,101.06,209248.0,21146602.88,0.0050000000000025,101.06,101.05
2020-02-11,NTRS,58246,NORTHERN TRUST CORP,,,0.018108,0.8734015417168797,0.0004859558752066,1.7606878506723601e-10,0.001688,4.7769823367487385,102.89,209248.0,21529526.72,0.0250000000000056,102.93,102.88
2020-02-12,NTRS,58246,NORTHERN TRUST CORP,,,-0.004471,-0.2979399224069453,0.0001952552962998,-6.219969688803647e-11,0.006463,3.353728589998471,102.43,209248.0,21433272.64,0.009999999999998,102.44,102.42
2020-02-13,NTRS,58246,NORTHERN TRUST CORP,,,-0.011911,0.000131098764394,0.000790435727695,-1.6767898606570495e-10,-0.00163,3.3541682596727327,101.21,209248.0,21177990.08,0.0400000000000062,101.29,101.21
2020-02-14,NTRS,58246,NORTHERN TRUST CORP,,,-9.9e-05,-0.0222610717628904,9.88142292490624e-05,-1.4255603735272298e-12,0.001844,3.2795008793393485,101.2,209248.0,21175897.6,0.0050000000000025,101.22,101.21
2020-02-18,NTRS,58246,NORTHERN TRUST CORP,,,-0.003656,-0.0290850430395683,0.0003967073291679,-5.442095529732188e-11,-0.00292,3.1841164551154613,100.83,209248.0,21098475.84,0.0200000000000031,100.86,100.82
2020-02-19,NTRS,58246,NORTHERN TRUST CORP,,,0.022216,0.0298407552493733,0.000485107208693,3.1413277956856147e-10,0.004706,3.279132894938064,103.07,209248.0,21567191.36,0.0249999999999985,103.08,103.03
2020-02-20,NTRS,58246,NORTHERN TRUST CORP,,,-0.00359,0.0909025988410732,0.0005842259006816,-4.670008758217679e-11,-0.003816,3.5772145970331857,102.7,209248.0,21489769.6,0.0300000000000011,102.75,102.69
2020-02-21,NTRS,58246,NORTHERN TRUST CORP,,,-0.0074,0.3157155739621256,0.00029429075927,-7.370870229454406e-11,-0.010518,4.706596956721211,101.94,209248.0,21330741.12,0.0149999999999934,101.96,101.93
2020-02-24,NTRS,58246,NORTHERN TRUST CORP,,,-0.05307,0.4525804034336333,0.0001035947373873,-3.8430698248151586e-10,-0.033514,6.836089780041765,96.53,209267.0,20200543.51,0.0050000000000025,96.54,96.53
2020-02-25,NTRS,58246,NORTHERN TRUST CORP,,,-0.055941,0.2186774763590406,0.0005486667398222,-3.5210449107687185e-10,-0.03028,8.330988641305128,91.13,209267.0,19070501.71,0.0249999999999985,91.16,91.11
2020-02-26,NTRS,58246,NORTHERN TRUST CORP,,,-0.019313,0.4153806267175481,0.0003356831151393,-8.757647184504772e-11,-0.003779,11.791519924307226,89.37,209267.0,18702191.79,0.0150000000000005,89.36,89.33
2020-02-27,NTRS,58246,NORTHERN TRUST CORP,,,-0.01891,0.2460199807422345,0.0003421532846713,-7.014479390589177e-11,-0.044163,14.692469429006962,87.68,209267.0,18348530.56,0.0149999999999934,87.71,87.68
2020-02-28,NTRS,58246,NORTHERN TRUST CORP,,,0.000912,0.1601064056417496,0.0009115770282588,2.9134317904946897e-12,-0.008238,17.044827899286556,87.76,209267.0,18365271.92,0.0399999999999991,87.85,87.77
2020-03-02,NTRS,58246,NORTHERN TRUST CORP,,,0.008318,-0.1203206127415249,0.0001130071194484,2.9957594386952706e-11,0.046039,14.99398376237056,88.49,209267.0,18518036.83,0.0049999999999954,88.49,88.48
2020-03-03,NTRS,58246,NORTHERN TRUST CORP,,,-0.057069,-0.0954073401734876,0.0009587727708532,-2.4096564195652406e-10,-0.028108,13.563447652998322,83.44,209267.0,17461238.48,0.0399999999999991,83.46,83.38
2020-03-04,NTRS,58246,NORTHERN TRUST CORP,,,0.019295,-0.3574740820650638,0.0001175778953555,1.2439673169923427e-10,0.042203,8.714866653605203,85.05,209267.0,17798158.349999998,0.0049999999999954,85.05,85.04
2020-03-05,NTRS,58246,NORTHERN TRUST CORP,,,-0.048912,0.4433025868904128,0.0001236246754852,-2.2972153055745824e-10,-0.033922,12.578189585553384,80.89,209267.0,16927607.63,0.0050000000000025,80.9,80.89
2020-03-06,NTRS,58246,NORTHERN TRUST CORP,,,-0.040178,-0.0191322847807917,0.0001287995878413,-2.0043495492704856e-10,-0.017054,12.337540080375788,77.64,209267.0,16247489.88,0.0050000000000025,77.64,77.63
2020-03-09,NTRS,58246,NORTHERN TRUST CORP,,,-0.087712,0.2634175626684845,0.0001411831144995,-3.7963438157332837e-10,-0.07597,15.587464817673116,70.83,209267.0,14822381.61,0.0050000000000025,70.83,70.82
2020-03-10,NTRS,58246,NORTHERN TRUST CORP,,,0.049838,-0.2066649253726767,0.0001344809037115,2.5899318378810045e-10,0.049396,12.366082564379475,74.36,209267.0,15561094.12,0.0049999999999954,74.35,74.34
2020-03-11,NTRS,58246,NORTHERN TRUST CORP,,,-0.038865,-0.0485738343535642,0.0001399188470687,-2.2086500462509364e-10,-0.048868,11.76541451829481,71.47,209267.0,14956312.49,0.0050000000000025,71.48,71.47
2020-03-12,NTRS,58246,NORTHERN TRUST CORP,,,-0.108157,0.4112098023120791,0.0001586294416243,-4.937861022255636e-10,-0.095113,16.603468296482482,63.04,209267.0,13192191.68,0.004999999999999,63.04,63.03
2020-03-13,NTRS,58246,NORTHERN TRUST CORP,,,0.206377,0.0153340367321541,0.0001314924391848,7.692253106260438e-10,0.092871,16.858066489221905,76.05,209267.0,15914755.35,0.0050000000000025,76.04,76.03
2020-03-16,NTRS,58246,NORTHERN TRUST CORP,,,-0.181854,-0.1850079808109048,0.0001607200257151,-1.016555242907009e-09,-0.119841,13.73918964767498,62.22,209267.0,13020592.74,0.004999999999999,62.23,62.22
2020-03-17,NTRS,58246,NORTHERN TRUST CORP,,,0.101736,0.2239935252276483,0.0001458789204958,4.21721955809538e-10,0.059955,16.81667917062891,68.55,209267.0,14345252.85,0.0049999999999954,68.55,68.54
2020-03-18,NTRS,58246,NORTHERN TRUST CORP,,,-0.034573,-0.1647297549199017,0.0001511030522815,-1.7772245565035838e-10,-0.051831,14.046471732284594,66.18,209267.0,13849290.06,0.0049999999999954,66.19,66.18
2020-03-19,NTRS,58246,NORTHERN TRUST CORP,,,0.018586,-0.1238283999492424,0.0025218810265539,1.0705437879540351e-10,0.004708,12.307119612743527,67.41,209267.0,14106688.47,0.0850000000000008,67.58,67.41
2020-03-20,NTRS,58246,NORTHERN TRUST CORP,,,-0.042279,-0.06344890299805,0.0001548946716231,-2.715016905263808e-10,-0.04336,11.526246374249164,64.56,209267.0,13510277.52,0.0049999999999954,64.57,64.56
2020-03-23,NTRS,58246,NORTHERN TRUST CORP,,,-0.02246,-0.0459258319538088,0.0001584534938995,-1.5464674649375238e-10,-0.029294,10.9968939202072,63.11,209267.0,13206840.37,0.004999999999999,63.11,63.1
2020-03-24,NTRS,58246,NORTHERN TRUST CORP,,,0.106956,-0.162594235312675,0.0001431434297166,7.944559845678895e-10,0.093828,9.208862362436504,69.86,209267.0,14619392.62,0.0050000000000025,69.86,69.85
2020-03-25,NTRS,58246,NORTHERN TRUST CORP,,,0.042943,-0.0575197796079208,0.0032939884710402,3.2450712679041017e-10,0.011535,8.67917062890948,72.86,209267.0,15247193.62,0.1199999999999974,73.1,72.86
2020-03-26,NTRS,58246,NORTHERN TRUST CORP,,,0.034175,-0.1292179991454987,0.0022561380225614,2.867720679675898e-10,0.062414,7.557665565999417,75.35,209267.0,15768268.45,0.0850000000000008,75.36,75.19
2020-03-27,NTRS,58246,NORTHERN TRUST CORP,,,-0.018182,-0.0024829757772339,0.0017572316842389,-1.5578247220126768e-10,-0.033687,7.5389000654666045,73.98,209267.0,15481572.66,0.0649999999999977,74.11,73.98
2020-03-30,NTRS,58246,NORTHERN TRUST CORP,,,0.024466,-0.0826333967824153,0.0002638870563398,2.2304854980807623e-10,0.033516,6.915935145053926,75.79,209267.0,15860345.930000002,0.009999999999998,75.78,75.76
2020-03-31,NTRS,58246,NORTHERN TRUST CORP,,,-0.004354,0.0928681931655102,0.0013252054068381,-3.647977718274088e-11,-0.016013,7.602344606156153,75.46,208052.0,15699603.919999998,0.0500000000000042,75.56,75.46
2020-04-01,NTRS,58246,NORTHERN TRUST CORP,,,-0.0326,0.0448781456208355,0.0009589041095889,-2.702151205783585e-10,-0.044142,7.943523734451003,73.0,208052.0,15187796.0,0.0349999999999965,73.05,72.98
2020-04-02,NTRS,58246,NORTHERN TRUST CORP,,,0.053699,0.1355137698724364,0.000130005200208,3.7200555497075006e-10,0.022829,9.019980581777633,76.92,208052.0,16003359.84,0.0050000000000025,76.92,76.91
2020-04-03,NTRS,58246,NORTHERN TRUST CORP,,,0.00143,-0.1921641244254979,0.002206932364014,1.2245471332800776e-11,-0.015137,7.28666391094534,77.03,208052.0,16026245.56,0.0850000000000008,77.2,77.03
2020-04-06,NTRS,58246,NORTHERN TRUST CORP,,,0.056342,0.4713849888357888,0.0019663266560156,3.1041377730689137e-10,0.070331,10.721487897256456,81.37,208052.0,16929191.240000002,0.0799999999999983,81.38,81.22
2020-04-07,NTRS,58246,NORTHERN TRUST CORP,,,0.015116,-0.0302197543560621,0.0006053268765132,8.459730887386571e-11,-0.001603,10.39748716666987,82.6,208052.0,17185095.2,0.0249999999999985,82.61,82.56
2020-04-08,NTRS,58246,NORTHERN TRUST CORP,,,0.009443,-0.1970998762029532,0.0003597985128328,6.520580877313885e-11,0.034056,8.348143733297444,83.38,208052.0,17347375.759999998,0.0150000000000005,83.38,83.35
2020-04-09,NTRS,58246,NORTHERN TRUST CORP,,,0.01811,0.2324106657577405,0.0009423960419367,9.966545542576451e-11,0.014487,10.288341376194412,84.89,208052.0,17661534.28,0.0400000000000062,84.9,84.82
2020-04-13,NTRS,58246,NORTHERN TRUST CORP,,,-0.015785,-0.4706378386459302,0.0005984440454817,-1.667354615490953e-10,-0.010105,5.44625862765078,83.55,208052.0,17382744.599999998,0.0249999999999985,83.57,83.52
2020-04-14,NTRS,58246,NORTHERN TRUST CORP,,,-0.001915,0.1183667886029979,0.0001199184554503,-1.8121760520199824e-11,0.030573,6.090914771307173,83.39,208052.0,17349456.28,0.0050000000000025,83.39,83.38
2020-04-15,NTRS,58246,NORTHERN TRUST CORP,,,-0.053963,0.2342090249024049,0.0008873114463175,-4.3735187651734157e-10,-0.02203,7.517461980658681,78.89,208052.0,16413222.28,0.0349999999999965,78.96,78.89
2020-04-16,NTRS,58246,NORTHERN TRUST CORP,,,-0.011789,0.0973655758259308,0.0012827090815802,-8.810705185121602e-11,0.005817,8.249403995155058,77.96,208052.0,16219733.919999998,0.0499999999999971,77.97,77.87
2020-04-17,NTRS,58246,NORTHERN TRUST CORP,,,0.026167,1.0268914907315423,0.000375,9.402405567034728e-11,0.026794,16.720646761386575,80.0,208052.0,16644160.0,0.0150000000000005,79.99,79.96
2020-04-20,NTRS,58246,NORTHERN TRUST CORP,,,-0.008375,-0.3249044775673199,0.0020168914660279,-4.495284333855184e-11,-0.017881,11.288033760790572,79.33,208052.0,16504765.16,0.0799999999999983,79.32,79.16
2020-04-21,NTRS,58246,NORTHERN TRUST CORP,,,-0.061767,0.3266049193995481,0.0001343544269782,-2.6636471338167336e-10,-0.030675,14.974761117412957,74.43,208052.0,15485310.36,0.0049999999999954,74.44,74.43
2020-04-22,NTRS,58246,NORTHERN TRUST CORP,,,0.023378,-0.6671624626187078,0.0011815675462781,2.959779109322616e-10,0.02293,4.984162613192856,76.17,208052.0,15847320.84,0.0450000000000017,76.18,76.09
2020-04-23,NTRS,58246,NORTHERN TRUST CORP,,,-0.007352,-0.1515432054119473,0.0010580611030286,-1.1051785066074595e-10,-0.000539,4.228846634495223,75.61,208052.0,15730811.72,0.0399999999999991,75.7,75.62
2020-04-24,NTRS,58246,NORTHERN TRUST CORP,,,0.023542,0.1316326066695461,0.0006460783046906,3.055337749758077e-10,0.013918,4.7855007401995655,77.39,208052.0,16101144.28,0.0250000000000056,77.43,77.38
2020-04-27,NTRS,58246,NORTHERN TRUST CORP,,,0.032562,0.082198962870857,0.0002502815667625,3.781843432236372e-10,0.014714,5.1788639378616885,79.91,208052.0,16625435.319999998,0.009999999999998,79.91,79.89
2020-04-28,NTRS,58246,NORTHERN TRUST CORP,,,0.002753,-0.1437994269926021,0.000623986022713,3.724167093272848e-11,-0.005242,4.434146271124527,80.13,208052.0,16671206.76,0.0249999999999985,80.17,80.12
2020-04-29,NTRS,58246,NORTHERN TRUST CORP,,,0.023836,0.1297796393191355,0.0008532423208192,2.7876103676237823e-10,0.026584,5.009608174879357,82.04,208052.0,17068586.080000002,0.0350000000000036,82.04,81.97
2020-04-30,NTRS,58246,NORTHERN TRUST CORP,,,-0.035105,0.0435026226686456,0.0007579585649318,-4.077500217900311e-10,-0.009212,5.227539269028896,79.16,208052.0,16469396.319999998,0.0300000000000011,79.18,79.12
2020-05-01,NTRS,58246,NORTHERN TRUST CORP,,,-0.046614,0.171449062155204,0.0006625149065855,-4.847852682207191e-10,-0.028059,6.123795974083402,75.47,208052.0,15701684.44,0.0250000000000056,75.51,75.46
2020-05-04,NTRS,58246,NORTHERN TRUST CORP,,,-0.006758,-0.1929669374005155,0.000667022411953,-8.768083445541361e-11,0.00425,4.942105819698922,74.96,208052.0,15595577.919999998,0.0249999999999985,74.96,74.91
2020-05-05,NTRS,58246,NORTHERN TRUST CORP,,,-0.025213,-0.0259099507398744,0.0009579854933626,-3.4451042978565236e-10,0.009041,4.814056101359276,73.07,208052.0,15202359.64,0.0350000000000036,73.14,73.07
2020-05-06,NTRS,58246,NORTHERN TRUST CORP,,,-0.013686,-0.1247206896345153,0.0008325239350631,-2.1661688618000047e-10,-0.006979,4.213643704458501,72.07,208052.0,14994307.64,0.0300000000000011,72.13,72.07
2020-05-07,NTRS,58246,NORTHERN TRUST CORP,,,0.025947,0.1942184913826046,0.0004057343792264,3.3519243551839026e-10,0.011505,5.03201122796224,73.94,208052.0,15383364.88,0.0150000000000005,73.97,73.94
2020-05-08,NTRS,58246,NORTHERN TRUST CORP,,,0.027725,0.2073386696213655,0.001052770101329,2.8865062555380225e-10,0.016872,6.075341741487705,75.99,208052.0,15809871.48,0.0399999999999991,75.99,75.91
2020-05-11,NTRS,58246,NORTHERN TRUST CORP,,,-0.016055,-0.2152577518597896,0.000401230440016,-2.1647776110247463e-10,0.000177,4.767577336435122,74.77,208052.0,15556048.04,0.0150000000000005,74.77,74.74
2020-05-12,NTRS,58246,NORTHERN TRUST CORP,,,-0.025679,0.1873417185534083,0.0002745367192863,-2.9929756397908376e-10,-0.020544,5.660743467979159,72.85,208052.0,15156588.2,0.0100000000000051,72.87,72.85
2020-05-13,NTRS,58246,NORTHERN TRUST CORP,,,-0.03569,0.028642412643316,0.0004270462633452,-4.19363302048545e-10,-0.017463,5.822880818256974,70.25,208052.0,14615653.0,0.0150000000000005,70.27,70.24
2020-05-14,NTRS,58246,NORTHERN TRUST CORP,,,0.028612,-0.0247387041442488,0.0004151674508718,3.3513475911094945e-10,0.011525,5.678830292426893,72.26,208052.0,15033837.52,0.0150000000000005,72.3,72.27
2020-05-15,NTRS,58246,NORTHERN TRUST CORP,,,-0.015638,-0.247059650001862,0.0011247012512301,-2.4713658615143327e-10,0.003926,4.275820467959933,71.13,208052.0,14798738.76,0.0399999999999991,71.13,71.05
2020-05-18,NTRS,58246,NORTHERN TRUST CORP,,,0.067623,0.2634328282709059,0.0001316829075584,7.922829808535442e-10,0.031501,5.402211947013247,75.94,208052.0,15799468.88,0.0049999999999954,75.94,75.93
2020-05-19,NTRS,58246,NORTHERN TRUST CORP,,,-0.033843,-0.2313742447334869,0.0002725909772387,-5.339393002979398e-10,-0.010484,4.152279237882837,73.37,208052.0,15264775.24,0.0100000000000051,73.37,73.35
2020-05-20,NTRS,58246,NORTHERN TRUST CORP,,,0.018945,0.2161432589797312,0.0004012841091492,2.4120268236266487e-10,0.016651,5.049766404552708,74.76,208052.0,15553967.52,0.0150000000000005,74.78,74.75
2020-05-21,NTRS,58246,NORTHERN TRUST CORP,,,-0.010968,0.0312940813657538,0.0006762239653772,-1.3690593843348334e-10,-0.007774,5.20779420529483,73.94,208052.0,15383364.88,0.0249999999999985,73.99,73.94
2020-05-22,NTRS,58246,NORTHERN TRUST CORP,,,-0.000812,-0.0130854680975955,0.0010828370330265,-1.0278361533861218e-11,0.002354,5.139647780362601,73.88,208052.0,15370881.76,0.0399999999999991,73.95,73.87
2020-05-26,NTRS,58246,NORTHERN TRUST CORP,,,0.071197,0.78869723953862,0.0001263583522871,4.703526105417412e-10,0.012289,9.19327379693538,79.14,208052.0,16465235.28,0.0050000000000025,79.06,79.05
2020-05-27,NTRS,58246,NORTHERN TRUST CORP,,,0.047511,-0.2246550518931822,0.0010856453558502,3.8645825608160685e-10,0.014827,7.127958395016631,82.9,208052.0,17247510.8,0.0449999999999946,82.88,82.79
2020-05-28,NTRS,58246,NORTHERN TRUST CORP,,,-0.035947,-0.2873965094748029,0.0002502502502502,-4.256201495743085e-10,-0.002108,5.079408032607232,79.92,208052.0,16627515.84,0.009999999999998,79.94,79.92
2020-05-29,NTRS,58246,NORTHERN TRUST CORP,,,-0.011386,0.429939599595375,0.0001265662574358,-9.536443232750856e-11,0.004812,7.263246688327918,79.01,208052.0,16438188.52,0.0050000000000025,79.03,79.02
2020-06-01,NTRS,58246,NORTHERN TRUST CORP,,,0.02101,-0.4346877475377746,0.0003718854592785,3.0487576799007686e-10,0.003751,4.106002345567454,80.67,208052.0,16783554.84,0.0150000000000005,80.7,80.67
2020-06-02,NTRS,58246,NORTHERN TRUST CORP,,,0.002355,0.3213615963252492,0.0003710116250309,2.580146738223621e-11,0.008211,5.425513813854229,80.86,208052.0,16823084.72,0.0150000000000005,80.83,80.8
2020-06-03,NTRS,58246,NORTHERN TRUST CORP,,,0.052931,0.0086526357007377,0.0001174536058257,5.460369810496862e-10,0.013649,5.47245880837483,85.14,208052.0,17713547.28,0.0050000000000025,85.15,85.14
2020-06-04,NTRS,58246,NORTHERN TRUST CORP,,,0.033357,0.1670660029019213,0.0002273243919072,2.8533379519594025e-10,-0.003369,6.386720627535424,87.98,208052.0,18304414.96,0.009999999999998,87.99,87.97
2020-06-05,NTRS,58246,NORTHERN TRUST CORP,,,0.030916,0.8220248801523213,0.0004410143329658,1.4079002761992858e-10,0.026212,11.63676388595159,90.7,208052.0,18870316.4,0.0200000000000031,90.7,90.66
2020-06-08,NTRS,58246,NORTHERN TRUST CORP,,,0.005072,-0.2658257649980257,0.0001096972356297,3.130197004927478e-11,0.012042,8.54341222386711,91.16,208052.0,18966020.32,0.0050000000000025,91.18,91.17
2020-06-09,NTRS,58246,NORTHERN TRUST CORP,,,0.009105,-0.3149295010784968,0.0006522448092184,8.128320293578537e-11,-0.007799,5.85283967469671,91.99,208052.0,19138703.48,0.0300000000000011,92.04,91.98
2020-06-10,NTRS,58246,NORTHERN TRUST CORP,,,-0.047396,0.0826676630847627,0.0009129293620905,-4.1025623564642176e-10,-0.005313,6.33668025301367,87.63,208052.0,18231596.76,0.0399999999999991,87.64,87.56
2020-06-11,NTRS,58246,NORTHERN TRUST CORP,,,-0.055689,0.2211673755024239,0.0008531383302863,-4.2158189575403905e-10,-0.058944,7.738147193970738,82.05,208052.0,17070666.599999998,0.0349999999999965,82.11,82.04
2020-06-12,NTRS,58246,NORTHERN TRUST CORP,,,0.019013,-0.2873963391114063,0.0007176175098672,1.9821453321307222e-10,0.013061,5.514232018918348,83.61,208052.0,17395227.72,0.0300000000000011,83.62,83.56
2020-06-15,NTRS,58246,NORTHERN TRUST CORP,,,-0.001076,0.2488600972589163,0.0002394636015326,-8.991891656297645e-12,0.008312,6.886504335454598,83.52,208052.0,17376503.04,0.0100000000000051,83.54,83.52
2020-06-16,NTRS,58246,NORTHERN TRUST CORP,,,0.016882,-0.2139715833386262,0.0007064641469445,1.7650369624234792e-10,0.018962,5.412988099129064,84.93,208052.0,17669856.360000003,0.0300000000000011,85.0,84.94
2020-06-17,NTRS,58246,NORTHERN TRUST CORP,,,-0.01307,0.5696036967349001,0.0003579098067285,-8.821226041916722e-11,-0.0036,8.496246130774999,83.82,208052.0,17438918.639999997,0.0149999999999934,83.82,83.79
2020-06-18,NTRS,58246,NORTHERN TRUST CORP,,,-0.014316,-0.058675843388523,0.000242072137497,-1.0413538213491458e-10,0.000594,7.9977217234153,82.62,208052.0,17189256.240000002,0.0100000000000051,82.62,82.6
2020-06-19,NTRS,58246,NORTHERN TRUST CORP,,,0.000484,1.4375555157571598,0.0001209774981853,1.4436345291573633e-12,-0.005649,19.49489070040182,82.66,208052.0,17197578.32,0.0050000000000025,82.5,82.49
2020-06-22,NTRS,58246,NORTHERN TRUST CORP,,,-0.011009,-0.6266855787952074,0.0007339449541284,-8.893908223232693e-11,0.006495,7.277723838271202,81.75,208052.0,17008251.0,0.0300000000000011,81.75,81.69
2020-06-23,NTRS,58246,NORTHERN TRUST CORP,,,-0.007951,0.2790829147802884,0.0003699136868064,-5.0621467906733935e-11,0.004307,9.308812220021917,81.1,208052.0,16873017.2,0.0150000000000005,81.1,81.07
2020-06-24,NTRS,58246,NORTHERN TRUST CORP,,,-0.048335,-0.1614825501092829,0.0006478362270017,-3.8563698529262733e-10,-0.025855,7.805601484244323,77.18,208052.0,16057453.36,0.0249999999999985,77.22,77.17
2020-06-25,NTRS,58246,NORTHERN TRUST CORP,,,0.016325,-0.1165919834775375,0.0002549719530851,1.450694616557747e-10,0.010959,6.895530924961068,78.44,208052.0,16319598.88,0.009999999999998,78.46,78.44
2020-06-26,NTRS,58246,NORTHERN TRUST CORP,,,-0.028557,0.3714367965515823,0.0005249343832021,-1.9047685290825935e-10,-0.024227,9.456784842250975,76.2,208052.0,15853562.4,0.0200000000000031,76.23,76.19
2020-06-29,NTRS,58246,NORTHERN TRUST CORP,,,0.001312,-0.4260496680310017,0.0006553079947574,1.5227183537410918e-11,0.014686,5.427724799569338,76.3,208052.0,15874367.6,0.0249999999999985,76.3,76.25
2020-06-30,NTRS,58246,NORTHERN TRUST CORP,,,0.039843,0.29750568740818,0.0010083186286866,3.4273688907747157e-10,0.01541,7.041116231684872,79.34,208093.0,16510098.62,0.0399999999999991,79.32,79.24
2020-07-01,NTRS,58246,NORTHERN TRUST CORP,,,-0.030249,-0.3936856703523802,0.000649857031453,-4.425496714099487e-10,0.005022,4.269129667984988,76.94,208093.0,16010675.42,0.0249999999999985,76.95,76.9
2020-07-02,NTRS,58246,NORTHERN TRUST CORP,,,0.009488,-0.0651424622006897,0.000901248873439,1.4708863559242975e-10,0.004541,3.991028049958432,77.67,208093.0,16162583.31,0.0350000000000036,77.73,77.66
2020-07-06,NTRS,58246,NORTHERN TRUST CORP,,,0.013261,0.2415722963738931,0.000254129606099,1.6341325390349174e-10,0.015882,4.95514986087951,78.7,208093.0,16376919.1,0.009999999999998,78.7,78.68
2020-07-07,NTRS,58246,NORTHERN TRUST CORP,,,-0.0108,0.3745155809343516,0.0006422607578676,-9.78816330543926e-11,-0.010819,6.810930689643572,77.85,208093.0,16200040.05,0.0249999999999985,77.89,77.84
2020-07-08,NTRS,58246,NORTHERN TRUST CORP,,,0.029673,0.0233739055829118,0.0009980039920159,2.5521457748097827e-10,0.007828,6.970128740515058,80.16,208093.0,16680734.88,0.0399999999999991,80.23,80.15
2020-07-09,NTRS,58246,NORTHERN TRUST CORP,,,-0.046781,-0.0518423783209864,0.0001308729223922,-4.4518496630313186e-10,-0.005644,6.608780689403296,76.41,208093.0,15900386.13,0.0049999999999954,76.41,76.4
2020-07-10,NTRS,58246,NORTHERN TRUST CORP,,,0.049208,-0.1709882122478896,0.0003742048147686,5.383742913251102e-10,0.010466,5.478757094183851,80.17,208093.0,16682815.81,0.0150000000000005,80.2,80.17
2020-07-13,NTRS,58246,NORTHERN TRUST CORP,,,0.017463,0.258539888482586,0.0009807527277185,1.4920448900711387e-10,-0.009363,6.895234342337321,81.57,208093.0,16974146.009999998,0.0399999999999991,81.57,81.49
2020-07-14,NTRS,58246,NORTHERN TRUST CORP,,,0.000981,-0.2766393699689863,0.0009797917942437,1.1575811557521776e-11,0.013406,4.987741058084606,81.65,208093.0,16990793.450000003,0.0399999999999991,81.66,81.58
2020-07-15,NTRS,58246,NORTHERN TRUST CORP,,,-0.013472,0.5675778532710802,0.0001241464928616,-1.0279595846808415e-10,0.009082,7.818672420504294,80.55,208093.0,16761891.15,0.0050000000000025,80.56,80.55
2020-07-16,NTRS,58246,NORTHERN TRUST CORP,,,-0.007573,-0.3252061602533725,0.0005003752814611,-8.628637309567471e-11,-0.003406,5.2759919843531495,79.94,208093.0,16634954.42,0.0200000000000031,79.98,79.94
2020-07-17,NTRS,58246,NORTHERN TRUST CORP,,,-0.027896,0.2688212100042171,0.0005147342684338,-2.57693222931094e-10,0.002849,6.694290533559514,77.71,208093.0,16170907.03,0.019999999999996,77.72,77.68
2020-07-20,NTRS,58246,NORTHERN TRUST CORP,,,0.000386,0.094398920342992,0.0002572678157963,3.256904950009385e-12,0.008407,7.326224332389845,77.74,208093.0,16177149.819999998,0.0100000000000051,77.76,77.74
2020-07-21,NTRS,58246,NORTHERN TRUST CORP,,,0.026885,-0.0176191313291388,0.0008768633345859,2.2486731338664915e-10,0.001679,7.197142623730736,79.83,208093.0,16612064.19,0.0349999999999965,79.94,79.87
2020-07-22,NTRS,58246,NORTHERN TRUST CORP,,,-0.052737,0.9177004356752968,0.0006612007405449,-2.4281773323495667e-10,0.005747,13.80196354514568,75.62,208093.0,15735992.66,0.0250000000000056,75.62,75.57
2020-07-23,NTRS,58246,NORTHERN TRUST CORP,,,0.024597,-0.4056022578663915,0.0009034589571503,1.8595892663337223e-10,-0.01232,8.203855968244968,77.48,208093.0,16123045.64,0.0350000000000036,77.48,77.41
2020-07-24,NTRS,58246,NORTHERN TRUST CORP,,,-0.018715,-0.3613663588463915,0.0005261081152177,-2.2577588358616823e-10,-0.00619,5.239258408500046,76.03,208093.0,15821310.79,0.0200000000000031,76.04,76.0
2020-07-27,NTRS,58246,NORTHERN TRUST CORP,,,0.007629,-0.0196908424008005,0.0007831875734238,9.317336972435114e-11,0.007395,5.136092996881202,76.61,208093.0,15942004.73,0.0300000000000011,76.61,76.55
2020-07-28,NTRS,58246,NORTHERN TRUST CORP,,,0.006396,0.2043554129221498,0.0006485084306095,6.444794265646966e-11,-0.006473,6.185681402065423,77.1,208093.0,16043970.3,0.0249999999999985,77.14,77.09
2020-07-29,NTRS,58246,NORTHERN TRUST CORP,,,0.028016,-0.0206588424304904,0.0003785011355034,2.803967886388793e-10,0.012428,6.057892384654938,79.26,208093.0,16493451.180000002,0.0150000000000005,79.28,79.25
2020-07-30,NTRS,58246,NORTHERN TRUST CORP,,,-0.01678,-0.2951701762249079,0.0005132811497498,-2.4233937450482463e-10,-0.00375,4.269783221924812,77.93,208093.0,16216687.490000002,0.0200000000000031,77.93,77.89
2020-07-31,NTRS,58246,NORTHERN TRUST CORP,,,0.005389,-0.0500893628898653,0.0005105296745374,8.149353074327834e-11,0.00767,4.055912500660762,78.35,208093.0,16304086.55,0.0200000000000031,78.37,78.33
2020-08-03,NTRS,58246,NORTHERN TRUST CORP,,,0.01187,0.175260394759759,0.0007568113017154,1.5094089744689567e-10,0.007181,4.766753326637609,79.28,208093.0,16497613.04,0.0300000000000011,79.29,79.23
2020-08-04,NTRS,58246,NORTHERN TRUST CORP,,,0.0,-0.3230163882862465,0.0008829465186679,0.0,0.003612,3.2270138832156774,79.28,208093.0,16497613.04,0.0349999999999965,79.32,79.25
2020-08-05,NTRS,58246,NORTHERN TRUST CORP,,,0.014001,-0.1043246728685264,0.0009951486503297,2.8956636262881776e-10,0.00643,2.890356715507009,80.39,208093.0,16728596.27,0.0400000000000062,80.4,80.32
2020-08-06,NTRS,58246,NORTHERN TRUST CORP,,,-0.004105,0.2654893152197226,0.0006245316012989,-6.736435825847902e-11,0.006428,3.657715540647691,80.06,208093.0,16659925.58,0.0249999999999985,80.11,80.06
2020-08-07,NTRS,58246,NORTHERN TRUST CORP,,,0.039845,-0.0127833724191842,0.0004804804804805,6.369564336866026e-10,0.000633,3.610957600688154,83.25,208093.0,17323742.25,0.0200000000000031,83.25,83.21
2020-08-10,NTRS,58246,NORTHERN TRUST CORP,,,0.004925,0.1558273390869227,0.0004781257470715,6.7782182976486e-11,0.002742,4.173643515159087,83.66,208093.0,17409060.38,0.0200000000000031,83.7,83.66
2020-08-11,NTRS,58246,NORTHERN TRUST CORP,,,0.007291,0.1853804118797106,0.0003559985760057,8.403951451523959e-11,-0.007969,4.947355269038363,84.27,208093.0,17535997.11,0.0150000000000005,84.29,84.26
2020-08-12,NTRS,58246,NORTHERN TRUST CORP,,,-0.002373,-0.315327680158522,0.0008326394671106,-4.0044543849571096e-11,0.013997,3.3873172091324557,84.07,208093.0,17494378.509999998,0.0349999999999965,84.13,84.06
2020-08-13,NTRS,58246,NORTHERN TRUST CORP,,,-0.016891,-0.1459658919215692,0.0003629764065335,-3.3948762534191485e-10,-0.002047,2.892884431480156,82.65,208093.0,17198886.450000003,0.0150000000000005,82.68,82.65
2020-08-14,NTRS,58246,NORTHERN TRUST CORP,,,0.009316,0.0195435464767628,0.0004795013186287,1.8195540413358943e-10,-0.000172,2.949421652818692,83.42,208093.0,17359118.06,0.0200000000000031,83.42,83.38
2020-08-17,NTRS,58246,NORTHERN TRUST CORP,,,-0.010069,-0.0912629489991103,0.0007265681763139,-2.1861446344284149e-10,0.00271,2.680248734940628,82.58,208093.0,17184319.94,0.0300000000000011,82.63,82.57
2020-08-18,NTRS,58246,NORTHERN TRUST CORP,,,-0.004359,0.072130254006788,0.0003648747263439,-8.866031586444276e-11,0.002303,2.8735757569932674,82.22,208093.0,17109406.46,0.0150000000000005,82.24,82.21
2020-08-19,NTRS,58246,NORTHERN TRUST CORP,,,0.009487,0.0519774370328995,0.000722891566265,1.8170390495424404e-10,-0.004404,3.022936859961652,83.0,208093.0,17271719.0,0.0300000000000011,83.06,83.0
2020-08-20,NTRS,58246,NORTHERN TRUST CORP,,,-0.018916,0.1522147612598003,0.0003684145892175,-3.20497678663151e-10,0.003159,3.483072472404165,81.43,208093.0,16945012.990000002,0.0149999999999934,81.46,81.43
2020-08-21,NTRS,58246,NORTHERN TRUST CORP,,,0.003684,-0.1359003756882905,0.0002447081854887,7.197046754926188e-11,0.003441,3.0097216148548966,81.73,208093.0,17007440.89,0.009999999999998,81.75,81.73
2020-08-24,NTRS,58246,NORTHERN TRUST CORP,,,0.030956,0.1128433247858062,0.0009494422027058,5.2711522396331e-10,0.010044,3.3493486085548287,84.26,208093.0,17533916.18,0.0399999999999991,84.33,84.25
2020-08-25,NTRS,58246,NORTHERN TRUST CORP,,,-0.003086,-0.1869791786230803,0.0008333333333334,-6.483315316187465e-11,0.003596,2.72309015680489,84.0,208093.0,17479812.0,0.0350000000000036,84.06,83.99
2020-08-26,NTRS,58246,NORTHERN TRUST CORP,,,-0.015,0.283713575784956,0.0006043026347596,-2.4922299845461007e-10,0.010196,3.495667802376822,82.74,208093.0,17217614.82,0.0250000000000056,82.79,82.74
2020-08-27,NTRS,58246,NORTHERN TRUST CORP,,,0.018613,-0.2956460056308287,0.0002373042240151,4.310357013368118e-10,0.001673,2.4621875795918173,84.28,208093.0,17538078.04,0.009999999999998,84.3,84.28
2020-08-28,NTRS,58246,NORTHERN TRUST CORP,,,-0.00439,0.0989569915138455,0.0004767012275057,-9.29162118095326e-11,0.006733,2.7058382550109807,83.91,208093.0,17461083.63,0.0200000000000031,83.93,83.89
2020-08-31,NTRS,58246,NORTHERN TRUST CORP,,,-0.024073,0.8527739199312336,0.0003663450970814,-2.8178483197575237e-10,-0.002195,5.013306550436584,81.89,208093.0,17040735.77,0.0150000000000005,81.89,81.86
2020-09-01,NTRS,58246,NORTHERN TRUST CORP,,,0.00232,-0.1996944118002289,0.0001218323586743,3.385423893525215e-11,0.007525,4.012177247672915,82.08,208093.0,17080273.44,0.0049999999999954,82.1,82.09
2020-09-02,NTRS,58246,NORTHERN TRUST CORP,,,0.022417,-0.1630997980610991,0.0008341277407055,3.8229688723106596e-10,0.015366,3.3577919487921264,83.92,208093.0,17463164.56,0.0350000000000036,83.98,83.91
2020-09-03,NTRS,58246,NORTHERN TRUST CORP,,,-0.003098,0.4480295048323179,0.0003585943103036,-3.659947766690399e-11,-0.035126,4.862181812939407,83.66,208093.0,17409060.38,0.0150000000000005,83.69,83.66
2020-09-04,NTRS,58246,NORTHERN TRUST CORP,,,0.009443,-0.0117445783989894,0.0001184132622852,1.1182849093970168e-10,-0.008133,4.8050775374472,84.45,208093.0,17573453.85,0.0049999999999954,84.46,84.45
2020-09-08,NTRS,58246,NORTHERN TRUST CORP,,,-0.033629,0.5829785489192452,0.0001225340031859,-2.6033806599833185e-10,-0.027756,7.606334667672627,81.61,208093.0,16982469.73,0.0050000000000025,81.62,81.61
2020-09-09,NTRS,58246,NORTHERN TRUST CORP,,,-0.006372,-0.3980269454930267,0.0006165988407941,-8.247047838182129e-11,0.020145,4.578808513501175,81.09,208093.0,16874261.37,0.0249999999999985,81.11,81.06
2020-09-10,NTRS,58246,NORTHERN TRUST CORP,,,-0.021458,0.127621434523697,0.0007628734901462,-2.5393188609333196e-10,-0.017585,5.163162624403512,78.65,208093.0,16366514.45,0.0300000000000011,78.7,78.64
2020-09-11,NTRS,58246,NORTHERN TRUST CORP,,,0.015257,-0.2650746729857467,0.0001252348152785,2.41979032455776e-10,0.000533,3.794538980167521,79.85,208093.0,16616226.05,0.0049999999999954,79.88,79.87
2020-09-14,NTRS,58246,NORTHERN TRUST CORP,,,0.00814,0.6863821320969534,0.0006211180124223,7.593745582170586e-11,0.012742,6.399042735699903,80.5,208093.0,16751486.5,0.0249999999999985,80.5,80.45
2020-09-15,NTRS,58246,NORTHERN TRUST CORP,,,-0.021615,0.1997910777743399,0.000126968004063,-1.7177953488941657e-10,0.005219,7.677514380589448,78.76,208093.0,16389404.680000002,0.0050000000000025,78.76,78.75
2020-09-16,NTRS,58246,NORTHERN TRUST CORP,,,0.056628,0.7889188845776607,0.0004806536890171,2.3808649049068057e-10,-0.004619,13.734450462053024,83.22,208093.0,17317499.46,0.0200000000000031,83.23,83.19
2020-09-17,NTRS,58246,NORTHERN TRUST CORP,,,-0.003845,-0.3065265288170962,0.0006031363088057,-2.3401473451591645e-11,-0.008412,9.524477036709548,82.9,208093.0,17250909.700000003,0.0249999999999985,82.96,82.91
2020-09-18,NTRS,58246,NORTHERN TRUST CORP,,,-0.013993,0.0138351756856915,0.0001223391240517,-8.519424040721857e-11,-0.011183,9.65624984982676,81.74,208093.0,17009521.82,0.0049999999999954,81.74,81.73
2020-09-21,NTRS,58246,NORTHERN TRUST CORP,,,-0.027404,-0.18205601876781,0.0001257861635218,-2.0972842889172888e-10,-0.011571,7.898271445940036,79.5,208093.0,16543393.5,0.0049999999999954,79.52,79.51
2020-09-22,NTRS,58246,NORTHERN TRUST CORP,,,-0.021509,-0.0447950352128744,0.0002571024553283,-1.7612067866002176e-10,0.010518,7.544468098398312,77.79,208093.0,16187554.47,0.009999999999998,77.81,77.79
2020-09-23,NTRS,58246,NORTHERN TRUST CORP,,,-0.023139,-0.4862686797231251,0.0006579813133308,-3.775426327046531e-10,-0.023721,3.875829556976929,75.99,208093.0,15812987.069999998,0.0250000000000056,76.04,75.99
2020-09-24,NTRS,58246,NORTHERN TRUST CORP,,,-0.010133,0.2488416469009948,0.0005317734645042,-1.3374427430374183e-10,0.002987,4.84029736704262,75.22,208093.0,15652755.46,0.0200000000000031,75.26,75.22
2020-09-25,NTRS,58246,NORTHERN TRUST CORP,,,0.016485,-0.1359984591434744,0.0011770860580696,2.477482673213573e-10,0.015977,4.182024383328608,76.46,208093.0,15910790.78,0.0450000000000017,76.47,76.38
2020-09-28,NTRS,58246,NORTHERN TRUST CORP,,,0.028119,-0.224271186440678,0.0006360513929525,5.298685224057892e-10,0.016111,3.2441168131556566,78.61,208093.0,16358190.73,0.0249999999999985,78.67,78.62
2020-09-29,NTRS,58246,NORTHERN TRUST CORP,,,-0.014629,-0.1015364150512977,0.000258197779499,-3.1137426292487625e-10,-0.004813,2.91472082194019,77.46,208093.0,16118883.78,0.009999999999998,77.46,77.44
2020-09-30,NTRS,58246,NORTHERN TRUST CORP,,,0.006584,0.310042487383209,0.0006412722842118,1.0627288541553804e-10,0.008254,3.817894397970412,77.97,208121.0,16227194.37,0.0249999999999985,77.97,77.92
2020-10-01,NTRS,58246,NORTHERN TRUST CORP,,,-0.011799,-0.0383156469297141,0.0006489292667098,-2.0040114214587788e-10,0.005293,3.671609304202844,77.05,208121.0,16035723.05,0.0249999999999985,77.05,77.0
2020-10-02,NTRS,58246,NORTHERN TRUST CORP,,,0.017651,-0.3339366267132027,0.0007652085193215,4.4229287457697034e-10,-0.009572,2.4455244785485366,78.41,208121.0,16318767.61,0.0300000000000011,78.47,78.41
2020-10-05,NTRS,58246,NORTHERN TRUST CORP,,,0.030863,0.2905523955478275,0.0003711493257454,5.813022454010031e-10,0.017976,3.1560774741616657,80.83,208121.0,16822420.43,0.0150000000000005,80.84,80.81
2020-10-06,NTRS,58246,NORTHERN TRUST CORP,,,-0.007918,0.5613157421983235,0.0003741114852226,-9.628108724060977e-11,-0.013988,4.927633444006131,80.19,208121.0,16689222.99,0.0150000000000005,80.17,80.14
2020-10-07,NTRS,58246,NORTHERN TRUST CORP,,,0.025564,-0.1374646041515527,0.0009727626459143,3.51410296892885e-10,0.017406,4.250258263221876,82.24,208121.0,17115871.04,0.0399999999999991,82.32,82.24
2020-10-08,NTRS,58246,NORTHERN TRUST CORP,,,0.024441,-0.3986262220654601,0.0002373887240357,5.453475291334531e-10,0.008007,2.555993868951235,84.25,208121.0,17534194.25,0.0100000000000051,84.26,84.24
2020-10-09,NTRS,58246,NORTHERN TRUST CORP,,,0.011513,0.3201148215265923,0.0007040600797933,1.9237983857112816e-10,0.008791,3.374205390133624,85.22,208121.0,17736071.62,0.029999999999994,85.24,85.18
2020-10-12,NTRS,58246,NORTHERN TRUST CORP,,,0.01279,-0.0675207869640566,0.0009268914378403,2.2629911201695228e-10,0.016419,3.1463763868134405,86.31,208121.0,17962923.51,0.0399999999999991,86.31,86.23
2020-10-13,NTRS,58246,NORTHERN TRUST CORP,,,-0.027575,0.2675134043037321,0.000357440724413,-3.9583952712138166e-10,-0.006307,3.98807424527078,83.93,208121.0,17467595.53,0.0149999999999934,83.96,83.93
2020-10-14,NTRS,58246,NORTHERN TRUST CORP,,,0.005481,-0.1741815079963662,0.0007109847138286,9.475564076945369e-11,-0.006623,3.2934254592280454,84.39,208121.0,17563331.19,0.0300000000000011,84.39,84.33
2020-10-15,NTRS,58246,NORTHERN TRUST CORP,,,0.031165,0.3654328444438608,0.0006894966674328,3.82660790755208e-10,-0.001528,4.496951292757578,87.02,208121.0,18110689.42,0.0300000000000011,87.03,86.97
2020-10-16,NTRS,58246,NORTHERN TRUST CORP,,,0.004137,-0.2583560385079761,0.0006866559853513,6.82093526548667e-11,0.000135,3.335136771397408,87.38,208121.0,18185612.98,0.0300000000000011,87.43,87.37
2020-10-19,NTRS,58246,NORTHERN TRUST CORP,,,-0.022545,0.0372951339265132,0.000936658470905,-3.666144888144683e-10,-0.01633,3.459521143949914,85.41,208121.0,17775614.61,0.0399999999999991,85.48,85.4
2020-10-20,NTRS,58246,NORTHERN TRUST CORP,,,0.004098,0.1178959970777737,0.0004664179104476,5.936820079088804e-11,0.004727,3.867384838627529,85.76,208121.0,17848456.96,0.019999999999996,85.8,85.76
2020-10-21,NTRS,58246,NORTHERN TRUST CORP,,,0.000117,1.251386535202588,0.0004663635303719,7.527783027682616e-13,-0.002196,8.706978152132654,85.77,208121.0,17850538.169999998,0.0200000000000031,85.81,85.77
2020-10-22,NTRS,58246,NORTHERN TRUST CORP,,,-0.000117,-0.507609658380723,0.0008162313432835,-1.529002534073139e-12,0.005219,4.287231946800179,85.76,208121.0,17848456.96,0.0349999999999965,85.77,85.7
2020-10-23,NTRS,58246,NORTHERN TRUST CORP,,,-0.015742,0.0419360659357161,0.0014216325079965,-2.0060051907485636e-10,0.003446,4.4670215884029005,84.41,208121.0,17567493.61,0.0599999999999951,84.49,84.37
2020-10-26,NTRS,58246,NORTHERN TRUST CORP,,,-0.025826,-0.1925768086042416,0.000608050589809,-4.18400005659368e-10,-0.01859,3.6067768269420193,82.23,208121.0,17113789.830000002,0.0249999999999985,82.23,82.18
2020-10-27,NTRS,58246,NORTHERN TRUST CORP,,,-0.018606,0.1767877268379503,0.0007434944237918,-2.610034072728099e-10,-0.003026,4.244410703388894,80.7,208121.0,16795364.7,0.0300000000000011,80.7,80.64
2020-10-28,NTRS,58246,NORTHERN TRUST CORP,,,-0.035935,0.0129642690165063,0.0010282776349614,-5.161912288562305e-10,-0.035288,4.299436385564167,77.8,208121.0,16191813.8,0.0399999999999991,77.88,77.8
2020-10-29,NTRS,58246,NORTHERN TRUST CORP,,,0.006298,-0.0965184515474355,0.0006386511687317,9.950608607393171e-11,0.011947,3.8844614431028095,78.29,208121.0,16293793.090000002,0.0250000000000056,78.29,78.24
2020-10-30,NTRS,58246,NORTHERN TRUST CORP,,,-0.000256,0.0699064121181833,0.0007665772326562,-3.781395666585056e-12,-0.01213,4.156010205601549,78.27,208121.0,16289630.67,0.0300000000000011,78.33,78.27
2020-11-02,NTRS,58246,NORTHERN TRUST CORP,,,0.009966,-0.0094883768250991,0.0008855154965211,1.4715225546645048e-10,0.012318,4.116576414681844,79.05,208121.0,16451965.05,0.0349999999999965,79.05,78.98
2020-11-03,NTRS,58246,NORTHERN TRUST CORP,,,0.044149,0.1056941030363725,0.0006057669008966,5.646369922839805e-10,0.017799,4.551674266412327,82.54,208121.0,17178307.34,0.0250000000000056,82.54,82.49
2020-11-04,NTRS,58246,NORTHERN TRUST CORP,,,-0.044221,0.0704983326278185,0.0007605526682723,-5.527560812581955e-10,0.022047,4.8725597128593465,78.89,208121.0,16418665.69,0.0300000000000011,78.93,78.87
2020-11-05,NTRS,58246,NORTHERN TRUST CORP,,,0.034098,-0.352795927745488,0.0009806325079676,6.368408160503094e-10,0.01946,3.153540488465844,81.58,208121.0,16978511.18,0.0399999999999991,81.59,81.51
2020-11-06,NTRS,58246,NORTHERN TRUST CORP,,,0.000981,0.6592429279708922,0.0007347538574577,1.1031519607998818e-11,-0.000288,5.232489753556825,81.66,208121.0,16995160.86,0.0300000000000011,81.72,81.66
2020-11-09,NTRS,58246,NORTHERN TRUST CORP,,,0.111927,0.646346939506387,0.0007709251101322,6.875485392609362e-10,0.0117,8.614493491766808,90.8,208121.0,18897386.8,0.0350000000000036,90.81,90.74
2020-11-10,NTRS,58246,NORTHERN TRUST CORP,,,0.011564,-0.2649291047752274,0.0014153511159498,9.553313808639464e-11,-0.0014,6.332263442901005,91.85,208121.0,19115913.85,0.0649999999999977,91.85,91.72
2020-11-11,NTRS,58246,NORTHERN TRUST CORP,,,-0.028743,-0.5377254478225206,0.0006725703396478,-5.288636163369035e-10,0.007652,2.9272442473368856,89.21,208121.0,18566474.41,0.029999999999994,89.21,89.15
2020-11-12,NTRS,58246,NORTHERN TRUST CORP,,,-0.018384,-0.031834096329575,0.0001141943587985,-3.5592624484041044e-10,-0.009979,2.834058071986969,87.57,208121.0,18225155.97,0.0049999999999954,87.57,87.56
2020-11-13,NTRS,58246,NORTHERN TRUST CORP,,,0.036885,0.3318718878586433,0.0001101321585902,5.171027388385465e-10,0.01361,3.774602274638312,90.8,208121.0,18897386.8,0.0049999999999954,90.8,90.79
2020-11-16,NTRS,58246,NORTHERN TRUST CORP,,,0.025771,-0.1330733960136155,0.0010736525660297,4.062801512279056e-10,0.011648,3.272303131351473,93.14,208121.0,19384389.94,0.0500000000000042,93.15,93.05
2020-11-17,NTRS,58246,NORTHERN TRUST CORP,,,0.006979,0.2356707070855388,0.0008529693997227,8.842284397953315e-11,-0.004792,4.043489124115299,93.79,208121.0,19519668.59,0.0399999999999991,93.78,93.7
2020-11-18,NTRS,58246,NORTHERN TRUST CORP,,,-0.011728,-0.3372717712275781,0.0008630920271873,-2.2687331777983262e-10,-0.011564,2.679734385285483,92.69,208121.0,19290735.49,0.0399999999999991,92.77,92.69
2020-11-19,NTRS,58246,NORTHERN TRUST CORP,,,0.007228,0.4030166269506141,0.0002142245072837,9.894340002211579e-11,0.003946,3.759711898366816,93.36,208121.0,19430176.56,0.0100000000000051,93.37,93.35
2020-11-20,NTRS,58246,NORTHERN TRUST CORP,,,-0.021101,-0.2424345825745231,0.0002188423241054,-3.895056379601887e-10,-0.006793,2.8482277136857888,91.39,208121.0,19020178.19,0.009999999999998,91.39,91.37
2020-11-23,NTRS,58246,NORTHERN TRUST CORP,,,0.023744,0.4474084645802123,0.0002137665669088,2.9578895327829156e-10,0.005636,4.122548901840756,93.56,208121.0,19471800.76,0.009999999999998,93.52,93.5
2020-11-24,NTRS,58246,NORTHERN TRUST CORP,,,0.043288,0.4049818820521009,0.0011269337158078,3.678923561284602e-10,0.016162,5.792106514960048,97.61,208121.0,20314690.81,0.0549999999999997,97.65,97.54
2020-11-25,NTRS,58246,NORTHERN TRUST CORP,,,-0.007479,-0.4502177178983275,0.000206440957886,-1.1648398497372483e-10,-0.001584,3.1843975379707,96.88,208121.0,20162762.48,0.009999999999998,96.86,96.84
2020-11-27,NTRS,58246,NORTHERN TRUST CORP,,,-0.007638,-0.1166445363189184,0.0005200748907842,-1.3570531368333894e-10,0.002397,2.812954963699002,96.14,208121.0,20008752.94,0.0249999999999985,96.14,96.09
2020-11-30,NTRS,58246,NORTHERN TRUST CORP,,,-0.031412,0.9715630257842458,0.0004295532646048,-2.9225589071613443e-10,-0.004595,5.545917999625218,93.12,208121.0,19380227.52,0.0200000000000031,93.12,93.08
2020-12-01,NTRS,58246,NORTHERN TRUST CORP,,,0.001611,0.2618776977046011,0.0001072156105929,1.1858969470044408e-11,0.011271,6.998270237025577,93.27,208121.0,19411445.67,0.0050000000000025,93.25,93.24
2020-12-02,NTRS,58246,NORTHERN TRUST CORP,,,0.006755,-0.2363165616994864,0.000212992545261,6.467549720341666e-11,0.001791,5.344463076767842,93.9,208121.0,19542561.9,0.0100000000000051,93.9,93.88
2020-12-03,NTRS,58246,NORTHERN TRUST CORP,,,-0.009691,0.0012802359086392,0.0001075384449939,-9.35743280340626e-11,-0.000624,5.351305250311117,92.99,208121.0,19353171.79,0.0049999999999954,92.99,92.98
2020-12-04,NTRS,58246,NORTHERN TRUST CORP,,,0.019572,0.0589762767807677,0.0003164223183208,1.7503270341454736e-10,0.008836,5.666905309891842,94.81,208121.0,19731952.01,0.0150000000000005,94.8,94.77
2020-12-07,NTRS,58246,NORTHERN TRUST CORP,,,-0.004113,-0.4879718704902993,0.0008472781190425,-7.213383678614778e-11,-0.001936,2.9016149259325106,94.42,208121.0,19650784.82,0.0399999999999991,94.42,94.34
2020-12-08,NTRS,58246,NORTHERN TRUST CORP,,,0.002224,0.1760246536189718,0.000739723132199,3.3092824495691046e-11,0.002787,3.412370688205419,94.63,208121.0,19694490.23,0.0349999999999965,94.63,94.56
2020-12-09,NTRS,58246,NORTHERN TRUST CORP,,,-0.0149,0.6468192839622295,0.0003218193520703,-1.3666557068339022e-10,-0.007949,5.619557853364149,93.22,208121.0,19401039.62,0.0150000000000005,93.25,93.22
2020-12-10,NTRS,58246,NORTHERN TRUST CORP,,,-0.008582,0.024989996135259,0.0004361098996947,-7.805249440429007e-11,-0.001285,5.759990582401584,91.72,208121.0,19088858.12,0.0200000000000031,91.73,91.69
2020-12-11,NTRS,58246,NORTHERN TRUST CORP,,,-0.017662,0.0833275635544619,0.0001109877913428,-1.5094461321842748e-10,-0.001265,6.239956563729753,90.1,208121.0,18751702.1,0.0049999999999954,90.1,90.09
2020-12-14,NTRS,58246,NORTHERN TRUST CORP,,,-0.01687,-0.2054254134627379,0.0009031384059606,-1.845641154089212e-10,-0.004359,4.958110906636043,88.58,208121.0,18435358.18,0.0399999999999991,88.64,88.56
2020-12-15,NTRS,58246,NORTHERN TRUST CORP,,,0.024272,0.1265768441699526,0.0006613027664497,2.3012388168132077e-10,0.012921,5.585692938242657,90.73,208121.0,18882818.33,0.029999999999994,90.74,90.68
2020-12-16,NTRS,58246,NORTHERN TRUST CORP,,,0.000661,-0.2820172043010752,0.0006608657341117,8.722810627301593e-12,0.001773,4.0104314317152046,90.79,208121.0,18895305.59,0.0300000000000011,90.8,90.74
2020-12-17,NTRS,58246,NORTHERN TRUST CORP,,,0.014429,0.1843743822297836,0.0006514657980454,1.5848223919892963e-10,0.005758,4.749852249412601,92.1,208121.0,19167944.1,0.029999999999994,92.1,92.04
2020-12-18,NTRS,58246,NORTHERN TRUST CORP,,,-0.002172,0.946182466334326,0.0001088139281828,-1.2284705495336142e-11,-0.003511,9.244079165485465,91.9,208121.0,19126319.9,0.0050000000000025,91.9,91.89
2020-12-21,NTRS,58246,NORTHERN TRUST CORP,,,-0.009249,-0.4811514397675123,0.000658978583196,-1.0176411341914446e-10,-0.003906,4.796277165687268,91.05,208121.0,18949417.05,0.0300000000000011,91.12,91.06
2020-12-22,NTRS,58246,NORTHERN TRUST CORP,,,-0.004942,0.0340030013844838,0.000110375275938,-5.284848817093424e-11,-0.002073,4.959364984792501,90.6,208121.0,18855762.6,0.0049999999999954,90.63,90.62
2020-12-23,NTRS,58246,NORTHERN TRUST CORP,,,0.015342,-0.4313431794665106,0.0008696597456245,2.8415096265217646e-10,0.000746,2.8201767241172204,91.99,208121.0,19145050.79,0.0399999999999991,92.03,91.95
2020-12-24,NTRS,58246,NORTHERN TRUST CORP,,,-0.004348,-0.54290913179927,0.0012010044764712,-1.7694842587762866e-10,0.003537,1.2890770273062304,91.59,208121.0,19061802.39,0.0549999999999997,91.69,91.58
2020-12-28,NTRS,58246,NORTHERN TRUST CORP,,,0.009717,1.325874819221422,0.0007569204152249,1.683849498505708e-10,0.008723,2.998231797848367,92.48,208121.0,19247030.08,0.0350000000000036,92.48,92.41
2020-12-29,NTRS,58246,NORTHERN TRUST CORP,,,-0.006163,-0.2002083350026843,0.0007616146230006,-1.343604402038349e-10,-0.002227,2.397960801649041,91.91,208121.0,19128401.11,0.0349999999999965,91.91,91.84
2020-12-30,NTRS,58246,NORTHERN TRUST CORP,,,0.000109,-0.233153530795526,0.0013054830287206,3.0984898397152458e-12,0.001342,1.8388677740352968,91.92,208121.0,19130482.32,0.0600000000000022,92.0,91.88
2020-12-31,NTRS,58246,NORTHERN TRUST CORP,,,0.013272,0.3336285983794391,0.0005368262830147,2.7918934099961567e-10,0.006439,2.450388642703168,93.14,208289.0,19400037.46,0.0249999999999985,93.14,93.09
